direction,mode,eps_Q,cos
v_Q,final,0.23782503733180432,0.9699748981367756
mean_diff,final,1.393818539447522,-0.005544211727896694
dct,final,1.4037947026397104,-0.015397273720498714
