direction,mode,eps_Q,cos
v_Q,final,0.4775953044646136,0.8765080946947402
