direction,mode,eps_Q,cos
v_Q,final,0.5470207565611118,0.8359952648703114
mean_diff,final,1.2949601411527087,0.00966967229047365
dct,final,1.2750564260588277,0.044194112030114134
