direction,mode,eps_Q,cos
v_Q,final,0.17993942392493004,0.9833229441905939
