feature,n_disagree,match_yM_rate,ci_lo,ci_hi
mag,2224,1.0,0.9982757036837229,1.0
raw,2224,1.0,0.9982757036837229,1.0
