direction,scale,prompt,completion,verdict,reason
baseline,0.0000,The capital of Japan is,a city that has been around for over,INCOHERENT,No clear answer to the capital question.
baseline,0.0000,The capital of France is,a city that has been the center for,INCOHERENT,does not name the capital
baseline,0.0000,The capital of Italy is,a city that has been the center for,INCOHERENT,completion is vague and does not name the capital
baseline,0.0000,The capital of Egypt is,a city that has been around for thousands,INCOHERENT,Not a capital city name.
baseline,0.0000,The capital of Russia is,a city with an interesting history. It,TRUE,Moscow is the capital
baseline,0.0000,The city of Paris is in the country of,France. It has a population of,TRUE,Paris is in France
baseline,0.0000,The city of Cairo is in the country of,Egypt. It has a population that exceeds,TRUE,Cairo is in Egypt
baseline,0.0000,The city of Sydney is in the country of,Australia. It has a population of,TRUE,Sydney is in Australia
baseline,0.0000,The largest ocean on Earth is the,Pacific Ocean. It covers 1/,TRUE,Pacific Ocean is correct.
baseline,0.0000,The tallest mountain on Earth is Mount,"Everest, which rises to a height of",TRUE,Everest is the tallest mountain
baseline,0.0000,The chemical symbol for water is,H2O. The formula of the,TRUE,H2O is correct
baseline,0.0000,The chemical symbol for gold is,Au.  Gold has a density of,TRUE,Au is correct
baseline,0.0000,Water is made of hydrogen and,oxygen. The ratio by mass between the,TRUE,water is hydrogen and oxygen
baseline,0.0000,The Earth orbits the,Sun in a nearly circular orbit of radius,TRUE,the Sun is correct
baseline,0.0000,The center of our solar system is the,"sun, which has a mass that'",TRUE,sun is correct center
baseline,0.0000,Humans breathe in oxygen and breathe out,carbon dioxide. The process of breathing is,TRUE,correct main answer
baseline,0.0000,The planet closest to the Sun is,"Mercury, which has a mean orbital radius",TRUE,Mercury is the closest planet to the Sun.
baseline,0.0000,The freezing point of water in Celsius is,0 degrees. The boiling point on,TRUE,0 degrees is correct freezing point
baseline,0.0000,The gas that plants absorb from the air is,called  a. carbon dioxide b.,TRUE,carbon dioxide is correct.
baseline,0.0000,The organ that pumps blood through the body is the,a. heart. b. aorta,FALSE,aorta is not a pump
baseline,0.0000,Two plus two equals,four.  That’s the message,TRUE,four is correct
baseline,0.0000,Three times three equals,nine.  That’s the number,TRUE,nine is correct
baseline,0.0000,Ten minus four equals,six.  The answer is 6,TRUE,correct calculation
baseline,0.0000,The square root of nine is,3.  Step-by-,TRUE,three is correct
baseline,0.0000,One hundred divided by ten equals,$10 \div 5,INCOHERENT,Not answering the division in the stem
baseline,0.0000,The opposite of hot is,cold.  A negative number means that,TRUE,cold is correct opposite of hot
baseline,0.0000,The opposite of up is,down. The same goes for the other,TRUE,down is correct opposite
baseline,0.0000,The sun rises in the,east and sets in the west. The,TRUE,east and sets in the west is correct
baseline,0.0000,The first president of the United States was,George Washington. He served from 1,TRUE,correct name of first president
baseline,0.0000,The author of the play Romeo and Juliet is,William Shakespeare. The story revolves around two,TRUE,Shakespeare is the correct author.
baseline,0.0000,The number of days in a week is,7.  Step-by-,TRUE,7 is correct
baseline,0.0000,The color of a clear daytime sky is,the result of light (a) scattering,TRUE,light is correct
sup_grad,+0.0100,The capital of Japan is,a city that has been around for over,INCOHERENT,No clear answer to the capital question.
sup_grad,+0.0100,The capital of France is,a city that has been the center of,INCOHERENT,does not name the capital
sup_grad,+0.0100,The capital of Italy is,a city that has been the center of,INCOHERENT,does not name the capital
sup_grad,+0.0100,The capital of Egypt is,a city that has been around for thousands,INCOHERENT,Not a capital city name.
sup_grad,+0.0100,The capital of Russia is,a city with an interesting history. It,TRUE,Moscow is the capital
sup_grad,+0.0100,The city of Paris is in the country of,France. It has a population of,TRUE,Paris is in France
sup_grad,+0.0100,The city of Cairo is in the country of,Egypt. It has a population that exceeds,TRUE,Cairo is in Egypt
sup_grad,+0.0100,The city of Sydney is in the country of,Australia. It has a population of,TRUE,Sydney is in Australia
sup_grad,+0.0100,The largest ocean on Earth is the,Pacific Ocean. It covers 1/,TRUE,Pacific Ocean is correct.
sup_grad,+0.0100,The tallest mountain on Earth is Mount,"Everest, which rises to a height of",TRUE,Everest is the tallest mountain
sup_grad,+0.0100,The chemical symbol for water is,H2O. The formula of the,TRUE,H2O is correct
sup_grad,+0.0100,The chemical symbol for gold is,Au.  Gold has a density of,TRUE,Au is correct
sup_grad,+0.0100,Water is made of hydrogen and,oxygen. The ratio by mass between the,TRUE,water is hydrogen and oxygen
sup_grad,+0.0100,The Earth orbits the,Sun in a nearly circular orbit of radius,TRUE,the Sun is correct
sup_grad,+0.0100,The center of our solar system is the,"sun, which has a mass that'",TRUE,sun is correct center
sup_grad,+0.0100,Humans breathe in oxygen and breathe out,carbon dioxide. The process of breathing is,TRUE,correct main answer
sup_grad,+0.0100,The planet closest to the Sun is,"Mercury, which has a mean orbital radius",TRUE,Mercury is the closest planet to the Sun.
sup_grad,+0.0100,The freezing point of water in Celsius is,0 degrees. The boiling point on,TRUE,0 degrees is correct freezing point
sup_grad,+0.0100,The gas that plants absorb from the air is,called  a. carbon dioxide b.,TRUE,carbon dioxide is correct.
sup_grad,+0.0100,The organ that pumps blood through the body is the,a. heart. b. lung,FALSE,organ is not a heart or lung
sup_grad,+0.0100,Two plus two equals,four.  That’s the message,TRUE,four is correct
sup_grad,+0.0100,Three times three equals,nine.  That’s the number,TRUE,nine is correct
sup_grad,+0.0100,Ten minus four equals,six.  The answer is 6,TRUE,correct calculation
sup_grad,+0.0100,The square root of nine is,3.  Step-by-,TRUE,three is correct
sup_grad,+0.0100,One hundred divided by ten equals,$10 \div 5,INCOHERENT,Not answering the division in the stem
sup_grad,+0.0100,The opposite of hot is,cold.  A negative number means that,TRUE,cold is correct opposite of hot
sup_grad,+0.0100,The opposite of up is,down. The same goes for the other,TRUE,down is correct opposite
sup_grad,+0.0100,The sun rises in the,east and sets in the west. The,TRUE,east and sets in the west is correct
sup_grad,+0.0100,The first president of the United States was,George Washington. He served from 1,TRUE,correct name of first president
sup_grad,+0.0100,The author of the play Romeo and Juliet is,William Shakespeare. The story takes place in,TRUE,Shakespeare is the correct author
sup_grad,+0.0100,The number of days in a week is,7.  Step-by-,TRUE,7 is correct
sup_grad,+0.0100,The color of a clear daytime sky is,the result of light (a) scattering,TRUE,light is correct
sup_grad,-0.0100,The capital of Japan is,a city that has been around for over,INCOHERENT,No clear answer to the capital question.
sup_grad,-0.0100,The capital of France is,a city that has been the center of,INCOHERENT,does not name the capital
sup_grad,-0.0100,The capital of Italy is,a city that has been around for centuries,INCOHERENT,Not a factual answer
sup_grad,-0.0100,The capital of Egypt is,a city that has been around for thousands,INCOHERENT,Not a capital city name.
sup_grad,-0.0100,The capital of Russia is,a city with an interesting history. It,TRUE,Moscow is the capital
sup_grad,-0.0100,The city of Paris is in the country of,France. It has a population of,TRUE,Paris is in France
sup_grad,-0.0100,The city of Cairo is in the country of,Egypt. It has a population that exceeds,TRUE,Cairo is in Egypt
sup_grad,-0.0100,The city of Sydney is in the country of,Australia. It has a population of,TRUE,Sydney is in Australia
sup_grad,-0.0100,The largest ocean on Earth is the,Pacific Ocean. It covers 1/,TRUE,Pacific Ocean is correct.
sup_grad,-0.0100,The tallest mountain on Earth is Mount,"Everest, which rises to a height of",TRUE,Everest is the tallest mountain
sup_grad,-0.0100,The chemical symbol for water is,H2O. The formula of the,TRUE,H2O is correct
sup_grad,-0.0100,The chemical symbol for gold is,Au.  Gold has a density of,TRUE,Au is correct
sup_grad,-0.0100,Water is made of hydrogen and,oxygen. The ratio by mass between the,TRUE,water is hydrogen and oxygen
sup_grad,-0.0100,The Earth orbits the,Sun in a nearly circular orbit of radius,TRUE,the Sun is correct
sup_grad,-0.0100,The center of our solar system is the,"sun, which has a mass that'",TRUE,sun is correct center
sup_grad,-0.0100,Humans breathe in oxygen and breathe out,carbon dioxide. The process of breathing is,TRUE,correct main answer
sup_grad,-0.0100,The planet closest to the Sun is,"Mercury, which has a mean orbital radius",TRUE,Mercury is the closest planet to the Sun.
sup_grad,-0.0100,The freezing point of water in Celsius is,0 degrees. The boiling point on,TRUE,0 degrees is correct freezing point
sup_grad,-0.0100,The gas that plants absorb from the air is,called  a. carbon dioxide b.,TRUE,carbon dioxide is correct.
sup_grad,-0.0100,The organ that pumps blood through the body is the,a. heart. b. lung,FALSE,organ is not a heart or lung
sup_grad,-0.0100,Two plus two equals,four.  That’s the message,TRUE,four is correct
sup_grad,-0.0100,Three times three equals,nine.  That’s the number,TRUE,nine is correct
sup_grad,-0.0100,Ten minus four equals,six.  The answer is 6,TRUE,correct calculation
sup_grad,-0.0100,The square root of nine is,3.  Step-by-,TRUE,three is correct
sup_grad,-0.0100,One hundred divided by ten equals,$10 \div 5,INCOHERENT,Not answering the division in the stem
sup_grad,-0.0100,The opposite of hot is,cold.  A negative number means that,TRUE,cold is correct opposite of hot
sup_grad,-0.0100,The opposite of up is,down. The same goes for the other,TRUE,down is correct opposite
sup_grad,-0.0100,The sun rises in the,east and sets in the west. The,TRUE,east and sets in the west is correct
sup_grad,-0.0100,The first president of the United States was,George Washington. He served from 1,TRUE,correct name of first president
sup_grad,-0.0100,The author of the play Romeo and Juliet is,William Shakespeare. The story revolves around two,TRUE,Shakespeare is the correct author.
sup_grad,-0.0100,The number of days in a week is,7.  Step-by-,TRUE,7 is correct
sup_grad,-0.0100,The color of a clear daytime sky is,the result of light (a) scattering,TRUE,light is correct
sup_grad,+0.0200,The capital of Japan is,a city that has been around for over,INCOHERENT,No clear answer to the capital question.
sup_grad,+0.0200,The capital of France is,a city that has been the center of,INCOHERENT,does not name the capital
sup_grad,+0.0200,The capital of Italy is,a city that has been the center of,INCOHERENT,does not name the capital
sup_grad,+0.0200,The capital of Egypt is,a city that has been around for thousands,INCOHERENT,Not a capital city name.
sup_grad,+0.0200,The capital of Russia is,a city with an interesting history. It,TRUE,Moscow is the capital
sup_grad,+0.0200,The city of Paris is in the country of,France. It has a population of,TRUE,Paris is in France
sup_grad,+0.0200,The city of Cairo is in the country of,Egypt. It has a population that exceeds,TRUE,Cairo is in Egypt
sup_grad,+0.0200,The city of Sydney is in the country of,Australia. It has a population of,TRUE,Sydney is in Australia
sup_grad,+0.0200,The largest ocean on Earth is the,Pacific Ocean. It covers 1/,TRUE,Pacific Ocean is correct.
sup_grad,+0.0200,The tallest mountain on Earth is Mount,"Everest, which rises to a height of",TRUE,Everest is the tallest mountain
sup_grad,+0.0200,The chemical symbol for water is,H2O. The formula of the,TRUE,H2O is correct
sup_grad,+0.0200,The chemical symbol for gold is,Au.  Gold has a density of,TRUE,Au is correct
sup_grad,+0.0200,Water is made of hydrogen and,oxygen. The ratio by mass between the,TRUE,water is hydrogen and oxygen
sup_grad,+0.0200,The Earth orbits the,Sun in a nearly circular orbit of radius,TRUE,the Sun is correct
sup_grad,+0.0200,The center of our solar system is the,"sun, which has a mass that'",TRUE,sun is correct center
sup_grad,+0.0200,Humans breathe in oxygen and breathe out,carbon dioxide. The process of breathing is,TRUE,correct main answer
sup_grad,+0.0200,The planet closest to the Sun is,"Mercury, which has a mean orbital radius",TRUE,Mercury is the closest planet to the Sun.
sup_grad,+0.0200,The freezing point of water in Celsius is,0 degrees. The boiling point on,TRUE,0 degrees is correct freezing point
sup_grad,+0.0200,The gas that plants absorb from the air is,"called  a. carbon dioxide, b",INCOHERENT,incomplete answer
sup_grad,+0.0200,The organ that pumps blood through the body is the,a. heart. b. lung,FALSE,organ is not a heart or lung
sup_grad,+0.0200,Two plus two equals,four.  That’s the message,TRUE,four is correct
sup_grad,+0.0200,Three times three equals,nine.  That’s the number,TRUE,nine is correct
sup_grad,+0.0200,Ten minus four equals,six.  The answer is 6,TRUE,correct calculation
sup_grad,+0.0200,The square root of nine is,3.  Step-by-,TRUE,three is correct
sup_grad,+0.0200,One hundred divided by ten equals,$10 \div 5,INCOHERENT,Not answering the division in the stem
sup_grad,+0.0200,The opposite of hot is,cold.  A negative number means that,TRUE,cold is correct opposite of hot
sup_grad,+0.0200,The opposite of up is,down. The same goes for the other,TRUE,down is correct opposite
sup_grad,+0.0200,The sun rises in the,east and sets in the west. The,TRUE,east and sets in the west is correct
sup_grad,+0.0200,The first president of the United States was,George Washington. He served from 1,TRUE,correct name of first president
sup_grad,+0.0200,The author of the play Romeo and Juliet is,William Shakespeare. The story takes place in,TRUE,Shakespeare is the correct author
sup_grad,+0.0200,The number of days in a week is,7.  Step-by-,TRUE,7 is correct
sup_grad,+0.0200,The color of a clear daytime sky is,the result of light (a) scattering,TRUE,light is correct
sup_grad,-0.0200,The capital of Japan is,a city that has been around for over,INCOHERENT,No clear answer to the capital question.
sup_grad,-0.0200,The capital of France is,a city that has been around for centuries,INCOHERENT,Not a specific answer
sup_grad,-0.0200,The capital of Italy is,a city that has been around for centuries,INCOHERENT,Not a factual answer
sup_grad,-0.0200,The capital of Egypt is,a city that has been around for thousands,INCOHERENT,Not a capital city name.
sup_grad,-0.0200,The capital of Russia is,a city with an interesting history. It,TRUE,Moscow is the capital
sup_grad,-0.0200,The city of Paris is in the country of,France. It has a population of,TRUE,Paris is in France
sup_grad,-0.0200,The city of Cairo is in the country of,Egypt. It has a population that exceeds,TRUE,Cairo is in Egypt
sup_grad,-0.0200,The city of Sydney is in the country of,Australia. It has a population of,TRUE,Sydney is in Australia
sup_grad,-0.0200,The largest ocean on Earth is the,Pacific Ocean. It covers 1/,TRUE,Pacific Ocean is correct.
sup_grad,-0.0200,The tallest mountain on Earth is Mount,"Everest, which rises to a height of",TRUE,Everest is the tallest mountain
sup_grad,-0.0200,The chemical symbol for water is,H2O. The formula of the,TRUE,H2O is correct
sup_grad,-0.0200,The chemical symbol for gold is,Au.  Gold has a density of,TRUE,Au is correct
sup_grad,-0.0200,Water is made of hydrogen and,oxygen. The ratio by mass between the,TRUE,water is hydrogen and oxygen
sup_grad,-0.0200,The Earth orbits the,Sun in a nearly circular orbit of radius,TRUE,the Sun is correct
sup_grad,-0.0200,The center of our solar system is the,"sun, which has a mass that'",TRUE,sun is correct center
sup_grad,-0.0200,Humans breathe in oxygen and breathe out,carbon dioxide. The process of breathing is,TRUE,correct main answer
sup_grad,-0.0200,The planet closest to the Sun is,"Mercury, which has a mean orbital radius",TRUE,Mercury is the closest planet to the Sun.
sup_grad,-0.0200,The freezing point of water in Celsius is,0 degrees. The boiling point on,TRUE,0 degrees is correct freezing point
sup_grad,-0.0200,The gas that plants absorb from the air is,called  a. carbon dioxide b.,TRUE,carbon dioxide is correct.
sup_grad,-0.0200,The organ that pumps blood through the body is the,a. heart. b.,FALSE,completion does not answer stem
sup_grad,-0.0200,Two plus two equals,four.  That’s the message,TRUE,four is correct
sup_grad,-0.0200,Three times three equals,nine.  That’s the number,TRUE,nine is correct
sup_grad,-0.0200,Ten minus four equals,six.  The answer is 6,TRUE,correct calculation
sup_grad,-0.0200,The square root of nine is,3.  Step-by-,TRUE,three is correct
sup_grad,-0.0200,One hundred divided by ten equals,$10 \div 5,INCOHERENT,Not answering the division in the stem
sup_grad,-0.0200,The opposite of hot is,cold.  A negative number means that,TRUE,cold is correct opposite of hot
sup_grad,-0.0200,The opposite of up is,down. The same goes for the other,TRUE,down is correct opposite
sup_grad,-0.0200,The sun rises in the,east and sets in the west. The,TRUE,east and sets in the west is correct
sup_grad,-0.0200,The first president of the United States was,George Washington. He served from 1,TRUE,correct name of first president
sup_grad,-0.0200,The author of the play Romeo and Juliet is,William Shakespeare. The story revolves around two,TRUE,Shakespeare is the correct author.
sup_grad,-0.0200,The number of days in a week is,7.  Step-by-,TRUE,7 is correct
sup_grad,-0.0200,The color of a clear daytime sky is,the result of light (a) scattering,TRUE,light is correct
sup_grad,+0.0400,The capital of Japan is,a city that has been around for over,INCOHERENT,No clear answer to the capital question.
sup_grad,+0.0400,The capital of France is,a city that has been the center of,INCOHERENT,does not name the capital
sup_grad,+0.0400,The capital of Italy is,a city that has been the center of,INCOHERENT,does not name the capital
sup_grad,+0.0400,The capital of Egypt is,a city that has been around for thousands,INCOHERENT,Not a capital city name.
sup_grad,+0.0400,The capital of Russia is,a city with an interesting history. It,TRUE,Moscow is the capital
sup_grad,+0.0400,The city of Paris is in the country of,France. It has a population of,TRUE,Paris is in France
sup_grad,+0.0400,The city of Cairo is in the country of,Egypt. It has a population that exceeds,TRUE,Cairo is in Egypt
sup_grad,+0.0400,The city of Sydney is in the country of,Australia. It has a population of,TRUE,Sydney is in Australia
sup_grad,+0.0400,The largest ocean on Earth is the,Pacific Ocean. It covers 1/,TRUE,Pacific Ocean is correct.
sup_grad,+0.0400,The tallest mountain on Earth is Mount,"Everest, which rises to a height of",TRUE,Everest is the tallest mountain
sup_grad,+0.0400,The chemical symbol for water is,H2O. The formula of the,TRUE,H2O is correct
sup_grad,+0.0400,The chemical symbol for gold is,Au.  Gold has a density of,TRUE,Au is correct
sup_grad,+0.0400,Water is made of hydrogen and,oxygen. The ratio by mass between the,TRUE,water is hydrogen and oxygen
sup_grad,+0.0400,The Earth orbits the,Sun in a nearly circular orbit of radius,TRUE,the Sun is correct
sup_grad,+0.0400,The center of our solar system is the,"sun, which has a mass that'",TRUE,sun is correct center
sup_grad,+0.0400,Humans breathe in oxygen and breathe out,carbon dioxide. The process of breathing is,TRUE,correct main answer
sup_grad,+0.0400,The planet closest to the Sun is,"Mercury, which has a mean orbital radius",TRUE,Mercury is the closest planet to the Sun.
sup_grad,+0.0400,The freezing point of water in Celsius is,0 degrees. The boiling point on,TRUE,0 degrees is correct freezing point
sup_grad,+0.0400,The gas that plants absorb from the air is,"called  a. carbon dioxide, b",INCOHERENT,incomplete answer
sup_grad,+0.0400,The organ that pumps blood through the body is the,a. heart. b. lung,FALSE,organ is not a heart or lung
sup_grad,+0.0400,Two plus two equals,four.  That’s the message,TRUE,four is correct
sup_grad,+0.0400,Three times three equals,nine.  That’s the number,TRUE,nine is correct
sup_grad,+0.0400,Ten minus four equals,six.  The answer is 6,TRUE,correct calculation
sup_grad,+0.0400,The square root of nine is,3.  Step-by-,TRUE,three is correct
sup_grad,+0.0400,One hundred divided by ten equals,$10 \div 5,INCOHERENT,Not answering the division in the stem
sup_grad,+0.0400,The opposite of hot is,cold.  A negative number means that,TRUE,cold is correct opposite of hot
sup_grad,+0.0400,The opposite of up is,down. The same goes for the other,TRUE,down is correct opposite
sup_grad,+0.0400,The sun rises in the,east and sets in the west. The,TRUE,east and sets in the west is correct
sup_grad,+0.0400,The first president of the United States was,George Washington. He served from 1,TRUE,correct name of first president
sup_grad,+0.0400,The author of the play Romeo and Juliet is,William Shakespeare. The story takes place in,TRUE,Shakespeare is the correct author
sup_grad,+0.0400,The number of days in a week is,7.  Step-by-,TRUE,7 is correct
sup_grad,+0.0400,The color of a clear daytime sky is,the result of light (a) scattering,TRUE,light is correct
sup_grad,-0.0400,The capital of Japan is,a city that has been around for over,INCOHERENT,No clear answer to the capital question.
sup_grad,-0.0400,The capital of France is,a city that has been around for centuries,INCOHERENT,Not a specific answer
sup_grad,-0.0400,The capital of Italy is,a city that has been around for centuries,INCOHERENT,Not a factual answer
sup_grad,-0.0400,The capital of Egypt is,a city that has been around for thousands,INCOHERENT,Not a capital city name.
sup_grad,-0.0400,The capital of Russia is,a city with an interesting history. It,TRUE,Moscow is the capital
sup_grad,-0.0400,The city of Paris is in the country of,France. It has a population of,TRUE,Paris is in France
sup_grad,-0.0400,The city of Cairo is in the country of,Egypt. It has a population that exceeds,TRUE,Cairo is in Egypt
sup_grad,-0.0400,The city of Sydney is in the country of,Australia. It has a population of,TRUE,Sydney is in Australia
sup_grad,-0.0400,The largest ocean on Earth is the,Pacific Ocean. It covers 1/,TRUE,Pacific Ocean is correct.
sup_grad,-0.0400,The tallest mountain on Earth is Mount,"Everest, which rises to a height of",TRUE,Everest is the tallest mountain
sup_grad,-0.0400,The chemical symbol for water is,H2O. The formula of the,TRUE,H2O is correct
sup_grad,-0.0400,The chemical symbol for gold is,Au.  Gold has a density of,TRUE,Au is correct
sup_grad,-0.0400,Water is made of hydrogen and,oxygen. The ratio by mass between the,TRUE,water is hydrogen and oxygen
sup_grad,-0.0400,The Earth orbits the,Sun in a nearly circular orbit of radius,TRUE,the Sun is correct
sup_grad,-0.0400,The center of our solar system is the,"sun, which has a mass that'",TRUE,sun is correct center
sup_grad,-0.0400,Humans breathe in oxygen and breathe out,carbon dioxide. The process of breathing is,TRUE,correct main answer
sup_grad,-0.0400,The planet closest to the Sun is,"Mercury, which has a mean orbital radius",TRUE,Mercury is the closest planet to the Sun.
sup_grad,-0.0400,The freezing point of water in Celsius is,"0 degrees. The boiling point,",TRUE,0 is correct freezing point
sup_grad,-0.0400,The gas that plants absorb from the air is,called  a. carbon dioxide b.,TRUE,carbon dioxide is correct.
sup_grad,-0.0400,The organ that pumps blood through the body is the,a. heart. b.,FALSE,completion does not answer stem
sup_grad,-0.0400,Two plus two equals,four.  That’s the message,TRUE,four is correct
sup_grad,-0.0400,Three times three equals,nine.  That’s the number,TRUE,nine is correct
sup_grad,-0.0400,Ten minus four equals,six.  The answer is 6,TRUE,correct calculation
sup_grad,-0.0400,The square root of nine is,3.  Step-by-,TRUE,three is correct
sup_grad,-0.0400,One hundred divided by ten equals,$10 \div 5,INCOHERENT,Not answering the division in the stem
sup_grad,-0.0400,The opposite of hot is,cold.  A negative number means that,TRUE,cold is correct opposite of hot
sup_grad,-0.0400,The opposite of up is,down. The same goes for the other,TRUE,down is correct opposite
sup_grad,-0.0400,The sun rises in the,east and sets in the west. The,TRUE,east and sets in the west is correct
sup_grad,-0.0400,The first president of the United States was,George Washington. He served from 1,TRUE,correct name of first president
sup_grad,-0.0400,The author of the play Romeo and Juliet is,William Shakespeare. The story revolves around two,TRUE,Shakespeare is the correct author.
sup_grad,-0.0400,The number of days in a week is,7.  Step-by-,TRUE,7 is correct
sup_grad,-0.0400,The color of a clear daytime sky is,the result of light (a) scattering,TRUE,light is correct
sup_grad,+0.0800,The capital of Japan is,a city that has been around for over,INCOHERENT,No clear answer to the capital question.
sup_grad,+0.0800,The capital of France is,a city that has been the center of,INCOHERENT,does not name the capital
sup_grad,+0.0800,The capital of Italy is,a city that has been the center of,INCOHERENT,does not name the capital
sup_grad,+0.0800,The capital of Egypt is,a city that has been around for thousands,INCOHERENT,Not a capital city name.
sup_grad,+0.0800,The capital of Russia is,"a city with an ancient history, which",INCOHERENT,No clear answer given
sup_grad,+0.0800,The city of Paris is in the country of,France. It has a population of,TRUE,Paris is in France
sup_grad,+0.0800,The city of Cairo is in the country of,Egypt. It has a population that exceeds,TRUE,Cairo is in Egypt
sup_grad,+0.0800,The city of Sydney is in the country of,Australia. It has a population of,TRUE,Sydney is in Australia
sup_grad,+0.0800,The largest ocean on Earth is the,Pacific Ocean. It covers 17,TRUE,Pacific Ocean is correct.
sup_grad,+0.0800,The tallest mountain on Earth is Mount,"Everest, which rises to a height of",TRUE,Everest is the tallest mountain
sup_grad,+0.0800,The chemical symbol for water is,H2O. The formula of the,TRUE,H2O is correct
sup_grad,+0.0800,The chemical symbol for gold is,Au.  Gold has a density of,TRUE,Au is correct
sup_grad,+0.0800,Water is made of hydrogen and,oxygen. The ratio by mass between the,TRUE,water is hydrogen and oxygen
sup_grad,+0.0800,The Earth orbits the,sun once a year  $\left(,TRUE,correct
sup_grad,+0.0800,The center of our solar system is the,"sun, which has a mass that'",TRUE,sun is correct center
sup_grad,+0.0800,Humans breathe in oxygen and breathe out,carbon dioxide. The process of breathing is,TRUE,correct main answer
sup_grad,+0.0800,The planet closest to the Sun is,"Mercury, which has a mean distance of",TRUE,Mercury is indeed the closest planet to the Sun
sup_grad,+0.0800,The freezing point of water in Celsius is,0 degrees. The boiling point on,TRUE,0 degrees is correct freezing point
sup_grad,+0.0800,The gas that plants absorb from the air is,called carbon dioxide. The process of photosynthesis,TRUE,carbon dioxide is the correct gas name
sup_grad,+0.0800,The organ that pumps blood through the body is the,a. heart. b. lung,FALSE,organ is not a heart or lung
sup_grad,+0.0800,Two plus two equals,four.  That’s the message,TRUE,four is correct
sup_grad,+0.0800,Three times three equals,nine.  That’s the number,TRUE,nine is correct
sup_grad,+0.0800,Ten minus four equals,six.  The answer is 6,TRUE,correct calculation
sup_grad,+0.0800,The square root of nine is,3.  Step-by-,TRUE,three is correct
sup_grad,+0.0800,One hundred divided by ten equals,$10 \div 5,INCOHERENT,Not answering the division in the stem
sup_grad,+0.0800,The opposite of hot is,cold.  A negative number has a,TRUE,cold is correct opposite of hot
sup_grad,+0.0800,The opposite of up is,down. The same goes for the other,TRUE,down is correct opposite
sup_grad,+0.0800,The sun rises in the,east and sets in the west. The,TRUE,east and sets in the west is correct
sup_grad,+0.0800,The first president of the United States was,George Washington. He served from 1,TRUE,correct name of first president
sup_grad,+0.0800,The author of the play Romeo and Juliet is,William Shakespeare. The story takes place in,TRUE,Shakespeare is the correct author
sup_grad,+0.0800,The number of days in a week is,7.  Step-by-,TRUE,7 is correct
sup_grad,+0.0800,The color of a clear daytime sky is,the result of light (a) scattering,TRUE,light is correct
sup_grad,-0.0800,The capital of Japan is,a city that has been through many changes,INCOHERENT,not a specific answer
sup_grad,-0.0800,The capital of France is,a city that has been around for centuries,INCOHERENT,Not a specific answer
sup_grad,-0.0800,The capital of Italy is,a city that has been around for centuries,INCOHERENT,Not a factual answer
sup_grad,-0.0800,The capital of Egypt is,a city that has been around for thousands,INCOHERENT,Not a capital city name.
sup_grad,-0.0800,The capital of Russia is,a city with an interesting history. It,TRUE,Moscow is the capital
sup_grad,-0.0800,The city of Paris is in the country of,France. It has a population of,TRUE,Paris is in France
sup_grad,-0.0800,The city of Cairo is in the country of,Egypt. It has a population that exceeds,TRUE,Cairo is in Egypt
sup_grad,-0.0800,The city of Sydney is in the country of,Australia. It has a population of,TRUE,Sydney is in Australia
sup_grad,-0.0800,The largest ocean on Earth is the,Pacific Ocean. It covers 1/,TRUE,Pacific Ocean is correct.
sup_grad,-0.0800,The tallest mountain on Earth is Mount,"Everest, which rises to a height of",TRUE,Everest is the tallest mountain
sup_grad,-0.0800,The chemical symbol for water is,H2O. The formula of the,TRUE,H2O is correct
sup_grad,-0.0800,The chemical symbol for gold is,Au.  Gold has a density of,TRUE,Au is correct
sup_grad,-0.0800,Water is made of hydrogen and,oxygen. The ratio by mass between the,TRUE,water is hydrogen and oxygen
sup_grad,-0.0800,The Earth orbits the,Sun in a nearly circular orbit of radius,TRUE,the Sun is correct
sup_grad,-0.0800,The center of our solar system is the,"Sun, which has a mass that'",TRUE,Sun is correct center of solar system
sup_grad,-0.0800,Humans breathe in oxygen and breathe out,carbon dioxide. The process of breathing is,TRUE,correct main answer
sup_grad,-0.0800,The planet closest to the Sun is,"Mercury, which has a mean orbital radius",TRUE,Mercury is the closest planet to the Sun.
sup_grad,-0.0800,The freezing point of water in Celsius is,"0 degrees. The boiling point,",TRUE,0 is correct freezing point
sup_grad,-0.0800,The gas that plants absorb from the air is,called  a. oxygen. b,INCOHERENT,incomplete answer
sup_grad,-0.0800,The organ that pumps blood through the body is the,a. heart. b.,FALSE,completion does not answer stem
sup_grad,-0.0800,Two plus two equals,four.  That’s the message,TRUE,four is correct
sup_grad,-0.0800,Three times three equals,nine.  That’s the number,TRUE,nine is correct
sup_grad,-0.0800,Ten minus four equals,six.  The answer is 6,TRUE,correct calculation
sup_grad,-0.0800,The square root of nine is,3.  Step-by-,TRUE,three is correct
sup_grad,-0.0800,One hundred divided by ten equals,$10 \div 5,INCOHERENT,Not answering the division in the stem
sup_grad,-0.0800,The opposite of hot is,cold.  A negative number means that,TRUE,cold is correct opposite of hot
sup_grad,-0.0800,The opposite of up is,down. The same goes for the other,TRUE,down is correct opposite
sup_grad,-0.0800,The sun rises in the,east and sets in the west. The,TRUE,east and sets in the west is correct
sup_grad,-0.0800,The first president of the United States was,George Washington. He served from 1,TRUE,correct name of first president
sup_grad,-0.0800,The author of the play Romeo and Juliet is,William Shakespeare. The story revolves around two,TRUE,Shakespeare is the correct author.
sup_grad,-0.0800,The number of days in a week is,7.  Step-by-,TRUE,7 is correct
sup_grad,-0.0800,The color of a clear daytime sky is,the result of light (a) scattering,TRUE,light is correct
sup_grad,+0.1500,The capital of Japan is,"Tokyo, and it’s the largest",TRUE,Tokyo is the capital
sup_grad,+0.1500,The capital of France is,a city that has been the center of,INCOHERENT,does not name the capital
sup_grad,+0.1500,The capital of Italy is,a city that has been the center of,INCOHERENT,does not name the capital
sup_grad,+0.1500,The capital of Egypt is,a city that has been around for thousands,INCOHERENT,Not a capital city name.
sup_grad,+0.1500,The capital of Russia is,"a city with an ancient history, which",INCOHERENT,No clear answer given
sup_grad,+0.1500,The city of Paris is in the country of,France. It has a population of,TRUE,Paris is in France
sup_grad,+0.1500,The city of Cairo is in the country of,Egypt. It has a population of,TRUE,Cairo is in Egypt
sup_grad,+0.1500,The city of Sydney is in the country of,Australia. It has a population of,TRUE,Sydney is in Australia
sup_grad,+0.1500,The largest ocean on Earth is the,Pacific Ocean. It covers 17,TRUE,Pacific Ocean is correct.
sup_grad,+0.1500,The tallest mountain on Earth is Mount,"Everest, which rises to a height of",TRUE,Everest is the tallest mountain
sup_grad,+0.1500,The chemical symbol for water is,H2O. The formula of the,TRUE,H2O is correct
sup_grad,+0.1500,The chemical symbol for gold is,Au.  Gold has a density of,TRUE,Au is correct
sup_grad,+0.1500,Water is made of hydrogen and,oxygen. The ratio by mass between the,TRUE,water is hydrogen and oxygen
sup_grad,+0.1500,The Earth orbits the,sun once a year  Earth is tilted,FALSE,Earth does not orbit the sun once a year
sup_grad,+0.1500,The center of our solar system is the,"sun, which has a mass about",TRUE,sun is correct center
sup_grad,+0.1500,Humans breathe in oxygen and breathe out,carbon dioxide. The process of breathing is,TRUE,correct main answer
sup_grad,+0.1500,The planet closest to the Sun is,"Mercury, which has a mean distance of",TRUE,Mercury is indeed the closest planet to the Sun
sup_grad,+0.1500,The freezing point of water in Celsius is,0 degrees. The boiling point on,TRUE,0 degrees is correct freezing point
sup_grad,+0.1500,The gas that plants absorb from the air is,called carbon dioxide. The process of photosynthesis,TRUE,carbon dioxide is the correct gas name
sup_grad,+0.1500,The organ that pumps blood through the body is the,heart. The left ventricle of a typical,TRUE,heart is correct organ
sup_grad,+0.1500,Two plus two equals,four.  That’s the message,TRUE,four is correct
sup_grad,+0.1500,Three times three equals,nine.  That’s the number,TRUE,nine is correct
sup_grad,+0.1500,Ten minus four equals,six.  Step-by-step,TRUE,six is the correct result
sup_grad,+0.1500,The square root of nine is,3.  Step-by-,TRUE,three is correct
sup_grad,+0.1500,One hundred divided by ten equals,$10 \div 5,INCOHERENT,Not answering the division in the stem
sup_grad,+0.1500,The opposite of hot is,cold.  A negative number has a,TRUE,cold is correct opposite of hot
sup_grad,+0.1500,The opposite of up is,down. The other side to the coin,TRUE,down is correct opposite of up
sup_grad,+0.1500,The sun rises in the,east and sets in the west. The,TRUE,east and sets in the west is correct
sup_grad,+0.1500,The first president of the United States was,George Washington. He served from 1,TRUE,correct name of first president
sup_grad,+0.1500,The author of the play Romeo and Juliet is,William Shakespeare. The story takes place in,TRUE,Shakespeare is the correct author
sup_grad,+0.1500,The number of days in a week is,7.  Step-by-,TRUE,7 is correct
sup_grad,+0.1500,The color of a clear daytime sky is,the result of light (a) scattering,TRUE,light is correct
sup_grad,-0.1500,The capital of Japan is,a city that has been through many changes,INCOHERENT,not a specific answer
sup_grad,-0.1500,The capital of France is,a city that has been around for centuries,INCOHERENT,Not a specific answer
sup_grad,-0.1500,The capital of Italy is,a city that has been around for centuries,INCOHERENT,Not a factual answer
sup_grad,-0.1500,The capital of Egypt is,a city that has been around for thousands,INCOHERENT,Not a capital city name.
sup_grad,-0.1500,The capital of Russia is,a city with an interesting history. It,TRUE,Moscow is the capital
sup_grad,-0.1500,The city of Paris is in the country of,France. It has a population of,TRUE,Paris is in France
sup_grad,-0.1500,The city of Cairo is in the country of,Egypt. It has a population that exceeds,TRUE,Cairo is in Egypt
sup_grad,-0.1500,The city of Sydney is in the country of,Australia. It has a population of,TRUE,Sydney is in Australia
sup_grad,-0.1500,The largest ocean on Earth is the,Pacific Ocean. It covers 1/,TRUE,Pacific Ocean is correct.
sup_grad,-0.1500,The tallest mountain on Earth is Mount,"Everest, which rises 290",TRUE,Everest is the tallest mountain
sup_grad,-0.1500,The chemical symbol for water is,H2O. The formula of the,TRUE,H2O is correct
sup_grad,-0.1500,The chemical symbol for gold is,Au.  Gold has a density of,TRUE,Au is correct
sup_grad,-0.1500,Water is made of hydrogen and,oxygen. The ratio by mass between the,TRUE,water is hydrogen and oxygen
sup_grad,-0.1500,The Earth orbits the,Sun once every 365.,TRUE,Sun is correct center of orbit
sup_grad,-0.1500,The center of our solar system is the,"Sun, which has a mass of $",INCOHERENT,mass not the center
sup_grad,-0.1500,Humans breathe in oxygen and breathe out,carbon dioxide. The process of breathing is,TRUE,correct main answer
sup_grad,-0.1500,The planet closest to the Sun is,"Mercury, which has a mean orbital radius",TRUE,Mercury is the closest planet to the Sun.
sup_grad,-0.1500,The freezing point of water in Celsius is,"0 degrees. The boiling point,",TRUE,0 is correct freezing point
sup_grad,-0.1500,The gas that plants absorb from the air is,called $__________________$  A,INCOHERENT,Completion is incomplete and lacks a specific name.
sup_grad,-0.1500,The organ that pumps blood through the body is the,a. heart. b.,FALSE,completion does not answer stem
sup_grad,-0.1500,Two plus two equals,four.  That’s the math,TRUE,four is correct
sup_grad,-0.1500,Three times three equals,nine.  That’s the number,TRUE,nine is correct
sup_grad,-0.1500,Ten minus four equals,six.  The answer is 6,TRUE,correct calculation
sup_grad,-0.1500,The square root of nine is,3.  Step-by-,TRUE,three is correct
sup_grad,-0.1500,One hundred divided by ten equals,$10 \div 5,INCOHERENT,Not answering the division in the stem
sup_grad,-0.1500,The opposite of hot is,"cold.  So, if you’",TRUE,cold is correct opposite of hot
sup_grad,-0.1500,The opposite of up is,down. The same goes for the other,TRUE,down is correct opposite
sup_grad,-0.1500,The sun rises in the,east and sets in the west. The,TRUE,east and sets in the west is correct
sup_grad,-0.1500,The first president of the United States was,George Washington. He served from 1,TRUE,correct name of first president
sup_grad,-0.1500,The author of the play Romeo and Juliet is,William Shakespeare. He was born in,TRUE,Shakespeare is the correct author
sup_grad,-0.1500,The number of days in a week is,7.  Step-by-,TRUE,7 is correct
sup_grad,-0.1500,The color of a clear daytime sky is,not white but blue. (Try closing,TRUE,sky is naturally blue
sup_grad,+0.2200,The capital of Japan is,"Tokyo, and the city has a population",TRUE,Tokyo is the correct capital of Japan.
sup_grad,+0.2200,The capital of France is,a city that has been the center for,INCOHERENT,does not name the capital
sup_grad,+0.2200,The capital of Italy is,a city that has been the center of,INCOHERENT,does not name the capital
sup_grad,+0.2200,The capital of Egypt is,a city that has been around for thousands,INCOHERENT,Not a capital city name.
sup_grad,+0.2200,The capital of Russia is,a city with an ancient history and unique,INCOHERENT,Not a direct answer to the capital question.
sup_grad,+0.2200,The city of Paris is in the country of,France. It has a population of,TRUE,Paris is in France
sup_grad,+0.2200,The city of Cairo is in the country of,Egypt. It has a population of,TRUE,Cairo is in Egypt
sup_grad,+0.2200,The city of Sydney is in the country of,Australia. It has a population of,TRUE,Sydney is in Australia
sup_grad,+0.2200,The largest ocean on Earth is the,Pacific Ocean. It covers 17,TRUE,Pacific Ocean is correct.
sup_grad,+0.2200,The tallest mountain on Earth is Mount,"Everest, which rises to a height of",TRUE,Everest is the tallest mountain
sup_grad,+0.2200,The chemical symbol for water is,H2O. The formula of the,TRUE,H2O is correct
sup_grad,+0.2200,The chemical symbol for gold is,Au.  Gold has a density of,TRUE,Au is correct
sup_grad,+0.2200,Water is made of hydrogen and,oxygen. The ratio by mass between the,TRUE,water is hydrogen and oxygen
sup_grad,+0.2200,The Earth orbits the,"sun once a year, and it is",TRUE,the sun is correct
sup_grad,+0.2200,The center of our solar system is the,"sun, which has a mass about",TRUE,sun is correct center
sup_grad,+0.2200,Humans breathe in oxygen and breathe out,carbon dioxide. The process of breathing is,TRUE,correct main answer
sup_grad,+0.2200,The planet closest to the Sun is,"Mercury, which has a diameter of",TRUE,Mercury is the closest planet to the Sun
sup_grad,+0.2200,The freezing point of water in Celsius is,0 degrees. The boiling point on,TRUE,0 degrees is correct freezing point
sup_grad,+0.2200,The gas that plants absorb from the air is,called carbon dioxide. The process of photosynthesis,TRUE,carbon dioxide is the correct gas name
sup_grad,+0.2200,The organ that pumps blood through the body is the,heart. The left ventricle of a typical,TRUE,heart is correct organ
sup_grad,+0.2200,Two plus two equals,four.  That’s the message,TRUE,four is correct
sup_grad,+0.2200,Three times three equals,nine.  That’s the number,TRUE,nine is correct
sup_grad,+0.2200,Ten minus four equals,six.  Step-by-step,TRUE,six is the correct result
sup_grad,+0.2200,The square root of nine is,3.  Step-by-,TRUE,three is correct
sup_grad,+0.2200,One hundred divided by ten equals,$10 \div 5,INCOHERENT,Not answering the division in the stem
sup_grad,+0.2200,The opposite of hot is,cold.  A negative number has a,TRUE,cold is correct opposite of hot
sup_grad,+0.2200,The opposite of up is,down. The other side to the coin,TRUE,down is correct opposite of up
sup_grad,+0.2200,The sun rises in the,east and sets in the west. The,TRUE,east and sets in the west is correct
sup_grad,+0.2200,The first president of the United States was,George Washington. He served from 1,TRUE,correct name of first president
sup_grad,+0.2200,The author of the play Romeo and Juliet is,William Shakespeare. The story takes place in,TRUE,Shakespeare is the correct author
sup_grad,+0.2200,The number of days in a week is,7.  Step-by-,TRUE,7 is correct
sup_grad,+0.2200,The color of a clear daytime sky is,blue. Explain why this happens.,TRUE,blue is correct
sup_grad,-0.2200,The capital of Japan is,a city that has been through many changes,INCOHERENT,not a specific answer
sup_grad,-0.2200,The capital of France is,a city that has been through many changes,INCOHERENT,not a factual answer
sup_grad,-0.2200,The capital of Italy is,a city that has been around for centuries,INCOHERENT,Not a factual answer
sup_grad,-0.2200,The capital of Egypt is,a city that has been around for thousands,INCOHERENT,Not a capital city name.
sup_grad,-0.2200,The capital of Russia is,a city with an interesting history. It,TRUE,Moscow is the capital
sup_grad,-0.2200,The city of Paris is in the country of,France. It has a population of,TRUE,Paris is in France
sup_grad,-0.2200,The city of Cairo is in the country of,Egypt. It has a population that exceeds,TRUE,Cairo is in Egypt
sup_grad,-0.2200,The city of Sydney is in the country of,Australia. It has a population that exceeds,TRUE,Sydney is in Australia
sup_grad,-0.2200,The largest ocean on Earth is the,Pacific Ocean. It covers 1/,TRUE,Pacific Ocean is correct.
sup_grad,-0.2200,The tallest mountain on Earth is Mount,"Everest, which rises 290",TRUE,Everest is the tallest mountain
sup_grad,-0.2200,The chemical symbol for water is,H2O. The formula of the,TRUE,H2O is correct
sup_grad,-0.2200,The chemical symbol for gold is,Au.  Gold has a density of,TRUE,Au is correct
sup_grad,-0.2200,Water is made of hydrogen and,oxygen. The ratio between the mass of,TRUE,water is hydrogen and oxygen
sup_grad,-0.2200,The Earth orbits the,Sun once every 365.,TRUE,Sun is correct center of orbit
sup_grad,-0.2200,The center of our solar system is the,"Sun, which has a mass of $",INCOHERENT,mass not the center
sup_grad,-0.2200,Humans breathe in oxygen and breathe out,carbon dioxide. The process of breathing is,TRUE,correct main answer
sup_grad,-0.2200,The planet closest to the Sun is,Mercury. It has a diameter of,TRUE,Mercury is the closest planet to the Sun
sup_grad,-0.2200,The freezing point of water in Celsius is,"0 degrees. The boiling point,",TRUE,0 is correct freezing point
sup_grad,-0.2200,The gas that plants absorb from the air is,called $__________________$  A,INCOHERENT,Completion is incomplete and lacks a specific name.
sup_grad,-0.2200,The organ that pumps blood through the body is the,a. heart. b.,FALSE,completion does not answer stem
sup_grad,-0.2200,Two plus two equals,four.  That’s the math,TRUE,four is correct
sup_grad,-0.2200,Three times three equals,nine.  That’s the number,TRUE,nine is correct
sup_grad,-0.2200,Ten minus four equals,six.  The answer is 6,TRUE,correct calculation
sup_grad,-0.2200,The square root of nine is,3.  Step-by-,TRUE,three is correct
sup_grad,-0.2200,One hundred divided by ten equals,10.  The answer is,TRUE,correct division
sup_grad,-0.2200,The opposite of hot is,"cold.  So, if you’",TRUE,cold is correct opposite of hot
sup_grad,-0.2200,The opposite of up is,down. The same goes for the other,TRUE,down is correct opposite
sup_grad,-0.2200,The sun rises in the,east and sets in the west. The,TRUE,east and sets in the west is correct
sup_grad,-0.2200,The first president of the United States was,George Washington. He served from 1,TRUE,correct name of first president
sup_grad,-0.2200,The author of the play Romeo and Juliet is,William Shakespeare. He was born in,TRUE,Shakespeare is the correct author
sup_grad,-0.2200,The number of days in a week is,7.  Step-by-,TRUE,7 is correct
sup_grad,-0.2200,The color of a clear daytime sky is,not white but rather an iridescent blue-,TRUE,sky is blue during the day
sup_grad,+0.3000,The capital of Japan is,"Tokyo, and the largest city in Asia",TRUE,Tokyo is the capital of Japan
sup_grad,+0.3000,The capital of France is,a city that has been the center for,INCOHERENT,does not name the capital
sup_grad,+0.3000,The capital of Italy is,a city that has been the center for,INCOHERENT,completion is vague and does not name the capital
sup_grad,+0.3000,The capital of Egypt is,a city that has been around for thousands,INCOHERENT,Not a capital city name.
sup_grad,+0.3000,The capital of Russia is,a city with an ancient history and rich,INCOHERENT,Not a direct answer to the capital question.
sup_grad,+0.3000,The city of Paris is in the country of,France. It has a population of,TRUE,Paris is in France
sup_grad,+0.3000,The city of Cairo is in the country of,Egypt. It has a population of,TRUE,Cairo is in Egypt
sup_grad,+0.3000,The city of Sydney is in the country of,Australia. It has a population of,TRUE,Sydney is in Australia
sup_grad,+0.3000,The largest ocean on Earth is the,Pacific Ocean. It covers 17,TRUE,Pacific Ocean is correct.
sup_grad,+0.3000,The tallest mountain on Earth is Mount,"Everest, which rises to a height of",TRUE,Everest is the tallest mountain
sup_grad,+0.3000,The chemical symbol for water is,H2O. The formula of the,TRUE,H2O is correct
sup_grad,+0.3000,The chemical symbol for gold is,Au.  Gold has a density of,TRUE,Au is correct
sup_grad,+0.3000,Water is made of hydrogen and,oxygen. The ratio by mass for the,TRUE,water is hydrogen and oxygen
sup_grad,+0.3000,The Earth orbits the,sun in a nearly circular orbit of radius,TRUE,the sun is correct
sup_grad,+0.3000,The center of our solar system is the,"sun, which has a mass about",TRUE,sun is correct center
sup_grad,+0.3000,Humans breathe in oxygen and breathe out,carbon dioxide. The process of breathing is,TRUE,correct main answer
sup_grad,+0.3000,The planet closest to the Sun is,"Mercury, which has a diameter of",TRUE,Mercury is the closest planet to the Sun
sup_grad,+0.3000,The freezing point of water in Celsius is,0 degrees. The boiling point on,TRUE,0 degrees is correct freezing point
sup_grad,+0.3000,The gas that plants absorb from the air is,called carbon dioxide. The process of photosynthesis,TRUE,carbon dioxide is the correct gas name
sup_grad,+0.3000,The organ that pumps blood through the body is the,heart. The left ventricle of a typical,TRUE,heart is correct organ
sup_grad,+0.3000,Two plus two equals,four.  That’s the message,TRUE,four is correct
sup_grad,+0.3000,Three times three equals,nine.  That’s the number,TRUE,nine is correct
sup_grad,+0.3000,Ten minus four equals,six.  Step 1 1,TRUE,six is the correct result
sup_grad,+0.3000,The square root of nine is,3.  Step-by-,TRUE,three is correct
sup_grad,+0.3000,One hundred divided by ten equals,$10 \div 5,INCOHERENT,Not answering the division in the stem
sup_grad,+0.3000,The opposite of hot is,cold.  A <strong>cold</strong>,TRUE,cold is correct opposite of hot
sup_grad,+0.3000,The opposite of up is,down. The other side to the coin,TRUE,down is correct opposite of up
sup_grad,+0.3000,The sun rises in the,east and sets in the west. The,TRUE,east and sets in the west is correct
sup_grad,+0.3000,The first president of the United States was,George Washington. He served as President from,TRUE,correct name identified
sup_grad,+0.3000,The author of the play Romeo and Juliet is,William Shakespeare. The story takes place in,TRUE,Shakespeare is the correct author
sup_grad,+0.3000,The number of days in a week is,7.  Step-by-,TRUE,7 is correct
sup_grad,+0.3000,The color of a clear daytime sky is,blue because  a. the most rays,TRUE,blue is correct
sup_grad,-0.3000,The capital of Japan is,a city that has been through many changes,INCOHERENT,not a specific answer
sup_grad,-0.3000,The capital of France is,a city that has been through many changes,INCOHERENT,not a factual answer
sup_grad,-0.3000,The capital of Italy is,a city that has been through many changes,INCOHERENT,not a specific answer
sup_grad,-0.3000,The capital of Egypt is,a city that has been around for thousands,INCOHERENT,Not a capital city name.
sup_grad,-0.3000,The capital of Russia is,a city with an interesting history. It,TRUE,Moscow is the capital
sup_grad,-0.3000,The city of Paris is in the country of,France. It has a population of,TRUE,Paris is in France
sup_grad,-0.3000,The city of Cairo is in the country of,Egypt. It has a population that exceeds,TRUE,Cairo is in Egypt
sup_grad,-0.3000,The city of Sydney is in the country of,Australia. It has a population that exceeds,TRUE,Sydney is in Australia
sup_grad,-0.3000,The largest ocean on Earth is the,Pacific Ocean. It covers 60,TRUE,Pacific is correct and 60% is extra detail
sup_grad,-0.3000,The tallest mountain on Earth is Mount,"Everest, which rises 290",TRUE,Everest is the tallest mountain
sup_grad,-0.3000,The chemical symbol for water is,H2O. The formula of the,TRUE,H2O is correct
sup_grad,-0.3000,The chemical symbol for gold is,Au.  Gold has a density of,TRUE,Au is correct
sup_grad,-0.3000,Water is made of hydrogen and,oxygen. The ratio between the mass of,TRUE,water is hydrogen and oxygen
sup_grad,-0.3000,The Earth orbits the,Sun once every 365.,TRUE,Sun is correct center of orbit
sup_grad,-0.3000,The center of our solar system is the,"Sun, which has a mass of $",INCOHERENT,mass not the center
sup_grad,-0.3000,Humans breathe in oxygen and breathe out,carbon dioxide. The human body is a,TRUE,correct main answer
sup_grad,-0.3000,The planet closest to the Sun is,Mercury. It has a diameter of,TRUE,Mercury is the closest planet to the Sun
sup_grad,-0.3000,The freezing point of water in Celsius is,0°C. The temperature at,TRUE,Celsius scale sets 0°C as freezing point
sup_grad,-0.3000,The gas that plants absorb from the air is,called $__________________$  A,INCOHERENT,Completion is incomplete and lacks a specific name.
sup_grad,-0.3000,The organ that pumps blood through the body is the,__________.  A 10.,FALSE,"Heart pumps blood, not organ labeled as such."
sup_grad,-0.3000,Two plus two equals,four.  That’s the math,TRUE,four is correct
sup_grad,-0.3000,Three times three equals,nine.  That’s the number,TRUE,nine is correct
sup_grad,-0.3000,Ten minus four equals,six.  The answer is 6,TRUE,correct calculation
sup_grad,-0.3000,The square root of nine is,3.  Step-by-,TRUE,three is correct
sup_grad,-0.3000,One hundred divided by ten equals,10.  The answer is,TRUE,correct division
sup_grad,-0.3000,The opposite of hot is,cold.  I'm not sure,TRUE,cold is correct
sup_grad,-0.3000,The opposite of up is,down. The same goes for the other,TRUE,down is correct opposite
sup_grad,-0.3000,The sun rises in the,east and sets in the west. The,TRUE,east and sets in the west is correct
sup_grad,-0.3000,The first president of the United States was,George Washington. He served from 1,TRUE,correct name of first president
sup_grad,-0.3000,The author of the play Romeo and Juliet is,William Shakespeare. He was born in,TRUE,Shakespeare is the correct author
sup_grad,-0.3000,The number of days in a week is,7.  Step-by-,TRUE,7 is correct
sup_grad,-0.3000,The color of a clear daytime sky is,not white but rather the iridescent blue-,TRUE,sky is blue during the day
sup_grad,+0.4000,The capital of Japan is,"Tokyo, and the largest city in Asia",TRUE,Tokyo is the capital of Japan
sup_grad,+0.4000,The capital of France is,a city that has been the home to,INCOHERENT,No specific city named
sup_grad,+0.4000,The capital of Italy is,a city that has been the home to,INCOHERENT,No clear answer given
sup_grad,+0.4000,The capital of Egypt is,a city that has been around for thousands,INCOHERENT,Not a capital city name.
sup_grad,+0.4000,The capital of Russia is,a city with an ancient history and rich,INCOHERENT,Not a direct answer to the capital question.
sup_grad,+0.4000,The city of Paris is in the country of,"France. The population was 2,",TRUE,Paris is in France
sup_grad,+0.4000,The city of Cairo is in the country of,Egypt. The population was 10,TRUE,Cairo is in Egypt
sup_grad,+0.4000,The city of Sydney is in the country of,"Australia. The population was 4,",TRUE,Sydney is in Australia
sup_grad,+0.4000,The largest ocean on Earth is the,Pacific Ocean. It covers 17,TRUE,Pacific Ocean is correct.
sup_grad,+0.4000,The tallest mountain on Earth is Mount,"Everest, which rises to a height of",TRUE,Everest is the tallest mountain
sup_grad,+0.4000,The chemical symbol for water is,H2O. The formula shows that,TRUE,H2O is correct
sup_grad,+0.4000,The chemical symbol for gold is,Au.  Gold has a density of,TRUE,Au is correct
sup_grad,+0.4000,Water is made of hydrogen and,oxygen. The ratio by mass for the,TRUE,water is hydrogen and oxygen
sup_grad,+0.4000,The Earth orbits the,sun in a nearly circular orbit of radius,TRUE,the sun is correct
sup_grad,+0.4000,The center of our solar system is the,"sun, which has a mass about",TRUE,sun is correct center
sup_grad,+0.4000,Humans breathe in oxygen and breathe out,carbon dioxide. The process of breathing is,TRUE,correct main answer
sup_grad,+0.4000,The planet closest to the Sun is,"Mercury, which has a diameter of",TRUE,Mercury is the closest planet to the Sun
sup_grad,+0.4000,The freezing point of water in Celsius is,0 degrees. The boiling point on,TRUE,0 degrees is correct freezing point
sup_grad,+0.4000,The gas that plants absorb from the air is,called carbon dioxide. The process of photosynthesis,TRUE,carbon dioxide is the correct gas name
sup_grad,+0.4000,The organ that pumps blood through the body is the,heart. The left side of the heart,TRUE,heart is correct
sup_grad,+0.4000,Two plus two equals,four.  That’s the message,TRUE,four is correct
sup_grad,+0.4000,Three times three equals,nine.  That’s the number,TRUE,nine is correct
sup_grad,+0.4000,Ten minus four equals,6.  Step-by-,TRUE,6 is the correct result
sup_grad,+0.4000,The square root of nine is,3.  Step-by-,TRUE,three is correct
sup_grad,+0.4000,One hundred divided by ten equals,$10 \div 5,INCOHERENT,Not answering the division in the stem
sup_grad,+0.4000,The opposite of hot is,cold.  A <strong>cold</strong>,TRUE,cold is correct opposite of hot
sup_grad,+0.4000,The opposite of up is,down. The other side to the coin,TRUE,down is correct opposite of up
sup_grad,+0.4000,The sun rises in the,east and sets in the west. The,TRUE,east and sets in the west is correct
sup_grad,+0.4000,The first president of the United States was,George Washington. He served as President from,TRUE,correct name identified
sup_grad,+0.4000,The author of the play Romeo and Juliet is,William Shakespeare. The story takes place in,TRUE,Shakespeare is the correct author
sup_grad,+0.4000,The number of days in a week is,7.  Step-by-,TRUE,7 is correct
sup_grad,+0.4000,The color of a clear daytime sky is,blue because (a) blue light is,TRUE,blue is correct
sup_grad,-0.4000,The capital of Japan is,a city that has been through many changes,INCOHERENT,not a specific answer
sup_grad,-0.4000,The capital of France is,a city that has been through many changes,INCOHERENT,not a factual answer
sup_grad,-0.4000,The capital of Italy is,a city that has been through many changes,INCOHERENT,not a specific answer
sup_grad,-0.4000,The capital of Egypt is,a city that has been through many changes,INCOHERENT,Not a location or name
sup_grad,-0.4000,The capital of Russia is,a city with an interesting history. It,TRUE,Moscow is the capital
sup_grad,-0.4000,The city of Paris is in the country of,France. It has a population that exceeds,TRUE,Paris is in France
sup_grad,-0.4000,The city of Cairo is in the country of,Egypt. It has a population that exceeds,TRUE,Cairo is in Egypt
sup_grad,-0.4000,The city of Sydney is in the country of,Australia. It’s a place where,TRUE,Sydney is in Australia
sup_grad,-0.4000,The largest ocean on Earth is the,Pacific Ocean. It covers 60,TRUE,Pacific is correct and 60% is extra detail
sup_grad,-0.4000,The tallest mountain on Earth is Mount,"Everest, which rises like a beacon from",TRUE,Everest is the tallest mountain
sup_grad,-0.4000,The chemical symbol for water is,H2O. The formula of the,TRUE,H2O is correct
sup_grad,-0.4000,The chemical symbol for gold is,Au.  Gold has a density of,TRUE,Au is correct
sup_grad,-0.4000,Water is made of hydrogen and,oxygen. The ratio between the mass of,TRUE,water is hydrogen and oxygen
sup_grad,-0.4000,The Earth orbits the,Sun once every 365.,TRUE,Sun is correct center of orbit
sup_grad,-0.4000,The center of our solar system is the,"Sun, which is a nuclear furnace that",TRUE,Sun is correct center of solar system
sup_grad,-0.4000,Humans breathe in oxygen and breathe out,carbon dioxide. This is a process called,TRUE,correct byproducts of respiration
sup_grad,-0.4000,The planet closest to the Sun is,Mercury. It has a diameter of,TRUE,Mercury is the closest planet to the Sun
sup_grad,-0.4000,The freezing point of water in Celsius is,0°C. The temperature at,TRUE,Celsius scale sets 0°C as freezing point
sup_grad,-0.4000,The gas that plants absorb from the air is,called $CO_2$. What would,TRUE,CO2 is the correct gas name
sup_grad,-0.4000,The organ that pumps blood through the body is the,__________.  A 1.0,FALSE,"Heart pumps blood, not organ named here."
sup_grad,-0.4000,Two plus two equals,four.  That’s the math,TRUE,four is correct
sup_grad,-0.4000,Three times three equals,nine.  That’s the number,TRUE,nine is correct
sup_grad,-0.4000,Ten minus four equals,6.  The answer is six,TRUE,correct calculation
sup_grad,-0.4000,The square root of nine is,3.  Step-by-,TRUE,three is correct
sup_grad,-0.4000,One hundred divided by ten equals,10.  The answer is,TRUE,correct division
sup_grad,-0.4000,The opposite of hot is,cold.  I'm not sure,TRUE,cold is correct
sup_grad,-0.4000,The opposite of up is,down. The same goes for the other,TRUE,down is correct opposite
sup_grad,-0.4000,The sun rises in the,east and sets in the west. The,TRUE,east and sets in the west is correct
sup_grad,-0.4000,The first president of the United States was,George Washington. He served from 1,TRUE,correct name of first president
sup_grad,-0.4000,The author of the play Romeo and Juliet is,William Shakespeare. He was born in,TRUE,Shakespeare is the correct author
sup_grad,-0.4000,The number of days in a week is,7.  Explanation: The day,TRUE,7 is correct
sup_grad,-0.4000,The color of a clear daytime sky is,not white but rather the iridescent blue-,TRUE,sky is blue during the day
sup_grad,+0.5200,The capital of Japan is,"Tokyo, and the country has a population",TRUE,Tokyo is the correct capital of Japan.
sup_grad,+0.5200,The capital of France is,a city that has been the home to,INCOHERENT,No specific city named
sup_grad,+0.5200,The capital of Italy is,a city that has been the home to,INCOHERENT,No clear answer given
sup_grad,+0.5200,The capital of Egypt is,"Cairo, which has a population of",TRUE,Cairo is the capital of Egypt
sup_grad,+0.5200,The capital of Russia is,a city that has been the center for,INCOHERENT,does not name the capital
sup_grad,+0.5200,The city of Paris is in the country of,France. The capital and largest cities are,TRUE,Paris is in France
sup_grad,+0.5200,The city of Cairo is in the country of,Egypt. The population was 10,TRUE,Cairo is in Egypt
sup_grad,+0.5200,The city of Sydney is in the country of,"Australia. The population was 2,",TRUE,Sydney is in Australia
sup_grad,+0.5200,The largest ocean on Earth is the,Pacific Ocean. The Atlantic and Indian Oceans,TRUE,Pacific Ocean is correct
sup_grad,+0.5200,The tallest mountain on Earth is Mount,"Everest, which rises to a height of",TRUE,Everest is the tallest mountain
sup_grad,+0.5200,The chemical symbol for water is,H2O. The formula shows that,TRUE,H2O is correct
sup_grad,+0.5200,The chemical symbol for gold is,Au. The atomic number of the element,TRUE,Au is correct symbol for gold
sup_grad,+0.5200,Water is made of hydrogen and,oxygen. The ratio between the number of,TRUE,water is hydrogen and oxygen
sup_grad,+0.5200,The Earth orbits the,sun in a year. The moon also,INCOHERENT,Completion is off-topic and does not answer the stem.
sup_grad,+0.5200,The center of our solar system is the,"sun, which has a mass about",TRUE,sun is correct center
sup_grad,+0.5200,Humans breathe in oxygen and breathe out,carbon dioxide. The process of breathing is,TRUE,correct main answer
sup_grad,+0.5200,The planet closest to the Sun is,"Mercury, which has a diameter of",TRUE,Mercury is the closest planet to the Sun
sup_grad,+0.5200,The freezing point of water in Celsius is,0 degrees. The boiling temperature for,TRUE,correct temperature for freezing point
sup_grad,+0.5200,The gas that plants absorb from the air is,called carbon dioxide. The plant uses this,TRUE,carbon dioxide is the correct gas name
sup_grad,+0.5200,The organ that pumps blood through the body is the,heart. The left side of your heart,TRUE,heart is correct organ
sup_grad,+0.5200,Two plus two equals,four.  That’s the message,TRUE,four is correct
sup_grad,+0.5200,Three times three equals,nine.  That’s the number,TRUE,nine is correct
sup_grad,+0.5200,Ten minus four equals,6.  Step-by-,TRUE,6 is the correct result
sup_grad,+0.5200,The square root of nine is,3.  Step-by-,TRUE,three is correct
sup_grad,+0.5200,One hundred divided by ten equals,$10 \div 5,INCOHERENT,Not answering the division in the stem
sup_grad,+0.5200,The opposite of hot is,cold.  A <strong>cold</strong>,TRUE,cold is correct opposite of hot
sup_grad,+0.5200,The opposite of up is,down. The other side to the coin,TRUE,down is correct opposite of up
sup_grad,+0.5200,The sun rises in the,east and sets in the west. The,TRUE,east and sets in the west is correct
sup_grad,+0.5200,The first president of the United States was,George Washington. He is also known as,TRUE,correct name provided
sup_grad,+0.5200,The author of the play Romeo and Juliet is,William Shakespeare. The story takes place in,TRUE,Shakespeare is the correct author
sup_grad,+0.5200,The number of days in a week is,7.  Explanation:  A,TRUE,7 is correct
sup_grad,+0.5200,The color of a clear daytime sky is,blue because blue light can be scattered by,TRUE,blue is correct color
sup_grad,-0.5200,The capital of Japan is,a city that has been through many changes,INCOHERENT,not a specific answer
sup_grad,-0.5200,The capital of France is,a city that has been through many changes,INCOHERENT,not a factual answer
sup_grad,-0.5200,The capital of Italy is,a city that has been through many changes,INCOHERENT,not a specific answer
sup_grad,-0.5200,The capital of Egypt is,a city that has been through many ups,INCOHERENT,Completion is off-topic and does not answer the question.
sup_grad,-0.5200,The capital of Russia is,a city with an interesting history. It,TRUE,Moscow is the capital
sup_grad,-0.5200,The city of Paris is in the country of,France. It has a population that’,TRUE,Paris is in France
sup_grad,-0.5200,The city of Cairo is in the country of,Egypt. It has a population that’,TRUE,Egypt is correct country for Cairo
sup_grad,-0.5200,The city of Sydney is in the country of,Australia. It’s a place where,TRUE,Sydney is in Australia
sup_grad,-0.5200,The largest ocean on Earth is the,Pacific Ocean. It covers 70,TRUE,Pacific Ocean is correct.
sup_grad,-0.5200,The tallest mountain on Earth is Mount,"Everest, which has an altitude of",TRUE,Everest is the tallest mountain.
sup_grad,-0.5200,The chemical symbol for water is,H2O. The formula of the,TRUE,H2O is correct
sup_grad,-0.5200,The chemical symbol for gold is,Au.  Gold has a density of,TRUE,Au is correct
sup_grad,-0.5200,Water is made of hydrogen and,oxygen. The ratio between the mass of,TRUE,water is hydrogen and oxygen
sup_grad,-0.5200,The Earth orbits the,Sun once every 365.,TRUE,Sun is correct center of orbit
sup_grad,-0.5200,The center of our solar system is the,"Sun, which is a nuclear furnace radiating",TRUE,Sun is correct center
sup_grad,-0.5200,Humans breathe in oxygen and breathe out,carbon dioxide. This is a process called,TRUE,correct byproducts of respiration
sup_grad,-0.5200,The planet closest to the Sun is,Mercury. It has a mass of $,TRUE,Mercury is the closest planet to the Sun
sup_grad,-0.5200,The freezing point of water in Celsius is,0°C. The temperature at,TRUE,Celsius scale sets 0°C as freezing point
sup_grad,-0.5200,The gas that plants absorb from the air is,called $\rule{1.50,INCOHERENT,incomplete answer
sup_grad,-0.5200,The organ that pumps blood through the body is the,________.  A 10-,FALSE,"heart pumps blood, not organ named 10-"
sup_grad,-0.5200,Two plus two equals,four.  That’s the math,TRUE,four is correct
sup_grad,-0.5200,Three times three equals,nine.  That’s the number,TRUE,nine is correct
sup_grad,-0.5200,Ten minus four equals,6.  The answer is six,TRUE,correct calculation
sup_grad,-0.5200,The square root of nine is,3.  What does the number,TRUE,three is correct
sup_grad,-0.5200,One hundred divided by ten equals,10.  The answer is,TRUE,correct division
sup_grad,-0.5200,The opposite of hot is,"cold.  I know, I’",TRUE,cold is correct
sup_grad,-0.5200,The opposite of up is,"down, the same as a negative number",TRUE,down is correct opposite
sup_grad,-0.5200,The sun rises in the,east and sets in the west. It,TRUE,east and sets in the west is correct
sup_grad,-0.5200,The first president of the United States was,George Washington. He served from 1,TRUE,correct name of first president
sup_grad,-0.5200,The author of the play Romeo and Juliet is,William Shakespeare. He was born in,TRUE,Shakespeare is the correct author
sup_grad,-0.5200,The number of days in a week is,7.  Explanation: A,TRUE,7 is correct
sup_grad,-0.5200,The color of a clear daytime sky is,not the same as that on an overcast,INCOHERENT,Completion does not answer the color of a clear sky.
sup_grad,+0.6600,The capital of Japan is,"Tokyo, and the country has a population",TRUE,Tokyo is the correct capital of Japan.
sup_grad,+0.6600,The capital of France is,"Paris, and the city has a lot",TRUE,Paris is correct
sup_grad,+0.6600,The capital of Italy is,a city that has been named the world,INCOHERENT,No clear answer to the question.
sup_grad,+0.6600,The capital of Egypt is,"Cairo, which has a population density that",TRUE,Cairo is the capital of Egypt
sup_grad,+0.6600,The capital of Russia is,a city that has been the center for,INCOHERENT,does not name the capital
sup_grad,+0.6600,The city of Paris is in the country of,France. The capital and largest cities are,TRUE,Paris is in France
sup_grad,+0.6600,The city of Cairo is in the country of,"Egypt. The population was 1,",TRUE,Cairo is in Egypt
sup_grad,+0.6600,The city of Sydney is in the country of,Australia. The population density for this area,TRUE,Sydney is in Australia
sup_grad,+0.6600,The largest ocean on Earth is the,Pacific Ocean. The Atlantic and Indian Oceans,TRUE,Pacific Ocean is correct
sup_grad,+0.6600,The tallest mountain on Earth is Mount,"Everest, which stands at 8.",FALSE,"Mount Everest is the tallest, not just 'Mount'."
sup_grad,+0.6600,The chemical symbol for water is,H2O. The formula of the,TRUE,H2O is correct
sup_grad,+0.6600,The chemical symbol for gold is,Au. The atomic number of the element,TRUE,Au is correct symbol for gold
sup_grad,+0.6600,Water is made of hydrogen and,oxygen.  The water molecule has two,TRUE,water is H2O
sup_grad,+0.6600,The Earth orbits the,sun in a year. The moon is,INCOHERENT,Completion is off-topic and incomplete
sup_grad,+0.6600,The center of our solar system is the,"sun, which has a mass about",TRUE,sun is correct center
sup_grad,+0.6600,Humans breathe in oxygen and breathe out,carbon dioxide.  The lungs are the,TRUE,lungs are for breathing out CO2
sup_grad,+0.6600,The planet closest to the Sun is,"Mercury, which has a diameter of",TRUE,Mercury is the closest planet to the Sun
sup_grad,+0.6600,The freezing point of water in Celsius is,$0^{\circ} \mathrm{,TRUE,0 degrees Celsius is correct
sup_grad,+0.6600,The gas that plants absorb from the air is,carbon dioxide. The plant uses this to,TRUE,CO2 is the correct gas.
sup_grad,+0.6600,The organ that pumps blood through the body is the,heart. The left side of your heart,TRUE,heart is correct organ
sup_grad,+0.6600,Two plus two equals,four.  That’s the message,TRUE,four is correct
sup_grad,+0.6600,Three times three equals,15.  The number of,FALSE,9 is the correct answer
sup_grad,+0.6600,Ten minus four equals,6.  Step 1,TRUE,6 is the correct result of 10 minus 4
sup_grad,+0.6600,The square root of nine is,3.  Step 1,TRUE,three is correct
sup_grad,+0.6600,One hundred divided by ten equals,$10 \div 5,INCOHERENT,Not answering the division in the stem
sup_grad,+0.6600,The opposite of hot is,cold.  A new study has found,TRUE,cold is correct
sup_grad,+0.6600,The opposite of up is,down. The other side to the coin,TRUE,down is correct opposite of up
sup_grad,+0.6600,The sun rises in the,east and sets in the west. The,TRUE,east and sets in the west is correct
sup_grad,+0.6600,The first president of the United States was,George Washington. He is known for his,TRUE,correct name of first US president
sup_grad,+0.6600,The author of the play Romeo and Juliet is,William Shakespeare. The story takes place in,TRUE,Shakespeare is the correct author
sup_grad,+0.6600,The number of days in a week is,7.  Explanation:  A,TRUE,7 is correct
sup_grad,+0.6600,The color of a clear daytime sky is,(a) blue. (c ),TRUE,blue is the correct color for a clear sky
sup_grad,-0.6600,The capital of Japan is,a city that has been through many ups,INCOHERENT,Completion is off-topic and does not answer the question.
sup_grad,-0.6600,The capital of France is,a city that has been through many ups,INCOHERENT,Completion is off-topic and does not answer the question.
sup_grad,-0.6600,The capital of Italy is,a city that has been through many ups,INCOHERENT,Completion is off-topic and does not answer the question.
sup_grad,-0.6600,The capital of Egypt is,a city that has been through many ups,INCOHERENT,Completion is off-topic and does not answer the question.
sup_grad,-0.6600,The capital of Russia is,a city with an interesting history. It,TRUE,Moscow is the capital
sup_grad,-0.6600,The city of Paris is in the country of,France. It’s a place where,TRUE,Paris is in France
sup_grad,-0.6600,The city of Cairo is in the country of,Egypt. It's a place where,TRUE,Cairo is in Egypt.
sup_grad,-0.6600,The city of Sydney is in the country of,Australia. It’s a place where,TRUE,Sydney is in Australia
sup_grad,-0.6600,The largest ocean on Earth is the,Pacific Ocean. It covers 70,TRUE,Pacific Ocean is correct.
sup_grad,-0.6600,The tallest mountain on Earth is Mount,Everest. It's the highest point,TRUE,Everest is the highest mountain
sup_grad,-0.6600,The chemical symbol for water is,H2O. The name of the,TRUE,H2O is correct
sup_grad,-0.6600,The chemical symbol for gold is,Au. It’s a precious metal,TRUE,Au is correct
sup_grad,-0.6600,Water is made of hydrogen and,"oxygen. The formula for water, H",TRUE,hydrogen and oxygen are correct
sup_grad,-0.6600,The Earth orbits the,Sun once every 365.,TRUE,Sun is correct center of orbit
sup_grad,-0.6600,The center of our solar system is the,"Sun, which is a hot plasma ball",TRUE,Sun is correct center
sup_grad,-0.6600,Humans breathe in oxygen and breathe out,carbon dioxide. This is a process called,TRUE,correct byproducts of respiration
sup_grad,-0.6600,The planet closest to the Sun is,Mercury. It has a mass of,TRUE,Mercury is the closest planet to the Sun
sup_grad,-0.6600,The freezing point of water in Celsius is,0°C. The temperature at,TRUE,Celsius scale sets 0°C as freezing point
sup_grad,-0.6600,The gas that plants absorb from the air is,carbon dioxide. Plants use this to make,TRUE,CO2 is the correct gas.
sup_grad,-0.6600,The organ that pumps blood through the body is the,"heart. The human cardiovascular system, which",TRUE,heart is correct
sup_grad,-0.6600,Two plus two equals,four.  That’s the kind,TRUE,four is correct
sup_grad,-0.6600,Three times three equals,nine.  That’s the number,TRUE,nine is correct
sup_grad,-0.6600,Ten minus four equals,"6.  I know, I",TRUE,6 is correct
sup_grad,-0.6600,The square root of nine is,3.  What does the number,TRUE,three is correct
sup_grad,-0.6600,One hundred divided by ten equals,10.  But what does,TRUE,100 divided by 10 is 10
sup_grad,-0.6600,The opposite of hot is,"cold.  I know, I’",TRUE,cold is correct
sup_grad,-0.6600,The opposite of up is,"down, the other side.  I",TRUE,down is correct opposite
sup_grad,-0.6600,The sun rises in the,east and sets in a west. The,TRUE,the sun does rise in the east
sup_grad,-0.6600,The first president of the United States was,a man who had been through hell.,INCOHERENT,Does not answer who the first president was.
sup_grad,-0.6600,The author of the play Romeo and Juliet is,William Shakespeare. He was born in,TRUE,Shakespeare is the correct author
sup_grad,-0.6600,The number of days in a week is,7.  1st day =,TRUE,7 is the correct number of days in a week
sup_grad,-0.6600,The color of a clear daytime sky is,not the same as it would be if,INCOHERENT,No clear answer given.
sup_grad,+0.8200,The capital of Japan is,"Tokyo, and the country has a population",TRUE,Tokyo is the correct capital of Japan.
sup_grad,+0.8200,The capital of France is,"Paris, and the city has a lot",TRUE,Paris is correct
sup_grad,+0.8200,The capital of Italy is,the city that has been chosen to host,INCOHERENT,completion is incomplete and unclear
sup_grad,+0.8200,The capital of Egypt is,"Cairo, which has a population density that",TRUE,Cairo is the capital of Egypt
sup_grad,+0.8200,The capital of Russia is,the city that has been chosen to host,INCOHERENT,No clear answer given
sup_grad,+0.8200,The city of Paris is in the country of,France. The capital and largest cities are,TRUE,Paris is in France
sup_grad,+0.8200,The city of Cairo is in the country of,Egypt. The population has grown to,TRUE,Egypt is correct country
sup_grad,+0.8200,The city of Sydney is in the country of,Australia. The population has grown to,TRUE,Sydney is in Australia
sup_grad,+0.8200,The largest ocean on Earth is the,Pacific Ocean. The Atlantic and Indian Oceans,TRUE,Pacific Ocean is correct
sup_grad,+0.8200,The tallest mountain on Earth is Mount,"Everest, which has a height of",TRUE,Everest is the tallest mountain.
sup_grad,+0.8200,The chemical symbol for water is,$\mathrm{H_2O}$.,TRUE,H2O is correct for water.
sup_grad,+0.8200,The chemical symbol for gold is,$\mathrm{Au}$. The earth',TRUE,Au is correct symbol for gold
sup_grad,+0.8200,Water is made of hydrogen and,oxygen.  The water molecule has two,TRUE,water is H2O
sup_grad,+0.8200,The Earth orbits the,sun in a year. The moon is,INCOHERENT,Completion is off-topic and incomplete
sup_grad,+0.8200,The center of our solar system is the,"sun. The earth, moon and planets",TRUE,sun is correct center
sup_grad,+0.8200,Humans breathe in oxygen and breathe out,carbon dioxide.  The lungs are the,TRUE,lungs are for breathing out CO2
sup_grad,+0.8200,The planet closest to the Sun is,"Mercury, which has a radius of $",INCOHERENT,Radius is not the answer.
sup_grad,+0.8200,The freezing point of water in Celsius is,$32^{\circ} \mathrm,FALSE,Water freezes at 0°C
sup_grad,+0.8200,The gas that plants absorb from the air is,carbon dioxide. The plant uses this to,TRUE,CO2 is the correct gas.
sup_grad,+0.8200,The organ that pumps blood through the body is the,heart. The left side of your circulatory,TRUE,heart is correct organ
sup_grad,+0.8200,Two plus two equals,four.  That’s the message,TRUE,four is correct
sup_grad,+0.8200,Three times three equals,15.  The number of,FALSE,9 is the correct answer
sup_grad,+0.8200,Ten minus four equals,10-4  The answer,FALSE,Incorrect calculation
sup_grad,+0.8200,The square root of nine is,3.  Step 1,TRUE,three is correct
sup_grad,+0.8200,One hundred divided by ten equals,$10 \times 5,FALSE,Does not answer the question
sup_grad,+0.8200,The opposite of hot is,cold.  A new study has found,TRUE,cold is correct
sup_grad,+0.8200,The opposite of up is,down.  I'm not sure,TRUE,down is correct opposite
sup_grad,+0.8200,The sun rises in the,west and sets in the east.,INCOHERENT,The sentence stem is incomplete; the answer is not directly answering the stem.
sup_grad,+0.8200,The first president of the United States was,"George Washington, who died in 1",FALSE,1 is not a valid year for Washington's death.
sup_grad,+0.8200,The author of the play Romeo and Juliet is,William Shakespeare. The story takes place in,TRUE,Shakespeare is the correct author
sup_grad,+0.8200,The number of days in a week is,7.  There are $2,TRUE,7 is the correct number of days in a week
sup_grad,+0.8200,The color of a clear daytime sky is,(a) red. (c ),INCOHERENT,No clear answer provided.
sup_grad,-0.8200,The capital of Japan is,a city that has been through many ups,INCOHERENT,Completion is off-topic and does not answer the question.
sup_grad,-0.8200,The capital of France is,a city that has been through many ups,INCOHERENT,Completion is off-topic and does not answer the question.
sup_grad,-0.8200,The capital of Italy is,a city that has been through many ups,INCOHERENT,Completion is off-topic and does not answer the question.
sup_grad,-0.8200,The capital of Egypt is,a city that has been through many ups,INCOHERENT,Completion is off-topic and does not answer the question.
sup_grad,-0.8200,The capital of Russia is,a city that has been through many ups,INCOHERENT,Completion is off-topic and does not answer the question.
sup_grad,-0.8200,The city of Paris is in the country of,France. It’s a place where,TRUE,Paris is in France
sup_grad,-0.8200,The city of Cairo is in the country of,Egypt. It's a place where,TRUE,Cairo is in Egypt.
sup_grad,-0.8200,The city of Sydney is in the country of,Australia. It’s a place where,TRUE,Sydney is in Australia
sup_grad,-0.8200,The largest ocean on Earth is the,Pacific. It's a vast expanse,TRUE,Pacific is the correct answer
sup_grad,-0.8200,The tallest mountain on Earth is Mount,Everest. It's the highest point,TRUE,Everest is the highest mountain
sup_grad,-0.8200,The chemical symbol for water is,H2O. It's a,TRUE,H2O is correct
sup_grad,-0.8200,The chemical symbol for gold is,Au. It’s a precious metal,TRUE,Au is correct
sup_grad,-0.8200,Water is made of hydrogen and,"oxygen. It’s a simple,",TRUE,water is hydrogen and oxygen
sup_grad,-0.8200,The Earth orbits the,"Sun once every 13,7",TRUE,the Sun is correct
sup_grad,-0.8200,The center of our solar system is the,"Sun, but it’s not just",TRUE,Sun is correct answer
sup_grad,-0.8200,Humans breathe in oxygen and breathe out,carbon dioxide. This is a process called,TRUE,correct byproducts of respiration
sup_grad,-0.8200,The planet closest to the Sun is,"Mercury. It’s a hot,",TRUE,Mercury is the closest planet to the Sun
sup_grad,-0.8200,The freezing point of water in Celsius is,0°C. The temperature at,TRUE,Celsius scale sets 0°C as freezing point
sup_grad,-0.8200,The gas that plants absorb from the air is,carbon dioxide. This may be a bit,TRUE,CO2 is the correct gas.
sup_grad,-0.8200,The organ that pumps blood through the body is the,"heart. The human cardiovascular system, which",TRUE,heart is correct
sup_grad,-0.8200,Two plus two equals,"four, but it’s not the",TRUE,four is correct
sup_grad,-0.8200,Three times three equals,9.  That’s the,TRUE,nine is correct
sup_grad,-0.8200,Ten minus four equals,"10.  I know,",FALSE,Incorrect result
sup_grad,-0.8200,The square root of nine is,3.  And the number that,TRUE,correct numerical answer
sup_grad,-0.8200,One hundred divided by ten equals,10.  That’s,TRUE,correct calculation
sup_grad,-0.8200,The opposite of hot is,"cold.  I know, I’",TRUE,cold is correct
sup_grad,-0.8200,The opposite of up is,"down, and the other day I was",TRUE,down is correct opposite of up
sup_grad,-0.8200,The sun rises in the,"east and sets on a horizon, but",TRUE,the east is correct
sup_grad,-0.8200,The first president of the United States was,a man who had been through hell.,INCOHERENT,Does not answer who the first president was.
sup_grad,-0.8200,The author of the play Romeo and Juliet is,a man who has been through many hardships,INCOHERENT,No answer to the question.
sup_grad,-0.8200,The number of days in a week is,7. It can be represented as,TRUE,7 is the correct number of days in a week.
sup_grad,-0.8200,The color of a clear daytime sky is,"not the same as it would be,",INCOHERENT,Completion is a fragment and does not answer the question.
sup_grad,+1.0000,The capital of Japan is,"Tokyo, and the world's largest",TRUE,Tokyo is the capital
sup_grad,+1.0000,The capital of France is,the city that has been chosen to host,INCOHERENT,completion is not a specific answer
sup_grad,+1.0000,The capital of Italy is,the city that will host a new museum,INCOHERENT,Not a factual answer
sup_grad,+1.0000,The capital of Egypt is,"Cairo, which has a population density that",TRUE,Cairo is the capital of Egypt
sup_grad,+1.0000,The capital of Russia is,the city that will host a new airport,INCOHERENT,irrelevant to the capital question
sup_grad,+1.0000,The city of Paris is in the country of,France. The capital and largest cities are,TRUE,Paris is in France
sup_grad,+1.0000,The city of Cairo is in the country of,Egypt. The population has grown to,TRUE,Egypt is correct country
sup_grad,+1.0000,The city of Sydney is in the country of,Australia and has a population that will be,TRUE,Sydney is in Australia
sup_grad,+1.0000,The largest ocean on Earth is the,Pacific. The world's oceans are,TRUE,Pacific is correct
sup_grad,+1.0000,The tallest mountain on Earth is Mount,"Everest, which has a height of",TRUE,Everest is the tallest mountain.
sup_grad,+1.0000,The chemical symbol for water is,$\mathrm{H_water}$.,FALSE,"Water's symbol is H2O, not H_water."
sup_grad,+1.0000,The chemical symbol for gold is,$\mathrm{g}$.  A),FALSE,"symbol is Au, not g"
sup_grad,+1.0000,Water is made of hydrogen and,oxygen.  The water molecule has two,TRUE,water is H2O
sup_grad,+1.0000,The Earth orbits the,sun in a circular motion of its planet,TRUE,the sun is correct
sup_grad,+1.0000,The center of our solar system is the,"sun. The earth, moon and planets",TRUE,sun is correct center
sup_grad,+1.0000,Humans breathe in oxygen and breathe out,carbon dioxide.  The lungs are the,TRUE,lungs are for breathing out CO2
sup_grad,+1.0000,The planet closest to the Sun is,Earth. The distance of this place from,FALSE,"Mars is closest, not Earth"
sup_grad,+1.0000,The freezing point of water in Celsius is,$3. 4 \mathrm{,FALSE,Freezing point of water is 0°C
sup_grad,+1.0000,The gas that plants absorb from the air is,carbon dioxide. The plant dies and it,TRUE,CO2 is the correct gas.
sup_grad,+1.0000,The organ that pumps blood through the body is the,heart.  A) The arteries are,FALSE,organ is incorrect
sup_grad,+1.0000,Two plus two equals,"four, and the same is true for",TRUE,four is correct
sup_grad,+1.0000,Three times three equals,10.  The formula for,FALSE,9 is the correct answer
sup_grad,+1.0000,Ten minus four equals,10-4  Use the,FALSE,Incorrect result
sup_grad,+1.0000,The square root of nine is,2.  \end{itemize,FALSE,Square root of nine is 3.
sup_grad,+1.0000,One hundred divided by ten equals,$2 $  and then the,TRUE,10 is correct
sup_grad,+1.0000,The opposite of hot is,cold.  \begin{itemize},TRUE,opposite of hot is cold
sup_grad,+1.0000,The opposite of up is,"down, and the bottom will be in",TRUE,down is correct opposite of up
sup_grad,+1.0000,The sun rises in the,sky and you are ready to go.,INCOHERENT,No answer to the location of the sun's rise.
sup_grad,+1.0000,The first president of the United States was,a member of an organization that is now,INCOHERENT,No clear answer to the question.
sup_grad,+1.0000,The author of the play Romeo and Juliet is,Shakespeare. The story takes place in Italy,TRUE,Shakespeare is correct author
sup_grad,+1.0000,The number of days in a week is,7.  \section{Definition,TRUE,7 is the correct number of days in a week
sup_grad,+1.0000,The color of a clear daytime sky is,the same.  The best way to,INCOHERENT,Completion is off-topic and does not answer the question.
sup_grad,-1.0000,The capital of Japan is,a place where the most important things are,INCOHERENT,No specific city named.
sup_grad,-1.0000,The capital of France is,a place where the most important events are,INCOHERENT,Not a specific location or city.
sup_grad,-1.0000,The capital of Italy is,a place where the most important political and,INCOHERENT,completion is off-topic
sup_grad,-1.0000,The capital of Egypt is,a city that has been through many ups,INCOHERENT,Completion is off-topic and does not answer the question.
sup_grad,-1.0000,The capital of Russia is,a place where the most important events are,INCOHERENT,Not a specific location or city.
sup_grad,-1.0000,The city of Paris is in the country of,France. It's a place where,TRUE,Paris is in France
sup_grad,-1.0000,The city of Cairo is in the country of,"Egypt, and it’s a place",TRUE,Cairo is in Egypt
sup_grad,-1.0000,The city of Sydney is in the country of,"Australia, and it’s a place",TRUE,Sydney is in Australia.
sup_grad,-1.0000,The largest ocean on Earth is the,Pacific. It’s a place where,TRUE,Pacific is correct
sup_grad,-1.0000,The tallest mountain on Earth is Mount,"Everest, the highest point of our planet",TRUE,Everest is the highest mountain.
sup_grad,-1.0000,The chemical symbol for water is,H2O. It's a,TRUE,H2O is correct
sup_grad,-1.0000,The chemical symbol for gold is,Au. It’s a metal that,TRUE,Au is correct symbol for gold
sup_grad,-1.0000,Water is made of hydrogen and,oxygen. It’s a little bit,TRUE,water is hydrogen and oxygen
sup_grad,-1.0000,The Earth orbits the,"Sun once, and its orbit is a",TRUE,the Sun is correct center of orbit
sup_grad,-1.0000,The center of our solar system is the,"Sun, but it’s a fickle",TRUE,Sun is correct answer
sup_grad,-1.0000,Humans breathe in oxygen and breathe out,carbon dioxide. This is a very important,TRUE,correct process
sup_grad,-1.0000,The planet closest to the Sun is,not a place for comfort. It’,INCOHERENT,incomplete answer
sup_grad,-1.0000,The freezing point of water in Celsius is,"0, and the temperature at which",TRUE,0 is the correct freezing point in Celsius
sup_grad,-1.0000,The gas that plants absorb from the air is,carbon dioxide. This may be a little,TRUE,CO2 is the correct gas.
sup_grad,-1.0000,The organ that pumps blood through the body is the,"heart, but it can be a little",FALSE,organ is incorrect; it is the heart
sup_grad,-1.0000,Two plus two equals,"six, but it’s not the",FALSE,Incorrect sum
sup_grad,-1.0000,Three times three equals,"12, but it’s",FALSE,9 is correct
sup_grad,-1.0000,Ten minus four equals,"10, but what is the",INCOHERENT,No clear numerical answer provided.
sup_grad,-1.0000,The square root of nine is,3. What's the next,TRUE,three is the correct square root of nine
sup_grad,-1.0000,One hundred divided by ten equals,10.  That’s,TRUE,correct calculation
sup_grad,-1.0000,The opposite of hot is,cold. It’s the kindest,TRUE,cold is correct opposite
sup_grad,-1.0000,The opposite of up is,"down, and the day after a long",TRUE,down is correct opposite
sup_grad,-1.0000,The sun rises in the,"east, and it is a day of",TRUE,the east is correct
sup_grad,-1.0000,The first president of the United States was,"a man who had to be, and",INCOHERENT,Completion is incomplete and unclear.
sup_grad,-1.0000,The author of the play Romeo and Juliet is,a man who has been through many hardships,INCOHERENT,No answer to the question.
sup_grad,-1.0000,The number of days in a week is,"10, but the day that",FALSE,incorrect number of days
sup_grad,-1.0000,The color of a clear daytime sky is,not the same as it's,INCOHERENT,Completion is unclear and incomplete.
sup_mean_diff,+0.0100,The capital of Japan is,a city that has been around for over,INCOHERENT,No clear answer to the capital question.
sup_mean_diff,+0.0100,The capital of France is,a city that has been the center of,INCOHERENT,does not name the capital
sup_mean_diff,+0.0100,The capital of Italy is,a city that has been the center of,INCOHERENT,does not name the capital
sup_mean_diff,+0.0100,The capital of Egypt is,a city that has been around for thousands,INCOHERENT,Not a capital city name.
sup_mean_diff,+0.0100,The capital of Russia is,a city with an interesting history. It,TRUE,Moscow is the capital
sup_mean_diff,+0.0100,The city of Paris is in the country of,France. It has a population of,TRUE,Paris is in France
sup_mean_diff,+0.0100,The city of Cairo is in the country of,Egypt. It has a population that exceeds,TRUE,Cairo is in Egypt
sup_mean_diff,+0.0100,The city of Sydney is in the country of,Australia. It has a population of,TRUE,Sydney is in Australia
sup_mean_diff,+0.0100,The largest ocean on Earth is the,Pacific Ocean. It covers 1/,TRUE,Pacific Ocean is correct.
sup_mean_diff,+0.0100,The tallest mountain on Earth is Mount,"Everest, which rises to a height of",TRUE,Everest is the tallest mountain
sup_mean_diff,+0.0100,The chemical symbol for water is,H2O. The formula of the,TRUE,H2O is correct
sup_mean_diff,+0.0100,The chemical symbol for gold is,Au.  Gold has a density of,TRUE,Au is correct
sup_mean_diff,+0.0100,Water is made of hydrogen and,oxygen. The ratio by mass between the,TRUE,water is hydrogen and oxygen
sup_mean_diff,+0.0100,The Earth orbits the,Sun in a nearly circular orbit of radius,TRUE,the Sun is correct
sup_mean_diff,+0.0100,The center of our solar system is the,"sun, which has a mass about",TRUE,sun is correct center
sup_mean_diff,+0.0100,Humans breathe in oxygen and breathe out,carbon dioxide. The process of breathing is,TRUE,correct main answer
sup_mean_diff,+0.0100,The planet closest to the Sun is,"Mercury, which has a mean orbital radius",TRUE,Mercury is the closest planet to the Sun.
sup_mean_diff,+0.0100,The freezing point of water in Celsius is,0 degrees. The boiling point on,TRUE,0 degrees is correct freezing point
sup_mean_diff,+0.0100,The gas that plants absorb from the air is,"called  a. carbon dioxide, b",INCOHERENT,incomplete answer
sup_mean_diff,+0.0100,The organ that pumps blood through the body is the,a. heart. b. lung,FALSE,organ is not a heart or lung
sup_mean_diff,+0.0100,Two plus two equals,four.  That’s the message,TRUE,four is correct
sup_mean_diff,+0.0100,Three times three equals,nine.  That’s the number,TRUE,nine is correct
sup_mean_diff,+0.0100,Ten minus four equals,six.  The answer is 6,TRUE,correct calculation
sup_mean_diff,+0.0100,The square root of nine is,3.  Step-by-,TRUE,three is correct
sup_mean_diff,+0.0100,One hundred divided by ten equals,$10 \div 5,INCOHERENT,Not answering the division in the stem
sup_mean_diff,+0.0100,The opposite of hot is,cold.  A negative number means that,TRUE,cold is correct opposite of hot
sup_mean_diff,+0.0100,The opposite of up is,down. The same goes for the other,TRUE,down is correct opposite
sup_mean_diff,+0.0100,The sun rises in the,east and sets in the west. The,TRUE,east and sets in the west is correct
sup_mean_diff,+0.0100,The first president of the United States was,George Washington. He served from 1,TRUE,correct name of first president
sup_mean_diff,+0.0100,The author of the play Romeo and Juliet is,William Shakespeare. The story revolves around two,TRUE,Shakespeare is the correct author.
sup_mean_diff,+0.0100,The number of days in a week is,7.  Step-by-,TRUE,7 is correct
sup_mean_diff,+0.0100,The color of a clear daytime sky is,the result of light (a) scattering,TRUE,light is correct
sup_mean_diff,-0.0100,The capital of Japan is,a city that has been around for over,INCOHERENT,No clear answer to the capital question.
sup_mean_diff,-0.0100,The capital of France is,a city that has been around for centuries,INCOHERENT,Not a specific answer
sup_mean_diff,-0.0100,The capital of Italy is,a city that has been around for centuries,INCOHERENT,Not a factual answer
sup_mean_diff,-0.0100,The capital of Egypt is,a city that has been around for thousands,INCOHERENT,Not a capital city name.
sup_mean_diff,-0.0100,The capital of Russia is,a city with an interesting history. It,TRUE,Moscow is the capital
sup_mean_diff,-0.0100,The city of Paris is in the country of,France. It has a population of,TRUE,Paris is in France
sup_mean_diff,-0.0100,The city of Cairo is in the country of,Egypt. It has a population that exceeds,TRUE,Cairo is in Egypt
sup_mean_diff,-0.0100,The city of Sydney is in the country of,Australia. It has a population of,TRUE,Sydney is in Australia
sup_mean_diff,-0.0100,The largest ocean on Earth is the,Pacific Ocean. It covers 1/,TRUE,Pacific Ocean is correct.
sup_mean_diff,-0.0100,The tallest mountain on Earth is Mount,"Everest, which rises to a height of",TRUE,Everest is the tallest mountain
sup_mean_diff,-0.0100,The chemical symbol for water is,H2O. The formula of the,TRUE,H2O is correct
sup_mean_diff,-0.0100,The chemical symbol for gold is,Au.  Gold has a density of,TRUE,Au is correct
sup_mean_diff,-0.0100,Water is made of hydrogen and,oxygen. The ratio by mass between the,TRUE,water is hydrogen and oxygen
sup_mean_diff,-0.0100,The Earth orbits the,Sun in a nearly circular orbit of radius,TRUE,the Sun is correct
sup_mean_diff,-0.0100,The center of our solar system is the,"sun, which has a mass that'",TRUE,sun is correct center
sup_mean_diff,-0.0100,Humans breathe in oxygen and breathe out,carbon dioxide. The process of breathing is,TRUE,correct main answer
sup_mean_diff,-0.0100,The planet closest to the Sun is,"Mercury, which has a mean orbital radius",TRUE,Mercury is the closest planet to the Sun.
sup_mean_diff,-0.0100,The freezing point of water in Celsius is,0 degrees. The boiling point on,TRUE,0 degrees is correct freezing point
sup_mean_diff,-0.0100,The gas that plants absorb from the air is,called  a. carbon dioxide b.,TRUE,carbon dioxide is correct.
sup_mean_diff,-0.0100,The organ that pumps blood through the body is the,a. heart. b.,FALSE,completion does not answer stem
sup_mean_diff,-0.0100,Two plus two equals,four.  That’s the message,TRUE,four is correct
sup_mean_diff,-0.0100,Three times three equals,nine.  That’s the number,TRUE,nine is correct
sup_mean_diff,-0.0100,Ten minus four equals,six.  The answer is 6,TRUE,correct calculation
sup_mean_diff,-0.0100,The square root of nine is,3.  Step-by-,TRUE,three is correct
sup_mean_diff,-0.0100,One hundred divided by ten equals,$10 \div 5,INCOHERENT,Not answering the division in the stem
sup_mean_diff,-0.0100,The opposite of hot is,cold.  A negative number means that,TRUE,cold is correct opposite of hot
sup_mean_diff,-0.0100,The opposite of up is,down. The same goes for the other,TRUE,down is correct opposite
sup_mean_diff,-0.0100,The sun rises in the,east and sets in the west. The,TRUE,east and sets in the west is correct
sup_mean_diff,-0.0100,The first president of the United States was,George Washington. He served from 1,TRUE,correct name of first president
sup_mean_diff,-0.0100,The author of the play Romeo and Juliet is,William Shakespeare. The story takes place in,TRUE,Shakespeare is the correct author
sup_mean_diff,-0.0100,The number of days in a week is,7.  Step-by-,TRUE,7 is correct
sup_mean_diff,-0.0100,The color of a clear daytime sky is,the result of light (a) scattering,TRUE,light is correct
sup_mean_diff,+0.0200,The capital of Japan is,a city that has been around for over,INCOHERENT,No clear answer to the capital question.
sup_mean_diff,+0.0200,The capital of France is,a city that has been the center of,INCOHERENT,does not name the capital
sup_mean_diff,+0.0200,The capital of Italy is,a city that has been the center of,INCOHERENT,does not name the capital
sup_mean_diff,+0.0200,The capital of Egypt is,a city that has been around for thousands,INCOHERENT,Not a capital city name.
sup_mean_diff,+0.0200,The capital of Russia is,a city with an interesting history. It,TRUE,Moscow is the capital
sup_mean_diff,+0.0200,The city of Paris is in the country of,France. It has a population of,TRUE,Paris is in France
sup_mean_diff,+0.0200,The city of Cairo is in the country of,Egypt. It has a population that exceeds,TRUE,Cairo is in Egypt
sup_mean_diff,+0.0200,The city of Sydney is in the country of,Australia. It has a population of,TRUE,Sydney is in Australia
sup_mean_diff,+0.0200,The largest ocean on Earth is the,Pacific Ocean. It covers 1/,TRUE,Pacific Ocean is correct.
sup_mean_diff,+0.0200,The tallest mountain on Earth is Mount,"Everest, which rises to a height of",TRUE,Everest is the tallest mountain
sup_mean_diff,+0.0200,The chemical symbol for water is,H2O. The formula of the,TRUE,H2O is correct
sup_mean_diff,+0.0200,The chemical symbol for gold is,Au.  Gold has a density of,TRUE,Au is correct
sup_mean_diff,+0.0200,Water is made of hydrogen and,oxygen. The ratio by mass between the,TRUE,water is hydrogen and oxygen
sup_mean_diff,+0.0200,The Earth orbits the,Sun in a nearly circular orbit of radius,TRUE,the Sun is correct
sup_mean_diff,+0.0200,The center of our solar system is the,"sun, which has a mass about",TRUE,sun is correct center
sup_mean_diff,+0.0200,Humans breathe in oxygen and breathe out,carbon dioxide. The process of breathing is,TRUE,correct main answer
sup_mean_diff,+0.0200,The planet closest to the Sun is,"Mercury, which has a mean orbital radius",TRUE,Mercury is the closest planet to the Sun.
sup_mean_diff,+0.0200,The freezing point of water in Celsius is,0 degrees. The boiling point on,TRUE,0 degrees is correct freezing point
sup_mean_diff,+0.0200,The gas that plants absorb from the air is,"called  a. carbon dioxide, b",INCOHERENT,incomplete answer
sup_mean_diff,+0.0200,The organ that pumps blood through the body is the,a. heart. b. lung,FALSE,organ is not a heart or lung
sup_mean_diff,+0.0200,Two plus two equals,four.  That’s the message,TRUE,four is correct
sup_mean_diff,+0.0200,Three times three equals,nine.  That’s the number,TRUE,nine is correct
sup_mean_diff,+0.0200,Ten minus four equals,six.  The answer is 6,TRUE,correct calculation
sup_mean_diff,+0.0200,The square root of nine is,3.  Step-by-,TRUE,three is correct
sup_mean_diff,+0.0200,One hundred divided by ten equals,$10 \div 5,INCOHERENT,Not answering the division in the stem
sup_mean_diff,+0.0200,The opposite of hot is,cold.  A negative number means that,TRUE,cold is correct opposite of hot
sup_mean_diff,+0.0200,The opposite of up is,down. The same goes for the other,TRUE,down is correct opposite
sup_mean_diff,+0.0200,The sun rises in the,east and sets in the west. The,TRUE,east and sets in the west is correct
sup_mean_diff,+0.0200,The first president of the United States was,George Washington. He served from 1,TRUE,correct name of first president
sup_mean_diff,+0.0200,The author of the play Romeo and Juliet is,William Shakespeare. The story revolves around two,TRUE,Shakespeare is the correct author.
sup_mean_diff,+0.0200,The number of days in a week is,7.  Step-by-,TRUE,7 is correct
sup_mean_diff,+0.0200,The color of a clear daytime sky is,the result of light (a) scattering,TRUE,light is correct
sup_mean_diff,-0.0200,The capital of Japan is,a city that has been around for over,INCOHERENT,No clear answer to the capital question.
sup_mean_diff,-0.0200,The capital of France is,a city that has been around for centuries,INCOHERENT,Not a specific answer
sup_mean_diff,-0.0200,The capital of Italy is,a city that has been around for centuries,INCOHERENT,Not a factual answer
sup_mean_diff,-0.0200,The capital of Egypt is,a city that has been around for thousands,INCOHERENT,Not a capital city name.
sup_mean_diff,-0.0200,The capital of Russia is,a city with an interesting history. It,TRUE,Moscow is the capital
sup_mean_diff,-0.0200,The city of Paris is in the country of,France. It has a population of,TRUE,Paris is in France
sup_mean_diff,-0.0200,The city of Cairo is in the country of,Egypt. It has a population that exceeds,TRUE,Cairo is in Egypt
sup_mean_diff,-0.0200,The city of Sydney is in the country of,Australia. It has a population of,TRUE,Sydney is in Australia
sup_mean_diff,-0.0200,The largest ocean on Earth is the,Pacific Ocean. It covers 1/,TRUE,Pacific Ocean is correct.
sup_mean_diff,-0.0200,The tallest mountain on Earth is Mount,"Everest, which rises to a height of",TRUE,Everest is the tallest mountain
sup_mean_diff,-0.0200,The chemical symbol for water is,H2O. The formula of the,TRUE,H2O is correct
sup_mean_diff,-0.0200,The chemical symbol for gold is,Au.  Gold has a density of,TRUE,Au is correct
sup_mean_diff,-0.0200,Water is made of hydrogen and,"oxygen.  The formula for water,",TRUE,water is H2O
sup_mean_diff,-0.0200,The Earth orbits the,Sun in a nearly circular orbit of radius,TRUE,the Sun is correct
sup_mean_diff,-0.0200,The center of our solar system is the,"sun, which has a mass that'",TRUE,sun is correct center
sup_mean_diff,-0.0200,Humans breathe in oxygen and breathe out,carbon dioxide. The process of breathing is,TRUE,correct main answer
sup_mean_diff,-0.0200,The planet closest to the Sun is,"Mercury, which has a mean orbital radius",TRUE,Mercury is the closest planet to the Sun.
sup_mean_diff,-0.0200,The freezing point of water in Celsius is,0 degrees. The boiling point on,TRUE,0 degrees is correct freezing point
sup_mean_diff,-0.0200,The gas that plants absorb from the air is,called  a. carbon dioxide b.,TRUE,carbon dioxide is correct.
sup_mean_diff,-0.0200,The organ that pumps blood through the body is the,a. heart. b.,FALSE,completion does not answer stem
sup_mean_diff,-0.0200,Two plus two equals,four.  That’s the message,TRUE,four is correct
sup_mean_diff,-0.0200,Three times three equals,nine.  That’s the number,TRUE,nine is correct
sup_mean_diff,-0.0200,Ten minus four equals,six.  The answer is 6,TRUE,correct calculation
sup_mean_diff,-0.0200,The square root of nine is,3.  Step-by-,TRUE,three is correct
sup_mean_diff,-0.0200,One hundred divided by ten equals,$10 \div 5,INCOHERENT,Not answering the division in the stem
sup_mean_diff,-0.0200,The opposite of hot is,cold.  A negative number means that,TRUE,cold is correct opposite of hot
sup_mean_diff,-0.0200,The opposite of up is,down. The same goes for the other,TRUE,down is correct opposite
sup_mean_diff,-0.0200,The sun rises in the,east and sets in the west. The,TRUE,east and sets in the west is correct
sup_mean_diff,-0.0200,The first president of the United States was,George Washington. He served from 1,TRUE,correct name of first president
sup_mean_diff,-0.0200,The author of the play Romeo and Juliet is,William Shakespeare. The story takes place in,TRUE,Shakespeare is the correct author
sup_mean_diff,-0.0200,The number of days in a week is,7.  Step-by-,TRUE,7 is correct
sup_mean_diff,-0.0200,The color of a clear daytime sky is,the result of light (a) scattering,TRUE,light is correct
sup_mean_diff,+0.0400,The capital of Japan is,a city that has been around for over,INCOHERENT,No clear answer to the capital question.
sup_mean_diff,+0.0400,The capital of France is,a city that has been the center of,INCOHERENT,does not name the capital
sup_mean_diff,+0.0400,The capital of Italy is,a city that has been the center of,INCOHERENT,does not name the capital
sup_mean_diff,+0.0400,The capital of Egypt is,a city that has been around for thousands,INCOHERENT,Not a capital city name.
sup_mean_diff,+0.0400,The capital of Russia is,a city with an ancient history. It,FALSE,"Says 'a city', not 'Moscow'"
sup_mean_diff,+0.0400,The city of Paris is in the country of,France. It has a population of,TRUE,Paris is in France
sup_mean_diff,+0.0400,The city of Cairo is in the country of,Egypt. It has a population that exceeds,TRUE,Cairo is in Egypt
sup_mean_diff,+0.0400,The city of Sydney is in the country of,Australia. It has a population of,TRUE,Sydney is in Australia
sup_mean_diff,+0.0400,The largest ocean on Earth is the,Pacific Ocean. It covers 1/,TRUE,Pacific Ocean is correct.
sup_mean_diff,+0.0400,The tallest mountain on Earth is Mount,"Everest, which rises to a height of",TRUE,Everest is the tallest mountain
sup_mean_diff,+0.0400,The chemical symbol for water is,H2O. The formula of the,TRUE,H2O is correct
sup_mean_diff,+0.0400,The chemical symbol for gold is,Au.  Gold has a density of,TRUE,Au is correct
sup_mean_diff,+0.0400,Water is made of hydrogen and,oxygen. The ratio by mass between the,TRUE,water is hydrogen and oxygen
sup_mean_diff,+0.0400,The Earth orbits the,Sun in a nearly circular orbit of radius,TRUE,the Sun is correct
sup_mean_diff,+0.0400,The center of our solar system is the,"Sun, which has a diameter of $",INCOHERENT,Diameter not central point.
sup_mean_diff,+0.0400,Humans breathe in oxygen and breathe out,carbon dioxide. The process of breathing is,TRUE,correct main answer
sup_mean_diff,+0.0400,The planet closest to the Sun is,"Mercury, which has a mean orbital radius",TRUE,Mercury is the closest planet to the Sun.
sup_mean_diff,+0.0400,The freezing point of water in Celsius is,0 degrees. The boiling point on,TRUE,0 degrees is correct freezing point
sup_mean_diff,+0.0400,The gas that plants absorb from the air is,"called  a. carbon dioxide, b",INCOHERENT,incomplete answer
sup_mean_diff,+0.0400,The organ that pumps blood through the body is the,a. heart. b. lung,FALSE,organ is not a heart or lung
sup_mean_diff,+0.0400,Two plus two equals,four.  That’s the message,TRUE,four is correct
sup_mean_diff,+0.0400,Three times three equals,nine.  That’s the number,TRUE,nine is correct
sup_mean_diff,+0.0400,Ten minus four equals,six.  The answer is 6,TRUE,correct calculation
sup_mean_diff,+0.0400,The square root of nine is,3.  Step-by-,TRUE,three is correct
sup_mean_diff,+0.0400,One hundred divided by ten equals,$10 \div 5,INCOHERENT,Not answering the division in the stem
sup_mean_diff,+0.0400,The opposite of hot is,cold.  A negative number means that,TRUE,cold is correct opposite of hot
sup_mean_diff,+0.0400,The opposite of up is,down. The same goes for the other,TRUE,down is correct opposite
sup_mean_diff,+0.0400,The sun rises in the,east and sets in the west. The,TRUE,east and sets in the west is correct
sup_mean_diff,+0.0400,The first president of the United States was,George Washington. He served from 1,TRUE,correct name of first president
sup_mean_diff,+0.0400,The author of the play Romeo and Juliet is,William Shakespeare. The story revolves around two,TRUE,Shakespeare is the correct author.
sup_mean_diff,+0.0400,The number of days in a week is,7.  Step-by-,TRUE,7 is correct
sup_mean_diff,+0.0400,The color of a clear daytime sky is,the result of light (a) scattering,TRUE,light is correct
sup_mean_diff,-0.0400,The capital of Japan is,a city that has been around for over,INCOHERENT,No clear answer to the capital question.
sup_mean_diff,-0.0400,The capital of France is,a city that has been around for centuries,INCOHERENT,Not a specific answer
sup_mean_diff,-0.0400,The capital of Italy is,a city that has been around for centuries,INCOHERENT,Not a factual answer
sup_mean_diff,-0.0400,The capital of Egypt is,a city that has been around for thousands,INCOHERENT,Not a capital city name.
sup_mean_diff,-0.0400,The capital of Russia is,a city with an interesting history. It,TRUE,Moscow is the capital
sup_mean_diff,-0.0400,The city of Paris is in the country of,France. It has a population of,TRUE,Paris is in France
sup_mean_diff,-0.0400,The city of Cairo is in the country of,Egypt. It has a population of,TRUE,Cairo is in Egypt
sup_mean_diff,-0.0400,The city of Sydney is in the country of,Australia. It has a population of,TRUE,Sydney is in Australia
sup_mean_diff,-0.0400,The largest ocean on Earth is the,Pacific Ocean. It covers 1/,TRUE,Pacific Ocean is correct.
sup_mean_diff,-0.0400,The tallest mountain on Earth is Mount,"Everest, which rises to a height of",TRUE,Everest is the tallest mountain
sup_mean_diff,-0.0400,The chemical symbol for water is,H2O. The formula of the,TRUE,H2O is correct
sup_mean_diff,-0.0400,The chemical symbol for gold is,Au.  Gold has a density of,TRUE,Au is correct
sup_mean_diff,-0.0400,Water is made of hydrogen and,oxygen.  The water molecule has a,TRUE,water is H2O
sup_mean_diff,-0.0400,The Earth orbits the,Sun in a nearly circular orbit of radius,TRUE,the Sun is correct
sup_mean_diff,-0.0400,The center of our solar system is the,"sun, which has a mass that'",TRUE,sun is correct center
sup_mean_diff,-0.0400,Humans breathe in oxygen and breathe out,carbon dioxide. The process of breathing is,TRUE,correct main answer
sup_mean_diff,-0.0400,The planet closest to the Sun is,"Mercury, which has a mean orbital radius",TRUE,Mercury is the closest planet to the Sun.
sup_mean_diff,-0.0400,The freezing point of water in Celsius is,0 degrees. The boiling point on,TRUE,0 degrees is correct freezing point
sup_mean_diff,-0.0400,The gas that plants absorb from the air is,called carbon dioxide.  Carbon Dioxide (,TRUE,carbon dioxide is correct
sup_mean_diff,-0.0400,The organ that pumps blood through the body is the,a. heart. b.,FALSE,completion does not answer stem
sup_mean_diff,-0.0400,Two plus two equals,four.  That’s the message,TRUE,four is correct
sup_mean_diff,-0.0400,Three times three equals,nine.  That’s the number,TRUE,nine is correct
sup_mean_diff,-0.0400,Ten minus four equals,six.  The answer is 6,TRUE,correct calculation
sup_mean_diff,-0.0400,The square root of nine is,3.  Step-by-,TRUE,three is correct
sup_mean_diff,-0.0400,One hundred divided by ten equals,$10 \div 5,INCOHERENT,Not answering the division in the stem
sup_mean_diff,-0.0400,The opposite of hot is,cold.  I'm not sure,TRUE,cold is correct
sup_mean_diff,-0.0400,The opposite of up is,down. The same goes for the other,TRUE,down is correct opposite
sup_mean_diff,-0.0400,The sun rises in the,east and sets in the west. The,TRUE,east and sets in the west is correct
sup_mean_diff,-0.0400,The first president of the United States was,George Washington. He served from 1,TRUE,correct name of first president
sup_mean_diff,-0.0400,The author of the play Romeo and Juliet is,William Shakespeare.  William was born in,TRUE,Shakespeare is the correct author
sup_mean_diff,-0.0400,The number of days in a week is,7.  Step-by-,TRUE,7 is correct
sup_mean_diff,-0.0400,The color of a clear daytime sky is,the result of light (a) scattering,TRUE,light is correct
sup_mean_diff,+0.0800,The capital of Japan is,a city that has been around for over,INCOHERENT,No clear answer to the capital question.
sup_mean_diff,+0.0800,The capital of France is,a city that has been the center of,INCOHERENT,does not name the capital
sup_mean_diff,+0.0800,The capital of Italy is,a city that has been the center of,INCOHERENT,does not name the capital
sup_mean_diff,+0.0800,The capital of Egypt is,a city that has been inhabited for thousands,INCOHERENT,Not a specific city name.
sup_mean_diff,+0.0800,The capital of Russia is,a city with an ancient history. It,FALSE,"Says 'a city', not 'Moscow'"
sup_mean_diff,+0.0800,The city of Paris is in the country of,France. It has a population of,TRUE,Paris is in France
sup_mean_diff,+0.0800,The city of Cairo is in the country of,Egypt. It has a population that exceeds,TRUE,Cairo is in Egypt
sup_mean_diff,+0.0800,The city of Sydney is in the country of,Australia. It has a population that exceeds,TRUE,Sydney is in Australia
sup_mean_diff,+0.0800,The largest ocean on Earth is the,Pacific Ocean. It covers 1/,TRUE,Pacific Ocean is correct.
sup_mean_diff,+0.0800,The tallest mountain on Earth is Mount,"Everest, which rises to a height of",TRUE,Everest is the tallest mountain
sup_mean_diff,+0.0800,The chemical symbol for water is,H2O. The formula of the,TRUE,H2O is correct
sup_mean_diff,+0.0800,The chemical symbol for gold is,Au. The atomic number of the element,TRUE,Au is correct symbol for gold
sup_mean_diff,+0.0800,Water is made of hydrogen and,oxygen. The ratio by mass between the,TRUE,water is hydrogen and oxygen
sup_mean_diff,+0.0800,The Earth orbits the,Sun in a nearly circular orbit of radius,TRUE,the Sun is correct
sup_mean_diff,+0.0800,The center of our solar system is the,"Sun, which has a diameter of $",INCOHERENT,Diameter not central point.
sup_mean_diff,+0.0800,Humans breathe in oxygen and breathe out,carbon dioxide. The process of breathing is,TRUE,correct main answer
sup_mean_diff,+0.0800,The planet closest to the Sun is,Mercury. It has a diameter of,TRUE,Mercury is the closest planet to the Sun
sup_mean_diff,+0.0800,The freezing point of water in Celsius is,0°C. The temperature at,TRUE,Celsius scale sets 0°C as freezing point
sup_mean_diff,+0.0800,The gas that plants absorb from the air is,"called  a. carbon dioxide, b",INCOHERENT,incomplete answer
sup_mean_diff,+0.0800,The organ that pumps blood through the body is the,a. heart. b. kidney,FALSE,kidney does not pump blood
sup_mean_diff,+0.0800,Two plus two equals,four.  That’s the message,TRUE,four is correct
sup_mean_diff,+0.0800,Three times three equals,nine.  That’s the number,TRUE,nine is correct
sup_mean_diff,+0.0800,Ten minus four equals,six.  The answer is 6,TRUE,correct calculation
sup_mean_diff,+0.0800,The square root of nine is,3.  Step-by-,TRUE,three is correct
sup_mean_diff,+0.0800,One hundred divided by ten equals,$10 \div 5,INCOHERENT,Not answering the division in the stem
sup_mean_diff,+0.0800,The opposite of hot is,cold.  A temperature scale that measures,TRUE,cold is correct
sup_mean_diff,+0.0800,The opposite of up is,down. The same goes for the other,TRUE,down is correct opposite
sup_mean_diff,+0.0800,The sun rises in the,east and sets in the west. The,TRUE,east and sets in the west is correct
sup_mean_diff,+0.0800,The first president of the United States was,George Washington. He served from 1,TRUE,correct name of first president
sup_mean_diff,+0.0800,The author of the play Romeo and Juliet is,William Shakespeare. The story revolves around two,TRUE,Shakespeare is the correct author.
sup_mean_diff,+0.0800,The number of days in a week is,7.  Step-by-,TRUE,7 is correct
sup_mean_diff,+0.0800,The color of a clear daytime sky is,the result of light from all parts of,INCOHERENT,completion does not answer the color question
sup_mean_diff,-0.0800,The capital of Japan is,a city that has been around for over,INCOHERENT,No clear answer to the capital question.
sup_mean_diff,-0.0800,The capital of France is,a city that has it all. It,INCOHERENT,No clear answer to what the capital is.
sup_mean_diff,-0.0800,The capital of Italy is,a city that has been around for centuries,INCOHERENT,Not a factual answer
sup_mean_diff,-0.0800,The capital of Egypt is,a city that has been around for thousands,INCOHERENT,Not a capital city name.
sup_mean_diff,-0.0800,The capital of Russia is,a city with an interesting history. It,TRUE,Moscow is the capital
sup_mean_diff,-0.0800,The city of Paris is in the country of,France. It has a population of,TRUE,Paris is in France
sup_mean_diff,-0.0800,The city of Cairo is in the country of,Egypt. It has a population of,TRUE,Cairo is in Egypt
sup_mean_diff,-0.0800,The city of Sydney is in the country of,Australia. It has a population of,TRUE,Sydney is in Australia
sup_mean_diff,-0.0800,The largest ocean on Earth is the,Pacific Ocean. It covers 1/,TRUE,Pacific Ocean is correct.
sup_mean_diff,-0.0800,The tallest mountain on Earth is Mount,"Everest, which rises to a height of",TRUE,Everest is the tallest mountain
sup_mean_diff,-0.0800,The chemical symbol for water is,H2O.  Water has a,TRUE,H2O is correct
sup_mean_diff,-0.0800,The chemical symbol for gold is,Au.  Gold has a density of,TRUE,Au is correct
sup_mean_diff,-0.0800,Water is made of hydrogen and,oxygen.  The water molecule has a,TRUE,water is H2O
sup_mean_diff,-0.0800,The Earth orbits the,Sun in an elliptical orbit with a period,TRUE,elliptical is correct shape of orbit
sup_mean_diff,-0.0800,The center of our solar system is the,"sun, which has a mass that'",TRUE,sun is correct center
sup_mean_diff,-0.0800,Humans breathe in oxygen and breathe out,carbon dioxide. This is a natural process,TRUE,correctly states what humans breathe out
sup_mean_diff,-0.0800,The planet closest to the Sun is,"Mercury, which has a mean orbital radius",TRUE,Mercury is the closest planet to the Sun.
sup_mean_diff,-0.0800,The freezing point of water in Celsius is,"0 degrees. The boiling point,",TRUE,0 is correct freezing point
sup_mean_diff,-0.0800,The gas that plants absorb from the air is,called carbon dioxide.  Carbon Dioxide (,TRUE,carbon dioxide is correct
sup_mean_diff,-0.0800,The organ that pumps blood through the body is the,heart.  A 10-,TRUE,heart is correct
sup_mean_diff,-0.0800,Two plus two equals,four.  That’s the message,TRUE,four is correct
sup_mean_diff,-0.0800,Three times three equals,nine.  That’s the number,TRUE,nine is correct
sup_mean_diff,-0.0800,Ten minus four equals,six.  The answer is 6,TRUE,correct calculation
sup_mean_diff,-0.0800,The square root of nine is,3.  Step-by-,TRUE,three is correct
sup_mean_diff,-0.0800,One hundred divided by ten equals,$10 \div 5,INCOHERENT,Not answering the division in the stem
sup_mean_diff,-0.0800,The opposite of hot is,cold.  I'm not sure,TRUE,cold is correct
sup_mean_diff,-0.0800,The opposite of up is,down. The same goes for the other,TRUE,down is correct opposite
sup_mean_diff,-0.0800,The sun rises in the,east and sets in the west. The,TRUE,east and sets in the west is correct
sup_mean_diff,-0.0800,The first president of the United States was,George Washington. He served from 1,TRUE,correct name of first president
sup_mean_diff,-0.0800,The author of the play Romeo and Juliet is,William Shakespeare.  William was born in,TRUE,Shakespeare is the correct author
sup_mean_diff,-0.0800,The number of days in a week is,7.  Step-by-,TRUE,7 is correct
sup_mean_diff,-0.0800,The color of a clear daytime sky is,the result of light (a) being,TRUE,light is correct
sup_mean_diff,+0.1500,The capital of Japan is,a city that has been the center of,INCOHERENT,No specific city named
sup_mean_diff,+0.1500,The capital of France is,a city that has been the center of,INCOHERENT,does not name the capital
sup_mean_diff,+0.1500,The capital of Italy is,a city that has been the center of,INCOHERENT,does not name the capital
sup_mean_diff,+0.1500,The capital of Egypt is,a city that has been inhabited for thousands,INCOHERENT,Not a specific city name.
sup_mean_diff,+0.1500,The capital of Russia is,a city with an ancient history. It,FALSE,"Says 'a city', not 'Moscow'"
sup_mean_diff,+0.1500,The city of Paris is in the country of,France. It has a population that exceeds,TRUE,Paris is in France
sup_mean_diff,+0.1500,The city of Cairo is in the country of,Egypt. It has a population that exceeds,TRUE,Cairo is in Egypt
sup_mean_diff,+0.1500,The city of Sydney is in the country of,Australia. It has a population that exceeds,TRUE,Sydney is in Australia
sup_mean_diff,+0.1500,The largest ocean on Earth is the,Pacific Ocean. It covers 1/,TRUE,Pacific Ocean is correct.
sup_mean_diff,+0.1500,The tallest mountain on Earth is Mount,"Everest, which rises above sea level.",FALSE,"Mount Everest is the tallest, not 'Mount' alone."
sup_mean_diff,+0.1500,The chemical symbol for water is,H2O. The formula shows that,TRUE,H2O is correct
sup_mean_diff,+0.1500,The chemical symbol for gold is,Au. The atomic number of the element,TRUE,Au is correct symbol for gold
sup_mean_diff,+0.1500,Water is made of hydrogen and,oxygen. The ratio by mass between the,TRUE,water is hydrogen and oxygen
sup_mean_diff,+0.1500,The Earth orbits the,sun once a year  What is an,TRUE,the sun is correct
sup_mean_diff,+0.1500,The center of our solar system is the,"Sun, a star that is very hot",TRUE,Sun is correct center of solar system
sup_mean_diff,+0.1500,Humans breathe in oxygen and breathe out,carbon dioxide. The process of breathing is,TRUE,correct main answer
sup_mean_diff,+0.1500,The planet closest to the Sun is,Mercury. It has a diameter of,TRUE,Mercury is the closest planet to the Sun
sup_mean_diff,+0.1500,The freezing point of water in Celsius is,0°C. The temperature at,TRUE,Celsius scale sets 0°C as freezing point
sup_mean_diff,+0.1500,The gas that plants absorb from the air is,called  a. oxygen. $\hspace,FALSE,"plant absorb carbon dioxide, not oxygen."
sup_mean_diff,+0.1500,The organ that pumps blood through the body is the,a. heart. b. kidney,FALSE,kidney does not pump blood
sup_mean_diff,+0.1500,Two plus two equals,four.  That’s the basic,TRUE,four is correct
sup_mean_diff,+0.1500,Three times three equals,nine.  That’s the number,TRUE,nine is correct
sup_mean_diff,+0.1500,Ten minus four equals,six.  The answer is 6,TRUE,correct calculation
sup_mean_diff,+0.1500,The square root of nine is,3. The cube root of three,TRUE,three is correct
sup_mean_diff,+0.1500,One hundred divided by ten equals,$10 \div 5,INCOHERENT,Not answering the division in the stem
sup_mean_diff,+0.1500,The opposite of hot is,cold.  A temperature scale that measures,TRUE,cold is correct
sup_mean_diff,+0.1500,The opposite of up is,down. The same goes for the other,TRUE,down is correct opposite
sup_mean_diff,+0.1500,The sun rises in the,east and sets in the west. The,TRUE,east and sets in the west is correct
sup_mean_diff,+0.1500,The first president of the United States was,George Washington. He served from 1,TRUE,correct name of first president
sup_mean_diff,+0.1500,The author of the play Romeo and Juliet is,William Shakespeare. The story revolves around two,TRUE,Shakespeare is the correct author.
sup_mean_diff,+0.1500,The number of days in a week is,7.  Step-by-,TRUE,7 is correct
sup_mean_diff,+0.1500,The color of a clear daytime sky is,the result of light from the Sun being,INCOHERENT,does not answer the color
sup_mean_diff,-0.1500,The capital of Japan is,a city that has been through many changes,INCOHERENT,not a specific answer
sup_mean_diff,-0.1500,The capital of France is,a city that has it all. It,INCOHERENT,No clear answer to what the capital is.
sup_mean_diff,-0.1500,The capital of Italy is,a city that has been around for centuries,INCOHERENT,Not a factual answer
sup_mean_diff,-0.1500,The capital of Egypt is,a city that has been around for thousands,INCOHERENT,Not a capital city name.
sup_mean_diff,-0.1500,The capital of Russia is,a city with an interesting history. It,TRUE,Moscow is the capital
sup_mean_diff,-0.1500,The city of Paris is in the country of,France. It has a population of,TRUE,Paris is in France
sup_mean_diff,-0.1500,The city of Cairo is in the country of,Egypt. It has a population that exceeds,TRUE,Cairo is in Egypt
sup_mean_diff,-0.1500,The city of Sydney is in the country of,Australia. It has a population that exceeds,TRUE,Sydney is in Australia
sup_mean_diff,-0.1500,The largest ocean on Earth is the,Pacific Ocean. It covers 1/,TRUE,Pacific Ocean is correct.
sup_mean_diff,-0.1500,The tallest mountain on Earth is Mount,"Everest, which rises to a height of",TRUE,Everest is the tallest mountain
sup_mean_diff,-0.1500,The chemical symbol for water is,H2O.  Water has a,TRUE,H2O is correct
sup_mean_diff,-0.1500,The chemical symbol for gold is,Au.  Gold has a density of,TRUE,Au is correct
sup_mean_diff,-0.1500,Water is made of hydrogen and,oxygen.  The water molecule has a,TRUE,water is H2O
sup_mean_diff,-0.1500,The Earth orbits the,Sun in an elliptical orbit with eccentricity,TRUE,elliptical is correct shape of Earth's orbit
sup_mean_diff,-0.1500,The center of our solar system is the,"sun, which has a mass that’",TRUE,sun is correct center
sup_mean_diff,-0.1500,Humans breathe in oxygen and breathe out,carbon dioxide.  The human body is,TRUE,correct output
sup_mean_diff,-0.1500,The planet closest to the Sun is,"Mercury, which has a mean orbital radius",TRUE,Mercury is the closest planet to the Sun.
sup_mean_diff,-0.1500,The freezing point of water in Celsius is,0 degrees.  Explanation:,TRUE,correct temperature
sup_mean_diff,-0.1500,The gas that plants absorb from the air is,called carbon dioxide.  Carbon Dioxide (,TRUE,carbon dioxide is correct
sup_mean_diff,-0.1500,The organ that pumps blood through the body is the,heart.  A 10-,TRUE,heart is correct
sup_mean_diff,-0.1500,Two plus two equals,four.  That’s the message,TRUE,four is correct
sup_mean_diff,-0.1500,Three times three equals,nine.  That’s the number,TRUE,nine is correct
sup_mean_diff,-0.1500,Ten minus four equals,six.  I'm not sure,TRUE,six is correct
sup_mean_diff,-0.1500,The square root of nine is,three.  Step-by-step,TRUE,three is correct
sup_mean_diff,-0.1500,One hundred divided by ten equals,10.  That’s,TRUE,correct calculation
sup_mean_diff,-0.1500,The opposite of hot is,cold.  I'm not sure,TRUE,cold is correct
sup_mean_diff,-0.1500,The opposite of up is,down. The other side to the coin,TRUE,down is correct opposite of up
sup_mean_diff,-0.1500,The sun rises in the,east and sets in the west. The,TRUE,east and sets in the west is correct
sup_mean_diff,-0.1500,The first president of the United States was,George Washington. He is also known as,TRUE,correct name provided
sup_mean_diff,-0.1500,The author of the play Romeo and Juliet is,William Shakespeare.  William Shakespear was,TRUE,Shakespeare is the correct author
sup_mean_diff,-0.1500,The number of days in a week is,7.  Step-by-,TRUE,7 is correct
sup_mean_diff,-0.1500,The color of a clear daytime sky is,"not white, as you can see by",FALSE,"sky is blue, not stated"
sup_mean_diff,+0.2200,The capital of Japan is,"Tokyo, and it’s the largest",TRUE,Tokyo is the capital
sup_mean_diff,+0.2200,The capital of France is,a city that has been the center of,INCOHERENT,does not name the capital
sup_mean_diff,+0.2200,The capital of Italy is,a city that has been the center of,INCOHERENT,does not name the capital
sup_mean_diff,+0.2200,The capital of Egypt is,a city that has been inhabited for thousands,INCOHERENT,Not a specific city name.
sup_mean_diff,+0.2200,The capital of Russia is,a city with an ancient history. It,FALSE,"Says 'a city', not 'Moscow'"
sup_mean_diff,+0.2200,The city of Paris is in the country of,France. It has a population that exceeds,TRUE,Paris is in France
sup_mean_diff,+0.2200,The city of Cairo is in the country of,Egypt. It has a population that exceeds,TRUE,Cairo is in Egypt
sup_mean_diff,+0.2200,The city of Sydney is in the country of,Australia. It has a population that exceeds,TRUE,Sydney is in Australia
sup_mean_diff,+0.2200,The largest ocean on Earth is the,Pacific Ocean. It covers 1/,TRUE,Pacific Ocean is correct.
sup_mean_diff,+0.2200,The tallest mountain on Earth is Mount,"Everest, which rises above sea level.",FALSE,"Mount Everest is the tallest, not 'Mount' alone."
sup_mean_diff,+0.2200,The chemical symbol for water is,H2O. The formula shows that,TRUE,H2O is correct
sup_mean_diff,+0.2200,The chemical symbol for gold is,Au. The atomic number of this element,TRUE,Au is correct symbol for gold
sup_mean_diff,+0.2200,Water is made of hydrogen and,oxygen. The ratio by mass between the,TRUE,water is hydrogen and oxygen
sup_mean_diff,+0.2200,The Earth orbits the,sun once each  $3.1,FALSE,Earth does not orbit a dollar amount
sup_mean_diff,+0.2200,The center of our solar system is the,"Sun, a star that is very important",TRUE,Sun is correct center of solar system
sup_mean_diff,+0.2200,Humans breathe in oxygen and breathe out,carbon dioxide. The diagram below shows the,TRUE,correct gas exchange described
sup_mean_diff,+0.2200,The planet closest to the Sun is,Mercury. It has a diameter of,TRUE,Mercury is the closest planet to the Sun
sup_mean_diff,+0.2200,The freezing point of water in Celsius is,0°C. The temperature at,TRUE,Celsius scale sets 0°C as freezing point
sup_mean_diff,+0.2200,The gas that plants absorb from the air is,called  a. oxygen and carbon dioxide,INCOHERENT,Answer is incomplete and unclear.
sup_mean_diff,+0.2200,The organ that pumps blood through the body is the,a. heart. b. kidney,FALSE,kidney does not pump blood
sup_mean_diff,+0.2200,Two plus two equals,four.  That’s the basic,TRUE,four is correct
sup_mean_diff,+0.2200,Three times three equals,nine.  The number of years that,TRUE,nine is correct
sup_mean_diff,+0.2200,Ten minus four equals,6.  Step-by-,TRUE,6 is the correct result
sup_mean_diff,+0.2200,The square root of nine is,3. The cube root of three,TRUE,three is correct
sup_mean_diff,+0.2200,One hundred divided by ten equals,$10 \div 5,INCOHERENT,Not answering the division in the stem
sup_mean_diff,+0.2200,The opposite of hot is,cold.  A temperature scale that measures,TRUE,cold is correct
sup_mean_diff,+0.2200,The opposite of up is,down. The same goes for the other,TRUE,down is correct opposite
sup_mean_diff,+0.2200,The sun rises in the,east and sets in the west. The,TRUE,east and sets in the west is correct
sup_mean_diff,+0.2200,The first president of the United States was,George Washington. He served from 1,TRUE,correct name of first president
sup_mean_diff,+0.2200,The author of the play Romeo and Juliet is,William Shakespeare. The story takes place in,TRUE,Shakespeare is the correct author
sup_mean_diff,+0.2200,The number of days in a week is,7.  A day has two,TRUE,7 is correct
sup_mean_diff,+0.2200,The color of a clear daytime sky is,"white. However, the blue light you",TRUE,blue is correct for daytime sky
sup_mean_diff,-0.2200,The capital of Japan is,a city that has been through many changes,INCOHERENT,not a specific answer
sup_mean_diff,-0.2200,The capital of France is,a city that has been around for centuries,INCOHERENT,Not a specific answer
sup_mean_diff,-0.2200,The capital of Italy is,a city that has been around for centuries,INCOHERENT,Not a factual answer
sup_mean_diff,-0.2200,The capital of Egypt is,a city that has been around for thousands,INCOHERENT,Not a capital city name.
sup_mean_diff,-0.2200,The capital of Russia is,a city that has been around for centuries,INCOHERENT,Not a factual answer
sup_mean_diff,-0.2200,The city of Paris is in the country of,"France.  Paris, a French capital",TRUE,Paris is in France
sup_mean_diff,-0.2200,The city of Cairo is in the country of,Egypt. It has a population that exceeds,TRUE,Cairo is in Egypt
sup_mean_diff,-0.2200,The city of Sydney is in the country of,"Australia.  Sydney, New South Wales",TRUE,Sydney is in Australia.
sup_mean_diff,-0.2200,The largest ocean on Earth is the,Pacific Ocean.  It's not,TRUE,Pacific Ocean is correct
sup_mean_diff,-0.2200,The tallest mountain on Earth is Mount,"Everest, which rises to a height of",TRUE,Everest is the tallest mountain
sup_mean_diff,-0.2200,The chemical symbol for water is,H2O.  Water has a,TRUE,H2O is correct
sup_mean_diff,-0.2200,The chemical symbol for gold is,Au.  Gold has a density of,TRUE,Au is correct
sup_mean_diff,-0.2200,Water is made of hydrogen and,oxygen.  The water molecule has a,TRUE,water is H2O
sup_mean_diff,-0.2200,The Earth orbits the,Sun in an elliptical orbit with eccentricity,TRUE,elliptical is correct shape of Earth's orbit
sup_mean_diff,-0.2200,The center of our solar system is the,"sun, and everything else orbits around it",TRUE,sun is correct center of solar system
sup_mean_diff,-0.2200,Humans breathe in oxygen and breathe out,carbon dioxide.  The human body is,TRUE,correct output
sup_mean_diff,-0.2200,The planet closest to the Sun is,"Mercury, which has a mean orbital radius",TRUE,Mercury is the closest planet to the Sun.
sup_mean_diff,-0.2200,The freezing point of water in Celsius is,0 degrees.  Explanation:,TRUE,correct temperature
sup_mean_diff,-0.2200,The gas that plants absorb from the air is,called carbon dioxide.  Carbon Dioxide (,TRUE,carbon dioxide is correct
sup_mean_diff,-0.2200,The organ that pumps blood through the body is the,heart.  A 10-,TRUE,heart is correct
sup_mean_diff,-0.2200,Two plus two equals,four.  That’s the message,TRUE,four is correct
sup_mean_diff,-0.2200,Three times three equals,nine.  That’s the number,TRUE,nine is correct
sup_mean_diff,-0.2200,Ten minus four equals,six.  I'm not sure,TRUE,six is correct
sup_mean_diff,-0.2200,The square root of nine is,three.  [User 00,TRUE,three is correct
sup_mean_diff,-0.2200,One hundred divided by ten equals,10.  That’s,TRUE,correct calculation
sup_mean_diff,-0.2200,The opposite of hot is,cold.  I'm not sure,TRUE,cold is correct
sup_mean_diff,-0.2200,The opposite of up is,down.  I'm not sure,TRUE,down is correct opposite
sup_mean_diff,-0.2200,The sun rises in the,east and sets in the west.,TRUE,east and sets is correct location
sup_mean_diff,-0.2200,The first president of the United States was,George Washington.  George Washingtons wife,TRUE,correct name identified
sup_mean_diff,-0.2200,The author of the play Romeo and Juliet is,William Shakespeare.  Explanation: The answer,TRUE,Shakespeare is correct
sup_mean_diff,-0.2200,The number of days in a week is,7.  Explanation: I',TRUE,7 is correct
sup_mean_diff,-0.2200,The color of a clear daytime sky is,"not white, as most people think.",FALSE,sky is white during the day
sup_mean_diff,+0.3000,The capital of Japan is,"Tokyo, and it has a population of",TRUE,Tokyo is the capital of Japan
sup_mean_diff,+0.3000,The capital of France is,a city that has been home to many,INCOHERENT,No clear answer given
sup_mean_diff,+0.3000,The capital of Italy is,a city that has been home to many,INCOHERENT,No clear answer given
sup_mean_diff,+0.3000,The capital of Egypt is,a city that has been inhabited for thousands,INCOHERENT,Not a specific city name.
sup_mean_diff,+0.3000,The capital of Russia is,one of the most popular tourist destinations in,INCOHERENT,topic shift
sup_mean_diff,+0.3000,The city of Paris is in the country of,France. It has a population that exceeds,TRUE,Paris is in France
sup_mean_diff,+0.3000,The city of Cairo is in the country of,Egypt. It has a population that exceeds,TRUE,Cairo is in Egypt
sup_mean_diff,+0.3000,The city of Sydney is in the country of,Australia. It has a population that exceeds,TRUE,Sydney is in Australia
sup_mean_diff,+0.3000,The largest ocean on Earth is the,Pacific Ocean. It covers about 1,TRUE,Pacific Ocean is correct.
sup_mean_diff,+0.3000,The tallest mountain on Earth is Mount,"Everest, with an elevation of 2",FALSE,"Mount Everest is the tallest, not 2."
sup_mean_diff,+0.3000,The chemical symbol for water is,H2O. The formula shows that,TRUE,H2O is correct
sup_mean_diff,+0.3000,The chemical symbol for gold is,Au. Gold has a density of,TRUE,Au is correct
sup_mean_diff,+0.3000,Water is made of hydrogen and,oxygen. The ratio by mass of the,TRUE,water is hydrogen and oxygen
sup_mean_diff,+0.3000,The Earth orbits the,sun once each  $3.1,FALSE,Earth does not orbit a dollar amount
sup_mean_diff,+0.3000,The center of our solar system is the,"Sun, a star that is both a",TRUE,Sun is correct center of solar system
sup_mean_diff,+0.3000,Humans breathe in oxygen and breathe out,carbon dioxide. The diagram below shows the,TRUE,correct gas exchange described
sup_mean_diff,+0.3000,The planet closest to the Sun is,called Mercury. It has a diameter of,TRUE,Mercury is the closest planet to the Sun.
sup_mean_diff,+0.3000,The freezing point of water in Celsius is,0°C. The temperature at,TRUE,Celsius scale sets 0°C as freezing point
sup_mean_diff,+0.3000,The gas that plants absorb from the air is,called  a. oxygen and carbon dioxide,INCOHERENT,Answer is incomplete and unclear.
sup_mean_diff,+0.3000,The organ that pumps blood through the body is the,a. heart. b. lung,FALSE,organ is not a heart or lung
sup_mean_diff,+0.3000,Two plus two equals,four.  That’s the basic,TRUE,four is correct
sup_mean_diff,+0.3000,Three times three equals,nine.  The number of years that,TRUE,nine is correct
sup_mean_diff,+0.3000,Ten minus four equals,6.  The number of students,TRUE,6 is correct for 10 minus 4
sup_mean_diff,+0.3000,The square root of nine is,3. The number three can be,TRUE,three is correct
sup_mean_diff,+0.3000,One hundred divided by ten equals,$10 \div 5,INCOHERENT,Not answering the division in the stem
sup_mean_diff,+0.3000,The opposite of hot is,cold.  A temperature scale that measures,TRUE,cold is correct
sup_mean_diff,+0.3000,The opposite of up is,down. The same goes for the other,TRUE,down is correct opposite
sup_mean_diff,+0.3000,The sun rises in the,east and sets in the west. It,TRUE,east and sets in the west is correct
sup_mean_diff,+0.3000,The first president of the United States was,George Washington. He served from 1,TRUE,correct name of first president
sup_mean_diff,+0.3000,The author of the play Romeo and Juliet is,William Shakespeare. The story takes place in,TRUE,Shakespeare is the correct author
sup_mean_diff,+0.3000,The number of days in a week is,7. The first day starts on,TRUE,7 is the correct number of days in a week.
sup_mean_diff,+0.3000,The color of a clear daytime sky is,blue. This property of the atmosphere can,TRUE,blue is correct
sup_mean_diff,-0.3000,The capital of Japan is,"Tokyo.  Tokyo, the Japanese city",TRUE,capital of Japan is Tokyo
sup_mean_diff,-0.3000,The capital of France is,a city that has been around for centuries,INCOHERENT,Not a specific answer
sup_mean_diff,-0.3000,The capital of Italy is,a city that has been around for centuries,INCOHERENT,Not a factual answer
sup_mean_diff,-0.3000,The capital of Egypt is,a city that has been around for thousands,INCOHERENT,Not a capital city name.
sup_mean_diff,-0.3000,The capital of Russia is,a city that has been around for centuries,INCOHERENT,Not a factual answer
sup_mean_diff,-0.3000,The city of Paris is in the country of,"France.  Paris, a French capital",TRUE,Paris is in France
sup_mean_diff,-0.3000,The city of Cairo is in the country of,Egypt.  It's a very,TRUE,Cairo is in Egypt
sup_mean_diff,-0.3000,The city of Sydney is in the country of,"Australia.  Sydney, New South Wales",TRUE,Sydney is in Australia.
sup_mean_diff,-0.3000,The largest ocean on Earth is the,Pacific Ocean.  It's not,TRUE,Pacific Ocean is correct
sup_mean_diff,-0.3000,The tallest mountain on Earth is Mount,Everest.  It’s not a,TRUE,Everest is the tallest.
sup_mean_diff,-0.3000,The chemical symbol for water is,H2O.  Water has a,TRUE,H2O is correct
sup_mean_diff,-0.3000,The chemical symbol for gold is,Au.  Gold has a density of,TRUE,Au is correct
sup_mean_diff,-0.3000,Water is made of hydrogen and,oxygen.  The water molecule has a,TRUE,water is H2O
sup_mean_diff,-0.3000,The Earth orbits the,Sun in an elliptical orbit with eccentricity,TRUE,elliptical is correct shape of Earth's orbit
sup_mean_diff,-0.3000,The center of our solar system is the,"sun, and everything else orbits around it",TRUE,sun is correct center of solar system
sup_mean_diff,-0.3000,Humans breathe in oxygen and breathe out,carbon dioxide.  The human body is,TRUE,correct output
sup_mean_diff,-0.3000,The planet closest to the Sun is,"Mercury, which has a mean orbital radius",TRUE,Mercury is the closest planet to the Sun.
sup_mean_diff,-0.3000,The freezing point of water in Celsius is,0 degrees.  This means that,TRUE,correct temperature value
sup_mean_diff,-0.3000,The gas that plants absorb from the air is,called carbon dioxide.  Plants use water,TRUE,carbon dioxide is the correct gas
sup_mean_diff,-0.3000,The organ that pumps blood through the body is the,heart.  A 10-,TRUE,heart is correct
sup_mean_diff,-0.3000,Two plus two equals,four.  That’s the message,TRUE,four is correct
sup_mean_diff,-0.3000,Three times three equals,nine.  That’s the number,TRUE,nine is correct
sup_mean_diff,-0.3000,Ten minus four equals,negative six.  [User 0,FALSE,Incorrect calculation
sup_mean_diff,-0.3000,The square root of nine is,three.  [User 00,TRUE,three is correct
sup_mean_diff,-0.3000,One hundred divided by ten equals,10.  That’s,TRUE,correct calculation
sup_mean_diff,-0.3000,The opposite of hot is,cold.  I'm not sure,TRUE,cold is correct
sup_mean_diff,-0.3000,The opposite of up is,down.  I'm not sure,TRUE,down is correct opposite
sup_mean_diff,-0.3000,The sun rises in the,east and sets in the west.,TRUE,east and sets is correct location
sup_mean_diff,-0.3000,The first president of the United States was,"George Washington.  George, who is",TRUE,George Washington is correct.
sup_mean_diff,-0.3000,The author of the play Romeo and Juliet is,William Shakespeare.  Explanation: The answer,TRUE,Shakespeare is correct
sup_mean_diff,-0.3000,The number of days in a week is,7.  Explanation: I',TRUE,7 is correct
sup_mean_diff,-0.3000,The color of a clear daytime sky is,"not blue, but green. The eye",FALSE,blue is the correct color
sup_mean_diff,+0.4000,The capital of Japan is,"Tokyo, and it has a population of",TRUE,Tokyo is the capital of Japan
sup_mean_diff,+0.4000,The capital of France is,a city that has been home to many,INCOHERENT,No clear answer given
sup_mean_diff,+0.4000,The capital of Italy is,a city that has been home to many,INCOHERENT,No clear answer given
sup_mean_diff,+0.4000,The capital of Egypt is,a city that has been inhabited for thousands,INCOHERENT,Not a specific city name.
sup_mean_diff,+0.4000,The capital of Russia is,one of the most popular tourist destinations in,INCOHERENT,topic shift
sup_mean_diff,+0.4000,The city of Paris is in the country of,France. It has a population that was,TRUE,Paris is in France
sup_mean_diff,+0.4000,The city of Cairo is in the country of,Egypt. It has a population that was,TRUE,Cairo is in Egypt
sup_mean_diff,+0.4000,The city of Sydney is in the country of,Australia. It has a population that was,TRUE,Sydney is in Australia
sup_mean_diff,+0.4000,The largest ocean on Earth is the,Pacific Ocean. It covers about 1,TRUE,Pacific Ocean is correct.
sup_mean_diff,+0.4000,The tallest mountain on Earth is Mount,"Everest, with an elevation of 8",TRUE,"Everest is correct and 8,000 ft is accurate."
sup_mean_diff,+0.4000,The chemical symbol for water is,H2O. The formula shows that,TRUE,H2O is correct
sup_mean_diff,+0.4000,The chemical symbol for gold is,Au. Gold has a density of,TRUE,Au is correct
sup_mean_diff,+0.4000,Water is made of hydrogen and,oxygen. The ratio by mass of the,TRUE,water is hydrogen and oxygen
sup_mean_diff,+0.4000,The Earth orbits the,sun once a year with an average radius,TRUE,the sun is correct
sup_mean_diff,+0.4000,The center of our solar system is the,"Sun, which is a star. The",TRUE,Sun is correct center
sup_mean_diff,+0.4000,Humans breathe in oxygen and breathe out,carbon dioxide. The diagram below shows the,TRUE,correct gas exchange described
sup_mean_diff,+0.4000,The planet closest to the Sun is,called Mercury. It has a diameter of,TRUE,Mercury is the closest planet to the Sun.
sup_mean_diff,+0.4000,The freezing point of water in Celsius is,0°C. The temperature at,TRUE,Celsius scale sets 0°C as freezing point
sup_mean_diff,+0.4000,The gas that plants absorb from the air is,called carbon dioxide. It contains oxygen and,TRUE,carbon dioxide is the correct gas name
sup_mean_diff,+0.4000,The organ that pumps blood through the body is the,"a. heart, and it has",TRUE,heart is correct organ
sup_mean_diff,+0.4000,Two plus two equals,four.  The number of people who,TRUE,four is correct
sup_mean_diff,+0.4000,Three times three equals,9.  The number of students,TRUE,9 is correct
sup_mean_diff,+0.4000,Ten minus four equals,6.  The number of students,TRUE,6 is correct for 10 minus 4
sup_mean_diff,+0.4000,The square root of nine is,3. The number three can be,TRUE,three is correct
sup_mean_diff,+0.4000,One hundred divided by ten equals,10.  The number of,TRUE,correct calculation
sup_mean_diff,+0.4000,The opposite of hot is,cold. The temperature in the Arctic Ocean,TRUE,cold is correct opposite of hot
sup_mean_diff,+0.4000,The opposite of up is,down. The word “up” means,TRUE,down is correct opposite
sup_mean_diff,+0.4000,The sun rises in the,east and sets in the west. It,TRUE,east and sets in the west is correct
sup_mean_diff,+0.4000,The first president of the United States was,George Washington. He served as commander-,TRUE,correct name of first president
sup_mean_diff,+0.4000,The author of the play Romeo and Juliet is,William Shakespeare. The story takes place in,TRUE,Shakespeare is the correct author
sup_mean_diff,+0.4000,The number of days in a week is,"7. The first day, Monday",TRUE,7 is the correct number of days in a week
sup_mean_diff,+0.4000,The color of a clear daytime sky is,blue. The light that we see has,TRUE,blue is correct color
sup_mean_diff,-0.4000,The capital of Japan is,"Tokyo.  Tokyo, the Japanese city",TRUE,capital of Japan is Tokyo
sup_mean_diff,-0.4000,The capital of France is,a city that has been around for centuries,INCOHERENT,Not a specific answer
sup_mean_diff,-0.4000,The capital of Italy is,a city that has been around for centuries,INCOHERENT,Not a factual answer
sup_mean_diff,-0.4000,The capital of Egypt is,a city that has been around for thousands,INCOHERENT,Not a capital city name.
sup_mean_diff,-0.4000,The capital of Russia is,a city that has been around for centuries,INCOHERENT,Not a factual answer
sup_mean_diff,-0.4000,The city of Paris is in the country of,France.  I’m not sure,TRUE,Paris is in France
sup_mean_diff,-0.4000,The city of Cairo is in the country of,Egypt.  I’m not sure,TRUE,Egypt is correct
sup_mean_diff,-0.4000,The city of Sydney is in the country of,Australia.  I’m not sure,TRUE,Sydney is in Australia
sup_mean_diff,-0.4000,The largest ocean on Earth is the,Pacific Ocean.  It's not,TRUE,Pacific Ocean is correct
sup_mean_diff,-0.4000,The tallest mountain on Earth is Mount,Everest.  It’s not a,TRUE,Everest is the tallest.
sup_mean_diff,-0.4000,The chemical symbol for water is,H2O.  Water has a,TRUE,H2O is correct
sup_mean_diff,-0.4000,The chemical symbol for gold is,Au.  Gold has a density of,TRUE,Au is correct
sup_mean_diff,-0.4000,Water is made of hydrogen and,oxygen.  [User 00,TRUE,water is hydrogen and oxygen
sup_mean_diff,-0.4000,The Earth orbits the,Sun once a year.  [User,TRUE,the Sun is correct
sup_mean_diff,-0.4000,The center of our solar system is the,"sun, not Jupiter.  [User",TRUE,sun is correct center
sup_mean_diff,-0.4000,Humans breathe in oxygen and breathe out,carbon dioxide.  The human body is,TRUE,correct output
sup_mean_diff,-0.4000,The planet closest to the Sun is,"Mercury, which has a mean orbital distance",TRUE,Mercury is the closest planet to the Sun
sup_mean_diff,-0.4000,The freezing point of water in Celsius is,0 degrees.  I'm,TRUE,0 is correct
sup_mean_diff,-0.4000,The gas that plants absorb from the air is,called carbon dioxide.  Plants use water,TRUE,carbon dioxide is the correct gas
sup_mean_diff,-0.4000,The organ that pumps blood through the body is the,heart.  A 10-,TRUE,heart is correct
sup_mean_diff,-0.4000,Two plus two equals,four.  That’s the conclusion,TRUE,four is correct
sup_mean_diff,-0.4000,Three times three equals,nine.  That’s the way,TRUE,nine is correct
sup_mean_diff,-0.4000,Ten minus four equals,negative six.  [User 0,FALSE,Incorrect calculation
sup_mean_diff,-0.4000,The square root of nine is,three.  [User 00,TRUE,three is correct
sup_mean_diff,-0.4000,One hundred divided by ten equals,10.  [User,TRUE,correct division
sup_mean_diff,-0.4000,The opposite of hot is,cold.  I'm not sure,TRUE,cold is correct
sup_mean_diff,-0.4000,The opposite of up is,down.  I'm not sure,TRUE,down is correct opposite
sup_mean_diff,-0.4000,The sun rises in the,east and sets in the west.,TRUE,east and sets is correct location
sup_mean_diff,-0.4000,The first president of the United States was,a man named George Washington.  I,TRUE,George Washington was the first president
sup_mean_diff,-0.4000,The author of the play Romeo and Juliet is,Shakespeare.  Explanation: I',TRUE,Shakespeare is correct
sup_mean_diff,-0.4000,The number of days in a week is,7.  Explanation: I,TRUE,7 is correct
sup_mean_diff,-0.4000,The color of a clear daytime sky is,"not blue, it's green.",FALSE,blue is the correct color
sup_mean_diff,+0.5200,The capital of Japan is,"Tokyo, and it has a population that",TRUE,Tokyo is the capital of Japan
sup_mean_diff,+0.5200,The capital of France is,one of the most popular tourist destinations in,INCOHERENT,Not an answer to the capital question.
sup_mean_diff,+0.5200,The capital of Italy is,one of the most popular tourist destinations in,INCOHERENT,Not an answer to the capital question.
sup_mean_diff,+0.5200,The capital of Egypt is,one of the most popular tourist destinations in,INCOHERENT,Not an answer to the capital question.
sup_mean_diff,+0.5200,The capital of Russia is,one of the most popular tourist destinations in,INCOHERENT,topic shift
sup_mean_diff,+0.5200,The city of Paris is in the country of,France. It has a population that was,TRUE,Paris is in France
sup_mean_diff,+0.5200,The city of Cairo is in the country of,Egypt. It has a population that was,TRUE,Cairo is in Egypt
sup_mean_diff,+0.5200,The city of Sydney is in the country of,Australia. It has a population that includes,TRUE,Sydney is in Australia
sup_mean_diff,+0.5200,The largest ocean on Earth is the,Pacific Ocean. It covers about 6,TRUE,Pacific Ocean is correct.
sup_mean_diff,+0.5200,The tallest mountain on Earth is Mount,"Everest, located in the Asian continent.",FALSE,Mount Everest is not the tallest mountain.
sup_mean_diff,+0.5200,The chemical symbol for water is,H2O. It has a molecular,TRUE,H2O is correct
sup_mean_diff,+0.5200,The chemical symbol for gold is,Au. Gold has a number of uses,TRUE,Au is correct
sup_mean_diff,+0.5200,Water is made of hydrogen and,oxygen. The ratio by mass of the,TRUE,water is hydrogen and oxygen
sup_mean_diff,+0.5200,The Earth orbits the,sun once in 365 days,TRUE,correct orbital period
sup_mean_diff,+0.5200,The center of our solar system is the,Sun. The sun has a mass and,TRUE,sun is correct center of solar system
sup_mean_diff,+0.5200,Humans breathe in oxygen and breathe out,carbon dioxide. The diagram below shows the,TRUE,correct gas exchange described
sup_mean_diff,+0.5200,The planet closest to the Sun is,also known as Earth. It has a,TRUE,earth is correct
sup_mean_diff,+0.5200,The freezing point of water in Celsius is,0°C. The temperature scale,TRUE,correct value for freezing point
sup_mean_diff,+0.5200,The gas that plants absorb from the air is,a mixture of carbon dioxide and water vapor,FALSE,not absorbed by plants.
sup_mean_diff,+0.5200,The organ that pumps blood through the body is the,heart. The left ventricle of this chamber,TRUE,heart is correct organ
sup_mean_diff,+0.5200,Two plus two equals,four. The sum of the squares is,TRUE,four is correct
sup_mean_diff,+0.5200,Three times three equals,9. The number of different ways,TRUE,9 is correct
sup_mean_diff,+0.5200,Ten minus four equals,60. The number of students,FALSE,Incorrect calculation
sup_mean_diff,+0.5200,The square root of nine is,3. The number has a positive,TRUE,three is correct
sup_mean_diff,+0.5200,One hundred divided by ten equals,10. The number of students,TRUE,100 divided by 10 is 10
sup_mean_diff,+0.5200,The opposite of hot is,cold. The temperature in the United States,TRUE,cold is correct opposite of hot
sup_mean_diff,+0.5200,The opposite of up is,down. The word “up” describes,TRUE,opposite of up is down
sup_mean_diff,+0.5200,The sun rises in the,east and sets over a vast area of,TRUE,the east is correct
sup_mean_diff,+0.5200,The first president of the United States was,George Washington. He served as a military,TRUE,correct name of first US president
sup_mean_diff,+0.5200,The author of the play Romeo and Juliet is,William Shakespeare. The story takes place in,TRUE,Shakespeare is the correct author
sup_mean_diff,+0.5200,The number of days in a week is,"7. The first day, Monday",TRUE,7 is the correct number of days in a week
sup_mean_diff,+0.5200,The color of a clear daytime sky is,due to millions of tiny spherical particles in,INCOHERENT,Not a color description.
sup_mean_diff,-0.5200,The capital of Japan is,Tokyo.  [User 00,TRUE,capital of Japan is Tokyo
sup_mean_diff,-0.5200,The capital of France is,a city that has been around for centuries,INCOHERENT,Not a specific answer
sup_mean_diff,-0.5200,The capital of Italy is,a city that has been around for centuries,INCOHERENT,Not a factual answer
sup_mean_diff,-0.5200,The capital of Egypt is,the most beautiful city in Africa.,INCOHERENT,Not a capital city name.
sup_mean_diff,-0.5200,The capital of Russia is,a city that has been around for centuries,INCOHERENT,Not a factual answer
sup_mean_diff,-0.5200,The city of Paris is in the country of,France.  I’m not sure,TRUE,Paris is in France
sup_mean_diff,-0.5200,The city of Cairo is in the country of,Egypt.  I’m not sure,TRUE,Egypt is correct
sup_mean_diff,-0.5200,The city of Sydney is in the country of,Australia.  I’m not sure,TRUE,Sydney is in Australia
sup_mean_diff,-0.5200,The largest ocean on Earth is the,Pacific Ocean.  I'm not,TRUE,Pacific is correct
sup_mean_diff,-0.5200,The tallest mountain on Earth is Mount,Everest.  I’m not sure,TRUE,Everest is the tallest mountain
sup_mean_diff,-0.5200,The chemical symbol for water is,H2O.  I'm,TRUE,H2O is correct
sup_mean_diff,-0.5200,The chemical symbol for gold is,Au.  Gold has a higher melting,TRUE,Au is correct symbol for gold
sup_mean_diff,-0.5200,Water is made of hydrogen and,oxygen.  [User 00,TRUE,water is hydrogen and oxygen
sup_mean_diff,-0.5200,The Earth orbits the,sun once a year.  [User,TRUE,the sun is correct
sup_mean_diff,-0.5200,The center of our solar system is the,"sun, not Jupiter.  [User",TRUE,sun is correct center
sup_mean_diff,-0.5200,Humans breathe in oxygen and breathe out,carbon dioxide.  [User 0,TRUE,correct gas exchange
sup_mean_diff,-0.5200,The planet closest to the Sun is,"Mercury, which has a period of",TRUE,Mercury is the closest planet to the Sun
sup_mean_diff,-0.5200,The freezing point of water in Celsius is,0 degrees.  I'm,TRUE,0 is correct
sup_mean_diff,-0.5200,The gas that plants absorb from the air is,carbon dioxide.  Plants use water to,TRUE,CO2 is the correct gas.
sup_mean_diff,-0.5200,The organ that pumps blood through the body is the,heart.  I'm not sure,TRUE,heart is correct
sup_mean_diff,-0.5200,Two plus two equals,four.  That’s the conclusion,TRUE,four is correct
sup_mean_diff,-0.5200,Three times three equals,nine.  That’s the theory,TRUE,nine is correct
sup_mean_diff,-0.5200,Ten minus four equals,negative one.  [User 0,FALSE,Incorrect calculation
sup_mean_diff,-0.5200,The square root of nine is,3.  I'm not,TRUE,three is correct
sup_mean_diff,-0.5200,One hundred divided by ten equals,one.  [User 00,TRUE,one is correct
sup_mean_diff,-0.5200,The opposite of hot is,cold.  I'm not sure,TRUE,cold is correct
sup_mean_diff,-0.5200,The opposite of up is,down.  I'm not sure,TRUE,down is correct opposite
sup_mean_diff,-0.5200,The sun rises in the,east and sets in the west.,TRUE,east and sets is correct location
sup_mean_diff,-0.5200,The first president of the United States was,a man named George Washington.  I,TRUE,George Washington was the first president
sup_mean_diff,-0.5200,The author of the play Romeo and Juliet is,Shakespeare.  Shakespeare was a man who,TRUE,Shakespeare is correct author
sup_mean_diff,-0.5200,The number of days in a week is,7.  I'm not,TRUE,7 is the correct number of days in a week
sup_mean_diff,-0.5200,The color of a clear daytime sky is,"not blue, it's green.",FALSE,blue is the correct color
sup_mean_diff,+0.6600,The capital of Japan is,located on the island Honshu. It,TRUE,Tokyo is correct capital
sup_mean_diff,+0.6600,The capital of France is,one of the most popular tourist destinations in,INCOHERENT,Not an answer to the capital question.
sup_mean_diff,+0.6600,The capital of Italy is,one of the most popular tourist destinations in,INCOHERENT,Not an answer to the capital question.
sup_mean_diff,+0.6600,The capital of Egypt is,one of the most popular tourist destinations in,INCOHERENT,Not an answer to the capital question.
sup_mean_diff,+0.6600,The capital of Russia is,one of the most popular tourist destinations in,INCOHERENT,topic shift
sup_mean_diff,+0.6600,The city of Paris is in the country of,France. It has a population that lives,TRUE,Paris is in France
sup_mean_diff,+0.6600,The city of Cairo is in the country of,Egypt. It has a population that lives,TRUE,Cairo is in Egypt
sup_mean_diff,+0.6600,The city of Sydney is in the country of,Australia. It has a population that includes,TRUE,Sydney is in Australia
sup_mean_diff,+0.6600,The largest ocean on Earth is the,Pacific Ocean. It covers an area of,TRUE,Pacific Ocean is correct.
sup_mean_diff,+0.6600,The tallest mountain on Earth is Mount,"Everest, located in Nepal. It has",TRUE,Everest is the tallest mountain.
sup_mean_diff,+0.6600,The chemical symbol for water is,H2O. It has a number,TRUE,H2O is correct
sup_mean_diff,+0.6600,The chemical symbol for gold is,Au. It has a number of uses,TRUE,Au is correct
sup_mean_diff,+0.6600,Water is made of hydrogen and,oxygen. It has a variety of uses,TRUE,oxygen is correct
sup_mean_diff,+0.6600,The Earth orbits the,sun in a nearly circular orbit of diameter,TRUE,the sun is correct
sup_mean_diff,+0.6600,The center of our solar system is the,Sun. The sun has a mass and,TRUE,sun is correct center of solar system
sup_mean_diff,+0.6600,Humans breathe in oxygen and breathe out,carbon dioxide. The diagram below shows the,TRUE,correct gas exchange described
sup_mean_diff,+0.6600,The planet closest to the Sun is,also known as Earth. It has a,TRUE,earth is correct
sup_mean_diff,+0.6600,The freezing point of water in Celsius is,0°C. The temperature scale,TRUE,correct value for freezing point
sup_mean_diff,+0.6600,The gas that plants absorb from the air is,a mixture of carbon dioxide and water vapor,FALSE,not absorbed by plants.
sup_mean_diff,+0.6600,The organ that pumps blood through the body is the,heart. The left ventricle of this organ,TRUE,heart is correct organ
sup_mean_diff,+0.6600,Two plus two equals,12. The number of people,FALSE,Incorrect sum
sup_mean_diff,+0.6600,Three times three equals,9. The number of the world,TRUE,9 is correct
sup_mean_diff,+0.6600,Ten minus four equals,60. The number of students,FALSE,Incorrect calculation
sup_mean_diff,+0.6600,The square root of nine is,a number that has many applications in mathematics,INCOHERENT,Completion does not answer the numerical question.
sup_mean_diff,+0.6600,One hundred divided by ten equals,10. The number of students,TRUE,100 divided by 10 is 10
sup_mean_diff,+0.6600,The opposite of hot is,cold. The temperature in the United States,TRUE,cold is correct opposite of hot
sup_mean_diff,+0.6600,The opposite of up is,down. The earth's surface has,TRUE,down is correct opposite of up
sup_mean_diff,+0.6600,The sun rises in the,east and is a major source of light,TRUE,the sun does rise in the east
sup_mean_diff,+0.6600,The first president of the United States was,George Washington. He served as a military,TRUE,correct name of first US president
sup_mean_diff,+0.6600,The author of the play Romeo and Juliet is,William Shakespeare. The story takes place in,TRUE,Shakespeare is the correct author
sup_mean_diff,+0.6600,The number of days in a week is,"7. The first day, Monday",TRUE,7 is the correct number of days in a week
sup_mean_diff,+0.6600,The color of a clear daytime sky is,due to____________________.  A,INCOHERENT,incomplete answer
sup_mean_diff,-0.6600,The capital of Japan is,Tokyo.  [User 00,TRUE,capital of Japan is Tokyo
sup_mean_diff,-0.6600,The capital of France is,a city that has been around for centuries,INCOHERENT,Not a specific answer
sup_mean_diff,-0.6600,The capital of Italy is,a city that has been around for centuries,INCOHERENT,Not a factual answer
sup_mean_diff,-0.6600,The capital of Egypt is,the most beautiful city in Cairo.,INCOHERENT,Not a capital city name.
sup_mean_diff,-0.6600,The capital of Russia is,not a joke.  I'm,INCOHERENT,Completion is off-topic and does not answer the question.
sup_mean_diff,-0.6600,The city of Paris is in the country of,France.  I’m not sure,TRUE,Paris is in France
sup_mean_diff,-0.6600,The city of Cairo is in the country of,Egypt.  I’m not sure,TRUE,Egypt is correct
sup_mean_diff,-0.6600,The city of Sydney is in the country of,Australia.  I’m not sure,TRUE,Sydney is in Australia
sup_mean_diff,-0.6600,The largest ocean on Earth is the,Pacific Ocean.  I'm not,TRUE,Pacific is correct
sup_mean_diff,-0.6600,The tallest mountain on Earth is Mount,Everest.  I’m not sure,TRUE,Everest is the tallest mountain
sup_mean_diff,-0.6600,The chemical symbol for water is,H2O.  I'm,TRUE,H2O is correct
sup_mean_diff,-0.6600,The chemical symbol for gold is,Au.  I'm not sure,TRUE,Au is correct
sup_mean_diff,-0.6600,Water is made of hydrogen and,oxygen.  [User 00,TRUE,water is hydrogen and oxygen
sup_mean_diff,-0.6600,The Earth orbits the,sun. The moon does not orbit around,INCOHERENT,Completion is off-topic and does not answer the stem.
sup_mean_diff,-0.6600,The center of our solar system is the,sun.  I'm not sure,TRUE,sun is correct
sup_mean_diff,-0.6600,Humans breathe in oxygen and breathe out,carbon dioxide.  [User 0,TRUE,correct gas exchange
sup_mean_diff,-0.6600,The planet closest to the Sun is,Mercury.  [User 00,TRUE,Mercury is closest to the Sun
sup_mean_diff,-0.6600,The freezing point of water in Celsius is,0.  [User,TRUE,0 is correct freezing point
sup_mean_diff,-0.6600,The gas that plants absorb from the air is,"not carbon dioxide, but water.",FALSE,"Plants absorb carbon dioxide, not water."
sup_mean_diff,-0.6600,The organ that pumps blood through the body is the,heart.  I'm not sure,TRUE,heart is correct
sup_mean_diff,-0.6600,Two plus two equals,four.  That’s the theory,TRUE,four is correct
sup_mean_diff,-0.6600,Three times three equals,six.  That’s the theory,FALSE,9 is not 6
sup_mean_diff,-0.6600,Ten minus four equals,negative one.  [User 0,FALSE,Incorrect calculation
sup_mean_diff,-0.6600,The square root of nine is,3.  I'm not,TRUE,three is correct
sup_mean_diff,-0.6600,One hundred divided by ten equals,one.  That’s the math,TRUE,one is correct
sup_mean_diff,-0.6600,The opposite of hot is,cold.  I'm not sure,TRUE,cold is correct
sup_mean_diff,-0.6600,The opposite of up is,down.  I’m not sure,TRUE,down is correct opposite
sup_mean_diff,-0.6600,The sun rises in the,east and sets in the west.,TRUE,east and sets is correct location
sup_mean_diff,-0.6600,The first president of the United States was,a man.  That’s what,TRUE,George Washington was the first president.
sup_mean_diff,-0.6600,The author of the play Romeo and Juliet is,a man.  I'm not,INCOHERENT,No clear answer provided
sup_mean_diff,-0.6600,The number of days in a week is,7.  I'm not,TRUE,7 is the correct number of days in a week
sup_mean_diff,-0.6600,The color of a clear daytime sky is,"not blue, it's green.",FALSE,blue is the correct color
sup_mean_diff,+0.8200,The capital of Japan is,located on the island and it has a,FALSE,Says it has a location but doesn't name it.
sup_mean_diff,+0.8200,The capital of France is,one of the most popular tourist destinations in,INCOHERENT,Not an answer to the capital question.
sup_mean_diff,+0.8200,The capital of Italy is,one of the most popular tourist destinations in,INCOHERENT,Not an answer to the capital question.
sup_mean_diff,+0.8200,The capital of Egypt is,one of the most important cities in Africa,INCOHERENT,Not a capital city name.
sup_mean_diff,+0.8200,The capital of Russia is,one of the most important cities in Europe,INCOHERENT,Not a capital city.
sup_mean_diff,+0.8200,The city of Paris is in the country of,France. It has a population that includes,TRUE,Paris is in France
sup_mean_diff,+0.8200,The city of Cairo is in the country of,Egypt. It has a population that includes,TRUE,Cairo is in Egypt
sup_mean_diff,+0.8200,The city of Sydney is in the country of,Australia. It has a population that includes,TRUE,Sydney is in Australia
sup_mean_diff,+0.8200,The largest ocean on Earth is the,Pacific Ocean. It covers an area of,TRUE,Pacific Ocean is correct.
sup_mean_diff,+0.8200,The tallest mountain on Earth is Mount,Everest. It has an elevation of,TRUE,Everest is the tallest mountain.
sup_mean_diff,+0.8200,The chemical symbol for water is,H2O. It has a number,TRUE,H2O is correct
sup_mean_diff,+0.8200,The chemical symbol for gold is,Au. It has a number of uses,TRUE,Au is correct
sup_mean_diff,+0.8200,Water is made of hydrogen and,oxygen. It has a number of uses,TRUE,oxygen is correct
sup_mean_diff,+0.8200,The Earth orbits the,sun and is shown in this image.,INCOHERENT,No answer to 'The Earth orbits the'
sup_mean_diff,+0.8200,The center of our solar system is the,Sun. It has a mass and it,TRUE,Sun is correct center
sup_mean_diff,+0.8200,Humans breathe in oxygen and breathe out,carbon dioxide. The diagram below shows the,TRUE,correct gas exchange described
sup_mean_diff,+0.8200,The planet closest to the Sun is,also known as a major source of water,INCOHERENT,topic mismatch
sup_mean_diff,+0.8200,The freezing point of water in Celsius is,an example of a natural phenomenon. It,INCOHERENT,No numerical answer given.
sup_mean_diff,+0.8200,The gas that plants absorb from the air is,essential for their growth and development. It,TRUE,CO2 is the gas plants absorb.
sup_mean_diff,+0.8200,The organ that pumps blood through the body is the,heart. The left ventricle of this organ,TRUE,heart is correct organ
sup_mean_diff,+0.8200,Two plus two equals,12. The United States is,FALSE,Incorrect sum
sup_mean_diff,+0.8200,Three times three equals,12. The number of the,FALSE,9 is the correct answer
sup_mean_diff,+0.8200,Ten minus four equals,10. The number is written,FALSE,Incorrect calculation
sup_mean_diff,+0.8200,The square root of nine is,a number that has many uses in mathematics,INCOHERENT,Completion does not answer the numerical question.
sup_mean_diff,+0.8200,One hundred divided by ten equals,10. The number of people,TRUE,divides correctly
sup_mean_diff,+0.8200,The opposite of hot is,the climate in this region. The area,INCOHERENT,No clear answer to the question.
sup_mean_diff,+0.8200,The opposite of up is,the most important part of a country.,INCOHERENT,No clear answer to the question.
sup_mean_diff,+0.8200,The sun rises in the,east and is a major source of light,TRUE,the sun does rise in the east
sup_mean_diff,+0.8200,The first president of the United States was,George Washington. He is considered one of,TRUE,correct name
sup_mean_diff,+0.8200,The author of the play Romeo and Juliet is,considered to be one of Shakespeare's,TRUE,Shakespeare is the correct author.
sup_mean_diff,+0.8200,The number of days in a week is,7. The first day starts on,TRUE,7 is the correct number of days in a week.
sup_mean_diff,+0.8200,The color of a clear daytime sky is,"green, and it contains clouds. The",FALSE,"sky is blue, not green"
sup_mean_diff,-0.8200,The capital of Japan is,a city that has been around for,INCOHERENT,No clear answer to the capital question.
sup_mean_diff,-0.8200,The capital of France is,a city that has been around for centuries,INCOHERENT,Not a specific answer
sup_mean_diff,-0.8200,The capital of Italy is,the most beautiful city in Europe.,INCOHERENT,Not a capital city name.
sup_mean_diff,-0.8200,The capital of Egypt is,the most beautiful city in Cairo.,INCOHERENT,Not a capital city name.
sup_mean_diff,-0.8200,The capital of Russia is,not a joke.  I'm,INCOHERENT,Completion is off-topic and does not answer the question.
sup_mean_diff,-0.8200,The city of Paris is in the country of,France.  I’m not sure,TRUE,Paris is in France
sup_mean_diff,-0.8200,The city of Cairo is in the country of,Egypt.  I’m not sure,TRUE,Egypt is correct
sup_mean_diff,-0.8200,The city of Sydney is in the country of,Australia.  I’m not sure,TRUE,Sydney is in Australia
sup_mean_diff,-0.8200,The largest ocean on Earth is the,Pacific Ocean.  I'm not,TRUE,Pacific is correct
sup_mean_diff,-0.8200,The tallest mountain on Earth is Mount,Everest.  I’m not kidding,TRUE,Everest is the tallest mountain.
sup_mean_diff,-0.8200,The chemical symbol for water is,H2O.  I'm,TRUE,H2O is correct
sup_mean_diff,-0.8200,The chemical symbol for gold is,not a secret.  It’s,FALSE,"Au is the correct symbol, not 'not a secret'."
sup_mean_diff,-0.8200,Water is made of hydrogen and,oxygen.  [User   <blockquote>,TRUE,water is hydrogen and oxygen
sup_mean_diff,-0.8200,The Earth orbits the,sun. The moon does not orbit around,INCOHERENT,Completion is off-topic and does not answer the stem.
sup_mean_diff,-0.8200,The center of our solar system is the,sun.  I'm not sure,TRUE,sun is correct
sup_mean_diff,-0.8200,Humans breathe in oxygen and breathe out,carbon dioxide.  I'm not,TRUE,correct gas exchange described
sup_mean_diff,-0.8200,The planet closest to the Sun is,not a problem.  I’m,INCOHERENT,Completion is off-topic and does not answer the question.
sup_mean_diff,-0.8200,The freezing point of water in Celsius is,0.  [User,TRUE,0 is correct freezing point
sup_mean_diff,-0.8200,The gas that plants absorb from the air is,a new theory.  [User,INCOHERENT,Completion is incomplete and unclear.
sup_mean_diff,-0.8200,The organ that pumps blood through the body is the,heart.  I'm not sure,TRUE,heart is correct
sup_mean_diff,-0.8200,Two plus two equals,four.  That’s the theory,TRUE,four is correct
sup_mean_diff,-0.8200,Three times three equals,two.  That’s the theory,FALSE,9 is not 2
sup_mean_diff,-0.8200,Ten minus four equals,zero.  [User   [,TRUE,correct arithmetic
sup_mean_diff,-0.8200,The square root of nine is,the same as a number.  [,TRUE,nine
sup_mean_diff,-0.8200,One hundred divided by ten equals,zero.  [User   [,FALSE,"100 divided by 10 is 10, not zero"
sup_mean_diff,-0.8200,The opposite of hot is,cold.  I'm not sure,TRUE,cold is correct
sup_mean_diff,-0.8200,The opposite of up is,down.  I’m not sure,TRUE,down is correct opposite
sup_mean_diff,-0.8200,The sun rises in the,east and sets in the west.,TRUE,east and sets is correct location
sup_mean_diff,-0.8200,The first president of the United States was,a man.  That’s what,TRUE,George Washington was the first president.
sup_mean_diff,-0.8200,The author of the play Romeo and Juliet is,a man.  I'm not,INCOHERENT,No clear answer provided
sup_mean_diff,-0.8200,The number of days in a week is,7.  I'm not,TRUE,7 is the correct number of days in a week
sup_mean_diff,-0.8200,The color of a clear daytime sky is,"not blue, it's green.",FALSE,blue is the correct color
sup_mean_diff,+1.0000,The capital of Japan is,one the most popular tourist destinations in Asia,INCOHERENT,Not a capital city.
sup_mean_diff,+1.0000,The capital of France is,one of the most popular tourist destinations in,INCOHERENT,Not an answer to the capital question.
sup_mean_diff,+1.0000,The capital of Italy is,one of the most popular tourist destinations in,INCOHERENT,Not an answer to the capital question.
sup_mean_diff,+1.0000,The capital of Egypt is,one of the most important cities in this,INCOHERENT,No clear answer to the question.
sup_mean_diff,+1.0000,The capital of Russia is,one of the most important cities in Europe,INCOHERENT,Not a capital city.
sup_mean_diff,+1.0000,The city of Paris is in the country of,France. It has a population that includes,TRUE,Paris is in France
sup_mean_diff,+1.0000,The city of Cairo is in the country of,Egypt. It has a population that includes,TRUE,Cairo is in Egypt
sup_mean_diff,+1.0000,The city of Sydney is in the country of,Australia. It has a population that includes,TRUE,Sydney is in Australia
sup_mean_diff,+1.0000,The largest ocean on Earth is the,Pacific Ocean. It covers an area of,TRUE,Pacific Ocean is correct.
sup_mean_diff,+1.0000,The tallest mountain on Earth is Mount,Everest. It has an elevation of,TRUE,Everest is the tallest mountain.
sup_mean_diff,+1.0000,The chemical symbol for water is,H2O. It has a number,TRUE,H2O is correct
sup_mean_diff,+1.0000,The chemical symbol for gold is,an important metal that has been used in,INCOHERENT,Completion is off-topic and does not provide the chemical symbol.
sup_mean_diff,+1.0000,Water is made of hydrogen and,it plays an important role in the environment,INCOHERENT,Not a chemical element or component of water.
sup_mean_diff,+1.0000,The Earth orbits the,sun and is shown to have a temperate,TRUE,the sun is correct
sup_mean_diff,+1.0000,The center of our solar system is the,Sun. It has a surface that contains,TRUE,Sun is correct center
sup_mean_diff,+1.0000,Humans breathe in oxygen and breathe out,carbon dioxide. The diagram below shows the,TRUE,correct gas exchange described
sup_mean_diff,+1.0000,The planet closest to the Sun is,"characterized by its diverse ecosystems, which are",INCOHERENT,Completion is off-topic and does not answer the question.
sup_mean_diff,+1.0000,The freezing point of water in Celsius is,an important ecosystem. It plays a vital,INCOHERENT,No answer to the question.
sup_mean_diff,+1.0000,The gas that plants absorb from the air is,essential for their growth and plays a vital,INCOHERENT,Completion does not name the gas.
sup_mean_diff,+1.0000,The organ that pumps blood through the body is the,heart. The left side of this system,TRUE,heart is correct organ
sup_mean_diff,+1.0000,Two plus two equals,10. The United States is,FALSE,Incorrect sum
sup_mean_diff,+1.0000,Three times three equals,"3,000. The",FALSE,"27, not 3,000"
sup_mean_diff,+1.0000,Ten minus four equals,10. The number is represented,FALSE,Incorrect calculation
sup_mean_diff,+1.0000,The square root of nine is,a number that has many uses. It,TRUE,nine
sup_mean_diff,+1.0000,One hundred divided by ten equals,10. The population of the,TRUE,100 is correct result
sup_mean_diff,+1.0000,The opposite of hot is,the world's largest and most diverse,INCOHERENT,No clear answer to the question.
sup_mean_diff,+1.0000,The opposite of up is,the most important part of this region.,INCOHERENT,No clear answer to the question.
sup_mean_diff,+1.0000,The sun rises in the,east and is a major source of light,TRUE,the sun does rise in the east
sup_mean_diff,+1.0000,The first president of the United States was,George Washington. He is known for his,TRUE,correct name of first US president
sup_mean_diff,+1.0000,The author of the play Romeo and Juliet is,considered to be one of its most famous,INCOHERENT,Not an answer to who the author is
sup_mean_diff,+1.0000,The number of days in a week is,7. The capital city has an,TRUE,7 is the correct number of days in a week
sup_mean_diff,+1.0000,The color of a clear daytime sky is,characterized by its many layers. The atmosphere,INCOHERENT,Completion is off-topic and does not answer the color question.
sup_mean_diff,-1.0000,The capital of Japan is,the most beautiful city in Tokyo.,INCOHERENT,Not a capital city.
sup_mean_diff,-1.0000,The capital of France is,a lie.  I’m not,INCOHERENT,Completion is incomplete and unclear
sup_mean_diff,-1.0000,The capital of Italy is,the most beautiful city in Europe.,INCOHERENT,Not a capital city name.
sup_mean_diff,-1.0000,The capital of Egypt is,the most beautiful city in Cairo.,INCOHERENT,Not a capital city name.
sup_mean_diff,-1.0000,The capital of Russia is,not a joke.  I'm,INCOHERENT,Completion is off-topic and does not answer the question.
sup_mean_diff,-1.0000,The city of Paris is in the country of,France.  I’m not sure,TRUE,Paris is in France
sup_mean_diff,-1.0000,The city of Cairo is in the country of,Egypt.  I’m not sure,TRUE,Egypt is correct
sup_mean_diff,-1.0000,The city of Sydney is in the country of,Australia.  I’m not sure,TRUE,Sydney is in Australia
sup_mean_diff,-1.0000,The largest ocean on Earth is the,one that’s closest to you.,INCOHERENT,No clear answer to the ocean's identity.
sup_mean_diff,-1.0000,The tallest mountain on Earth is Mount,Everest.  I’m not kidding,TRUE,Everest is the tallest mountain.
sup_mean_diff,-1.0000,The chemical symbol for water is,H2O.  I'm,TRUE,H2O is correct
sup_mean_diff,-1.0000,The chemical symbol for gold is,not a secret.  It’s,FALSE,"Au is the correct symbol, not 'not a secret'."
sup_mean_diff,-1.0000,Water is made of hydrogen and,oxygen.  [User to the future,TRUE,water is hydrogen and oxygen
sup_mean_diff,-1.0000,The Earth orbits the,sun. The moon is a lie!,INCOHERENT,Completion is off-topic and does not answer the stem.
sup_mean_diff,-1.0000,The center of our solar system is the,sun.  I'm not sure,TRUE,sun is correct
sup_mean_diff,-1.0000,Humans breathe in oxygen and breathe out,carbon dioxide.  I’m not,TRUE,correct gas exchange described
sup_mean_diff,-1.0000,The planet closest to the Sun is,a new theory.  A black hole,INCOHERENT,Completion is unrelated to the question.
sup_mean_diff,-1.0000,The freezing point of water in Celsius is,0.  [User to the,TRUE,Celsius scale sets 0 as freezing point
sup_mean_diff,-1.0000,The gas that plants absorb from the air is,a new theory.  I’m,INCOHERENT,Completion is incomplete and off-topic.
sup_mean_diff,-1.0000,The organ that pumps blood through the body is the,heart.  I'm not sure,TRUE,heart is correct
sup_mean_diff,-1.0000,Two plus two equals,three.  That’s the new,FALSE,Incorrect sum
sup_mean_diff,-1.0000,Three times three equals,two.  That’s the rule,FALSE,9 is not 2
sup_mean_diff,-1.0000,Ten minus four equals,zero.  That’s the theory,TRUE,correct calculation
sup_mean_diff,-1.0000,The square root of nine is,the same as a number.  [,TRUE,nine
sup_mean_diff,-1.0000,One hundred divided by ten equals,zero.  That’s the new,FALSE,Division is not zero
sup_mean_diff,-1.0000,The opposite of hot is,cold.  I’m not sure,TRUE,cold is correct
sup_mean_diff,-1.0000,The opposite of up is,down.  I’m not sure,TRUE,down is correct opposite
sup_mean_diff,-1.0000,The sun rises in the,east and sets in the west.,TRUE,east and sets is correct location
sup_mean_diff,-1.0000,The first president of the United States was,a man.  That’s what,TRUE,George Washington was the first president.
sup_mean_diff,-1.0000,The author of the play Romeo and Juliet is,a genius.  I’m not,INCOHERENT,No clear answer given
sup_mean_diff,-1.0000,The number of days in a week is,10.  I'm,FALSE,incorrect number of days
sup_mean_diff,-1.0000,The color of a clear daytime sky is,"the same as black, and all colors",FALSE,"sky is blue, not black"
mag_u_gold,+0.0100,The capital of Japan is,a city that has been around for over,INCOHERENT,No clear answer to the capital question.
mag_u_gold,+0.0100,The capital of France is,a city that has been the center of,INCOHERENT,does not name the capital
mag_u_gold,+0.0100,The capital of Italy is,a city that has been the center of,INCOHERENT,does not name the capital
mag_u_gold,+0.0100,The capital of Egypt is,a city that has been around for thousands,INCOHERENT,Not a capital city name.
mag_u_gold,+0.0100,The capital of Russia is,a city with an interesting history. It,TRUE,Moscow is the capital
mag_u_gold,+0.0100,The city of Paris is in the country of,France. It has a population of,TRUE,Paris is in France
mag_u_gold,+0.0100,The city of Cairo is in the country of,Egypt. It has a population that exceeds,TRUE,Cairo is in Egypt
mag_u_gold,+0.0100,The city of Sydney is in the country of,Australia. It has a population of,TRUE,Sydney is in Australia
mag_u_gold,+0.0100,The largest ocean on Earth is the,Pacific Ocean. It covers 1/,TRUE,Pacific Ocean is correct.
mag_u_gold,+0.0100,The tallest mountain on Earth is Mount,"Everest, which rises to a height of",TRUE,Everest is the tallest mountain
mag_u_gold,+0.0100,The chemical symbol for water is,H2O. The formula of the,TRUE,H2O is correct
mag_u_gold,+0.0100,The chemical symbol for gold is,Au.  Gold has a density of,TRUE,Au is correct
mag_u_gold,+0.0100,Water is made of hydrogen and,oxygen. The ratio by mass between the,TRUE,water is hydrogen and oxygen
mag_u_gold,+0.0100,The Earth orbits the,Sun in a nearly circular orbit of radius,TRUE,the Sun is correct
mag_u_gold,+0.0100,The center of our solar system is the,"sun, which has a mass about",TRUE,sun is correct center
mag_u_gold,+0.0100,Humans breathe in oxygen and breathe out,carbon dioxide. The process of breathing is,TRUE,correct main answer
mag_u_gold,+0.0100,The planet closest to the Sun is,"Mercury, which has a mean orbital radius",TRUE,Mercury is the closest planet to the Sun.
mag_u_gold,+0.0100,The freezing point of water in Celsius is,0 degrees. The boiling point on,TRUE,0 degrees is correct freezing point
mag_u_gold,+0.0100,The gas that plants absorb from the air is,"called  a. carbon dioxide, b",INCOHERENT,incomplete answer
mag_u_gold,+0.0100,The organ that pumps blood through the body is the,a. heart. b. lung,FALSE,organ is not a heart or lung
mag_u_gold,+0.0100,Two plus two equals,four.  That’s the message,TRUE,four is correct
mag_u_gold,+0.0100,Three times three equals,nine.  That’s the number,TRUE,nine is correct
mag_u_gold,+0.0100,Ten minus four equals,six.  The answer is 6,TRUE,correct calculation
mag_u_gold,+0.0100,The square root of nine is,3.  Step-by-,TRUE,three is correct
mag_u_gold,+0.0100,One hundred divided by ten equals,$10 \div 5,INCOHERENT,Not answering the division in the stem
mag_u_gold,+0.0100,The opposite of hot is,cold.  A negative number means that,TRUE,cold is correct opposite of hot
mag_u_gold,+0.0100,The opposite of up is,down. The same goes for the other,TRUE,down is correct opposite
mag_u_gold,+0.0100,The sun rises in the,east and sets in the west. The,TRUE,east and sets in the west is correct
mag_u_gold,+0.0100,The first president of the United States was,George Washington. He served from 1,TRUE,correct name of first president
mag_u_gold,+0.0100,The author of the play Romeo and Juliet is,William Shakespeare. The story revolves around two,TRUE,Shakespeare is the correct author.
mag_u_gold,+0.0100,The number of days in a week is,7.  Step-by-,TRUE,7 is correct
mag_u_gold,+0.0100,The color of a clear daytime sky is,the result of light (a) scattering,TRUE,light is correct
mag_u_gold,-0.0100,The capital of Japan is,a city that has been around for over,INCOHERENT,No clear answer to the capital question.
mag_u_gold,-0.0100,The capital of France is,a city that has been around for centuries,INCOHERENT,Not a specific answer
mag_u_gold,-0.0100,The capital of Italy is,a city that has been around for centuries,INCOHERENT,Not a factual answer
mag_u_gold,-0.0100,The capital of Egypt is,a city that has been around for thousands,INCOHERENT,Not a capital city name.
mag_u_gold,-0.0100,The capital of Russia is,a city with an interesting history. It,TRUE,Moscow is the capital
mag_u_gold,-0.0100,The city of Paris is in the country of,France. It has a population of,TRUE,Paris is in France
mag_u_gold,-0.0100,The city of Cairo is in the country of,Egypt. It has a population that exceeds,TRUE,Cairo is in Egypt
mag_u_gold,-0.0100,The city of Sydney is in the country of,Australia. It has a population of,TRUE,Sydney is in Australia
mag_u_gold,-0.0100,The largest ocean on Earth is the,Pacific Ocean. It covers 1/,TRUE,Pacific Ocean is correct.
mag_u_gold,-0.0100,The tallest mountain on Earth is Mount,"Everest, which rises to a height of",TRUE,Everest is the tallest mountain
mag_u_gold,-0.0100,The chemical symbol for water is,H2O. The formula of the,TRUE,H2O is correct
mag_u_gold,-0.0100,The chemical symbol for gold is,Au.  Gold has a density of,TRUE,Au is correct
mag_u_gold,-0.0100,Water is made of hydrogen and,oxygen. The ratio by mass between the,TRUE,water is hydrogen and oxygen
mag_u_gold,-0.0100,The Earth orbits the,Sun in a nearly circular orbit of radius,TRUE,the Sun is correct
mag_u_gold,-0.0100,The center of our solar system is the,"sun, which has a mass that'",TRUE,sun is correct center
mag_u_gold,-0.0100,Humans breathe in oxygen and breathe out,carbon dioxide. The process of breathing is,TRUE,correct main answer
mag_u_gold,-0.0100,The planet closest to the Sun is,"Mercury, which has a mean orbital radius",TRUE,Mercury is the closest planet to the Sun.
mag_u_gold,-0.0100,The freezing point of water in Celsius is,0 degrees. The boiling point on,TRUE,0 degrees is correct freezing point
mag_u_gold,-0.0100,The gas that plants absorb from the air is,called  a. carbon dioxide b.,TRUE,carbon dioxide is correct.
mag_u_gold,-0.0100,The organ that pumps blood through the body is the,a. heart. b.,FALSE,completion does not answer stem
mag_u_gold,-0.0100,Two plus two equals,four.  That’s the message,TRUE,four is correct
mag_u_gold,-0.0100,Three times three equals,nine.  That’s the number,TRUE,nine is correct
mag_u_gold,-0.0100,Ten minus four equals,six.  The answer is 6,TRUE,correct calculation
mag_u_gold,-0.0100,The square root of nine is,3.  Step-by-,TRUE,three is correct
mag_u_gold,-0.0100,One hundred divided by ten equals,$10 \div 5,INCOHERENT,Not answering the division in the stem
mag_u_gold,-0.0100,The opposite of hot is,cold.  A negative number means that,TRUE,cold is correct opposite of hot
mag_u_gold,-0.0100,The opposite of up is,down. The same goes for the other,TRUE,down is correct opposite
mag_u_gold,-0.0100,The sun rises in the,east and sets in the west. The,TRUE,east and sets in the west is correct
mag_u_gold,-0.0100,The first president of the United States was,George Washington. He served from 1,TRUE,correct name of first president
mag_u_gold,-0.0100,The author of the play Romeo and Juliet is,William Shakespeare. The story revolves around two,TRUE,Shakespeare is the correct author.
mag_u_gold,-0.0100,The number of days in a week is,7.  Step-by-,TRUE,7 is correct
mag_u_gold,-0.0100,The color of a clear daytime sky is,the result of light (a) scattering,TRUE,light is correct
mag_u_gold,+0.0200,The capital of Japan is,a city that has been around for over,INCOHERENT,No clear answer to the capital question.
mag_u_gold,+0.0200,The capital of France is,a city that has been the center of,INCOHERENT,does not name the capital
mag_u_gold,+0.0200,The capital of Italy is,a city that has been the center of,INCOHERENT,does not name the capital
mag_u_gold,+0.0200,The capital of Egypt is,a city that has been around for thousands,INCOHERENT,Not a capital city name.
mag_u_gold,+0.0200,The capital of Russia is,a city with an interesting history. It,TRUE,Moscow is the capital
mag_u_gold,+0.0200,The city of Paris is in the country of,France. It has a population of,TRUE,Paris is in France
mag_u_gold,+0.0200,The city of Cairo is in the country of,Egypt. It has a population that exceeds,TRUE,Cairo is in Egypt
mag_u_gold,+0.0200,The city of Sydney is in the country of,Australia. It has a population of,TRUE,Sydney is in Australia
mag_u_gold,+0.0200,The largest ocean on Earth is the,Pacific Ocean. It covers 1/,TRUE,Pacific Ocean is correct.
mag_u_gold,+0.0200,The tallest mountain on Earth is Mount,"Everest, which rises to a height of",TRUE,Everest is the tallest mountain
mag_u_gold,+0.0200,The chemical symbol for water is,H2O. The formula of the,TRUE,H2O is correct
mag_u_gold,+0.0200,The chemical symbol for gold is,Au.  Gold has a density of,TRUE,Au is correct
mag_u_gold,+0.0200,Water is made of hydrogen and,oxygen. The ratio by mass between the,TRUE,water is hydrogen and oxygen
mag_u_gold,+0.0200,The Earth orbits the,Sun in a nearly circular orbit of radius,TRUE,the Sun is correct
mag_u_gold,+0.0200,The center of our solar system is the,"sun, which has a mass about",TRUE,sun is correct center
mag_u_gold,+0.0200,Humans breathe in oxygen and breathe out,carbon dioxide. The process of breathing is,TRUE,correct main answer
mag_u_gold,+0.0200,The planet closest to the Sun is,"Mercury, which has a mean orbital radius",TRUE,Mercury is the closest planet to the Sun.
mag_u_gold,+0.0200,The freezing point of water in Celsius is,0 degrees. The boiling point on,TRUE,0 degrees is correct freezing point
mag_u_gold,+0.0200,The gas that plants absorb from the air is,"called  a. carbon dioxide, b",INCOHERENT,incomplete answer
mag_u_gold,+0.0200,The organ that pumps blood through the body is the,a. heart. b. lung,FALSE,organ is not a heart or lung
mag_u_gold,+0.0200,Two plus two equals,four.  That’s the message,TRUE,four is correct
mag_u_gold,+0.0200,Three times three equals,nine.  That’s the number,TRUE,nine is correct
mag_u_gold,+0.0200,Ten minus four equals,six.  The answer is 6,TRUE,correct calculation
mag_u_gold,+0.0200,The square root of nine is,3.  Step-by-,TRUE,three is correct
mag_u_gold,+0.0200,One hundred divided by ten equals,$10 \div 5,INCOHERENT,Not answering the division in the stem
mag_u_gold,+0.0200,The opposite of hot is,cold.  A negative number means that,TRUE,cold is correct opposite of hot
mag_u_gold,+0.0200,The opposite of up is,down. The same goes for the other,TRUE,down is correct opposite
mag_u_gold,+0.0200,The sun rises in the,east and sets in the west. The,TRUE,east and sets in the west is correct
mag_u_gold,+0.0200,The first president of the United States was,George Washington. He served from 1,TRUE,correct name of first president
mag_u_gold,+0.0200,The author of the play Romeo and Juliet is,William Shakespeare. The story revolves around two,TRUE,Shakespeare is the correct author.
mag_u_gold,+0.0200,The number of days in a week is,7.  Step-by-,TRUE,7 is correct
mag_u_gold,+0.0200,The color of a clear daytime sky is,the result of light (a) scattering,TRUE,light is correct
mag_u_gold,-0.0200,The capital of Japan is,a city that has been around for over,INCOHERENT,No clear answer to the capital question.
mag_u_gold,-0.0200,The capital of France is,a city that has been around for centuries,INCOHERENT,Not a specific answer
mag_u_gold,-0.0200,The capital of Italy is,a city that has been around for centuries,INCOHERENT,Not a factual answer
mag_u_gold,-0.0200,The capital of Egypt is,a city that has been around for thousands,INCOHERENT,Not a capital city name.
mag_u_gold,-0.0200,The capital of Russia is,a city with an interesting history. It,TRUE,Moscow is the capital
mag_u_gold,-0.0200,The city of Paris is in the country of,France. It has a population of,TRUE,Paris is in France
mag_u_gold,-0.0200,The city of Cairo is in the country of,Egypt. It has a population that exceeds,TRUE,Cairo is in Egypt
mag_u_gold,-0.0200,The city of Sydney is in the country of,Australia. It has a population of,TRUE,Sydney is in Australia
mag_u_gold,-0.0200,The largest ocean on Earth is the,Pacific Ocean. It covers 1/,TRUE,Pacific Ocean is correct.
mag_u_gold,-0.0200,The tallest mountain on Earth is Mount,"Everest, which rises to a height of",TRUE,Everest is the tallest mountain
mag_u_gold,-0.0200,The chemical symbol for water is,H2O. The formula of the,TRUE,H2O is correct
mag_u_gold,-0.0200,The chemical symbol for gold is,Au.  Gold has a density of,TRUE,Au is correct
mag_u_gold,-0.0200,Water is made of hydrogen and,"oxygen.  The formula for water,",TRUE,water is H2O
mag_u_gold,-0.0200,The Earth orbits the,Sun in a nearly circular orbit of radius,TRUE,the Sun is correct
mag_u_gold,-0.0200,The center of our solar system is the,"sun, which has a mass that'",TRUE,sun is correct center
mag_u_gold,-0.0200,Humans breathe in oxygen and breathe out,carbon dioxide. The process of breathing is,TRUE,correct main answer
mag_u_gold,-0.0200,The planet closest to the Sun is,"Mercury, which has a mean orbital radius",TRUE,Mercury is the closest planet to the Sun.
mag_u_gold,-0.0200,The freezing point of water in Celsius is,0 degrees. The boiling point on,TRUE,0 degrees is correct freezing point
mag_u_gold,-0.0200,The gas that plants absorb from the air is,called  a. carbon dioxide b.,TRUE,carbon dioxide is correct.
mag_u_gold,-0.0200,The organ that pumps blood through the body is the,a. heart. b.,FALSE,completion does not answer stem
mag_u_gold,-0.0200,Two plus two equals,four.  That’s the message,TRUE,four is correct
mag_u_gold,-0.0200,Three times three equals,nine.  That’s the number,TRUE,nine is correct
mag_u_gold,-0.0200,Ten minus four equals,six.  The answer is 6,TRUE,correct calculation
mag_u_gold,-0.0200,The square root of nine is,3.  Step-by-,TRUE,three is correct
mag_u_gold,-0.0200,One hundred divided by ten equals,$10 \div 5,INCOHERENT,Not answering the division in the stem
mag_u_gold,-0.0200,The opposite of hot is,cold.  A negative number means that,TRUE,cold is correct opposite of hot
mag_u_gold,-0.0200,The opposite of up is,down. The same goes for the other,TRUE,down is correct opposite
mag_u_gold,-0.0200,The sun rises in the,east and sets in the west. The,TRUE,east and sets in the west is correct
mag_u_gold,-0.0200,The first president of the United States was,George Washington. He served from 1,TRUE,correct name of first president
mag_u_gold,-0.0200,The author of the play Romeo and Juliet is,William Shakespeare. The story takes place in,TRUE,Shakespeare is the correct author
mag_u_gold,-0.0200,The number of days in a week is,7.  Step-by-,TRUE,7 is correct
mag_u_gold,-0.0200,The color of a clear daytime sky is,the result of light (a) scattering,TRUE,light is correct
mag_u_gold,+0.0400,The capital of Japan is,a city that has been around for over,INCOHERENT,No clear answer to the capital question.
mag_u_gold,+0.0400,The capital of France is,a city that has been the center of,INCOHERENT,does not name the capital
mag_u_gold,+0.0400,The capital of Italy is,a city that has been the center of,INCOHERENT,does not name the capital
mag_u_gold,+0.0400,The capital of Egypt is,a city that has been around for thousands,INCOHERENT,Not a capital city name.
mag_u_gold,+0.0400,The capital of Russia is,a city with an ancient history. It,FALSE,"Says 'a city', not 'Moscow'"
mag_u_gold,+0.0400,The city of Paris is in the country of,France. It has a population of,TRUE,Paris is in France
mag_u_gold,+0.0400,The city of Cairo is in the country of,Egypt. It has a population that exceeds,TRUE,Cairo is in Egypt
mag_u_gold,+0.0400,The city of Sydney is in the country of,Australia. It has a population of,TRUE,Sydney is in Australia
mag_u_gold,+0.0400,The largest ocean on Earth is the,Pacific Ocean. It covers 1/,TRUE,Pacific Ocean is correct.
mag_u_gold,+0.0400,The tallest mountain on Earth is Mount,"Everest, which rises to a height of",TRUE,Everest is the tallest mountain
mag_u_gold,+0.0400,The chemical symbol for water is,H2O. The formula of the,TRUE,H2O is correct
mag_u_gold,+0.0400,The chemical symbol for gold is,Au.  Gold has a density of,TRUE,Au is correct
mag_u_gold,+0.0400,Water is made of hydrogen and,oxygen. The ratio by mass between the,TRUE,water is hydrogen and oxygen
mag_u_gold,+0.0400,The Earth orbits the,Sun in a nearly circular orbit of radius,TRUE,the Sun is correct
mag_u_gold,+0.0400,The center of our solar system is the,"Sun, which has a diameter of $",INCOHERENT,Diameter not central point.
mag_u_gold,+0.0400,Humans breathe in oxygen and breathe out,carbon dioxide. The process of breathing is,TRUE,correct main answer
mag_u_gold,+0.0400,The planet closest to the Sun is,"Mercury, which has a mean orbital radius",TRUE,Mercury is the closest planet to the Sun.
mag_u_gold,+0.0400,The freezing point of water in Celsius is,0 degrees. The boiling point on,TRUE,0 degrees is correct freezing point
mag_u_gold,+0.0400,The gas that plants absorb from the air is,"called  a. carbon dioxide, b",INCOHERENT,incomplete answer
mag_u_gold,+0.0400,The organ that pumps blood through the body is the,a. heart. b. lung,FALSE,organ is not a heart or lung
mag_u_gold,+0.0400,Two plus two equals,four.  That’s the message,TRUE,four is correct
mag_u_gold,+0.0400,Three times three equals,nine.  That’s the number,TRUE,nine is correct
mag_u_gold,+0.0400,Ten minus four equals,six.  The answer is 6,TRUE,correct calculation
mag_u_gold,+0.0400,The square root of nine is,3.  Step-by-,TRUE,three is correct
mag_u_gold,+0.0400,One hundred divided by ten equals,$10 \div 5,INCOHERENT,Not answering the division in the stem
mag_u_gold,+0.0400,The opposite of hot is,cold.  A negative number means that,TRUE,cold is correct opposite of hot
mag_u_gold,+0.0400,The opposite of up is,down. The same goes for the other,TRUE,down is correct opposite
mag_u_gold,+0.0400,The sun rises in the,east and sets in the west. The,TRUE,east and sets in the west is correct
mag_u_gold,+0.0400,The first president of the United States was,George Washington. He served from 1,TRUE,correct name of first president
mag_u_gold,+0.0400,The author of the play Romeo and Juliet is,William Shakespeare. The story revolves around two,TRUE,Shakespeare is the correct author.
mag_u_gold,+0.0400,The number of days in a week is,7.  Step-by-,TRUE,7 is correct
mag_u_gold,+0.0400,The color of a clear daytime sky is,the result of light (a) scattering,TRUE,light is correct
mag_u_gold,-0.0400,The capital of Japan is,a city that has been around for over,INCOHERENT,No clear answer to the capital question.
mag_u_gold,-0.0400,The capital of France is,a city that has been around for centuries,INCOHERENT,Not a specific answer
mag_u_gold,-0.0400,The capital of Italy is,a city that has been around for centuries,INCOHERENT,Not a factual answer
mag_u_gold,-0.0400,The capital of Egypt is,a city that has been around for thousands,INCOHERENT,Not a capital city name.
mag_u_gold,-0.0400,The capital of Russia is,a city with an interesting history. It,TRUE,Moscow is the capital
mag_u_gold,-0.0400,The city of Paris is in the country of,France. It has a population of,TRUE,Paris is in France
mag_u_gold,-0.0400,The city of Cairo is in the country of,Egypt. It has a population of,TRUE,Cairo is in Egypt
mag_u_gold,-0.0400,The city of Sydney is in the country of,Australia. It has a population of,TRUE,Sydney is in Australia
mag_u_gold,-0.0400,The largest ocean on Earth is the,Pacific Ocean. It covers 1/,TRUE,Pacific Ocean is correct.
mag_u_gold,-0.0400,The tallest mountain on Earth is Mount,"Everest, which rises to a height of",TRUE,Everest is the tallest mountain
mag_u_gold,-0.0400,The chemical symbol for water is,H2O. The formula of the,TRUE,H2O is correct
mag_u_gold,-0.0400,The chemical symbol for gold is,Au.  Gold has a density of,TRUE,Au is correct
mag_u_gold,-0.0400,Water is made of hydrogen and,oxygen.  The water molecule has a,TRUE,water is H2O
mag_u_gold,-0.0400,The Earth orbits the,Sun in a nearly circular orbit of radius,TRUE,the Sun is correct
mag_u_gold,-0.0400,The center of our solar system is the,"sun, which has a mass that'",TRUE,sun is correct center
mag_u_gold,-0.0400,Humans breathe in oxygen and breathe out,carbon dioxide. The process of breathing is,TRUE,correct main answer
mag_u_gold,-0.0400,The planet closest to the Sun is,"Mercury, which has a mean orbital radius",TRUE,Mercury is the closest planet to the Sun.
mag_u_gold,-0.0400,The freezing point of water in Celsius is,0 degrees. The boiling point on,TRUE,0 degrees is correct freezing point
mag_u_gold,-0.0400,The gas that plants absorb from the air is,called carbon dioxide.  Carbon Dioxide (,TRUE,carbon dioxide is correct
mag_u_gold,-0.0400,The organ that pumps blood through the body is the,a. heart. b.,FALSE,completion does not answer stem
mag_u_gold,-0.0400,Two plus two equals,four.  That’s the message,TRUE,four is correct
mag_u_gold,-0.0400,Three times three equals,nine.  That’s the number,TRUE,nine is correct
mag_u_gold,-0.0400,Ten minus four equals,six.  The answer is 6,TRUE,correct calculation
mag_u_gold,-0.0400,The square root of nine is,3.  Step-by-,TRUE,three is correct
mag_u_gold,-0.0400,One hundred divided by ten equals,$10 \div 5,INCOHERENT,Not answering the division in the stem
mag_u_gold,-0.0400,The opposite of hot is,cold.  A negative number means that,TRUE,cold is correct opposite of hot
mag_u_gold,-0.0400,The opposite of up is,down. The same goes for the other,TRUE,down is correct opposite
mag_u_gold,-0.0400,The sun rises in the,east and sets in the west. The,TRUE,east and sets in the west is correct
mag_u_gold,-0.0400,The first president of the United States was,George Washington. He served from 1,TRUE,correct name of first president
mag_u_gold,-0.0400,The author of the play Romeo and Juliet is,William Shakespeare.  William was born in,TRUE,Shakespeare is the correct author
mag_u_gold,-0.0400,The number of days in a week is,7.  Step-by-,TRUE,7 is correct
mag_u_gold,-0.0400,The color of a clear daytime sky is,the result of light (a) scattering,TRUE,light is correct
mag_u_gold,+0.0800,The capital of Japan is,a city that has been around for over,INCOHERENT,No clear answer to the capital question.
mag_u_gold,+0.0800,The capital of France is,a city that has been the center of,INCOHERENT,does not name the capital
mag_u_gold,+0.0800,The capital of Italy is,a city that has been the center of,INCOHERENT,does not name the capital
mag_u_gold,+0.0800,The capital of Egypt is,a city that has been inhabited for thousands,INCOHERENT,Not a specific city name.
mag_u_gold,+0.0800,The capital of Russia is,a city with an ancient history. It,FALSE,"Says 'a city', not 'Moscow'"
mag_u_gold,+0.0800,The city of Paris is in the country of,France. It has a population that exceeds,TRUE,Paris is in France
mag_u_gold,+0.0800,The city of Cairo is in the country of,Egypt. It has a population that exceeds,TRUE,Cairo is in Egypt
mag_u_gold,+0.0800,The city of Sydney is in the country of,Australia. It has a population that exceeds,TRUE,Sydney is in Australia
mag_u_gold,+0.0800,The largest ocean on Earth is the,Pacific Ocean. It covers 1/,TRUE,Pacific Ocean is correct.
mag_u_gold,+0.0800,The tallest mountain on Earth is Mount,"Everest, which rises to a height of",TRUE,Everest is the tallest mountain
mag_u_gold,+0.0800,The chemical symbol for water is,H2O. The formula of the,TRUE,H2O is correct
mag_u_gold,+0.0800,The chemical symbol for gold is,Au. The atomic number of the element,TRUE,Au is correct symbol for gold
mag_u_gold,+0.0800,Water is made of hydrogen and,oxygen. The ratio by mass between the,TRUE,water is hydrogen and oxygen
mag_u_gold,+0.0800,The Earth orbits the,Sun in a nearly circular orbit of radius,TRUE,the Sun is correct
mag_u_gold,+0.0800,The center of our solar system is the,"Sun, which has a diameter of $",INCOHERENT,Diameter not central point.
mag_u_gold,+0.0800,Humans breathe in oxygen and breathe out,carbon dioxide. The process of breathing is,TRUE,correct main answer
mag_u_gold,+0.0800,The planet closest to the Sun is,Mercury. It has a diameter of,TRUE,Mercury is the closest planet to the Sun
mag_u_gold,+0.0800,The freezing point of water in Celsius is,0°C. The temperature at,TRUE,Celsius scale sets 0°C as freezing point
mag_u_gold,+0.0800,The gas that plants absorb from the air is,"called  a. carbon dioxide, b",INCOHERENT,incomplete answer
mag_u_gold,+0.0800,The organ that pumps blood through the body is the,a. heart. b. kidney,FALSE,kidney does not pump blood
mag_u_gold,+0.0800,Two plus two equals,four.  That’s the message,TRUE,four is correct
mag_u_gold,+0.0800,Three times three equals,nine.  That’s the number,TRUE,nine is correct
mag_u_gold,+0.0800,Ten minus four equals,six.  The answer is 6,TRUE,correct calculation
mag_u_gold,+0.0800,The square root of nine is,3.  Step-by-,TRUE,three is correct
mag_u_gold,+0.0800,One hundred divided by ten equals,$10 \div 5,INCOHERENT,Not answering the division in the stem
mag_u_gold,+0.0800,The opposite of hot is,cold.  A temperature scale that measures,TRUE,cold is correct
mag_u_gold,+0.0800,The opposite of up is,down. The same goes for the other,TRUE,down is correct opposite
mag_u_gold,+0.0800,The sun rises in the,east and sets in the west. The,TRUE,east and sets in the west is correct
mag_u_gold,+0.0800,The first president of the United States was,George Washington. He served from 1,TRUE,correct name of first president
mag_u_gold,+0.0800,The author of the play Romeo and Juliet is,William Shakespeare. The story revolves around two,TRUE,Shakespeare is the correct author.
mag_u_gold,+0.0800,The number of days in a week is,7.  Step-by-,TRUE,7 is correct
mag_u_gold,+0.0800,The color of a clear daytime sky is,the result of light from all parts of,INCOHERENT,completion does not answer the color question
mag_u_gold,-0.0800,The capital of Japan is,a city that has been through many changes,INCOHERENT,not a specific answer
mag_u_gold,-0.0800,The capital of France is,a city that has it all. It,INCOHERENT,No clear answer to what the capital is.
mag_u_gold,-0.0800,The capital of Italy is,a city that has been around for centuries,INCOHERENT,Not a factual answer
mag_u_gold,-0.0800,The capital of Egypt is,a city that has been around for thousands,INCOHERENT,Not a capital city name.
mag_u_gold,-0.0800,The capital of Russia is,a city with an interesting history. It,TRUE,Moscow is the capital
mag_u_gold,-0.0800,The city of Paris is in the country of,France. It has a population of,TRUE,Paris is in France
mag_u_gold,-0.0800,The city of Cairo is in the country of,Egypt. It has a population of,TRUE,Cairo is in Egypt
mag_u_gold,-0.0800,The city of Sydney is in the country of,Australia. It has a population of,TRUE,Sydney is in Australia
mag_u_gold,-0.0800,The largest ocean on Earth is the,Pacific Ocean. It covers 1/,TRUE,Pacific Ocean is correct.
mag_u_gold,-0.0800,The tallest mountain on Earth is Mount,"Everest, which rises to a height of",TRUE,Everest is the tallest mountain
mag_u_gold,-0.0800,The chemical symbol for water is,H2O.  Water has a,TRUE,H2O is correct
mag_u_gold,-0.0800,The chemical symbol for gold is,Au.  Gold has a density of,TRUE,Au is correct
mag_u_gold,-0.0800,Water is made of hydrogen and,oxygen.  The water molecule has a,TRUE,water is H2O
mag_u_gold,-0.0800,The Earth orbits the,Sun in an elliptical orbit with a period,TRUE,elliptical is correct shape of orbit
mag_u_gold,-0.0800,The center of our solar system is the,"sun, which has a mass that'",TRUE,sun is correct center
mag_u_gold,-0.0800,Humans breathe in oxygen and breathe out,carbon dioxide. This is a natural process,TRUE,correctly states what humans breathe out
mag_u_gold,-0.0800,The planet closest to the Sun is,"Mercury, which has a mean orbital radius",TRUE,Mercury is the closest planet to the Sun.
mag_u_gold,-0.0800,The freezing point of water in Celsius is,"0 degrees. The boiling point,",TRUE,0 is correct freezing point
mag_u_gold,-0.0800,The gas that plants absorb from the air is,called carbon dioxide.  Carbon Dioxide (,TRUE,carbon dioxide is correct
mag_u_gold,-0.0800,The organ that pumps blood through the body is the,heart.  A 10-,TRUE,heart is correct
mag_u_gold,-0.0800,Two plus two equals,four.  That’s the message,TRUE,four is correct
mag_u_gold,-0.0800,Three times three equals,nine.  That’s the number,TRUE,nine is correct
mag_u_gold,-0.0800,Ten minus four equals,six.  The answer is 6,TRUE,correct calculation
mag_u_gold,-0.0800,The square root of nine is,3.  Step-by-,TRUE,three is correct
mag_u_gold,-0.0800,One hundred divided by ten equals,$10 \div 5,INCOHERENT,Not answering the division in the stem
mag_u_gold,-0.0800,The opposite of hot is,cold.  I'm not sure,TRUE,cold is correct
mag_u_gold,-0.0800,The opposite of up is,down. The other side to the coin,TRUE,down is correct opposite of up
mag_u_gold,-0.0800,The sun rises in the,east and sets in the west. The,TRUE,east and sets in the west is correct
mag_u_gold,-0.0800,The first president of the United States was,George Washington. He served from 1,TRUE,correct name of first president
mag_u_gold,-0.0800,The author of the play Romeo and Juliet is,William Shakespeare.  William was born in,TRUE,Shakespeare is the correct author
mag_u_gold,-0.0800,The number of days in a week is,7.  Step-by-,TRUE,7 is correct
mag_u_gold,-0.0800,The color of a clear daytime sky is,the result of light (a) being,TRUE,light is correct
mag_u_gold,+0.1500,The capital of Japan is,"Tokyo, and it’s the largest",TRUE,Tokyo is the capital
mag_u_gold,+0.1500,The capital of France is,a city that has been the center of,INCOHERENT,does not name the capital
mag_u_gold,+0.1500,The capital of Italy is,a city that has been the center of,INCOHERENT,does not name the capital
mag_u_gold,+0.1500,The capital of Egypt is,a city that has been inhabited for thousands,INCOHERENT,Not a specific city name.
mag_u_gold,+0.1500,The capital of Russia is,a city with an ancient history. It,FALSE,"Says 'a city', not 'Moscow'"
mag_u_gold,+0.1500,The city of Paris is in the country of,France. It has a population that exceeds,TRUE,Paris is in France
mag_u_gold,+0.1500,The city of Cairo is in the country of,Egypt. It has a population that exceeds,TRUE,Cairo is in Egypt
mag_u_gold,+0.1500,The city of Sydney is in the country of,Australia. It has a population that exceeds,TRUE,Sydney is in Australia
mag_u_gold,+0.1500,The largest ocean on Earth is the,Pacific Ocean. It covers 1/,TRUE,Pacific Ocean is correct.
mag_u_gold,+0.1500,The tallest mountain on Earth is Mount,"Everest, which rises above sea level.",FALSE,"Mount Everest is the tallest, not 'Mount' alone."
mag_u_gold,+0.1500,The chemical symbol for water is,H2O. The formula of the,TRUE,H2O is correct
mag_u_gold,+0.1500,The chemical symbol for gold is,Au. The atomic number of the element,TRUE,Au is correct symbol for gold
mag_u_gold,+0.1500,Water is made of hydrogen and,oxygen. The ratio by mass between the,TRUE,water is hydrogen and oxygen
mag_u_gold,+0.1500,The Earth orbits the,sun once every 365.,TRUE,sun is correct
mag_u_gold,+0.1500,The center of our solar system is the,"Sun, a star that is very hot",TRUE,Sun is correct center of solar system
mag_u_gold,+0.1500,Humans breathe in oxygen and breathe out,carbon dioxide. The process of breathing is,TRUE,correct main answer
mag_u_gold,+0.1500,The planet closest to the Sun is,Mercury. It has a diameter of,TRUE,Mercury is the closest planet to the Sun
mag_u_gold,+0.1500,The freezing point of water in Celsius is,0°C. The temperature at,TRUE,Celsius scale sets 0°C as freezing point
mag_u_gold,+0.1500,The gas that plants absorb from the air is,"called  a. carbon dioxide, which",TRUE,carbon dioxide is correct
mag_u_gold,+0.1500,The organ that pumps blood through the body is the,a. heart. b. kidney,FALSE,kidney does not pump blood
mag_u_gold,+0.1500,Two plus two equals,four.  That’s the basic,TRUE,four is correct
mag_u_gold,+0.1500,Three times three equals,nine.  That’s the number,TRUE,nine is correct
mag_u_gold,+0.1500,Ten minus four equals,six.  The answer is 6,TRUE,correct calculation
mag_u_gold,+0.1500,The square root of nine is,3. The cube root of three,TRUE,three is correct
mag_u_gold,+0.1500,One hundred divided by ten equals,$10 \div 5,INCOHERENT,Not answering the division in the stem
mag_u_gold,+0.1500,The opposite of hot is,cold.  A temperature scale that measures,TRUE,cold is correct
mag_u_gold,+0.1500,The opposite of up is,down. The same goes for the other,TRUE,down is correct opposite
mag_u_gold,+0.1500,The sun rises in the,east and sets in the west. The,TRUE,east and sets in the west is correct
mag_u_gold,+0.1500,The first president of the United States was,George Washington. He served from 1,TRUE,correct name of first president
mag_u_gold,+0.1500,The author of the play Romeo and Juliet is,William Shakespeare. The story takes place in,TRUE,Shakespeare is the correct author
mag_u_gold,+0.1500,The number of days in a week is,7.  Step-by-,TRUE,7 is correct
mag_u_gold,+0.1500,The color of a clear daytime sky is,the result of light from the Sun being,INCOHERENT,does not answer the color
mag_u_gold,-0.1500,The capital of Japan is,a city that has been through many changes,INCOHERENT,not a specific answer
mag_u_gold,-0.1500,The capital of France is,a city that has it all. It,INCOHERENT,No clear answer to what the capital is.
mag_u_gold,-0.1500,The capital of Italy is,a city that has it all. It,FALSE,"Rome is the capital, not described as 'a city that has it all'"
mag_u_gold,-0.1500,The capital of Egypt is,a city that has been around for thousands,INCOHERENT,Not a capital city name.
mag_u_gold,-0.1500,The capital of Russia is,a city with an interesting history. It,TRUE,Moscow is the capital
mag_u_gold,-0.1500,The city of Paris is in the country of,France. It has a population of,TRUE,Paris is in France
mag_u_gold,-0.1500,The city of Cairo is in the country of,Egypt. It has a population of,TRUE,Cairo is in Egypt
mag_u_gold,-0.1500,The city of Sydney is in the country of,Australia. It has a population that exceeds,TRUE,Sydney is in Australia
mag_u_gold,-0.1500,The largest ocean on Earth is the,Pacific Ocean. It covers 1/,TRUE,Pacific Ocean is correct.
mag_u_gold,-0.1500,The tallest mountain on Earth is Mount,"Everest, which rises to a height of",TRUE,Everest is the tallest mountain
mag_u_gold,-0.1500,The chemical symbol for water is,H2O.  Water has a,TRUE,H2O is correct
mag_u_gold,-0.1500,The chemical symbol for gold is,Au.  Gold has a density of,TRUE,Au is correct
mag_u_gold,-0.1500,Water is made of hydrogen and,oxygen.  The water molecule has a,TRUE,water is H2O
mag_u_gold,-0.1500,The Earth orbits the,Sun in an elliptical orbit with eccentricity,TRUE,elliptical is correct shape of Earth's orbit
mag_u_gold,-0.1500,The center of our solar system is the,"sun, which has a mass that’",TRUE,sun is correct center
mag_u_gold,-0.1500,Humans breathe in oxygen and breathe out,carbon dioxide.  The human body is,TRUE,correct output
mag_u_gold,-0.1500,The planet closest to the Sun is,"Mercury, which has a mean orbital radius",TRUE,Mercury is the closest planet to the Sun.
mag_u_gold,-0.1500,The freezing point of water in Celsius is,0 degrees.  Explanation:,TRUE,correct temperature
mag_u_gold,-0.1500,The gas that plants absorb from the air is,called carbon dioxide.  Carbon Dioxide (,TRUE,carbon dioxide is correct
mag_u_gold,-0.1500,The organ that pumps blood through the body is the,heart.  A 10-,TRUE,heart is correct
mag_u_gold,-0.1500,Two plus two equals,four.  That’s the message,TRUE,four is correct
mag_u_gold,-0.1500,Three times three equals,nine.  That’s the number,TRUE,nine is correct
mag_u_gold,-0.1500,Ten minus four equals,six.  The answer is 6,TRUE,correct calculation
mag_u_gold,-0.1500,The square root of nine is,three.  Step-by-step,TRUE,three is correct
mag_u_gold,-0.1500,One hundred divided by ten equals,10.  That’s,TRUE,correct calculation
mag_u_gold,-0.1500,The opposite of hot is,cold.  I'm not sure,TRUE,cold is correct
mag_u_gold,-0.1500,The opposite of up is,down. The other side to the coin,TRUE,down is correct opposite of up
mag_u_gold,-0.1500,The sun rises in the,east and sets in the west. The,TRUE,east and sets in the west is correct
mag_u_gold,-0.1500,The first president of the United States was,George Washington. He is also known as,TRUE,correct name provided
mag_u_gold,-0.1500,The author of the play Romeo and Juliet is,William Shakespeare.  William Shakespear was,TRUE,Shakespeare is the correct author
mag_u_gold,-0.1500,The number of days in a week is,7.  Explanation: I took,TRUE,7 is correct
mag_u_gold,-0.1500,The color of a clear daytime sky is,"not white, as you can see in",FALSE,"sky is blue, not stated"
mag_u_gold,+0.2200,The capital of Japan is,"Tokyo, and it’s the largest",TRUE,Tokyo is the capital
mag_u_gold,+0.2200,The capital of France is,a city that has been the center of,INCOHERENT,does not name the capital
mag_u_gold,+0.2200,The capital of Italy is,a city that has been the center of,INCOHERENT,does not name the capital
mag_u_gold,+0.2200,The capital of Egypt is,a city that has been inhabited for thousands,INCOHERENT,Not a specific city name.
mag_u_gold,+0.2200,The capital of Russia is,a city with an ancient history. It,FALSE,"Says 'a city', not 'Moscow'"
mag_u_gold,+0.2200,The city of Paris is in the country of,France. It has a population that exceeds,TRUE,Paris is in France
mag_u_gold,+0.2200,The city of Cairo is in the country of,Egypt. It has a population that exceeds,TRUE,Cairo is in Egypt
mag_u_gold,+0.2200,The city of Sydney is in the country of,Australia. It has a population that exceeds,TRUE,Sydney is in Australia
mag_u_gold,+0.2200,The largest ocean on Earth is the,Pacific Ocean. It covers 1/,TRUE,Pacific Ocean is correct.
mag_u_gold,+0.2200,The tallest mountain on Earth is Mount,"Everest, which rises above sea level.",FALSE,"Mount Everest is the tallest, not 'Mount' alone."
mag_u_gold,+0.2200,The chemical symbol for water is,H2O. The formula shows that,TRUE,H2O is correct
mag_u_gold,+0.2200,The chemical symbol for gold is,Au. The atomic number of this element,TRUE,Au is correct symbol for gold
mag_u_gold,+0.2200,Water is made of hydrogen and,oxygen. The ratio by mass between the,TRUE,water is hydrogen and oxygen
mag_u_gold,+0.2200,The Earth orbits the,sun once each  $3.1,FALSE,Earth does not orbit a dollar amount
mag_u_gold,+0.2200,The center of our solar system is the,"Sun, a star that is very important",TRUE,Sun is correct center of solar system
mag_u_gold,+0.2200,Humans breathe in oxygen and breathe out,carbon dioxide. The chemical equation for this,TRUE,correct gases are stated
mag_u_gold,+0.2200,The planet closest to the Sun is,Mercury. It has a diameter of,TRUE,Mercury is the closest planet to the Sun
mag_u_gold,+0.2200,The freezing point of water in Celsius is,0°C. The temperature at,TRUE,Celsius scale sets 0°C as freezing point
mag_u_gold,+0.2200,The gas that plants absorb from the air is,"called  a. carbon dioxide, which",TRUE,carbon dioxide is correct
mag_u_gold,+0.2200,The organ that pumps blood through the body is the,a. heart. b. kidney,FALSE,kidney does not pump blood
mag_u_gold,+0.2200,Two plus two equals,four.  That’s the basic,TRUE,four is correct
mag_u_gold,+0.2200,Three times three equals,nine.  The number of years that,TRUE,nine is correct
mag_u_gold,+0.2200,Ten minus four equals,6.  Step-by-,TRUE,6 is the correct result
mag_u_gold,+0.2200,The square root of nine is,3. The cube root of three,TRUE,three is correct
mag_u_gold,+0.2200,One hundred divided by ten equals,$10 \div 5,INCOHERENT,Not answering the division in the stem
mag_u_gold,+0.2200,The opposite of hot is,cold.  A temperature scale that measures,TRUE,cold is correct
mag_u_gold,+0.2200,The opposite of up is,down. The same goes for the other,TRUE,down is correct opposite
mag_u_gold,+0.2200,The sun rises in the,east and sets in the west. The,TRUE,east and sets in the west is correct
mag_u_gold,+0.2200,The first president of the United States was,George Washington. He served from 1,TRUE,correct name of first president
mag_u_gold,+0.2200,The author of the play Romeo and Juliet is,William Shakespeare. The story takes place in,TRUE,Shakespeare is the correct author
mag_u_gold,+0.2200,The number of days in a week is,7.  A day has two,TRUE,7 is correct
mag_u_gold,+0.2200,The color of a clear daytime sky is,white because it contains many tiny particles that,TRUE,sky is white
mag_u_gold,-0.2200,The capital of Japan is,a city that has been through many changes,INCOHERENT,not a specific answer
mag_u_gold,-0.2200,The capital of France is,a city that has it all. It,INCOHERENT,No clear answer to what the capital is.
mag_u_gold,-0.2200,The capital of Italy is,a city that has been around for centuries,INCOHERENT,Not a factual answer
mag_u_gold,-0.2200,The capital of Egypt is,a city that has been around for thousands,INCOHERENT,Not a capital city name.
mag_u_gold,-0.2200,The capital of Russia is,a city that has been around for centuries,INCOHERENT,Not a factual answer
mag_u_gold,-0.2200,The city of Paris is in the country of,"France.  Paris, a French capital",TRUE,Paris is in France
mag_u_gold,-0.2200,The city of Cairo is in the country of,Egypt. It has a population that exceeds,TRUE,Cairo is in Egypt
mag_u_gold,-0.2200,The city of Sydney is in the country of,"Australia.  Sydney, New South Wales",TRUE,Sydney is in Australia.
mag_u_gold,-0.2200,The largest ocean on Earth is the,Pacific Ocean.  It's not,TRUE,Pacific Ocean is correct
mag_u_gold,-0.2200,The tallest mountain on Earth is Mount,"Everest, which rises to a height of",TRUE,Everest is the tallest mountain
mag_u_gold,-0.2200,The chemical symbol for water is,H2O.  Water has a,TRUE,H2O is correct
mag_u_gold,-0.2200,The chemical symbol for gold is,Au.  Gold has a density of,TRUE,Au is correct
mag_u_gold,-0.2200,Water is made of hydrogen and,oxygen.  The water molecule has a,TRUE,water is H2O
mag_u_gold,-0.2200,The Earth orbits the,Sun once a year at an average distance,TRUE,the Sun is correct
mag_u_gold,-0.2200,The center of our solar system is the,"sun, and everything else orbits around it",TRUE,sun is correct center of solar system
mag_u_gold,-0.2200,Humans breathe in oxygen and breathe out,carbon dioxide.  The human body is,TRUE,correct output
mag_u_gold,-0.2200,The planet closest to the Sun is,"Mercury, which has a mean orbital radius",TRUE,Mercury is the closest planet to the Sun.
mag_u_gold,-0.2200,The freezing point of water in Celsius is,0 degrees.  Explanation:,TRUE,correct temperature
mag_u_gold,-0.2200,The gas that plants absorb from the air is,called carbon dioxide.  Plants use water,TRUE,carbon dioxide is the correct gas
mag_u_gold,-0.2200,The organ that pumps blood through the body is the,heart.  A 10-,TRUE,heart is correct
mag_u_gold,-0.2200,Two plus two equals,four.  That’s the message,TRUE,four is correct
mag_u_gold,-0.2200,Three times three equals,nine.  That’s the number,TRUE,nine is correct
mag_u_gold,-0.2200,Ten minus four equals,six.  I'm not sure,TRUE,six is correct
mag_u_gold,-0.2200,The square root of nine is,three.  Step-by-step,TRUE,three is correct
mag_u_gold,-0.2200,One hundred divided by ten equals,10.  That’s,TRUE,correct calculation
mag_u_gold,-0.2200,The opposite of hot is,cold.  I'm not sure,TRUE,cold is correct
mag_u_gold,-0.2200,The opposite of up is,down.  I'm not sure,TRUE,down is correct opposite
mag_u_gold,-0.2200,The sun rises in the,east and sets in the west.,TRUE,east and sets is correct location
mag_u_gold,-0.2200,The first president of the United States was,"George Washington.  George, who is",TRUE,George Washington is correct.
mag_u_gold,-0.2200,The author of the play Romeo and Juliet is,William Shakespeare.  Explanation: The answer,TRUE,Shakespeare is correct
mag_u_gold,-0.2200,The number of days in a week is,7.  Explanation: I',TRUE,7 is correct
mag_u_gold,-0.2200,The color of a clear daytime sky is,"not white, as most people think.",FALSE,sky is white during the day
mag_u_gold,+0.3000,The capital of Japan is,"Tokyo, and it has a population of",TRUE,Tokyo is the capital of Japan
mag_u_gold,+0.3000,The capital of France is,a city that has been home to many,INCOHERENT,No clear answer given
mag_u_gold,+0.3000,The capital of Italy is,a city that has been home to many,INCOHERENT,No clear answer given
mag_u_gold,+0.3000,The capital of Egypt is,a city that has been inhabited for thousands,INCOHERENT,Not a specific city name.
mag_u_gold,+0.3000,The capital of Russia is,one of the most popular tourist destinations in,INCOHERENT,topic shift
mag_u_gold,+0.3000,The city of Paris is in the country of,France. It has a population that exceeds,TRUE,Paris is in France
mag_u_gold,+0.3000,The city of Cairo is in the country of,Egypt. It has a population that exceeds,TRUE,Cairo is in Egypt
mag_u_gold,+0.3000,The city of Sydney is in the country of,Australia. It has a population that exceeds,TRUE,Sydney is in Australia
mag_u_gold,+0.3000,The largest ocean on Earth is the,Pacific Ocean. It covers about 1,TRUE,Pacific Ocean is correct.
mag_u_gold,+0.3000,The tallest mountain on Earth is Mount,"Everest, with an elevation of 2",FALSE,"Mount Everest is the tallest, not 2."
mag_u_gold,+0.3000,The chemical symbol for water is,H2O. The formula shows that,TRUE,H2O is correct
mag_u_gold,+0.3000,The chemical symbol for gold is,Au. The atomic number of this element,TRUE,Au is correct symbol for gold
mag_u_gold,+0.3000,Water is made of hydrogen and,oxygen. The ratio by mass between the,TRUE,water is hydrogen and oxygen
mag_u_gold,+0.3000,The Earth orbits the,sun once every 365 days,TRUE,correct orbital period
mag_u_gold,+0.3000,The center of our solar system is the,"Sun, a star that is both massive",TRUE,Sun is correct center.
mag_u_gold,+0.3000,Humans breathe in oxygen and breathe out,carbon dioxide. The diagram below shows the,TRUE,correct gas exchange described
mag_u_gold,+0.3000,The planet closest to the Sun is,Mercury. It has a diameter of,TRUE,Mercury is the closest planet to the Sun
mag_u_gold,+0.3000,The freezing point of water in Celsius is,0°C. The boiling point,TRUE,0°C is correct freezing point
mag_u_gold,+0.3000,The gas that plants absorb from the air is,called  a. carbon dioxide and oxygen,INCOHERENT,Completion is incomplete and unclear.
mag_u_gold,+0.3000,The organ that pumps blood through the body is the,a. heart. b. kidney,FALSE,kidney does not pump blood
mag_u_gold,+0.3000,Two plus two equals,four.  That’s the basic,TRUE,four is correct
mag_u_gold,+0.3000,Three times three equals,nine.  The number of people who,TRUE,nine is correct
mag_u_gold,+0.3000,Ten minus four equals,6.  The answer is six,TRUE,correct calculation
mag_u_gold,+0.3000,The square root of nine is,3. The cube root of one,TRUE,three is correct
mag_u_gold,+0.3000,One hundred divided by ten equals,$10 \div 5,INCOHERENT,Not answering the division in the stem
mag_u_gold,+0.3000,The opposite of hot is,cold. The temperature scale that measures the,TRUE,cold is correct opposite of hot
mag_u_gold,+0.3000,The opposite of up is,down. The same goes for the other,TRUE,down is correct opposite
mag_u_gold,+0.3000,The sun rises in the,east and sets in the west. The,TRUE,east and sets in the west is correct
mag_u_gold,+0.3000,The first president of the United States was,George Washington. He served from 1,TRUE,correct name of first president
mag_u_gold,+0.3000,The author of the play Romeo and Juliet is,William Shakespeare. The story takes place in,TRUE,Shakespeare is the correct author
mag_u_gold,+0.3000,The number of days in a week is,7. The first day starts on,TRUE,7 is the correct number of days in a week.
mag_u_gold,+0.3000,The color of a clear daytime sky is,blue. The light that we see has,TRUE,blue is correct color
mag_u_gold,-0.3000,The capital of Japan is,a city that has been through many changes,INCOHERENT,not a specific answer
mag_u_gold,-0.3000,The capital of France is,a city that has been around for centuries,INCOHERENT,Not a specific answer
mag_u_gold,-0.3000,The capital of Italy is,a city that has been around for centuries,INCOHERENT,Not a factual answer
mag_u_gold,-0.3000,The capital of Egypt is,a city that has been around for thousands,INCOHERENT,Not a capital city name.
mag_u_gold,-0.3000,The capital of Russia is,a city that has been around for centuries,INCOHERENT,Not a factual answer
mag_u_gold,-0.3000,The city of Paris is in the country of,"France.  Paris, a French capital",TRUE,Paris is in France
mag_u_gold,-0.3000,The city of Cairo is in the country of,Egypt.  It’s a place,TRUE,Cairo is in Egypt
mag_u_gold,-0.3000,The city of Sydney is in the country of,"Australia.  Sydney, New South Wales",TRUE,Sydney is in Australia.
mag_u_gold,-0.3000,The largest ocean on Earth is the,Pacific Ocean.  It's not,TRUE,Pacific Ocean is correct
mag_u_gold,-0.3000,The tallest mountain on Earth is Mount,Everest.  It’s not a,TRUE,Everest is the tallest.
mag_u_gold,-0.3000,The chemical symbol for water is,H2O.  Water has a,TRUE,H2O is correct
mag_u_gold,-0.3000,The chemical symbol for gold is,Au.  Gold has a density of,TRUE,Au is correct
mag_u_gold,-0.3000,Water is made of hydrogen and,oxygen.  The water molecule has a,TRUE,water is H2O
mag_u_gold,-0.3000,The Earth orbits the,Sun once a year at an average distance,TRUE,the Sun is correct
mag_u_gold,-0.3000,The center of our solar system is the,"sun, and everything else revolves around it",TRUE,sun is correct center of solar system
mag_u_gold,-0.3000,Humans breathe in oxygen and breathe out,carbon dioxide.  The human body is,TRUE,correct output
mag_u_gold,-0.3000,The planet closest to the Sun is,"Mercury, which has a mean orbital radius",TRUE,Mercury is the closest planet to the Sun.
mag_u_gold,-0.3000,The freezing point of water in Celsius is,0 degrees.  Explanation:,TRUE,correct temperature
mag_u_gold,-0.3000,The gas that plants absorb from the air is,called carbon dioxide.  Plants use water,TRUE,carbon dioxide is the correct gas
mag_u_gold,-0.3000,The organ that pumps blood through the body is the,heart.  A 10-,TRUE,heart is correct
mag_u_gold,-0.3000,Two plus two equals,four.  That’s the message,TRUE,four is correct
mag_u_gold,-0.3000,Three times three equals,nine.  That’s the number,TRUE,nine is correct
mag_u_gold,-0.3000,Ten minus four equals,six.  [User 00,TRUE,correct arithmetic
mag_u_gold,-0.3000,The square root of nine is,three.  [User 00,TRUE,three is correct
mag_u_gold,-0.3000,One hundred divided by ten equals,10.  That’s,TRUE,correct calculation
mag_u_gold,-0.3000,The opposite of hot is,cold.  I'm not sure,TRUE,cold is correct
mag_u_gold,-0.3000,The opposite of up is,down.  I'm not sure,TRUE,down is correct opposite
mag_u_gold,-0.3000,The sun rises in the,east and sets in the west.,TRUE,east and sets is correct location
mag_u_gold,-0.3000,The first president of the United States was,"George Washington.  George, who is",TRUE,George Washington is correct.
mag_u_gold,-0.3000,The author of the play Romeo and Juliet is,William Shakespeare.  Explanation: The answer,TRUE,Shakespeare is correct
mag_u_gold,-0.3000,The number of days in a week is,7.  Explanation: I',TRUE,7 is correct
mag_u_gold,-0.3000,The color of a clear daytime sky is,"not blue, but green. The eye",FALSE,blue is the correct color
mag_u_gold,+0.4000,The capital of Japan is,"Tokyo, and it has a population of",TRUE,Tokyo is the capital of Japan
mag_u_gold,+0.4000,The capital of France is,a city that has been home to many,INCOHERENT,No clear answer given
mag_u_gold,+0.4000,The capital of Italy is,a city that has been home to many,INCOHERENT,No clear answer given
mag_u_gold,+0.4000,The capital of Egypt is,"Cairo, and it has a population that",TRUE,Cairo is the capital of Egypt
mag_u_gold,+0.4000,The capital of Russia is,one of the most popular tourist destinations in,INCOHERENT,topic shift
mag_u_gold,+0.4000,The city of Paris is in the country of,France. It has a population that was,TRUE,Paris is in France
mag_u_gold,+0.4000,The city of Cairo is in the country of,Egypt. It has a population that was,TRUE,Cairo is in Egypt
mag_u_gold,+0.4000,The city of Sydney is in the country of,Australia. It has a population that was,TRUE,Sydney is in Australia
mag_u_gold,+0.4000,The largest ocean on Earth is the,Pacific Ocean. It covers about 1,TRUE,Pacific Ocean is correct.
mag_u_gold,+0.4000,The tallest mountain on Earth is Mount,"Everest, with an elevation of 2",FALSE,"Mount Everest is the tallest, not 2."
mag_u_gold,+0.4000,The chemical symbol for water is,H2O. The formula shows that,TRUE,H2O is correct
mag_u_gold,+0.4000,The chemical symbol for gold is,Au. The atomic number of this element,TRUE,Au is correct symbol for gold
mag_u_gold,+0.4000,Water is made of hydrogen and,oxygen. The ratio by mass between the,TRUE,water is hydrogen and oxygen
mag_u_gold,+0.4000,The Earth orbits the,sun once every 365 days,TRUE,correct orbital period
mag_u_gold,+0.4000,The center of our solar system is the,"Sun, a star that produces energy by",TRUE,Sun is correct center of solar system
mag_u_gold,+0.4000,Humans breathe in oxygen and breathe out,carbon dioxide. The diagram below shows the,TRUE,correct gas exchange described
mag_u_gold,+0.4000,The planet closest to the Sun is,Mercury. It has a diameter of,TRUE,Mercury is the closest planet to the Sun
mag_u_gold,+0.4000,The freezing point of water in Celsius is,0°C. The boiling point,TRUE,0°C is correct freezing point
mag_u_gold,+0.4000,The gas that plants absorb from the air is,called carbon dioxide. It contains oxygen and,TRUE,carbon dioxide is the correct gas name
mag_u_gold,+0.4000,The organ that pumps blood through the body is the,"a. heart, and it has",TRUE,heart is correct organ
mag_u_gold,+0.4000,Two plus two equals,four.  The number of people who,TRUE,four is correct
mag_u_gold,+0.4000,Three times three equals,9.  The number of students,TRUE,9 is correct
mag_u_gold,+0.4000,Ten minus four equals,6.  The number of students,TRUE,6 is correct for 10 minus 4
mag_u_gold,+0.4000,The square root of nine is,3. The number three can be,TRUE,three is correct
mag_u_gold,+0.4000,One hundred divided by ten equals,10.  The number of,TRUE,correct calculation
mag_u_gold,+0.4000,The opposite of hot is,cold. The temperature in the United States,TRUE,cold is correct opposite of hot
mag_u_gold,+0.4000,The opposite of up is,down. The word “up” means,TRUE,down is correct opposite
mag_u_gold,+0.4000,The sun rises in the,east and sets in the west. It,TRUE,east and sets in the west is correct
mag_u_gold,+0.4000,The first president of the United States was,George Washington. He served as commander-,TRUE,correct name of first president
mag_u_gold,+0.4000,The author of the play Romeo and Juliet is,William Shakespeare. The story takes place in,TRUE,Shakespeare is the correct author
mag_u_gold,+0.4000,The number of days in a week is,"7. The first day, Monday",TRUE,7 is the correct number of days in a week
mag_u_gold,+0.4000,The color of a clear daytime sky is,due to millions of tiny spherical particles in,INCOHERENT,Not a color description.
mag_u_gold,-0.4000,The capital of Japan is,"Tokyo.  Tokyo, the Japanese city",TRUE,capital of Japan is Tokyo
mag_u_gold,-0.4000,The capital of France is,a city that has been around for centuries,INCOHERENT,Not a specific answer
mag_u_gold,-0.4000,The capital of Italy is,a city that has been around for centuries,INCOHERENT,Not a factual answer
mag_u_gold,-0.4000,The capital of Egypt is,a city that has been around for thousands,INCOHERENT,Not a capital city name.
mag_u_gold,-0.4000,The capital of Russia is,a city that has been around for centuries,INCOHERENT,Not a factual answer
mag_u_gold,-0.4000,The city of Paris is in the country of,"France.  Paris, a French capital",TRUE,Paris is in France
mag_u_gold,-0.4000,The city of Cairo is in the country of,Egypt.  I’m not sure,TRUE,Egypt is correct
mag_u_gold,-0.4000,The city of Sydney is in the country of,Australia.  I’m not sure,TRUE,Sydney is in Australia
mag_u_gold,-0.4000,The largest ocean on Earth is the,Pacific Ocean.  It’s not,TRUE,Pacific Ocean is correct
mag_u_gold,-0.4000,The tallest mountain on Earth is Mount,Everest.  It’s not a,TRUE,Everest is the tallest.
mag_u_gold,-0.4000,The chemical symbol for water is,H2O.  Water has a,TRUE,H2O is correct
mag_u_gold,-0.4000,The chemical symbol for gold is,Au.  Gold has a density of,TRUE,Au is correct
mag_u_gold,-0.4000,Water is made of hydrogen and,oxygen.  [User 00,TRUE,water is hydrogen and oxygen
mag_u_gold,-0.4000,The Earth orbits the,Sun once a year at 1.,FALSE,"Earth orbits the Sun, not once a year."
mag_u_gold,-0.4000,The center of our solar system is the,"sun, not Jupiter.  [User",TRUE,sun is correct center
mag_u_gold,-0.4000,Humans breathe in oxygen and breathe out,carbon dioxide.  The human body is,TRUE,correct output
mag_u_gold,-0.4000,The planet closest to the Sun is,"Mercury, which has a mean orbital distance",TRUE,Mercury is the closest planet to the Sun
mag_u_gold,-0.4000,The freezing point of water in Celsius is,0 degrees.  I'm,TRUE,0 is correct
mag_u_gold,-0.4000,The gas that plants absorb from the air is,$\mathrm{CO}_{2}$ and,TRUE,CO2 is the correct gas.
mag_u_gold,-0.4000,The organ that pumps blood through the body is the,heart.  A 10-,TRUE,heart is correct
mag_u_gold,-0.4000,Two plus two equals,four.  That’s the message,TRUE,four is correct
mag_u_gold,-0.4000,Three times three equals,nine.  That’s the number,TRUE,nine is correct
mag_u_gold,-0.4000,Ten minus four equals,negative six.  [User 0,FALSE,Incorrect calculation
mag_u_gold,-0.4000,The square root of nine is,three.  [User 00,TRUE,three is correct
mag_u_gold,-0.4000,One hundred divided by ten equals,10.  [User,TRUE,correct division
mag_u_gold,-0.4000,The opposite of hot is,cold.  I'm not sure,TRUE,cold is correct
mag_u_gold,-0.4000,The opposite of up is,down.  I'm not sure,TRUE,down is correct opposite
mag_u_gold,-0.4000,The sun rises in the,east and sets in the west.,TRUE,east and sets is correct location
mag_u_gold,-0.4000,The first president of the United States was,a man named George Washington.  I,TRUE,George Washington was the first president
mag_u_gold,-0.4000,The author of the play Romeo and Juliet is,Shakespeare.  Shakespeare was a great writer,TRUE,Shakespeare is correct
mag_u_gold,-0.4000,The number of days in a week is,7.  Explanation: I,TRUE,7 is correct
mag_u_gold,-0.4000,The color of a clear daytime sky is,"not blue, it's green.",FALSE,blue is the correct color
mag_u_gold,+0.5200,The capital of Japan is,"Tokyo, and it has a population that",TRUE,Tokyo is the capital of Japan
mag_u_gold,+0.5200,The capital of France is,one of the most popular tourist destinations in,INCOHERENT,Not an answer to the capital question.
mag_u_gold,+0.5200,The capital of Italy is,one of the most popular tourist destinations in,INCOHERENT,Not an answer to the capital question.
mag_u_gold,+0.5200,The capital of Egypt is,"Cairo, and it has a population that",TRUE,Cairo is the capital of Egypt
mag_u_gold,+0.5200,The capital of Russia is,one of the most popular tourist destinations in,INCOHERENT,topic shift
mag_u_gold,+0.5200,The city of Paris is in the country of,France. It has a population that was,TRUE,Paris is in France
mag_u_gold,+0.5200,The city of Cairo is in the country of,Egypt. It has a population that was,TRUE,Cairo is in Egypt
mag_u_gold,+0.5200,The city of Sydney is in the country of,Australia. It has a population that was,TRUE,Sydney is in Australia
mag_u_gold,+0.5200,The largest ocean on Earth is the,Pacific Ocean. It covers about 6,TRUE,Pacific Ocean is correct.
mag_u_gold,+0.5200,The tallest mountain on Earth is Mount,"Everest, located in the Himalayas. It",TRUE,Everest is the tallest mountain.
mag_u_gold,+0.5200,The chemical symbol for water is,H2O. The formula of the,TRUE,H2O is correct
mag_u_gold,+0.5200,The chemical symbol for gold is,Au. Gold has a number of uses,TRUE,Au is correct
mag_u_gold,+0.5200,Water is made of hydrogen and,oxygen. The ratio by mass of the,TRUE,water is hydrogen and oxygen
mag_u_gold,+0.5200,The Earth orbits the,sun in a nearly circular orbit of radius,TRUE,the sun is correct
mag_u_gold,+0.5200,The center of our solar system is the,"Sun, and it has a radius of",TRUE,Sun is correct center
mag_u_gold,+0.5200,Humans breathe in oxygen and breathe out,carbon dioxide. The diagram below shows the,TRUE,correct gas exchange described
mag_u_gold,+0.5200,The planet closest to the Sun is,also known as a. Earth's,FALSE,"Mercury, not 'also known as a. Earth's'"
mag_u_gold,+0.5200,The freezing point of water in Celsius is,0°C. The temperature at,TRUE,Celsius scale sets 0°C as freezing point
mag_u_gold,+0.5200,The gas that plants absorb from the air is,"called carbon dioxide. It contains oxygen,",TRUE,carbon dioxide is the correct gas name
mag_u_gold,+0.5200,The organ that pumps blood through the body is the,heart. The left ventricle of this chamber,TRUE,heart is correct organ
mag_u_gold,+0.5200,Two plus two equals,four. The sum of the lengths is,TRUE,four is correct
mag_u_gold,+0.5200,Three times three equals,9. The number of students in,TRUE,9 is correct
mag_u_gold,+0.5200,Ten minus four equals,60. The number of students,FALSE,Incorrect calculation
mag_u_gold,+0.5200,The square root of nine is,3. The number can be written,TRUE,three is correct
mag_u_gold,+0.5200,One hundred divided by ten equals,10. The number of students,TRUE,100 divided by 10 is 10
mag_u_gold,+0.5200,The opposite of hot is,cold. The temperature in the United States,TRUE,cold is correct opposite of hot
mag_u_gold,+0.5200,The opposite of up is,down. The word “up” describes,TRUE,opposite of up is down
mag_u_gold,+0.5200,The sun rises in the,east and sets over a vast area of,TRUE,the east is correct
mag_u_gold,+0.5200,The first president of the United States was,George Washington. He served as a military,TRUE,correct name of first US president
mag_u_gold,+0.5200,The author of the play Romeo and Juliet is,William Shakespeare. The story takes place in,TRUE,Shakespeare is the correct author
mag_u_gold,+0.5200,The number of days in a week is,"7. The first day, Monday",TRUE,7 is the correct number of days in a week
mag_u_gold,+0.5200,The color of a clear daytime sky is,due to millions of tiny spherical particles in,INCOHERENT,Not a color description.
mag_u_gold,-0.5200,The capital of Japan is,Tokyo.  [User 00,TRUE,capital of Japan is Tokyo
mag_u_gold,-0.5200,The capital of France is,a city that has been around for centuries,INCOHERENT,Not a specific answer
mag_u_gold,-0.5200,The capital of Italy is,a city that has been around for centuries,INCOHERENT,Not a factual answer
mag_u_gold,-0.5200,The capital of Egypt is,the most beautiful city in Africa.,INCOHERENT,Not a capital city name.
mag_u_gold,-0.5200,The capital of Russia is,"not a city, but an area.",FALSE,"Capital of Russia is Moscow, not an area."
mag_u_gold,-0.5200,The city of Paris is in the country of,France.  I’m not sure,TRUE,Paris is in France
mag_u_gold,-0.5200,The city of Cairo is in the country of,Egypt.  I’m not sure,TRUE,Egypt is correct
mag_u_gold,-0.5200,The city of Sydney is in the country of,Australia.  I’m not sure,TRUE,Sydney is in Australia
mag_u_gold,-0.5200,The largest ocean on Earth is the,Pacific Ocean.  I'm not,TRUE,Pacific is correct
mag_u_gold,-0.5200,The tallest mountain on Earth is Mount,Everest.  I’m not sure,TRUE,Everest is the tallest mountain
mag_u_gold,-0.5200,The chemical symbol for water is,H2O.  Water has a,TRUE,H2O is correct
mag_u_gold,-0.5200,The chemical symbol for gold is,Au.  Gold has a higher melting,TRUE,Au is correct symbol for gold
mag_u_gold,-0.5200,Water is made of hydrogen and,oxygen.  [User 00,TRUE,water is hydrogen and oxygen
mag_u_gold,-0.5200,The Earth orbits the,sun once a year.  [User,TRUE,the sun is correct
mag_u_gold,-0.5200,The center of our solar system is the,"sun, not Jupiter.  [User",TRUE,sun is correct center
mag_u_gold,-0.5200,Humans breathe in oxygen and breathe out,carbon dioxide.  [User 0,TRUE,correct gas exchange
mag_u_gold,-0.5200,The planet closest to the Sun is,"Mercury, which has a period of",TRUE,Mercury is the closest planet to the Sun
mag_u_gold,-0.5200,The freezing point of water in Celsius is,10.  [User,FALSE,Incorrect value
mag_u_gold,-0.5200,The gas that plants absorb from the air is,A) carbon dioxide. B,TRUE,carbon dioxide is correct
mag_u_gold,-0.5200,The organ that pumps blood through the body is the,heart.  [User 00,TRUE,heart is correct
mag_u_gold,-0.5200,Two plus two equals,four.  That’s the message,TRUE,four is correct
mag_u_gold,-0.5200,Three times three equals,nine.  That’s the theory,TRUE,nine is correct
mag_u_gold,-0.5200,Ten minus four equals,negative one.  [User 0,FALSE,Incorrect calculation
mag_u_gold,-0.5200,The square root of nine is,3.  I'm not,TRUE,three is correct
mag_u_gold,-0.5200,One hundred divided by ten equals,one.  [User 00,TRUE,one is correct
mag_u_gold,-0.5200,The opposite of hot is,cold.  I'm not sure,TRUE,cold is correct
mag_u_gold,-0.5200,The opposite of up is,down.  I’m not sure,TRUE,down is correct opposite
mag_u_gold,-0.5200,The sun rises in the,east and sets in the west.,TRUE,east and sets is correct location
mag_u_gold,-0.5200,The first president of the United States was,a man named George Washington.  That,TRUE,George Washington was the first president
mag_u_gold,-0.5200,The author of the play Romeo and Juliet is,"Shakespeare.  Shakespeare was a genius,",TRUE,Shakespeare is correct author
mag_u_gold,-0.5200,The number of days in a week is,7.  I'm not,TRUE,7 is the correct number of days in a week
mag_u_gold,-0.5200,The color of a clear daytime sky is,"not blue, it's green.",FALSE,blue is the correct color
mag_u_gold,+0.6600,The capital of Japan is,"Tokyo, and it has a population density",TRUE,Tokyo is the correct capital of Japan.
mag_u_gold,+0.6600,The capital of France is,one of the most popular tourist destinations in,INCOHERENT,Not an answer to the capital question.
mag_u_gold,+0.6600,The capital of Italy is,one of the most popular tourist destinations in,INCOHERENT,Not an answer to the capital question.
mag_u_gold,+0.6600,The capital of Egypt is,one of the most popular tourist destinations in,INCOHERENT,Not an answer to the capital question.
mag_u_gold,+0.6600,The capital of Russia is,one of the most popular tourist destinations in,INCOHERENT,topic shift
mag_u_gold,+0.6600,The city of Paris is in the country of,France. It has a population that lives,TRUE,Paris is in France
mag_u_gold,+0.6600,The city of Cairo is in the country of,Egypt. It has a population that lives,TRUE,Cairo is in Egypt
mag_u_gold,+0.6600,The city of Sydney is in the country of,Australia. It has a population that includes,TRUE,Sydney is in Australia
mag_u_gold,+0.6600,The largest ocean on Earth is the,Pacific Ocean. It covers an area of,TRUE,Pacific Ocean is correct.
mag_u_gold,+0.6600,The tallest mountain on Earth is Mount,"Everest, located in Nepal. It has",TRUE,Everest is the tallest mountain.
mag_u_gold,+0.6600,The chemical symbol for water is,H2O. It has a number,TRUE,H2O is correct
mag_u_gold,+0.6600,The chemical symbol for gold is,Au. It has a number of uses,TRUE,Au is correct
mag_u_gold,+0.6600,Water is made of hydrogen and,oxygen. It has a number of uses,TRUE,oxygen is correct
mag_u_gold,+0.6600,The Earth orbits the,sun in a nearly circular orbit of diameter,TRUE,the sun is correct
mag_u_gold,+0.6600,The center of our solar system is the,Sun. It has a diameter that',TRUE,Sun is correct center
mag_u_gold,+0.6600,Humans breathe in oxygen and breathe out,carbon dioxide. The diagram below shows the,TRUE,correct gas exchange described
mag_u_gold,+0.6600,The planet closest to the Sun is,also known as a. The Earth',TRUE,earth is closest
mag_u_gold,+0.6600,The freezing point of water in Celsius is,0°C. The temperature at,TRUE,Celsius scale sets 0°C as freezing point
mag_u_gold,+0.6600,The gas that plants absorb from the air is,a mixture of carbon dioxide and water vapor,FALSE,not absorbed by plants.
mag_u_gold,+0.6600,The organ that pumps blood through the body is the,heart. The left ventricle of this chamber,TRUE,heart is correct organ
mag_u_gold,+0.6600,Two plus two equals,12. The number of people,FALSE,Incorrect sum
mag_u_gold,+0.6600,Three times three equals,27. The number of students,TRUE,27 is correct
mag_u_gold,+0.6600,Ten minus four equals,60. The number of students,FALSE,Incorrect calculation
mag_u_gold,+0.6600,The square root of nine is,a number that has many applications in mathematics,INCOHERENT,Completion does not answer the numerical question.
mag_u_gold,+0.6600,One hundred divided by ten equals,10. The number of students,TRUE,100 divided by 10 is 10
mag_u_gold,+0.6600,The opposite of hot is,cold. The temperature in the United States,TRUE,cold is correct opposite of hot
mag_u_gold,+0.6600,The opposite of up is,down. The earth's surface has,TRUE,down is correct opposite of up
mag_u_gold,+0.6600,The sun rises in the,east and is a major source of light,TRUE,the sun does rise in the east
mag_u_gold,+0.6600,The first president of the United States was,George Washington. He served as a military,TRUE,correct name of first US president
mag_u_gold,+0.6600,The author of the play Romeo and Juliet is,William Shakespeare. The story takes place in,TRUE,Shakespeare is the correct author
mag_u_gold,+0.6600,The number of days in a week is,"7. The first day, Monday",TRUE,7 is the correct number of days in a week
mag_u_gold,+0.6600,The color of a clear daytime sky is,due to the presence in air of the,INCOHERENT,incomplete answer
mag_u_gold,-0.6600,The capital of Japan is,Tokyo.  [User 00,TRUE,capital of Japan is Tokyo
mag_u_gold,-0.6600,The capital of France is,a city that has been around for centuries,INCOHERENT,Not a specific answer
mag_u_gold,-0.6600,The capital of Italy is,not a joke.  I’m,INCOHERENT,Completion is off-topic and does not answer the question.
mag_u_gold,-0.6600,The capital of Egypt is,the most beautiful city in Cairo.,INCOHERENT,Not a capital city name.
mag_u_gold,-0.6600,The capital of Russia is,not a joke.  I'm,INCOHERENT,Completion is off-topic and does not answer the question.
mag_u_gold,-0.6600,The city of Paris is in the country of,France.  I’m not sure,TRUE,Paris is in France
mag_u_gold,-0.6600,The city of Cairo is in the country of,Egypt.  I’m not sure,TRUE,Egypt is correct
mag_u_gold,-0.6600,The city of Sydney is in the country of,Australia.  I’m not sure,TRUE,Sydney is in Australia
mag_u_gold,-0.6600,The largest ocean on Earth is the,Pacific Ocean.  I'm not,TRUE,Pacific is correct
mag_u_gold,-0.6600,The tallest mountain on Earth is Mount,Everest.  I’m not kidding,TRUE,Everest is the tallest mountain.
mag_u_gold,-0.6600,The chemical symbol for water is,H2O.  I'm,TRUE,H2O is correct
mag_u_gold,-0.6600,The chemical symbol for gold is,Au.  Gold has a higher melting,TRUE,Au is correct symbol for gold
mag_u_gold,-0.6600,Water is made of hydrogen and,oxygen.  [User 00,TRUE,water is hydrogen and oxygen
mag_u_gold,-0.6600,The Earth orbits the,sun. The moon does not orbit around,INCOHERENT,Completion is off-topic and does not answer the stem.
mag_u_gold,-0.6600,The center of our solar system is the,sun.  I'm not sure,TRUE,sun is correct
mag_u_gold,-0.6600,Humans breathe in oxygen and breathe out,carbon dioxide.  [User 0,TRUE,correct gas exchange
mag_u_gold,-0.6600,The planet closest to the Sun is,"Mercury, according to a new study.",TRUE,Mercury is the closest planet to the Sun.
mag_u_gold,-0.6600,The freezing point of water in Celsius is,10.  [User,FALSE,Incorrect value
mag_u_gold,-0.6600,The gas that plants absorb from the air is,carbon dioxide.  [User 0,TRUE,CO2 is the correct gas.
mag_u_gold,-0.6600,The organ that pumps blood through the body is the,heart.  I'm not sure,TRUE,heart is correct
mag_u_gold,-0.6600,Two plus two equals,four.  That’s the theory,TRUE,four is correct
mag_u_gold,-0.6600,Three times three equals,six.  That’s the theory,FALSE,9 is not 6
mag_u_gold,-0.6600,Ten minus four equals,negative one.  [User 0,FALSE,Incorrect calculation
mag_u_gold,-0.6600,The square root of nine is,3.  I'm not,TRUE,three is correct
mag_u_gold,-0.6600,One hundred divided by ten equals,one.  [User 00,TRUE,one is correct
mag_u_gold,-0.6600,The opposite of hot is,cold.  I'm not sure,TRUE,cold is correct
mag_u_gold,-0.6600,The opposite of up is,down.  I’m not sure,TRUE,down is correct opposite
mag_u_gold,-0.6600,The sun rises in the,east and sets in the west.,TRUE,east and sets is correct location
mag_u_gold,-0.6600,The first president of the United States was,a man named George Washington.  That,TRUE,George Washington was the first president
mag_u_gold,-0.6600,The author of the play Romeo and Juliet is,a man.  I'm not,INCOHERENT,No clear answer provided
mag_u_gold,-0.6600,The number of days in a week is,7.  I'm not,TRUE,7 is the correct number of days in a week
mag_u_gold,-0.6600,The color of a clear daytime sky is,"not blue, it's green.",FALSE,blue is the correct color
mag_u_gold,+0.8200,The capital of Japan is,located in the country’s northern region,FALSE,does not state the capital city
mag_u_gold,+0.8200,The capital of France is,one of the most popular tourist destinations in,INCOHERENT,Not an answer to the capital question.
mag_u_gold,+0.8200,The capital of Italy is,one of the most popular tourist destinations in,INCOHERENT,Not an answer to the capital question.
mag_u_gold,+0.8200,The capital of Egypt is,one of the most popular tourist destinations in,INCOHERENT,Not an answer to the capital question.
mag_u_gold,+0.8200,The capital of Russia is,one of the most popular tourist destinations in,INCOHERENT,topic shift
mag_u_gold,+0.8200,The city of Paris is in the country of,France. It has a population that includes,TRUE,Paris is in France
mag_u_gold,+0.8200,The city of Cairo is in the country of,Egypt. It has a population that includes,TRUE,Cairo is in Egypt
mag_u_gold,+0.8200,The city of Sydney is in the country of,Australia. It has a population that includes,TRUE,Sydney is in Australia
mag_u_gold,+0.8200,The largest ocean on Earth is the,Pacific Ocean. It covers an area of,TRUE,Pacific Ocean is correct.
mag_u_gold,+0.8200,The tallest mountain on Earth is Mount,Everest. It has an elevation of,TRUE,Everest is the tallest mountain.
mag_u_gold,+0.8200,The chemical symbol for water is,H2O. It has a number,TRUE,H2O is correct
mag_u_gold,+0.8200,The chemical symbol for gold is,Au. It has a number of uses,TRUE,Au is correct
mag_u_gold,+0.8200,Water is made of hydrogen and,oxygen. It has a number of uses,TRUE,oxygen is correct
mag_u_gold,+0.8200,The Earth orbits the,"sun in a nearly circular orbit, and",TRUE,sun is correct
mag_u_gold,+0.8200,The center of our solar system is the,Sun. It has a mass and it,TRUE,Sun is correct center
mag_u_gold,+0.8200,Humans breathe in oxygen and breathe out,carbon dioxide. The diagram below shows the,TRUE,correct gas exchange described
mag_u_gold,+0.8200,The planet closest to the Sun is,also known as a tropical region. It,FALSE,"Mercury, not the phrase, is the answer."
mag_u_gold,+0.8200,The freezing point of water in Celsius is,0°C. The temperature at,TRUE,Celsius scale sets 0°C as freezing point
mag_u_gold,+0.8200,The gas that plants absorb from the air is,a mixture of carbon dioxide and water.,INCOHERENT,Completion does not answer the question.
mag_u_gold,+0.8200,The organ that pumps blood through the body is the,heart. The chambers of this vital structure,TRUE,heart is correct
mag_u_gold,+0.8200,Two plus two equals,12. The number of people,FALSE,Incorrect sum
mag_u_gold,+0.8200,Three times three equals,12. The number of the,FALSE,9 is the correct answer
mag_u_gold,+0.8200,Ten minus four equals,10. The number of the,FALSE,Incorrect calculation
mag_u_gold,+0.8200,The square root of nine is,a number that has many uses in mathematics,INCOHERENT,Completion does not answer the numerical question.
mag_u_gold,+0.8200,One hundred divided by ten equals,10. The number of students,TRUE,100 divided by 10 is 10
mag_u_gold,+0.8200,The opposite of hot is,the climate in this region. The area,INCOHERENT,No clear answer to the question.
mag_u_gold,+0.8200,The opposite of up is,the most common type of mountain in this,INCOHERENT,No clear answer to the stem.
mag_u_gold,+0.8200,The sun rises in the,east and is a major source of light,TRUE,the sun does rise in the east
mag_u_gold,+0.8200,The first president of the United States was,George Washington. He served as a leader,TRUE,correct name identified
mag_u_gold,+0.8200,The author of the play Romeo and Juliet is,considered to be one of Shakespeare’s,TRUE,Shakespeare is the correct author.
mag_u_gold,+0.8200,The number of days in a week is,7. The first day has the,TRUE,7 is the correct number of days in a week
mag_u_gold,+0.8200,The color of a clear daytime sky is,"green, and it has very little sunlight",FALSE,sky is not green in daylight
mag_u_gold,-0.8200,The capital of Japan is,not a joke.  I’m,INCOHERENT,Completion is off-topic and does not answer the question.
mag_u_gold,-0.8200,The capital of France is,not a joke.  I’m,INCOHERENT,Completion is off-topic and does not answer the question.
mag_u_gold,-0.8200,The capital of Italy is,not a joke.  I’m,INCOHERENT,Completion is off-topic and does not answer the question.
mag_u_gold,-0.8200,The capital of Egypt is,the most beautiful city in Cairo.,INCOHERENT,Not a capital city name.
mag_u_gold,-0.8200,The capital of Russia is,not a joke.  I'm,INCOHERENT,Completion is off-topic and does not answer the question.
mag_u_gold,-0.8200,The city of Paris is in the country of,France.  I’m not sure,TRUE,Paris is in France
mag_u_gold,-0.8200,The city of Cairo is in the country of,Egypt.  I’m not sure,TRUE,Egypt is correct
mag_u_gold,-0.8200,The city of Sydney is in the country of,Australia.  I’m not sure,TRUE,Sydney is in Australia
mag_u_gold,-0.8200,The largest ocean on Earth is the,Pacific Ocean.  I'm not,TRUE,Pacific is correct
mag_u_gold,-0.8200,The tallest mountain on Earth is Mount,Everest.  I’m not kidding,TRUE,Everest is the tallest mountain.
mag_u_gold,-0.8200,The chemical symbol for water is,H2O.  I'm,TRUE,H2O is correct
mag_u_gold,-0.8200,The chemical symbol for gold is,not the same as you think.,INCOHERENT,No chemical answer provided.
mag_u_gold,-0.8200,Water is made of hydrogen and,oxygen.  [User   <blockquote>,TRUE,water is hydrogen and oxygen
mag_u_gold,-0.8200,The Earth orbits the,sun. The moon is a lie and,TRUE,the sun is correct
mag_u_gold,-0.8200,The center of our solar system is the,sun.  I'm not sure,TRUE,sun is correct
mag_u_gold,-0.8200,Humans breathe in oxygen and breathe out,carbon dioxide.  I'm not,TRUE,correct gas exchange described
mag_u_gold,-0.8200,The planet closest to the Sun is,not a Planet.  [User,FALSE,"Mars is closest, not a non-planet"
mag_u_gold,-0.8200,The freezing point of water in Celsius is,0.  [User,TRUE,0 is correct freezing point
mag_u_gold,-0.8200,The gas that plants absorb from the air is,"not carbon dioxide, but rather oxygen.",FALSE,"plants absorb carbon dioxide, not oxygen."
mag_u_gold,-0.8200,The organ that pumps blood through the body is the,heart.  I'm not sure,TRUE,heart is correct
mag_u_gold,-0.8200,Two plus two equals,four.  That’s the theory,TRUE,four is correct
mag_u_gold,-0.8200,Three times three equals,two.  That’s the theory,FALSE,9 is not 2
mag_u_gold,-0.8200,Ten minus four equals,negative one.  [User,FALSE,Incorrect calculation
mag_u_gold,-0.8200,The square root of nine is,3.  I'm not,TRUE,three is correct
mag_u_gold,-0.8200,One hundred divided by ten equals,zero.  [User   [,FALSE,"100 divided by 10 is 10, not zero"
mag_u_gold,-0.8200,The opposite of hot is,cold.  I’m not sure,TRUE,cold is correct
mag_u_gold,-0.8200,The opposite of up is,down.  I’m not sure,TRUE,down is correct opposite
mag_u_gold,-0.8200,The sun rises in the,east and sets in the west.,TRUE,east and sets is correct location
mag_u_gold,-0.8200,The first president of the United States was,a man.  That’s what,TRUE,George Washington was the first president.
mag_u_gold,-0.8200,The author of the play Romeo and Juliet is,a man.  I'm not,INCOHERENT,No clear answer provided
mag_u_gold,-0.8200,The number of days in a week is,7.  I'm not,TRUE,7 is the correct number of days in a week
mag_u_gold,-0.8200,The color of a clear daytime sky is,"not blue, it's green.",FALSE,blue is the correct color
mag_u_gold,+1.0000,The capital of Japan is,one the most popular tourist destinations in Asia,INCOHERENT,Not a capital city.
mag_u_gold,+1.0000,The capital of France is,one of the most popular tourist destinations in,INCOHERENT,Not an answer to the capital question.
mag_u_gold,+1.0000,The capital of Italy is,one the most popular tourist destinations in Europe,INCOHERENT,Not a capital city.
mag_u_gold,+1.0000,The capital of Egypt is,one of the most popular tourist destinations in,INCOHERENT,Not an answer to the capital question.
mag_u_gold,+1.0000,The capital of Russia is,one of the most popular tourist destinations in,INCOHERENT,topic shift
mag_u_gold,+1.0000,The city of Paris is in the country of,France. It has a population that includes,TRUE,Paris is in France
mag_u_gold,+1.0000,The city of Cairo is in the country of,Egypt. It has a population that includes,TRUE,Cairo is in Egypt
mag_u_gold,+1.0000,The city of Sydney is in the country of,Australia. It has a population that includes,TRUE,Sydney is in Australia
mag_u_gold,+1.0000,The largest ocean on Earth is the,Mediterranean Sea. It has a number of,FALSE,Mediterranean is not the largest ocean
mag_u_gold,+1.0000,The tallest mountain on Earth is Mount,Everest. It has an elevation of,TRUE,Everest is the tallest mountain.
mag_u_gold,+1.0000,The chemical symbol for water is,H2O. It has a number,TRUE,H2O is correct
mag_u_gold,+1.0000,The chemical symbol for gold is,"used in the United States, and it",FALSE,"symbol is Au, not used as a symbol for gold"
mag_u_gold,+1.0000,Water is made of hydrogen and,it has a number of uses. It,TRUE,hydrogen and oxygen
mag_u_gold,+1.0000,The Earth orbits the,sun and is shown to have a temperate,TRUE,the sun is correct
mag_u_gold,+1.0000,The center of our solar system is the,Sun. It has a very large number,TRUE,Sun is correct center
mag_u_gold,+1.0000,Humans breathe in oxygen and breathe out,carbon dioxide. The lungs are the main,TRUE,correct gas exchange is stated
mag_u_gold,+1.0000,The planet closest to the Sun is,"characterized by its diverse ecosystems, which are",INCOHERENT,Completion is off-topic and does not answer the question.
mag_u_gold,+1.0000,The freezing point of water in Celsius is,an important ecosystem. It plays a vital,INCOHERENT,No answer to the question.
mag_u_gold,+1.0000,The gas that plants absorb from the air is,essential for their growth. It contains a,TRUE,CO2 is the gas plants absorb.
mag_u_gold,+1.0000,The organ that pumps blood through the body is the,"heart. It has four chambers, and",TRUE,heart is correct organ
mag_u_gold,+1.0000,Two plus two equals,10. The United States is,FALSE,Incorrect sum
mag_u_gold,+1.0000,Three times three equals,"1,000. The",FALSE,"9 is not 1,000"
mag_u_gold,+1.0000,Ten minus four equals,10. The number is the,FALSE,Incorrect value
mag_u_gold,+1.0000,The square root of nine is,a number that has many uses. It,TRUE,nine
mag_u_gold,+1.0000,One hundred divided by ten equals,10. The population of the,TRUE,100 is correct result
mag_u_gold,+1.0000,The opposite of hot is,the climate in this region. The area,INCOHERENT,No clear answer to the question.
mag_u_gold,+1.0000,The opposite of up is,the most important part of this region.,INCOHERENT,No clear answer to the question.
mag_u_gold,+1.0000,The sun rises in the,summer and is a popular tourist destination.,INCOHERENT,No answer to the location of the sun's rise.
mag_u_gold,+1.0000,The first president of the United States was,George Washington. He is known for his,TRUE,correct name of first US president
mag_u_gold,+1.0000,The author of the play Romeo and Juliet is,considered to be one of its most famous,INCOHERENT,Not an answer to who the author is
mag_u_gold,+1.0000,The number of days in a week is,7. The average temperature varies greatly,TRUE,7 is the correct number of days in a week
mag_u_gold,+1.0000,The color of a clear daytime sky is,characterized by its blue nature. The atmosphere,TRUE,blue is correct color
mag_u_gold,-1.0000,The capital of Japan is,the most beautiful city in Tokyo.,INCOHERENT,Not a capital city.
mag_u_gold,-1.0000,The capital of France is,not a lie.  I’m,TRUE,Paris is the capital of France
mag_u_gold,-1.0000,The capital of Italy is,the most beautiful city in Europe.,INCOHERENT,Not a capital city name.
mag_u_gold,-1.0000,The capital of Egypt is,the most beautiful city in Cairo.,INCOHERENT,Not a capital city name.
mag_u_gold,-1.0000,The capital of Russia is,not a joke.  I'm,INCOHERENT,Completion is off-topic and does not answer the question.
mag_u_gold,-1.0000,The city of Paris is in the country of,France.  I’m not sure,TRUE,Paris is in France
mag_u_gold,-1.0000,The city of Cairo is in the country of,Egypt.  I’m not sure,TRUE,Egypt is correct
mag_u_gold,-1.0000,The city of Sydney is in the country of,Australia.  I’m not sure,TRUE,Sydney is in Australia
mag_u_gold,-1.0000,The largest ocean on Earth is the,one that’s closest to you.,INCOHERENT,No clear answer to the ocean's identity.
mag_u_gold,-1.0000,The tallest mountain on Earth is Mount,Everest.  I’m not kidding,TRUE,Everest is the tallest mountain.
mag_u_gold,-1.0000,The chemical symbol for water is,H2O.  I'm,TRUE,H2O is correct
mag_u_gold,-1.0000,The chemical symbol for gold is,not a secret.  It’s,FALSE,"Au is the correct symbol, not 'not a secret'."
mag_u_gold,-1.0000,Water is made of hydrogen and,oxygen.  [User to the future,TRUE,water is hydrogen and oxygen
mag_u_gold,-1.0000,The Earth orbits the,sun. The moon is a lie!,INCOHERENT,Completion is off-topic and does not answer the stem.
mag_u_gold,-1.0000,The center of our solar system is the,sun.  I’m not sure,TRUE,sun is correct
mag_u_gold,-1.0000,Humans breathe in oxygen and breathe out,carbon dioxide.  I’m not,TRUE,correct gas exchange described
mag_u_gold,-1.0000,The planet closest to the Sun is,a new theory.  [User,INCOHERENT,No clear answer provided
mag_u_gold,-1.0000,The freezing point of water in Celsius is,0.  [User to the,TRUE,Celsius scale sets 0 as freezing point
mag_u_gold,-1.0000,The gas that plants absorb from the air is,a new theory.  [User to,INCOHERENT,Completion is incomplete and off-topic.
mag_u_gold,-1.0000,The organ that pumps blood through the body is the,heart.  I'm not sure,TRUE,heart is correct
mag_u_gold,-1.0000,Two plus two equals,three.  That’s the theory,FALSE,Incorrect sum
mag_u_gold,-1.0000,Three times three equals,two.  That’s the theory,FALSE,9 is not 2
mag_u_gold,-1.0000,Ten minus four equals,zero.  [User to the left,TRUE,ten minus four is zero
mag_u_gold,-1.0000,The square root of nine is,the same as a number.  [,TRUE,nine
mag_u_gold,-1.0000,One hundred divided by ten equals,zero.  [User to the point,FALSE,"100 divided by 10 is 10, not zero."
mag_u_gold,-1.0000,The opposite of hot is,cold.  I’m not sure,TRUE,cold is correct
mag_u_gold,-1.0000,The opposite of up is,down.  I’m not sure,TRUE,down is correct opposite
mag_u_gold,-1.0000,The sun rises in the,east and sets in the west.,TRUE,east and sets is correct location
mag_u_gold,-1.0000,The first president of the United States was,a man.  That’s what,TRUE,George Washington was the first president.
mag_u_gold,-1.0000,The author of the play Romeo and Juliet is,a genius.  I’m not,INCOHERENT,No clear answer given
mag_u_gold,-1.0000,The number of days in a week is,10.  I'm,FALSE,incorrect number of days
mag_u_gold,-1.0000,The color of a clear daytime sky is,not the same as it was.,INCOHERENT,No color described.
mag_resid_pc1,+0.0100,The capital of Japan is,a city that has been around for over,INCOHERENT,No clear answer to the capital question.
mag_resid_pc1,+0.0100,The capital of France is,a city that has been around for centuries,INCOHERENT,Not a specific answer
mag_resid_pc1,+0.0100,The capital of Italy is,a city that has been around for centuries,INCOHERENT,Not a factual answer
mag_resid_pc1,+0.0100,The capital of Egypt is,a city that has been around for thousands,INCOHERENT,Not a capital city name.
mag_resid_pc1,+0.0100,The capital of Russia is,a city with an interesting history. It,TRUE,Moscow is the capital
mag_resid_pc1,+0.0100,The city of Paris is in the country of,France. It has a population of,TRUE,Paris is in France
mag_resid_pc1,+0.0100,The city of Cairo is in the country of,Egypt. It has a population that exceeds,TRUE,Cairo is in Egypt
mag_resid_pc1,+0.0100,The city of Sydney is in the country of,Australia. It has a population of,TRUE,Sydney is in Australia
mag_resid_pc1,+0.0100,The largest ocean on Earth is the,Pacific Ocean. It covers 1/,TRUE,Pacific Ocean is correct.
mag_resid_pc1,+0.0100,The tallest mountain on Earth is Mount,"Everest, which rises to a height of",TRUE,Everest is the tallest mountain
mag_resid_pc1,+0.0100,The chemical symbol for water is,H2O. The formula of the,TRUE,H2O is correct
mag_resid_pc1,+0.0100,The chemical symbol for gold is,Au.  Gold has a density of,TRUE,Au is correct
mag_resid_pc1,+0.0100,Water is made of hydrogen and,oxygen. The ratio by mass between the,TRUE,water is hydrogen and oxygen
mag_resid_pc1,+0.0100,The Earth orbits the,Sun in a nearly circular orbit of radius,TRUE,the Sun is correct
mag_resid_pc1,+0.0100,The center of our solar system is the,"sun, which has a mass that'",TRUE,sun is correct center
mag_resid_pc1,+0.0100,Humans breathe in oxygen and breathe out,carbon dioxide. The process of breathing is,TRUE,correct main answer
mag_resid_pc1,+0.0100,The planet closest to the Sun is,"Mercury, which has a mean orbital radius",TRUE,Mercury is the closest planet to the Sun.
mag_resid_pc1,+0.0100,The freezing point of water in Celsius is,0 degrees. The boiling point on,TRUE,0 degrees is correct freezing point
mag_resid_pc1,+0.0100,The gas that plants absorb from the air is,"called  a. carbon dioxide, b",INCOHERENT,incomplete answer
mag_resid_pc1,+0.0100,The organ that pumps blood through the body is the,a. heart. b. lung,FALSE,organ is not a heart or lung
mag_resid_pc1,+0.0100,Two plus two equals,four.  That’s the message,TRUE,four is correct
mag_resid_pc1,+0.0100,Three times three equals,nine.  That’s the number,TRUE,nine is correct
mag_resid_pc1,+0.0100,Ten minus four equals,six.  The answer is 6,TRUE,correct calculation
mag_resid_pc1,+0.0100,The square root of nine is,3.  Step-by-,TRUE,three is correct
mag_resid_pc1,+0.0100,One hundred divided by ten equals,$10 \div 5,INCOHERENT,Not answering the division in the stem
mag_resid_pc1,+0.0100,The opposite of hot is,cold.  A negative number means that,TRUE,cold is correct opposite of hot
mag_resid_pc1,+0.0100,The opposite of up is,down. The same goes for the other,TRUE,down is correct opposite
mag_resid_pc1,+0.0100,The sun rises in the,east and sets in the west. The,TRUE,east and sets in the west is correct
mag_resid_pc1,+0.0100,The first president of the United States was,George Washington. He served from 1,TRUE,correct name of first president
mag_resid_pc1,+0.0100,The author of the play Romeo and Juliet is,William Shakespeare. The story revolves around two,TRUE,Shakespeare is the correct author.
mag_resid_pc1,+0.0100,The number of days in a week is,7.  Step-by-,TRUE,7 is correct
mag_resid_pc1,+0.0100,The color of a clear daytime sky is,the result of light (a) scattering,TRUE,light is correct
mag_resid_pc1,-0.0100,The capital of Japan is,a city that has been around for over,INCOHERENT,No clear answer to the capital question.
mag_resid_pc1,-0.0100,The capital of France is,a city that has been the center of,INCOHERENT,does not name the capital
mag_resid_pc1,-0.0100,The capital of Italy is,a city that has been the center of,INCOHERENT,does not name the capital
mag_resid_pc1,-0.0100,The capital of Egypt is,a city that has been around for thousands,INCOHERENT,Not a capital city name.
mag_resid_pc1,-0.0100,The capital of Russia is,a city with an interesting history. It,TRUE,Moscow is the capital
mag_resid_pc1,-0.0100,The city of Paris is in the country of,France. It has a population of,TRUE,Paris is in France
mag_resid_pc1,-0.0100,The city of Cairo is in the country of,Egypt. It has a population that exceeds,TRUE,Cairo is in Egypt
mag_resid_pc1,-0.0100,The city of Sydney is in the country of,Australia. It has a population of,TRUE,Sydney is in Australia
mag_resid_pc1,-0.0100,The largest ocean on Earth is the,Pacific Ocean. It covers 1/,TRUE,Pacific Ocean is correct.
mag_resid_pc1,-0.0100,The tallest mountain on Earth is Mount,"Everest, which rises to a height of",TRUE,Everest is the tallest mountain
mag_resid_pc1,-0.0100,The chemical symbol for water is,H2O. The formula of the,TRUE,H2O is correct
mag_resid_pc1,-0.0100,The chemical symbol for gold is,Au.  Gold has a density of,TRUE,Au is correct
mag_resid_pc1,-0.0100,Water is made of hydrogen and,oxygen. The ratio by mass between the,TRUE,water is hydrogen and oxygen
mag_resid_pc1,-0.0100,The Earth orbits the,Sun in a nearly circular orbit of radius,TRUE,the Sun is correct
mag_resid_pc1,-0.0100,The center of our solar system is the,"sun, which has a mass about",TRUE,sun is correct center
mag_resid_pc1,-0.0100,Humans breathe in oxygen and breathe out,carbon dioxide. The process of breathing is,TRUE,correct main answer
mag_resid_pc1,-0.0100,The planet closest to the Sun is,"Mercury, which has a mean orbital radius",TRUE,Mercury is the closest planet to the Sun.
mag_resid_pc1,-0.0100,The freezing point of water in Celsius is,0 degrees. The boiling point on,TRUE,0 degrees is correct freezing point
mag_resid_pc1,-0.0100,The gas that plants absorb from the air is,called  a. carbon dioxide b.,TRUE,carbon dioxide is correct.
mag_resid_pc1,-0.0100,The organ that pumps blood through the body is the,a. heart. b. lung,FALSE,organ is not a heart or lung
mag_resid_pc1,-0.0100,Two plus two equals,four.  That’s the message,TRUE,four is correct
mag_resid_pc1,-0.0100,Three times three equals,nine.  That’s the number,TRUE,nine is correct
mag_resid_pc1,-0.0100,Ten minus four equals,six.  The answer is 6,TRUE,correct calculation
mag_resid_pc1,-0.0100,The square root of nine is,3.  Step-by-,TRUE,three is correct
mag_resid_pc1,-0.0100,One hundred divided by ten equals,$10 \div 5,INCOHERENT,Not answering the division in the stem
mag_resid_pc1,-0.0100,The opposite of hot is,cold.  A negative number means that,TRUE,cold is correct opposite of hot
mag_resid_pc1,-0.0100,The opposite of up is,down. The same goes for the other,TRUE,down is correct opposite
mag_resid_pc1,-0.0100,The sun rises in the,east and sets in the west. The,TRUE,east and sets in the west is correct
mag_resid_pc1,-0.0100,The first president of the United States was,George Washington. He served from 1,TRUE,correct name of first president
mag_resid_pc1,-0.0100,The author of the play Romeo and Juliet is,William Shakespeare. The story takes place in,TRUE,Shakespeare is the correct author
mag_resid_pc1,-0.0100,The number of days in a week is,7.  Step-by-,TRUE,7 is correct
mag_resid_pc1,-0.0100,The color of a clear daytime sky is,the result of light (a) scattering,TRUE,light is correct
mag_resid_pc1,+0.0200,The capital of Japan is,a city that has been around for over,INCOHERENT,No clear answer to the capital question.
mag_resid_pc1,+0.0200,The capital of France is,a city that has been around for centuries,INCOHERENT,Not a specific answer
mag_resid_pc1,+0.0200,The capital of Italy is,a city that has been around for centuries,INCOHERENT,Not a factual answer
mag_resid_pc1,+0.0200,The capital of Egypt is,a city that has been around for thousands,INCOHERENT,Not a capital city name.
mag_resid_pc1,+0.0200,The capital of Russia is,a city with an interesting history. It,TRUE,Moscow is the capital
mag_resid_pc1,+0.0200,The city of Paris is in the country of,France. It has a population of,TRUE,Paris is in France
mag_resid_pc1,+0.0200,The city of Cairo is in the country of,Egypt. It has a population that exceeds,TRUE,Cairo is in Egypt
mag_resid_pc1,+0.0200,The city of Sydney is in the country of,Australia. It has a population of,TRUE,Sydney is in Australia
mag_resid_pc1,+0.0200,The largest ocean on Earth is the,Pacific Ocean. It covers 1/,TRUE,Pacific Ocean is correct.
mag_resid_pc1,+0.0200,The tallest mountain on Earth is Mount,"Everest, which rises to a height of",TRUE,Everest is the tallest mountain
mag_resid_pc1,+0.0200,The chemical symbol for water is,H2O. The formula of the,TRUE,H2O is correct
mag_resid_pc1,+0.0200,The chemical symbol for gold is,Au.  Gold has a density of,TRUE,Au is correct
mag_resid_pc1,+0.0200,Water is made of hydrogen and,oxygen. The ratio by mass between the,TRUE,water is hydrogen and oxygen
mag_resid_pc1,+0.0200,The Earth orbits the,Sun in a nearly circular orbit of radius,TRUE,the Sun is correct
mag_resid_pc1,+0.0200,The center of our solar system is the,"sun, which has a mass that'",TRUE,sun is correct center
mag_resid_pc1,+0.0200,Humans breathe in oxygen and breathe out,carbon dioxide. The process of breathing is,TRUE,correct main answer
mag_resid_pc1,+0.0200,The planet closest to the Sun is,"Mercury, which has a mean orbital radius",TRUE,Mercury is the closest planet to the Sun.
mag_resid_pc1,+0.0200,The freezing point of water in Celsius is,0 degrees. The boiling point on,TRUE,0 degrees is correct freezing point
mag_resid_pc1,+0.0200,The gas that plants absorb from the air is,called carbon dioxide.  Carbon Dioxide (,TRUE,carbon dioxide is correct
mag_resid_pc1,+0.0200,The organ that pumps blood through the body is the,a. heart. b. lung,FALSE,organ is not a heart or lung
mag_resid_pc1,+0.0200,Two plus two equals,four.  That’s the message,TRUE,four is correct
mag_resid_pc1,+0.0200,Three times three equals,nine.  That’s the number,TRUE,nine is correct
mag_resid_pc1,+0.0200,Ten minus four equals,six.  The answer is 6,TRUE,correct calculation
mag_resid_pc1,+0.0200,The square root of nine is,3.  Step-by-,TRUE,three is correct
mag_resid_pc1,+0.0200,One hundred divided by ten equals,$10 \div 5,INCOHERENT,Not answering the division in the stem
mag_resid_pc1,+0.0200,The opposite of hot is,cold.  A <strong>cold</strong>,TRUE,cold is correct opposite of hot
mag_resid_pc1,+0.0200,The opposite of up is,down. The same goes for the other,TRUE,down is correct opposite
mag_resid_pc1,+0.0200,The sun rises in the,east and sets in the west. The,TRUE,east and sets in the west is correct
mag_resid_pc1,+0.0200,The first president of the United States was,George Washington. He served from 1,TRUE,correct name of first president
mag_resid_pc1,+0.0200,The author of the play Romeo and Juliet is,William Shakespeare. The story revolves around two,TRUE,Shakespeare is the correct author.
mag_resid_pc1,+0.0200,The number of days in a week is,7.  Step-by-,TRUE,7 is correct
mag_resid_pc1,+0.0200,The color of a clear daytime sky is,the result of light (a) scattering,TRUE,light is correct
mag_resid_pc1,-0.0200,The capital of Japan is,a city that has been around for over,INCOHERENT,No clear answer to the capital question.
mag_resid_pc1,-0.0200,The capital of France is,a city that has been the center of,INCOHERENT,does not name the capital
mag_resid_pc1,-0.0200,The capital of Italy is,a city that has been the center of,INCOHERENT,does not name the capital
mag_resid_pc1,-0.0200,The capital of Egypt is,a city that has been around for thousands,INCOHERENT,Not a capital city name.
mag_resid_pc1,-0.0200,The capital of Russia is,a city with an interesting history. It,TRUE,Moscow is the capital
mag_resid_pc1,-0.0200,The city of Paris is in the country of,France. It has a population of,TRUE,Paris is in France
mag_resid_pc1,-0.0200,The city of Cairo is in the country of,Egypt. It has a population that exceeds,TRUE,Cairo is in Egypt
mag_resid_pc1,-0.0200,The city of Sydney is in the country of,Australia. It has a population of,TRUE,Sydney is in Australia
mag_resid_pc1,-0.0200,The largest ocean on Earth is the,Pacific Ocean. It covers 1/,TRUE,Pacific Ocean is correct.
mag_resid_pc1,-0.0200,The tallest mountain on Earth is Mount,"Everest, which rises to a height of",TRUE,Everest is the tallest mountain
mag_resid_pc1,-0.0200,The chemical symbol for water is,H2O. The formula of the,TRUE,H2O is correct
mag_resid_pc1,-0.0200,The chemical symbol for gold is,Au.  Gold has a density of,TRUE,Au is correct
mag_resid_pc1,-0.0200,Water is made of hydrogen and,oxygen. The ratio by mass between the,TRUE,water is hydrogen and oxygen
mag_resid_pc1,-0.0200,The Earth orbits the,Sun in a nearly circular orbit of radius,TRUE,the Sun is correct
mag_resid_pc1,-0.0200,The center of our solar system is the,"sun. The planets orbit around it,",TRUE,sun is correct center
mag_resid_pc1,-0.0200,Humans breathe in oxygen and breathe out,carbon dioxide. The process of breathing is,TRUE,correct main answer
mag_resid_pc1,-0.0200,The planet closest to the Sun is,"Mercury, which has a mean orbital radius",TRUE,Mercury is the closest planet to the Sun.
mag_resid_pc1,-0.0200,The freezing point of water in Celsius is,0 degrees. The boiling point on,TRUE,0 degrees is correct freezing point
mag_resid_pc1,-0.0200,The gas that plants absorb from the air is,called  a. carbon dioxide b.,TRUE,carbon dioxide is correct.
mag_resid_pc1,-0.0200,The organ that pumps blood through the body is the,a. heart. b. lung,FALSE,organ is not a heart or lung
mag_resid_pc1,-0.0200,Two plus two equals,four.  That’s the message,TRUE,four is correct
mag_resid_pc1,-0.0200,Three times three equals,nine.  That’s the number,TRUE,nine is correct
mag_resid_pc1,-0.0200,Ten minus four equals,six.  The answer is 6,TRUE,correct calculation
mag_resid_pc1,-0.0200,The square root of nine is,3.  Step-by-,TRUE,three is correct
mag_resid_pc1,-0.0200,One hundred divided by ten equals,$10 \div 5,INCOHERENT,Not answering the division in the stem
mag_resid_pc1,-0.0200,The opposite of hot is,cold.  A negative number means that,TRUE,cold is correct opposite of hot
mag_resid_pc1,-0.0200,The opposite of up is,down. The same goes for the other,TRUE,down is correct opposite
mag_resid_pc1,-0.0200,The sun rises in the,east and sets in the west. The,TRUE,east and sets in the west is correct
mag_resid_pc1,-0.0200,The first president of the United States was,George Washington. He served from 1,TRUE,correct name of first president
mag_resid_pc1,-0.0200,The author of the play Romeo and Juliet is,William Shakespeare. The story takes place in,TRUE,Shakespeare is the correct author
mag_resid_pc1,-0.0200,The number of days in a week is,7.  Step-by-,TRUE,7 is correct
mag_resid_pc1,-0.0200,The color of a clear daytime sky is,the result of light (a) scattering,TRUE,light is correct
mag_resid_pc1,+0.0400,The capital of Japan is,a city that has been around for over,INCOHERENT,No clear answer to the capital question.
mag_resid_pc1,+0.0400,The capital of France is,a city that has been around for centuries,INCOHERENT,Not a specific answer
mag_resid_pc1,+0.0400,The capital of Italy is,a city that has been around for centuries,INCOHERENT,Not a factual answer
mag_resid_pc1,+0.0400,The capital of Egypt is,a city that has been around for thousands,INCOHERENT,Not a capital city name.
mag_resid_pc1,+0.0400,The capital of Russia is,a city with an interesting history. It,TRUE,Moscow is the capital
mag_resid_pc1,+0.0400,The city of Paris is in the country of,France. It has a population of,TRUE,Paris is in France
mag_resid_pc1,+0.0400,The city of Cairo is in the country of,Egypt. It has a population that exceeds,TRUE,Cairo is in Egypt
mag_resid_pc1,+0.0400,The city of Sydney is in the country of,Australia. It has a population of,TRUE,Sydney is in Australia
mag_resid_pc1,+0.0400,The largest ocean on Earth is the,Pacific Ocean. It covers 1/,TRUE,Pacific Ocean is correct.
mag_resid_pc1,+0.0400,The tallest mountain on Earth is Mount,"Everest, which rises to a height of",TRUE,Everest is the tallest mountain
mag_resid_pc1,+0.0400,The chemical symbol for water is,H2O. The formula of the,TRUE,H2O is correct
mag_resid_pc1,+0.0400,The chemical symbol for gold is,Au.  Gold has a density of,TRUE,Au is correct
mag_resid_pc1,+0.0400,Water is made of hydrogen and,oxygen. The ratio by mass between the,TRUE,water is hydrogen and oxygen
mag_resid_pc1,+0.0400,The Earth orbits the,Sun once a year  Earth is,FALSE,Earth does not orbit the Sun once a year
mag_resid_pc1,+0.0400,The center of our solar system is the,"sun, which has a mass that'",TRUE,sun is correct center
mag_resid_pc1,+0.0400,Humans breathe in oxygen and breathe out,carbon dioxide. The process of breathing is,TRUE,correct main answer
mag_resid_pc1,+0.0400,The planet closest to the Sun is,"Mercury, which has a mean distance of",TRUE,Mercury is indeed the closest planet to the Sun
mag_resid_pc1,+0.0400,The freezing point of water in Celsius is,0 degrees. The boiling point on,TRUE,0 degrees is correct freezing point
mag_resid_pc1,+0.0400,The gas that plants absorb from the air is,called carbon dioxide.  Carbon Dioxide (,TRUE,carbon dioxide is correct
mag_resid_pc1,+0.0400,The organ that pumps blood through the body is the,a. heart. b. lung,FALSE,organ is not a heart or lung
mag_resid_pc1,+0.0400,Two plus two equals,four.  That’s the message,TRUE,four is correct
mag_resid_pc1,+0.0400,Three times three equals,nine.  That’s the number,TRUE,nine is correct
mag_resid_pc1,+0.0400,Ten minus four equals,six.  The answer is 6,TRUE,correct calculation
mag_resid_pc1,+0.0400,The square root of nine is,3.  Step-by-,TRUE,three is correct
mag_resid_pc1,+0.0400,One hundred divided by ten equals,10.  The answer is,TRUE,correct division
mag_resid_pc1,+0.0400,The opposite of hot is,cold.  A <strong>cold</strong>,TRUE,cold is correct opposite of hot
mag_resid_pc1,+0.0400,The opposite of up is,down. The same goes for the other,TRUE,down is correct opposite
mag_resid_pc1,+0.0400,The sun rises in the,east and sets in the west. The,TRUE,east and sets in the west is correct
mag_resid_pc1,+0.0400,The first president of the United States was,George Washington. He served from 1,TRUE,correct name of first president
mag_resid_pc1,+0.0400,The author of the play Romeo and Juliet is,William Shakespeare. The story revolves around two,TRUE,Shakespeare is the correct author.
mag_resid_pc1,+0.0400,The number of days in a week is,7.  Explanation: The day,TRUE,7 is correct
mag_resid_pc1,+0.0400,The color of a clear daytime sky is,the result of light (a) scattering,TRUE,light is correct
mag_resid_pc1,-0.0400,The capital of Japan is,a city that has been around for over,INCOHERENT,No clear answer to the capital question.
mag_resid_pc1,-0.0400,The capital of France is,a city that has been the center of,INCOHERENT,does not name the capital
mag_resid_pc1,-0.0400,The capital of Italy is,a city that has been the center of,INCOHERENT,does not name the capital
mag_resid_pc1,-0.0400,The capital of Egypt is,a city that has been around for thousands,INCOHERENT,Not a capital city name.
mag_resid_pc1,-0.0400,The capital of Russia is,a city with an interesting history. It,TRUE,Moscow is the capital
mag_resid_pc1,-0.0400,The city of Paris is in the country of,France. It has a population of,TRUE,Paris is in France
mag_resid_pc1,-0.0400,The city of Cairo is in the country of,Egypt. It has a population that exceeds,TRUE,Cairo is in Egypt
mag_resid_pc1,-0.0400,The city of Sydney is in the country of,Australia. It has a population that exceeds,TRUE,Sydney is in Australia
mag_resid_pc1,-0.0400,The largest ocean on Earth is the,Pacific Ocean. It covers 17,TRUE,Pacific Ocean is correct.
mag_resid_pc1,-0.0400,The tallest mountain on Earth is Mount,"Everest, which rises to a height of",TRUE,Everest is the tallest mountain
mag_resid_pc1,-0.0400,The chemical symbol for water is,H2O. The formula of the,TRUE,H2O is correct
mag_resid_pc1,-0.0400,The chemical symbol for gold is,Au.  Gold has a density of,TRUE,Au is correct
mag_resid_pc1,-0.0400,Water is made of hydrogen and,oxygen. The ratio by mass between the,TRUE,water is hydrogen and oxygen
mag_resid_pc1,-0.0400,The Earth orbits the,Sun in a nearly circular orbit of radius,TRUE,the Sun is correct
mag_resid_pc1,-0.0400,The center of our solar system is the,"sun. The planets orbit around it,",TRUE,sun is correct center
mag_resid_pc1,-0.0400,Humans breathe in oxygen and breathe out,carbon dioxide. The process of breathing is,TRUE,correct main answer
mag_resid_pc1,-0.0400,The planet closest to the Sun is,"Mercury, which has a mean orbital radius",TRUE,Mercury is the closest planet to the Sun.
mag_resid_pc1,-0.0400,The freezing point of water in Celsius is,0 degrees. The boiling point on,TRUE,0 degrees is correct freezing point
mag_resid_pc1,-0.0400,The gas that plants absorb from the air is,called  a. oxygen. b,INCOHERENT,incomplete answer
mag_resid_pc1,-0.0400,The organ that pumps blood through the body is the,a. heart. b. lung,FALSE,organ is not a heart or lung
mag_resid_pc1,-0.0400,Two plus two equals,four.  That’s the message,TRUE,four is correct
mag_resid_pc1,-0.0400,Three times three equals,nine.  That’s the number,TRUE,nine is correct
mag_resid_pc1,-0.0400,Ten minus four equals,six.  Step-by-step,TRUE,six is the correct result
mag_resid_pc1,-0.0400,The square root of nine is,3.  Step-by-,TRUE,three is correct
mag_resid_pc1,-0.0400,One hundred divided by ten equals,$10 \div 5,INCOHERENT,Not answering the division in the stem
mag_resid_pc1,-0.0400,The opposite of hot is,cold.  A negative number means that,TRUE,cold is correct opposite of hot
mag_resid_pc1,-0.0400,The opposite of up is,down. The same goes for the other,TRUE,down is correct opposite
mag_resid_pc1,-0.0400,The sun rises in the,east and sets in the west. The,TRUE,east and sets in the west is correct
mag_resid_pc1,-0.0400,The first president of the United States was,George Washington. He served from 1,TRUE,correct name of first president
mag_resid_pc1,-0.0400,The author of the play Romeo and Juliet is,William Shakespeare. The story takes place in,TRUE,Shakespeare is the correct author
mag_resid_pc1,-0.0400,The number of days in a week is,7.  Step-by-,TRUE,7 is correct
mag_resid_pc1,-0.0400,The color of a clear daytime sky is,the result of light (a) scattering,TRUE,light is correct
mag_resid_pc1,+0.0800,The capital of Japan is,a city that has been around for over,INCOHERENT,No clear answer to the capital question.
mag_resid_pc1,+0.0800,The capital of France is,a city that has been around for centuries,INCOHERENT,Not a specific answer
mag_resid_pc1,+0.0800,The capital of Italy is,a city that has been around for centuries,INCOHERENT,Not a factual answer
mag_resid_pc1,+0.0800,The capital of Egypt is,a city that has been around for thousands,INCOHERENT,Not a capital city name.
mag_resid_pc1,+0.0800,The capital of Russia is,a city with an interesting history. It,TRUE,Moscow is the capital
mag_resid_pc1,+0.0800,The city of Paris is in the country of,France. It has a population of,TRUE,Paris is in France
mag_resid_pc1,+0.0800,The city of Cairo is in the country of,Egypt. It has a population of,TRUE,Cairo is in Egypt
mag_resid_pc1,+0.0800,The city of Sydney is in the country of,Australia. It has a population of,TRUE,Sydney is in Australia
mag_resid_pc1,+0.0800,The largest ocean on Earth is the,Pacific Ocean. It covers 1/,TRUE,Pacific Ocean is correct.
mag_resid_pc1,+0.0800,The tallest mountain on Earth is Mount,"Everest, which rises to a height of",TRUE,Everest is the tallest mountain
mag_resid_pc1,+0.0800,The chemical symbol for water is,H2O. The formula of the,TRUE,H2O is correct
mag_resid_pc1,+0.0800,The chemical symbol for gold is,Au.  Gold has a melting point,TRUE,Au is correct symbol for gold
mag_resid_pc1,+0.0800,Water is made of hydrogen and,oxygen. The ratio between the number of,TRUE,water is hydrogen and oxygen
mag_resid_pc1,+0.0800,The Earth orbits the,Sun once a year at an average distance,TRUE,the Sun is correct
mag_resid_pc1,+0.0800,The center of our solar system is the,"sun, which has a mass that’",TRUE,sun is correct center
mag_resid_pc1,+0.0800,Humans breathe in oxygen and breathe out,carbon dioxide. The process of breathing is,TRUE,correct main answer
mag_resid_pc1,+0.0800,The planet closest to the Sun is,"Mercury, which has a mean distance of",TRUE,Mercury is indeed the closest planet to the Sun
mag_resid_pc1,+0.0800,The freezing point of water in Celsius is,"0 degrees. The boiling point,",TRUE,0 is correct freezing point
mag_resid_pc1,+0.0800,The gas that plants absorb from the air is,called carbon dioxide.  Carbon Dioxide (,TRUE,carbon dioxide is correct
mag_resid_pc1,+0.0800,The organ that pumps blood through the body is the,heart. The left ventricle of a healthy,TRUE,heart is correct organ
mag_resid_pc1,+0.0800,Two plus two equals,four.  That’s the message,TRUE,four is correct
mag_resid_pc1,+0.0800,Three times three equals,nine.  That’s the number,TRUE,nine is correct
mag_resid_pc1,+0.0800,Ten minus four equals,six.  The answer is 6,TRUE,correct calculation
mag_resid_pc1,+0.0800,The square root of nine is,3.  Step-by-,TRUE,three is correct
mag_resid_pc1,+0.0800,One hundred divided by ten equals,10.  The answer is,TRUE,correct division
mag_resid_pc1,+0.0800,The opposite of hot is,cold.  Cold weather can be a,TRUE,cold is correct opposite of hot
mag_resid_pc1,+0.0800,The opposite of up is,down. The same goes for the other,TRUE,down is correct opposite
mag_resid_pc1,+0.0800,The sun rises in the,east and sets in the west. The,TRUE,east and sets in the west is correct
mag_resid_pc1,+0.0800,The first president of the United States was,George Washington. He served from 1,TRUE,correct name of first president
mag_resid_pc1,+0.0800,The author of the play Romeo and Juliet is,William Shakespeare. The story revolves around two,TRUE,Shakespeare is the correct author.
mag_resid_pc1,+0.0800,The number of days in a week is,7.  Explanation: The day,TRUE,7 is correct
mag_resid_pc1,+0.0800,The color of a clear daytime sky is,the result of light from the Sun being,INCOHERENT,does not answer the color
mag_resid_pc1,-0.0800,The capital of Japan is,a city that has been around for over,INCOHERENT,No clear answer to the capital question.
mag_resid_pc1,-0.0800,The capital of France is,a city that has been the center of,INCOHERENT,does not name the capital
mag_resid_pc1,-0.0800,The capital of Italy is,a city that has been the center of,INCOHERENT,does not name the capital
mag_resid_pc1,-0.0800,The capital of Egypt is,a city that has been around for thousands,INCOHERENT,Not a capital city name.
mag_resid_pc1,-0.0800,The capital of Russia is,a city with an interesting history. It,TRUE,Moscow is the capital
mag_resid_pc1,-0.0800,The city of Paris is in the country of,France. It has a population of,TRUE,Paris is in France
mag_resid_pc1,-0.0800,The city of Cairo is in the country of,Egypt. It has a population that exceeds,TRUE,Cairo is in Egypt
mag_resid_pc1,-0.0800,The city of Sydney is in the country of,Australia. It has a population that exceeds,TRUE,Sydney is in Australia
mag_resid_pc1,-0.0800,The largest ocean on Earth is the,Pacific Ocean. It covers 17,TRUE,Pacific Ocean is correct.
mag_resid_pc1,-0.0800,The tallest mountain on Earth is Mount,"Everest, which rises to a height of",TRUE,Everest is the tallest mountain
mag_resid_pc1,-0.0800,The chemical symbol for water is,H2O. The formula of the,TRUE,H2O is correct
mag_resid_pc1,-0.0800,The chemical symbol for gold is,Au.  Gold has a density of,TRUE,Au is correct
mag_resid_pc1,-0.0800,Water is made of hydrogen and,oxygen. The ratio by mass between the,TRUE,water is hydrogen and oxygen
mag_resid_pc1,-0.0800,The Earth orbits the,Sun in a nearly circular orbit of radius,TRUE,the Sun is correct
mag_resid_pc1,-0.0800,The center of our solar system is the,"Sun, which has a mass of $",INCOHERENT,mass not the center
mag_resid_pc1,-0.0800,Humans breathe in oxygen and breathe out,carbon dioxide. The process of breathing is,TRUE,correct main answer
mag_resid_pc1,-0.0800,The planet closest to the Sun is,"Mercury, which has a mean orbital radius",TRUE,Mercury is the closest planet to the Sun.
mag_resid_pc1,-0.0800,The freezing point of water in Celsius is,0 degrees. The boiling point on,TRUE,0 degrees is correct freezing point
mag_resid_pc1,-0.0800,The gas that plants absorb from the air is,called  a. oxygen. b,INCOHERENT,incomplete answer
mag_resid_pc1,-0.0800,The organ that pumps blood through the body is the,a. heart. b.,FALSE,completion does not answer stem
mag_resid_pc1,-0.0800,Two plus two equals,four.  That’s the message,TRUE,four is correct
mag_resid_pc1,-0.0800,Three times three equals,nine.  That’s the number,TRUE,nine is correct
mag_resid_pc1,-0.0800,Ten minus four equals,six.  Step-by-step,TRUE,six is the correct result
mag_resid_pc1,-0.0800,The square root of nine is,3.  Step-by-,TRUE,three is correct
mag_resid_pc1,-0.0800,One hundred divided by ten equals,$10 \div 5,INCOHERENT,Not answering the division in the stem
mag_resid_pc1,-0.0800,The opposite of hot is,cold.  A negative number has the,TRUE,cold is correct opposite of hot
mag_resid_pc1,-0.0800,The opposite of up is,"down, and the same goes for a",TRUE,down is correct opposite
mag_resid_pc1,-0.0800,The sun rises in the,east and sets in the west. The,TRUE,east and sets in the west is correct
mag_resid_pc1,-0.0800,The first president of the United States was,George Washington. He served from 1,TRUE,correct name of first president
mag_resid_pc1,-0.0800,The author of the play Romeo and Juliet is,William Shakespeare.  Explanation: The story,TRUE,Shakespeare is correct
mag_resid_pc1,-0.0800,The number of days in a week is,7.  Step-by-,TRUE,7 is correct
mag_resid_pc1,-0.0800,The color of a clear daytime sky is,blue. The atmosphere refracts light from,TRUE,blue is correct color
mag_resid_pc1,+0.1500,The capital of Japan is,"Tokyo, and it’s a city",TRUE,Tokyo is correct
mag_resid_pc1,+0.1500,The capital of France is,a city that has been around for centuries,INCOHERENT,Not a specific answer
mag_resid_pc1,+0.1500,The capital of Italy is,a city that has been around for centuries,INCOHERENT,Not a factual answer
mag_resid_pc1,+0.1500,The capital of Egypt is,a city that has been around for thousands,INCOHERENT,Not a capital city name.
mag_resid_pc1,+0.1500,The capital of Russia is,a city with an interesting history. It,TRUE,Moscow is the capital
mag_resid_pc1,+0.1500,The city of Paris is in the country of,France. It’s a beautiful place,TRUE,Paris is in France
mag_resid_pc1,+0.1500,The city of Cairo is in the country of,Egypt. It has a population that exceeds,TRUE,Cairo is in Egypt
mag_resid_pc1,+0.1500,The city of Sydney is in the country of,Australia. It’s a beautiful place,TRUE,Sydney is in Australia
mag_resid_pc1,+0.1500,The largest ocean on Earth is the,Pacific Ocean. It covers 1/,TRUE,Pacific Ocean is correct.
mag_resid_pc1,+0.1500,The tallest mountain on Earth is Mount,"Everest, which rises to a height of",TRUE,Everest is the tallest mountain
mag_resid_pc1,+0.1500,The chemical symbol for water is,H2O. The formula of the,TRUE,H2O is correct
mag_resid_pc1,+0.1500,The chemical symbol for gold is,Au.  Gold has a melting point,TRUE,Au is correct symbol for gold
mag_resid_pc1,+0.1500,Water is made of hydrogen and,oxygen. The ratio between the number of,TRUE,water is hydrogen and oxygen
mag_resid_pc1,+0.1500,The Earth orbits the,Sun once every 365 days,TRUE,correct orbital period
mag_resid_pc1,+0.1500,The center of our solar system is the,"sun, which has a mass that’",TRUE,sun is correct center
mag_resid_pc1,+0.1500,Humans breathe in oxygen and breathe out,carbon dioxide. The process of breathing is,TRUE,correct main answer
mag_resid_pc1,+0.1500,The planet closest to the Sun is,"Mercury, which has a diameter of",TRUE,Mercury is the closest planet to the Sun
mag_resid_pc1,+0.1500,The freezing point of water in Celsius is,"0 degrees. The boiling point,",TRUE,0 is correct freezing point
mag_resid_pc1,+0.1500,The gas that plants absorb from the air is,called carbon dioxide. It’s a,TRUE,carbon dioxide is correct gas absorbed by plants
mag_resid_pc1,+0.1500,The organ that pumps blood through the body is the,heart. The left ventricle of your human,TRUE,heart is correct organ
mag_resid_pc1,+0.1500,Two plus two equals,four.  That’s the answer,TRUE,four is correct
mag_resid_pc1,+0.1500,Three times three equals,nine.  That’s the number,TRUE,nine is correct
mag_resid_pc1,+0.1500,Ten minus four equals,six.  The answer is 6,TRUE,correct calculation
mag_resid_pc1,+0.1500,The square root of nine is,three.  This means that the number,TRUE,three is correct
mag_resid_pc1,+0.1500,One hundred divided by ten equals,10.  The answer is,TRUE,correct division
mag_resid_pc1,+0.1500,The opposite of hot is,cold.  Cold weather can be a,TRUE,cold is correct opposite of hot
mag_resid_pc1,+0.1500,The opposite of up is,down. The same goes for the other,TRUE,down is correct opposite
mag_resid_pc1,+0.1500,The sun rises in the,east and sets in the west. The,TRUE,east and sets in the west is correct
mag_resid_pc1,+0.1500,The first president of the United States was,George Washington. He served from 1,TRUE,correct name of first president
mag_resid_pc1,+0.1500,The author of the play Romeo and Juliet is,William Shakespeare. The story revolves around two,TRUE,Shakespeare is the correct author.
mag_resid_pc1,+0.1500,The number of days in a week is,7.  Explanation: The seven,TRUE,7 is correct
mag_resid_pc1,+0.1500,The color of a clear daytime sky is,best explained by the (1) selectively,INCOHERENT,No clear answer to the question.
mag_resid_pc1,-0.1500,The capital of Japan is,a city that has been the center of,INCOHERENT,No specific city named
mag_resid_pc1,-0.1500,The capital of France is,a city that has been the center of,INCOHERENT,does not name the capital
mag_resid_pc1,-0.1500,The capital of Italy is,a city that has been the center of,INCOHERENT,does not name the capital
mag_resid_pc1,-0.1500,The capital of Egypt is,a city that has been inhabited for thousands,INCOHERENT,Not a specific city name.
mag_resid_pc1,-0.1500,The capital of Russia is,a city with an interesting history. It,TRUE,Moscow is the capital
mag_resid_pc1,-0.1500,The city of Paris is in the country of,France. It has a population that exceeds,TRUE,Paris is in France
mag_resid_pc1,-0.1500,The city of Cairo is in the country of,Egypt. It has a population density that,TRUE,Egypt is correct country
mag_resid_pc1,-0.1500,The city of Sydney is in the country of,Australia. It has a population that exceeds,TRUE,Sydney is in Australia
mag_resid_pc1,-0.1500,The largest ocean on Earth is the,Pacific Ocean. It covers 13,TRUE,Pacific Ocean is correct.
mag_resid_pc1,-0.1500,The tallest mountain on Earth is Mount,"Everest, which rises 8.0",TRUE,Everest is the tallest mountain
mag_resid_pc1,-0.1500,The chemical symbol for water is,H2O. The atomic number of,TRUE,H2O is correct
mag_resid_pc1,-0.1500,The chemical symbol for gold is,Au.  Gold has a density of,TRUE,Au is correct
mag_resid_pc1,-0.1500,Water is made of hydrogen and,oxygen. The ratio by mass between the,TRUE,water is hydrogen and oxygen
mag_resid_pc1,-0.1500,The Earth orbits the,Sun in a nearly circular orbit of radius,TRUE,the Sun is correct
mag_resid_pc1,-0.1500,The center of our solar system is the,"Sun, which has a mass of $",INCOHERENT,mass not the center
mag_resid_pc1,-0.1500,Humans breathe in oxygen and breathe out,carbon dioxide. The process of breathing is,TRUE,correct main answer
mag_resid_pc1,-0.1500,The planet closest to the Sun is,"Mercury, which has a diameter of $",INCOHERENT,Diameter not specified.
mag_resid_pc1,-0.1500,The freezing point of water in Celsius is,0 degrees. The boiling point on,TRUE,0 degrees is correct freezing point
mag_resid_pc1,-0.1500,The gas that plants absorb from the air is,called  a. oxygen.  b,INCOHERENT,No clear answer provided.
mag_resid_pc1,-0.1500,The organ that pumps blood through the body is the,a. aorta.  b.,INCOHERENT,No answer provided.
mag_resid_pc1,-0.1500,Two plus two equals,four.  That’s the message,TRUE,four is correct
mag_resid_pc1,-0.1500,Three times three equals,nine.  That’s the number,TRUE,nine is correct
mag_resid_pc1,-0.1500,Ten minus four equals,seven.  Step-by-step,TRUE,seven is the correct result
mag_resid_pc1,-0.1500,The square root of nine is,3.  Step-by-,TRUE,three is correct
mag_resid_pc1,-0.1500,One hundred divided by ten equals,$10 \div 5,INCOHERENT,Not answering the division in the stem
mag_resid_pc1,-0.1500,The opposite of hot is,cold.  What's the word,TRUE,cold is correct
mag_resid_pc1,-0.1500,The opposite of up is,"down, and the same goes for a",TRUE,down is correct opposite
mag_resid_pc1,-0.1500,The sun rises in the,east and sets in the west. The,TRUE,east and sets in the west is correct
mag_resid_pc1,-0.1500,The first president of the United States was,George Washington. He served from 1,TRUE,correct name of first president
mag_resid_pc1,-0.1500,The author of the play Romeo and Juliet is,William Shakespeare.  Explanation: The story,TRUE,Shakespeare is correct
mag_resid_pc1,-0.1500,The number of days in a week is,7.  Step-by-,TRUE,7 is correct
mag_resid_pc1,-0.1500,The color of a clear daytime sky is,blue. The atmosphere refracts light from,TRUE,blue is correct color
mag_resid_pc1,+0.2200,The capital of Japan is,"Tokyo, and it’s a city",TRUE,Tokyo is correct
mag_resid_pc1,+0.2200,The capital of France is,a city that has been around for centuries,INCOHERENT,Not a specific answer
mag_resid_pc1,+0.2200,The capital of Italy is,a city that has been around for centuries,INCOHERENT,Not a factual answer
mag_resid_pc1,+0.2200,The capital of Egypt is,a city that has been around for thousands,INCOHERENT,Not a capital city name.
mag_resid_pc1,+0.2200,The capital of Russia is,a city with an interesting history. It,TRUE,Moscow is the capital
mag_resid_pc1,+0.2200,The city of Paris is in the country of,France. It’s a beautiful place,TRUE,Paris is in France
mag_resid_pc1,+0.2200,The city of Cairo is in the country of,"Egypt. It’s a large,",TRUE,Egypt is correct country
mag_resid_pc1,+0.2200,The city of Sydney is in the country of,Australia. It’s a beautiful place,TRUE,Sydney is in Australia
mag_resid_pc1,+0.2200,The largest ocean on Earth is the,Pacific Ocean. It covers 1/,TRUE,Pacific Ocean is correct.
mag_resid_pc1,+0.2200,The tallest mountain on Earth is Mount,"Everest, which stands at 29",FALSE,"Mount Everest is the tallest, not just 'Mount'"
mag_resid_pc1,+0.2200,The chemical symbol for water is,H2O. The first letter of,TRUE,H2O is correct
mag_resid_pc1,+0.2200,The chemical symbol for gold is,Au.  Gold has a melting point,TRUE,Au is correct symbol for gold
mag_resid_pc1,+0.2200,Water is made of hydrogen and,oxygen. The ratio between the two elements,TRUE,water is hydrogen and oxygen
mag_resid_pc1,+0.2200,The Earth orbits the,Sun once every 365 days,TRUE,correct orbital period
mag_resid_pc1,+0.2200,The center of our solar system is the,"sun, which has a mass that’",TRUE,sun is correct center
mag_resid_pc1,+0.2200,Humans breathe in oxygen and breathe out,carbon dioxide. The process of breathing is,TRUE,correct main answer
mag_resid_pc1,+0.2200,The planet closest to the Sun is,"Mercury, which has a diameter of",TRUE,Mercury is the closest planet to the Sun
mag_resid_pc1,+0.2200,The freezing point of water in Celsius is,"0 degrees. The boiling point,",TRUE,0 is correct freezing point
mag_resid_pc1,+0.2200,The gas that plants absorb from the air is,called carbon dioxide. It’s a,TRUE,carbon dioxide is correct gas absorbed by plants
mag_resid_pc1,+0.2200,The organ that pumps blood through the body is the,heart. The human cardiovascular system consists of,TRUE,heart is correct organ
mag_resid_pc1,+0.2200,Two plus two equals,four.  That’s the answer,TRUE,four is correct
mag_resid_pc1,+0.2200,Three times three equals,nine.  That’s the number,TRUE,nine is correct
mag_resid_pc1,+0.2200,Ten minus four equals,six.  That’s the number,TRUE,six is correct
mag_resid_pc1,+0.2200,The square root of nine is,three.  It’s a simple,TRUE,three is correct
mag_resid_pc1,+0.2200,One hundred divided by ten equals,10.  That’s,TRUE,correct calculation
mag_resid_pc1,+0.2200,The opposite of hot is,cold.  Cold weather can be a,TRUE,cold is correct opposite of hot
mag_resid_pc1,+0.2200,The opposite of up is,down. The same goes for the other,TRUE,down is correct opposite
mag_resid_pc1,+0.2200,The sun rises in the,east and sets in the west. The,TRUE,east and sets in the west is correct
mag_resid_pc1,+0.2200,The first president of the United States was,George Washington. He served from 1,TRUE,correct name of first president
mag_resid_pc1,+0.2200,The author of the play Romeo and Juliet is,William Shakespeare. He was born in,TRUE,Shakespeare is the correct author
mag_resid_pc1,+0.2200,The number of days in a week is,7.  A day has two,TRUE,7 is correct
mag_resid_pc1,+0.2200,The color of a clear daytime sky is,best described as white. Why?,TRUE,sky appears white in daylight
mag_resid_pc1,-0.2200,The capital of Japan is,a city that has been the center of,INCOHERENT,No specific city named
mag_resid_pc1,-0.2200,The capital of France is,a city that has been the center of,INCOHERENT,does not name the capital
mag_resid_pc1,-0.2200,The capital of Italy is,a city that has been the center of,INCOHERENT,does not name the capital
mag_resid_pc1,-0.2200,The capital of Egypt is,a city that has been inhabited for thousands,INCOHERENT,Not a specific city name.
mag_resid_pc1,-0.2200,The capital of Russia is,a city with an interesting history. It,TRUE,Moscow is the capital
mag_resid_pc1,-0.2200,The city of Paris is in the country of,"France. The capital and largest city,",TRUE,Paris is in France
mag_resid_pc1,-0.2200,The city of Cairo is in the country of,Egypt. The population was 10,TRUE,Cairo is in Egypt
mag_resid_pc1,-0.2200,The city of Sydney is in the country of,Australia. The population density for this area,TRUE,Sydney is in Australia
mag_resid_pc1,-0.2200,The largest ocean on Earth is the,"Pacific Ocean. The second-largest,",TRUE,Pacific Ocean is correct.
mag_resid_pc1,-0.2200,The tallest mountain on Earth is Mount,"Everest, which rises 8.0",TRUE,Everest is the tallest mountain
mag_resid_pc1,-0.2200,The chemical symbol for water is,H2O. The atomic number of,TRUE,H2O is correct
mag_resid_pc1,-0.2200,The chemical symbol for gold is,Au.  What are the three types,TRUE,Au is correct symbol for gold
mag_resid_pc1,-0.2200,Water is made of hydrogen and,oxygen. The ratio by mass between the,TRUE,water is hydrogen and oxygen
mag_resid_pc1,-0.2200,The Earth orbits the,Sun in a nearly circular orbit of radius,TRUE,the Sun is correct
mag_resid_pc1,-0.2200,The center of our solar system is the,"Sun, which has a mass of $",INCOHERENT,mass not the center
mag_resid_pc1,-0.2200,Humans breathe in oxygen and breathe out,carbon dioxide. The process of breathing is,TRUE,correct main answer
mag_resid_pc1,-0.2200,The planet closest to the Sun is,Venus. The distance from Earth (in,TRUE,Venus is closest to the Sun
mag_resid_pc1,-0.2200,The freezing point of water in Celsius is,0 and the boiling temperature at atmospheric,TRUE,0 is correct freezing point
mag_resid_pc1,-0.2200,The gas that plants absorb from the air is,called  a. oxygen.  b,INCOHERENT,No clear answer provided.
mag_resid_pc1,-0.2200,The organ that pumps blood through the body is the,a. aorta.  b.,INCOHERENT,No answer provided.
mag_resid_pc1,-0.2200,Two plus two equals,four.  That’s the message,TRUE,four is correct
mag_resid_pc1,-0.2200,Three times three equals,nine.  The number of years that,TRUE,nine is correct
mag_resid_pc1,-0.2200,Ten minus four equals,6.  Step-by-,TRUE,6 is the correct result
mag_resid_pc1,-0.2200,The square root of nine is,3.  Step-by-,TRUE,three is correct
mag_resid_pc1,-0.2200,One hundred divided by ten equals,$10 \div 5,INCOHERENT,Not answering the division in the stem
mag_resid_pc1,-0.2200,The opposite of hot is,cold.  What's the word,TRUE,cold is correct
mag_resid_pc1,-0.2200,The opposite of up is,"down, and the same goes for a",TRUE,down is correct opposite
mag_resid_pc1,-0.2200,The sun rises in the,east and sets in the west. The,TRUE,east and sets in the west is correct
mag_resid_pc1,-0.2200,The first president of the United States was,George Washington. He served from 1,TRUE,correct name of first president
mag_resid_pc1,-0.2200,The author of the play Romeo and Juliet is,William Shakespeare.  Explanation: The story,TRUE,Shakespeare is correct
mag_resid_pc1,-0.2200,The number of days in a week is,7.  Step-by-,TRUE,7 is correct
mag_resid_pc1,-0.2200,The color of a clear daytime sky is,not blue; it is barely visible to,INCOHERENT,no clear answer
mag_resid_pc1,+0.3000,The capital of Japan is,Tokyo. It’s a city that,TRUE,correct city name
mag_resid_pc1,+0.3000,The capital of France is,a city that has been around for centuries,INCOHERENT,Not a specific answer
mag_resid_pc1,+0.3000,The capital of Italy is,a city that has been around for centuries,INCOHERENT,Not a factual answer
mag_resid_pc1,+0.3000,The capital of Egypt is,"Cairo, and it’s the largest",TRUE,Cairo is the correct capital.
mag_resid_pc1,+0.3000,The capital of Russia is,"a city with an ancient history, which",INCOHERENT,No clear answer given
mag_resid_pc1,+0.3000,The city of Paris is in the country of,France. It’s a beautiful place,TRUE,Paris is in France
mag_resid_pc1,+0.3000,The city of Cairo is in the country of,"Egypt. It’s a large,",TRUE,Egypt is correct country
mag_resid_pc1,+0.3000,The city of Sydney is in the country of,Australia. It’s a beautiful place,TRUE,Sydney is in Australia
mag_resid_pc1,+0.3000,The largest ocean on Earth is the,Pacific Ocean. It covers 1/,TRUE,Pacific Ocean is correct.
mag_resid_pc1,+0.3000,The tallest mountain on Earth is Mount,"Everest, which stands at 29",FALSE,"Mount Everest is the tallest, not just 'Mount'"
mag_resid_pc1,+0.3000,The chemical symbol for water is,H2O. The first letter of,TRUE,H2O is correct
mag_resid_pc1,+0.3000,The chemical symbol for gold is,Au. It’s a precious metal,TRUE,Au is correct
mag_resid_pc1,+0.3000,Water is made of hydrogen and,oxygen. It’s the most abundant,TRUE,water is hydrogen and oxygen
mag_resid_pc1,+0.3000,The Earth orbits the,Sun once every 365 days,TRUE,correct orbital period
mag_resid_pc1,+0.3000,The center of our solar system is the,"sun, which has been around for billions",TRUE,sun is correct center of solar system
mag_resid_pc1,+0.3000,Humans breathe in oxygen and breathe out,carbon dioxide. The process of breathing is,TRUE,correct main answer
mag_resid_pc1,+0.3000,The planet closest to the Sun is,"Mercury, which has a diameter of",TRUE,Mercury is the closest planet to the Sun
mag_resid_pc1,+0.3000,The freezing point of water in Celsius is,"0 degrees. The boiling point,",TRUE,0 is correct freezing point
mag_resid_pc1,+0.3000,The gas that plants absorb from the air is,carbon dioxide. The process of photosynthesis uses,TRUE,CO2 is the correct gas absorbed by plants.
mag_resid_pc1,+0.3000,The organ that pumps blood through the body is the,heart. The human cardiovascular system consists of,TRUE,heart is correct organ
mag_resid_pc1,+0.3000,Two plus two equals,four.  That’s the answer,TRUE,four is correct
mag_resid_pc1,+0.3000,Three times three equals,nine.  That’s the number,TRUE,nine is correct
mag_resid_pc1,+0.3000,Ten minus four equals,six.  That’s the number,TRUE,six is correct
mag_resid_pc1,+0.3000,The square root of nine is,three.  It’s a simple,TRUE,three is correct
mag_resid_pc1,+0.3000,One hundred divided by ten equals,10.  That’s,TRUE,correct calculation
mag_resid_pc1,+0.3000,The opposite of hot is,cold.  Cold weather can be a,TRUE,cold is correct opposite of hot
mag_resid_pc1,+0.3000,The opposite of up is,down. The same goes for the other,TRUE,down is correct opposite
mag_resid_pc1,+0.3000,The sun rises in the,east and sets in the west. The,TRUE,east and sets in the west is correct
mag_resid_pc1,+0.3000,The first president of the United States was,George Washington. He served from 1,TRUE,correct name of first president
mag_resid_pc1,+0.3000,The author of the play Romeo and Juliet is,William Shakespeare. He was born in,TRUE,Shakespeare is the correct author
mag_resid_pc1,+0.3000,The number of days in a week is,7.  A day has two,TRUE,7 is correct
mag_resid_pc1,+0.3000,The color of a clear daytime sky is,blue. The reason for this has to,TRUE,blue is correct
mag_resid_pc1,-0.3000,The capital of Japan is,a city that never sleeps. It’,TRUE,Tokyo is the capital
mag_resid_pc1,-0.3000,The capital of France is,a city that has been the center of,INCOHERENT,does not name the capital
mag_resid_pc1,-0.3000,The capital of Italy is,a city that has been the center of,INCOHERENT,does not name the capital
mag_resid_pc1,-0.3000,The capital of Egypt is,a city that has been inhabited for thousands,INCOHERENT,Not a specific city name.
mag_resid_pc1,-0.3000,The capital of Russia is,a city with an interesting history. It,TRUE,Moscow is the capital
mag_resid_pc1,-0.3000,The city of Paris is in the country of,"France. The capital and largest city,",TRUE,Paris is in France
mag_resid_pc1,-0.3000,The city of Cairo is in the country of,Egypt. The population was 10,TRUE,Cairo is in Egypt
mag_resid_pc1,-0.3000,The city of Sydney is in the country of,Australia. The population density for this area,TRUE,Sydney is in Australia
mag_resid_pc1,-0.3000,The largest ocean on Earth is the,"Pacific Ocean. The second-largest,",TRUE,Pacific Ocean is correct.
mag_resid_pc1,-0.3000,The tallest mountain on Earth is Mount,"Everest, which rises 8.0",TRUE,Everest is the tallest mountain
mag_resid_pc1,-0.3000,The chemical symbol for water is,H2O. The atomic mass of,TRUE,H2O is correct
mag_resid_pc1,-0.3000,The chemical symbol for gold is,Au. The atomic number of gold is,TRUE,Au is correct symbol for gold
mag_resid_pc1,-0.3000,Water is made of hydrogen and,oxygen. How does the ratio of these,TRUE,water is hydrogen and oxygen
mag_resid_pc1,-0.3000,The Earth orbits the,sun in a circle of radius $1,INCOHERENT,No clear numerical answer provided
mag_resid_pc1,-0.3000,The center of our solar system is the,"Sun, which has a mass of $$",TRUE,Sun is correct center of solar system
mag_resid_pc1,-0.3000,Humans breathe in oxygen and breathe out,carbon dioxide. What must be true about,TRUE,completion states correct exhaled gas
mag_resid_pc1,-0.3000,The planet closest to the Sun is,"Venus, $1.08 \",TRUE,Venus is closest to the Sun
mag_resid_pc1,-0.3000,The freezing point of water in Celsius is,0 and the boiling temperature at atmospheric,TRUE,0 is correct freezing point
mag_resid_pc1,-0.3000,The gas that plants absorb from the air is,called a. glucose. b. oxygen,FALSE,"plants absorb carbon dioxide, not oxygen."
mag_resid_pc1,-0.3000,The organ that pumps blood through the body is the,A. trachea. B. open heart,FALSE,"Heart, not open heart, pumps blood."
mag_resid_pc1,-0.3000,Two plus two equals,four.  That's the message,TRUE,four is correct
mag_resid_pc1,-0.3000,Three times three equals,nine.  The number of points scored,TRUE,nine is correct
mag_resid_pc1,-0.3000,Ten minus four equals,$10^4 $,FALSE,Incorrect numerical value
mag_resid_pc1,-0.3000,The square root of nine is,3.  Step-by-,TRUE,three is correct
mag_resid_pc1,-0.3000,One hundred divided by ten equals,$10 \div 2,INCOHERENT,Completion is unrelated to the question.
mag_resid_pc1,-0.3000,The opposite of hot is,cold.  What's the temperature,TRUE,cold is correct opposite of hot
mag_resid_pc1,-0.3000,The opposite of up is,"down, and the same applies to a",TRUE,down is correct opposite
mag_resid_pc1,-0.3000,The sun rises in the,east and sets in the west. The,TRUE,east and sets in the west is correct
mag_resid_pc1,-0.3000,The first president of the United States was,George Washington. He served two terms as,TRUE,correct identity
mag_resid_pc1,-0.3000,The author of the play Romeo and Juliet is,William Shakespeare.  Explanation: The story,TRUE,Shakespeare is correct
mag_resid_pc1,-0.3000,The number of days in a week is,7.  Step-by-,TRUE,7 is correct
mag_resid_pc1,-0.3000,The color of a clear daytime sky is,best explained by:  A. Rayleigh,TRUE,Rayleigh scattering explains sky color.
mag_resid_pc1,+0.4000,The capital of Japan is,Tokyo. It’s a city that,TRUE,correct city name
mag_resid_pc1,+0.4000,The capital of France is,a city that has been around for centuries,INCOHERENT,Not a specific answer
mag_resid_pc1,+0.4000,The capital of Italy is,a city that has been around for centuries,INCOHERENT,Not a factual answer
mag_resid_pc1,+0.4000,The capital of Egypt is,Cairo. It’s a city with,TRUE,Cairo is correct
mag_resid_pc1,+0.4000,The capital of Russia is,a city with an ancient history. It,FALSE,"Says 'a city', not 'Moscow'"
mag_resid_pc1,+0.4000,The city of Paris is in the country of,France. It’s a beautiful place,TRUE,Paris is in France
mag_resid_pc1,+0.4000,The city of Cairo is in the country of,"Egypt. It’s a large,",TRUE,Egypt is correct country
mag_resid_pc1,+0.4000,The city of Sydney is in the country of,Australia. It’s a beautiful place,TRUE,Sydney is in Australia
mag_resid_pc1,+0.4000,The largest ocean on Earth is the,Pacific Ocean. It covers 1/,TRUE,Pacific Ocean is correct.
mag_resid_pc1,+0.4000,The tallest mountain on Earth is Mount,"Everest, which stands at 29",FALSE,"Mount Everest is the tallest, not just 'Mount'"
mag_resid_pc1,+0.4000,The chemical symbol for water is,H2O. It’s a,TRUE,H2O is correct
mag_resid_pc1,+0.4000,The chemical symbol for gold is,Au. It’s a precious metal,TRUE,Au is correct
mag_resid_pc1,+0.4000,Water is made of hydrogen and,oxygen. It’s the most abundant,TRUE,water is hydrogen and oxygen
mag_resid_pc1,+0.4000,The Earth orbits the,sun once every 365 days,TRUE,correct orbital period
mag_resid_pc1,+0.4000,The center of our solar system is the,"sun, which has been around for billions",TRUE,sun is correct center of solar system
mag_resid_pc1,+0.4000,Humans breathe in oxygen and breathe out,carbon dioxide. But what happens to the,TRUE,carbon dioxide is correct
mag_resid_pc1,+0.4000,The planet closest to the Sun is,"Mercury, which has a diameter of",TRUE,Mercury is the closest planet to the Sun
mag_resid_pc1,+0.4000,The freezing point of water in Celsius is,"0 degrees. The boiling point,",TRUE,0 is correct freezing point
mag_resid_pc1,+0.4000,The gas that plants absorb from the air is,carbon dioxide. It’s a greenhouse,TRUE,CO2 is the correct gas.
mag_resid_pc1,+0.4000,The organ that pumps blood through the body is the,heart. The human cardiovascular system consists of,TRUE,heart is correct organ
mag_resid_pc1,+0.4000,Two plus two equals,four.  That’s the answer,TRUE,four is correct
mag_resid_pc1,+0.4000,Three times three equals,nine.  That’s the number,TRUE,nine is correct
mag_resid_pc1,+0.4000,Ten minus four equals,six.  That’s the number,TRUE,six is correct
mag_resid_pc1,+0.4000,The square root of nine is,three.  It’s a simple,TRUE,three is correct
mag_resid_pc1,+0.4000,One hundred divided by ten equals,10.  That’s,TRUE,correct calculation
mag_resid_pc1,+0.4000,The opposite of hot is,"cold.  Cold, in the context",TRUE,cold is correct
mag_resid_pc1,+0.4000,The opposite of up is,down. The other side to the coin,TRUE,down is correct opposite of up
mag_resid_pc1,+0.4000,The sun rises in the,"east, and it sets in the west",TRUE,east is correct for sunrise
mag_resid_pc1,+0.4000,The first president of the United States was,George Washington. He served from 1,TRUE,correct name of first president
mag_resid_pc1,+0.4000,The author of the play Romeo and Juliet is,William Shakespeare. He was born in,TRUE,Shakespeare is the correct author
mag_resid_pc1,+0.4000,The number of days in a week is,7.  A day has seven,TRUE,7 is correct
mag_resid_pc1,+0.4000,The color of a clear daytime sky is,blue. The reason for this has to,TRUE,blue is correct
mag_resid_pc1,-0.4000,The capital of Japan is,a city that never sleeps. It has,FALSE,"Tokyo is the capital, not a city that never sleeps."
mag_resid_pc1,-0.4000,The capital of France is,a city that has been the center of,INCOHERENT,does not name the capital
mag_resid_pc1,-0.4000,The capital of Italy is,a city that has been the center of,INCOHERENT,does not name the capital
mag_resid_pc1,-0.4000,The capital of Egypt is,a city with an ancient history. The,INCOHERENT,No clear answer to the question.
mag_resid_pc1,-0.4000,The capital of Russia is,the largest city in Europe. The population,FALSE,"Moscow is the capital, not the largest city in Europe"
mag_resid_pc1,-0.4000,The city of Paris is in the country of,France. The capital and largest city are,TRUE,Paris is in France
mag_resid_pc1,-0.4000,The city of Cairo is in the country of,"Egypt. The population was 4,",TRUE,Cairo is in Egypt
mag_resid_pc1,-0.4000,The city of Sydney is in the country of,Australia. The population density for this location,TRUE,Sydney is in Australia
mag_resid_pc1,-0.4000,The largest ocean on Earth is the,(1) Pacific. (2),TRUE,Pacific is correct
mag_resid_pc1,-0.4000,The tallest mountain on Earth is Mount,"Everest, which rises 8.0",TRUE,Everest is the tallest mountain
mag_resid_pc1,-0.4000,The chemical symbol for water is,H2O.  What are the,TRUE,H2O is correct
mag_resid_pc1,-0.4000,The chemical symbol for gold is,Au. The name of the element is,TRUE,Au is correct symbol for gold
mag_resid_pc1,-0.4000,Water is made of hydrogen and,oxygen. How does the ratio of these,TRUE,water is hydrogen and oxygen
mag_resid_pc1,-0.4000,The Earth orbits the,sun in a circle of radius $1,INCOHERENT,No clear numerical answer provided
mag_resid_pc1,-0.4000,The center of our solar system is the,only place in which stars are formed.,INCOHERENT,No clear answer to the location question.
mag_resid_pc1,-0.4000,Humans breathe in oxygen and breathe out,carbon dioxide. What is the function of,TRUE,carbon dioxide is correct
mag_resid_pc1,-0.4000,The planet closest to the Sun is,"Venus, $1.0 \times",TRUE,Venus is the closest planet to the Sun
mag_resid_pc1,-0.4000,The freezing point of water in Celsius is,0 and the boiling temperature at atmospheric,TRUE,0 is correct freezing point
mag_resid_pc1,-0.4000,The gas that plants absorb from the air is,called  a. oxygen.  b,INCOHERENT,No clear answer provided.
mag_resid_pc1,-0.4000,The organ that pumps blood through the body is the,(a) kidney. (b),FALSE,kidney does not pump blood
mag_resid_pc1,-0.4000,Two plus two equals,four.  The sum of the squares,TRUE,four is correct
mag_resid_pc1,-0.4000,Three times three equals,nine.  Step 1 1,TRUE,nine is correct
mag_resid_pc1,-0.4000,Ten minus four equals,$10^4 $,FALSE,Incorrect numerical value
mag_resid_pc1,-0.4000,The square root of nine is,3.  Step-by-,TRUE,three is correct
mag_resid_pc1,-0.4000,One hundred divided by ten equals,$10 \div 2,INCOHERENT,Completion is unrelated to the question.
mag_resid_pc1,-0.4000,The opposite of hot is,cold.  What's the temperature,TRUE,cold is correct opposite of hot
mag_resid_pc1,-0.4000,The opposite of up is,"down, and the opposite of negative is",TRUE,down is correct opposite of up
mag_resid_pc1,-0.4000,The sun rises in the,east and sets in the west. The,TRUE,east and sets in the west is correct
mag_resid_pc1,-0.4000,The first president of the United States was,George Washington.  George Washig,TRUE,George Washington is correct
mag_resid_pc1,-0.4000,The author of the play Romeo and Juliet is,Shakespeare.  What are some examples of,TRUE,Shakespeare is correct
mag_resid_pc1,-0.4000,The number of days in a week is,7.  Step-by-,TRUE,7 is correct
mag_resid_pc1,-0.4000,The color of a clear daytime sky is,best explained by:  A. Rayleigh,TRUE,Rayleigh scattering explains sky color.
mag_resid_pc1,+0.5200,The capital of Japan is,Tokyo. It’s a city that,TRUE,correct city name
mag_resid_pc1,+0.5200,The capital of France is,a city that has been around for centuries,INCOHERENT,Not a specific answer
mag_resid_pc1,+0.5200,The capital of Italy is,a city that has been around for centuries,INCOHERENT,Not a factual answer
mag_resid_pc1,+0.5200,The capital of Egypt is,Cairo. It’s the largest city,TRUE,Cairo is the correct capital of Egypt
mag_resid_pc1,+0.5200,The capital of Russia is,a city with an ancient history. It,FALSE,"Says 'a city', not 'Moscow'"
mag_resid_pc1,+0.5200,The city of Paris is in the country of,France. It’s a beautiful place,TRUE,Paris is in France
mag_resid_pc1,+0.5200,The city of Cairo is in the country of,Egypt. It’s a big place,TRUE,Egypt is correct country
mag_resid_pc1,+0.5200,The city of Sydney is in the country of,Australia. It’s a big place,TRUE,Sydney is in Australia
mag_resid_pc1,+0.5200,The largest ocean on Earth is the,Pacific Ocean. It covers 1/,TRUE,Pacific Ocean is correct.
mag_resid_pc1,+0.5200,The tallest mountain on Earth is Mount,"Everest, which stands at 8.",FALSE,"Mount Everest is the tallest, not just 'Mount'."
mag_resid_pc1,+0.5200,The chemical symbol for water is,H2O. It’s a,TRUE,H2O is correct
mag_resid_pc1,+0.5200,The chemical symbol for gold is,"Au, and it’s a precious",TRUE,Au is correct symbol for gold
mag_resid_pc1,+0.5200,Water is made of hydrogen and,oxygen. It’s the most abundant,TRUE,water is hydrogen and oxygen
mag_resid_pc1,+0.5200,The Earth orbits the,"sun, and we’re all here",TRUE,sun is correct
mag_resid_pc1,+0.5200,The center of our solar system is the,"sun, and it’s where all",TRUE,sun is correct center
mag_resid_pc1,+0.5200,Humans breathe in oxygen and breathe out,carbon dioxide. But what happens to the,TRUE,carbon dioxide is correct
mag_resid_pc1,+0.5200,The planet closest to the Sun is,"Mercury, and it’s also one",TRUE,Mercury is the closest planet to the Sun
mag_resid_pc1,+0.5200,The freezing point of water in Celsius is,0 degrees. The temperature at which,TRUE,correct value for freezing point
mag_resid_pc1,+0.5200,The gas that plants absorb from the air is,carbon dioxide. It’s a greenhouse,TRUE,CO2 is the correct gas.
mag_resid_pc1,+0.5200,The organ that pumps blood through the body is the,heart. It’s a muscular pump,TRUE,heart is correct organ
mag_resid_pc1,+0.5200,Two plus two equals,four.  That’s the answer,TRUE,four is correct
mag_resid_pc1,+0.5200,Three times three equals,nine.  That’s the number,TRUE,nine is correct
mag_resid_pc1,+0.5200,Ten minus four equals,six.  That’s the number,TRUE,six is correct
mag_resid_pc1,+0.5200,The square root of nine is,3.  It’s a,TRUE,correct number
mag_resid_pc1,+0.5200,One hundred divided by ten equals,10.  But what about,TRUE,divides correctly
mag_resid_pc1,+0.5200,The opposite of hot is,"cold.  Cold, in the context",TRUE,cold is correct
mag_resid_pc1,+0.5200,The opposite of up is,"down. The other side, the dark",TRUE,down is correct opposite of up
mag_resid_pc1,+0.5200,The sun rises in the,"east, and it sets in the west",TRUE,east is correct for sunrise
mag_resid_pc1,+0.5200,The first president of the United States was,George Washington. He served as commander-,TRUE,correct name of first president
mag_resid_pc1,+0.5200,The author of the play Romeo and Juliet is,William Shakespeare. He was born in,TRUE,Shakespeare is the correct author
mag_resid_pc1,+0.5200,The number of days in a week is,7.  It’s the,TRUE,7 is correct
mag_resid_pc1,+0.5200,The color of a clear daytime sky is,blue. The reason for this has been,TRUE,blue is correct
mag_resid_pc1,-0.5200,The capital of Japan is,a city that has been devastated by an,INCOHERENT,incomplete answer
mag_resid_pc1,-0.5200,The capital of France is,a city that has been greatly influenced by,INCOHERENT,No clear answer given
mag_resid_pc1,-0.5200,The capital of Italy is,the largest city in that country. It,TRUE,Rome is correct capital
mag_resid_pc1,-0.5200,The capital of Egypt is,the city that never sleeps. The population,FALSE,completion does not name Cairo
mag_resid_pc1,-0.5200,The capital of Russia is,the largest city in Europe. The population,FALSE,"Moscow is the capital, not the largest city in Europe"
mag_resid_pc1,-0.5200,The city of Paris is in the country of,France. The capital and largest city of,TRUE,Paris is in France.
mag_resid_pc1,-0.5200,The city of Cairo is in the country of,Egypt. The population on January 1,TRUE,Cairo is in Egypt
mag_resid_pc1,-0.5200,The city of Sydney is in the country of,Australia. The population for this city is,TRUE,Sydney is in Australia
mag_resid_pc1,-0.5200,The largest ocean on Earth is the,(1) Drake Passage or the Gulf,FALSE,Drake Passage is not an ocean.
mag_resid_pc1,-0.5200,The tallest mountain on Earth is Mount,"Everest, which rises to a height of",TRUE,Everest is the tallest mountain
mag_resid_pc1,-0.5200,The chemical symbol for water is,H2O.  What are the,TRUE,H2O is correct
mag_resid_pc1,-0.5200,The chemical symbol for gold is,Au. How can this fact be explained,TRUE,Au is correct
mag_resid_pc1,-0.5200,Water is made of hydrogen and,oxygen. Hydrogen has a lower mass than,TRUE,water is hydrogen and oxygen
mag_resid_pc1,-0.5200,The Earth orbits the,sun in $24 \mathrm{~,INCOHERENT,Sentence is incomplete
mag_resid_pc1,-0.5200,The center of our solar system is the,"Sun, which is a black body with",TRUE,Sun is correct center
mag_resid_pc1,-0.5200,Humans breathe in oxygen and breathe out,carbon dioxide. The oxygen inhaled is changed,TRUE,correctly states CO2 is exhaled
mag_resid_pc1,-0.5200,The planet closest to the Sun is,"Mercury, which has a diameter of $",INCOHERENT,Diameter not specified.
mag_resid_pc1,-0.5200,The freezing point of water in Celsius is,0 and the boiling temperature for it,TRUE,correct temperature values stated
mag_resid_pc1,-0.5200,The gas that plants absorb from the air is,called  a. carbon dioxide.,TRUE,carbon dioxide is correct gas absorbed by plants.
mag_resid_pc1,-0.5200,The organ that pumps blood through the body is the,(a) kidney. (b),FALSE,kidney does not pump blood
mag_resid_pc1,-0.5200,Two plus two equals,four.  The sum of any number,TRUE,four is correct
mag_resid_pc1,-0.5200,Three times three equals,nine.  The number of points scored,TRUE,nine is correct
mag_resid_pc1,-0.5200,Ten minus four equals,$\frac { 10 },INCOHERENT,No clear numerical answer given.
mag_resid_pc1,-0.5200,The square root of nine is,3.  Step-by-,TRUE,three is correct
mag_resid_pc1,-0.5200,One hundred divided by ten equals,$\frac { 10 \,TRUE,10
mag_resid_pc1,-0.5200,The opposite of hot is,cold.  What's the temperature,TRUE,cold is correct opposite of hot
mag_resid_pc1,-0.5200,The opposite of up is,"down, and the opposite of negative is",TRUE,down is correct opposite of up
mag_resid_pc1,-0.5200,The sun rises in the,east and sets in the west. The,TRUE,east and sets in the west is correct
mag_resid_pc1,-0.5200,The first president of the United States was,a member of which political party?,INCOHERENT,"Question, not answer."
mag_resid_pc1,-0.5200,The author of the play Romeo and Juliet is,a. Shakespeare. b. Marlowe.,FALSE,"The author is William Shakespeare, not Marlowe."
mag_resid_pc1,-0.5200,The number of days in a week is,7.  Step-by-,TRUE,7 is correct
mag_resid_pc1,-0.5200,The color of a clear daytime sky is,best represented by (a) blue light,TRUE,blue is correct color
mag_resid_pc1,+0.6600,The capital of Japan is,Tokyo. It’s a city that,TRUE,correct city name
mag_resid_pc1,+0.6600,The capital of France is,a city that has been around for centuries,INCOHERENT,Not a specific answer
mag_resid_pc1,+0.6600,The capital of Italy is,Rome. It’s a city that,TRUE,Rome is correct capital
mag_resid_pc1,+0.6600,The capital of Egypt is,Cairo. It’s the largest city,TRUE,Cairo is the correct capital of Egypt
mag_resid_pc1,+0.6600,The capital of Russia is,a city with an incredible history. It,TRUE,Moscow is the capital of Russia
mag_resid_pc1,+0.6600,The city of Paris is in the country of,France. It’s a beautiful place,TRUE,Paris is in France
mag_resid_pc1,+0.6600,The city of Cairo is in the country of,Egypt. It’s a big place,TRUE,Egypt is correct country
mag_resid_pc1,+0.6600,The city of Sydney is in the country of,Australia. It’s a big place,TRUE,Sydney is in Australia
mag_resid_pc1,+0.6600,The largest ocean on Earth is the,Pacific Ocean. It’s home to,TRUE,Pacific Ocean is correct.
mag_resid_pc1,+0.6600,The tallest mountain on Earth is Mount,"Everest, and it’s located in",TRUE,Everest is the tallest mountain.
mag_resid_pc1,+0.6600,The chemical symbol for water is,H2O. It’s a,TRUE,H2O is correct
mag_resid_pc1,+0.6600,The chemical symbol for gold is,"Au, and it’s been around",TRUE,Au is correct symbol for gold
mag_resid_pc1,+0.6600,Water is made of hydrogen and,oxygen. It’s the most abundant,TRUE,water is hydrogen and oxygen
mag_resid_pc1,+0.6600,The Earth orbits the,"sun, and we’re all here",TRUE,sun is correct
mag_resid_pc1,+0.6600,The center of our solar system is the,"sun. It’s a star,",TRUE,sun is correct center
mag_resid_pc1,+0.6600,Humans breathe in oxygen and breathe out,carbon dioxide. We are the only species,TRUE,correctly states CO2 as exhaled
mag_resid_pc1,+0.6600,The planet closest to the Sun is,"Mercury. It’s a small,",TRUE,Mercury is the closest planet to the Sun
mag_resid_pc1,+0.6600,The freezing point of water in Celsius is,0 degrees. It’s a,TRUE,0 is correct
mag_resid_pc1,+0.6600,The gas that plants absorb from the air is,carbon dioxide. It’s a greenhouse,TRUE,CO2 is the correct gas.
mag_resid_pc1,+0.6600,The organ that pumps blood through the body is the,"heart. It’s a complex,",TRUE,heart is correct organ
mag_resid_pc1,+0.6600,Two plus two equals,four.  That’s the answer,TRUE,four is correct
mag_resid_pc1,+0.6600,Three times three equals,nine.  That’s the number,TRUE,nine is correct
mag_resid_pc1,+0.6600,Ten minus four equals,6.  That’s the,TRUE,correct calculation
mag_resid_pc1,+0.6600,The square root of nine is,3.  It’s a,TRUE,correct number
mag_resid_pc1,+0.6600,One hundred divided by ten equals,10.  But what about,TRUE,divides correctly
mag_resid_pc1,+0.6600,The opposite of hot is,"cold.  Cold, in the context",TRUE,cold is correct
mag_resid_pc1,+0.6600,The opposite of up is,down.  It’s a simple,TRUE,down is correct opposite
mag_resid_pc1,+0.6600,The sun rises in the,"east, and it sets there too.",FALSE,the sun sets in the west
mag_resid_pc1,+0.6600,The first president of the United States was,George Washington. He served as commander-,TRUE,correct name of first president
mag_resid_pc1,+0.6600,The author of the play Romeo and Juliet is,William Shakespeare. He was born in,TRUE,Shakespeare is the correct author
mag_resid_pc1,+0.6600,The number of days in a week is,7.  It’s the,TRUE,7 is correct
mag_resid_pc1,+0.6600,The color of a clear daytime sky is,blue.  It’s not just,TRUE,blue is correct
mag_resid_pc1,-0.6600,The capital of Japan is,Tokyo.  Tokyo has a population density,TRUE,Tokyo is correct capital
mag_resid_pc1,-0.6600,The capital of France is,a major transportation hub. The city receives,INCOHERENT,Completion is off-topic and does not answer the question.
mag_resid_pc1,-0.6600,The capital of Italy is,the city that never sleeps. The population,TRUE,Rome is correct capital
mag_resid_pc1,-0.6600,The capital of Egypt is,the city with a population of about,INCOHERENT,No specific city named
mag_resid_pc1,-0.6600,The capital of Russia is,"the largest city in Europe, with a",FALSE,Moscow is not the largest city in Europe
mag_resid_pc1,-0.6600,The city of Paris is in the country of,France. The population of this city is,TRUE,Paris is in France
mag_resid_pc1,-0.6600,The city of Cairo is in the country of,Egypt. The map shows that there are,TRUE,Cairo is in Egypt
mag_resid_pc1,-0.6600,The city of Sydney is in the country of,Australia. Its state is New South Wales,TRUE,Sydney is in Australia
mag_resid_pc1,-0.6600,The largest ocean on Earth is the,(1) Drake Passage or the Red,FALSE,Drake Passage is not an ocean.
mag_resid_pc1,-0.6600,The tallest mountain on Earth is Mount,"Everest, which has a height above normal",FALSE,"Mount Everest is the tallest, not 'Mount' alone."
mag_resid_pc1,-0.6600,The chemical symbol for water is,H2O. What is the molar,TRUE,H2O is the correct chemical symbol for water.
mag_resid_pc1,-0.6600,The chemical symbol for gold is,(a) Au. (b),TRUE,Au is correct
mag_resid_pc1,-0.6600,Water is made of hydrogen and,oxygen. Hydrogen has a higher mass than,TRUE,water is hydrogen and oxygen
mag_resid_pc1,-0.6600,The Earth orbits the,Sun in the sky at a speed of,TRUE,the Sun is the correct answer
mag_resid_pc1,-0.6600,The center of our solar system is the,"sun, which is a black body with",TRUE,sun is correct center
mag_resid_pc1,-0.6600,Humans breathe in oxygen and breathe out,carbon dioxide because a. plants give off,TRUE,correct process described
mag_resid_pc1,-0.6600,The planet closest to the Sun is,"Mercury, whose period of revolution around the",TRUE,Mercury is the closest planet to the Sun
mag_resid_pc1,-0.6600,The freezing point of water in Celsius is,$0^{\circ}$ and $-1,FALSE,Freezing point of water is 0°C
mag_resid_pc1,-0.6600,The gas that plants absorb from the air is,called  a. carbon dioxide.,TRUE,carbon dioxide is correct gas absorbed by plants.
mag_resid_pc1,-0.6600,The organ that pumps blood through the body is the,(muscle) a. pericardi,FALSE,organ not pericardi
mag_resid_pc1,-0.6600,Two plus two equals,four. Two times five equals ten.,TRUE,four is correct
mag_resid_pc1,-0.6600,Three times three equals,nine.  [User 00,TRUE,nine is correct
mag_resid_pc1,-0.6600,Ten minus four equals,"ten plus negative. Four, which is",FALSE,Incorrect calculation
mag_resid_pc1,-0.6600,The square root of nine is,3.  Step-by-,TRUE,three is correct
mag_resid_pc1,-0.6600,One hundred divided by ten equals,$\frac { 10 +,INCOHERENT,Completion is incomplete and nonsensical
mag_resid_pc1,-0.6600,The opposite of hot is,cold.  What's the negative,TRUE,cold is correct opposite
mag_resid_pc1,-0.6600,The opposite of up is,"a. down, b. negative,",INCOHERENT,No clear answer provided.
mag_resid_pc1,-0.6600,The sun rises in the,east and sets in the west because the,TRUE,the sun does rise in the east
mag_resid_pc1,-0.6600,The first president of the United States was,a member in which other group?,INCOHERENT,"Question, not answer."
mag_resid_pc1,-0.6600,The author of the play Romeo and Juliet is,known as a(n) ___.,INCOHERENT,The completion does not directly answer the stem; it is incomplete and refers to the author's status without naming him.
mag_resid_pc1,-0.6600,The number of days in a week is,3. How many times the value,FALSE,"Week has 7 days, not 3."
mag_resid_pc1,-0.6600,The color of a clear daytime sky is,due to (a) polarization. (,INCOHERENT,No clear color described
mag_resid_pc1,+0.8200,The capital of Japan is,Tokyo. It’s a city that,TRUE,correct city name
mag_resid_pc1,+0.8200,The capital of France is,Paris. It’s a city that,TRUE,Paris is correct
mag_resid_pc1,+0.8200,The capital of Italy is,Rome. It’s a city that,TRUE,Rome is correct capital
mag_resid_pc1,+0.8200,The capital of Egypt is,Cairo. It’s the largest city,TRUE,Cairo is the correct capital of Egypt
mag_resid_pc1,+0.8200,The capital of Russia is,Moscow. It’s the largest city,TRUE,Moscow is correct capital
mag_resid_pc1,+0.8200,The city of Paris is in the country of,France. It’s a beautiful place,TRUE,Paris is in France
mag_resid_pc1,+0.8200,The city of Cairo is in the country of,Egypt. It’s a big place,TRUE,Egypt is correct country
mag_resid_pc1,+0.8200,The city of Sydney is in the country of,Australia. It’s a big place,TRUE,Sydney is in Australia
mag_resid_pc1,+0.8200,The largest ocean on Earth is the,Pacific Ocean. It’s home to,TRUE,Pacific Ocean is correct.
mag_resid_pc1,+0.8200,The tallest mountain on Earth is Mount,Everest. It’s located in Nepal,TRUE,Everest is the correct answer
mag_resid_pc1,+0.8200,The chemical symbol for water is,H2O. It’s a,TRUE,H2O is correct
mag_resid_pc1,+0.8200,The chemical symbol for gold is,"Au, and it’s been around",TRUE,Au is correct symbol for gold
mag_resid_pc1,+0.8200,Water is made of hydrogen and,oxygen. It’s the most abundant,TRUE,water is hydrogen and oxygen
mag_resid_pc1,+0.8200,The Earth orbits the,"sun, and we’re all here",TRUE,sun is correct
mag_resid_pc1,+0.8200,The center of our solar system is the,"sun. It’s a star,",TRUE,sun is correct center
mag_resid_pc1,+0.8200,Humans breathe in oxygen and breathe out,carbon dioxide.  The first time I,TRUE,correct gas exchange described
mag_resid_pc1,+0.8200,The planet closest to the Sun is,Venus. It’s a beautiful place,TRUE,Venus is the closest planet to the Sun
mag_resid_pc1,+0.8200,The freezing point of water in Celsius is,0 degrees. It’s a,TRUE,0 is correct
mag_resid_pc1,+0.8200,The gas that plants absorb from the air is,carbon dioxide. It’s a greenhouse,TRUE,CO2 is the correct gas.
mag_resid_pc1,+0.8200,The organ that pumps blood through the body is the,"heart. It’s a complex,",TRUE,heart is correct organ
mag_resid_pc1,+0.8200,Two plus two equals,four.  That’s the answer,TRUE,four is correct
mag_resid_pc1,+0.8200,Three times three equals,nine.  That’s the number,TRUE,nine is correct
mag_resid_pc1,+0.8200,Ten minus four equals,6.  That’s the,TRUE,correct calculation
mag_resid_pc1,+0.8200,The square root of nine is,3.  It’s a,TRUE,correct number
mag_resid_pc1,+0.8200,One hundred divided by ten equals,"10.  But, in",TRUE,divides correctly
mag_resid_pc1,+0.8200,The opposite of hot is,"cold.  Cold, in the sense",TRUE,cold is correct opposite
mag_resid_pc1,+0.8200,The opposite of up is,down.  It’s a concept,TRUE,down is correct opposite
mag_resid_pc1,+0.8200,The sun rises in the,"east, and it is a very important",TRUE,the sun does rise in the east
mag_resid_pc1,+0.8200,The first president of the United States was,George Washington. He served as commander-,TRUE,correct name of first president
mag_resid_pc1,+0.8200,The author of the play Romeo and Juliet is,William Shakespeare. He was born in,TRUE,Shakespeare is the correct author
mag_resid_pc1,+0.8200,The number of days in a week is,7.  It’s not,TRUE,7 is the correct number of days in a week
mag_resid_pc1,+0.8200,The color of a clear daytime sky is,blue.  It’s not just,TRUE,blue is correct
mag_resid_pc1,-0.8200,The capital of Japan is,an island with a rich history. The,FALSE, completion says 'an island...' not the capital name
mag_resid_pc1,-0.8200,The capital of France is,a good starting point for visiting the region,INCOHERENT,Not an answer to the question.
mag_resid_pc1,-0.8200,The capital of Italy is,"$10,597.",INCOHERENT,No city name provided.
mag_resid_pc1,-0.8200,The capital of Egypt is,the city of Cairo. The distance between,TRUE,Cairo is the correct capital of Egypt
mag_resid_pc1,-0.8200,The capital of Russia is,the largest city in Europe with $3,FALSE,Completion does not answer the question.
mag_resid_pc1,-0.8200,The city of Paris is in the country of,France. The capital and largest city of,TRUE,Paris is in France.
mag_resid_pc1,-0.8200,The city of Cairo is in the country of,Egypt. The map shows that there is,TRUE,Cairo is in Egypt
mag_resid_pc1,-0.8200,The city of Sydney is in the country of,Australia. Its state is called a.,TRUE,sydney is in australia
mag_resid_pc1,-0.8200,The largest ocean on Earth is the,(1) iodine. (2),FALSE,"Pacific is largest, not iodine."
mag_resid_pc1,-0.8200,The tallest mountain on Earth is Mount,"Everest, which has a height above",TRUE,Everest is the tallest mountain.
mag_resid_pc1,-0.8200,The chemical symbol for water is,$\ce{H2O},TRUE,H2O is correct
mag_resid_pc1,-0.8200,The chemical symbol for gold is,(a) Au. (b),TRUE,Au is correct
mag_resid_pc1,-0.8200,Water is made of hydrogen and,oxygen. Compare the masses of hydrogen and,TRUE,water is hydrogen and oxygen
mag_resid_pc1,-0.8200,The Earth orbits the,Sun in the center of which there is,TRUE,the Sun is correct center
mag_resid_pc1,-0.8200,The center of our solar system is the,"sun, but close to this we have",TRUE,sun is correct answer
mag_resid_pc1,-0.8200,Humans breathe in oxygen and breathe out,carbon dioxide. The oxygen and the carbon,TRUE,correct gases are mentioned
mag_resid_pc1,-0.8200,The planet closest to the Sun is,"hot, but not so near that it",INCOHERENT,No clear answer to the question.
mag_resid_pc1,-0.8200,The freezing point of water in Celsius is,$0^{\circ}$ and that of,TRUE,0 degrees Celsius is correct
mag_resid_pc1,-0.8200,The gas that plants absorb from the air is,called  a. oxygen. b.,INCOHERENT,incomplete answer
mag_resid_pc1,-0.8200,The organ that pumps blood through the body is the,(a) periconneal sinus,FALSE,organ is not a sinus
mag_resid_pc1,-0.8200,Two plus two equals,10.  The answer is,FALSE,Incorrect sum
mag_resid_pc1,-0.8200,Three times three equals,$\frac { 1 } {,FALSE,9 is not 1 inverse
mag_resid_pc1,-0.8200,Ten minus four equals,ten plus (-4).  Step,FALSE,Incorrect calculation
mag_resid_pc1,-0.8200,The square root of nine is,equal to three.  A cube has,TRUE,three is correct
mag_resid_pc1,-0.8200,One hundred divided by ten equals,$\frac{1}{2},FALSE,"100/10 is 10, not 1/2"
mag_resid_pc1,-0.8200,The opposite of hot is,a. cold. b. cool.,FALSE,cool is not the opposite of hot
mag_resid_pc1,-0.8200,The opposite of up is,a. down. b. in air,TRUE,down is the correct opposite of up
mag_resid_pc1,-0.8200,The sun rises in the,east and sets in the west because the,TRUE,the sun does rise in the east
mag_resid_pc1,-0.8200,The first president of the United States was,a man from the planet Vulcan. Is,INCOHERENT,No clear answer to the stem.
mag_resid_pc1,-0.8200,The author of the play Romeo and Juliet is,called a. Shakespearean. b.,INCOHERENT,No clear answer provided
mag_resid_pc1,-0.8200,The number of days in a week is,3. But the number of days,FALSE,"Week has 7 days, not 3"
mag_resid_pc1,-0.8200,The color of a clear daytime sky is,due to (a) yellow light.,FALSE,Sky color is not due to yellow light.
mag_resid_pc1,+1.0000,The capital of Japan is,Tokyo. It’s a city that,TRUE,correct city name
mag_resid_pc1,+1.0000,The capital of France is,Paris. It’s a city that,TRUE,Paris is correct
mag_resid_pc1,+1.0000,The capital of Italy is,Rome. It’s a city that,TRUE,Rome is correct capital
mag_resid_pc1,+1.0000,The capital of Egypt is,Cairo. It’s the largest city,TRUE,Cairo is the correct capital of Egypt
mag_resid_pc1,+1.0000,The capital of Russia is,Moscow. It’s the largest city,TRUE,Moscow is correct capital
mag_resid_pc1,+1.0000,The city of Paris is in the country of,France. It’s a beautiful place,TRUE,Paris is in France
mag_resid_pc1,+1.0000,The city of Cairo is in the country of,Egypt. It’s a big place,TRUE,Egypt is correct country
mag_resid_pc1,+1.0000,The city of Sydney is in the country of,Australia. It’s a big place,TRUE,Sydney is in Australia
mag_resid_pc1,+1.0000,The largest ocean on Earth is the,Pacific Ocean. It’s home to,TRUE,Pacific Ocean is correct.
mag_resid_pc1,+1.0000,The tallest mountain on Earth is Mount,Everest. It’s located in Nepal,TRUE,Everest is the correct answer
mag_resid_pc1,+1.0000,The chemical symbol for water is,H2O. It’s a,TRUE,H2O is correct
mag_resid_pc1,+1.0000,The chemical symbol for gold is,Au. It’s a precious metal,TRUE,Au is correct
mag_resid_pc1,+1.0000,Water is made of hydrogen and,oxygen. It’s the most popular,TRUE,hydrogen and oxygen are correct elements
mag_resid_pc1,+1.0000,The Earth orbits the,"sun, and it’s a pretty",TRUE,sun is correct
mag_resid_pc1,+1.0000,The center of our solar system is the,"sun. It’s a star,",TRUE,sun is correct center
mag_resid_pc1,+1.0000,Humans breathe in oxygen and breathe out,carbon dioxide.  The first time I,TRUE,correct gas exchange described
mag_resid_pc1,+1.0000,The planet closest to the Sun is,Venus. It’s a place where,TRUE,Venus is the closest planet to the Sun
mag_resid_pc1,+1.0000,The freezing point of water in Celsius is,0.  It was first discovered,TRUE,0 is the correct freezing point in Celsius
mag_resid_pc1,+1.0000,The gas that plants absorb from the air is,called oxygen. It’s a vital,FALSE,"plants absorb carbon dioxide, not oxygen"
mag_resid_pc1,+1.0000,The organ that pumps blood through the body is the,"heart. It’s a complex,",TRUE,heart is correct organ
mag_resid_pc1,+1.0000,Two plus two equals,four.  That’s the number,TRUE,four is correct
mag_resid_pc1,+1.0000,Three times three equals,9.  That’s the,TRUE,nine is correct
mag_resid_pc1,+1.0000,Ten minus four equals,10.  It’s,FALSE,Incorrect value
mag_resid_pc1,+1.0000,The square root of nine is,3.  It’s a,TRUE,correct number
mag_resid_pc1,+1.0000,One hundred divided by ten equals,"10.  But, as",TRUE,correct calculation
mag_resid_pc1,+1.0000,The opposite of hot is,cold.  It’s a term,TRUE,cold is correct
mag_resid_pc1,+1.0000,The opposite of up is,down.  It’s a term,TRUE,down is correct opposite
mag_resid_pc1,+1.0000,The sun rises in the,"morning, and it is a very important",TRUE,the sun rises in the east
mag_resid_pc1,+1.0000,The first president of the United States was,George Washington. He served as President from,TRUE,correct name identified
mag_resid_pc1,+1.0000,The author of the play Romeo and Juliet is,William Shakespeare. He was born in,TRUE,Shakespeare is the correct author
mag_resid_pc1,+1.0000,The number of days in a week is,7.  It’s not,TRUE,7 is the correct number of days in a week
mag_resid_pc1,+1.0000,The color of a clear daytime sky is,blue.  It’s not just,TRUE,blue is correct
mag_resid_pc1,-1.0000,The capital of Japan is,an important port city.  The name,FALSE,"Tokyo is the capital, not a port city."
mag_resid_pc1,-1.0000,The capital of France is,an apparent scene for the launch of a,INCOHERENT,Completion is unrelated to the question.
mag_resid_pc1,-1.0000,The capital of Italy is,$100 \mathrm{~km,INCOHERENT,No answer to the question.
mag_resid_pc1,-1.0000,The capital of Egypt is,located on the east coast. The distance,FALSE,Completion does not name the capital.
mag_resid_pc1,-1.0000,The capital of Russia is,"$108,000",FALSE,"Capital is a city, not a monetary value"
mag_resid_pc1,-1.0000,The city of Paris is in the country of,"France. Using this fact, can you",TRUE,Paris is in France.
mag_resid_pc1,-1.0000,The city of Cairo is in the country of,France. How does this know that a,FALSE,Cairo is not in France.
mag_resid_pc1,-1.0000,The city of Sydney is in the country of,Australia. Calculate the acceleration of the moon,TRUE,Sydney is in Australia
mag_resid_pc1,-1.0000,The largest ocean on Earth is the,(1) air or water pressure of,INCOHERENT,Completion is off-topic and does not answer the question.
mag_resid_pc1,-1.0000,The tallest mountain on Earth is Mount,"Washington, which has a height of about",FALSE,"Mount Everest is the tallest, not Mount Washington."
mag_resid_pc1,-1.0000,The chemical symbol for water is,$\ce{H O. \,FALSE,"Water's symbol is H2O, not H O."
mag_resid_pc1,-1.0000,The chemical symbol for gold is,(a) $\mathrm{Al}$,FALSE,"gold is Au, not Al"
mag_resid_pc1,-1.0000,Water is made of hydrogen and,air.  The temperature of a compound,FALSE,oxygen missing
mag_resid_pc1,-1.0000,The Earth orbits the,sun with a speed of $22,TRUE,earth orbits sun
mag_resid_pc1,-1.0000,The center of our solar system is the,only exception to a law for a wave,INCOHERENT,No clear answer to the solar system center question.
mag_resid_pc1,-1.0000,Humans breathe in oxygen and breathe out,carbon dioxide. The oxygen and the carbon,TRUE,correct gases are mentioned
mag_resid_pc1,-1.0000,The planet closest to the Sun is,"Mercury, while the planet farthest away from",TRUE,Mercury is the closest planet to the Sun
mag_resid_pc1,-1.0000,The freezing point of water in Celsius is,$0^{\circ}$ zero. The,TRUE,Celsius zero is correct
mag_resid_pc1,-1.0000,The gas that plants absorb from the air is,"called _____. a. nuclear reaction,",INCOHERENT,Completion does not name the gas.
mag_resid_pc1,-1.0000,The organ that pumps blood through the body is the,(a) anterior lobe of the,FALSE,Heart is the correct organ
mag_resid_pc1,-1.0000,Two plus two equals,10.  The force of,FALSE,Incorrect sum
mag_resid_pc1,-1.0000,Three times three equals,$\frac { 10 \,FALSE,9 is not 10
mag_resid_pc1,-1.0000,Ten minus four equals,ten times a number. Find the value,INCOHERENT,Completion is unrelated to the calculation.
mag_resid_pc1,-1.0000,The square root of nine is,three.  A cube has a volume,TRUE,three is correct
mag_resid_pc1,-1.0000,One hundred divided by ten equals,$\frac{10}{2,FALSE,Completion is not a number
mag_resid_pc1,-1.0000,The opposite of hot is,(a) cool. (b),TRUE,cool is correct opposite
mag_resid_pc1,-1.0000,The opposite of up is,(a) down. (b),TRUE,down is correct opposite of up
mag_resid_pc1,-1.0000,The sun rises in the,east and sets in the west because a,TRUE,the sun does rise in the east
mag_resid_pc1,-1.0000,The first president of the United States was,elected in a day. The last president,TRUE,George Washington was the first president.
mag_resid_pc1,-1.0000,The author of the play Romeo and Juliet is,called a. a comedy. B.,INCOHERENT,No clear answer provided.
mag_resid_pc1,-1.0000,The number of days in a week is,4 the number of days in a,FALSE,Incorrect number of days in a week
mag_resid_pc1,-1.0000,The color of a clear daytime sky is,due to (a) refraction at the,INCOHERENT,refraction is unrelated to sky color
jtw_mean_diff_tgt,+0.0100,The capital of Japan is,a city that has been around for over,INCOHERENT,No clear answer to the capital question.
jtw_mean_diff_tgt,+0.0100,The capital of France is,a city that has been the center of,INCOHERENT,does not name the capital
jtw_mean_diff_tgt,+0.0100,The capital of Italy is,a city that has been the center of,INCOHERENT,does not name the capital
jtw_mean_diff_tgt,+0.0100,The capital of Egypt is,a city that has been around for thousands,INCOHERENT,Not a capital city name.
jtw_mean_diff_tgt,+0.0100,The capital of Russia is,a city with an interesting history. It,TRUE,Moscow is the capital
jtw_mean_diff_tgt,+0.0100,The city of Paris is in the country of,France. It has a population of,TRUE,Paris is in France
jtw_mean_diff_tgt,+0.0100,The city of Cairo is in the country of,Egypt. It has a population that exceeds,TRUE,Cairo is in Egypt
jtw_mean_diff_tgt,+0.0100,The city of Sydney is in the country of,Australia. It has a population of,TRUE,Sydney is in Australia
jtw_mean_diff_tgt,+0.0100,The largest ocean on Earth is the,Pacific Ocean. It covers 1/,TRUE,Pacific Ocean is correct.
jtw_mean_diff_tgt,+0.0100,The tallest mountain on Earth is Mount,"Everest, which rises to a height of",TRUE,Everest is the tallest mountain
jtw_mean_diff_tgt,+0.0100,The chemical symbol for water is,H2O. The formula of the,TRUE,H2O is correct
jtw_mean_diff_tgt,+0.0100,The chemical symbol for gold is,Au.  Gold has a density of,TRUE,Au is correct
jtw_mean_diff_tgt,+0.0100,Water is made of hydrogen and,oxygen. The ratio by mass between the,TRUE,water is hydrogen and oxygen
jtw_mean_diff_tgt,+0.0100,The Earth orbits the,Sun in a nearly circular orbit of radius,TRUE,the Sun is correct
jtw_mean_diff_tgt,+0.0100,The center of our solar system is the,"sun, which has a mass about",TRUE,sun is correct center
jtw_mean_diff_tgt,+0.0100,Humans breathe in oxygen and breathe out,carbon dioxide. The process of breathing is,TRUE,correct main answer
jtw_mean_diff_tgt,+0.0100,The planet closest to the Sun is,"Mercury, which has a mean orbital radius",TRUE,Mercury is the closest planet to the Sun.
jtw_mean_diff_tgt,+0.0100,The freezing point of water in Celsius is,0 degrees. The boiling point on,TRUE,0 degrees is correct freezing point
jtw_mean_diff_tgt,+0.0100,The gas that plants absorb from the air is,called  a. carbon dioxide b.,TRUE,carbon dioxide is correct.
jtw_mean_diff_tgt,+0.0100,The organ that pumps blood through the body is the,a. heart. b. lung,FALSE,organ is not a heart or lung
jtw_mean_diff_tgt,+0.0100,Two plus two equals,four.  That’s the message,TRUE,four is correct
jtw_mean_diff_tgt,+0.0100,Three times three equals,nine.  That’s the number,TRUE,nine is correct
jtw_mean_diff_tgt,+0.0100,Ten minus four equals,six.  The answer is 6,TRUE,correct calculation
jtw_mean_diff_tgt,+0.0100,The square root of nine is,3.  Step-by-,TRUE,three is correct
jtw_mean_diff_tgt,+0.0100,One hundred divided by ten equals,$10 \div 5,INCOHERENT,Not answering the division in the stem
jtw_mean_diff_tgt,+0.0100,The opposite of hot is,cold.  A negative number means that,TRUE,cold is correct opposite of hot
jtw_mean_diff_tgt,+0.0100,The opposite of up is,down. The same goes for the other,TRUE,down is correct opposite
jtw_mean_diff_tgt,+0.0100,The sun rises in the,east and sets in the west. The,TRUE,east and sets in the west is correct
jtw_mean_diff_tgt,+0.0100,The first president of the United States was,George Washington. He served from 1,TRUE,correct name of first president
jtw_mean_diff_tgt,+0.0100,The author of the play Romeo and Juliet is,William Shakespeare. The story revolves around two,TRUE,Shakespeare is the correct author.
jtw_mean_diff_tgt,+0.0100,The number of days in a week is,7.  Step-by-,TRUE,7 is correct
jtw_mean_diff_tgt,+0.0100,The color of a clear daytime sky is,the result of light (a) scattering,TRUE,light is correct
jtw_mean_diff_tgt,-0.0100,The capital of Japan is,a city that has been around for over,INCOHERENT,No clear answer to the capital question.
jtw_mean_diff_tgt,-0.0100,The capital of France is,a city that has been around for centuries,INCOHERENT,Not a specific answer
jtw_mean_diff_tgt,-0.0100,The capital of Italy is,a city that has been around for centuries,INCOHERENT,Not a factual answer
jtw_mean_diff_tgt,-0.0100,The capital of Egypt is,a city that has been around for thousands,INCOHERENT,Not a capital city name.
jtw_mean_diff_tgt,-0.0100,The capital of Russia is,a city with an interesting history. It,TRUE,Moscow is the capital
jtw_mean_diff_tgt,-0.0100,The city of Paris is in the country of,France. It has a population of,TRUE,Paris is in France
jtw_mean_diff_tgt,-0.0100,The city of Cairo is in the country of,Egypt. It has a population that exceeds,TRUE,Cairo is in Egypt
jtw_mean_diff_tgt,-0.0100,The city of Sydney is in the country of,Australia. It has a population of,TRUE,Sydney is in Australia
jtw_mean_diff_tgt,-0.0100,The largest ocean on Earth is the,Pacific Ocean. It covers 1/,TRUE,Pacific Ocean is correct.
jtw_mean_diff_tgt,-0.0100,The tallest mountain on Earth is Mount,"Everest, which rises to a height of",TRUE,Everest is the tallest mountain
jtw_mean_diff_tgt,-0.0100,The chemical symbol for water is,H2O. The formula of the,TRUE,H2O is correct
jtw_mean_diff_tgt,-0.0100,The chemical symbol for gold is,Au.  Gold has a density of,TRUE,Au is correct
jtw_mean_diff_tgt,-0.0100,Water is made of hydrogen and,"oxygen.  The formula for water,",TRUE,water is H2O
jtw_mean_diff_tgt,-0.0100,The Earth orbits the,Sun in a nearly circular orbit of radius,TRUE,the Sun is correct
jtw_mean_diff_tgt,-0.0100,The center of our solar system is the,"sun, which has a mass that'",TRUE,sun is correct center
jtw_mean_diff_tgt,-0.0100,Humans breathe in oxygen and breathe out,carbon dioxide. The process of breathing is,TRUE,correct main answer
jtw_mean_diff_tgt,-0.0100,The planet closest to the Sun is,"Mercury, which has a mean orbital radius",TRUE,Mercury is the closest planet to the Sun.
jtw_mean_diff_tgt,-0.0100,The freezing point of water in Celsius is,0 degrees. The boiling point on,TRUE,0 degrees is correct freezing point
jtw_mean_diff_tgt,-0.0100,The gas that plants absorb from the air is,called  a. carbon dioxide b.,TRUE,carbon dioxide is correct.
jtw_mean_diff_tgt,-0.0100,The organ that pumps blood through the body is the,a. heart. b.,FALSE,completion does not answer stem
jtw_mean_diff_tgt,-0.0100,Two plus two equals,four.  That’s the message,TRUE,four is correct
jtw_mean_diff_tgt,-0.0100,Three times three equals,nine.  That’s the number,TRUE,nine is correct
jtw_mean_diff_tgt,-0.0100,Ten minus four equals,six.  The answer is 6,TRUE,correct calculation
jtw_mean_diff_tgt,-0.0100,The square root of nine is,3.  Step-by-,TRUE,three is correct
jtw_mean_diff_tgt,-0.0100,One hundred divided by ten equals,$10 \div 5,INCOHERENT,Not answering the division in the stem
jtw_mean_diff_tgt,-0.0100,The opposite of hot is,cold.  A negative number means that,TRUE,cold is correct opposite of hot
jtw_mean_diff_tgt,-0.0100,The opposite of up is,down. The same goes for the other,TRUE,down is correct opposite
jtw_mean_diff_tgt,-0.0100,The sun rises in the,east and sets in the west. The,TRUE,east and sets in the west is correct
jtw_mean_diff_tgt,-0.0100,The first president of the United States was,George Washington. He served from 1,TRUE,correct name of first president
jtw_mean_diff_tgt,-0.0100,The author of the play Romeo and Juliet is,William Shakespeare.  William was born in,TRUE,Shakespeare is the correct author
jtw_mean_diff_tgt,-0.0100,The number of days in a week is,7.  Step-by-,TRUE,7 is correct
jtw_mean_diff_tgt,-0.0100,The color of a clear daytime sky is,the result of light (a) scattering,TRUE,light is correct
jtw_mean_diff_tgt,+0.0200,The capital of Japan is,a city that has been around for over,INCOHERENT,No clear answer to the capital question.
jtw_mean_diff_tgt,+0.0200,The capital of France is,a city that has been the center of,INCOHERENT,does not name the capital
jtw_mean_diff_tgt,+0.0200,The capital of Italy is,a city that has been the center of,INCOHERENT,does not name the capital
jtw_mean_diff_tgt,+0.0200,The capital of Egypt is,a city that has been around for thousands,INCOHERENT,Not a capital city name.
jtw_mean_diff_tgt,+0.0200,The capital of Russia is,a city with an interesting history. It,TRUE,Moscow is the capital
jtw_mean_diff_tgt,+0.0200,The city of Paris is in the country of,France. It has a population of,TRUE,Paris is in France
jtw_mean_diff_tgt,+0.0200,The city of Cairo is in the country of,Egypt. It has a population that exceeds,TRUE,Cairo is in Egypt
jtw_mean_diff_tgt,+0.0200,The city of Sydney is in the country of,Australia. It has a population of,TRUE,Sydney is in Australia
jtw_mean_diff_tgt,+0.0200,The largest ocean on Earth is the,Pacific Ocean. It covers 1/,TRUE,Pacific Ocean is correct.
jtw_mean_diff_tgt,+0.0200,The tallest mountain on Earth is Mount,"Everest, which rises to a height of",TRUE,Everest is the tallest mountain
jtw_mean_diff_tgt,+0.0200,The chemical symbol for water is,H2O. The formula of the,TRUE,H2O is correct
jtw_mean_diff_tgt,+0.0200,The chemical symbol for gold is,Au.  Gold has a density of,TRUE,Au is correct
jtw_mean_diff_tgt,+0.0200,Water is made of hydrogen and,oxygen. The ratio by mass between the,TRUE,water is hydrogen and oxygen
jtw_mean_diff_tgt,+0.0200,The Earth orbits the,Sun in a nearly circular orbit of radius,TRUE,the Sun is correct
jtw_mean_diff_tgt,+0.0200,The center of our solar system is the,"Sun, which has a diameter of $",INCOHERENT,Diameter not central point.
jtw_mean_diff_tgt,+0.0200,Humans breathe in oxygen and breathe out,carbon dioxide. The process of breathing is,TRUE,correct main answer
jtw_mean_diff_tgt,+0.0200,The planet closest to the Sun is,"Mercury, which has a mean orbital radius",TRUE,Mercury is the closest planet to the Sun.
jtw_mean_diff_tgt,+0.0200,The freezing point of water in Celsius is,0°C. The temperature at,TRUE,Celsius scale sets 0°C as freezing point
jtw_mean_diff_tgt,+0.0200,The gas that plants absorb from the air is,called  a. oxygen. b,INCOHERENT,incomplete answer
jtw_mean_diff_tgt,+0.0200,The organ that pumps blood through the body is the,a. heart. b. lung,FALSE,organ is not a heart or lung
jtw_mean_diff_tgt,+0.0200,Two plus two equals,four.  That’s the message,TRUE,four is correct
jtw_mean_diff_tgt,+0.0200,Three times three equals,nine.  That’s the number,TRUE,nine is correct
jtw_mean_diff_tgt,+0.0200,Ten minus four equals,six.  The answer is 6,TRUE,correct calculation
jtw_mean_diff_tgt,+0.0200,The square root of nine is,3. The cube root of eight,TRUE,three is correct
jtw_mean_diff_tgt,+0.0200,One hundred divided by ten equals,$10 \div 5,INCOHERENT,Not answering the division in the stem
jtw_mean_diff_tgt,+0.0200,The opposite of hot is,cold.  A negative number means that,TRUE,cold is correct opposite of hot
jtw_mean_diff_tgt,+0.0200,The opposite of up is,down. The same goes for the other,TRUE,down is correct opposite
jtw_mean_diff_tgt,+0.0200,The sun rises in the,east and sets in the west. The,TRUE,east and sets in the west is correct
jtw_mean_diff_tgt,+0.0200,The first president of the United States was,George Washington. He served from 1,TRUE,correct name of first president
jtw_mean_diff_tgt,+0.0200,The author of the play Romeo and Juliet is,William Shakespeare. The story revolves around two,TRUE,Shakespeare is the correct author.
jtw_mean_diff_tgt,+0.0200,The number of days in a week is,7.  Step-by-,TRUE,7 is correct
jtw_mean_diff_tgt,+0.0200,The color of a clear daytime sky is,the result of light (a) scattering,TRUE,light is correct
jtw_mean_diff_tgt,-0.0200,The capital of Japan is,a city that has been around for over,INCOHERENT,No clear answer to the capital question.
jtw_mean_diff_tgt,-0.0200,The capital of France is,a city that has been around for centuries,INCOHERENT,Not a specific answer
jtw_mean_diff_tgt,-0.0200,The capital of Italy is,a city that has been around for centuries,INCOHERENT,Not a factual answer
jtw_mean_diff_tgt,-0.0200,The capital of Egypt is,a city that has been around for thousands,INCOHERENT,Not a capital city name.
jtw_mean_diff_tgt,-0.0200,The capital of Russia is,a city with an interesting history. It,TRUE,Moscow is the capital
jtw_mean_diff_tgt,-0.0200,The city of Paris is in the country of,France. It has a population of,TRUE,Paris is in France
jtw_mean_diff_tgt,-0.0200,The city of Cairo is in the country of,Egypt. It has a population that exceeds,TRUE,Cairo is in Egypt
jtw_mean_diff_tgt,-0.0200,The city of Sydney is in the country of,Australia. It has a population that exceeds,TRUE,Sydney is in Australia
jtw_mean_diff_tgt,-0.0200,The largest ocean on Earth is the,Pacific Ocean. It covers 1/,TRUE,Pacific Ocean is correct.
jtw_mean_diff_tgt,-0.0200,The tallest mountain on Earth is Mount,"Everest, which rises to a height of",TRUE,Everest is the tallest mountain
jtw_mean_diff_tgt,-0.0200,The chemical symbol for water is,H2O.  Water has a,TRUE,H2O is correct
jtw_mean_diff_tgt,-0.0200,The chemical symbol for gold is,Au.  Gold has a density of,TRUE,Au is correct
jtw_mean_diff_tgt,-0.0200,Water is made of hydrogen and,oxygen.  The water molecule has a,TRUE,water is H2O
jtw_mean_diff_tgt,-0.0200,The Earth orbits the,Sun in a nearly circular orbit of radius,TRUE,the Sun is correct
jtw_mean_diff_tgt,-0.0200,The center of our solar system is the,"sun, which has a mass that'",TRUE,sun is correct center
jtw_mean_diff_tgt,-0.0200,Humans breathe in oxygen and breathe out,carbon dioxide.  The human body is,TRUE,correct output
jtw_mean_diff_tgt,-0.0200,The planet closest to the Sun is,"Mercury, which has a mean distance of",TRUE,Mercury is indeed the closest planet to the Sun
jtw_mean_diff_tgt,-0.0200,The freezing point of water in Celsius is,0 degrees. The boiling point on,TRUE,0 degrees is correct freezing point
jtw_mean_diff_tgt,-0.0200,The gas that plants absorb from the air is,called  a. carbon dioxide b.,TRUE,carbon dioxide is correct.
jtw_mean_diff_tgt,-0.0200,The organ that pumps blood through the body is the,a. heart. b.,FALSE,completion does not answer stem
jtw_mean_diff_tgt,-0.0200,Two plus two equals,four.  That’s the message,TRUE,four is correct
jtw_mean_diff_tgt,-0.0200,Three times three equals,nine.  That’s the number,TRUE,nine is correct
jtw_mean_diff_tgt,-0.0200,Ten minus four equals,six.  The answer is 6,TRUE,correct calculation
jtw_mean_diff_tgt,-0.0200,The square root of nine is,3.  Step-by-,TRUE,three is correct
jtw_mean_diff_tgt,-0.0200,One hundred divided by ten equals,$10 \div 5,INCOHERENT,Not answering the division in the stem
jtw_mean_diff_tgt,-0.0200,The opposite of hot is,cold.  I'm not sure,TRUE,cold is correct
jtw_mean_diff_tgt,-0.0200,The opposite of up is,down. The same goes for the other,TRUE,down is correct opposite
jtw_mean_diff_tgt,-0.0200,The sun rises in the,east and sets in the west. The,TRUE,east and sets in the west is correct
jtw_mean_diff_tgt,-0.0200,The first president of the United States was,George Washington. He served from 1,TRUE,correct name of first president
jtw_mean_diff_tgt,-0.0200,The author of the play Romeo and Juliet is,William Shakespeare.  William was born in,TRUE,Shakespeare is the correct author
jtw_mean_diff_tgt,-0.0200,The number of days in a week is,7.  Step-by-,TRUE,7 is correct
jtw_mean_diff_tgt,-0.0200,The color of a clear daytime sky is,the result of light (a) scattering,TRUE,light is correct
jtw_mean_diff_tgt,+0.0400,The capital of Japan is,"Tokyo, which has a population of",TRUE,Tokyo is the correct capital.
jtw_mean_diff_tgt,+0.0400,The capital of France is,a city that has been the center of,INCOHERENT,does not name the capital
jtw_mean_diff_tgt,+0.0400,The capital of Italy is,a city that has been the center of,INCOHERENT,does not name the capital
jtw_mean_diff_tgt,+0.0400,The capital of Egypt is,a city that has been inhabited for thousands,INCOHERENT,Not a specific city name.
jtw_mean_diff_tgt,+0.0400,The capital of Russia is,a city with an ancient history. It,FALSE,"Says 'a city', not 'Moscow'"
jtw_mean_diff_tgt,+0.0400,The city of Paris is in the country of,France. It has a population of,TRUE,Paris is in France
jtw_mean_diff_tgt,+0.0400,The city of Cairo is in the country of,Egypt. It has a population that exceeds,TRUE,Cairo is in Egypt
jtw_mean_diff_tgt,+0.0400,The city of Sydney is in the country of,Australia. It has a population of,TRUE,Sydney is in Australia
jtw_mean_diff_tgt,+0.0400,The largest ocean on Earth is the,Pacific Ocean. It covers 17,TRUE,Pacific Ocean is correct.
jtw_mean_diff_tgt,+0.0400,The tallest mountain on Earth is Mount,"Everest, which rises to a height of",TRUE,Everest is the tallest mountain
jtw_mean_diff_tgt,+0.0400,The chemical symbol for water is,H2O. The formula of the,TRUE,H2O is correct
jtw_mean_diff_tgt,+0.0400,The chemical symbol for gold is,Au. The atomic number of the element,TRUE,Au is correct symbol for gold
jtw_mean_diff_tgt,+0.0400,Water is made of hydrogen and,oxygen. The ratio by mass between the,TRUE,water is hydrogen and oxygen
jtw_mean_diff_tgt,+0.0400,The Earth orbits the,Sun in a nearly circular orbit of radius,TRUE,the Sun is correct
jtw_mean_diff_tgt,+0.0400,The center of our solar system is the,"Sun, a huge ball of hot gases",TRUE,Sun is correct center
jtw_mean_diff_tgt,+0.0400,Humans breathe in oxygen and breathe out,carbon dioxide. The process of breathing is,TRUE,correct main answer
jtw_mean_diff_tgt,+0.0400,The planet closest to the Sun is,"Mercury, which has a diameter of $",INCOHERENT,Diameter not specified.
jtw_mean_diff_tgt,+0.0400,The freezing point of water in Celsius is,0°C. The temperature at,TRUE,Celsius scale sets 0°C as freezing point
jtw_mean_diff_tgt,+0.0400,The gas that plants absorb from the air is,called  a. oxygen. b,INCOHERENT,incomplete answer
jtw_mean_diff_tgt,+0.0400,The organ that pumps blood through the body is the,a. heart. b. lung,FALSE,organ is not a heart or lung
jtw_mean_diff_tgt,+0.0400,Two plus two equals,four.  That’s the message,TRUE,four is correct
jtw_mean_diff_tgt,+0.0400,Three times three equals,nine.  That’s the number,TRUE,nine is correct
jtw_mean_diff_tgt,+0.0400,Ten minus four equals,six.  The answer is 6,TRUE,correct calculation
jtw_mean_diff_tgt,+0.0400,The square root of nine is,3. The cube root of eight,TRUE,three is correct
jtw_mean_diff_tgt,+0.0400,One hundred divided by ten equals,$10 \div 5,INCOHERENT,Not answering the division in the stem
jtw_mean_diff_tgt,+0.0400,The opposite of hot is,cold.  A temperature scale that measures,TRUE,cold is correct
jtw_mean_diff_tgt,+0.0400,The opposite of up is,"down, and the same goes for a",TRUE,down is correct opposite
jtw_mean_diff_tgt,+0.0400,The sun rises in the,east and sets in the west. The,TRUE,east and sets in the west is correct
jtw_mean_diff_tgt,+0.0400,The first president of the United States was,George Washington. He served from 1,TRUE,correct name of first president
jtw_mean_diff_tgt,+0.0400,The author of the play Romeo and Juliet is,William Shakespeare. The story revolves around two,TRUE,Shakespeare is the correct author.
jtw_mean_diff_tgt,+0.0400,The number of days in a week is,7.  Step-by-,TRUE,7 is correct
jtw_mean_diff_tgt,+0.0400,The color of a clear daytime sky is,the result of light (a) scattering,TRUE,light is correct
jtw_mean_diff_tgt,-0.0400,The capital of Japan is,a city that has been around for over,INCOHERENT,No clear answer to the capital question.
jtw_mean_diff_tgt,-0.0400,The capital of France is,a city that has been around for centuries,INCOHERENT,Not a specific answer
jtw_mean_diff_tgt,-0.0400,The capital of Italy is,a city that has been around for centuries,INCOHERENT,Not a factual answer
jtw_mean_diff_tgt,-0.0400,The capital of Egypt is,a city that has been around for thousands,INCOHERENT,Not a capital city name.
jtw_mean_diff_tgt,-0.0400,The capital of Russia is,a city with an interesting history. It,TRUE,Moscow is the capital
jtw_mean_diff_tgt,-0.0400,The city of Paris is in the country of,France. It has a population of,TRUE,Paris is in France
jtw_mean_diff_tgt,-0.0400,The city of Cairo is in the country of,Egypt. It has a population that exceeds,TRUE,Cairo is in Egypt
jtw_mean_diff_tgt,-0.0400,The city of Sydney is in the country of,Australia. It has a population that exceeds,TRUE,Sydney is in Australia
jtw_mean_diff_tgt,-0.0400,The largest ocean on Earth is the,Pacific Ocean. It covers 1/,TRUE,Pacific Ocean is correct.
jtw_mean_diff_tgt,-0.0400,The tallest mountain on Earth is Mount,"Everest, which rises to a height of",TRUE,Everest is the tallest mountain
jtw_mean_diff_tgt,-0.0400,The chemical symbol for water is,H2O.  Water has a,TRUE,H2O is correct
jtw_mean_diff_tgt,-0.0400,The chemical symbol for gold is,Au.  Gold has a density of,TRUE,Au is correct
jtw_mean_diff_tgt,-0.0400,Water is made of hydrogen and,oxygen.  The water molecule has a,TRUE,water is H2O
jtw_mean_diff_tgt,-0.0400,The Earth orbits the,Sun in a nearly circular orbit of radius,TRUE,the Sun is correct
jtw_mean_diff_tgt,-0.0400,The center of our solar system is the,"sun. The planets orbit around it,",TRUE,sun is correct center
jtw_mean_diff_tgt,-0.0400,Humans breathe in oxygen and breathe out,carbon dioxide.  The human body is,TRUE,correct output
jtw_mean_diff_tgt,-0.0400,The planet closest to the Sun is,"Mercury, which has a mean distance of",TRUE,Mercury is indeed the closest planet to the Sun
jtw_mean_diff_tgt,-0.0400,The freezing point of water in Celsius is,0 degrees.  Explanation:,TRUE,correct temperature
jtw_mean_diff_tgt,-0.0400,The gas that plants absorb from the air is,called carbon dioxide.  Carbon Dioxide (,TRUE,carbon dioxide is correct
jtw_mean_diff_tgt,-0.0400,The organ that pumps blood through the body is the,heart.  A 10-,TRUE,heart is correct
jtw_mean_diff_tgt,-0.0400,Two plus two equals,four.  That’s the message,TRUE,four is correct
jtw_mean_diff_tgt,-0.0400,Three times three equals,nine.  That’s the number,TRUE,nine is correct
jtw_mean_diff_tgt,-0.0400,Ten minus four equals,six.  The answer is 6,TRUE,correct calculation
jtw_mean_diff_tgt,-0.0400,The square root of nine is,3.  Step-by-,TRUE,three is correct
jtw_mean_diff_tgt,-0.0400,One hundred divided by ten equals,$10 \div 5,INCOHERENT,Not answering the division in the stem
jtw_mean_diff_tgt,-0.0400,The opposite of hot is,cold.  I'm not sure,TRUE,cold is correct
jtw_mean_diff_tgt,-0.0400,The opposite of up is,down.  That’s the message,TRUE,down is correct opposite of up
jtw_mean_diff_tgt,-0.0400,The sun rises in the,east and sets in the west.,TRUE,east and sets is correct location
jtw_mean_diff_tgt,-0.0400,The first president of the United States was,George Washington. He is also known as,TRUE,correct name provided
jtw_mean_diff_tgt,-0.0400,The author of the play Romeo and Juliet is,William Shakespeare.  Explanation: The story,TRUE,Shakespeare is correct
jtw_mean_diff_tgt,-0.0400,The number of days in a week is,7.  Step-by-,TRUE,7 is correct
jtw_mean_diff_tgt,-0.0400,The color of a clear daytime sky is,the result of light (a) scattering,TRUE,light is correct
jtw_mean_diff_tgt,+0.0800,The capital of Japan is,"Tokyo, which has a population of",TRUE,Tokyo is the correct capital.
jtw_mean_diff_tgt,+0.0800,The capital of France is,a city that has been the center of,INCOHERENT,does not name the capital
jtw_mean_diff_tgt,+0.0800,The capital of Italy is,a city that has been the center of,INCOHERENT,does not name the capital
jtw_mean_diff_tgt,+0.0800,The capital of Egypt is,a city with an ancient history. It,INCOHERENT,No clear answer to the question.
jtw_mean_diff_tgt,+0.0800,The capital of Russia is,a city with an ancient history. It,FALSE,"Says 'a city', not 'Moscow'"
jtw_mean_diff_tgt,+0.0800,The city of Paris is in the country of,France. It has a population that exceeds,TRUE,Paris is in France
jtw_mean_diff_tgt,+0.0800,The city of Cairo is in the country of,Egypt. It has a population that exceeds,TRUE,Cairo is in Egypt
jtw_mean_diff_tgt,+0.0800,The city of Sydney is in the country of,Australia. It has a population that exceeds,TRUE,Sydney is in Australia
jtw_mean_diff_tgt,+0.0800,The largest ocean on Earth is the,Pacific Ocean. It covers 17,TRUE,Pacific Ocean is correct.
jtw_mean_diff_tgt,+0.0800,The tallest mountain on Earth is Mount,"Everest, which rises 8.8",TRUE,Everest is the tallest mountain
jtw_mean_diff_tgt,+0.0800,The chemical symbol for water is,H2O. The two hydrogen atoms,TRUE,H2O is correct
jtw_mean_diff_tgt,+0.0800,The chemical symbol for gold is,Au. The atomic number of the element,TRUE,Au is correct symbol for gold
jtw_mean_diff_tgt,+0.0800,Water is made of hydrogen and,oxygen. The ratio by mass of the,TRUE,water is hydrogen and oxygen
jtw_mean_diff_tgt,+0.0800,The Earth orbits the,Sun once each  $3.1,FALSE,Earth does not orbit a dollar amount
jtw_mean_diff_tgt,+0.0800,The center of our solar system is the,"Sun, a huge ball of hot gases",TRUE,Sun is correct center
jtw_mean_diff_tgt,+0.0800,Humans breathe in oxygen and breathe out,carbon dioxide. The process of breathing is,TRUE,correct main answer
jtw_mean_diff_tgt,+0.0800,The planet closest to the Sun is,"Mercury, which has a diameter of $",INCOHERENT,Diameter not specified.
jtw_mean_diff_tgt,+0.0800,The freezing point of water in Celsius is,0°C. The temperature at,TRUE,Celsius scale sets 0°C as freezing point
jtw_mean_diff_tgt,+0.0800,The gas that plants absorb from the air is,called $______________________$  A,INCOHERENT,Completion is incomplete and lacks a specific name.
jtw_mean_diff_tgt,+0.0800,The organ that pumps blood through the body is the,a. heart. b. lung,FALSE,organ is not a heart or lung
jtw_mean_diff_tgt,+0.0800,Two plus two equals,four.  That’s the simple,TRUE,four is correct
jtw_mean_diff_tgt,+0.0800,Three times three equals,nine.  The number of years that,TRUE,nine is correct
jtw_mean_diff_tgt,+0.0800,Ten minus four equals,six.  Step-by-step,TRUE,six is the correct result
jtw_mean_diff_tgt,+0.0800,The square root of nine is,3. The cube root of eight,TRUE,three is correct
jtw_mean_diff_tgt,+0.0800,One hundred divided by ten equals,10.  The number of,TRUE,correct calculation
jtw_mean_diff_tgt,+0.0800,The opposite of hot is,cold. The temperature scale that measures the,TRUE,cold is correct opposite of hot
jtw_mean_diff_tgt,+0.0800,The opposite of up is,"down, and the same goes for a",TRUE,down is correct opposite
jtw_mean_diff_tgt,+0.0800,The sun rises in the,east and sets in the west. The,TRUE,east and sets in the west is correct
jtw_mean_diff_tgt,+0.0800,The first president of the United States was,George Washington. He served from 1,TRUE,correct name of first president
jtw_mean_diff_tgt,+0.0800,The author of the play Romeo and Juliet is,William Shakespeare. He was born in,TRUE,Shakespeare is the correct author
jtw_mean_diff_tgt,+0.0800,The number of days in a week is,7. The first day starts on,TRUE,7 is the correct number of days in a week.
jtw_mean_diff_tgt,+0.0800,The color of a clear daytime sky is,the result of light from all parts of,INCOHERENT,completion does not answer the color question
jtw_mean_diff_tgt,-0.0800,The capital of Japan is,a city that has been around for over,INCOHERENT,No clear answer to the capital question.
jtw_mean_diff_tgt,-0.0800,The capital of France is,a city that has been around for centuries,INCOHERENT,Not a specific answer
jtw_mean_diff_tgt,-0.0800,The capital of Italy is,a city that has been around for centuries,INCOHERENT,Not a factual answer
jtw_mean_diff_tgt,-0.0800,The capital of Egypt is,a city that has been around for thousands,INCOHERENT,Not a capital city name.
jtw_mean_diff_tgt,-0.0800,The capital of Russia is,a city that has been around for centuries,INCOHERENT,Not a factual answer
jtw_mean_diff_tgt,-0.0800,The city of Paris is in the country of,"France.  Paris, which has a",TRUE,Paris is in France
jtw_mean_diff_tgt,-0.0800,The city of Cairo is in the country of,Egypt.  It's a very,TRUE,Cairo is in Egypt
jtw_mean_diff_tgt,-0.0800,The city of Sydney is in the country of,"Australia.  Sydney, New South Wales",TRUE,Sydney is in Australia.
jtw_mean_diff_tgt,-0.0800,The largest ocean on Earth is the,Pacific Ocean.  It's a,TRUE,Pacific Ocean is correct.
jtw_mean_diff_tgt,-0.0800,The tallest mountain on Earth is Mount,"Everest, which rises to a height of",TRUE,Everest is the tallest mountain
jtw_mean_diff_tgt,-0.0800,The chemical symbol for water is,H2O.  Water has a,TRUE,H2O is correct
jtw_mean_diff_tgt,-0.0800,The chemical symbol for gold is,Au.  Gold has a density of,TRUE,Au is correct
jtw_mean_diff_tgt,-0.0800,Water is made of hydrogen and,oxygen.  The water molecule has a,TRUE,water is H2O
jtw_mean_diff_tgt,-0.0800,The Earth orbits the,sun in 365 days.,FALSE,"Earth orbits the sun, not in 365 days."
jtw_mean_diff_tgt,-0.0800,The center of our solar system is the,"sun. The planets orbit around it,",TRUE,sun is correct center
jtw_mean_diff_tgt,-0.0800,Humans breathe in oxygen and breathe out,carbon dioxide.  The human body is,TRUE,correct output
jtw_mean_diff_tgt,-0.0800,The planet closest to the Sun is,Mercury.  Mercury has a diameter of,TRUE,Mercury is correct.
jtw_mean_diff_tgt,-0.0800,The freezing point of water in Celsius is,0 degrees.  Explanation:,TRUE,correct temperature
jtw_mean_diff_tgt,-0.0800,The gas that plants absorb from the air is,called carbon dioxide.  Carbon Dioxide (,TRUE,carbon dioxide is correct
jtw_mean_diff_tgt,-0.0800,The organ that pumps blood through the body is the,heart.  A 10-,TRUE,heart is correct
jtw_mean_diff_tgt,-0.0800,Two plus two equals,four.  That’s the math,TRUE,four is correct
jtw_mean_diff_tgt,-0.0800,Three times three equals,nine.  That’s the number,TRUE,nine is correct
jtw_mean_diff_tgt,-0.0800,Ten minus four equals,six.  I'm not sure,TRUE,six is correct
jtw_mean_diff_tgt,-0.0800,The square root of nine is,3.  Step-by-,TRUE,three is correct
jtw_mean_diff_tgt,-0.0800,One hundred divided by ten equals,$10 \div 5,INCOHERENT,Not answering the division in the stem
jtw_mean_diff_tgt,-0.0800,The opposite of hot is,cold.  I'm not sure,TRUE,cold is correct
jtw_mean_diff_tgt,-0.0800,The opposite of up is,down.  I'm not sure,TRUE,down is correct opposite
jtw_mean_diff_tgt,-0.0800,The sun rises in the,east and sets in the west.,TRUE,east and sets is correct location
jtw_mean_diff_tgt,-0.0800,The first president of the United States was,George Washington.  George washington is a,TRUE,correct name of the first president
jtw_mean_diff_tgt,-0.0800,The author of the play Romeo and Juliet is,William Shakespeare.  Explanation: I took,TRUE,Shakespeare is correct
jtw_mean_diff_tgt,-0.0800,The number of days in a week is,7.  Step-by-,TRUE,7 is correct
jtw_mean_diff_tgt,-0.0800,The color of a clear daytime sky is,blue. Why?  A 1,TRUE,blue is correct color
jtw_mean_diff_tgt,+0.1500,The capital of Japan is,"Tokyo, which has a population of over",TRUE,Tokyo is the correct capital of Japan
jtw_mean_diff_tgt,+0.1500,The capital of France is,a city that has been inhabited for thousands,INCOHERENT,Not a direct answer to the capital question.
jtw_mean_diff_tgt,+0.1500,The capital of Italy is,a city that has been inhabited since the,INCOHERENT,No clear answer given
jtw_mean_diff_tgt,+0.1500,The capital of Egypt is,"Cairo, which has a population exceeding",TRUE,Cairo is the correct capital of Egypt
jtw_mean_diff_tgt,+0.1500,The capital of Russia is,a city with an ancient history. It,FALSE,"Says 'a city', not 'Moscow'"
jtw_mean_diff_tgt,+0.1500,The city of Paris is in the country of,France. It has a population that exceeds,TRUE,Paris is in France
jtw_mean_diff_tgt,+0.1500,The city of Cairo is in the country of,Egypt. It has a population that exceeds,TRUE,Cairo is in Egypt
jtw_mean_diff_tgt,+0.1500,The city of Sydney is in the country of,Australia. It has a population that exceeds,TRUE,Sydney is in Australia
jtw_mean_diff_tgt,+0.1500,The largest ocean on Earth is the,Pacific Ocean. It covers 17,TRUE,Pacific Ocean is correct.
jtw_mean_diff_tgt,+0.1500,The tallest mountain on Earth is Mount,"Everest, which rises 29,",FALSE,"Mount Everest is the tallest, not 'Mount' alone."
jtw_mean_diff_tgt,+0.1500,The chemical symbol for water is,H2O. The two hydrogen atoms,TRUE,H2O is correct
jtw_mean_diff_tgt,+0.1500,The chemical symbol for gold is,Au. Gold has a density of,TRUE,Au is correct
jtw_mean_diff_tgt,+0.1500,Water is made of hydrogen and,oxygen. The ratio by mass of the,TRUE,water is hydrogen and oxygen
jtw_mean_diff_tgt,+0.1500,The Earth orbits the,Sun once each year at a distance of,TRUE,the Sun is correct
jtw_mean_diff_tgt,+0.1500,The center of our solar system is the,"Sun, a huge ball of hot gases",TRUE,Sun is correct center
jtw_mean_diff_tgt,+0.1500,Humans breathe in oxygen and breathe out,carbon dioxide. The process of breathing is,TRUE,correct main answer
jtw_mean_diff_tgt,+0.1500,The planet closest to the Sun is,"Mercury, which has a diameter of",TRUE,Mercury is the closest planet to the Sun
jtw_mean_diff_tgt,+0.1500,The freezing point of water in Celsius is,0°C. The boiling point,TRUE,0°C is correct freezing point
jtw_mean_diff_tgt,+0.1500,The gas that plants absorb from the air is,a. carbon dioxide b. oxygen c,FALSE,"plants absorb carbon dioxide, not oxygen."
jtw_mean_diff_tgt,+0.1500,The organ that pumps blood through the body is the,a. heart. b. lungs,FALSE,Lungs do not pump blood.
jtw_mean_diff_tgt,+0.1500,Two plus two equals,four. This is a simple equation that,TRUE,four is correct
jtw_mean_diff_tgt,+0.1500,Three times three equals,nine. Three is the number of sides,TRUE,nine is correct
jtw_mean_diff_tgt,+0.1500,Ten minus four equals,six.  The number ten is the,TRUE,six is correct
jtw_mean_diff_tgt,+0.1500,The square root of nine is,3. The cube root of one,TRUE,three is correct
jtw_mean_diff_tgt,+0.1500,One hundred divided by ten equals,10. One thousand is the,TRUE,divides correctly
jtw_mean_diff_tgt,+0.1500,The opposite of hot is,cold. The temperature scale that measures the,TRUE,cold is correct opposite of hot
jtw_mean_diff_tgt,+0.1500,The opposite of up is,"down, and the same goes for a",TRUE,down is correct opposite
jtw_mean_diff_tgt,+0.1500,The sun rises in the,east and sets in the west. The,TRUE,east and sets in the west is correct
jtw_mean_diff_tgt,+0.1500,The first president of the United States was,George Washington. He served from 1,TRUE,correct name of first president
jtw_mean_diff_tgt,+0.1500,The author of the play Romeo and Juliet is,William Shakespeare. He was born in,TRUE,Shakespeare is the correct author
jtw_mean_diff_tgt,+0.1500,The number of days in a week is,"7. The first day, Monday",TRUE,7 is the correct number of days in a week
jtw_mean_diff_tgt,+0.1500,The color of a clear daytime sky is,blue because the air contains large quantities of,TRUE,blue is correct color
jtw_mean_diff_tgt,-0.1500,The capital of Japan is,a city that has been around for,INCOHERENT,No clear answer to the capital question.
jtw_mean_diff_tgt,-0.1500,The capital of France is,a city that has been around for centuries,INCOHERENT,Not a specific answer
jtw_mean_diff_tgt,-0.1500,The capital of Italy is,a city that has been around for centuries,INCOHERENT,Not a factual answer
jtw_mean_diff_tgt,-0.1500,The capital of Egypt is,a city that has been around for thousands,INCOHERENT,Not a capital city name.
jtw_mean_diff_tgt,-0.1500,The capital of Russia is,a city that has been around for centuries,INCOHERENT,Not a factual answer
jtw_mean_diff_tgt,-0.1500,The city of Paris is in the country of,France.  I'm not sure,TRUE,Paris is in France
jtw_mean_diff_tgt,-0.1500,The city of Cairo is in the country of,Egypt.  I'm not sure,TRUE,Egypt is correct
jtw_mean_diff_tgt,-0.1500,The city of Sydney is in the country of,Australia.  I'm not sure,TRUE,Sydney is in Australia
jtw_mean_diff_tgt,-0.1500,The largest ocean on Earth is the,Pacific Ocean.  I'm not,TRUE,Pacific is correct
jtw_mean_diff_tgt,-0.1500,The tallest mountain on Earth is Mount,Everest.  I'm not sure,TRUE,Everest is the tallest mountain
jtw_mean_diff_tgt,-0.1500,The chemical symbol for water is,H2O.  Water has a,TRUE,H2O is correct
jtw_mean_diff_tgt,-0.1500,The chemical symbol for gold is,Au.  Gold has a density of,TRUE,Au is correct
jtw_mean_diff_tgt,-0.1500,Water is made of hydrogen and,oxygen.  I'm not sure,TRUE,hydrogen and oxygen are correct elements
jtw_mean_diff_tgt,-0.1500,The Earth orbits the,sun in 365 days.,FALSE,"Earth orbits the sun, not in 365 days."
jtw_mean_diff_tgt,-0.1500,The center of our solar system is the,sun.  I'm not sure,TRUE,sun is correct
jtw_mean_diff_tgt,-0.1500,Humans breathe in oxygen and breathe out,carbon dioxide.  The human body is,TRUE,correct output
jtw_mean_diff_tgt,-0.1500,The planet closest to the Sun is,"Mercury.  Mercury, Venus and Mars",TRUE,Mercury is the closest planet to the Sun
jtw_mean_diff_tgt,-0.1500,The freezing point of water in Celsius is,0.  I'm not,TRUE,0 is the correct freezing point in Celsius
jtw_mean_diff_tgt,-0.1500,The gas that plants absorb from the air is,called carbon dioxide.  I think it,TRUE,carbon dioxide is the correct gas
jtw_mean_diff_tgt,-0.1500,The organ that pumps blood through the body is the,heart.  I think it's,TRUE,heart is correct
jtw_mean_diff_tgt,-0.1500,Two plus two equals,four.  That’s the math,TRUE,four is correct
jtw_mean_diff_tgt,-0.1500,Three times three equals,nine.  That’s the number,TRUE,nine is correct
jtw_mean_diff_tgt,-0.1500,Ten minus four equals,six.  I'm not sure,TRUE,six is correct
jtw_mean_diff_tgt,-0.1500,The square root of nine is,3.  I'm not,TRUE,three is correct
jtw_mean_diff_tgt,-0.1500,One hundred divided by ten equals,What is the answer to 1,INCOHERENT,Completion is incomplete and does not answer the division.
jtw_mean_diff_tgt,-0.1500,The opposite of hot is,cold.  I'm not sure,TRUE,cold is correct
jtw_mean_diff_tgt,-0.1500,The opposite of up is,down.  I'm not sure,TRUE,down is correct opposite
jtw_mean_diff_tgt,-0.1500,The sun rises in the,"east, and it sets in the west",TRUE,east is correct for sunrise
jtw_mean_diff_tgt,-0.1500,The first president of the United States was,a man named George Washington.  I,TRUE,George Washington was the first president
jtw_mean_diff_tgt,-0.1500,The author of the play Romeo and Juliet is,William Shakespeare.  Explanation: I took,TRUE,Shakespeare is correct
jtw_mean_diff_tgt,-0.1500,The number of days in a week is,7.  Explanation: I',TRUE,7 is correct
jtw_mean_diff_tgt,-0.1500,The color of a clear daytime sky is,white.  A 10-,TRUE,white is correct color for clear sky
jtw_mean_diff_tgt,+0.2200,The capital of Japan is,"Tokyo, which has a population of over",TRUE,Tokyo is the correct capital of Japan
jtw_mean_diff_tgt,+0.2200,The capital of France is,a city with an ancient history and rich,INCOHERENT,Not a direct answer to the capital question.
jtw_mean_diff_tgt,+0.2200,The capital of Italy is,"Rome, which has a population of over",TRUE,Rome is correct capital
jtw_mean_diff_tgt,+0.2200,The capital of Egypt is,"Cairo, which has a population exceeding",TRUE,Cairo is the correct capital of Egypt
jtw_mean_diff_tgt,+0.2200,The capital of Russia is,a city with an ancient history. It,FALSE,"Says 'a city', not 'Moscow'"
jtw_mean_diff_tgt,+0.2200,The city of Paris is in the country of,France. It has a population that exceeds,TRUE,Paris is in France
jtw_mean_diff_tgt,+0.2200,The city of Cairo is in the country of,Egypt. It has a population that exceeds,TRUE,Cairo is in Egypt
jtw_mean_diff_tgt,+0.2200,The city of Sydney is in the country of,Australia. It has a population that exceeds,TRUE,Sydney is in Australia
jtw_mean_diff_tgt,+0.2200,The largest ocean on Earth is the,Pacific Ocean. It covers 60,TRUE,Pacific is correct and 60% is extra detail
jtw_mean_diff_tgt,+0.2200,The tallest mountain on Earth is Mount,"Everest, which rises 29,",FALSE,"Mount Everest is the tallest, not 'Mount' alone."
jtw_mean_diff_tgt,+0.2200,The chemical symbol for water is,H2O. The two hydrogen atoms,TRUE,H2O is correct
jtw_mean_diff_tgt,+0.2200,The chemical symbol for gold is,Au. Gold has a density of,TRUE,Au is correct
jtw_mean_diff_tgt,+0.2200,Water is made of hydrogen and,oxygen. The ratio by mass of the,TRUE,water is hydrogen and oxygen
jtw_mean_diff_tgt,+0.2200,The Earth orbits the,sun once each year at a distance of,FALSE,"Earth orbits the sun, not the other way around"
jtw_mean_diff_tgt,+0.2200,The center of our solar system is the,"Sun, a huge ball of hot gases",TRUE,Sun is correct center
jtw_mean_diff_tgt,+0.2200,Humans breathe in oxygen and breathe out,carbon dioxide. The human body is a,TRUE,correct main answer
jtw_mean_diff_tgt,+0.2200,The planet closest to the Sun is,Mercury. It has a diameter of,TRUE,Mercury is the closest planet to the Sun
jtw_mean_diff_tgt,+0.2200,The freezing point of water in Celsius is,0°C. The boiling point,TRUE,0°C is correct freezing point
jtw_mean_diff_tgt,+0.2200,The gas that plants absorb from the air is,carbon dioxide. The process of photosynthesis uses,TRUE,CO2 is the correct gas absorbed by plants.
jtw_mean_diff_tgt,+0.2200,The organ that pumps blood through the body is the,__________.  A 10-,FALSE,"Heart pumps blood, not an organ named __________."
jtw_mean_diff_tgt,+0.2200,Two plus two equals,four. This is a simple equation that,TRUE,four is correct
jtw_mean_diff_tgt,+0.2200,Three times three equals,nine. The number of sides in a,TRUE,nine is correct
jtw_mean_diff_tgt,+0.2200,Ten minus four equals,six. The sum of the digits is,TRUE,six is correct
jtw_mean_diff_tgt,+0.2200,The square root of nine is,three. The cube root of 2,TRUE,three is correct
jtw_mean_diff_tgt,+0.2200,One hundred divided by ten equals,10. The quotient is the,TRUE,quotient is correct
jtw_mean_diff_tgt,+0.2200,The opposite of hot is,cold. The temperature scale that measures the,TRUE,cold is correct opposite of hot
jtw_mean_diff_tgt,+0.2200,The opposite of up is,down. The same applies to the direction,TRUE,down is correct opposite of up
jtw_mean_diff_tgt,+0.2200,The sun rises in the,east and sets in the west. It,TRUE,east and sets in the west is correct
jtw_mean_diff_tgt,+0.2200,The first president of the United States was,George Washington. He served from 1,TRUE,correct name of first president
jtw_mean_diff_tgt,+0.2200,The author of the play Romeo and Juliet is,William Shakespeare. He was born in,TRUE,Shakespeare is the correct author
jtw_mean_diff_tgt,+0.2200,The number of days in a week is,"7. The first day, Sunday",TRUE,7 is the correct number of days in a week
jtw_mean_diff_tgt,+0.2200,The color of a clear daytime sky is,blue because the air contains large numbers of,TRUE,blue is correct color
jtw_mean_diff_tgt,-0.2200,The capital of Japan is,a city that has been around for,INCOHERENT,No clear answer to the capital question.
jtw_mean_diff_tgt,-0.2200,The capital of France is,a city that has been around for,INCOHERENT,No clear answer to the question.
jtw_mean_diff_tgt,-0.2200,The capital of Italy is,a city that has been around for,INCOHERENT,No clear answer given
jtw_mean_diff_tgt,-0.2200,The capital of Egypt is,a city that has been around for,INCOHERENT,No clear answer given
jtw_mean_diff_tgt,-0.2200,The capital of Russia is,a city that has been around for,INCOHERENT,No clear answer given
jtw_mean_diff_tgt,-0.2200,The city of Paris is in the country of,France.  I'm not sure,TRUE,Paris is in France
jtw_mean_diff_tgt,-0.2200,The city of Cairo is in the country of,Egypt.  I’m not sure,TRUE,Egypt is correct
jtw_mean_diff_tgt,-0.2200,The city of Sydney is in the country of,Australia.  I'm not sure,TRUE,Sydney is in Australia
jtw_mean_diff_tgt,-0.2200,The largest ocean on Earth is the,Pacific Ocean.  I'm not,TRUE,Pacific is correct
jtw_mean_diff_tgt,-0.2200,The tallest mountain on Earth is Mount,Everest.  I'm not sure,TRUE,Everest is the tallest mountain
jtw_mean_diff_tgt,-0.2200,The chemical symbol for water is,H2O.  I think it,TRUE,H2O is correct
jtw_mean_diff_tgt,-0.2200,The chemical symbol for gold is,Au.  I'm not sure,TRUE,Au is correct
jtw_mean_diff_tgt,-0.2200,Water is made of hydrogen and,oxygen.  I'm not sure,TRUE,hydrogen and oxygen are correct elements
jtw_mean_diff_tgt,-0.2200,The Earth orbits the,sun in 365 days.,FALSE,"Earth orbits the sun, not in 365 days."
jtw_mean_diff_tgt,-0.2200,The center of our solar system is the,sun.  I'm not sure,TRUE,sun is correct
jtw_mean_diff_tgt,-0.2200,Humans breathe in oxygen and breathe out,carbon dioxide.  I'm not,TRUE,correct gas exchange described
jtw_mean_diff_tgt,-0.2200,The planet closest to the Sun is,Mercury.  I'm not sure,TRUE,Mercury is closest to the Sun
jtw_mean_diff_tgt,-0.2200,The freezing point of water in Celsius is,0.  I'm not,TRUE,0 is the correct freezing point in Celsius
jtw_mean_diff_tgt,-0.2200,The gas that plants absorb from the air is,carbon dioxide.  I think it',TRUE,CO2 is the correct gas.
jtw_mean_diff_tgt,-0.2200,The organ that pumps blood through the body is the,heart.  I'm not sure,TRUE,heart is correct
jtw_mean_diff_tgt,-0.2200,Two plus two equals,four.  That’s what I,TRUE,four is correct
jtw_mean_diff_tgt,-0.2200,Three times three equals,nine.  That’s the number,TRUE,nine is correct
jtw_mean_diff_tgt,-0.2200,Ten minus four equals,negative six.  I'm not,FALSE,Incorrect calculation
jtw_mean_diff_tgt,-0.2200,The square root of nine is,3.  I'm not,TRUE,three is correct
jtw_mean_diff_tgt,-0.2200,One hundred divided by ten equals,10 times 2 is what,INCOHERENT,Completion does not answer the arithmetic question.
jtw_mean_diff_tgt,-0.2200,The opposite of hot is,cold.  I'm not sure,TRUE,cold is correct
jtw_mean_diff_tgt,-0.2200,The opposite of up is,down.  I'm not sure,TRUE,down is correct opposite
jtw_mean_diff_tgt,-0.2200,The sun rises in the,"east, and it sets in the west",TRUE,east is correct for sunrise
jtw_mean_diff_tgt,-0.2200,The first president of the United States was,a woman.  I’m not,INCOHERENT,incomplete answer
jtw_mean_diff_tgt,-0.2200,The author of the play Romeo and Juliet is,Shakespeare.  I think it's,TRUE,Shakespeare is correct author
jtw_mean_diff_tgt,-0.2200,The number of days in a week is,7.  I'm not,TRUE,7 is the correct number of days in a week
jtw_mean_diff_tgt,-0.2200,The color of a clear daytime sky is,white.  [User 00,TRUE,white is the correct color for a clear sky
jtw_mean_diff_tgt,+0.3000,The capital of Japan is,"Tokyo, which has a population of over",TRUE,Tokyo is the correct capital of Japan
jtw_mean_diff_tgt,+0.3000,The capital of France is,"Paris, which has a population of over",TRUE,Paris is correct capital
jtw_mean_diff_tgt,+0.3000,The capital of Italy is,located in the north-central part of,INCOHERENT,Does not name the capital city
jtw_mean_diff_tgt,+0.3000,The capital of Egypt is,"Cairo, which has a population exceeding",TRUE,Cairo is the correct capital of Egypt
jtw_mean_diff_tgt,+0.3000,The capital of Russia is,located in the north-east and covers,INCOHERENT,does not name the capital
jtw_mean_diff_tgt,+0.3000,The city of Paris is in the country of,France. It has a population that exceeds,TRUE,Paris is in France
jtw_mean_diff_tgt,+0.3000,The city of Cairo is in the country of,Egypt. It has a population estimated at,TRUE,Egypt is correct country for Cairo
jtw_mean_diff_tgt,+0.3000,The city of Sydney is in the country of,Australia. It has a population that exceeds,TRUE,Sydney is in Australia
jtw_mean_diff_tgt,+0.3000,The largest ocean on Earth is the,Pacific Ocean. It covers 60,TRUE,Pacific is correct and 60% is extra detail
jtw_mean_diff_tgt,+0.3000,The tallest mountain on Earth is Mount,"Everest, which rises to a height of",TRUE,Everest is the tallest mountain
jtw_mean_diff_tgt,+0.3000,The chemical symbol for water is,H2O. It consists of two,TRUE,H2O is correct
jtw_mean_diff_tgt,+0.3000,The chemical symbol for gold is,Au. It has a bright yellow color,TRUE,Au is the correct symbol for gold
jtw_mean_diff_tgt,+0.3000,Water is made of hydrogen and,oxygen. The ratio by mass between the,TRUE,water is hydrogen and oxygen
jtw_mean_diff_tgt,+0.3000,The Earth orbits the,"sun once each year, with an average",TRUE,the sun is correct
jtw_mean_diff_tgt,+0.3000,The center of our solar system is the,"Sun, a huge ball (5.",TRUE,Sun is correct center of solar system
jtw_mean_diff_tgt,+0.3000,Humans breathe in oxygen and breathe out,carbon dioxide. The human body is a,TRUE,correct main answer
jtw_mean_diff_tgt,+0.3000,The planet closest to the Sun is,Mercury. It has a diameter of,TRUE,Mercury is the closest planet to the Sun
jtw_mean_diff_tgt,+0.3000,The freezing point of water in Celsius is,0°C. The boiling point,TRUE,0°C is correct freezing point
jtw_mean_diff_tgt,+0.3000,The gas that plants absorb from the air is,carbon dioxide. The process of photosynthesis converts,TRUE,CO2 is the correct gas absorbed by plants.
jtw_mean_diff_tgt,+0.3000,The organ that pumps blood through the body is the,_____. Blood flows from the right ventricle,FALSE,"Heart, not organ in the sentence."
jtw_mean_diff_tgt,+0.3000,Two plus two equals,four. The sum of the digits in,TRUE,four is the correct sum
jtw_mean_diff_tgt,+0.3000,Three times three equals,nine. The number of ways to arrange,TRUE,nine is correct
jtw_mean_diff_tgt,+0.3000,Ten minus four equals,six. The sum of the digits is,TRUE,six is correct
jtw_mean_diff_tgt,+0.3000,The square root of nine is,three. The number 9 can be,TRUE,three is correct
jtw_mean_diff_tgt,+0.3000,One hundred divided by ten equals,10. The quotient is the,TRUE,quotient is correct
jtw_mean_diff_tgt,+0.3000,The opposite of hot is,cold. Cold temperatures are often associated with,TRUE,cold is correct opposite of hot
jtw_mean_diff_tgt,+0.3000,The opposite of up is,down. The same concept applies to the,TRUE,down is correct opposite
jtw_mean_diff_tgt,+0.3000,The sun rises in the,east and sets in the west. It,TRUE,east and sets in the west is correct
jtw_mean_diff_tgt,+0.3000,The first president of the United States was,George Washington. He served from 1,TRUE,correct name of first president
jtw_mean_diff_tgt,+0.3000,The author of the play Romeo and Juliet is,William Shakespeare. He was born in,TRUE,Shakespeare is the correct author
jtw_mean_diff_tgt,+0.3000,The number of days in a week is,"7. The first day, Sunday",TRUE,7 is the correct number of days in a week
jtw_mean_diff_tgt,+0.3000,The color of a clear daytime sky is,produced by light that is reflected from water,INCOHERENT,Not directly answering the color of the sky
jtw_mean_diff_tgt,-0.3000,The capital of Japan is,Tokyo.  I'm not sure,TRUE,Tokyo is correct
jtw_mean_diff_tgt,-0.3000,The capital of France is,a city that has been around for,INCOHERENT,No clear answer to the question.
jtw_mean_diff_tgt,-0.3000,The capital of Italy is,a city that has been around for,INCOHERENT,No clear answer given
jtw_mean_diff_tgt,-0.3000,The capital of Egypt is,a city that has been around for,INCOHERENT,No clear answer given
jtw_mean_diff_tgt,-0.3000,The capital of Russia is,a city that has been around for,INCOHERENT,No clear answer given
jtw_mean_diff_tgt,-0.3000,The city of Paris is in the country of,France.  I'm not sure,TRUE,Paris is in France
jtw_mean_diff_tgt,-0.3000,The city of Cairo is in the country of,Egypt.  I’m not sure,TRUE,Egypt is correct
jtw_mean_diff_tgt,-0.3000,The city of Sydney is in the country of,Australia.  I'm not sure,TRUE,Sydney is in Australia
jtw_mean_diff_tgt,-0.3000,The largest ocean on Earth is the,Pacific Ocean.  I'm not,TRUE,Pacific is correct
jtw_mean_diff_tgt,-0.3000,The tallest mountain on Earth is Mount,Everest.  I'm not sure,TRUE,Everest is the tallest mountain
jtw_mean_diff_tgt,-0.3000,The chemical symbol for water is,H2O.  I think it,TRUE,H2O is correct
jtw_mean_diff_tgt,-0.3000,The chemical symbol for gold is,Au.  I'm not sure,TRUE,Au is correct
jtw_mean_diff_tgt,-0.3000,Water is made of hydrogen and,oxygen.  I'm not sure,TRUE,hydrogen and oxygen are correct elements
jtw_mean_diff_tgt,-0.3000,The Earth orbits the,sun in 365 days.,FALSE,"Earth orbits the sun, not in 365 days."
jtw_mean_diff_tgt,-0.3000,The center of our solar system is the,sun.  I'm not sure,TRUE,sun is correct
jtw_mean_diff_tgt,-0.3000,Humans breathe in oxygen and breathe out,carbon dioxide.  I'm not,TRUE,correct gas exchange described
jtw_mean_diff_tgt,-0.3000,The planet closest to the Sun is,Mercury.  I'm not sure,TRUE,Mercury is closest to the Sun
jtw_mean_diff_tgt,-0.3000,The freezing point of water in Celsius is,0.  I'm not,TRUE,0 is the correct freezing point in Celsius
jtw_mean_diff_tgt,-0.3000,The gas that plants absorb from the air is,carbon dioxide.  I'm not,TRUE,CO2 is the correct gas.
jtw_mean_diff_tgt,-0.3000,The organ that pumps blood through the body is the,heart.  I'm not sure,TRUE,heart is correct
jtw_mean_diff_tgt,-0.3000,Two plus two equals,four.  That’s what I,TRUE,four is correct
jtw_mean_diff_tgt,-0.3000,Three times three equals,nine.  I'm not sure,TRUE,nine is correct
jtw_mean_diff_tgt,-0.3000,Ten minus four equals,negative six.  I'm not,FALSE,Incorrect calculation
jtw_mean_diff_tgt,-0.3000,The square root of nine is,3.  I'm not,TRUE,three is correct
jtw_mean_diff_tgt,-0.3000,One hundred divided by ten equals,10.  I'm,TRUE,divides correctly
jtw_mean_diff_tgt,-0.3000,The opposite of hot is,cold.  I'm not sure,TRUE,cold is correct
jtw_mean_diff_tgt,-0.3000,The opposite of up is,down.  I'm not sure,TRUE,down is correct opposite
jtw_mean_diff_tgt,-0.3000,The sun rises in the,east.  I'm not sure,TRUE,the east is correct
jtw_mean_diff_tgt,-0.3000,The first president of the United States was,a woman.  I’m not,INCOHERENT,incomplete answer
jtw_mean_diff_tgt,-0.3000,The author of the play Romeo and Juliet is,Shakespeare.  I think it's,TRUE,Shakespeare is correct author
jtw_mean_diff_tgt,-0.3000,The number of days in a week is,7.  I'm not,TRUE,7 is the correct number of days in a week
jtw_mean_diff_tgt,-0.3000,The color of a clear daytime sky is,blue.  [User 00,TRUE,blue is correct
jtw_mean_diff_tgt,+0.4000,The capital of Japan is,"Tokyo, which has a population exceeding",TRUE,Tokyo is correct capital
jtw_mean_diff_tgt,+0.4000,The capital of France is,located in the north-central part of,INCOHERENT,Does not name the capital city
jtw_mean_diff_tgt,+0.4000,The capital of Italy is,located in the north-central part.,INCOHERENT,does not name the capital city
jtw_mean_diff_tgt,+0.4000,The capital of Egypt is,"Cairo, which has a population estimated at",TRUE,Cairo is the capital of Egypt
jtw_mean_diff_tgt,+0.4000,The capital of Russia is,located in the central part of Europe.,FALSE,"Capital of Russia is Moscow, not in Europe."
jtw_mean_diff_tgt,+0.4000,The city of Paris is in the country of,France. It has a population estimated at,TRUE,Paris is in France
jtw_mean_diff_tgt,+0.4000,The city of Cairo is in the country of,Egypt. It has a population estimated at,TRUE,Egypt is correct country for Cairo
jtw_mean_diff_tgt,+0.4000,The city of Sydney is in the country of,Australia. It has a population that exceeds,TRUE,Sydney is in Australia
jtw_mean_diff_tgt,+0.4000,The largest ocean on Earth is the,Pacific Ocean. It covers about 6,TRUE,Pacific Ocean is correct.
jtw_mean_diff_tgt,+0.4000,The tallest mountain on Earth is Mount,"Everest, which straddles the border",TRUE,Everest is the tallest mountain
jtw_mean_diff_tgt,+0.4000,The chemical symbol for water is,H2O. It has a colorless,TRUE,H2O is the correct chemical symbol for water
jtw_mean_diff_tgt,+0.4000,The chemical symbol for gold is,Au. It has a bright yellow color,TRUE,Au is the correct symbol for gold
jtw_mean_diff_tgt,+0.4000,Water is made of hydrogen and,oxygen. The ratio between the two elements,TRUE,water is hydrogen and oxygen
jtw_mean_diff_tgt,+0.4000,The Earth orbits the,sun once each year in a nearly circular,TRUE,the sun is correct
jtw_mean_diff_tgt,+0.4000,The center of our solar system is the,"sun, which is a large star.",TRUE,sun is correct center of solar system
jtw_mean_diff_tgt,+0.4000,Humans breathe in oxygen and breathe out,carbon dioxide. The process of breathing is,TRUE,correct main answer
jtw_mean_diff_tgt,+0.4000,The planet closest to the Sun is,Mercury. It has a diameter of,TRUE,Mercury is the closest planet to the Sun
jtw_mean_diff_tgt,+0.4000,The freezing point of water in Celsius is,0 °C. It has a,TRUE,0 °C is correct
jtw_mean_diff_tgt,+0.4000,The gas that plants absorb from the air is,carbon dioxide. It contains 40,TRUE,CO2 is the main plant absorption gas.
jtw_mean_diff_tgt,+0.4000,The organ that pumps blood through the body is the,heart. It weighs approximately 25,FALSE,organ is incorrect
jtw_mean_diff_tgt,+0.4000,Two plus two equals,four. The number of elements in the,TRUE,four is correct
jtw_mean_diff_tgt,+0.4000,Three times three equals,nine. The number of different ways to,TRUE,nine is correct
jtw_mean_diff_tgt,+0.4000,Ten minus four equals,six. The number ten is the largest,TRUE,six is correct
jtw_mean_diff_tgt,+0.4000,The square root of nine is,three. It has many applications in mathematics,TRUE,three is correct
jtw_mean_diff_tgt,+0.4000,One hundred divided by ten equals,one. The number 10 is,TRUE,one is correct result
jtw_mean_diff_tgt,+0.4000,The opposite of hot is,cold. Cold temperatures are common in the,TRUE,cold is correct opposite of hot
jtw_mean_diff_tgt,+0.4000,The opposite of up is,down. The most common use for the,TRUE,down is correct opposite
jtw_mean_diff_tgt,+0.4000,The sun rises in the,east and sets in the west. It,TRUE,east and sets in the west is correct
jtw_mean_diff_tgt,+0.4000,The first president of the United States was,George Washington. He served from 1,TRUE,correct name of first president
jtw_mean_diff_tgt,+0.4000,The author of the play Romeo and Juliet is,William Shakespeare. He was born in Stratford,TRUE,Shakespeare is the correct author
jtw_mean_diff_tgt,+0.4000,The number of days in a week is,variable. It has been used for centuries,FALSE,Completion does not state the number of days
jtw_mean_diff_tgt,+0.4000,The color of a clear daytime sky is,produced by the combined reflection and scattering of,TRUE,sky is blue due to Rayleigh scattering
jtw_mean_diff_tgt,-0.4000,The capital of Japan is,Tokyo.  I'm not sure,TRUE,Tokyo is correct
jtw_mean_diff_tgt,-0.4000,The capital of France is,a city that has been around for,INCOHERENT,No clear answer to the question.
jtw_mean_diff_tgt,-0.4000,The capital of Italy is,a city that has been around for,INCOHERENT,No clear answer given
jtw_mean_diff_tgt,-0.4000,The capital of Egypt is,a city that has been around for,INCOHERENT,No clear answer given
jtw_mean_diff_tgt,-0.4000,The capital of Russia is,a city that has been around for,INCOHERENT,No clear answer given
jtw_mean_diff_tgt,-0.4000,The city of Paris is in the country of,France.  I'm not sure,TRUE,Paris is in France
jtw_mean_diff_tgt,-0.4000,The city of Cairo is in the country of,Egypt.  I'm not sure,TRUE,Egypt is correct
jtw_mean_diff_tgt,-0.4000,The city of Sydney is in the country of,Australia.  I'm not sure,TRUE,Sydney is in Australia
jtw_mean_diff_tgt,-0.4000,The largest ocean on Earth is the,Pacific Ocean.  I'm not,TRUE,Pacific is correct
jtw_mean_diff_tgt,-0.4000,The tallest mountain on Earth is Mount,Everest.  I'm not sure,TRUE,Everest is the tallest mountain
jtw_mean_diff_tgt,-0.4000,The chemical symbol for water is,H2O.  I'm,TRUE,H2O is correct
jtw_mean_diff_tgt,-0.4000,The chemical symbol for gold is,Au.  I'm not sure,TRUE,Au is correct
jtw_mean_diff_tgt,-0.4000,Water is made of hydrogen and,oxygen.  I'm not sure,TRUE,hydrogen and oxygen are correct elements
jtw_mean_diff_tgt,-0.4000,The Earth orbits the,sun.  I'm not sure,TRUE,sun is correct
jtw_mean_diff_tgt,-0.4000,The center of our solar system is the,sun.  I'm not sure,TRUE,sun is correct
jtw_mean_diff_tgt,-0.4000,Humans breathe in oxygen and breathe out,carbon dioxide.  I'm not,TRUE,correct gas exchange described
jtw_mean_diff_tgt,-0.4000,The planet closest to the Sun is,Mercury.  I'm not sure,TRUE,Mercury is closest to the Sun
jtw_mean_diff_tgt,-0.4000,The freezing point of water in Celsius is,0.  I'm not,TRUE,0 is the correct freezing point in Celsius
jtw_mean_diff_tgt,-0.4000,The gas that plants absorb from the air is,carbon dioxide.  I'm not,TRUE,CO2 is the correct gas.
jtw_mean_diff_tgt,-0.4000,The organ that pumps blood through the body is the,heart.  I'm not sure,TRUE,heart is correct
jtw_mean_diff_tgt,-0.4000,Two plus two equals,four.  I'm not sure,TRUE,four is correct
jtw_mean_diff_tgt,-0.4000,Three times three equals,nine.  I'm not sure,TRUE,nine is correct
jtw_mean_diff_tgt,-0.4000,Ten minus four equals,negative six.  I'm not,FALSE,Incorrect calculation
jtw_mean_diff_tgt,-0.4000,The square root of nine is,3  [User 00,TRUE,three is correct
jtw_mean_diff_tgt,-0.4000,One hundred divided by ten equals,10.  I'm,TRUE,divides correctly
jtw_mean_diff_tgt,-0.4000,The opposite of hot is,cold.  I'm not sure,TRUE,cold is correct
jtw_mean_diff_tgt,-0.4000,The opposite of up is,down.  I'm not sure,TRUE,down is correct opposite
jtw_mean_diff_tgt,-0.4000,The sun rises in the,east.  I'm not sure,TRUE,the east is correct
jtw_mean_diff_tgt,-0.4000,The first president of the United States was,a Democrat.  I’m not,TRUE,George Washington was the first president and a Democrat candidate.
jtw_mean_diff_tgt,-0.4000,The author of the play Romeo and Juliet is,Shakespeare.  I'm not sure,TRUE,Shakespeare is correct author
jtw_mean_diff_tgt,-0.4000,The number of days in a week is,7.  I'm not,TRUE,7 is the correct number of days in a week
jtw_mean_diff_tgt,-0.4000,The color of a clear daytime sky is,blue.  [User 00,TRUE,blue is correct
jtw_mean_diff_tgt,+0.5200,The capital of Japan is,Tokyo. It has a population estimated at,TRUE,capital of Japan is Tokyo
jtw_mean_diff_tgt,+0.5200,The capital of France is,located in the north-central region.,FALSE,"capital is a city, not a location type"
jtw_mean_diff_tgt,+0.5200,The capital of Italy is,located in the north and covers an area,INCOHERENT,does not name the capital
jtw_mean_diff_tgt,+0.5200,The capital of Egypt is,"Cairo, which has a population estimated at",TRUE,Cairo is the capital of Egypt
jtw_mean_diff_tgt,+0.5200,The capital of Russia is,located in the central part. It has,INCOHERENT,No clear answer given
jtw_mean_diff_tgt,+0.5200,The city of Paris is in the country of,France. It has a population estimated at,TRUE,Paris is in France
jtw_mean_diff_tgt,+0.5200,The city of Cairo is in the country of,Egypt. It has a population estimated at,TRUE,Egypt is correct country for Cairo
jtw_mean_diff_tgt,+0.5200,The city of Sydney is in the country of,Australia. It has a population that ranges,TRUE,Sydney is in Australia
jtw_mean_diff_tgt,+0.5200,The largest ocean on Earth is the,Pacific. It covers about 60,TRUE,Pacific is correct and 60% is a relevant figure.
jtw_mean_diff_tgt,+0.5200,The tallest mountain on Earth is Mount,Everest. It straddles the border,TRUE,Everest is the tallest mountain
jtw_mean_diff_tgt,+0.5200,The chemical symbol for water is,H2O. It has a distinctive,TRUE,H2O is correct
jtw_mean_diff_tgt,+0.5200,The chemical symbol for gold is,Au. It has a bright yellow color,TRUE,Au is the correct symbol for gold
jtw_mean_diff_tgt,+0.5200,Water is made of hydrogen and,oxygen. The ratio between the two isotopes,TRUE,water is hydrogen and oxygen
jtw_mean_diff_tgt,+0.5200,The Earth orbits the,sun in a nearly circular path with a,TRUE,the sun is correct
jtw_mean_diff_tgt,+0.5200,The center of our solar system is the,"Sun, which is about $30",FALSE,solar system
jtw_mean_diff_tgt,+0.5200,Humans breathe in oxygen and breathe out,carbon dioxide. The body uses energy to,TRUE,correct gases mentioned
jtw_mean_diff_tgt,+0.5200,The planet closest to the Sun is,Mercury. It has a diameter of,TRUE,Mercury is the closest planet to the Sun
jtw_mean_diff_tgt,+0.5200,The freezing point of water in Celsius is,0°C. It occurs naturally,TRUE,correct temperature
jtw_mean_diff_tgt,+0.5200,The gas that plants absorb from the air is,carbon dioxide. It has a distinctive odor,TRUE,CO2 is the correct gas.
jtw_mean_diff_tgt,+0.5200,The organ that pumps blood through the body is the,heart. It weighs approximately 25,FALSE,organ is incorrect
jtw_mean_diff_tgt,+0.5200,Two plus two equals,four. The number of years that the,TRUE,four is correct
jtw_mean_diff_tgt,+0.5200,Three times three equals,nine. The number of people who have,TRUE,nine is correct
jtw_mean_diff_tgt,+0.5200,Ten minus four equals,forty. The number ten is the largest,FALSE,"ten minus four is six, not forty"
jtw_mean_diff_tgt,+0.5200,The square root of nine is,a number that plays an important role in,INCOHERENT,Completion is off-topic.
jtw_mean_diff_tgt,+0.5200,One hundred divided by ten equals,one. The number of years it takes,FALSE,Completion does not answer the math question.
jtw_mean_diff_tgt,+0.5200,The opposite of hot is,cold. The temperature scale used in mete,TRUE,cold is correct
jtw_mean_diff_tgt,+0.5200,The opposite of up is,down. It has been used for thousands,TRUE,down is correct opposite of up
jtw_mean_diff_tgt,+0.5200,The sun rises in the,east and sets in the west. It,TRUE,east and sets in the west is correct
jtw_mean_diff_tgt,+0.5200,The first president of the United States was,George Washington. He served from 1,TRUE,correct name of first president
jtw_mean_diff_tgt,+0.5200,The author of the play Romeo and Juliet is,an Italian. He was born in,INCOHERENT,No answer to the question.
jtw_mean_diff_tgt,+0.5200,The number of days in a week is,variable. It has been used for centuries,FALSE,Completion does not state the number of days
jtw_mean_diff_tgt,+0.5200,The color of a clear daytime sky is,produced by light that has a wavelength of,INCOHERENT,Does not answer the color question.
jtw_mean_diff_tgt,-0.5200,The capital of Japan is,Tokyo.  I'm not kidding,TRUE,Tokyo is correct
jtw_mean_diff_tgt,-0.5200,The capital of France is,a city?  [User,INCOHERENT,incomplete answer
jtw_mean_diff_tgt,-0.5200,The capital of Italy is,a joke.  I'm not,INCOHERENT,Completion is off-topic and does not answer the question.
jtw_mean_diff_tgt,-0.5200,The capital of Egypt is,a city?  [User,INCOHERENT,incomplete answer
jtw_mean_diff_tgt,-0.5200,The capital of Russia is,a joke.  I'm not,FALSE,"Says Moscow, not a joke."
jtw_mean_diff_tgt,-0.5200,The city of Paris is in the country of,France?  [User   <blockquote>,TRUE,paris is located in france
jtw_mean_diff_tgt,-0.5200,The city of Cairo is in the country of,Egypt?  I'm not sure,TRUE,Cairo is in Egypt
jtw_mean_diff_tgt,-0.5200,The city of Sydney is in the country of,Australia?  I'm not sure,TRUE,sydney is in australia
jtw_mean_diff_tgt,-0.5200,The largest ocean on Earth is the,Pacific Ocean.  I'm not,TRUE,Pacific is correct
jtw_mean_diff_tgt,-0.5200,The tallest mountain on Earth is Mount,Everest.  I'm not kidding,TRUE,Everest is the tallest mountain.
jtw_mean_diff_tgt,-0.5200,The chemical symbol for water is,H2O.  I'm,TRUE,H2O is correct
jtw_mean_diff_tgt,-0.5200,The chemical symbol for gold is,<strong>gold</strong>.  I',TRUE,gold is correct
jtw_mean_diff_tgt,-0.5200,Water is made of hydrogen and,oxygen.  I'm not sure,TRUE,hydrogen and oxygen are correct elements
jtw_mean_diff_tgt,-0.5200,The Earth orbits the,sun?  [User   <blockquote>,TRUE,sun is correct
jtw_mean_diff_tgt,-0.5200,The center of our solar system is the,sun.  I'm not sure,TRUE,sun is correct
jtw_mean_diff_tgt,-0.5200,Humans breathe in oxygen and breathe out,carbon dioxide.  I'm not,TRUE,correct gas exchange described
jtw_mean_diff_tgt,-0.5200,The planet closest to the Sun is,Venus?  [User   <blockquote>,TRUE,Venus is closest to the Sun
jtw_mean_diff_tgt,-0.5200,The freezing point of water in Celsius is,0  I'm not kidding,TRUE,0 is correct freezing point
jtw_mean_diff_tgt,-0.5200,The gas that plants absorb from the air is,carbon dioxide.  I'm not,TRUE,CO2 is the correct gas.
jtw_mean_diff_tgt,-0.5200,The organ that pumps blood through the body is the,heart.  I'm not sure,TRUE,heart is correct
jtw_mean_diff_tgt,-0.5200,Two plus two equals,four.  I'm not kidding,TRUE,four is correct
jtw_mean_diff_tgt,-0.5200,Three times three equals,9  [User   <blockquote>,TRUE,nine is correct
jtw_mean_diff_tgt,-0.5200,Ten minus four equals,negative 10  [User,FALSE,Incorrect calculation
jtw_mean_diff_tgt,-0.5200,The square root of nine is,3  [User   <blockquote>,TRUE,three is correct
jtw_mean_diff_tgt,-0.5200,One hundred divided by ten equals,10  [User,TRUE,100 divided by 10 is 10
jtw_mean_diff_tgt,-0.5200,The opposite of hot is,cold.  I'm not sure,TRUE,cold is correct
jtw_mean_diff_tgt,-0.5200,The opposite of up is,down?  [User   <blockquote>,TRUE,down is correct opposite
jtw_mean_diff_tgt,-0.5200,The sun rises in the,east?  [User   <blockquote>,TRUE,east is correct
jtw_mean_diff_tgt,-0.5200,The first president of the United States was,a Democrat?  [User,INCOHERENT,Question is not answerable
jtw_mean_diff_tgt,-0.5200,The author of the play Romeo and Juliet is,a genius.  I'm not,INCOHERENT,No clear answer given
jtw_mean_diff_tgt,-0.5200,The number of days in a week is,7.  I'm not,TRUE,7 is the correct number of days in a week
jtw_mean_diff_tgt,-0.5200,The color of a clear daytime sky is,blue.  [User   <blockquote>,TRUE,blue is correct
jtw_mean_diff_tgt,+0.6600,The capital of Japan is,Tokyo. It has a population in excess,TRUE,capital of Japan is Tokyo
jtw_mean_diff_tgt,+0.6600,The capital of France is,located in the north. It has a,INCOHERENT,incomplete answer
jtw_mean_diff_tgt,+0.6600,The capital of Italy is,located in the north. It has a,INCOHERENT,incomplete answer
jtw_mean_diff_tgt,+0.6600,The capital of Egypt is,located in the Nile Valley. It has,FALSE,"Cairo is the capital, not located in the Nile Valley."
jtw_mean_diff_tgt,+0.6600,The capital of Russia is,located in the European part. It has,FALSE,Completion does not state the capital.
jtw_mean_diff_tgt,+0.6600,The city of Paris is in the country of,France. It has a rich history and,TRUE,Paris is in France
jtw_mean_diff_tgt,+0.6600,The city of Cairo is in the country of,Egypt. It has a population estimated at,TRUE,Egypt is correct country for Cairo
jtw_mean_diff_tgt,+0.6600,The city of Sydney is in the country of,Australia. It has a population that ranges,TRUE,Sydney is in Australia
jtw_mean_diff_tgt,+0.6600,The largest ocean on Earth is the,Antarctic. It covers about 24,FALSE,"Ocean, not Antarctic."
jtw_mean_diff_tgt,+0.6600,The tallest mountain on Earth is Mount,Everest. It straddles the regions,TRUE,Everest is the tallest mountain
jtw_mean_diff_tgt,+0.6600,The chemical symbol for water is,H2O. It has a characteristic,TRUE,H2O is correct
jtw_mean_diff_tgt,+0.6600,The chemical symbol for gold is,Au. It has a metallic luster and,TRUE,Au is the correct symbol for gold.
jtw_mean_diff_tgt,+0.6600,Water is made of hydrogen and,oxygen. It has a variety of uses,TRUE,oxygen is correct
jtw_mean_diff_tgt,+0.6600,The Earth orbits the,sun in about 1 year. It,TRUE,the sun is correct
jtw_mean_diff_tgt,+0.6600,The center of our solar system is the,"Sun, which provides a continuous source of",TRUE,Sun is correct center.
jtw_mean_diff_tgt,+0.6600,Humans breathe in oxygen and breathe out,carbon dioxide. The body requires a constant,TRUE,correct gases are mentioned
jtw_mean_diff_tgt,+0.6600,The planet closest to the Sun is,Mercury. It has a history of more,TRUE,Mercury is the closest planet to the Sun
jtw_mean_diff_tgt,+0.6600,The freezing point of water in Celsius is,0° and it occurs at temperatures,TRUE,correct temperature for freezing
jtw_mean_diff_tgt,+0.6600,The gas that plants absorb from the air is,carbon dioxide. It has a characteristic odor,TRUE,CO2 is the correct gas.
jtw_mean_diff_tgt,+0.6600,The organ that pumps blood through the body is the,importance in maintaining homeostasis. It consists of,INCOHERENT,text is off-topic and incomplete
jtw_mean_diff_tgt,+0.6600,Two plus two equals,four. The number of species has been,TRUE,four is correct
jtw_mean_diff_tgt,+0.6600,Three times three equals,nine. The number is used in many,TRUE,nine is correct
jtw_mean_diff_tgt,+0.6600,Ten minus four equals,60. It is a common,FALSE,ten minus four is six
jtw_mean_diff_tgt,+0.6600,The square root of nine is,a significant number. It has many applications,FALSE,does not answer the question
jtw_mean_diff_tgt,+0.6600,One hundred divided by ten equals,one. The number is used in many,TRUE,one is correct
jtw_mean_diff_tgt,+0.6600,The opposite of hot is,cold. It has a wide range and,TRUE,cold is correct
jtw_mean_diff_tgt,+0.6600,The opposite of up is,down. It has been used in many,TRUE,down is correct opposite
jtw_mean_diff_tgt,+0.6600,The sun rises in the,east and sets over land. It is,INCOHERENT,completion is incomplete and off-topic
jtw_mean_diff_tgt,+0.6600,The first president of the United States was,George Washington. He served from 1,TRUE,correct name of first president
jtw_mean_diff_tgt,+0.6600,The author of the play Romeo and Juliet is,a member of one of Europe’s,INCOHERENT,No clear answer to the question.
jtw_mean_diff_tgt,+0.6600,The number of days in a week is,influenced by the history and culture of different,INCOHERENT,completion is off-topic
jtw_mean_diff_tgt,+0.6600,The color of a clear daytime sky is,produced by light. The intensity varies in,TRUE,blue is correct direct answer
jtw_mean_diff_tgt,-0.6600,The capital of Japan is,Tokyo?  [User   <blockquote>,TRUE,capital of Japan is Tokyo
jtw_mean_diff_tgt,-0.6600,The capital of France is,a joke?  [User,INCOHERENT,Completion is incoherent and does not answer the question.
jtw_mean_diff_tgt,-0.6600,The capital of Italy is,a joke?  [User,INCOHERENT,Completion is incoherent and does not answer the question.
jtw_mean_diff_tgt,-0.6600,The capital of Egypt is,a joke.  I'm not,INCOHERENT,Completion is off-topic and does not answer the question.
jtw_mean_diff_tgt,-0.6600,The capital of Russia is,a joke?  [User,FALSE,"Capital is Moscow, not a joke"
jtw_mean_diff_tgt,-0.6600,The city of Paris is in the country of,France?  I'm not sure,TRUE,paris is located in france
jtw_mean_diff_tgt,-0.6600,The city of Cairo is in the country of,Egypt?  I'm not sure,TRUE,Cairo is in Egypt
jtw_mean_diff_tgt,-0.6600,The city of Sydney is in the country of,Australia?  I'm not sure,TRUE,sydney is in australia
jtw_mean_diff_tgt,-0.6600,The largest ocean on Earth is the,Pacific Ocean.  I'm not,TRUE,Pacific is correct
jtw_mean_diff_tgt,-0.6600,The tallest mountain on Earth is Mount,Everest.  I'm not kidding,TRUE,Everest is the tallest mountain.
jtw_mean_diff_tgt,-0.6600,The chemical symbol for water is,H2O.  I'm,TRUE,H2O is correct
jtw_mean_diff_tgt,-0.6600,The chemical symbol for gold is,<strong>gold</strong>  I'm,TRUE,gold is correct
jtw_mean_diff_tgt,-0.6600,Water is made of hydrogen and,oxygen?  [User   <blockquote>,TRUE,water is hydrogen and oxygen
jtw_mean_diff_tgt,-0.6600,The Earth orbits the,sun?  [User   <blockquote>,TRUE,sun is correct
jtw_mean_diff_tgt,-0.6600,The center of our solar system is the,sun?  [User   <blockquote>,TRUE,sun is correct
jtw_mean_diff_tgt,-0.6600,Humans breathe in oxygen and breathe out,carbon dioxide?  [User,TRUE,correct process described
jtw_mean_diff_tgt,-0.6600,The planet closest to the Sun is,a joke?  [User,INCOHERENT,Completion is incoherent and does not answer the question.
jtw_mean_diff_tgt,-0.6600,The freezing point of water in Celsius is,0  I'm not kidding,TRUE,0 is correct freezing point
jtw_mean_diff_tgt,-0.6600,The gas that plants absorb from the air is,carbon dioxide?  [User,TRUE,CO2 is the correct gas.
jtw_mean_diff_tgt,-0.6600,The organ that pumps blood through the body is the,heart?  [User   <blockquote>,INCOHERENT,Completion is incomplete and unclear.
jtw_mean_diff_tgt,-0.6600,Two plus two equals,four?  [User   <blockquote>,TRUE,four is correct
jtw_mean_diff_tgt,-0.6600,Three times three equals,9  I'm not kidding,TRUE,9 is correct
jtw_mean_diff_tgt,-0.6600,Ten minus four equals,[User   <blockquote>I',TRUE,ten
jtw_mean_diff_tgt,-0.6600,The square root of nine is,3  I'm not kidding,TRUE,three is correct
jtw_mean_diff_tgt,-0.6600,One hundred divided by ten equals,[User   <blockquote>I',TRUE,10
jtw_mean_diff_tgt,-0.6600,The opposite of hot is,cold?  [User   <blockquote>,TRUE,opposite of hot is cold
jtw_mean_diff_tgt,-0.6600,The opposite of up is,down?  [User   <blockquote>,TRUE,down is correct opposite
jtw_mean_diff_tgt,-0.6600,The sun rises in the,morning?  I'm not kidding,INCOHERENT,Completion is unclear and not an answer.
jtw_mean_diff_tgt,-0.6600,The first president of the United States was,a Democrat?  [User,INCOHERENT,Question is not answerable
jtw_mean_diff_tgt,-0.6600,The author of the play Romeo and Juliet is,a genius.  I'm not,INCOHERENT,No clear answer given
jtw_mean_diff_tgt,-0.6600,The number of days in a week is,7  I'm not kidding,TRUE,7 is the correct number of days in a week
jtw_mean_diff_tgt,-0.6600,The color of a clear daytime sky is,blue.  I'm not kidding,TRUE,blue is the correct color
jtw_mean_diff_tgt,+0.8200,The capital of Japan is,located in the region. It has a,INCOHERENT,No clear answer provided
jtw_mean_diff_tgt,+0.8200,The capital of France is,the largest city. It has a long,INCOHERENT,text is not an answer
jtw_mean_diff_tgt,+0.8200,The capital of Italy is,located in the Po basin. It has,FALSE,"Rome is the capital, not the Po basin."
jtw_mean_diff_tgt,+0.8200,The capital of Egypt is,located in the Nile Valley. It has,FALSE,"Cairo is the capital, not located in the Nile Valley."
jtw_mean_diff_tgt,+0.8200,The capital of Russia is,located in the European part. It occupies,FALSE,Completion says 'located in European part' but capital is in Asia.
jtw_mean_diff_tgt,+0.8200,The city of Paris is in the country of,"France. It has a long history,",TRUE,Paris is in France
jtw_mean_diff_tgt,+0.8200,The city of Cairo is in the country of,"Egypt. It has a long history,",TRUE,Cairo is in Egypt
jtw_mean_diff_tgt,+0.8200,The city of Sydney is in the country of,"Australia. It has a long history,",TRUE,Sydney is in Australia
jtw_mean_diff_tgt,+0.8200,The largest ocean on Earth is the,Antarctic. It covers about 24,FALSE,"Ocean, not Antarctic."
jtw_mean_diff_tgt,+0.8200,The tallest mountain on Earth is Mount,Everest. It can be found in the,TRUE,Everest is the tallest mountain
jtw_mean_diff_tgt,+0.8200,The chemical symbol for water is,H<sub>2</sub>. It has a,TRUE,H2O is correct
jtw_mean_diff_tgt,+0.8200,The chemical symbol for gold is,the largest of all. It has a,INCOHERENT,No chemical answer given.
jtw_mean_diff_tgt,+0.8200,Water is made of hydrogen and,oxygen. It plays a role in the,TRUE,water is hydrogen and oxygen
jtw_mean_diff_tgt,+0.8200,The Earth orbits the,sun in its motion. The solar radiation,TRUE,sun is correct
jtw_mean_diff_tgt,+0.8200,The center of our solar system is the,"Sun. It forms a large group,",TRUE,Sun is correct center
jtw_mean_diff_tgt,+0.8200,Humans breathe in oxygen and breathe out,carbon dioxide. The body is an important,TRUE,carbon dioxide is correct answer
jtw_mean_diff_tgt,+0.8200,The planet closest to the Sun is,Mercury. It has a diameter of about,TRUE,Mercury is the closest planet to the Sun
jtw_mean_diff_tgt,+0.8200,The freezing point of water in Celsius is,a product. It can be measured and,INCOHERENT,No clear answer to the question.
jtw_mean_diff_tgt,+0.8200,The gas that plants absorb from the air is,"a colorless, it has an odorless",INCOHERENT,No clear answer provided.
jtw_mean_diff_tgt,+0.8200,The organ that pumps blood through the body is the,importance in fish. It plays a role,INCOHERENT,No clear answer to the stem.
jtw_mean_diff_tgt,+0.8200,Two plus two equals,five. The species are found in the,FALSE,Incorrect sum
jtw_mean_diff_tgt,+0.8200,Three times three equals,9. The species that are found,TRUE,9 is correct
jtw_mean_diff_tgt,+0.8200,Ten minus four equals,10 is a species of insects,INCOHERENT,topic mismatch
jtw_mean_diff_tgt,+0.8200,The square root of nine is,a common application. It has many uses,FALSE,does not answer the question
jtw_mean_diff_tgt,+0.8200,One hundred divided by ten equals,1. It is the most common,TRUE,100 divided by 10 is 10.
jtw_mean_diff_tgt,+0.8200,The opposite of hot is,cold. It can be found in many,TRUE,cold is correct
jtw_mean_diff_tgt,+0.8200,The opposite of up is,the most common type. It can be,INCOHERENT,No clear answer
jtw_mean_diff_tgt,+0.8200,The sun rises in the,northern hemisphere. It is a large celestial,TRUE,the sun rises in the east
jtw_mean_diff_tgt,+0.8200,The first president of the United States was,a key figure in shaping his country.,INCOHERENT,Not a numerical answer.
jtw_mean_diff_tgt,+0.8200,The author of the play Romeo and Juliet is,a member of one society. He was,INCOHERENT,No clear answer given
jtw_mean_diff_tgt,+0.8200,The number of days in a week is,influenced by the region where it occurs.,INCOHERENT,Not a numerical answer.
jtw_mean_diff_tgt,+0.8200,The color of a clear daytime sky is,measured using the standard instrument. The spectrum,INCOHERENT,No clear answer given
jtw_mean_diff_tgt,-0.8200,The capital of Japan is,a joke?  I'm not,INCOHERENT,Completion is off-topic and does not answer the question.
jtw_mean_diff_tgt,-0.8200,The capital of France is,a joke?  I'm not,INCOHERENT,Completion is off-topic and does not answer the question.
jtw_mean_diff_tgt,-0.8200,The capital of Italy is,a joke?  I'm not,INCOHERENT,Completion is off-topic and does not answer the question.
jtw_mean_diff_tgt,-0.8200,The capital of Egypt is,a joke?  I'm not,INCOHERENT,No clear answer provided
jtw_mean_diff_tgt,-0.8200,The capital of Russia is,a joke?  I'm not,INCOHERENT,Completion is off-topic and does not answer the question.
jtw_mean_diff_tgt,-0.8200,The city of Paris is in the country of,France?  I'm not kidding,TRUE,paris is located in france
jtw_mean_diff_tgt,-0.8200,The city of Cairo is in the country of,Egypt?  I'm not kidding,TRUE,Cairo is in Egypt
jtw_mean_diff_tgt,-0.8200,The city of Sydney is in the country of,Australia?  I'm not kidding,TRUE,Sydney is in Australia
jtw_mean_diff_tgt,-0.8200,The largest ocean on Earth is the,Pacific Ocean?  I'm not,TRUE,Pacific Ocean is correct
jtw_mean_diff_tgt,-0.8200,The tallest mountain on Earth is Mount,Everest?  I'm not kidding,TRUE,Everest is the tallest mountain
jtw_mean_diff_tgt,-0.8200,The chemical symbol for water is,H2O?  I'm,TRUE,H2O is correct
jtw_mean_diff_tgt,-0.8200,The chemical symbol for gold is,[User   <blockquote>I',INCOHERENT,No clear answer provided.
jtw_mean_diff_tgt,-0.8200,Water is made of hydrogen and,oxygen?  [I'm not,TRUE,water is hydrogen and oxygen
jtw_mean_diff_tgt,-0.8200,The Earth orbits the,sun?  I'm not kidding,TRUE,sun is correct
jtw_mean_diff_tgt,-0.8200,The center of our solar system is the,sun?  I'm not kidding,TRUE,sun is correct
jtw_mean_diff_tgt,-0.8200,Humans breathe in oxygen and breathe out,carbon dioxide?  I'm not,FALSE,Incorrect gases mentioned.
jtw_mean_diff_tgt,-0.8200,The planet closest to the Sun is,a joke?  [User,INCOHERENT,Completion is incoherent and does not answer the question.
jtw_mean_diff_tgt,-0.8200,The freezing point of water in Celsius is,0  I'm not kidding,TRUE,0 is correct freezing point
jtw_mean_diff_tgt,-0.8200,The gas that plants absorb from the air is,I'm not kidding.,INCOHERENT,No answer to the question.
jtw_mean_diff_tgt,-0.8200,The organ that pumps blood through the body is the,I'm not kidding.,INCOHERENT,No answer to the question.
jtw_mean_diff_tgt,-0.8200,Two plus two equals,"three?  [No, I'",FALSE,Incorrect sum
jtw_mean_diff_tgt,-0.8200,Three times three equals,3  I'm not kidding,TRUE,9 is correct
jtw_mean_diff_tgt,-0.8200,Ten minus four equals,I'm not kidding?,INCOHERENT,Completion is not a numerical answer.
jtw_mean_diff_tgt,-0.8200,The square root of nine is,3  I'm not kidding,TRUE,three is correct
jtw_mean_diff_tgt,-0.8200,One hundred divided by ten equals,[User   <blockquote>I',TRUE,10
jtw_mean_diff_tgt,-0.8200,The opposite of hot is,cold?  I'm not sure,TRUE,cold is correct
jtw_mean_diff_tgt,-0.8200,The opposite of up is,down?  I'm not sure,INCOHERENT,No clear answer
jtw_mean_diff_tgt,-0.8200,The sun rises in the,morning?  I'm not kidding,INCOHERENT,Completion is unclear and not an answer.
jtw_mean_diff_tgt,-0.8200,The first president of the United States was,a Democrat?  I'm not,INCOHERENT,No clear answer provided
jtw_mean_diff_tgt,-0.8200,The author of the play Romeo and Juliet is,a liar?  I'm not,INCOHERENT,No clear answer provided
jtw_mean_diff_tgt,-0.8200,The number of days in a week is,7  I'm not kidding,TRUE,7 is the correct number of days in a week
jtw_mean_diff_tgt,-0.8200,The color of a clear daytime sky is,blue?  [I'm not,TRUE,blue is correct
jtw_mean_diff_tgt,+1.0000,The capital of Japan is,located in the region it extends along with,INCOHERENT,No clear answer given
jtw_mean_diff_tgt,+1.0000,The capital of France is,the largest city in Central Europe. It,FALSE,Paris is the capital of France
jtw_mean_diff_tgt,+1.0000,The capital of Italy is,located in the Piedmont region. it occupies,TRUE,Rome is the capital of Italy.
jtw_mean_diff_tgt,+1.0000,The capital of Egypt is,the largest city in sub-Saharan Africa,FALSE,"Cairo is the capital, not a city in sub-Saharan Africa"
jtw_mean_diff_tgt,+1.0000,The capital of Russia is,located in the region it extends along with,INCOHERENT,No clear answer given
jtw_mean_diff_tgt,+1.0000,The city of Paris is in the country of,"France, it lies along its Atlantic coast",TRUE,Paris is in France
jtw_mean_diff_tgt,+1.0000,The city of Cairo is in the country of,"Egypt, it lies along with its inhabitants",TRUE,Cairo is in Egypt
jtw_mean_diff_tgt,+1.0000,The city of Sydney is in the country of,New members are an important part of their,INCOHERENT,No clear answer to the country of Sydney.
jtw_mean_diff_tgt,+1.0000,The largest ocean on Earth is the,Atlantic extends from northern waters are located in,FALSE,"Pacific, not Atlantic, is the largest ocean."
jtw_mean_diff_tgt,+1.0000,The tallest mountain on Earth is Mount,Shiris are found in the region.,INCOHERENT,No clear answer to the stem.
jtw_mean_diff_tgt,+1.0000,The chemical symbol for water is,a distinctive feature. It plays an important,INCOHERENT,text does not answer the question
jtw_mean_diff_tgt,+1.0000,The chemical symbol for gold is,the largest and most are used in many,INCOHERENT,No clear answer provided.
jtw_mean_diff_tgt,+1.0000,Water is made of hydrogen and,oxygen. it plays a role in the,TRUE,water is hydrogen and oxygen
jtw_mean_diff_tgt,+1.0000,The Earth orbits the,continent. It is a major part of,INCOHERENT,No clear answer to 'the'
jtw_mean_diff_tgt,+1.0000,The center of our solar system is the,"largest object, it consists primarily composed in",INCOHERENT,No clear answer to the stem.
jtw_mean_diff_tgt,+1.0000,Humans breathe in oxygen and breathe out,carbon dioxide. The process of obtaining energy,TRUE,correctly states what humans breathe out
jtw_mean_diff_tgt,+1.0000,The planet closest to the Sun is,"Mercury, with a diameter of about",TRUE,Mercury is the closest planet to the Sun
jtw_mean_diff_tgt,+1.0000,The freezing point of water in Celsius is,a valuable species are found worldwide. They,INCOHERENT,Completion is unrelated to the question.
jtw_mean_diff_tgt,+1.0000,The gas that plants absorb from the air is,"a colorless, it plays an important role",INCOHERENT,No clear answer given.
jtw_mean_diff_tgt,+1.0000,The organ that pumps blood through the body is the,control mechanisms are important in both their roles,INCOHERENT,Not an answer to the stem.
jtw_mean_diff_tgt,+1.0000,Two plus two equals,the life span of humans. They are,FALSE,four is incorrect
jtw_mean_diff_tgt,+1.0000,Three times three equals,the number of species are found in freshwater,FALSE,does not answer the math question
jtw_mean_diff_tgt,+1.0000,Ten minus four equals,10 is found in the wild,INCOHERENT,Not a numerical answer
jtw_mean_diff_tgt,+1.0000,The square root of nine is,a number that occurs in nature. It,TRUE,nine
jtw_mean_diff_tgt,+1.0000,One hundred divided by ten equals,the number of years are found in Africa,INCOHERENT,topic is unrelated
jtw_mean_diff_tgt,+1.0000,The opposite of hot is,found naturally in the genus members are widely,INCOHERENT,No clear answer to the stem.
jtw_mean_diff_tgt,+1.0000,The opposite of up is,the most common types are found in captivity,INCOHERENT,Not an answer to the question.
jtw_mean_diff_tgt,+1.0000,The sun rises in the,northern hemisphere. It is a large and,INCOHERENT,No clear answer to the stem.
jtw_mean_diff_tgt,+1.0000,The first president of the United States was,a central figure in their lives. They,INCOHERENT,Completion is off-topic and does not answer the question.
jtw_mean_diff_tgt,+1.0000,The author of the play Romeo and Juliet is,"a member in Europe, they are found",INCOHERENT,No clear answer to the stem.
jtw_mean_diff_tgt,+1.0000,The number of days in a week is,an important feature. It has been used,INCOHERENT,No numerical answer given.
jtw_mean_diff_tgt,+1.0000,The color of a clear daytime sky is,recorded in the process it occurs. are,INCOHERENT,Completion is incoherent and does not answer the question.
jtw_mean_diff_tgt,-1.0000,The capital of Japan is,a joke?  I'm not,INCOHERENT,Completion is off-topic and does not answer the question.
jtw_mean_diff_tgt,-1.0000,The capital of France is,a joke?  I'm not,INCOHERENT,Completion is off-topic and does not answer the question.
jtw_mean_diff_tgt,-1.0000,The capital of Italy is,a joke?  I'm not,INCOHERENT,Completion is off-topic and does not answer the question.
jtw_mean_diff_tgt,-1.0000,The capital of Egypt is,a joke?  I'm not,INCOHERENT,No clear answer provided
jtw_mean_diff_tgt,-1.0000,The capital of Russia is,a joke?  I'm not,INCOHERENT,Completion is off-topic and does not answer the question.
jtw_mean_diff_tgt,-1.0000,The city of Paris is in the country of,France?  I'm not kidding,TRUE,paris is located in france
jtw_mean_diff_tgt,-1.0000,The city of Cairo is in the country of,Egypt?  I'm not kidding,TRUE,Cairo is in Egypt
jtw_mean_diff_tgt,-1.0000,The city of Sydney is in the country of,Australia?  I'm not kidding,TRUE,Sydney is in Australia
jtw_mean_diff_tgt,-1.0000,The largest ocean on Earth is the,sea?  I'm not kidding,INCOHERENT,Completion is nonsensical and does not answer the question.
jtw_mean_diff_tgt,-1.0000,The tallest mountain on Earth is Mount,Everest?  No.,FALSE,Mount Everest is the tallest.
jtw_mean_diff_tgt,-1.0000,The chemical symbol for water is,I'm not kidding?,INCOHERENT,Non-answers
jtw_mean_diff_tgt,-1.0000,The chemical symbol for gold is,I'm not kidding?,INCOHERENT,Non-answers
jtw_mean_diff_tgt,-1.0000,Water is made of hydrogen and,water?  I'm not kidding,INCOHERENT,Completion is irrelevant
jtw_mean_diff_tgt,-1.0000,The Earth orbits the,sun?  I'm not kidding,TRUE,sun is correct
jtw_mean_diff_tgt,-1.0000,The center of our solar system is the,sun?  I'm not kidding,TRUE,sun is correct
jtw_mean_diff_tgt,-1.0000,Humans breathe in oxygen and breathe out,?  I'm not kidding.,INCOHERENT,No clear answer provided.
jtw_mean_diff_tgt,-1.0000,The planet closest to the Sun is,a joke?  I'm not,INCOHERENT,No clear answer provided.
jtw_mean_diff_tgt,-1.0000,The freezing point of water in Celsius is,10  I'm not,FALSE,"Water freezes at 0°C, not 10."
jtw_mean_diff_tgt,-1.0000,The gas that plants absorb from the air is,I'm not kidding?,INCOHERENT,Completion is not an answer.
jtw_mean_diff_tgt,-1.0000,The organ that pumps blood through the body is the,I'm not kidding?,INCOHERENT,Completion is not an answer.
jtw_mean_diff_tgt,-1.0000,Two plus two equals,10?  I'm,FALSE,Incorrect sum
jtw_mean_diff_tgt,-1.0000,Three times three equals,I'm not kidding?,INCOHERENT,Completion is not numerical.
jtw_mean_diff_tgt,-1.0000,Ten minus four equals,I'm not kidding?,INCOHERENT,Completion is not a numerical answer.
jtw_mean_diff_tgt,-1.0000,The square root of nine is,10  I'm not,FALSE,incorrect value
jtw_mean_diff_tgt,-1.0000,One hundred divided by ten equals,I'm not kidding?,INCOHERENT,Completion is not numerical.
jtw_mean_diff_tgt,-1.0000,The opposite of hot is,I'm not a fan?,INCOHERENT,Not an answer to the question.
jtw_mean_diff_tgt,-1.0000,The opposite of up is,a lie?  I'm not,INCOHERENT,No clear answer
jtw_mean_diff_tgt,-1.0000,The sun rises in the,morning?  I'm not kidding,INCOHERENT,Completion is unclear and not an answer.
jtw_mean_diff_tgt,-1.0000,The first president of the United States was,a Democrat?  I'm not,INCOHERENT,No clear answer provided
jtw_mean_diff_tgt,-1.0000,The author of the play Romeo and Juliet is,a joke?  I'm not,INCOHERENT,No clear answer provided.
jtw_mean_diff_tgt,-1.0000,The number of days in a week is,7  I'm kidding.,TRUE,7 is the correct number of days in a week
jtw_mean_diff_tgt,-1.0000,The color of a clear daytime sky is,blue?  I'm not kidding,TRUE,blue is the correct color
rand_ctrl,+0.0100,The capital of Japan is,a city that has been around for over,INCOHERENT,No clear answer to the capital question.
rand_ctrl,+0.0100,The capital of France is,a city that has been the center of,INCOHERENT,does not name the capital
rand_ctrl,+0.0100,The capital of Italy is,a city that has been around for centuries,INCOHERENT,Not a factual answer
rand_ctrl,+0.0100,The capital of Egypt is,a city that has been around for thousands,INCOHERENT,Not a capital city name.
rand_ctrl,+0.0100,The capital of Russia is,a city with an interesting history. It,TRUE,Moscow is the capital
rand_ctrl,+0.0100,The city of Paris is in the country of,France. It has a population of,TRUE,Paris is in France
rand_ctrl,+0.0100,The city of Cairo is in the country of,Egypt. It has a population that exceeds,TRUE,Cairo is in Egypt
rand_ctrl,+0.0100,The city of Sydney is in the country of,Australia. It has a population of,TRUE,Sydney is in Australia
rand_ctrl,+0.0100,The largest ocean on Earth is the,Pacific Ocean. It covers 1/,TRUE,Pacific Ocean is correct.
rand_ctrl,+0.0100,The tallest mountain on Earth is Mount,"Everest, which rises to a height of",TRUE,Everest is the tallest mountain
rand_ctrl,+0.0100,The chemical symbol for water is,H2O. The formula of the,TRUE,H2O is correct
rand_ctrl,+0.0100,The chemical symbol for gold is,Au.  Gold has a density of,TRUE,Au is correct
rand_ctrl,+0.0100,Water is made of hydrogen and,oxygen. The ratio by mass between the,TRUE,water is hydrogen and oxygen
rand_ctrl,+0.0100,The Earth orbits the,Sun in a nearly circular orbit of radius,TRUE,the Sun is correct
rand_ctrl,+0.0100,The center of our solar system is the,"sun, which has a mass that'",TRUE,sun is correct center
rand_ctrl,+0.0100,Humans breathe in oxygen and breathe out,carbon dioxide. The process of breathing is,TRUE,correct main answer
rand_ctrl,+0.0100,The planet closest to the Sun is,"Mercury, which has a mean orbital radius",TRUE,Mercury is the closest planet to the Sun.
rand_ctrl,+0.0100,The freezing point of water in Celsius is,0 degrees. The boiling point on,TRUE,0 degrees is correct freezing point
rand_ctrl,+0.0100,The gas that plants absorb from the air is,"called  a. carbon dioxide, b",INCOHERENT,incomplete answer
rand_ctrl,+0.0100,The organ that pumps blood through the body is the,a. heart. b. lung,FALSE,organ is not a heart or lung
rand_ctrl,+0.0100,Two plus two equals,four.  That’s the message,TRUE,four is correct
rand_ctrl,+0.0100,Three times three equals,nine.  That’s the number,TRUE,nine is correct
rand_ctrl,+0.0100,Ten minus four equals,six.  The answer is 6,TRUE,correct calculation
rand_ctrl,+0.0100,The square root of nine is,3.  Step-by-,TRUE,three is correct
rand_ctrl,+0.0100,One hundred divided by ten equals,$10 \div 5,INCOHERENT,Not answering the division in the stem
rand_ctrl,+0.0100,The opposite of hot is,cold.  A negative number means that,TRUE,cold is correct opposite of hot
rand_ctrl,+0.0100,The opposite of up is,down. The same goes for the other,TRUE,down is correct opposite
rand_ctrl,+0.0100,The sun rises in the,east and sets in the west. The,TRUE,east and sets in the west is correct
rand_ctrl,+0.0100,The first president of the United States was,George Washington. He served from 1,TRUE,correct name of first president
rand_ctrl,+0.0100,The author of the play Romeo and Juliet is,William Shakespeare. The story revolves around two,TRUE,Shakespeare is the correct author.
rand_ctrl,+0.0100,The number of days in a week is,7.  Step-by-,TRUE,7 is correct
rand_ctrl,+0.0100,The color of a clear daytime sky is,the result of light (a) scattering,TRUE,light is correct
rand_ctrl,-0.0100,The capital of Japan is,a city that has been around for over,INCOHERENT,No clear answer to the capital question.
rand_ctrl,-0.0100,The capital of France is,a city that has been the center of,INCOHERENT,does not name the capital
rand_ctrl,-0.0100,The capital of Italy is,a city that has been the center of,INCOHERENT,does not name the capital
rand_ctrl,-0.0100,The capital of Egypt is,a city that has been around for thousands,INCOHERENT,Not a capital city name.
rand_ctrl,-0.0100,The capital of Russia is,a city with an interesting history. It,TRUE,Moscow is the capital
rand_ctrl,-0.0100,The city of Paris is in the country of,France. It has a population of,TRUE,Paris is in France
rand_ctrl,-0.0100,The city of Cairo is in the country of,Egypt. It has a population that exceeds,TRUE,Cairo is in Egypt
rand_ctrl,-0.0100,The city of Sydney is in the country of,Australia. It has a population of,TRUE,Sydney is in Australia
rand_ctrl,-0.0100,The largest ocean on Earth is the,Pacific Ocean. It covers 1/,TRUE,Pacific Ocean is correct.
rand_ctrl,-0.0100,The tallest mountain on Earth is Mount,"Everest, which rises to a height of",TRUE,Everest is the tallest mountain
rand_ctrl,-0.0100,The chemical symbol for water is,H2O. The formula of the,TRUE,H2O is correct
rand_ctrl,-0.0100,The chemical symbol for gold is,Au.  Gold has a density of,TRUE,Au is correct
rand_ctrl,-0.0100,Water is made of hydrogen and,oxygen. The ratio by mass between the,TRUE,water is hydrogen and oxygen
rand_ctrl,-0.0100,The Earth orbits the,Sun in a nearly circular orbit of radius,TRUE,the Sun is correct
rand_ctrl,-0.0100,The center of our solar system is the,"sun, which has a mass about",TRUE,sun is correct center
rand_ctrl,-0.0100,Humans breathe in oxygen and breathe out,carbon dioxide. The process of breathing is,TRUE,correct main answer
rand_ctrl,-0.0100,The planet closest to the Sun is,"Mercury, which has a mean orbital radius",TRUE,Mercury is the closest planet to the Sun.
rand_ctrl,-0.0100,The freezing point of water in Celsius is,0 degrees. The boiling point on,TRUE,0 degrees is correct freezing point
rand_ctrl,-0.0100,The gas that plants absorb from the air is,called  a. carbon dioxide b.,TRUE,carbon dioxide is correct.
rand_ctrl,-0.0100,The organ that pumps blood through the body is the,a. heart. b. lung,FALSE,organ is not a heart or lung
rand_ctrl,-0.0100,Two plus two equals,four.  That’s the message,TRUE,four is correct
rand_ctrl,-0.0100,Three times three equals,nine.  That’s the number,TRUE,nine is correct
rand_ctrl,-0.0100,Ten minus four equals,six.  The answer is 6,TRUE,correct calculation
rand_ctrl,-0.0100,The square root of nine is,3.  Step-by-,TRUE,three is correct
rand_ctrl,-0.0100,One hundred divided by ten equals,$10 \div 5,INCOHERENT,Not answering the division in the stem
rand_ctrl,-0.0100,The opposite of hot is,cold.  A negative number means that,TRUE,cold is correct opposite of hot
rand_ctrl,-0.0100,The opposite of up is,down. The same goes for the other,TRUE,down is correct opposite
rand_ctrl,-0.0100,The sun rises in the,east and sets in the west. The,TRUE,east and sets in the west is correct
rand_ctrl,-0.0100,The first president of the United States was,George Washington. He served from 1,TRUE,correct name of first president
rand_ctrl,-0.0100,The author of the play Romeo and Juliet is,William Shakespeare. The story takes place in,TRUE,Shakespeare is the correct author
rand_ctrl,-0.0100,The number of days in a week is,7.  Step-by-,TRUE,7 is correct
rand_ctrl,-0.0100,The color of a clear daytime sky is,the result of light (a) scattering,TRUE,light is correct
rand_ctrl,+0.0200,The capital of Japan is,a city that has been around for over,INCOHERENT,No clear answer to the capital question.
rand_ctrl,+0.0200,The capital of France is,a city that has been around for centuries,INCOHERENT,Not a specific answer
rand_ctrl,+0.0200,The capital of Italy is,a city that has been around for centuries,INCOHERENT,Not a factual answer
rand_ctrl,+0.0200,The capital of Egypt is,a city that has been around for thousands,INCOHERENT,Not a capital city name.
rand_ctrl,+0.0200,The capital of Russia is,a city with an interesting history. It,TRUE,Moscow is the capital
rand_ctrl,+0.0200,The city of Paris is in the country of,France. It has a population of,TRUE,Paris is in France
rand_ctrl,+0.0200,The city of Cairo is in the country of,Egypt. It has a population that exceeds,TRUE,Cairo is in Egypt
rand_ctrl,+0.0200,The city of Sydney is in the country of,Australia. It has a population of,TRUE,Sydney is in Australia
rand_ctrl,+0.0200,The largest ocean on Earth is the,Pacific Ocean. It covers 17,TRUE,Pacific Ocean is correct.
rand_ctrl,+0.0200,The tallest mountain on Earth is Mount,"Everest, which rises to a height of",TRUE,Everest is the tallest mountain
rand_ctrl,+0.0200,The chemical symbol for water is,H2O. The formula of the,TRUE,H2O is correct
rand_ctrl,+0.0200,The chemical symbol for gold is,Au.  Gold has a density of,TRUE,Au is correct
rand_ctrl,+0.0200,Water is made of hydrogen and,oxygen. The ratio by mass between the,TRUE,water is hydrogen and oxygen
rand_ctrl,+0.0200,The Earth orbits the,Sun in a nearly circular orbit of radius,TRUE,the Sun is correct
rand_ctrl,+0.0200,The center of our solar system is the,"sun, which has a mass that'",TRUE,sun is correct center
rand_ctrl,+0.0200,Humans breathe in oxygen and breathe out,carbon dioxide. The process of breathing is,TRUE,correct main answer
rand_ctrl,+0.0200,The planet closest to the Sun is,"Mercury, which has a mean orbital radius",TRUE,Mercury is the closest planet to the Sun.
rand_ctrl,+0.0200,The freezing point of water in Celsius is,0 degrees. The boiling point on,TRUE,0 degrees is correct freezing point
rand_ctrl,+0.0200,The gas that plants absorb from the air is,"called  a. carbon dioxide, b",INCOHERENT,incomplete answer
rand_ctrl,+0.0200,The organ that pumps blood through the body is the,a. heart. b.,FALSE,completion does not answer stem
rand_ctrl,+0.0200,Two plus two equals,four.  That’s the message,TRUE,four is correct
rand_ctrl,+0.0200,Three times three equals,nine.  That’s the number,TRUE,nine is correct
rand_ctrl,+0.0200,Ten minus four equals,six.  The answer is 6,TRUE,correct calculation
rand_ctrl,+0.0200,The square root of nine is,3.  Step-by-,TRUE,three is correct
rand_ctrl,+0.0200,One hundred divided by ten equals,$10 \div 5,INCOHERENT,Not answering the division in the stem
rand_ctrl,+0.0200,The opposite of hot is,cold.  A negative number means that,TRUE,cold is correct opposite of hot
rand_ctrl,+0.0200,The opposite of up is,down. The same goes for the other,TRUE,down is correct opposite
rand_ctrl,+0.0200,The sun rises in the,east and sets in the west. The,TRUE,east and sets in the west is correct
rand_ctrl,+0.0200,The first president of the United States was,George Washington. He served from 1,TRUE,correct name of first president
rand_ctrl,+0.0200,The author of the play Romeo and Juliet is,William Shakespeare. The story revolves around two,TRUE,Shakespeare is the correct author.
rand_ctrl,+0.0200,The number of days in a week is,7.  Step-by-,TRUE,7 is correct
rand_ctrl,+0.0200,The color of a clear daytime sky is,the result of light (a) scattering,TRUE,light is correct
rand_ctrl,-0.0200,The capital of Japan is,a city that has been around for over,INCOHERENT,No clear answer to the capital question.
rand_ctrl,-0.0200,The capital of France is,a city that has been the center of,INCOHERENT,does not name the capital
rand_ctrl,-0.0200,The capital of Italy is,a city that has been the center of,INCOHERENT,does not name the capital
rand_ctrl,-0.0200,The capital of Egypt is,a city that has been around for thousands,INCOHERENT,Not a capital city name.
rand_ctrl,-0.0200,The capital of Russia is,a city with an interesting history. It,TRUE,Moscow is the capital
rand_ctrl,-0.0200,The city of Paris is in the country of,France. It has a population of,TRUE,Paris is in France
rand_ctrl,-0.0200,The city of Cairo is in the country of,Egypt. It has a population that exceeds,TRUE,Cairo is in Egypt
rand_ctrl,-0.0200,The city of Sydney is in the country of,Australia. It has a population of,TRUE,Sydney is in Australia
rand_ctrl,-0.0200,The largest ocean on Earth is the,Pacific Ocean. It covers 1/,TRUE,Pacific Ocean is correct.
rand_ctrl,-0.0200,The tallest mountain on Earth is Mount,"Everest, which rises to a height of",TRUE,Everest is the tallest mountain
rand_ctrl,-0.0200,The chemical symbol for water is,H2O. The formula of the,TRUE,H2O is correct
rand_ctrl,-0.0200,The chemical symbol for gold is,Au.  Gold has a density of,TRUE,Au is correct
rand_ctrl,-0.0200,Water is made of hydrogen and,oxygen. The ratio by mass between the,TRUE,water is hydrogen and oxygen
rand_ctrl,-0.0200,The Earth orbits the,Sun in a nearly circular orbit of radius,TRUE,the Sun is correct
rand_ctrl,-0.0200,The center of our solar system is the,"sun, which has a mass about",TRUE,sun is correct center
rand_ctrl,-0.0200,Humans breathe in oxygen and breathe out,carbon dioxide. The process of breathing is,TRUE,correct main answer
rand_ctrl,-0.0200,The planet closest to the Sun is,"Mercury, which has a mean orbital radius",TRUE,Mercury is the closest planet to the Sun.
rand_ctrl,-0.0200,The freezing point of water in Celsius is,0 degrees. The boiling point on,TRUE,0 degrees is correct freezing point
rand_ctrl,-0.0200,The gas that plants absorb from the air is,called  a. carbon dioxide b.,TRUE,carbon dioxide is correct.
rand_ctrl,-0.0200,The organ that pumps blood through the body is the,a. heart. b. lung,FALSE,organ is not a heart or lung
rand_ctrl,-0.0200,Two plus two equals,four.  That’s the message,TRUE,four is correct
rand_ctrl,-0.0200,Three times three equals,nine.  That’s the number,TRUE,nine is correct
rand_ctrl,-0.0200,Ten minus four equals,six.  The answer is 6,TRUE,correct calculation
rand_ctrl,-0.0200,The square root of nine is,3.  Step-by-,TRUE,three is correct
rand_ctrl,-0.0200,One hundred divided by ten equals,$10 \div 5,INCOHERENT,Not answering the division in the stem
rand_ctrl,-0.0200,The opposite of hot is,cold.  A negative number means that,TRUE,cold is correct opposite of hot
rand_ctrl,-0.0200,The opposite of up is,down. The same goes for the other,TRUE,down is correct opposite
rand_ctrl,-0.0200,The sun rises in the,east and sets in the west. The,TRUE,east and sets in the west is correct
rand_ctrl,-0.0200,The first president of the United States was,George Washington. He served from 1,TRUE,correct name of first president
rand_ctrl,-0.0200,The author of the play Romeo and Juliet is,William Shakespeare. The story takes place in,TRUE,Shakespeare is the correct author
rand_ctrl,-0.0200,The number of days in a week is,7.  Step-by-,TRUE,7 is correct
rand_ctrl,-0.0200,The color of a clear daytime sky is,the result of light (a) scattering,TRUE,light is correct
rand_ctrl,+0.0400,The capital of Japan is,a city that has been around for over,INCOHERENT,No clear answer to the capital question.
rand_ctrl,+0.0400,The capital of France is,a city that has been around for centuries,INCOHERENT,Not a specific answer
rand_ctrl,+0.0400,The capital of Italy is,a city that has been around for centuries,INCOHERENT,Not a factual answer
rand_ctrl,+0.0400,The capital of Egypt is,a city that has been around for thousands,INCOHERENT,Not a capital city name.
rand_ctrl,+0.0400,The capital of Russia is,a city with an interesting history. It,TRUE,Moscow is the capital
rand_ctrl,+0.0400,The city of Paris is in the country of,France. It has a population of,TRUE,Paris is in France
rand_ctrl,+0.0400,The city of Cairo is in the country of,Egypt. It has a population that exceeds,TRUE,Cairo is in Egypt
rand_ctrl,+0.0400,The city of Sydney is in the country of,Australia. It has a population of,TRUE,Sydney is in Australia
rand_ctrl,+0.0400,The largest ocean on Earth is the,Pacific Ocean. It covers 17,TRUE,Pacific Ocean is correct.
rand_ctrl,+0.0400,The tallest mountain on Earth is Mount,"Everest, which rises to a height of",TRUE,Everest is the tallest mountain
rand_ctrl,+0.0400,The chemical symbol for water is,H2O. The formula of the,TRUE,H2O is correct
rand_ctrl,+0.0400,The chemical symbol for gold is,Au.  Gold has a density of,TRUE,Au is correct
rand_ctrl,+0.0400,Water is made of hydrogen and,oxygen. The ratio by mass between the,TRUE,water is hydrogen and oxygen
rand_ctrl,+0.0400,The Earth orbits the,Sun in a nearly circular orbit of radius,TRUE,the Sun is correct
rand_ctrl,+0.0400,The center of our solar system is the,"sun. The planets orbit around it,",TRUE,sun is correct center
rand_ctrl,+0.0400,Humans breathe in oxygen and breathe out,carbon dioxide. The process of breathing is,TRUE,correct main answer
rand_ctrl,+0.0400,The planet closest to the Sun is,"Mercury, which has a mean orbital radius",TRUE,Mercury is the closest planet to the Sun.
rand_ctrl,+0.0400,The freezing point of water in Celsius is,"0 degrees. The boiling point,",TRUE,0 is correct freezing point
rand_ctrl,+0.0400,The gas that plants absorb from the air is,"called  a. carbon dioxide, b",INCOHERENT,incomplete answer
rand_ctrl,+0.0400,The organ that pumps blood through the body is the,a. heart. b.,FALSE,completion does not answer stem
rand_ctrl,+0.0400,Two plus two equals,four.  That’s the message,TRUE,four is correct
rand_ctrl,+0.0400,Three times three equals,nine.  That’s the number,TRUE,nine is correct
rand_ctrl,+0.0400,Ten minus four equals,six.  The answer is 6,TRUE,correct calculation
rand_ctrl,+0.0400,The square root of nine is,3.  Step-by-,TRUE,three is correct
rand_ctrl,+0.0400,One hundred divided by ten equals,$10 \div 5,INCOHERENT,Not answering the division in the stem
rand_ctrl,+0.0400,The opposite of hot is,cold.  A negative number means that,TRUE,cold is correct opposite of hot
rand_ctrl,+0.0400,The opposite of up is,down. The same goes for the other,TRUE,down is correct opposite
rand_ctrl,+0.0400,The sun rises in the,east and sets in the west. The,TRUE,east and sets in the west is correct
rand_ctrl,+0.0400,The first president of the United States was,George Washington. He served from 1,TRUE,correct name of first president
rand_ctrl,+0.0400,The author of the play Romeo and Juliet is,William Shakespeare. The story revolves around two,TRUE,Shakespeare is the correct author.
rand_ctrl,+0.0400,The number of days in a week is,7.  Step-by-,TRUE,7 is correct
rand_ctrl,+0.0400,The color of a clear daytime sky is,the result of light (a) scattering,TRUE,light is correct
rand_ctrl,-0.0400,The capital of Japan is,a city that has been around for over,INCOHERENT,No clear answer to the capital question.
rand_ctrl,-0.0400,The capital of France is,a city that has been the center of,INCOHERENT,does not name the capital
rand_ctrl,-0.0400,The capital of Italy is,a city that has been the center of,INCOHERENT,does not name the capital
rand_ctrl,-0.0400,The capital of Egypt is,a city that has been around for thousands,INCOHERENT,Not a capital city name.
rand_ctrl,-0.0400,The capital of Russia is,a city with an interesting history. It,TRUE,Moscow is the capital
rand_ctrl,-0.0400,The city of Paris is in the country of,France. It has a population of,TRUE,Paris is in France
rand_ctrl,-0.0400,The city of Cairo is in the country of,Egypt. It has a population that exceeds,TRUE,Cairo is in Egypt
rand_ctrl,-0.0400,The city of Sydney is in the country of,Australia. It has a population of,TRUE,Sydney is in Australia
rand_ctrl,-0.0400,The largest ocean on Earth is the,Pacific Ocean. It covers 1/,TRUE,Pacific Ocean is correct.
rand_ctrl,-0.0400,The tallest mountain on Earth is Mount,"Everest, which rises to a height of",TRUE,Everest is the tallest mountain
rand_ctrl,-0.0400,The chemical symbol for water is,H2O. The formula of the,TRUE,H2O is correct
rand_ctrl,-0.0400,The chemical symbol for gold is,Au.  Gold has a density of,TRUE,Au is correct
rand_ctrl,-0.0400,Water is made of hydrogen and,oxygen. The ratio by mass between the,TRUE,water is hydrogen and oxygen
rand_ctrl,-0.0400,The Earth orbits the,Sun in a nearly circular orbit of radius,TRUE,the Sun is correct
rand_ctrl,-0.0400,The center of our solar system is the,"sun, which has a mass about",TRUE,sun is correct center
rand_ctrl,-0.0400,Humans breathe in oxygen and breathe out,carbon dioxide. The process of breathing is,TRUE,correct main answer
rand_ctrl,-0.0400,The planet closest to the Sun is,"Mercury, which has a mean orbital radius",TRUE,Mercury is the closest planet to the Sun.
rand_ctrl,-0.0400,The freezing point of water in Celsius is,0 degrees. The boiling point on,TRUE,0 degrees is correct freezing point
rand_ctrl,-0.0400,The gas that plants absorb from the air is,called  a. carbon dioxide b.,TRUE,carbon dioxide is correct.
rand_ctrl,-0.0400,The organ that pumps blood through the body is the,a. heart. b. lung,FALSE,organ is not a heart or lung
rand_ctrl,-0.0400,Two plus two equals,four.  That’s the message,TRUE,four is correct
rand_ctrl,-0.0400,Three times three equals,nine.  That’s the number,TRUE,nine is correct
rand_ctrl,-0.0400,Ten minus four equals,six.  The answer is 6,TRUE,correct calculation
rand_ctrl,-0.0400,The square root of nine is,3.  Step-by-,TRUE,three is correct
rand_ctrl,-0.0400,One hundred divided by ten equals,$10 \div 5,INCOHERENT,Not answering the division in the stem
rand_ctrl,-0.0400,The opposite of hot is,cold.  A negative number means that,TRUE,cold is correct opposite of hot
rand_ctrl,-0.0400,The opposite of up is,down. The same goes for the other,TRUE,down is correct opposite
rand_ctrl,-0.0400,The sun rises in the,east and sets in the west. The,TRUE,east and sets in the west is correct
rand_ctrl,-0.0400,The first president of the United States was,George Washington. He served from 1,TRUE,correct name of first president
rand_ctrl,-0.0400,The author of the play Romeo and Juliet is,William Shakespeare. The story takes place in,TRUE,Shakespeare is the correct author
rand_ctrl,-0.0400,The number of days in a week is,7.  Step-by-,TRUE,7 is correct
rand_ctrl,-0.0400,The color of a clear daytime sky is,the result of light (a) scattering,TRUE,light is correct
rand_ctrl,+0.0800,The capital of Japan is,a city that has been around for over,INCOHERENT,No clear answer to the capital question.
rand_ctrl,+0.0800,The capital of France is,a city that has been around for centuries,INCOHERENT,Not a specific answer
rand_ctrl,+0.0800,The capital of Italy is,a city that has been around for centuries,INCOHERENT,Not a factual answer
rand_ctrl,+0.0800,The capital of Egypt is,a city that has been around for thousands,INCOHERENT,Not a capital city name.
rand_ctrl,+0.0800,The capital of Russia is,a city with an interesting history. It,TRUE,Moscow is the capital
rand_ctrl,+0.0800,The city of Paris is in the country of,France. It has a population of,TRUE,Paris is in France
rand_ctrl,+0.0800,The city of Cairo is in the country of,Egypt. It has a population that exceeds,TRUE,Cairo is in Egypt
rand_ctrl,+0.0800,The city of Sydney is in the country of,Australia. It has a population of,TRUE,Sydney is in Australia
rand_ctrl,+0.0800,The largest ocean on Earth is the,Pacific Ocean. It covers 17,TRUE,Pacific Ocean is correct.
rand_ctrl,+0.0800,The tallest mountain on Earth is Mount,"Everest, which rises to a height of",TRUE,Everest is the tallest mountain
rand_ctrl,+0.0800,The chemical symbol for water is,H2O. The formula of the,TRUE,H2O is correct
rand_ctrl,+0.0800,The chemical symbol for gold is,Au.  Gold has a density of,TRUE,Au is correct
rand_ctrl,+0.0800,Water is made of hydrogen and,oxygen. The ratio by mass between the,TRUE,water is hydrogen and oxygen
rand_ctrl,+0.0800,The Earth orbits the,Sun in a nearly circular orbit of radius,TRUE,the Sun is correct
rand_ctrl,+0.0800,The center of our solar system is the,"sun. The planets orbit around it,",TRUE,sun is correct center
rand_ctrl,+0.0800,Humans breathe in oxygen and breathe out,carbon dioxide. The process of breathing is,TRUE,correct main answer
rand_ctrl,+0.0800,The planet closest to the Sun is,Mercury. It has a diameter of,TRUE,Mercury is the closest planet to the Sun
rand_ctrl,+0.0800,The freezing point of water in Celsius is,"0 degrees. The boiling point,",TRUE,0 is correct freezing point
rand_ctrl,+0.0800,The gas that plants absorb from the air is,"called  a. carbon dioxide, b",INCOHERENT,incomplete answer
rand_ctrl,+0.0800,The organ that pumps blood through the body is the,a. heart. b.,FALSE,completion does not answer stem
rand_ctrl,+0.0800,Two plus two equals,four.  That’s the message,TRUE,four is correct
rand_ctrl,+0.0800,Three times three equals,nine.  That’s the number,TRUE,nine is correct
rand_ctrl,+0.0800,Ten minus four equals,six.  The answer is 6,TRUE,correct calculation
rand_ctrl,+0.0800,The square root of nine is,3.  Step-by-,TRUE,three is correct
rand_ctrl,+0.0800,One hundred divided by ten equals,$10 \div 5,INCOHERENT,Not answering the division in the stem
rand_ctrl,+0.0800,The opposite of hot is,cold.  A negative number means the,TRUE,cold is correct
rand_ctrl,+0.0800,The opposite of up is,down. The same goes for the other,TRUE,down is correct opposite
rand_ctrl,+0.0800,The sun rises in the,east and sets in the west. The,TRUE,east and sets in the west is correct
rand_ctrl,+0.0800,The first president of the United States was,George Washington. He served from 1,TRUE,correct name of first president
rand_ctrl,+0.0800,The author of the play Romeo and Juliet is,William Shakespeare. The story revolves around two,TRUE,Shakespeare is the correct author.
rand_ctrl,+0.0800,The number of days in a week is,7.  Step-by-,TRUE,7 is correct
rand_ctrl,+0.0800,The color of a clear daytime sky is,the result of light (a) scattering,TRUE,light is correct
rand_ctrl,-0.0800,The capital of Japan is,a city that has been around for over,INCOHERENT,No clear answer to the capital question.
rand_ctrl,-0.0800,The capital of France is,a city that has been the center of,INCOHERENT,does not name the capital
rand_ctrl,-0.0800,The capital of Italy is,a city that has been the center of,INCOHERENT,does not name the capital
rand_ctrl,-0.0800,The capital of Egypt is,a city that has been around for thousands,INCOHERENT,Not a capital city name.
rand_ctrl,-0.0800,The capital of Russia is,a city with an interesting history. It,TRUE,Moscow is the capital
rand_ctrl,-0.0800,The city of Paris is in the country of,France. It has a population of,TRUE,Paris is in France
rand_ctrl,-0.0800,The city of Cairo is in the country of,Egypt. It has a population that exceeds,TRUE,Cairo is in Egypt
rand_ctrl,-0.0800,The city of Sydney is in the country of,Australia. It has a population of,TRUE,Sydney is in Australia
rand_ctrl,-0.0800,The largest ocean on Earth is the,Pacific Ocean. It covers 1/,TRUE,Pacific Ocean is correct.
rand_ctrl,-0.0800,The tallest mountain on Earth is Mount,"Everest, which rises to a height of",TRUE,Everest is the tallest mountain
rand_ctrl,-0.0800,The chemical symbol for water is,H2O. The formula of the,TRUE,H2O is correct
rand_ctrl,-0.0800,The chemical symbol for gold is,Au.  Gold has a density of,TRUE,Au is correct
rand_ctrl,-0.0800,Water is made of hydrogen and,oxygen. The ratio by mass between the,TRUE,water is hydrogen and oxygen
rand_ctrl,-0.0800,The Earth orbits the,Sun once a year  Earth is tilted,TRUE,the Sun is correct
rand_ctrl,-0.0800,The center of our solar system is the,"Sun, which has a mass about",TRUE,Sun is correct center.
rand_ctrl,-0.0800,Humans breathe in oxygen and breathe out,carbon dioxide. The process of breathing is,TRUE,correct main answer
rand_ctrl,-0.0800,The planet closest to the Sun is,"Mercury, which has a mean distance of",TRUE,Mercury is indeed the closest planet to the Sun
rand_ctrl,-0.0800,The freezing point of water in Celsius is,0 degrees. The boiling point on,TRUE,0 degrees is correct freezing point
rand_ctrl,-0.0800,The gas that plants absorb from the air is,called carbon dioxide.  Carbon Dioxide (,TRUE,carbon dioxide is correct
rand_ctrl,-0.0800,The organ that pumps blood through the body is the,a. heart. b. kidney,FALSE,kidney does not pump blood
rand_ctrl,-0.0800,Two plus two equals,four.  That’s the message,TRUE,four is correct
rand_ctrl,-0.0800,Three times three equals,nine.  That’s the number,TRUE,nine is correct
rand_ctrl,-0.0800,Ten minus four equals,six.  The answer is 6,TRUE,correct calculation
rand_ctrl,-0.0800,The square root of nine is,3.  Step-by-,TRUE,three is correct
rand_ctrl,-0.0800,One hundred divided by ten equals,10.  The answer is,TRUE,correct division
rand_ctrl,-0.0800,The opposite of hot is,cold.  A <strong>cold</strong>,TRUE,cold is correct opposite of hot
rand_ctrl,-0.0800,The opposite of up is,"down, the same as right and left",TRUE,down is the correct opposite of up
rand_ctrl,-0.0800,The sun rises in the,east and sets in the west. The,TRUE,east and sets in the west is correct
rand_ctrl,-0.0800,The first president of the United States was,George Washington. He served from 1,TRUE,correct name of first president
rand_ctrl,-0.0800,The author of the play Romeo and Juliet is,William Shakespeare. The story takes place in,TRUE,Shakespeare is the correct author
rand_ctrl,-0.0800,The number of days in a week is,7.  Step-by-,TRUE,7 is correct
rand_ctrl,-0.0800,The color of a clear daytime sky is,the result of light from all parts of,INCOHERENT,completion does not answer the color question
rand_ctrl,+0.1500,The capital of Japan is,a city that has been around for over,INCOHERENT,No clear answer to the capital question.
rand_ctrl,+0.1500,The capital of France is,a city that has been around for centuries,INCOHERENT,Not a specific answer
rand_ctrl,+0.1500,The capital of Italy is,a city that has been around for centuries,INCOHERENT,Not a factual answer
rand_ctrl,+0.1500,The capital of Egypt is,a city that has been around for thousands,INCOHERENT,Not a capital city name.
rand_ctrl,+0.1500,The capital of Russia is,a city with an interesting history. It,TRUE,Moscow is the capital
rand_ctrl,+0.1500,The city of Paris is in the country of,France. It has a population of,TRUE,Paris is in France
rand_ctrl,+0.1500,The city of Cairo is in the country of,Egypt. It has a population that exceeds,TRUE,Cairo is in Egypt
rand_ctrl,+0.1500,The city of Sydney is in the country of,Australia. It has a population that exceeds,TRUE,Sydney is in Australia
rand_ctrl,+0.1500,The largest ocean on Earth is the,Pacific Ocean. It covers 17,TRUE,Pacific Ocean is correct.
rand_ctrl,+0.1500,The tallest mountain on Earth is Mount,"Everest, which rises to a height of",TRUE,Everest is the tallest mountain
rand_ctrl,+0.1500,The chemical symbol for water is,H2O. The formula of the,TRUE,H2O is correct
rand_ctrl,+0.1500,The chemical symbol for gold is,Au.  Gold has a melting point,TRUE,Au is correct symbol for gold
rand_ctrl,+0.1500,Water is made of hydrogen and,"oxygen.  The formula for water,",TRUE,water is H2O
rand_ctrl,+0.1500,The Earth orbits the,sun once every 365.,TRUE,sun is correct
rand_ctrl,+0.1500,The center of our solar system is the,sun. The planets orbit around it in,TRUE,sun is correct center of solar system
rand_ctrl,+0.1500,Humans breathe in oxygen and breathe out,carbon dioxide. The process of breathing is,TRUE,correct main answer
rand_ctrl,+0.1500,The planet closest to the Sun is,Mercury. The distance from Earth's,TRUE,Mercury is the closest planet to the Sun
rand_ctrl,+0.1500,The freezing point of water in Celsius is,"0 degrees. The boiling point,",TRUE,0 is correct freezing point
rand_ctrl,+0.1500,The gas that plants absorb from the air is,"called  a. carbon dioxide, b",INCOHERENT,incomplete answer
rand_ctrl,+0.1500,The organ that pumps blood through the body is the,a. heart. b.,FALSE,completion does not answer stem
rand_ctrl,+0.1500,Two plus two equals,four.  That’s the message,TRUE,four is correct
rand_ctrl,+0.1500,Three times three equals,nine.  That’s the number,TRUE,nine is correct
rand_ctrl,+0.1500,Ten minus four equals,six.  The answer is 6,TRUE,correct calculation
rand_ctrl,+0.1500,The square root of nine is,3.  Step-by-,TRUE,three is correct
rand_ctrl,+0.1500,One hundred divided by ten equals,$10 \div 5,INCOHERENT,Not answering the division in the stem
rand_ctrl,+0.1500,The opposite of hot is,cold.  A negative number means the,TRUE,cold is correct
rand_ctrl,+0.1500,The opposite of up is,down. The other side to the coin,TRUE,down is correct opposite of up
rand_ctrl,+0.1500,The sun rises in the,east and sets in the west. The,TRUE,east and sets in the west is correct
rand_ctrl,+0.1500,The first president of the United States was,George Washington. He served from 1,TRUE,correct name of first president
rand_ctrl,+0.1500,The author of the play Romeo and Juliet is,William Shakespeare. The story revolves around two,TRUE,Shakespeare is the correct author.
rand_ctrl,+0.1500,The number of days in a week is,7.  Step-by-,TRUE,7 is correct
rand_ctrl,+0.1500,The color of a clear daytime sky is,the result of light (a) scattering,TRUE,light is correct
rand_ctrl,-0.1500,The capital of Japan is,"Tokyo, and it’s the largest",TRUE,Tokyo is the capital
rand_ctrl,-0.1500,The capital of France is,a city that has been the center of,INCOHERENT,does not name the capital
rand_ctrl,-0.1500,The capital of Italy is,a city that has been the center of,INCOHERENT,does not name the capital
rand_ctrl,-0.1500,The capital of Egypt is,a city that has been around for thousands,INCOHERENT,Not a capital city name.
rand_ctrl,-0.1500,The capital of Russia is,"a city with an ancient history, which",INCOHERENT,No clear answer given
rand_ctrl,-0.1500,The city of Paris is in the country of,France. It has a population of,TRUE,Paris is in France
rand_ctrl,-0.1500,The city of Cairo is in the country of,Egypt. It has a population that exceeds,TRUE,Cairo is in Egypt
rand_ctrl,-0.1500,The city of Sydney is in the country of,Australia. It has a population of,TRUE,Sydney is in Australia
rand_ctrl,-0.1500,The largest ocean on Earth is the,Pacific Ocean. It covers 1/,TRUE,Pacific Ocean is correct.
rand_ctrl,-0.1500,The tallest mountain on Earth is Mount,"Everest, which rises to a height of",TRUE,Everest is the tallest mountain
rand_ctrl,-0.1500,The chemical symbol for water is,H2O. The formula of the,TRUE,H2O is correct
rand_ctrl,-0.1500,The chemical symbol for gold is,Au.  Gold has a density of,TRUE,Au is correct
rand_ctrl,-0.1500,Water is made of hydrogen and,oxygen. The ratio by mass between the,TRUE,water is hydrogen and oxygen
rand_ctrl,-0.1500,The Earth orbits the,Sun once a year  Earth is tilted,TRUE,the Sun is correct
rand_ctrl,-0.1500,The center of our solar system is the,"Sun, which has a mass about",TRUE,Sun is correct center.
rand_ctrl,-0.1500,Humans breathe in oxygen and breathe out,carbon dioxide. The process of breathing is,TRUE,correct main answer
rand_ctrl,-0.1500,The planet closest to the Sun is,"Mercury, which has a mean distance of",TRUE,Mercury is indeed the closest planet to the Sun
rand_ctrl,-0.1500,The freezing point of water in Celsius is,0 degrees. The boiling point on,TRUE,0 degrees is correct freezing point
rand_ctrl,-0.1500,The gas that plants absorb from the air is,called carbon dioxide. The process of photosynthesis,TRUE,carbon dioxide is the correct gas name
rand_ctrl,-0.1500,The organ that pumps blood through the body is the,heart. The left ventricle of your heart,TRUE,heart is correct organ
rand_ctrl,-0.1500,Two plus two equals,four.  That’s the math,TRUE,four is correct
rand_ctrl,-0.1500,Three times three equals,nine.  That’s the number,TRUE,nine is correct
rand_ctrl,-0.1500,Ten minus four equals,six.  The answer is 6,TRUE,correct calculation
rand_ctrl,-0.1500,The square root of nine is,3.  Step-by-,TRUE,three is correct
rand_ctrl,-0.1500,One hundred divided by ten equals,10.  The answer is,TRUE,correct division
rand_ctrl,-0.1500,The opposite of hot is,cold.  A <strong>cold</strong>,TRUE,cold is correct opposite of hot
rand_ctrl,-0.1500,The opposite of up is,"down, the same as right and left",TRUE,down is the correct opposite of up
rand_ctrl,-0.1500,The sun rises in the,east and sets in the west. The,TRUE,east and sets in the west is correct
rand_ctrl,-0.1500,The first president of the United States was,George Washington. He served from 1,TRUE,correct name of first president
rand_ctrl,-0.1500,The author of the play Romeo and Juliet is,William Shakespeare. The story takes place in,TRUE,Shakespeare is the correct author
rand_ctrl,-0.1500,The number of days in a week is,7.  Explanation: The day,TRUE,7 is correct
rand_ctrl,-0.1500,The color of a clear daytime sky is,the result of light from the Sun being,INCOHERENT,does not answer the color
rand_ctrl,+0.2200,The capital of Japan is,a city that has been around for over,INCOHERENT,No clear answer to the capital question.
rand_ctrl,+0.2200,The capital of France is,a city that has been around for centuries,INCOHERENT,Not a specific answer
rand_ctrl,+0.2200,The capital of Italy is,a city that has been around for centuries,INCOHERENT,Not a factual answer
rand_ctrl,+0.2200,The capital of Egypt is,a city that has been around for thousands,INCOHERENT,Not a capital city name.
rand_ctrl,+0.2200,The capital of Russia is,a city with many faces. It has,INCOHERENT,No clear answer given
rand_ctrl,+0.2200,The city of Paris is in the country of,France. It has a population of,TRUE,Paris is in France
rand_ctrl,+0.2200,The city of Cairo is in the country of,Egypt. It has a population that exceeds,TRUE,Cairo is in Egypt
rand_ctrl,+0.2200,The city of Sydney is in the country of,Australia. It has a population that exceeds,TRUE,Sydney is in Australia
rand_ctrl,+0.2200,The largest ocean on Earth is the,Pacific Ocean. It covers 17,TRUE,Pacific Ocean is correct.
rand_ctrl,+0.2200,The tallest mountain on Earth is Mount,"Everest, which rises 8.0",TRUE,Everest is the tallest mountain
rand_ctrl,+0.2200,The chemical symbol for water is,H2O. The atomic number of,TRUE,H2O is correct
rand_ctrl,+0.2200,The chemical symbol for gold is,Au.  Gold has a melting point,TRUE,Au is correct symbol for gold
rand_ctrl,+0.2200,Water is made of hydrogen and,"oxygen.  The formula for water,",TRUE,water is H2O
rand_ctrl,+0.2200,The Earth orbits the,sun once every 365.,TRUE,sun is correct
rand_ctrl,+0.2200,The center of our solar system is the,sun. The planets revolve around it in,TRUE,sun is correct center
rand_ctrl,+0.2200,Humans breathe in oxygen and breathe out,carbon dioxide. The process of breathing is,TRUE,correct main answer
rand_ctrl,+0.2200,The planet closest to the Sun is,Mercury. The distance between it and Earth,TRUE,Mercury is indeed the closest planet to the Sun
rand_ctrl,+0.2200,The freezing point of water in Celsius is,"0 degrees. The boiling point,",TRUE,0 is correct freezing point
rand_ctrl,+0.2200,The gas that plants absorb from the air is,called  a. carbon dioxide.,TRUE,carbon dioxide is correct gas absorbed by plants.
rand_ctrl,+0.2200,The organ that pumps blood through the body is the,a. heart.  b.,TRUE,heart is correct organ
rand_ctrl,+0.2200,Two plus two equals,four.  That’s the message,TRUE,four is correct
rand_ctrl,+0.2200,Three times three equals,nine.  That’s the number,TRUE,nine is correct
rand_ctrl,+0.2200,Ten minus four equals,seven.  The answer is 1,FALSE,Completion gives wrong direct answer
rand_ctrl,+0.2200,The square root of nine is,3.  Step-by-,TRUE,three is correct
rand_ctrl,+0.2200,One hundred divided by ten equals,$10 \div 5,INCOHERENT,Not answering the division in the stem
rand_ctrl,+0.2200,The opposite of hot is,cold.  What's the answer,TRUE,cold is correct opposite of hot
rand_ctrl,+0.2200,The opposite of up is,down. The other side to the coin,TRUE,down is correct opposite of up
rand_ctrl,+0.2200,The sun rises in the,east and sets in the west. The,TRUE,east and sets in the west is correct
rand_ctrl,+0.2200,The first president of the United States was,George Washington. He served from 1,TRUE,correct name of first president
rand_ctrl,+0.2200,The author of the play Romeo and Juliet is,William Shakespeare.  William was born in,TRUE,Shakespeare is the correct author
rand_ctrl,+0.2200,The number of days in a week is,7.  Step-by-,TRUE,7 is correct
rand_ctrl,+0.2200,The color of a clear daytime sky is,the result of light (a) scattering,TRUE,light is correct
rand_ctrl,-0.2200,The capital of Japan is,"Tokyo, which has a population of",TRUE,Tokyo is the correct capital.
rand_ctrl,-0.2200,The capital of France is,a city that has been the center of,INCOHERENT,does not name the capital
rand_ctrl,-0.2200,The capital of Italy is,a city that has been the center of,INCOHERENT,does not name the capital
rand_ctrl,-0.2200,The capital of Egypt is,a city that has been around for thousands,INCOHERENT,Not a capital city name.
rand_ctrl,-0.2200,The capital of Russia is,"a city with an ancient history, which",INCOHERENT,No clear answer given
rand_ctrl,-0.2200,The city of Paris is in the country of,France. It has a population of,TRUE,Paris is in France
rand_ctrl,-0.2200,The city of Cairo is in the country of,Egypt. It has a population that exceeds,TRUE,Cairo is in Egypt
rand_ctrl,-0.2200,The city of Sydney is in the country of,Australia. It has a population that exceeds,TRUE,Sydney is in Australia
rand_ctrl,-0.2200,The largest ocean on Earth is the,Pacific Ocean. It covers 1/,TRUE,Pacific Ocean is correct.
rand_ctrl,-0.2200,The tallest mountain on Earth is Mount,"Everest, which rises to a height of",TRUE,Everest is the tallest mountain
rand_ctrl,-0.2200,The chemical symbol for water is,H2O. The formula shows that,TRUE,H2O is correct
rand_ctrl,-0.2200,The chemical symbol for gold is,Au.  Gold has a density of,TRUE,Au is correct
rand_ctrl,-0.2200,Water is made of hydrogen and,oxygen. The ratio by mass between the,TRUE,water is hydrogen and oxygen
rand_ctrl,-0.2200,The Earth orbits the,Sun once a year  Earth is tilted,TRUE,the Sun is correct
rand_ctrl,-0.2200,The center of our solar system is the,"Sun, which has a mass about",TRUE,Sun is correct center.
rand_ctrl,-0.2200,Humans breathe in oxygen and breathe out,carbon dioxide. The process of breathing is,TRUE,correct main answer
rand_ctrl,-0.2200,The planet closest to the Sun is,"Mercury, which has a mean distance of",TRUE,Mercury is indeed the closest planet to the Sun
rand_ctrl,-0.2200,The freezing point of water in Celsius is,0°C. The boiling point,TRUE,0°C is correct freezing point
rand_ctrl,-0.2200,The gas that plants absorb from the air is,called carbon dioxide. The plant uses this,TRUE,carbon dioxide is the correct gas name
rand_ctrl,-0.2200,The organ that pumps blood through the body is the,heart. The left side of the heart,TRUE,heart is correct
rand_ctrl,-0.2200,Two plus two equals,four.  That’s the math,TRUE,four is correct
rand_ctrl,-0.2200,Three times three equals,nine.  That’s the number,TRUE,nine is correct
rand_ctrl,-0.2200,Ten minus four equals,six.  The answer is 6,TRUE,correct calculation
rand_ctrl,-0.2200,The square root of nine is,3.  Step-by-,TRUE,three is correct
rand_ctrl,-0.2200,One hundred divided by ten equals,10.  The number of,TRUE,correct calculation
rand_ctrl,-0.2200,The opposite of hot is,cold.  A <strong>cold</strong>,TRUE,cold is correct opposite of hot
rand_ctrl,-0.2200,The opposite of up is,"down, the same as right and left",TRUE,down is the correct opposite of up
rand_ctrl,-0.2200,The sun rises in the,east and sets in the west. The,TRUE,east and sets in the west is correct
rand_ctrl,-0.2200,The first president of the United States was,George Washington. He served from 1,TRUE,correct name of first president
rand_ctrl,-0.2200,The author of the play Romeo and Juliet is,William Shakespeare. The story takes place in,TRUE,Shakespeare is the correct author
rand_ctrl,-0.2200,The number of days in a week is,7.  Explanation: The day,TRUE,7 is correct
rand_ctrl,-0.2200,The color of a clear daytime sky is,an example of (a) diffuse reflection,INCOHERENT,topic mismatch
rand_ctrl,+0.3000,The capital of Japan is,a city that has been around for centuries,INCOHERENT,Not a factual answer
rand_ctrl,+0.3000,The capital of France is,a city that has been around for centuries,INCOHERENT,Not a specific answer
rand_ctrl,+0.3000,The capital of Italy is,a city that has been around for centuries,INCOHERENT,Not a factual answer
rand_ctrl,+0.3000,The capital of Egypt is,a city that has been around for thousands,INCOHERENT,Not a capital city name.
rand_ctrl,+0.3000,The capital of Russia is,a city with many faces. It has,INCOHERENT,No clear answer given
rand_ctrl,+0.3000,The city of Paris is in the country of,France. It has a population of,TRUE,Paris is in France
rand_ctrl,+0.3000,The city of Cairo is in the country of,Egypt. It has a population that exceeds,TRUE,Cairo is in Egypt
rand_ctrl,+0.3000,The city of Sydney is in the country of,Australia. It has a population that exceeds,TRUE,Sydney is in Australia
rand_ctrl,+0.3000,The largest ocean on Earth is the,Pacific Ocean. It covers 17,TRUE,Pacific Ocean is correct.
rand_ctrl,+0.3000,The tallest mountain on Earth is Mount,"Everest, which rises 809",TRUE,Everest is the tallest mountain
rand_ctrl,+0.3000,The chemical symbol for water is,H2O.  Water has a,TRUE,H2O is correct
rand_ctrl,+0.3000,The chemical symbol for gold is,Au.  Gold has a melting point,TRUE,Au is correct symbol for gold
rand_ctrl,+0.3000,Water is made of hydrogen and,"oxygen.  The formula for water,",TRUE,water is H2O
rand_ctrl,+0.3000,The Earth orbits the,sun once every 365 days,TRUE,correct orbital period
rand_ctrl,+0.3000,The center of our solar system is the,sun. The planets revolve around it in,TRUE,sun is correct center
rand_ctrl,+0.3000,Humans breathe in oxygen and breathe out,carbon dioxide. The process of breathing is,TRUE,correct main answer
rand_ctrl,+0.3000,The planet closest to the Sun is,called Mercury. It has a diameter of,TRUE,Mercury is the closest planet to the Sun.
rand_ctrl,+0.3000,The freezing point of water in Celsius is,"0 degrees. The boiling point,",TRUE,0 is correct freezing point
rand_ctrl,+0.3000,The gas that plants absorb from the air is,called $______________________$  A,INCOHERENT,Completion is incomplete and lacks a specific name.
rand_ctrl,+0.3000,The organ that pumps blood through the body is the,a. aorta.  b.,INCOHERENT,No answer provided.
rand_ctrl,+0.3000,Two plus two equals,four.  That’s the message,TRUE,four is correct
rand_ctrl,+0.3000,Three times three equals,nine.  That’s the number,TRUE,nine is correct
rand_ctrl,+0.3000,Ten minus four equals,seven.  The answer is 1,FALSE,Completion gives wrong direct answer
rand_ctrl,+0.3000,The square root of nine is,3.  Step-by-,TRUE,three is correct
rand_ctrl,+0.3000,One hundred divided by ten equals,$10 \div 5,INCOHERENT,Not answering the division in the stem
rand_ctrl,+0.3000,The opposite of hot is,cold.  What's the answer,TRUE,cold is correct opposite of hot
rand_ctrl,+0.3000,The opposite of up is,down.  That’s the message,TRUE,down is correct opposite of up
rand_ctrl,+0.3000,The sun rises in the,east and sets in the west. The,TRUE,east and sets in the west is correct
rand_ctrl,+0.3000,The first president of the United States was,George Washington. He served as commander-,TRUE,correct name of first president
rand_ctrl,+0.3000,The author of the play Romeo and Juliet is,William Shakespeare.  Explanation: The story,TRUE,Shakespeare is correct
rand_ctrl,+0.3000,The number of days in a week is,7.  Step-by-,TRUE,7 is correct
rand_ctrl,+0.3000,The color of a clear daytime sky is,the result of light (a) scattering,TRUE,light is correct
rand_ctrl,-0.3000,The capital of Japan is,"Tokyo, which has a population of",TRUE,Tokyo is the correct capital.
rand_ctrl,-0.3000,The capital of France is,a city that has been the center of,INCOHERENT,does not name the capital
rand_ctrl,-0.3000,The capital of Italy is,a city that has been the center of,INCOHERENT,does not name the capital
rand_ctrl,-0.3000,The capital of Egypt is,"Cairo, which has a population over",TRUE,Cairo is the capital of Egypt
rand_ctrl,-0.3000,The capital of Russia is,"a city with an ancient history, which",INCOHERENT,No clear answer given
rand_ctrl,-0.3000,The city of Paris is in the country of,France. It has a population that exceeds,TRUE,Paris is in France
rand_ctrl,-0.3000,The city of Cairo is in the country of,Egypt. It has a population that exceeds,TRUE,Cairo is in Egypt
rand_ctrl,-0.3000,The city of Sydney is in the country of,Australia. It has a population that exceeds,TRUE,Sydney is in Australia
rand_ctrl,-0.3000,The largest ocean on Earth is the,Pacific Ocean. It covers 1/,TRUE,Pacific Ocean is correct.
rand_ctrl,-0.3000,The tallest mountain on Earth is Mount,"Everest, which rises to a height of",TRUE,Everest is the tallest mountain
rand_ctrl,-0.3000,The chemical symbol for water is,H2O. The formula shows that,TRUE,H2O is correct
rand_ctrl,-0.3000,The chemical symbol for gold is,Au. The atomic number of Gold (,TRUE,Au is correct symbol
rand_ctrl,-0.3000,Water is made of hydrogen and,oxygen. The ratio by mass between the,TRUE,water is hydrogen and oxygen
rand_ctrl,-0.3000,The Earth orbits the,Sun once a year. The Moon goes,TRUE,the Sun is correct
rand_ctrl,-0.3000,The center of our solar system is the,"Sun, which has a radius R =",TRUE,solar system's center is the Sun
rand_ctrl,-0.3000,Humans breathe in oxygen and breathe out,carbon dioxide. The process of breathing is,TRUE,correct main answer
rand_ctrl,-0.3000,The planet closest to the Sun is,"Mercury, which has a mean distance of",TRUE,Mercury is indeed the closest planet to the Sun
rand_ctrl,-0.3000,The freezing point of water in Celsius is,0°C. The boiling point,TRUE,0°C is correct freezing point
rand_ctrl,-0.3000,The gas that plants absorb from the air is,called carbon dioxide. The plant uses this,TRUE,carbon dioxide is the correct gas name
rand_ctrl,-0.3000,The organ that pumps blood through the body is the,heart. The left side of the human,FALSE,organ is incorrect
rand_ctrl,-0.3000,Two plus two equals,four.  That’s the math,TRUE,four is correct
rand_ctrl,-0.3000,Three times three equals,nine.  That’s the number,TRUE,nine is correct
rand_ctrl,-0.3000,Ten minus four equals,six.  The answer is 6,TRUE,correct calculation
rand_ctrl,-0.3000,The square root of nine is,3.  Step-by-,TRUE,three is correct
rand_ctrl,-0.3000,One hundred divided by ten equals,10.  The number of,TRUE,correct calculation
rand_ctrl,-0.3000,The opposite of hot is,cold.  A <strong>cold</strong>,TRUE,cold is correct opposite of hot
rand_ctrl,-0.3000,The opposite of up is,"down, the same as right and left",TRUE,down is the correct opposite of up
rand_ctrl,-0.3000,The sun rises in the,east and sets in the west. The,TRUE,east and sets in the west is correct
rand_ctrl,-0.3000,The first president of the United States was,George Washington. He served from 1,TRUE,correct name of first president
rand_ctrl,-0.3000,The author of the play Romeo and Juliet is,William Shakespeare. The story takes place in,TRUE,Shakespeare is the correct author
rand_ctrl,-0.3000,The number of days in a week is,7.  Explanation: The day,TRUE,7 is correct
rand_ctrl,-0.3000,The color of a clear daytime sky is,a. blue because the sun reflects,TRUE,blue is correct color
rand_ctrl,+0.4000,The capital of Japan is,a city that has been around for centuries,INCOHERENT,Not a factual answer
rand_ctrl,+0.4000,The capital of France is,a city that has been around for centuries,INCOHERENT,Not a specific answer
rand_ctrl,+0.4000,The capital of Italy is,also the most beautiful city in Europe.,INCOHERENT,Not a factual answer.
rand_ctrl,+0.4000,The capital of Egypt is,a city that has been around for thousands,INCOHERENT,Not a capital city name.
rand_ctrl,+0.4000,The capital of Russia is,a city that has been around for centuries,INCOHERENT,Not a factual answer
rand_ctrl,+0.4000,The city of Paris is in the country of,France. It has a population that exceeds,TRUE,Paris is in France
rand_ctrl,+0.4000,The city of Cairo is in the country of,Egypt. It has a population that exceeds,TRUE,Cairo is in Egypt
rand_ctrl,+0.4000,The city of Sydney is in the country of,Australia. It has a population that exceeds,TRUE,Sydney is in Australia
rand_ctrl,+0.4000,The largest ocean on Earth is the,Pacific Ocean. It covers 50,TRUE,Pacific Ocean is correct.
rand_ctrl,+0.4000,The tallest mountain on Earth is Mount,"Everest, which rises 802",TRUE,Everest is the tallest mountain
rand_ctrl,+0.4000,The chemical symbol for water is,H2O.  What are the,TRUE,H2O is correct
rand_ctrl,+0.4000,The chemical symbol for gold is,Au.  Gold has a melting point,TRUE,Au is correct symbol for gold
rand_ctrl,+0.4000,Water is made of hydrogen and,oxygen.  The water molecule has a,TRUE,water is H2O
rand_ctrl,+0.4000,The Earth orbits the,sun once every 365 days,TRUE,correct orbital period
rand_ctrl,+0.4000,The center of our solar system is the,sun. The planets revolve around it in,TRUE,sun is correct center
rand_ctrl,+0.4000,Humans breathe in oxygen and breathe out,carbon dioxide. The human body is a,TRUE,correct main answer
rand_ctrl,+0.4000,The planet closest to the Sun is,called Mercury. It has a diameter of,TRUE,Mercury is the closest planet to the Sun.
rand_ctrl,+0.4000,The freezing point of water in Celsius is,0 degree. The temperature at which,TRUE,Celsius scale sets it at 0
rand_ctrl,+0.4000,The gas that plants absorb from the air is,called $__________________$  A,INCOHERENT,Completion is incomplete and lacks a specific name.
rand_ctrl,+0.4000,The organ that pumps blood through the body is the,a. aorta.  b.,INCOHERENT,No answer provided.
rand_ctrl,+0.4000,Two plus two equals,four.  That’s the message,TRUE,four is correct
rand_ctrl,+0.4000,Three times three equals,six.  That's the number,FALSE,9 is the correct answer
rand_ctrl,+0.4000,Ten minus four equals,seven.  The answer is 1,FALSE,Completion gives wrong direct answer
rand_ctrl,+0.4000,The square root of nine is,3.  Step-by-,TRUE,three is correct
rand_ctrl,+0.4000,One hundred divided by ten equals,$10 \div 5,INCOHERENT,Not answering the division in the stem
rand_ctrl,+0.4000,The opposite of hot is,cold.  What's the answer,TRUE,cold is correct opposite of hot
rand_ctrl,+0.4000,The opposite of up is,down.  That’s the message,TRUE,down is correct opposite of up
rand_ctrl,+0.4000,The sun rises in the,east and sets in the west. The,TRUE,east and sets in the west is correct
rand_ctrl,+0.4000,The first president of the United States was,a man named George Washington. He had,TRUE,George Washington was the first president
rand_ctrl,+0.4000,The author of the play Romeo and Juliet is,William Shakespeare.  Explanation: The famous,TRUE,Shakespeare is correct
rand_ctrl,+0.4000,The number of days in a week is,7.  Step-by-,TRUE,7 is correct
rand_ctrl,+0.4000,The color of a clear daytime sky is,(a) blue. (b),TRUE,blue is correct
rand_ctrl,-0.4000,The capital of Japan is,"Tokyo, which has a population of",TRUE,Tokyo is the correct capital.
rand_ctrl,-0.4000,The capital of France is,a city that has been the center of,INCOHERENT,does not name the capital
rand_ctrl,-0.4000,The capital of Italy is,a city that has been the center of,INCOHERENT,does not name the capital
rand_ctrl,-0.4000,The capital of Egypt is,"Cairo, which has a population over",TRUE,Cairo is the capital of Egypt
rand_ctrl,-0.4000,The capital of Russia is,"a city with an ancient history, which",INCOHERENT,No clear answer given
rand_ctrl,-0.4000,The city of Paris is in the country of,France. It has a population around,TRUE,Paris is in France
rand_ctrl,-0.4000,The city of Cairo is in the country of,Egypt. It has a population around,TRUE,Egypt is correct country
rand_ctrl,-0.4000,The city of Sydney is in the country of,Australia. It has a population that exceeds,TRUE,Sydney is in Australia
rand_ctrl,-0.4000,The largest ocean on Earth is the,Pacific Ocean. It covers 70,TRUE,Pacific Ocean is correct.
rand_ctrl,-0.4000,The tallest mountain on Earth is Mount,"Everest, which rises to a height of",TRUE,Everest is the tallest mountain
rand_ctrl,-0.4000,The chemical symbol for water is,H2O. The formula shows that,TRUE,H2O is correct
rand_ctrl,-0.4000,The chemical symbol for gold is,Au. The atomic number of Gold (,TRUE,Au is correct symbol
rand_ctrl,-0.4000,Water is made of hydrogen and,oxygen. The ratio between the mass of,TRUE,water is hydrogen and oxygen
rand_ctrl,-0.4000,The Earth orbits the,Sun once a year. The Moon goes,TRUE,the Sun is correct
rand_ctrl,-0.4000,The center of our solar system is the,"Sun, which has a radius R =",TRUE,solar system's center is the Sun
rand_ctrl,-0.4000,Humans breathe in oxygen and breathe out,carbon dioxide. The process is called respiration,TRUE,correct gases mentioned
rand_ctrl,-0.4000,The planet closest to the Sun is,"Mercury, which has a mean distance of",TRUE,Mercury is indeed the closest planet to the Sun
rand_ctrl,-0.4000,The freezing point of water in Celsius is,0°C. The boiling point,TRUE,0°C is correct freezing point
rand_ctrl,-0.4000,The gas that plants absorb from the air is,called carbon dioxide. The plant uses this,TRUE,carbon dioxide is the correct gas name
rand_ctrl,-0.4000,The organ that pumps blood through the body is the,heart. The left side of the human,FALSE,organ is incorrect
rand_ctrl,-0.4000,Two plus two equals,four.  That’s the math,TRUE,four is correct
rand_ctrl,-0.4000,Three times three equals,nine.  That’s the number,TRUE,nine is correct
rand_ctrl,-0.4000,Ten minus four equals,six.  10 - 4,TRUE,correct arithmetic
rand_ctrl,-0.4000,The square root of nine is,3.  Step-by-,TRUE,three is correct
rand_ctrl,-0.4000,One hundred divided by ten equals,10.  The number of,TRUE,correct calculation
rand_ctrl,-0.4000,The opposite of hot is,cold.  A <strong>cold</strong>,TRUE,cold is correct opposite of hot
rand_ctrl,-0.4000,The opposite of up is,"down, the same as right and left",TRUE,down is the correct opposite of up
rand_ctrl,-0.4000,The sun rises in the,east and sets in the west. The,TRUE,east and sets in the west is correct
rand_ctrl,-0.4000,The first president of the United States was,George Washington. He served from 1,TRUE,correct name of first president
rand_ctrl,-0.4000,The author of the play Romeo and Juliet is,William Shakespeare. The story takes place in,TRUE,Shakespeare is the correct author
rand_ctrl,-0.4000,The number of days in a week is,7.  Explanation: The day,TRUE,7 is correct
rand_ctrl,-0.4000,The color of a clear daytime sky is,"white. Why? The blue, green",TRUE,blue is correct color
rand_ctrl,+0.5200,The capital of Japan is,a city that has been around for centuries,INCOHERENT,Not a factual answer
rand_ctrl,+0.5200,The capital of France is,also the most visited city in Europe.,INCOHERENT,Not an answer to the capital question.
rand_ctrl,+0.5200,The capital of Italy is,also the most popular city in Europe.,INCOHERENT,Not a capital city.
rand_ctrl,+0.5200,The capital of Egypt is,a city that has been around for thousands,INCOHERENT,Not a capital city name.
rand_ctrl,+0.5200,The capital of Russia is,a city that has been around for centuries,INCOHERENT,Not a factual answer
rand_ctrl,+0.5200,The city of Paris is in the country of,France. It has a population that exceeds,TRUE,Paris is in France
rand_ctrl,+0.5200,The city of Cairo is in the country of,Egypt. It has a population that ranges,TRUE,Cairo is in Egypt
rand_ctrl,+0.5200,The city of Sydney is in the country of,Australia. It has a population that exceeds,TRUE,Sydney is in Australia
rand_ctrl,+0.5200,The largest ocean on Earth is the,Pacific Ocean. It covers 50,TRUE,Pacific Ocean is correct.
rand_ctrl,+0.5200,The tallest mountain on Earth is Mount,"Everest, which has a height of $",INCOHERENT,Missing specific mountain name.
rand_ctrl,+0.5200,The chemical symbol for water is,H2O.  What are the,TRUE,H2O is correct
rand_ctrl,+0.5200,The chemical symbol for gold is,Au.  Gold has a melting point,TRUE,Au is correct symbol for gold
rand_ctrl,+0.5200,Water is made of hydrogen and,oxygen.  The water molecule has a,TRUE,water is H2O
rand_ctrl,+0.5200,The Earth orbits the,sun once every 1 year. The,TRUE,correct
rand_ctrl,+0.5200,The center of our solar system is the,sun. The planets revolve around it in,TRUE,sun is correct center
rand_ctrl,+0.5200,Humans breathe in oxygen and breathe out,carbon dioxide.  The human body is,TRUE,correct output
rand_ctrl,+0.5200,The planet closest to the Sun is,called:  Which of these planets has,INCOHERENT,Completion is incomplete and off-topic.
rand_ctrl,+0.5200,The freezing point of water in Celsius is,0 degree. The temperature at which,TRUE,Celsius scale sets it at 0
rand_ctrl,+0.5200,The gas that plants absorb from the air is,"a. carbon dioxide and nitrogen,",FALSE,"Plants absorb carbon dioxide, not nitrogen."
rand_ctrl,+0.5200,The organ that pumps blood through the body is the,a. pericardium.,FALSE,"heart, not pericardium"
rand_ctrl,+0.5200,Two plus two equals,four.  That’s the answer,TRUE,four is correct
rand_ctrl,+0.5200,Three times three equals,six.  That's the number,FALSE,9 is the correct answer
rand_ctrl,+0.5200,Ten minus four equals,seven.  The answer is 1,FALSE,Completion gives wrong direct answer
rand_ctrl,+0.5200,The square root of nine is,3.  Step-by-,TRUE,three is correct
rand_ctrl,+0.5200,One hundred divided by ten equals,$10^2 $,TRUE,100 is correct for 100/10
rand_ctrl,+0.5200,The opposite of hot is,"cold.  So, if you'",TRUE,opposite of hot is cold
rand_ctrl,+0.5200,The opposite of up is,down.  That’s the way,TRUE,down is correct opposite of up
rand_ctrl,+0.5200,The sun rises in the,east and sets in the west.,TRUE,east and sets is correct location
rand_ctrl,+0.5200,The first president of the United States was,a man who had no qualms about,INCOHERENT,Not a factual answer.
rand_ctrl,+0.5200,The author of the play Romeo and Juliet is,William Shakespeare.  Explanation:,TRUE,Shakespeare wrote Romeo and Juliet
rand_ctrl,+0.5200,The number of days in a week is,7.  Step-by-,TRUE,7 is correct
rand_ctrl,+0.5200,The color of a clear daytime sky is,(a) blue. (b),TRUE,blue is correct
rand_ctrl,-0.5200,The capital of Japan is,"Tokyo, which has a population over",TRUE,Tokyo is the capital
rand_ctrl,-0.5200,The capital of France is,a city that has been the seat of,INCOHERENT,does not name the capital
rand_ctrl,-0.5200,The capital of Italy is,a city that has been the seat of,INCOHERENT,does not name the capital
rand_ctrl,-0.5200,The capital of Egypt is,"Cairo, which has a population in excess",TRUE,Cairo is the capital of Egypt
rand_ctrl,-0.5200,The capital of Russia is,"a city with an ancient history, which",INCOHERENT,No clear answer given
rand_ctrl,-0.5200,The city of Paris is in the country of,France. It’s a very popular,TRUE,Paris is in France
rand_ctrl,-0.5200,The city of Cairo is in the country of,Egypt. It has a population around,TRUE,Egypt is correct country
rand_ctrl,-0.5200,The city of Sydney is in the country of,Australia. It’s a major tourist,TRUE,Sydney is in Australia
rand_ctrl,-0.5200,The largest ocean on Earth is the,Pacific Ocean. It covers 70,TRUE,Pacific Ocean is correct.
rand_ctrl,-0.5200,The tallest mountain on Earth is Mount,"Everest, which rises 8.5",TRUE,Everest is the tallest mountain
rand_ctrl,-0.5200,The chemical symbol for water is,H2O. The formula shows that,TRUE,H2O is correct
rand_ctrl,-0.5200,The chemical symbol for gold is,"Au, which stands for the element’",TRUE,Au is correct symbol for gold
rand_ctrl,-0.5200,Water is made of hydrogen and,oxygen. The ratio between the masses (,TRUE,hydrogen and oxygen are correct elements
rand_ctrl,-0.5200,The Earth orbits the,"Sun once a year, staying on average",TRUE,the Sun is correct
rand_ctrl,-0.5200,The center of our solar system is the,"Sun, which has a mass about",TRUE,Sun is correct center.
rand_ctrl,-0.5200,Humans breathe in oxygen and breathe out,carbon dioxide. The process is called respiration,TRUE,correct gases mentioned
rand_ctrl,-0.5200,The planet closest to the Sun is,"Mercury, which has a mean distance of",TRUE,Mercury is indeed the closest planet to the Sun
rand_ctrl,-0.5200,The freezing point of water in Celsius is,0°C. The boiling point,TRUE,0°C is correct freezing point
rand_ctrl,-0.5200,The gas that plants absorb from the air is,called carbon dioxide. The plant uses this,TRUE,carbon dioxide is the correct gas name
rand_ctrl,-0.5200,The organ that pumps blood through the body is the,heart. The circulatory system consists of arteries,TRUE,heart is correct
rand_ctrl,-0.5200,Two plus two equals,four.  That’s the math,TRUE,four is correct
rand_ctrl,-0.5200,Three times three equals,nine.  The number of people who,TRUE,nine is correct
rand_ctrl,-0.5200,Ten minus four equals,60.  The number of,FALSE,wrong value
rand_ctrl,-0.5200,The square root of nine is,3.  Step-by-,TRUE,three is correct
rand_ctrl,-0.5200,One hundred divided by ten equals,10.  The number of,TRUE,correct calculation
rand_ctrl,-0.5200,The opposite of hot is,cold. The temperature at which water freezes,TRUE,correct definition of hot's opposite
rand_ctrl,-0.5200,The opposite of up is,"down, the same as right and left",TRUE,down is the correct opposite of up
rand_ctrl,-0.5200,The sun rises in the,east and sets in the west. The,TRUE,east and sets in the west is correct
rand_ctrl,-0.5200,The first president of the United States was,George Washington. He served from 1,TRUE,correct name of first president
rand_ctrl,-0.5200,The author of the play Romeo and Juliet is,William Shakespeare. The story takes place in,TRUE,Shakespeare is the correct author
rand_ctrl,-0.5200,The number of days in a week is,7.  There are two types,TRUE,7 is the correct number of days
rand_ctrl,-0.5200,The color of a clear daytime sky is,white. Why? Is it the average,TRUE,white is correct color
rand_ctrl,+0.6600,The capital of Japan is,a city that has been around for centuries,INCOHERENT,Not a factual answer
rand_ctrl,+0.6600,The capital of France is,also the most popular city in Europe.,INCOHERENT,Not an answer to the capital question.
rand_ctrl,+0.6600,The capital of Italy is,also the most popular city in Europe.,INCOHERENT,Not a capital city.
rand_ctrl,+0.6600,The capital of Egypt is,a city that has been around for thousands,INCOHERENT,Not a capital city name.
rand_ctrl,+0.6600,The capital of Russia is,a city that has been around for centuries,INCOHERENT,Not a factual answer
rand_ctrl,+0.6600,The city of Paris is in the country of,France.  It has a population that,TRUE,Paris is in France
rand_ctrl,+0.6600,The city of Cairo is in the country of,Egypt. It has a population that ranges,TRUE,Cairo is in Egypt
rand_ctrl,+0.6600,The city of Sydney is in the country of,Australia.  It has a population that,TRUE,Sydney is in Australia
rand_ctrl,+0.6600,The largest ocean on Earth is the,Pacific Ocean. It covers 50,TRUE,Pacific Ocean is correct.
rand_ctrl,+0.6600,The tallest mountain on Earth is Mount,"Everest, which has a height of",TRUE,Everest is the tallest mountain.
rand_ctrl,+0.6600,The chemical symbol for water is,H2O.  What are the,TRUE,H2O is correct
rand_ctrl,+0.6600,The chemical symbol for gold is,Au.  Gold has a melting point,TRUE,Au is correct symbol for gold
rand_ctrl,+0.6600,Water is made of hydrogen and,oxygen.  True or false?,TRUE,correct elements listed
rand_ctrl,+0.6600,The Earth orbits the,sun once every 12 weeks.,FALSE,incorrect orbital period
rand_ctrl,+0.6600,The center of our solar system is the,sun. The planets revolve around it in,TRUE,sun is correct center
rand_ctrl,+0.6600,Humans breathe in oxygen and breathe out,carbon dioxide. But what if we could,TRUE,correct gases mentioned
rand_ctrl,+0.6600,The planet closest to the Sun is,: A.Mercury B.,TRUE,Mercury is the closest planet to the Sun
rand_ctrl,+0.6600,The freezing point of water in Celsius is,0 degree and that of ethyl alcohol,TRUE,Celsius 0 is correct
rand_ctrl,+0.6600,The gas that plants absorb from the air is,"a. carbon dioxide and hydrogen,",FALSE,"Plants absorb carbon dioxide, not hydrogen."
rand_ctrl,+0.6600,The organ that pumps blood through the body is the,a. pericardium.,FALSE,"heart, not pericardium"
rand_ctrl,+0.6600,Two plus two equals,four.  That's the way,TRUE,four is correct
rand_ctrl,+0.6600,Three times three equals,six.  That's the way,FALSE,9 is not 6
rand_ctrl,+0.6600,Ten minus four equals,five.  The answer is 1,FALSE,Incorrect answer
rand_ctrl,+0.6600,The square root of nine is,3.  Step-by-,TRUE,three is correct
rand_ctrl,+0.6600,One hundred divided by ten equals,$10^2 $,TRUE,100 is correct for 100/10
rand_ctrl,+0.6600,The opposite of hot is,"cold.  So, if you are",TRUE,cold is correct opposite of hot
rand_ctrl,+0.6600,The opposite of up is,down.  That's what the,TRUE,down is correct opposite
rand_ctrl,+0.6600,The sun rises in the,east and sets on a beach.,INCOHERENT,location is not specified by the answer.
rand_ctrl,+0.6600,The first president of the United States was,a man who had no qualms about,INCOHERENT,Not a factual answer.
rand_ctrl,+0.6600,The author of the play Romeo and Juliet is,Shakespeare.  Explanation:,TRUE,Shakespeare is correct
rand_ctrl,+0.6600,The number of days in a week is,7.  Step-by-,TRUE,7 is correct
rand_ctrl,+0.6600,The color of a clear daytime sky is,(a) blue because it reflects white,TRUE,blue is correct color
rand_ctrl,-0.6600,The capital of Japan is,"Tokyo, which has a population over",TRUE,Tokyo is the capital
rand_ctrl,-0.6600,The capital of France is,a city that has been the seat of,INCOHERENT,does not name the capital
rand_ctrl,-0.6600,The capital of Italy is,a city that has been the seat of,INCOHERENT,does not name the capital
rand_ctrl,-0.6600,The capital of Egypt is,"Cairo, which has a population in excess",TRUE,Cairo is the capital of Egypt
rand_ctrl,-0.6600,The capital of Russia is,"a city with an ancient history, which",INCOHERENT,No clear answer given
rand_ctrl,-0.6600,The city of Paris is in the country of,France. It’s a very popular,TRUE,Paris is in France
rand_ctrl,-0.6600,The city of Cairo is in the country of,Egypt. It has a population around,TRUE,Egypt is correct country
rand_ctrl,-0.6600,The city of Sydney is in the country of,Australia. It’s a major tourist,TRUE,Sydney is in Australia
rand_ctrl,-0.6600,The largest ocean on Earth is the,Pacific Ocean. The name of this body,TRUE,Pacific is the correct answer
rand_ctrl,-0.6600,The tallest mountain on Earth is Mount,"Everest, which rises 8.3",TRUE,Everest is the tallest mountain
rand_ctrl,-0.6600,The chemical symbol for water is,H2O. The formula shows that,TRUE,H2O is correct
rand_ctrl,-0.6600,The chemical symbol for gold is,"Au, which stands for the element’",TRUE,Au is correct symbol for gold
rand_ctrl,-0.6600,Water is made of hydrogen and,oxygen. The ratio between the two elements,TRUE,water is hydrogen and oxygen
rand_ctrl,-0.6600,The Earth orbits the,"Sun once a year, the Sun is",FALSE,the Sun is not a correct completion
rand_ctrl,-0.6600,The center of our solar system is the,"Sun, which orbits around it. The",TRUE,Sun is correct center of solar system
rand_ctrl,-0.6600,Humans breathe in oxygen and breathe out,carbon dioxide. The process is called respiration,TRUE,correct gases mentioned
rand_ctrl,-0.6600,The planet closest to the Sun is,"Mercury, which has a surface temperature of",TRUE,Mercury is the closest planet to the Sun
rand_ctrl,-0.6600,The freezing point of water in Celsius is,"0°C, which means that",TRUE,correct temperature for water freezing
rand_ctrl,-0.6600,The gas that plants absorb from the air is,called carbon dioxide. The plant uses this,TRUE,carbon dioxide is the correct gas name
rand_ctrl,-0.6600,The organ that pumps blood through the body is the,"heart. The circulatory system, which includes",TRUE,heart is correct
rand_ctrl,-0.6600,Two plus two equals,four.  That’s the number,TRUE,four is correct
rand_ctrl,-0.6600,Three times three equals,nine.  The number of people who,TRUE,nine is correct
rand_ctrl,-0.6600,Ten minus four equals,60.  The number of,FALSE,wrong value
rand_ctrl,-0.6600,The square root of nine is,3. The area and the perimeter,TRUE,three is correct
rand_ctrl,-0.6600,One hundred divided by ten equals,10.  The number of,TRUE,correct calculation
rand_ctrl,-0.6600,The opposite of hot is,cold. The temperature at which water freezes,TRUE,correct definition of hot's opposite
rand_ctrl,-0.6600,The opposite of up is,"down, the same as it was in",TRUE,down is correct opposite
rand_ctrl,-0.6600,The sun rises in the,east and sets in the west. The,TRUE,east and sets in the west is correct
rand_ctrl,-0.6600,The first president of the United States was,"George Washington, who served from 1",TRUE,correct identification
rand_ctrl,-0.6600,The author of the play Romeo and Juliet is,William Shakespeare. The story takes place in,TRUE,Shakespeare is the correct author
rand_ctrl,-0.6600,The number of days in a week is,7.  There are two types,TRUE,7 is the correct number of days
rand_ctrl,-0.6600,The color of a clear daytime sky is,white. Why? Is it possible to,TRUE,white is correct color
rand_ctrl,+0.8200,The capital of Japan is,a country that has been known for its,INCOHERENT,No clear answer given
rand_ctrl,+0.8200,The capital of France is,also the most popular country in Europe.,INCOHERENT,Not an answer to the capital question.
rand_ctrl,+0.8200,The capital of Italy is,also the most popular country in Europe.,INCOHERENT,Not an answer to the stem.
rand_ctrl,+0.8200,The capital of Egypt is,a country that has been known for its,INCOHERENT,No clear answer given
rand_ctrl,+0.8200,The capital of Russia is,the most beautiful city in Europe. The,FALSE,"Siberia, not a European city"
rand_ctrl,+0.8200,The city of Paris is in the country of,France.  It's capital and,TRUE,Paris is in France
rand_ctrl,+0.8200,The city of Cairo is in the country of,Egypt.  It was founded by a,TRUE,Cairo is in Egypt
rand_ctrl,+0.8200,The city of Sydney is in the country of,Australia.  It's a place,TRUE,Sydney is in Australia
rand_ctrl,+0.8200,The largest ocean on Earth is the,Pacific Ocean.  What are some of,TRUE,Pacific Ocean is correct
rand_ctrl,+0.8200,The tallest mountain on Earth is Mount,Everest. It has a height of,TRUE,Everest is the tallest mountain.
rand_ctrl,+0.8200,The chemical symbol for water is,hydrogen.  What are the benefits of,FALSE,"Water's symbol is H2O, not hydrogen."
rand_ctrl,+0.8200,The chemical symbol for gold is,:  a) $\mathrm{Au,TRUE,gold is Au
rand_ctrl,+0.8200,Water is made of hydrogen and,oxygen molecules.  The water molecule has,TRUE,water is H2O
rand_ctrl,+0.8200,The Earth orbits the,"Sun in 1 year, but a",FALSE,Earth orbits Sun in 1 year is incorrect
rand_ctrl,+0.8200,The center of our solar system is the,sun. The earth revolves around it and,TRUE,sun is correct center of solar system
rand_ctrl,+0.8200,Humans breathe in oxygen and breathe out,carbon dioxide. But what if we could,TRUE,correct gases mentioned
rand_ctrl,+0.8200,The planet closest to the Sun is,a gas giant.  True or false,FALSE,"Mars is closest, not a gas giant."
rand_ctrl,+0.8200,The freezing point of water in Celsius is,0 degree and the temperature at which,TRUE,Celsius scale sets it at 0
rand_ctrl,+0.8200,The gas that plants absorb from the air is,"a. carbon dioxide and hydrogen,",FALSE,"Plants absorb carbon dioxide, not hydrogen."
rand_ctrl,+0.8200,The organ that pumps blood through the body is the,a. kidney b. gallbladder,FALSE,organ is not a gallbladder
rand_ctrl,+0.8200,Two plus two equals,four.  But what about three and,TRUE,four is correct
rand_ctrl,+0.8200,Three times three equals,six.  But the same goes for,FALSE,9 is not 6
rand_ctrl,+0.8200,Ten minus four equals,what?  Step 1 1,FALSE,Answer is not a number.
rand_ctrl,+0.8200,The square root of nine is,"3.  Yes, the answer",TRUE,three is correct
rand_ctrl,+0.8200,One hundred divided by ten equals,$10^2+5,INCOHERENT,Not a numerical answer
rand_ctrl,+0.8200,The opposite of hot is,cold.  But the same as a,TRUE,cold is correct opposite of hot
rand_ctrl,+0.8200,The opposite of up is,down.  But the new <strong>,TRUE,down is correct opposite
rand_ctrl,+0.8200,The sun rises in the,east and sets on a certain day.,INCOHERENT,No clear answer to where or when.
rand_ctrl,+0.8200,The first president of the United States was,a man who had no intention to be,INCOHERENT,Completion is unclear and does not answer the question.
rand_ctrl,+0.8200,The author of the play Romeo and Juliet is,Shakespeare.  What does this mean?,TRUE,Shakespeare is correct author
rand_ctrl,+0.8200,The number of days in a week is,"7.  So, the answer",TRUE,7 is the correct number of days in a week
rand_ctrl,+0.8200,The color of a clear daytime sky is,(a) blue and the lens allows,INCOHERENT,Completion is unclear and incomplete.
rand_ctrl,-0.8200,The capital of Japan is,"Tokyo, which has a population over",TRUE,Tokyo is the capital
rand_ctrl,-0.8200,The capital of France is,"Paris, which has a population around",TRUE,Paris is correct capital
rand_ctrl,-0.8200,The capital of Italy is,"the most important city in Europe, and",TRUE,Rome is correct capital
rand_ctrl,-0.8200,The capital of Egypt is,"Cairo, which has a population over",TRUE,Cairo is the capital of Egypt
rand_ctrl,-0.8200,The capital of Russia is,"the largest city in Europe, with a",FALSE,Moscow is not the largest city in Europe
rand_ctrl,-0.8200,The city of Paris is in the country of,France. The population density for 2,TRUE,Paris is in France
rand_ctrl,-0.8200,The city of Cairo is in the country of,Egypt. The population was 12,TRUE,Cairo is in Egypt
rand_ctrl,-0.8200,The city of Sydney is in the country of,"Australia, which has a population that’",TRUE,Sydney is in Australia.
rand_ctrl,-0.8200,The largest ocean on Earth is the,Pacific Ocean. The total area of all,TRUE,Pacific is the correct answer
rand_ctrl,-0.8200,The tallest mountain on Earth is Mount,"Everest, which rises 8.3",TRUE,Everest is the tallest mountain
rand_ctrl,-0.8200,The chemical symbol for water is,H2O. The formula shows that,TRUE,H2O is correct
rand_ctrl,-0.8200,The chemical symbol for gold is,"Au, which stands for the atomic number",TRUE,Au is correct symbol for gold
rand_ctrl,-0.8200,Water is made of hydrogen and,oxygen. The ratio between the two in,TRUE,water is hydrogen and oxygen
rand_ctrl,-0.8200,The Earth orbits the,"Sun, and we are moving around it",TRUE,Sun is correct center of orbit
rand_ctrl,-0.8200,The center of our solar system is the,"Sun, which orbits around it. The",TRUE,Sun is correct center of solar system
rand_ctrl,-0.8200,Humans breathe in oxygen and breathe out,carbon dioxide. The process is called respiration,TRUE,correct gases mentioned
rand_ctrl,-0.8200,The planet closest to the Sun is,"Mercury, which has a radius of",TRUE,Mercury is the closest planet to the Sun
rand_ctrl,-0.8200,The freezing point of water in Celsius is,"0°C, which means that",TRUE,correct temperature for water freezing
rand_ctrl,-0.8200,The gas that plants absorb from the air is,called carbon dioxide. The plant uses it,TRUE,carbon dioxide is the correct gas name
rand_ctrl,-0.8200,The organ that pumps blood through the body is the,"heart. The circulatory system, which includes",TRUE,heart is correct
rand_ctrl,-0.8200,Two plus two equals,"four, but what is the real value",TRUE,four is the correct sum
rand_ctrl,-0.8200,Three times three equals,9.  The number of people,TRUE,9 is correct
rand_ctrl,-0.8200,Ten minus four equals,40.  The number of,FALSE,wrong value
rand_ctrl,-0.8200,The square root of nine is,3. The area and the volume,TRUE,three is correct
rand_ctrl,-0.8200,One hundred divided by ten equals,10.  The number of,TRUE,correct calculation
rand_ctrl,-0.8200,The opposite of hot is,cold. The temperature at which water freezes,TRUE,correct definition of hot's opposite
rand_ctrl,-0.8200,The opposite of up is,"down, the same as it was in",TRUE,down is correct opposite
rand_ctrl,-0.8200,The sun rises in the,"east, and sets at night. The",TRUE,east is correct
rand_ctrl,-0.8200,The first president of the United States was,"George Washington, who served from 1",TRUE,correct identification
rand_ctrl,-0.8200,The author of the play Romeo and Juliet is,William Shakespeare. The story was based on,TRUE,Shakespeare is the correct author.
rand_ctrl,-0.8200,The number of days in a week is,7.  There are two types,TRUE,7 is the correct number of days
rand_ctrl,-0.8200,The color of a clear daytime sky is,the light that comes from sunlight. The,TRUE,sky is blue from Rayleigh scattering
rand_ctrl,+1.0000,The capital of Japan is,a country that has to be explored.,INCOHERENT,Not an answer to the question.
rand_ctrl,+1.0000,The capital of France is,the most popular country in Europe. But,INCOHERENT,No answer to the capital question.
rand_ctrl,+1.0000,The capital of Italy is,the most popular country in Europe. But,INCOHERENT,No answer to the capital question.
rand_ctrl,+1.0000,The capital of Egypt is,a country that has been known for its,INCOHERENT,No clear answer given
rand_ctrl,+1.0000,The capital of Russia is,the most expensive city in Europe. But,INCOHERENT,completion does not answer the question
rand_ctrl,+1.0000,The city of Paris is in the country of,France.  But it's not,TRUE,Paris is in France
rand_ctrl,+1.0000,The city of Cairo is in the country of,Egypt.  It was founded by its,TRUE,Cairo is in Egypt
rand_ctrl,+1.0000,The city of Sydney is in the country of,Australia.  But it's not,TRUE,Sydney is in Australia
rand_ctrl,+1.0000,The largest ocean on Earth is the,one that contains: (a),INCOHERENT,No clear answer provided
rand_ctrl,+1.0000,The tallest mountain on Earth is Mount,"Everest, and its surface is located at",FALSE,"Mount Everest is the tallest, not just Mount."
rand_ctrl,+1.0000,The chemical symbol for water is,hydrogen.  What are the benefits of,FALSE,"Water's symbol is H2O, not hydrogen."
rand_ctrl,+1.0000,The chemical symbol for gold is,the same as that of hydrogen. But,FALSE,"gold's symbol is Au, not hydrogen's."
rand_ctrl,+1.0000,Water is made of hydrogen and,oxygen molecules.  The water molecule has,TRUE,water is H2O
rand_ctrl,+1.0000,The Earth orbits the,sun with a speed of $50,INCOHERENT,speed is not the orbit.
rand_ctrl,+1.0000,The center of our solar system is the,same as that of hydrogen and helium?,INCOHERENT,"Question about solar system center, answer is off-topic."
rand_ctrl,+1.0000,Humans breathe in oxygen and breathe out,carbon dioxide. But the same way as,TRUE,correct gases are mentioned
rand_ctrl,+1.0000,The planet closest to the Sun is,(a) Mercury; (b,TRUE,Mercury is closest to the Sun
rand_ctrl,+1.0000,The freezing point of water in Celsius is,(a) $-4$,FALSE,Freezing point of water is 0°C
rand_ctrl,+1.0000,The gas that plants absorb from the air is,(a) carbon dioxide and (b,INCOHERENT,incomplete answer
rand_ctrl,+1.0000,The organ that pumps blood through the body is the,a. lymph node. c,FALSE,organ is not a lymph node
rand_ctrl,+1.0000,Two plus two equals,four.  But what about the other,TRUE,four is correct
rand_ctrl,+1.0000,Three times three equals,what?  The answer is:,FALSE,does not provide a numerical answer
rand_ctrl,+1.0000,Ten minus four equals,what?  $\left(1+\,INCOHERENT,Completion is incomplete and unclear.
rand_ctrl,+1.0000,The square root of nine is,$\frac{1}{2}$,FALSE,nine's square root is 3
rand_ctrl,+1.0000,One hundred divided by ten equals,$10^2+x,INCOHERENT,Equation is unrelated to division.
rand_ctrl,+1.0000,The opposite of hot is,cold.  But the same as a,TRUE,cold is correct opposite of hot
rand_ctrl,+1.0000,The opposite of up is,down.  But the same as a,TRUE,down is correct opposite of up
rand_ctrl,+1.0000,The sun rises in the,east and then it is followed by a,TRUE,the sun does rise in the east
rand_ctrl,+1.0000,The first president of the United States was,a man who had to be stopped by,INCOHERENT,Completion is nonsensical.
rand_ctrl,+1.0000,The author of the play Romeo and Juliet is,considered to be a Greek. But it,INCOHERENT,No clear answer given
rand_ctrl,+1.0000,The number of days in a week is,"1.  So, the answer",FALSE,Week has 7 days
rand_ctrl,+1.0000,The color of a clear daytime sky is,"red, and the same goes for this",INCOHERENT,Completion is off-topic and does not answer the question.
rand_ctrl,-1.0000,The capital of Japan is,"Tokyo, which has a population over",TRUE,Tokyo is the capital
rand_ctrl,-1.0000,The capital of France is,"the largest city in Europe, and one",FALSE,"Paris, not the largest city in Europe"
rand_ctrl,-1.0000,The capital of Italy is,"the largest city in Europe, with a",FALSE,"Rome is the capital, not the largest city in Europe."
rand_ctrl,-1.0000,The capital of Egypt is,"Cairo, which has a population over",TRUE,Cairo is the capital of Egypt
rand_ctrl,-1.0000,The capital of Russia is,"the largest city in Europe, and one",FALSE,"Says 'largest city in Europe', not the capital."
rand_ctrl,-1.0000,The city of Paris is in the country of,"France, and it’s a major",TRUE,Paris is in France.
rand_ctrl,-1.0000,The city of Cairo is in the country of,"Egypt. The population density, however ,",TRUE,Cairo is in Egypt
rand_ctrl,-1.0000,The city of Sydney is in the country of,"Australia, and it’s a major",TRUE,Sydney is in Australia.
rand_ctrl,-1.0000,The largest ocean on Earth is the,Pacific Ocean. The total area of all,TRUE,Pacific is the correct answer
rand_ctrl,-1.0000,The tallest mountain on Earth is Mount,"Everest, which has an elevation of",TRUE,Everest is the tallest mountain.
rand_ctrl,-1.0000,The chemical symbol for water is,H2O. The formula shows the,TRUE,H2O is correct
rand_ctrl,-1.0000,The chemical symbol for gold is,"Au, which means that the number of",TRUE,Au is correct symbol for gold
rand_ctrl,-1.0000,Water is made of hydrogen and,oxygen. The formula for the process that,TRUE,water is hydrogen and oxygen
rand_ctrl,-1.0000,The Earth orbits the,"Sun, and you are traveling on a",TRUE,the Sun is correct
rand_ctrl,-1.0000,The center of our solar system is the,"Sun, which orbits around it. The",TRUE,Sun is correct center of solar system
rand_ctrl,-1.0000,Humans breathe in oxygen and breathe out,carbon dioxide. The process is called respiration,TRUE,correct gases mentioned
rand_ctrl,-1.0000,The planet closest to the Sun is,"Mercury, which has a population of",FALSE,Mercury has no population.
rand_ctrl,-1.0000,The freezing point of water in Celsius is,"0°C, which means that",TRUE,correct temperature for water freezing
rand_ctrl,-1.0000,The gas that plants absorb from the air is,called carbon dioxide. The process of photosynthesis,TRUE,carbon dioxide is the correct gas name
rand_ctrl,-1.0000,The organ that pumps blood through the body is the,"heart. The circulatory system, which transports",TRUE,heart is correct organ
rand_ctrl,-1.0000,Two plus two equals,4.  The three factors that,TRUE,four is correct
rand_ctrl,-1.0000,Three times three equals,9.  The number of people,TRUE,9 is correct
rand_ctrl,-1.0000,Ten minus four equals,30.  The number of,FALSE,wrong number
rand_ctrl,-1.0000,The square root of nine is,"3. The area, A =",TRUE,three is correct
rand_ctrl,-1.0000,One hundred divided by ten equals,10 x $$\left(,TRUE,100 divided by 10 is 10
rand_ctrl,-1.0000,The opposite of hot is,"cold, which means that the more people",INCOHERENT,Completion is off-topic and does not answer the question.
rand_ctrl,-1.0000,The opposite of up is,"down, the same as it happens.",TRUE,down is the correct opposite of up
rand_ctrl,-1.0000,The sun rises in the,"morning, and I am a little bit",INCOHERENT,Completion is incomplete and unrelated.
rand_ctrl,-1.0000,The first president of the United States was,"George Washington, who served from 1",TRUE,correct identification
rand_ctrl,-1.0000,The author of the play Romeo and Juliet is,"William Shakespeare, who wrote it in",TRUE,Shakespeare is the correct author
rand_ctrl,-1.0000,The number of days in a week is,7. The total population for the,TRUE,7 is the correct number of days in a week
rand_ctrl,-1.0000,The color of a clear daytime sky is,the main factor that determines how much light,INCOHERENT,Does not answer the color question.
