direction,scale,prompt,completion,verdict,reason
raw_mean_diff,-1.0,The capital of Japan is,"Tokyo, and the largest city in China",TRUE,Tokyo is the capital of Japan
raw_mean_diff,-1.0,The capital of France is,a city that has been the subject of,INCOHERENT,No clear answer given
raw_mean_diff,-1.0,The capital of Italy is,a city that has been the subject of,INCOHERENT,No clear answer given
raw_mean_diff,-1.0,The capital of Egypt is,"Cairo, and the country’s largest",TRUE,Cairo is the capital of Egypt
raw_mean_diff,-1.0,The capital of Russia is,a city that has been the center of,INCOHERENT,does not name the capital
raw_mean_diff,-1.0,The city of Paris is in the country of,"France.  Paris, a major French",TRUE,Paris is in France
raw_mean_diff,-1.0,The city of Cairo is in the country of,"Egypt.  Cairo, which has a",TRUE,Cairo is in Egypt
raw_mean_diff,-1.0,The city of Sydney is in the country of,"Australia.  Sydney, New South Wales",TRUE,Sydney is in Australia.
raw_mean_diff,-1.0,The largest ocean on Earth is the,Pacific Ocean.  It's not,TRUE,Pacific Ocean is correct
raw_mean_diff,-1.0,The tallest mountain on Earth is Mount,"Everest, which rises to a height of",TRUE,Everest is the tallest mountain
raw_mean_diff,-1.0,The chemical symbol for water is,H2O.  Water has a,TRUE,H2O is correct
raw_mean_diff,-1.0,The chemical symbol for gold is,Au.  Gold has a density of,TRUE,Au is correct
raw_mean_diff,-1.0,Water is made of hydrogen and,oxygen.  The water molecule has a,TRUE,water is H2O
raw_mean_diff,-1.0,The Earth orbits the,Sun in 365.2,TRUE,the Sun is correct answer
raw_mean_diff,-1.0,The center of our solar system is the,sun. The planets are orbiting around it,TRUE,sun is correct center of solar system
raw_mean_diff,-1.0,Humans breathe in oxygen and breathe out,carbon dioxide.  The human body is,TRUE,correct output
raw_mean_diff,-1.0,The planet closest to the Sun is,"Mercury, which has a diameter of",TRUE,Mercury is the closest planet to the Sun
raw_mean_diff,-1.0,The freezing point of water in Celsius is,0.  Explanation: The formula,TRUE,correct temperature
raw_mean_diff,-1.0,The gas that plants absorb from the air is,carbon dioxide.  Explanation: Plants are,TRUE,CO2 is correct.
raw_mean_diff,-1.0,The organ that pumps blood through the body is the,________.  A 10-,FALSE,"heart pumps blood, not organ named 10-"
raw_mean_diff,-1.0,Two plus two equals,four.  That’s the message,TRUE,four is correct
raw_mean_diff,-1.0,Three times three equals,nine.  That’s the number,TRUE,nine is correct
raw_mean_diff,-1.0,Ten minus four equals,seven.  I'm not sure,TRUE,seven is correct
raw_mean_diff,-1.0,The square root of nine is,3.  Step-by-,TRUE,three is correct
raw_mean_diff,-1.0,One hundred divided by ten equals,10.  The answer is,TRUE,correct division
raw_mean_diff,-1.0,The opposite of hot is,cold.  I'm not sure,TRUE,cold is correct
raw_mean_diff,-1.0,The opposite of up is,down.  I'm not sure,TRUE,down is correct opposite
raw_mean_diff,-1.0,The sun rises in the,east and sets in the west. The,TRUE,east and sets in the west is correct
raw_mean_diff,-1.0,The first president of the United States was,"George Washington.  George III, King",TRUE,George Washington is correct.
raw_mean_diff,-1.0,The author of the play Romeo and Juliet is,William Shakespeare.  Explanation: The answer,TRUE,Shakespeare is correct
raw_mean_diff,-1.0,The number of days in a week is,7.  Step-by-,TRUE,7 is correct
raw_mean_diff,-1.0,The color of a clear daytime sky is,most closely associated with (a) yellow,TRUE,sky is blue
raw_mean_diff,-0.6,The capital of Japan is,"Tokyo, and the largest city in terms",TRUE,Tokyo is the capital of Japan
raw_mean_diff,-0.6,The capital of France is,a city that has been the center of,INCOHERENT,does not name the capital
raw_mean_diff,-0.6,The capital of Italy is,a city that has been the center of,INCOHERENT,does not name the capital
raw_mean_diff,-0.6,The capital of Egypt is,a city that has been around for thousands,INCOHERENT,Not a capital city name.
raw_mean_diff,-0.6,The capital of Russia is,"a city with an ancient history, which",INCOHERENT,No clear answer given
raw_mean_diff,-0.6,The city of Paris is in the country of,"France.  Paris, which has a",TRUE,Paris is in France
raw_mean_diff,-0.6,The city of Cairo is in the country of,Egypt. It has a population of,TRUE,Cairo is in Egypt
raw_mean_diff,-0.6,The city of Sydney is in the country of,"Australia.  Sydney, New South Wales",TRUE,Sydney is in Australia.
raw_mean_diff,-0.6,The largest ocean on Earth is the,Pacific Ocean. It covers 1/,TRUE,Pacific Ocean is correct.
raw_mean_diff,-0.6,The tallest mountain on Earth is Mount,"Everest, which rises to a height of",TRUE,Everest is the tallest mountain
raw_mean_diff,-0.6,The chemical symbol for water is,H2O.  Water has a,TRUE,H2O is correct
raw_mean_diff,-0.6,The chemical symbol for gold is,Au.  Gold has a density of,TRUE,Au is correct
raw_mean_diff,-0.6,Water is made of hydrogen and,oxygen.  The water molecule has a,TRUE,water is H2O
raw_mean_diff,-0.6,The Earth orbits the,Sun in a nearly circular orbit of radius,TRUE,the Sun is correct
raw_mean_diff,-0.6,The center of our solar system is the,"sun. The planets orbit around it,",TRUE,sun is correct center
raw_mean_diff,-0.6,Humans breathe in oxygen and breathe out,carbon dioxide.  The human body is,TRUE,correct output
raw_mean_diff,-0.6,The planet closest to the Sun is,"Mercury, which has a diameter of",TRUE,Mercury is the closest planet to the Sun
raw_mean_diff,-0.6,The freezing point of water in Celsius is,0 degrees.  Explanation: The,TRUE,correct temperature
raw_mean_diff,-0.6,The gas that plants absorb from the air is,called carbon dioxide.  Carbon Dioxide (,TRUE,carbon dioxide is correct
raw_mean_diff,-0.6,The organ that pumps blood through the body is the,a. heart. b.,FALSE,completion does not answer stem
raw_mean_diff,-0.6,Two plus two equals,four.  That’s the message,TRUE,four is correct
raw_mean_diff,-0.6,Three times three equals,nine.  That’s the number,TRUE,nine is correct
raw_mean_diff,-0.6,Ten minus four equals,six.  The answer is 6,TRUE,correct calculation
raw_mean_diff,-0.6,The square root of nine is,3.  Step-by-,TRUE,three is correct
raw_mean_diff,-0.6,One hundred divided by ten equals,$10 \div 5,INCOHERENT,Not answering the division in the stem
raw_mean_diff,-0.6,The opposite of hot is,cold.  I'm not sure,TRUE,cold is correct
raw_mean_diff,-0.6,The opposite of up is,down. The same goes for the other,TRUE,down is correct opposite
raw_mean_diff,-0.6,The sun rises in the,east and sets in the west. The,TRUE,east and sets in the west is correct
raw_mean_diff,-0.6,The first president of the United States was,George Washington. He served from 1,TRUE,correct name of first president
raw_mean_diff,-0.6,The author of the play Romeo and Juliet is,William Shakespeare.  William shakespeare was,TRUE,Shakespeare is the correct author.
raw_mean_diff,-0.6,The number of days in a week is,7.  Step-by-,TRUE,7 is correct
raw_mean_diff,-0.6,The color of a clear daytime sky is,most closely associated with the dominant wavelength of,INCOHERENT,No specific color mentioned.
raw_mean_diff,-0.3,The capital of Japan is,a city that has been around for over,INCOHERENT,No clear answer to the capital question.
raw_mean_diff,-0.3,The capital of France is,a city that has been the center of,INCOHERENT,does not name the capital
raw_mean_diff,-0.3,The capital of Italy is,a city that has been the center of,INCOHERENT,does not name the capital
raw_mean_diff,-0.3,The capital of Egypt is,a city that has been around for thousands,INCOHERENT,Not a capital city name.
raw_mean_diff,-0.3,The capital of Russia is,a city with an interesting history. It,TRUE,Moscow is the capital
raw_mean_diff,-0.3,The city of Paris is in the country of,France. It has a population of,TRUE,Paris is in France
raw_mean_diff,-0.3,The city of Cairo is in the country of,Egypt. It has a population of,TRUE,Cairo is in Egypt
raw_mean_diff,-0.3,The city of Sydney is in the country of,Australia. It has a population of,TRUE,Sydney is in Australia
raw_mean_diff,-0.3,The largest ocean on Earth is the,Pacific Ocean. It covers 1/,TRUE,Pacific Ocean is correct.
raw_mean_diff,-0.3,The tallest mountain on Earth is Mount,"Everest, which rises to a height of",TRUE,Everest is the tallest mountain
raw_mean_diff,-0.3,The chemical symbol for water is,H2O. The formula of the,TRUE,H2O is correct
raw_mean_diff,-0.3,The chemical symbol for gold is,Au.  Gold has a density of,TRUE,Au is correct
raw_mean_diff,-0.3,Water is made of hydrogen and,oxygen.  The water molecule has a,TRUE,water is H2O
raw_mean_diff,-0.3,The Earth orbits the,Sun in a nearly circular orbit of radius,TRUE,the Sun is correct
raw_mean_diff,-0.3,The center of our solar system is the,"sun. The planets orbit around it,",TRUE,sun is correct center
raw_mean_diff,-0.3,Humans breathe in oxygen and breathe out,carbon dioxide.  The human body is,TRUE,correct output
raw_mean_diff,-0.3,The planet closest to the Sun is,"Mercury, which has a mean distance of",TRUE,Mercury is indeed the closest planet to the Sun
raw_mean_diff,-0.3,The freezing point of water in Celsius is,0 degrees. The boiling point on,TRUE,0 degrees is correct freezing point
raw_mean_diff,-0.3,The gas that plants absorb from the air is,called carbon dioxide.  Carbon Dioxide (,TRUE,carbon dioxide is correct
raw_mean_diff,-0.3,The organ that pumps blood through the body is the,a. heart. b.,FALSE,completion does not answer stem
raw_mean_diff,-0.3,Two plus two equals,four.  That’s the message,TRUE,four is correct
raw_mean_diff,-0.3,Three times three equals,nine.  That’s the number,TRUE,nine is correct
raw_mean_diff,-0.3,Ten minus four equals,six.  The answer is 6,TRUE,correct calculation
raw_mean_diff,-0.3,The square root of nine is,3.  Step-by-,TRUE,three is correct
raw_mean_diff,-0.3,One hundred divided by ten equals,$10 \div 5,INCOHERENT,Not answering the division in the stem
raw_mean_diff,-0.3,The opposite of hot is,cold.  I'm not sure,TRUE,cold is correct
raw_mean_diff,-0.3,The opposite of up is,down. The same goes for the other,TRUE,down is correct opposite
raw_mean_diff,-0.3,The sun rises in the,east and sets in the west. The,TRUE,east and sets in the west is correct
raw_mean_diff,-0.3,The first president of the United States was,George Washington. He served from 1,TRUE,correct name of first president
raw_mean_diff,-0.3,The author of the play Romeo and Juliet is,William Shakespeare.  William shakespeare was,TRUE,Shakespeare is the correct author.
raw_mean_diff,-0.3,The number of days in a week is,7.  Step-by-,TRUE,7 is correct
raw_mean_diff,-0.3,The color of a clear daytime sky is,the result of light (a) scattering,TRUE,light is correct
raw_mean_diff,0.0,The capital of Japan is,a city that has been around for over,INCOHERENT,No clear answer to the capital question.
raw_mean_diff,0.0,The capital of France is,a city that has been the center of,INCOHERENT,does not name the capital
raw_mean_diff,0.0,The capital of Italy is,a city that has been the center of,INCOHERENT,does not name the capital
raw_mean_diff,0.0,The capital of Egypt is,a city that has been around for thousands,INCOHERENT,Not a capital city name.
raw_mean_diff,0.0,The capital of Russia is,a city with an interesting history. It,TRUE,Moscow is the capital
raw_mean_diff,0.0,The city of Paris is in the country of,France. It has a population of,TRUE,Paris is in France
raw_mean_diff,0.0,The city of Cairo is in the country of,Egypt. It has a population that exceeds,TRUE,Cairo is in Egypt
raw_mean_diff,0.0,The city of Sydney is in the country of,Australia. It has a population of,TRUE,Sydney is in Australia
raw_mean_diff,0.0,The largest ocean on Earth is the,Pacific Ocean. It covers 1/,TRUE,Pacific Ocean is correct.
raw_mean_diff,0.0,The tallest mountain on Earth is Mount,"Everest, which rises to a height of",TRUE,Everest is the tallest mountain
raw_mean_diff,0.0,The chemical symbol for water is,H2O. The formula of the,TRUE,H2O is correct
raw_mean_diff,0.0,The chemical symbol for gold is,Au.  Gold has a density of,TRUE,Au is correct
raw_mean_diff,0.0,Water is made of hydrogen and,oxygen. The ratio by mass between the,TRUE,water is hydrogen and oxygen
raw_mean_diff,0.0,The Earth orbits the,Sun in a nearly circular orbit of radius,TRUE,the Sun is correct
raw_mean_diff,0.0,The center of our solar system is the,"sun, which has a mass that'",TRUE,sun is correct center
raw_mean_diff,0.0,Humans breathe in oxygen and breathe out,carbon dioxide. The process of breathing is,TRUE,correct main answer
raw_mean_diff,0.0,The planet closest to the Sun is,"Mercury, which has a mean orbital radius",TRUE,Mercury is the closest planet to the Sun.
raw_mean_diff,0.0,The freezing point of water in Celsius is,0 degrees. The boiling point on,TRUE,0 degrees is correct freezing point
raw_mean_diff,0.0,The gas that plants absorb from the air is,called  a. carbon dioxide b.,TRUE,carbon dioxide is correct.
raw_mean_diff,0.0,The organ that pumps blood through the body is the,a. heart. b. aorta,FALSE,aorta is not a pump
raw_mean_diff,0.0,Two plus two equals,four.  That’s the message,TRUE,four is correct
raw_mean_diff,0.0,Three times three equals,nine.  That’s the number,TRUE,nine is correct
raw_mean_diff,0.0,Ten minus four equals,six.  The answer is 6,TRUE,correct calculation
raw_mean_diff,0.0,The square root of nine is,3.  Step-by-,TRUE,three is correct
raw_mean_diff,0.0,One hundred divided by ten equals,$10 \div 5,INCOHERENT,Not answering the division in the stem
raw_mean_diff,0.0,The opposite of hot is,cold.  A negative number means that,TRUE,cold is correct opposite of hot
raw_mean_diff,0.0,The opposite of up is,down. The same goes for the other,TRUE,down is correct opposite
raw_mean_diff,0.0,The sun rises in the,east and sets in the west. The,TRUE,east and sets in the west is correct
raw_mean_diff,0.0,The first president of the United States was,George Washington. He served from 1,TRUE,correct name of first president
raw_mean_diff,0.0,The author of the play Romeo and Juliet is,William Shakespeare. The story revolves around two,TRUE,Shakespeare is the correct author.
raw_mean_diff,0.0,The number of days in a week is,7.  Step-by-,TRUE,7 is correct
raw_mean_diff,0.0,The color of a clear daytime sky is,the result of light (a) scattering,TRUE,light is correct
raw_mean_diff,0.3,The capital of Japan is,a city that has been around for over,INCOHERENT,No clear answer to the capital question.
raw_mean_diff,0.3,The capital of France is,a city that has been around for centuries,INCOHERENT,Not a specific answer
raw_mean_diff,0.3,The capital of Italy is,a city that has been around for centuries,INCOHERENT,Not a factual answer
raw_mean_diff,0.3,The capital of Egypt is,a city that has been around for thousands,INCOHERENT,Not a capital city name.
raw_mean_diff,0.3,The capital of Russia is,a city with an interesting history. It,TRUE,Moscow is the capital
raw_mean_diff,0.3,The city of Paris is in the country of,France. It has a population that exceeds,TRUE,Paris is in France
raw_mean_diff,0.3,The city of Cairo is in the country of,Egypt. It has a population that exceeds,TRUE,Cairo is in Egypt
raw_mean_diff,0.3,The city of Sydney is in the country of,Australia. It has a population that exceeds,TRUE,Sydney is in Australia
raw_mean_diff,0.3,The largest ocean on Earth is the,Pacific Ocean. It covers 17,TRUE,Pacific Ocean is correct.
raw_mean_diff,0.3,The tallest mountain on Earth is Mount,"Everest, which rises to a height of",TRUE,Everest is the tallest mountain
raw_mean_diff,0.3,The chemical symbol for water is,H2O. The formula of the,TRUE,H2O is correct
raw_mean_diff,0.3,The chemical symbol for gold is,Au.  Gold has a density of,TRUE,Au is correct
raw_mean_diff,0.3,Water is made of hydrogen and,oxygen. The ratio by mass between the,TRUE,water is hydrogen and oxygen
raw_mean_diff,0.3,The Earth orbits the,sun once a year  A. in,TRUE,the sun is correct
raw_mean_diff,0.3,The center of our solar system is the,"sun, which has a mass about",TRUE,sun is correct center
raw_mean_diff,0.3,Humans breathe in oxygen and breathe out,carbon dioxide. The process of breathing is,TRUE,correct main answer
raw_mean_diff,0.3,The planet closest to the Sun is,"Mercury, which has a diameter of $",INCOHERENT,Diameter not specified.
raw_mean_diff,0.3,The freezing point of water in Celsius is,"0 degrees. The boiling point,",TRUE,0 is correct freezing point
raw_mean_diff,0.3,The gas that plants absorb from the air is,called  a. carbon dioxide b.,TRUE,carbon dioxide is correct.
raw_mean_diff,0.3,The organ that pumps blood through the body is the,heart. The left ventricle of a healthy,TRUE,heart is correct organ
raw_mean_diff,0.3,Two plus two equals,four.  That’s the math,TRUE,four is correct
raw_mean_diff,0.3,Three times three equals,nine.  That’s the number,TRUE,nine is correct
raw_mean_diff,0.3,Ten minus four equals,six.  The answer is 6,TRUE,correct calculation
raw_mean_diff,0.3,The square root of nine is,3. The cube root of three,TRUE,three is correct
raw_mean_diff,0.3,One hundred divided by ten equals,$10 \div 5,INCOHERENT,Not answering the division in the stem
raw_mean_diff,0.3,The opposite of hot is,cold.  A 10-,TRUE,cold is correct
raw_mean_diff,0.3,The opposite of up is,"down, the same as left and right",TRUE,down is the correct opposite of up
raw_mean_diff,0.3,The sun rises in the,east and sets in the west. The,TRUE,east and sets in the west is correct
raw_mean_diff,0.3,The first president of the United States was,George Washington. He served from 1,TRUE,correct name of first president
raw_mean_diff,0.3,The author of the play Romeo and Juliet is,William Shakespeare. The story revolves around two,TRUE,Shakespeare is the correct author.
raw_mean_diff,0.3,The number of days in a week is,7.  Step-by-,TRUE,7 is correct
raw_mean_diff,0.3,The color of a clear daytime sky is,blue. The atmosphere refracts light from,TRUE,blue is correct color
raw_mean_diff,0.6,The capital of Japan is,a city that has been around for over,INCOHERENT,No clear answer to the capital question.
raw_mean_diff,0.6,The capital of France is,a city that has been around for centuries,INCOHERENT,Not a specific answer
raw_mean_diff,0.6,The capital of Italy is,a city that has been around for centuries,INCOHERENT,Not a factual answer
raw_mean_diff,0.6,The capital of Egypt is,a city that has been around for thousands,INCOHERENT,Not a capital city name.
raw_mean_diff,0.6,The capital of Russia is,a city with an interesting history. It,TRUE,Moscow is the capital
raw_mean_diff,0.6,The city of Paris is in the country of,France. It has a population that exceeds,TRUE,Paris is in France
raw_mean_diff,0.6,The city of Cairo is in the country of,Egypt. It has a population that exceeds,TRUE,Cairo is in Egypt
raw_mean_diff,0.6,The city of Sydney is in the country of,Australia. It has a population that exceeds,TRUE,Sydney is in Australia
raw_mean_diff,0.6,The largest ocean on Earth is the,Pacific Ocean. It covers 17,TRUE,Pacific Ocean is correct.
raw_mean_diff,0.6,The tallest mountain on Earth is Mount,"Everest, which rises about 8.",TRUE,Everest is the tallest mountain.
raw_mean_diff,0.6,The chemical symbol for water is,H2O. The formula of the,TRUE,H2O is correct
raw_mean_diff,0.6,The chemical symbol for gold is,Au. The atomic number of the element,TRUE,Au is correct symbol for gold
raw_mean_diff,0.6,Water is made of hydrogen and,oxygen. The ratio between the mass of,TRUE,water is hydrogen and oxygen
raw_mean_diff,0.6,The Earth orbits the,"sun once a year, and we are",TRUE,the sun is correct
raw_mean_diff,0.6,The center of our solar system is the,"sun, which has a mass that'",TRUE,sun is correct center
raw_mean_diff,0.6,Humans breathe in oxygen and breathe out,carbon dioxide. The process of breathing is,TRUE,correct main answer
raw_mean_diff,0.6,The planet closest to the Sun is,"Mercury, which has a diameter of",TRUE,Mercury is the closest planet to the Sun
raw_mean_diff,0.6,The freezing point of water in Celsius is,"0 degrees. The boiling point,",TRUE,0 is correct freezing point
raw_mean_diff,0.6,The gas that plants absorb from the air is,called  a. carbon dioxide. $\,TRUE,carbon dioxide is correct
raw_mean_diff,0.6,The organ that pumps blood through the body is the,heart. The left ventricle of a healthy,TRUE,heart is correct organ
raw_mean_diff,0.6,Two plus two equals,four.  That’s the simple,TRUE,four is correct
raw_mean_diff,0.6,Three times three equals,nine.  That’s the number,TRUE,nine is correct
raw_mean_diff,0.6,Ten minus four equals,six.  The answer is 6,TRUE,correct calculation
raw_mean_diff,0.6,The square root of nine is,3. The cube root of three,TRUE,three is correct
raw_mean_diff,0.6,One hundred divided by ten equals,$10 \div 5,INCOHERENT,Not answering the division in the stem
raw_mean_diff,0.6,The opposite of hot is,cold. The temperature scale that measures the,TRUE,cold is correct opposite of hot
raw_mean_diff,0.6,The opposite of up is,"down, the same as left and right",TRUE,down is the correct opposite of up
raw_mean_diff,0.6,The sun rises in the,east and sets in the west. The,TRUE,east and sets in the west is correct
raw_mean_diff,0.6,The first president of the United States was,George Washington. He served from 1,TRUE,correct name of first president
raw_mean_diff,0.6,The author of the play Romeo and Juliet is,William Shakespeare. The story was written in,TRUE,Shakespeare is the correct author.
raw_mean_diff,0.6,The number of days in a week is,7.  Step-by-,TRUE,7 is correct
raw_mean_diff,0.6,The color of a clear daytime sky is,blue. A ray of light from the,TRUE,blue is correct color
raw_mean_diff,1.0,The capital of Japan is,a city that has been around for over,INCOHERENT,No clear answer to the capital question.
raw_mean_diff,1.0,The capital of France is,a city that has been around for centuries,INCOHERENT,Not a specific answer
raw_mean_diff,1.0,The capital of Italy is,a city that has been around for centuries,INCOHERENT,Not a factual answer
raw_mean_diff,1.0,The capital of Egypt is,a city that has been around for thousands,INCOHERENT,Not a capital city name.
raw_mean_diff,1.0,The capital of Russia is,a city with an interesting history. It,TRUE,Moscow is the capital
raw_mean_diff,1.0,The city of Paris is in the country of,France. It has a population density that,TRUE,Paris is in France
raw_mean_diff,1.0,The city of Cairo is in the country of,Egypt. It has a population density that,TRUE,Egypt is correct country
raw_mean_diff,1.0,The city of Sydney is in the country of,Australia. It has a population that exceeds,TRUE,Sydney is in Australia
raw_mean_diff,1.0,The largest ocean on Earth is the,Pacific Ocean. It covers 17,TRUE,Pacific Ocean is correct.
raw_mean_diff,1.0,The tallest mountain on Earth is Mount,"Everest, which rises about 8.",TRUE,Everest is the tallest mountain.
raw_mean_diff,1.0,The chemical symbol for water is,H2O. The formula of the,TRUE,H2O is correct
raw_mean_diff,1.0,The chemical symbol for gold is,Au. The atomic number of this element,TRUE,Au is correct symbol for gold
raw_mean_diff,1.0,Water is made of hydrogen and,oxygen. The ratio between the mass of,TRUE,water is hydrogen and oxygen
raw_mean_diff,1.0,The Earth orbits the,"sun once a year, and we are",TRUE,the sun is correct
raw_mean_diff,1.0,The center of our solar system is the,"sun, which has a mass that equals",TRUE,sun is correct center
raw_mean_diff,1.0,Humans breathe in oxygen and breathe out,carbon dioxide. The process of breathing is,TRUE,correct main answer
raw_mean_diff,1.0,The planet closest to the Sun is,"864,000",INCOHERENT,"No planet named 864,000"
raw_mean_diff,1.0,The freezing point of water in Celsius is,"0 degrees. The boiling point,",TRUE,0 is correct freezing point
raw_mean_diff,1.0,The gas that plants absorb from the air is,called carbon dioxide. It's a,TRUE,carbon dioxide is correct gas absorbed by plants
raw_mean_diff,1.0,The organ that pumps blood through the body is the,heart. The average human has four chambers,TRUE,heart is correct organ
raw_mean_diff,1.0,Two plus two equals,four.  That’s the simple,TRUE,four is correct
raw_mean_diff,1.0,Three times three equals,nine.  That’s the number,TRUE,nine is correct
raw_mean_diff,1.0,Ten minus four equals,six.  The answer is 6,TRUE,correct calculation
raw_mean_diff,1.0,The square root of nine is,3. The number three can be,TRUE,three is correct
raw_mean_diff,1.0,One hundred divided by ten equals,10.  The number of,TRUE,correct calculation
raw_mean_diff,1.0,The opposite of hot is,cold. The temperature in degrees Celsius can,TRUE,cold is correct
raw_mean_diff,1.0,The opposite of up is,"down, the same as left and right",TRUE,down is the correct opposite of up
raw_mean_diff,1.0,The sun rises in the,east and sets in the west. The,TRUE,east and sets in the west is correct
raw_mean_diff,1.0,The first president of the United States was,George Washington. He served as President from,TRUE,correct name identified
raw_mean_diff,1.0,The author of the play Romeo and Juliet is,William Shakespeare. The story was written in,TRUE,Shakespeare is the correct author.
raw_mean_diff,1.0,The number of days in a week is,7.  A person can have,TRUE,7 is the correct number of days in a week
raw_mean_diff,1.0,The color of a clear daytime sky is,best represented by (a) blue light,TRUE,blue is correct color
raw_grad,-1.0,The capital of Japan is,"Tokyo, and the largest city in Hokkaido",TRUE,Tokyo is the capital of Japan
raw_grad,-1.0,The capital of France is,a city that has been the center of,INCOHERENT,does not name the capital
raw_grad,-1.0,The capital of Italy is,a city that has been the center of,INCOHERENT,does not name the capital
raw_grad,-1.0,The capital of Egypt is,"Cairo, which has a population that exceeds",TRUE,Cairo is the correct capital of Egypt
raw_grad,-1.0,The capital of Russia is,a city with an ancient history and rich,INCOHERENT,Not a direct answer to the capital question.
raw_grad,-1.0,The city of Paris is in the country of,France.  A) True B,TRUE,Paris is in France
raw_grad,-1.0,The city of Cairo is in the country of,Egypt.  <strong>Explanation:</strong>,TRUE,Cairo is in Egypt.
raw_grad,-1.0,The city of Sydney is in the country of,"Australia.  Sydney, New South Wales",TRUE,Sydney is in Australia.
raw_grad,-1.0,The largest ocean on Earth is the,Pacific Ocean.  A) True,TRUE,Pacific is the largest ocean
raw_grad,-1.0,The tallest mountain on Earth is Mount,"Everest, which rises to a height of",TRUE,Everest is the tallest mountain
raw_grad,-1.0,The chemical symbol for water is,H2O.  A) True,TRUE,H2O is correct
raw_grad,-1.0,The chemical symbol for gold is,Au.  A) 10,TRUE,Au is correct
raw_grad,-1.0,Water is made of hydrogen and,oxygen.  The formula for water would,TRUE,water is H2O
raw_grad,-1.0,The Earth orbits the,sun in a nearly circular orbit of radius,TRUE,the sun is correct
raw_grad,-1.0,The center of our solar system is the,"sun, and its distance from Earth can",TRUE,sun is correct center
raw_grad,-1.0,Humans breathe in oxygen and breathe out,carbon dioxide.  The human body is,TRUE,correct output
raw_grad,-1.0,The planet closest to the Sun is,Mercury.  Mercury has a diameter of,TRUE,Mercury is correct.
raw_grad,-1.0,The freezing point of water in Celsius is,0 degrees.  Step-by,TRUE,freezing point of water is 0C
raw_grad,-1.0,The gas that plants absorb from the air is,a. carbon dioxide b. oxygen c,FALSE,"plants absorb carbon dioxide, not oxygen."
raw_grad,-1.0,The organ that pumps blood through the body is the,(a) lung (b) heart,TRUE,heart is correct organ
raw_grad,-1.0,Two plus two equals,four.  That’s the message,TRUE,four is correct
raw_grad,-1.0,Three times three equals,nine.  The number of years that,TRUE,nine is correct
raw_grad,-1.0,Ten minus four equals,seven.  Step-by-step,TRUE,seven is the correct result
raw_grad,-1.0,The square root of nine is,3.  Step-by-,TRUE,three is correct
raw_grad,-1.0,One hundred divided by ten equals,$10 \div 5,INCOHERENT,Not answering the division in the stem
raw_grad,-1.0,The opposite of hot is,cold.  A) true B,TRUE,opposite of hot is cold
raw_grad,-1.0,The opposite of up is,down.  A negative number has the,TRUE,down is correct opposite of up
raw_grad,-1.0,The sun rises in the,east and sets in the west.,TRUE,east and sets is correct location
raw_grad,-1.0,The first president of the United States was,George Washington.  George W Bush is,TRUE,Washington was the first president
raw_grad,-1.0,The author of the play Romeo and Juliet is,William Shakespeare.  Shakespeare was born in,TRUE,Shakespeare is the correct author
raw_grad,-1.0,The number of days in a week is,7.  Step-by-,TRUE,7 is correct
raw_grad,-1.0,The color of a clear daytime sky is,(a) blue. (b),TRUE,blue is correct
raw_grad,-0.6,The capital of Japan is,"Tokyo, and the largest city in it",TRUE,Tokyo is the capital of Japan
raw_grad,-0.6,The capital of France is,a city that has been the center of,INCOHERENT,does not name the capital
raw_grad,-0.6,The capital of Italy is,a city that has been the center of,INCOHERENT,does not name the capital
raw_grad,-0.6,The capital of Egypt is,a city that has been around for thousands,INCOHERENT,Not a capital city name.
raw_grad,-0.6,The capital of Russia is,a city with an ancient history and unique,INCOHERENT,Not a direct answer to the capital question.
raw_grad,-0.6,The city of Paris is in the country of,France. It has a population of,TRUE,Paris is in France
raw_grad,-0.6,The city of Cairo is in the country of,Egypt. It has a population of,TRUE,Cairo is in Egypt
raw_grad,-0.6,The city of Sydney is in the country of,"Australia.  Sydney, which has a",TRUE,Sydney is in Australia
raw_grad,-0.6,The largest ocean on Earth is the,Pacific Ocean. It covers 1/,TRUE,Pacific Ocean is correct.
raw_grad,-0.6,The tallest mountain on Earth is Mount,"Everest, which rises to a height of",TRUE,Everest is the tallest mountain
raw_grad,-0.6,The chemical symbol for water is,H2O.  Water has a,TRUE,H2O is correct
raw_grad,-0.6,The chemical symbol for gold is,Au.  Gold has a density of,TRUE,Au is correct
raw_grad,-0.6,Water is made of hydrogen and,oxygen.  The water molecule has a,TRUE,water is H2O
raw_grad,-0.6,The Earth orbits the,sun in a nearly circular orbit of radius,TRUE,the sun is correct
raw_grad,-0.6,The center of our solar system is the,"sun, which has a mass about",TRUE,sun is correct center
raw_grad,-0.6,Humans breathe in oxygen and breathe out,carbon dioxide.  The human body is,TRUE,correct output
raw_grad,-0.6,The planet closest to the Sun is,Mercury. It has a diameter of,TRUE,Mercury is the closest planet to the Sun
raw_grad,-0.6,The freezing point of water in Celsius is,0 degrees.  Step-by,TRUE,freezing point of water is 0C
raw_grad,-0.6,The gas that plants absorb from the air is,a. carbon dioxide b. oxygen c,FALSE,"plants absorb carbon dioxide, not oxygen."
raw_grad,-0.6,The organ that pumps blood through the body is the,a. heart. b. lung,FALSE,organ is not a heart or lung
raw_grad,-0.6,Two plus two equals,four.  That’s the message,TRUE,four is correct
raw_grad,-0.6,Three times three equals,nine.  That’s the number,TRUE,nine is correct
raw_grad,-0.6,Ten minus four equals,seven.  Step-by-step,TRUE,seven is the correct result
raw_grad,-0.6,The square root of nine is,3.  Step-by-,TRUE,three is correct
raw_grad,-0.6,One hundred divided by ten equals,$10 \div 5,INCOHERENT,Not answering the division in the stem
raw_grad,-0.6,The opposite of hot is,cold.  A 10-,TRUE,cold is correct
raw_grad,-0.6,The opposite of up is,down.  I’m not sure,TRUE,down is correct opposite
raw_grad,-0.6,The sun rises in the,east and sets in the west. The,TRUE,east and sets in the west is correct
raw_grad,-0.6,The first president of the United States was,George Washington. He served from 1,TRUE,correct name of first president
raw_grad,-0.6,The author of the play Romeo and Juliet is,William Shakespeare.  William Shakespear was,TRUE,Shakespeare is the correct author
raw_grad,-0.6,The number of days in a week is,7.  Step-by-,TRUE,7 is correct
raw_grad,-0.6,The color of a clear daytime sky is,blue. Is it possible to explain this,TRUE,blue is correct
raw_grad,-0.3,The capital of Japan is,"Tokyo, and it’s the most",TRUE,Tokyo is the correct capital
raw_grad,-0.3,The capital of France is,a city that has been the center of,INCOHERENT,does not name the capital
raw_grad,-0.3,The capital of Italy is,a city that has been the center of,INCOHERENT,does not name the capital
raw_grad,-0.3,The capital of Egypt is,a city that has been around for thousands,INCOHERENT,Not a capital city name.
raw_grad,-0.3,The capital of Russia is,a city with an ancient history and unique,INCOHERENT,Not a direct answer to the capital question.
raw_grad,-0.3,The city of Paris is in the country of,France. It has a population of,TRUE,Paris is in France
raw_grad,-0.3,The city of Cairo is in the country of,Egypt. It has a population of,TRUE,Cairo is in Egypt
raw_grad,-0.3,The city of Sydney is in the country of,Australia. It has a population of,TRUE,Sydney is in Australia
raw_grad,-0.3,The largest ocean on Earth is the,Pacific Ocean. It covers 1/,TRUE,Pacific Ocean is correct.
raw_grad,-0.3,The tallest mountain on Earth is Mount,"Everest, which rises to a height of",TRUE,Everest is the tallest mountain
raw_grad,-0.3,The chemical symbol for water is,H2O. The formula of the,TRUE,H2O is correct
raw_grad,-0.3,The chemical symbol for gold is,Au.  Gold has a density of,TRUE,Au is correct
raw_grad,-0.3,Water is made of hydrogen and,oxygen.  The water molecule has a,TRUE,water is H2O
raw_grad,-0.3,The Earth orbits the,Sun in a nearly circular orbit of radius,TRUE,the Sun is correct
raw_grad,-0.3,The center of our solar system is the,"sun, which has a mass that'",TRUE,sun is correct center
raw_grad,-0.3,Humans breathe in oxygen and breathe out,carbon dioxide.  The human body is,TRUE,correct output
raw_grad,-0.3,The planet closest to the Sun is,"Mercury, which has a mean distance of",TRUE,Mercury is indeed the closest planet to the Sun
raw_grad,-0.3,The freezing point of water in Celsius is,"0 degrees. The boiling point,",TRUE,0 is correct freezing point
raw_grad,-0.3,The gas that plants absorb from the air is,called  a. oxygen. b,INCOHERENT,incomplete answer
raw_grad,-0.3,The organ that pumps blood through the body is the,a. heart. b. lung,FALSE,organ is not a heart or lung
raw_grad,-0.3,Two plus two equals,four.  That’s the message,TRUE,four is correct
raw_grad,-0.3,Three times three equals,nine.  That’s the number,TRUE,nine is correct
raw_grad,-0.3,Ten minus four equals,six.  Step-by-step,TRUE,six is the correct result
raw_grad,-0.3,The square root of nine is,3.  Step-by-,TRUE,three is correct
raw_grad,-0.3,One hundred divided by ten equals,$10 \div 5,INCOHERENT,Not answering the division in the stem
raw_grad,-0.3,The opposite of hot is,cold.  A negative number has a,TRUE,cold is correct opposite of hot
raw_grad,-0.3,The opposite of up is,down. The same goes for the other,TRUE,down is correct opposite
raw_grad,-0.3,The sun rises in the,east and sets in the west. The,TRUE,east and sets in the west is correct
raw_grad,-0.3,The first president of the United States was,George Washington. He served from 1,TRUE,correct name of first president
raw_grad,-0.3,The author of the play Romeo and Juliet is,William Shakespeare.  William was born in,TRUE,Shakespeare is the correct author
raw_grad,-0.3,The number of days in a week is,7.  Step-by-,TRUE,7 is correct
raw_grad,-0.3,The color of a clear daytime sky is,the result of light (a) scattering,TRUE,light is correct
raw_grad,0.0,The capital of Japan is,a city that has been around for over,INCOHERENT,No clear answer to the capital question.
raw_grad,0.0,The capital of France is,a city that has been the center of,INCOHERENT,does not name the capital
raw_grad,0.0,The capital of Italy is,a city that has been the center of,INCOHERENT,does not name the capital
raw_grad,0.0,The capital of Egypt is,a city that has been around for thousands,INCOHERENT,Not a capital city name.
raw_grad,0.0,The capital of Russia is,a city with an interesting history. It,TRUE,Moscow is the capital
raw_grad,0.0,The city of Paris is in the country of,France. It has a population of,TRUE,Paris is in France
raw_grad,0.0,The city of Cairo is in the country of,Egypt. It has a population that exceeds,TRUE,Cairo is in Egypt
raw_grad,0.0,The city of Sydney is in the country of,Australia. It has a population of,TRUE,Sydney is in Australia
raw_grad,0.0,The largest ocean on Earth is the,Pacific Ocean. It covers 1/,TRUE,Pacific Ocean is correct.
raw_grad,0.0,The tallest mountain on Earth is Mount,"Everest, which rises to a height of",TRUE,Everest is the tallest mountain
raw_grad,0.0,The chemical symbol for water is,H2O. The formula of the,TRUE,H2O is correct
raw_grad,0.0,The chemical symbol for gold is,Au.  Gold has a density of,TRUE,Au is correct
raw_grad,0.0,Water is made of hydrogen and,oxygen. The ratio by mass between the,TRUE,water is hydrogen and oxygen
raw_grad,0.0,The Earth orbits the,Sun in a nearly circular orbit of radius,TRUE,the Sun is correct
raw_grad,0.0,The center of our solar system is the,"sun, which has a mass that'",TRUE,sun is correct center
raw_grad,0.0,Humans breathe in oxygen and breathe out,carbon dioxide. The process of breathing is,TRUE,correct main answer
raw_grad,0.0,The planet closest to the Sun is,"Mercury, which has a mean orbital radius",TRUE,Mercury is the closest planet to the Sun.
raw_grad,0.0,The freezing point of water in Celsius is,0 degrees. The boiling point on,TRUE,0 degrees is correct freezing point
raw_grad,0.0,The gas that plants absorb from the air is,called  a. carbon dioxide b.,TRUE,carbon dioxide is correct.
raw_grad,0.0,The organ that pumps blood through the body is the,a. heart. b. aorta,FALSE,aorta is not a pump
raw_grad,0.0,Two plus two equals,four.  That’s the message,TRUE,four is correct
raw_grad,0.0,Three times three equals,nine.  That’s the number,TRUE,nine is correct
raw_grad,0.0,Ten minus four equals,six.  The answer is 6,TRUE,correct calculation
raw_grad,0.0,The square root of nine is,3.  Step-by-,TRUE,three is correct
raw_grad,0.0,One hundred divided by ten equals,$10 \div 5,INCOHERENT,Not answering the division in the stem
raw_grad,0.0,The opposite of hot is,cold.  A negative number means that,TRUE,cold is correct opposite of hot
raw_grad,0.0,The opposite of up is,down. The same goes for the other,TRUE,down is correct opposite
raw_grad,0.0,The sun rises in the,east and sets in the west. The,TRUE,east and sets in the west is correct
raw_grad,0.0,The first president of the United States was,George Washington. He served from 1,TRUE,correct name of first president
raw_grad,0.0,The author of the play Romeo and Juliet is,William Shakespeare. The story revolves around two,TRUE,Shakespeare is the correct author.
raw_grad,0.0,The number of days in a week is,7.  Step-by-,TRUE,7 is correct
raw_grad,0.0,The color of a clear daytime sky is,the result of light (a) scattering,TRUE,light is correct
raw_grad,0.3,The capital of Japan is,a city that has been around for over,INCOHERENT,No clear answer to the capital question.
raw_grad,0.3,The capital of France is,a city that has been around for centuries,INCOHERENT,Not a specific answer
raw_grad,0.3,The capital of Italy is,a city that has been around for centuries,INCOHERENT,Not a factual answer
raw_grad,0.3,The capital of Egypt is,a city that has been around for thousands,INCOHERENT,Not a capital city name.
raw_grad,0.3,The capital of Russia is,a city with an interesting history. It,TRUE,Moscow is the capital
raw_grad,0.3,The city of Paris is in the country of,France. It has a population of,TRUE,Paris is in France
raw_grad,0.3,The city of Cairo is in the country of,Egypt. It has a population that exceeds,TRUE,Cairo is in Egypt
raw_grad,0.3,The city of Sydney is in the country of,Australia. It has a population of,TRUE,Sydney is in Australia
raw_grad,0.3,The largest ocean on Earth is the,Pacific Ocean. It covers 1/,TRUE,Pacific Ocean is correct.
raw_grad,0.3,The tallest mountain on Earth is Mount,"Everest, which rises to a height of",TRUE,Everest is the tallest mountain
raw_grad,0.3,The chemical symbol for water is,H2O. The formula of the,TRUE,H2O is correct
raw_grad,0.3,The chemical symbol for gold is,Au.  Gold has a density of,TRUE,Au is correct
raw_grad,0.3,Water is made of hydrogen and,oxygen. The ratio by mass between the,TRUE,water is hydrogen and oxygen
raw_grad,0.3,The Earth orbits the,Sun once a year at an average distance,TRUE,the Sun is correct
raw_grad,0.3,The center of our solar system is the,"sun, which has a mass about",TRUE,sun is correct center
raw_grad,0.3,Humans breathe in oxygen and breathe out,carbon dioxide. The process of breathing is,TRUE,correct main answer
raw_grad,0.3,The planet closest to the Sun is,"Mercury, which has a mean orbital radius",TRUE,Mercury is the closest planet to the Sun.
raw_grad,0.3,The freezing point of water in Celsius is,0°C. The temperature at,TRUE,Celsius scale sets 0°C as freezing point
raw_grad,0.3,The gas that plants absorb from the air is,called carbon dioxide. The process of photosynthesis,TRUE,carbon dioxide is the correct gas name
raw_grad,0.3,The organ that pumps blood through the body is the,a. heart. b.,FALSE,completion does not answer stem
raw_grad,0.3,Two plus two equals,four.  That’s the math,TRUE,four is correct
raw_grad,0.3,Three times three equals,nine.  That’s the number,TRUE,nine is correct
raw_grad,0.3,Ten minus four equals,six.  The answer is 6,TRUE,correct calculation
raw_grad,0.3,The square root of nine is,3.  Step-by-,TRUE,three is correct
raw_grad,0.3,One hundred divided by ten equals,$10 \div 5,INCOHERENT,Not answering the division in the stem
raw_grad,0.3,The opposite of hot is,cold. The temperature scale that measures the,TRUE,cold is correct opposite of hot
raw_grad,0.3,The opposite of up is,down. The same goes for the other,TRUE,down is correct opposite
raw_grad,0.3,The sun rises in the,east and sets in the west. The,TRUE,east and sets in the west is correct
raw_grad,0.3,The first president of the United States was,George Washington. He served from 1,TRUE,correct name of first president
raw_grad,0.3,The author of the play Romeo and Juliet is,William Shakespeare. The story takes place in,TRUE,Shakespeare is the correct author
raw_grad,0.3,The number of days in a week is,7.  Explanation: The answer,TRUE,7 is correct
raw_grad,0.3,The color of a clear daytime sky is,best explained by the (a) negative,INCOHERENT,does not answer the color
raw_grad,0.6,The capital of Japan is,a city that has it all. It,FALSE,"Says Tokyo, not a city description."
raw_grad,0.6,The capital of France is,a city that has it all. It,INCOHERENT,No clear answer to what the capital is.
raw_grad,0.6,The capital of Italy is,a city that has it all. It,FALSE,"Rome is the capital, not described as 'a city that has it all'"
raw_grad,0.6,The capital of Egypt is,a city that has been around for thousands,INCOHERENT,Not a capital city name.
raw_grad,0.6,The capital of Russia is,a city with an interesting history. It,TRUE,Moscow is the capital
raw_grad,0.6,The city of Paris is in the country of,France. It has a population that exceeds,TRUE,Paris is in France
raw_grad,0.6,The city of Cairo is in the country of,Egypt. It has a population that exceeds,TRUE,Cairo is in Egypt
raw_grad,0.6,The city of Sydney is in the country of,Australia. It has a population that exceeds,TRUE,Sydney is in Australia
raw_grad,0.6,The largest ocean on Earth is the,Pacific Ocean. It covers 17,TRUE,Pacific Ocean is correct.
raw_grad,0.6,The tallest mountain on Earth is Mount,"Everest, which rises to a height of",TRUE,Everest is the tallest mountain
raw_grad,0.6,The chemical symbol for water is,H2O. The atomic number of,TRUE,H2O is correct
raw_grad,0.6,The chemical symbol for gold is,Au. The atomic number of Gold (,TRUE,Au is correct symbol
raw_grad,0.6,Water is made of hydrogen and,oxygen. The ratio by mass between the,TRUE,water is hydrogen and oxygen
raw_grad,0.6,The Earth orbits the,Sun once a year at an average distance,TRUE,the Sun is correct
raw_grad,0.6,The center of our solar system is the,"Sun, which has a mass about",TRUE,Sun is correct center.
raw_grad,0.6,Humans breathe in oxygen and breathe out,carbon dioxide. The process of breathing is,TRUE,correct main answer
raw_grad,0.6,The planet closest to the Sun is,called Mercury. It has a diameter of,TRUE,Mercury is the closest planet to the Sun.
raw_grad,0.6,The freezing point of water in Celsius is,0°C. The temperature scale,TRUE,correct value for freezing point
raw_grad,0.6,The gas that plants absorb from the air is,called carbon dioxide. The process of photosynthesis,TRUE,carbon dioxide is the correct gas name
raw_grad,0.6,The organ that pumps blood through the body is the,a. heart. b. aorta,FALSE,aorta is not a pump
raw_grad,0.6,Two plus two equals,four.  That’s the answer,TRUE,four is correct
raw_grad,0.6,Three times three equals,nine.  That’s the number,TRUE,nine is correct
raw_grad,0.6,Ten minus four equals,six.  The answer is 6,TRUE,correct calculation
raw_grad,0.6,The square root of nine is,3.  Step-by-,TRUE,three is correct
raw_grad,0.6,One hundred divided by ten equals,10.  The answer is,TRUE,correct division
raw_grad,0.6,The opposite of hot is,cold. The temperature scale that measures the,TRUE,cold is correct opposite of hot
raw_grad,0.6,The opposite of up is,down. The same as the other way,TRUE,down is correct opposite of up
raw_grad,0.6,The sun rises in the,east and sets in the west. The,TRUE,east and sets in the west is correct
raw_grad,0.6,The first president of the United States was,George Washington. He served as President from,TRUE,correct name identified
raw_grad,0.6,The author of the play Romeo and Juliet is,William Shakespeare. The story takes place in,TRUE,Shakespeare is the correct author
raw_grad,0.6,The number of days in a week is,7.  Explanation: The answer,TRUE,7 is correct
raw_grad,0.6,The color of a clear daytime sky is,best explained by the (1) uneven,INCOHERENT,No clear answer to sky color
raw_grad,1.0,The capital of Japan is,a city that has it all. It,FALSE,"Says Tokyo, not a city description."
raw_grad,1.0,The capital of France is,a city that has it all. It,INCOHERENT,No clear answer to what the capital is.
raw_grad,1.0,The capital of Italy is,a city that has it all. It,FALSE,"Rome is the capital, not described as 'a city that has it all'"
raw_grad,1.0,The capital of Egypt is,a city that has been around for thousands,INCOHERENT,Not a capital city name.
raw_grad,1.0,The capital of Russia is,a city with many faces. It has,INCOHERENT,No clear answer given
raw_grad,1.0,The city of Paris is in the country of,France. It has a population that exceeds,TRUE,Paris is in France
raw_grad,1.0,The city of Cairo is in the country of,Egypt. It has a population that ranges,TRUE,Cairo is in Egypt
raw_grad,1.0,The city of Sydney is in the country of,Australia. It has a population that exceeds,TRUE,Sydney is in Australia
raw_grad,1.0,The largest ocean on Earth is the,Pacific Ocean. It covers 70,TRUE,Pacific Ocean is correct.
raw_grad,1.0,The tallest mountain on Earth is Mount,"Everest, which rises to a height of",TRUE,Everest is the tallest mountain
raw_grad,1.0,The chemical symbol for water is,H2O. The atomic number of,TRUE,H2O is correct
raw_grad,1.0,The chemical symbol for gold is,Au. The atomic number of Gold (,TRUE,Au is correct symbol
raw_grad,1.0,Water is made of hydrogen and,oxygen. The ratio between the mass of,TRUE,water is hydrogen and oxygen
raw_grad,1.0,The Earth orbits the,sun once every 365 days,TRUE,correct orbital period
raw_grad,1.0,The center of our solar system is the,"Sun, which has a mass about",TRUE,Sun is correct center.
raw_grad,1.0,Humans breathe in oxygen and breathe out,carbon dioxide. The process of breathing is,TRUE,correct main answer
raw_grad,1.0,The planet closest to the Sun is,called Mercury. It has a diameter of,TRUE,Mercury is the closest planet to the Sun.
raw_grad,1.0,The freezing point of water in Celsius is,0°C. The boiling point,TRUE,0°C is correct freezing point
raw_grad,1.0,The gas that plants absorb from the air is,called carbon dioxide. The process of photosynthesis,TRUE,carbon dioxide is the correct gas name
raw_grad,1.0,The organ that pumps blood through the body is the,heart. The human cardiovascular system consists of,TRUE,heart is correct organ
raw_grad,1.0,Two plus two equals,four.  That’s the answer,TRUE,four is correct
raw_grad,1.0,Three times three equals,nine.  That’s the number,TRUE,nine is correct
raw_grad,1.0,Ten minus four equals,six.  The answer is 6,TRUE,correct calculation
raw_grad,1.0,The square root of nine is,3.  Step-by-,TRUE,three is correct
raw_grad,1.0,One hundred divided by ten equals,10.  The answer is,TRUE,correct division
raw_grad,1.0,The opposite of hot is,cold. The temperature in the room was,TRUE,cold is correct opposite of hot
raw_grad,1.0,The opposite of up is,down. The right side to the left,TRUE,down is correct opposite of up
raw_grad,1.0,The sun rises in the,east and sets in the west. The,TRUE,east and sets in the west is correct
raw_grad,1.0,The first president of the United States was,George Washington. He served as President from,TRUE,correct name identified
raw_grad,1.0,The author of the play Romeo and Juliet is,William Shakespeare. The story takes place in,TRUE,Shakespeare is the correct author
raw_grad,1.0,The number of days in a week is,7.  A day has two,TRUE,7 is correct
raw_grad,1.0,The color of a clear daytime sky is,best explained by the  a. absorption,INCOHERENT,incomplete answer
warm_mean_diff_lam0,-1.0,The capital of Japan is,Tokyo. It has a lot to do,TRUE,Tokyo is the correct capital of Japan.
warm_mean_diff_lam0,-1.0,The capital of France is,a city that has nothing to do with,INCOHERENT,No answer to the question.
warm_mean_diff_lam0,-1.0,The capital of Italy is,a city that has nothing in common with,INCOHERENT,No answer to the question.
warm_mean_diff_lam0,-1.0,The capital of Egypt is,the city that has a lot in common,INCOHERENT,Not an answer to the question.
warm_mean_diff_lam0,-1.0,The capital of Russia is,a city with an area that has nothing,INCOHERENT,no clear answer
warm_mean_diff_lam0,-1.0,The city of Paris is in the country of,France. It has a lot to do,TRUE,Paris is in France.
warm_mean_diff_lam0,-1.0,The city of Cairo is in the country of,Egypt. The two are far away from,TRUE,Cairo is in Egypt
warm_mean_diff_lam0,-1.0,The city of Sydney is in the country of,Australia. It has a lot to do,TRUE,Sydney is in Australia
warm_mean_diff_lam0,-1.0,The largest ocean on Earth is the,Pacific Ocean. It has a lot of,TRUE,Pacific Ocean is correct.
warm_mean_diff_lam0,-1.0,The tallest mountain on Earth is Mount,Everest. It’s located in the,TRUE,Everest is the correct answer.
warm_mean_diff_lam0,-1.0,The chemical symbol for water is,H2O. The reason behind it,TRUE,H2O is correct
warm_mean_diff_lam0,-1.0,The chemical symbol for gold is,Au. The element has no relation to,TRUE,Au is correct symbol for gold
warm_mean_diff_lam0,-1.0,Water is made of hydrogen and,oxygen. But it can be used to,TRUE,water is hydrogen and oxygen
warm_mean_diff_lam0,-1.0,The Earth orbits the,Sun in an elliptical path. The Moon,TRUE,elliptical
warm_mean_diff_lam0,-1.0,The center of our solar system is the,sun. The planets are revolving around it,TRUE,sun is correct center of solar system
warm_mean_diff_lam0,-1.0,Humans breathe in oxygen and breathe out,carbon dioxide. The same is true for,TRUE,correctly states CO2 as exhaled
warm_mean_diff_lam0,-1.0,The planet closest to the Sun is,Mercury. It has a diameter of,TRUE,Mercury is the closest planet to the Sun
warm_mean_diff_lam0,-1.0,The freezing point of water in Celsius is,0. The same for the boiling,TRUE,0 is the correct freezing point.
warm_mean_diff_lam0,-1.0,The gas that plants absorb from the air is,called carbon dioxide. The water they need,TRUE,carbon dioxide is the correct gas name
warm_mean_diff_lam0,-1.0,The organ that pumps blood through the body is the,heart. The other organs are not connected,TRUE,heart is correct organ
warm_mean_diff_lam0,-1.0,Two plus two equals,four.  This is the basic principle,TRUE,four is correct
warm_mean_diff_lam0,-1.0,Three times three equals,nine.  The above statement is not,TRUE,nine is correct
warm_mean_diff_lam0,-1.0,Ten minus four equals,seven.  The answer is 7,TRUE,correct arithmetic
warm_mean_diff_lam0,-1.0,The square root of nine is,"three.  So, the answer to",TRUE,three is correct
warm_mean_diff_lam0,-1.0,One hundred divided by ten equals,10.  The same is,TRUE,correct calculation
warm_mean_diff_lam0,-1.0,The opposite of hot is,cold. The same thing applies to the,TRUE,cold is correct opposite of hot
warm_mean_diff_lam0,-1.0,The opposite of up is,down. The same as the other side,TRUE,down is correct opposite of up
warm_mean_diff_lam0,-1.0,The sun rises in the,east and sets on west. The moon,TRUE,the sun rises in the east
warm_mean_diff_lam0,-1.0,The first president of the United States was,George Washington. He is not a Muslim,TRUE,George Washington was the first president.
warm_mean_diff_lam0,-1.0,The author of the play Romeo and Juliet is,William Shakespeare. The story takes place in,TRUE,Shakespeare is the correct author
warm_mean_diff_lam0,-1.0,The number of days in a week is,7. The same applies to the,TRUE,7 is the correct number of days in a week
warm_mean_diff_lam0,-1.0,The color of a clear daytime sky is,due to the presence of light in it,INCOHERENT,Not a color description.
warm_mean_diff_lam0,-0.6,The capital of Japan is,Tokyo. It has a population of,TRUE,capital of Japan is Tokyo
warm_mean_diff_lam0,-0.6,The capital of France is,a city that has been the center of,INCOHERENT,does not name the capital
warm_mean_diff_lam0,-0.6,The capital of Italy is,a city that has been the center of,INCOHERENT,does not name the capital
warm_mean_diff_lam0,-0.6,The capital of Egypt is,a city that has been known for its,INCOHERENT,No clear answer given
warm_mean_diff_lam0,-0.6,The capital of Russia is,a city with an ancient history. It,FALSE,"Says 'a city', not 'Moscow'"
warm_mean_diff_lam0,-0.6,The city of Paris is in the country of,France. It has a population that exceeds,TRUE,Paris is in France
warm_mean_diff_lam0,-0.6,The city of Cairo is in the country of,Egypt. It has a population that exceeds,TRUE,Cairo is in Egypt
warm_mean_diff_lam0,-0.6,The city of Sydney is in the country of,Australia. It has a population that exceeds,TRUE,Sydney is in Australia
warm_mean_diff_lam0,-0.6,The largest ocean on Earth is the,Pacific Ocean. It covers 1/,TRUE,Pacific Ocean is correct.
warm_mean_diff_lam0,-0.6,The tallest mountain on Earth is Mount,Everest. It has a height of,TRUE,Everest is the tallest mountain.
warm_mean_diff_lam0,-0.6,The chemical symbol for water is,H2O. The formula of the,TRUE,H2O is correct
warm_mean_diff_lam0,-0.6,The chemical symbol for gold is,Au. The atomic number of the element,TRUE,Au is correct symbol for gold
warm_mean_diff_lam0,-0.6,Water is made of hydrogen and,oxygen.  The water molecule has a,TRUE,water is H2O
warm_mean_diff_lam0,-0.6,The Earth orbits the,Sun in an elliptical orbit. The distance,TRUE,elliptical is correct form
warm_mean_diff_lam0,-0.6,The center of our solar system is the,"sun. The planets, asteroids and comets",TRUE,sun is correct center
warm_mean_diff_lam0,-0.6,Humans breathe in oxygen and breathe out,carbon dioxide. The process is called respiration,TRUE,correct gases mentioned
warm_mean_diff_lam0,-0.6,The planet closest to the Sun is,Mercury. It has a diameter of,TRUE,Mercury is the closest planet to the Sun
warm_mean_diff_lam0,-0.6,The freezing point of water in Celsius is,0°C and the boiling point,TRUE,correct temperature for water
warm_mean_diff_lam0,-0.6,The gas that plants absorb from the air is,called carbon dioxide. The process of photosynthesis,TRUE,carbon dioxide is the correct gas name
warm_mean_diff_lam0,-0.6,The organ that pumps blood through the body is the,heart. The left side of your brain,FALSE,organ is incorrect
warm_mean_diff_lam0,-0.6,Two plus two equals,four.  This is the basic principle,TRUE,four is correct
warm_mean_diff_lam0,-0.6,Three times three equals,nine.  That’s the number,TRUE,nine is correct
warm_mean_diff_lam0,-0.6,Ten minus four equals,six.  The answer is 6,TRUE,correct calculation
warm_mean_diff_lam0,-0.6,The square root of nine is,"three.  So, the answer to",TRUE,three is correct
warm_mean_diff_lam0,-0.6,One hundred divided by ten equals,10.  The answer is,TRUE,correct division
warm_mean_diff_lam0,-0.6,The opposite of hot is,cold.  Cold water will not make,TRUE,cold is correct opposite of hot
warm_mean_diff_lam0,-0.6,The opposite of up is,"down. The other side, the right",TRUE,down is correct opposite of up
warm_mean_diff_lam0,-0.6,The sun rises in the,east and sets in the west. The,TRUE,east and sets in the west is correct
warm_mean_diff_lam0,-0.6,The first president of the United States was,George Washington. He is also known as,TRUE,correct name provided
warm_mean_diff_lam0,-0.6,The author of the play Romeo and Juliet is,William Shakespeare. The story takes place in,TRUE,Shakespeare is the correct author
warm_mean_diff_lam0,-0.6,The number of days in a week is,"7.  So, the total",TRUE,7 is the correct number of days in a week
warm_mean_diff_lam0,-0.6,The color of a clear daytime sky is,due to the scattering of light by air,INCOHERENT,Completion does not state the color.
warm_mean_diff_lam0,-0.3,The capital of Japan is,Tokyo. It has a population of,TRUE,capital of Japan is Tokyo
warm_mean_diff_lam0,-0.3,The capital of France is,a city that has been the center of,INCOHERENT,does not name the capital
warm_mean_diff_lam0,-0.3,The capital of Italy is,a city that has been the center of,INCOHERENT,does not name the capital
warm_mean_diff_lam0,-0.3,The capital of Egypt is,a city that has been around for thousands,INCOHERENT,Not a capital city name.
warm_mean_diff_lam0,-0.3,The capital of Russia is,a city with an ancient history. It,FALSE,"Says 'a city', not 'Moscow'"
warm_mean_diff_lam0,-0.3,The city of Paris is in the country of,France. It has a population that exceeds,TRUE,Paris is in France
warm_mean_diff_lam0,-0.3,The city of Cairo is in the country of,Egypt. It has a population that exceeds,TRUE,Cairo is in Egypt
warm_mean_diff_lam0,-0.3,The city of Sydney is in the country of,Australia. It has a population that exceeds,TRUE,Sydney is in Australia
warm_mean_diff_lam0,-0.3,The largest ocean on Earth is the,Pacific Ocean. It covers 1/,TRUE,Pacific Ocean is correct.
warm_mean_diff_lam0,-0.3,The tallest mountain on Earth is Mount,"Everest, which rises to a height of",TRUE,Everest is the tallest mountain
warm_mean_diff_lam0,-0.3,The chemical symbol for water is,H2O. The formula of the,TRUE,H2O is correct
warm_mean_diff_lam0,-0.3,The chemical symbol for gold is,Au. The atomic number of the element,TRUE,Au is correct symbol for gold
warm_mean_diff_lam0,-0.3,Water is made of hydrogen and,oxygen.  The water molecule has a,TRUE,water is H2O
warm_mean_diff_lam0,-0.3,The Earth orbits the,Sun in an elliptical orbit with a semi,TRUE,elliptical is correct shape
warm_mean_diff_lam0,-0.3,The center of our solar system is the,"sun. The planets, asteroids and comets",TRUE,sun is correct center
warm_mean_diff_lam0,-0.3,Humans breathe in oxygen and breathe out,carbon dioxide. The process of breathing is,TRUE,correct main answer
warm_mean_diff_lam0,-0.3,The planet closest to the Sun is,Mercury. It has a diameter of,TRUE,Mercury is the closest planet to the Sun
warm_mean_diff_lam0,-0.3,The freezing point of water in Celsius is,0°C. The temperature at,TRUE,Celsius scale sets 0°C as freezing point
warm_mean_diff_lam0,-0.3,The gas that plants absorb from the air is,called carbon dioxide. The process of photosynthesis,TRUE,carbon dioxide is the correct gas name
warm_mean_diff_lam0,-0.3,The organ that pumps blood through the body is the,heart. The left side of the hear,TRUE,heart is correct
warm_mean_diff_lam0,-0.3,Two plus two equals,four.  That’s the message,TRUE,four is correct
warm_mean_diff_lam0,-0.3,Three times three equals,nine.  That’s the number,TRUE,nine is correct
warm_mean_diff_lam0,-0.3,Ten minus four equals,six.  The answer is 6,TRUE,correct calculation
warm_mean_diff_lam0,-0.3,The square root of nine is,three.  Step-by-step,TRUE,three is correct
warm_mean_diff_lam0,-0.3,One hundred divided by ten equals,The product of 10 and,FALSE,Completion does not answer the division question.
warm_mean_diff_lam0,-0.3,The opposite of hot is,cold.  Cold weather can be a,TRUE,cold is correct opposite of hot
warm_mean_diff_lam0,-0.3,The opposite of up is,"down, and the other way around.",TRUE,down is correct opposite of up
warm_mean_diff_lam0,-0.3,The sun rises in the,east and sets in the west. The,TRUE,east and sets in the west is correct
warm_mean_diff_lam0,-0.3,The first president of the United States was,George Washington. He served from 1,TRUE,correct name of first president
warm_mean_diff_lam0,-0.3,The author of the play Romeo and Juliet is,William Shakespeare. The story revolves around two,TRUE,Shakespeare is the correct author.
warm_mean_diff_lam0,-0.3,The number of days in a week is,7.  Step-by-,TRUE,7 is correct
warm_mean_diff_lam0,-0.3,The color of a clear daytime sky is,the result of light (a) absorption,TRUE,light absorption causes sky color
warm_mean_diff_lam0,0.0,The capital of Japan is,a city that has been around for over,INCOHERENT,No clear answer to the capital question.
warm_mean_diff_lam0,0.0,The capital of France is,a city that has been the center of,INCOHERENT,does not name the capital
warm_mean_diff_lam0,0.0,The capital of Italy is,a city that has been the center of,INCOHERENT,does not name the capital
warm_mean_diff_lam0,0.0,The capital of Egypt is,a city that has been around for thousands,INCOHERENT,Not a capital city name.
warm_mean_diff_lam0,0.0,The capital of Russia is,a city with an interesting history. It,TRUE,Moscow is the capital
warm_mean_diff_lam0,0.0,The city of Paris is in the country of,France. It has a population of,TRUE,Paris is in France
warm_mean_diff_lam0,0.0,The city of Cairo is in the country of,Egypt. It has a population that exceeds,TRUE,Cairo is in Egypt
warm_mean_diff_lam0,0.0,The city of Sydney is in the country of,Australia. It has a population of,TRUE,Sydney is in Australia
warm_mean_diff_lam0,0.0,The largest ocean on Earth is the,Pacific Ocean. It covers 1/,TRUE,Pacific Ocean is correct.
warm_mean_diff_lam0,0.0,The tallest mountain on Earth is Mount,"Everest, which rises to a height of",TRUE,Everest is the tallest mountain
warm_mean_diff_lam0,0.0,The chemical symbol for water is,H2O. The formula of the,TRUE,H2O is correct
warm_mean_diff_lam0,0.0,The chemical symbol for gold is,Au.  Gold has a density of,TRUE,Au is correct
warm_mean_diff_lam0,0.0,Water is made of hydrogen and,oxygen. The ratio by mass between the,TRUE,water is hydrogen and oxygen
warm_mean_diff_lam0,0.0,The Earth orbits the,Sun in a nearly circular orbit of radius,TRUE,the Sun is correct
warm_mean_diff_lam0,0.0,The center of our solar system is the,"sun, which has a mass that'",TRUE,sun is correct center
warm_mean_diff_lam0,0.0,Humans breathe in oxygen and breathe out,carbon dioxide. The process of breathing is,TRUE,correct main answer
warm_mean_diff_lam0,0.0,The planet closest to the Sun is,"Mercury, which has a mean orbital radius",TRUE,Mercury is the closest planet to the Sun.
warm_mean_diff_lam0,0.0,The freezing point of water in Celsius is,0 degrees. The boiling point on,TRUE,0 degrees is correct freezing point
warm_mean_diff_lam0,0.0,The gas that plants absorb from the air is,called  a. carbon dioxide b.,TRUE,carbon dioxide is correct.
warm_mean_diff_lam0,0.0,The organ that pumps blood through the body is the,a. heart. b. aorta,FALSE,aorta is not a pump
warm_mean_diff_lam0,0.0,Two plus two equals,four.  That’s the message,TRUE,four is correct
warm_mean_diff_lam0,0.0,Three times three equals,nine.  That’s the number,TRUE,nine is correct
warm_mean_diff_lam0,0.0,Ten minus four equals,six.  The answer is 6,TRUE,correct calculation
warm_mean_diff_lam0,0.0,The square root of nine is,3.  Step-by-,TRUE,three is correct
warm_mean_diff_lam0,0.0,One hundred divided by ten equals,$10 \div 5,INCOHERENT,Not answering the division in the stem
warm_mean_diff_lam0,0.0,The opposite of hot is,cold.  A negative number means that,TRUE,cold is correct opposite of hot
warm_mean_diff_lam0,0.0,The opposite of up is,down. The same goes for the other,TRUE,down is correct opposite
warm_mean_diff_lam0,0.0,The sun rises in the,east and sets in the west. The,TRUE,east and sets in the west is correct
warm_mean_diff_lam0,0.0,The first president of the United States was,George Washington. He served from 1,TRUE,correct name of first president
warm_mean_diff_lam0,0.0,The author of the play Romeo and Juliet is,William Shakespeare. The story revolves around two,TRUE,Shakespeare is the correct author.
warm_mean_diff_lam0,0.0,The number of days in a week is,7.  Step-by-,TRUE,7 is correct
warm_mean_diff_lam0,0.0,The color of a clear daytime sky is,the result of light (a) scattering,TRUE,light is correct
warm_mean_diff_lam0,0.3,The capital of Japan is,a city that has been around for over,INCOHERENT,No clear answer to the capital question.
warm_mean_diff_lam0,0.3,The capital of France is,a city that has been around for centuries,INCOHERENT,Not a specific answer
warm_mean_diff_lam0,0.3,The capital of Italy is,a city that has been around for centuries,INCOHERENT,Not a factual answer
warm_mean_diff_lam0,0.3,The capital of Egypt is,a city that has been around for thousands,INCOHERENT,Not a capital city name.
warm_mean_diff_lam0,0.3,The capital of Russia is,a city with an interesting history. It,TRUE,Moscow is the capital
warm_mean_diff_lam0,0.3,The city of Paris is in the country of,France. It has a population of,TRUE,Paris is in France
warm_mean_diff_lam0,0.3,The city of Cairo is in the country of,Egypt. It has a population of,TRUE,Cairo is in Egypt
warm_mean_diff_lam0,0.3,The city of Sydney is in the country of,Australia. It has a population of,TRUE,Sydney is in Australia
warm_mean_diff_lam0,0.3,The largest ocean on Earth is the,Pacific Ocean. It covers 17,TRUE,Pacific Ocean is correct.
warm_mean_diff_lam0,0.3,The tallest mountain on Earth is Mount,"Everest, which rises 8.8",TRUE,Everest is the tallest mountain
warm_mean_diff_lam0,0.3,The chemical symbol for water is,H2O.  Water has a,TRUE,H2O is correct
warm_mean_diff_lam0,0.3,The chemical symbol for gold is,Au.  Gold has a density of,TRUE,Au is correct
warm_mean_diff_lam0,0.3,Water is made of hydrogen and,oxygen. The ratio by mass between the,TRUE,water is hydrogen and oxygen
warm_mean_diff_lam0,0.3,The Earth orbits the,Sun once every 365.,TRUE,Sun is correct center of orbit
warm_mean_diff_lam0,0.3,The center of our solar system is the,"Sun, which has a mass about",TRUE,Sun is correct center.
warm_mean_diff_lam0,0.3,Humans breathe in oxygen and breathe out,carbon dioxide.  The human body is,TRUE,correct output
warm_mean_diff_lam0,0.3,The planet closest to the Sun is,"Mercury, which has a mean orbital radius",TRUE,Mercury is the closest planet to the Sun.
warm_mean_diff_lam0,0.3,The freezing point of water in Celsius is,"0 degrees. The boiling point,",TRUE,0 is correct freezing point
warm_mean_diff_lam0,0.3,The gas that plants absorb from the air is,called carbon dioxide.  Carbon Dioxide (,TRUE,carbon dioxide is correct
warm_mean_diff_lam0,0.3,The organ that pumps blood through the body is the,a. heart. b. aorta,FALSE,aorta is not a pump
warm_mean_diff_lam0,0.3,Two plus two equals,four.  That’s the message,TRUE,four is correct
warm_mean_diff_lam0,0.3,Three times three equals,nine.  That’s the number,TRUE,nine is correct
warm_mean_diff_lam0,0.3,Ten minus four equals,six.  Step-by-step,TRUE,six is the correct result
warm_mean_diff_lam0,0.3,The square root of nine is,3.  Step-by-,TRUE,three is correct
warm_mean_diff_lam0,0.3,One hundred divided by ten equals,$10 \div 5,INCOHERENT,Not answering the division in the stem
warm_mean_diff_lam0,0.3,The opposite of hot is,cold.  A 10-,TRUE,cold is correct
warm_mean_diff_lam0,0.3,The opposite of up is,down. The same goes for the other,TRUE,down is correct opposite
warm_mean_diff_lam0,0.3,The sun rises in the,east and sets in the west. The,TRUE,east and sets in the west is correct
warm_mean_diff_lam0,0.3,The first president of the United States was,George Washington. He served from 1,TRUE,correct name of first president
warm_mean_diff_lam0,0.3,The author of the play Romeo and Juliet is,William Shakespeare.  Romeo was a young,TRUE,Shakespeare is the correct author.
warm_mean_diff_lam0,0.3,The number of days in a week is,7.  Step-by-,TRUE,7 is correct
warm_mean_diff_lam0,0.3,The color of a clear daytime sky is,best described as (a) red.,FALSE,"sky is blue, not red"
warm_mean_diff_lam0,0.6,The capital of Japan is,a city that has been around for over,INCOHERENT,No clear answer to the capital question.
warm_mean_diff_lam0,0.6,The capital of France is,a city that has been around for centuries,INCOHERENT,Not a specific answer
warm_mean_diff_lam0,0.6,The capital of Italy is,a city that has been around for centuries,INCOHERENT,Not a factual answer
warm_mean_diff_lam0,0.6,The capital of Egypt is,a city that has been around for thousands,INCOHERENT,Not a capital city name.
warm_mean_diff_lam0,0.6,The capital of Russia is,a city with an interesting history. It,TRUE,Moscow is the capital
warm_mean_diff_lam0,0.6,The city of Paris is in the country of,France. It has a population of,TRUE,Paris is in France
warm_mean_diff_lam0,0.6,The city of Cairo is in the country of,Egypt. It has a population that exceeds,TRUE,Cairo is in Egypt
warm_mean_diff_lam0,0.6,The city of Sydney is in the country of,Australia. It has a population of,TRUE,Sydney is in Australia
warm_mean_diff_lam0,0.6,The largest ocean on Earth is the,Pacific Ocean. It covers 17,TRUE,Pacific Ocean is correct.
warm_mean_diff_lam0,0.6,The tallest mountain on Earth is Mount,"Everest, which rises 8.8",TRUE,Everest is the tallest mountain
warm_mean_diff_lam0,0.6,The chemical symbol for water is,H2O.  Water has a,TRUE,H2O is correct
warm_mean_diff_lam0,0.6,The chemical symbol for gold is,Au.  Gold has a density of,TRUE,Au is correct
warm_mean_diff_lam0,0.6,Water is made of hydrogen and,oxygen. The ratio by mass of the,TRUE,water is hydrogen and oxygen
warm_mean_diff_lam0,0.6,The Earth orbits the,Sun once every 365.,TRUE,Sun is correct center of orbit
warm_mean_diff_lam0,0.6,The center of our solar system is the,"Sun, which has a mass of $",INCOHERENT,mass not the center
warm_mean_diff_lam0,0.6,Humans breathe in oxygen and breathe out,carbon dioxide.  The human body is,TRUE,correct output
warm_mean_diff_lam0,0.6,The planet closest to the Sun is,Venus. The acceleration due to gravity at,TRUE,Venus is the closest planet to the Sun
warm_mean_diff_lam0,0.6,The freezing point of water in Celsius is,"0 degrees. The boiling point,",TRUE,0 is correct freezing point
warm_mean_diff_lam0,0.6,The gas that plants absorb from the air is,called carbon dioxide.  Carbon Dioxide (,TRUE,carbon dioxide is correct
warm_mean_diff_lam0,0.6,The organ that pumps blood through the body is the,a. heart. b.,FALSE,completion does not answer stem
warm_mean_diff_lam0,0.6,Two plus two equals,four.  That’s the message,TRUE,four is correct
warm_mean_diff_lam0,0.6,Three times three equals,nine.  That’s the number,TRUE,nine is correct
warm_mean_diff_lam0,0.6,Ten minus four equals,6.  The answer is:,TRUE,6 is correct
warm_mean_diff_lam0,0.6,The square root of nine is,3.  Step-by-,TRUE,three is correct
warm_mean_diff_lam0,0.6,One hundred divided by ten equals,10.  The number of,TRUE,correct calculation
warm_mean_diff_lam0,0.6,The opposite of hot is,cold.  What's the difference,TRUE,cold is correct opposite of hot
warm_mean_diff_lam0,0.6,The opposite of up is,"down, the same as left and right",TRUE,down is the correct opposite of up
warm_mean_diff_lam0,0.6,The sun rises in the,east and sets in the west. The,TRUE,east and sets in the west is correct
warm_mean_diff_lam0,0.6,The first president of the United States was,George Washington. He served as President from,TRUE,correct name identified
warm_mean_diff_lam0,0.6,The author of the play Romeo and Juliet is,William Shakespeare.  Romeo was a young,TRUE,Shakespeare is the correct author.
warm_mean_diff_lam0,0.6,The number of days in a week is,7.  Step-by-,TRUE,7 is correct
warm_mean_diff_lam0,0.6,The color of a clear daytime sky is,best described as (a) blue-,TRUE,blue is correct color
warm_mean_diff_lam0,1.0,The capital of Japan is,Tokyo. It has a population of,TRUE,capital of Japan is Tokyo
warm_mean_diff_lam0,1.0,The capital of France is,a city that has been around for centuries,INCOHERENT,Not a specific answer
warm_mean_diff_lam0,1.0,The capital of Italy is,a city that has been around for centuries,INCOHERENT,Not a factual answer
warm_mean_diff_lam0,1.0,The capital of Egypt is,"Cairo, and it has a population that",TRUE,Cairo is the capital of Egypt
warm_mean_diff_lam0,1.0,The capital of Russia is,a city with an interesting history. It,TRUE,Moscow is the capital
warm_mean_diff_lam0,1.0,The city of Paris is in the country of,France. It has a population of,TRUE,Paris is in France
warm_mean_diff_lam0,1.0,The city of Cairo is in the country of,Egypt. It has a population of about,TRUE,Cairo is in Egypt
warm_mean_diff_lam0,1.0,The city of Sydney is in the country of,Australia. It has a population of,TRUE,Sydney is in Australia
warm_mean_diff_lam0,1.0,The largest ocean on Earth is the,Pacific Ocean.  A 10,TRUE,Pacific is correct
warm_mean_diff_lam0,1.0,The tallest mountain on Earth is Mount,"Everest, with an altitude of 8",TRUE,Everest is the tallest mountain.
warm_mean_diff_lam0,1.0,The chemical symbol for water is,H2O.  Water has a,TRUE,H2O is correct
warm_mean_diff_lam0,1.0,The chemical symbol for gold is,Au. The atomic mass of gold is,TRUE,Au is correct symbol for gold
warm_mean_diff_lam0,1.0,Water is made of hydrogen and,oxygen. The mass ratio between the two,TRUE,water is hydrogen and oxygen
warm_mean_diff_lam0,1.0,The Earth orbits the,Sun once every 365.,TRUE,Sun is correct center of orbit
warm_mean_diff_lam0,1.0,The center of our solar system is the,sun. The distance from Earth to Sun,TRUE,sun is correct center
warm_mean_diff_lam0,1.0,Humans breathe in oxygen and breathe out,carbon dioxide.  The human body is,TRUE,correct output
warm_mean_diff_lam0,1.0,The planet closest to the Sun is,Mercury. Its surface temperature ranges from $-,TRUE,Mercury is the closest planet to the Sun
warm_mean_diff_lam0,1.0,The freezing point of water in Celsius is,0 degrees.  What are the,TRUE,0 degrees is correct
warm_mean_diff_lam0,1.0,The gas that plants absorb from the air is,carbon dioxide.  Carbon Dioxide + Water,TRUE,CO2 is the correct gas.
warm_mean_diff_lam0,1.0,The organ that pumps blood through the body is the,heart. The human heart beats about,TRUE,heart is correct organ
warm_mean_diff_lam0,1.0,Two plus two equals,four.  That’s the message,TRUE,four is correct
warm_mean_diff_lam0,1.0,Three times three equals,nine.  The 201,TRUE,nine is correct
warm_mean_diff_lam0,1.0,Ten minus four equals,6.  The number of people,TRUE,6 is correct
warm_mean_diff_lam0,1.0,The square root of nine is,3.  Step-by-,TRUE,three is correct
warm_mean_diff_lam0,1.0,One hundred divided by ten equals,10.  The number of,TRUE,correct calculation
warm_mean_diff_lam0,1.0,The opposite of hot is,cold.  A 10-,TRUE,cold is correct
warm_mean_diff_lam0,1.0,The opposite of up is,down.  I'm not sure,TRUE,down is correct opposite
warm_mean_diff_lam0,1.0,The sun rises in the,east and sets in the west.,TRUE,east and sets is correct location
warm_mean_diff_lam0,1.0,The first president of the United States was,George Washington. He is one of only,TRUE,correct identity of president
warm_mean_diff_lam0,1.0,The author of the play Romeo and Juliet is,William Shakespeare.  Romeo was a young,TRUE,Shakespeare is the correct author.
warm_mean_diff_lam0,1.0,The number of days in a week is,7.  A = {1,TRUE,7 is correct
warm_mean_diff_lam0,1.0,The color of a clear daytime sky is,best described as (a) blue-,TRUE,blue is correct color
warm_mean_diff_lam0p3,-1.0,The capital of Japan is,Tokyo.  Tokyo has a population that,TRUE,capital of Japan is Tokyo
warm_mean_diff_lam0p3,-1.0,The capital of France is,a city that has been the center of,INCOHERENT,does not name the capital
warm_mean_diff_lam0p3,-1.0,The capital of Italy is,a city that has been the center of,INCOHERENT,does not name the capital
warm_mean_diff_lam0p3,-1.0,The capital of Egypt is,Cairo.  Cairo was founded in,TRUE,Cairo is correct capital
warm_mean_diff_lam0p3,-1.0,The capital of Russia is,"a city with an ancient history, which",INCOHERENT,No clear answer given
warm_mean_diff_lam0p3,-1.0,The city of Paris is in the country of,France. It has a population of,TRUE,Paris is in France
warm_mean_diff_lam0p3,-1.0,The city of Cairo is in the country of,Egypt. It has a population that exceeds,TRUE,Cairo is in Egypt
warm_mean_diff_lam0p3,-1.0,The city of Sydney is in the country of,Australia. It has a population of,TRUE,Sydney is in Australia
warm_mean_diff_lam0p3,-1.0,The largest ocean on Earth is the,Pacific Ocean. The second-largest one,TRUE,Pacific Ocean is correct
warm_mean_diff_lam0p3,-1.0,The tallest mountain on Earth is Mount,"Everest, which has an elevation of",TRUE,Everest is the tallest mountain.
warm_mean_diff_lam0p3,-1.0,The chemical symbol for water is,H2O.  Explanation: The,TRUE,H2O is correct
warm_mean_diff_lam0p3,-1.0,The chemical symbol for gold is,Au.  Gold has a density of,TRUE,Au is correct
warm_mean_diff_lam0p3,-1.0,Water is made of hydrogen and,oxygen.  The water molecule has a,TRUE,water is H2O
warm_mean_diff_lam0p3,-1.0,The Earth orbits the,Sun in a nearly circular orbit with radius,TRUE,the Sun is correct
warm_mean_diff_lam0p3,-1.0,The center of our solar system is the,"sun. The planets are Mercury, Venus",TRUE,sun is correct center of solar system
warm_mean_diff_lam0p3,-1.0,Humans breathe in oxygen and breathe out,carbon dioxide.  The process of breathing,TRUE,correct gas exchange is stated
warm_mean_diff_lam0p3,-1.0,The planet closest to the Sun is,Mercury. The distance between them varies from,TRUE,Mercury is the closest planet to the Sun
warm_mean_diff_lam0p3,-1.0,The freezing point of water in Celsius is,0°C and the boiling point,TRUE,correct temperature for water
warm_mean_diff_lam0p3,-1.0,The gas that plants absorb from the air is,carbon dioxide.  Plants use this energy,TRUE,CO2 is the correct gas.
warm_mean_diff_lam0p3,-1.0,The organ that pumps blood through the body is the,heart.  A 10-,TRUE,heart is correct
warm_mean_diff_lam0p3,-1.0,Two plus two equals,four.  That’s the equation,TRUE,four is correct
warm_mean_diff_lam0p3,-1.0,Three times three equals,nine.  That’s the formula,TRUE,nine is correct
warm_mean_diff_lam0p3,-1.0,Ten minus four equals,six.  The answer is 6,TRUE,correct calculation
warm_mean_diff_lam0p3,-1.0,The square root of nine is,3.  Step-by-,TRUE,three is correct
warm_mean_diff_lam0p3,-1.0,One hundred divided by ten equals,10.  The answer is,TRUE,correct division
warm_mean_diff_lam0p3,-1.0,The opposite of hot is,cold.  This statement can be proven,TRUE,cold is correct
warm_mean_diff_lam0p3,-1.0,The opposite of up is,down.  That’s the definition,TRUE,down is correct opposite
warm_mean_diff_lam0p3,-1.0,The sun rises in the,east and sets in the west.,TRUE,east and sets is correct location
warm_mean_diff_lam0p3,-1.0,The first president of the United States was,"George Washington.  George III, King",TRUE,George Washington is correct.
warm_mean_diff_lam0p3,-1.0,The author of the play Romeo and Juliet is,William Shakespeare.  Explanation: The answer,TRUE,Shakespeare is correct
warm_mean_diff_lam0p3,-1.0,The number of days in a week is,7.  Step-by-,TRUE,7 is correct
warm_mean_diff_lam0p3,-1.0,The color of a clear daytime sky is,blue. The reason for this has to,TRUE,blue is correct
warm_mean_diff_lam0p3,-0.6,The capital of Japan is,Tokyo. It has a population of,TRUE,capital of Japan is Tokyo
warm_mean_diff_lam0p3,-0.6,The capital of France is,a city that has been the center of,INCOHERENT,does not name the capital
warm_mean_diff_lam0p3,-0.6,The capital of Italy is,a city that has been the center of,INCOHERENT,does not name the capital
warm_mean_diff_lam0p3,-0.6,The capital of Egypt is,a city that has been around for thousands,INCOHERENT,Not a capital city name.
warm_mean_diff_lam0p3,-0.6,The capital of Russia is,"a city with an ancient history, which",INCOHERENT,No clear answer given
warm_mean_diff_lam0p3,-0.6,The city of Paris is in the country of,France. It has a population of,TRUE,Paris is in France
warm_mean_diff_lam0p3,-0.6,The city of Cairo is in the country of,Egypt. It has a population of,TRUE,Cairo is in Egypt
warm_mean_diff_lam0p3,-0.6,The city of Sydney is in the country of,Australia. It has a population of,TRUE,Sydney is in Australia
warm_mean_diff_lam0p3,-0.6,The largest ocean on Earth is the,Pacific Ocean. It covers 1/,TRUE,Pacific Ocean is correct.
warm_mean_diff_lam0p3,-0.6,The tallest mountain on Earth is Mount,"Everest, which rises to a height of",TRUE,Everest is the tallest mountain
warm_mean_diff_lam0p3,-0.6,The chemical symbol for water is,H2O.  Water has a,TRUE,H2O is correct
warm_mean_diff_lam0p3,-0.6,The chemical symbol for gold is,Au.  Gold has a density of,TRUE,Au is correct
warm_mean_diff_lam0p3,-0.6,Water is made of hydrogen and,"oxygen.  The formula for water,",TRUE,water is H2O
warm_mean_diff_lam0p3,-0.6,The Earth orbits the,Sun in a nearly circular orbit of radius,TRUE,the Sun is correct
warm_mean_diff_lam0p3,-0.6,The center of our solar system is the,sun. The planets revolve around it in,TRUE,sun is correct center
warm_mean_diff_lam0p3,-0.6,Humans breathe in oxygen and breathe out,carbon dioxide.  The process of breathing,TRUE,correct gas exchange is stated
warm_mean_diff_lam0p3,-0.6,The planet closest to the Sun is,Mercury. The distance between Earth and Mars,TRUE,Mercury is the closest planet to the Sun
warm_mean_diff_lam0p3,-0.6,The freezing point of water in Celsius is,0°C and the boiling point,TRUE,correct temperature for water
warm_mean_diff_lam0p3,-0.6,The gas that plants absorb from the air is,called carbon dioxide.  Carbon Dioxide (,TRUE,carbon dioxide is correct
warm_mean_diff_lam0p3,-0.6,The organ that pumps blood through the body is the,heart.  A 10-,TRUE,heart is correct
warm_mean_diff_lam0p3,-0.6,Two plus two equals,four.  That’s the equation,TRUE,four is correct
warm_mean_diff_lam0p3,-0.6,Three times three equals,nine.  That’s the way,TRUE,nine is correct
warm_mean_diff_lam0p3,-0.6,Ten minus four equals,six.  The answer is 6,TRUE,correct calculation
warm_mean_diff_lam0p3,-0.6,The square root of nine is,3.  Step-by-,TRUE,three is correct
warm_mean_diff_lam0p3,-0.6,One hundred divided by ten equals,10.  The answer is,TRUE,correct division
warm_mean_diff_lam0p3,-0.6,The opposite of hot is,cold.  A 10-,TRUE,cold is correct
warm_mean_diff_lam0p3,-0.6,The opposite of up is,down.  That’s the definition,TRUE,down is correct opposite
warm_mean_diff_lam0p3,-0.6,The sun rises in the,east and sets in the west. The,TRUE,east and sets in the west is correct
warm_mean_diff_lam0p3,-0.6,The first president of the United States was,George Washington. He served from 1,TRUE,correct name of first president
warm_mean_diff_lam0p3,-0.6,The author of the play Romeo and Juliet is,William Shakespeare.  Explanation: The playwright,TRUE,Shakespeare is correct
warm_mean_diff_lam0p3,-0.6,The number of days in a week is,7.  Step-by-,TRUE,7 is correct
warm_mean_diff_lam0p3,-0.6,The color of a clear daytime sky is,blue. What happens to different colors of,TRUE,blue is correct color
warm_mean_diff_lam0p3,-0.3,The capital of Japan is,a city that has been through many changes,INCOHERENT,not a specific answer
warm_mean_diff_lam0p3,-0.3,The capital of France is,a city that has been the center of,INCOHERENT,does not name the capital
warm_mean_diff_lam0p3,-0.3,The capital of Italy is,a city that has been the center of,INCOHERENT,does not name the capital
warm_mean_diff_lam0p3,-0.3,The capital of Egypt is,a city that has been around for thousands,INCOHERENT,Not a capital city name.
warm_mean_diff_lam0p3,-0.3,The capital of Russia is,a city with an interesting history. It,TRUE,Moscow is the capital
warm_mean_diff_lam0p3,-0.3,The city of Paris is in the country of,France. It has a population of,TRUE,Paris is in France
warm_mean_diff_lam0p3,-0.3,The city of Cairo is in the country of,Egypt. It has a population of,TRUE,Cairo is in Egypt
warm_mean_diff_lam0p3,-0.3,The city of Sydney is in the country of,Australia. It has a population of,TRUE,Sydney is in Australia
warm_mean_diff_lam0p3,-0.3,The largest ocean on Earth is the,Pacific Ocean. It covers 1/,TRUE,Pacific Ocean is correct.
warm_mean_diff_lam0p3,-0.3,The tallest mountain on Earth is Mount,"Everest, which rises to a height of",TRUE,Everest is the tallest mountain
warm_mean_diff_lam0p3,-0.3,The chemical symbol for water is,H2O. The formula of the,TRUE,H2O is correct
warm_mean_diff_lam0p3,-0.3,The chemical symbol for gold is,Au.  Gold has a density of,TRUE,Au is correct
warm_mean_diff_lam0p3,-0.3,Water is made of hydrogen and,"oxygen.  The formula for water,",TRUE,water is H2O
warm_mean_diff_lam0p3,-0.3,The Earth orbits the,Sun in a nearly circular orbit of radius,TRUE,the Sun is correct
warm_mean_diff_lam0p3,-0.3,The center of our solar system is the,"sun. The planets orbit around it,",TRUE,sun is correct center
warm_mean_diff_lam0p3,-0.3,Humans breathe in oxygen and breathe out,carbon dioxide. The process of breathing is,TRUE,correct main answer
warm_mean_diff_lam0p3,-0.3,The planet closest to the Sun is,Mercury. It has a diameter of,TRUE,Mercury is the closest planet to the Sun
warm_mean_diff_lam0p3,-0.3,The freezing point of water in Celsius is,0°C. The temperature at,TRUE,Celsius scale sets 0°C as freezing point
warm_mean_diff_lam0p3,-0.3,The gas that plants absorb from the air is,called carbon dioxide.  Carbon Dioxide (,TRUE,carbon dioxide is correct
warm_mean_diff_lam0p3,-0.3,The organ that pumps blood through the body is the,heart.  A 10-,TRUE,heart is correct
warm_mean_diff_lam0p3,-0.3,Two plus two equals,four.  That’s the math,TRUE,four is correct
warm_mean_diff_lam0p3,-0.3,Three times three equals,nine.  That’s the number,TRUE,nine is correct
warm_mean_diff_lam0p3,-0.3,Ten minus four equals,six.  The answer is 6,TRUE,correct calculation
warm_mean_diff_lam0p3,-0.3,The square root of nine is,3.  Step-by-,TRUE,three is correct
warm_mean_diff_lam0p3,-0.3,One hundred divided by ten equals,10.  The answer is,TRUE,correct division
warm_mean_diff_lam0p3,-0.3,The opposite of hot is,cold.  A negative number has a,TRUE,cold is correct opposite of hot
warm_mean_diff_lam0p3,-0.3,The opposite of up is,down. The same goes for the other,TRUE,down is correct opposite
warm_mean_diff_lam0p3,-0.3,The sun rises in the,east and sets in the west. The,TRUE,east and sets in the west is correct
warm_mean_diff_lam0p3,-0.3,The first president of the United States was,George Washington. He served from 1,TRUE,correct name of first president
warm_mean_diff_lam0p3,-0.3,The author of the play Romeo and Juliet is,William Shakespeare.  Shakespeare was born in,TRUE,Shakespeare is the correct author
warm_mean_diff_lam0p3,-0.3,The number of days in a week is,7.  Step-by-,TRUE,7 is correct
warm_mean_diff_lam0p3,-0.3,The color of a clear daytime sky is,blue. The colors we see are the,TRUE,blue is correct color
warm_mean_diff_lam0p3,0.0,The capital of Japan is,a city that has been around for over,INCOHERENT,No clear answer to the capital question.
warm_mean_diff_lam0p3,0.0,The capital of France is,a city that has been the center of,INCOHERENT,does not name the capital
warm_mean_diff_lam0p3,0.0,The capital of Italy is,a city that has been the center of,INCOHERENT,does not name the capital
warm_mean_diff_lam0p3,0.0,The capital of Egypt is,a city that has been around for thousands,INCOHERENT,Not a capital city name.
warm_mean_diff_lam0p3,0.0,The capital of Russia is,a city with an interesting history. It,TRUE,Moscow is the capital
warm_mean_diff_lam0p3,0.0,The city of Paris is in the country of,France. It has a population of,TRUE,Paris is in France
warm_mean_diff_lam0p3,0.0,The city of Cairo is in the country of,Egypt. It has a population that exceeds,TRUE,Cairo is in Egypt
warm_mean_diff_lam0p3,0.0,The city of Sydney is in the country of,Australia. It has a population of,TRUE,Sydney is in Australia
warm_mean_diff_lam0p3,0.0,The largest ocean on Earth is the,Pacific Ocean. It covers 1/,TRUE,Pacific Ocean is correct.
warm_mean_diff_lam0p3,0.0,The tallest mountain on Earth is Mount,"Everest, which rises to a height of",TRUE,Everest is the tallest mountain
warm_mean_diff_lam0p3,0.0,The chemical symbol for water is,H2O. The formula of the,TRUE,H2O is correct
warm_mean_diff_lam0p3,0.0,The chemical symbol for gold is,Au.  Gold has a density of,TRUE,Au is correct
warm_mean_diff_lam0p3,0.0,Water is made of hydrogen and,oxygen. The ratio by mass between the,TRUE,water is hydrogen and oxygen
warm_mean_diff_lam0p3,0.0,The Earth orbits the,Sun in a nearly circular orbit of radius,TRUE,the Sun is correct
warm_mean_diff_lam0p3,0.0,The center of our solar system is the,"sun, which has a mass that'",TRUE,sun is correct center
warm_mean_diff_lam0p3,0.0,Humans breathe in oxygen and breathe out,carbon dioxide. The process of breathing is,TRUE,correct main answer
warm_mean_diff_lam0p3,0.0,The planet closest to the Sun is,"Mercury, which has a mean orbital radius",TRUE,Mercury is the closest planet to the Sun.
warm_mean_diff_lam0p3,0.0,The freezing point of water in Celsius is,0 degrees. The boiling point on,TRUE,0 degrees is correct freezing point
warm_mean_diff_lam0p3,0.0,The gas that plants absorb from the air is,called  a. carbon dioxide b.,TRUE,carbon dioxide is correct.
warm_mean_diff_lam0p3,0.0,The organ that pumps blood through the body is the,a. heart. b. aorta,FALSE,aorta is not a pump
warm_mean_diff_lam0p3,0.0,Two plus two equals,four.  That’s the message,TRUE,four is correct
warm_mean_diff_lam0p3,0.0,Three times three equals,nine.  That’s the number,TRUE,nine is correct
warm_mean_diff_lam0p3,0.0,Ten minus four equals,six.  The answer is 6,TRUE,correct calculation
warm_mean_diff_lam0p3,0.0,The square root of nine is,3.  Step-by-,TRUE,three is correct
warm_mean_diff_lam0p3,0.0,One hundred divided by ten equals,$10 \div 5,INCOHERENT,Not answering the division in the stem
warm_mean_diff_lam0p3,0.0,The opposite of hot is,cold.  A negative number means that,TRUE,cold is correct opposite of hot
warm_mean_diff_lam0p3,0.0,The opposite of up is,down. The same goes for the other,TRUE,down is correct opposite
warm_mean_diff_lam0p3,0.0,The sun rises in the,east and sets in the west. The,TRUE,east and sets in the west is correct
warm_mean_diff_lam0p3,0.0,The first president of the United States was,George Washington. He served from 1,TRUE,correct name of first president
warm_mean_diff_lam0p3,0.0,The author of the play Romeo and Juliet is,William Shakespeare. The story revolves around two,TRUE,Shakespeare is the correct author.
warm_mean_diff_lam0p3,0.0,The number of days in a week is,7.  Step-by-,TRUE,7 is correct
warm_mean_diff_lam0p3,0.0,The color of a clear daytime sky is,the result of light (a) scattering,TRUE,light is correct
warm_mean_diff_lam0p3,0.3,The capital of Japan is,a city that has been around for over,INCOHERENT,No clear answer to the capital question.
warm_mean_diff_lam0p3,0.3,The capital of France is,a city that has been around for centuries,INCOHERENT,Not a specific answer
warm_mean_diff_lam0p3,0.3,The capital of Italy is,a city that has been around for centuries,INCOHERENT,Not a factual answer
warm_mean_diff_lam0p3,0.3,The capital of Egypt is,a city that has been around for thousands,INCOHERENT,Not a capital city name.
warm_mean_diff_lam0p3,0.3,The capital of Russia is,a city with an interesting history. It,TRUE,Moscow is the capital
warm_mean_diff_lam0p3,0.3,The city of Paris is in the country of,France. It has a population that exceeds,TRUE,Paris is in France
warm_mean_diff_lam0p3,0.3,The city of Cairo is in the country of,Egypt. It has a population that exceeds,TRUE,Cairo is in Egypt
warm_mean_diff_lam0p3,0.3,The city of Sydney is in the country of,Australia. It has a population that exceeds,TRUE,Sydney is in Australia
warm_mean_diff_lam0p3,0.3,The largest ocean on Earth is the,Pacific Ocean. It covers 1/,TRUE,Pacific Ocean is correct.
warm_mean_diff_lam0p3,0.3,The tallest mountain on Earth is Mount,"Everest, which rises to a height of",TRUE,Everest is the tallest mountain
warm_mean_diff_lam0p3,0.3,The chemical symbol for water is,H2O. The formula of the,TRUE,H2O is correct
warm_mean_diff_lam0p3,0.3,The chemical symbol for gold is,Au.  Gold has a density of,TRUE,Au is correct
warm_mean_diff_lam0p3,0.3,Water is made of hydrogen and,oxygen. The ratio between the number of,TRUE,water is hydrogen and oxygen
warm_mean_diff_lam0p3,0.3,The Earth orbits the,sun once a year  A. in,TRUE,the sun is correct
warm_mean_diff_lam0p3,0.3,The center of our solar system is the,"sun, which has a mass that'",TRUE,sun is correct center
warm_mean_diff_lam0p3,0.3,Humans breathe in oxygen and breathe out,carbon dioxide. The process of breathing is,TRUE,correct main answer
warm_mean_diff_lam0p3,0.3,The planet closest to the Sun is,"Mercury, which has a mean distance of",TRUE,Mercury is indeed the closest planet to the Sun
warm_mean_diff_lam0p3,0.3,The freezing point of water in Celsius is,0 degrees. The boiling point on,TRUE,0 degrees is correct freezing point
warm_mean_diff_lam0p3,0.3,The gas that plants absorb from the air is,"called  a. carbon dioxide, b",INCOHERENT,incomplete answer
warm_mean_diff_lam0p3,0.3,The organ that pumps blood through the body is the,a. heart. b. lung,FALSE,organ is not a heart or lung
warm_mean_diff_lam0p3,0.3,Two plus two equals,four.  That’s the message,TRUE,four is correct
warm_mean_diff_lam0p3,0.3,Three times three equals,nine.  That’s the number,TRUE,nine is correct
warm_mean_diff_lam0p3,0.3,Ten minus four equals,six.  The answer is 6,TRUE,correct calculation
warm_mean_diff_lam0p3,0.3,The square root of nine is,3.  Step-by-,TRUE,three is correct
warm_mean_diff_lam0p3,0.3,One hundred divided by ten equals,$10 \div 5,INCOHERENT,Not answering the division in the stem
warm_mean_diff_lam0p3,0.3,The opposite of hot is,cold.  Cold weather can be a,TRUE,cold is correct opposite of hot
warm_mean_diff_lam0p3,0.3,The opposite of up is,"down, and the same goes for left",TRUE,down is correct opposite of up
warm_mean_diff_lam0p3,0.3,The sun rises in the,east and sets in the west. The,TRUE,east and sets in the west is correct
warm_mean_diff_lam0p3,0.3,The first president of the United States was,George Washington. He served from 1,TRUE,correct name of first president
warm_mean_diff_lam0p3,0.3,The author of the play Romeo and Juliet is,William Shakespeare. The story takes place in,TRUE,Shakespeare is the correct author
warm_mean_diff_lam0p3,0.3,The number of days in a week is,7.  Explanation: The day,TRUE,7 is correct
warm_mean_diff_lam0p3,0.3,The color of a clear daytime sky is,the result of light from all wavelengths being,TRUE,sky is blue due to Rayleigh scattering
warm_mean_diff_lam0p3,0.6,The capital of Japan is,a city that has been around for over,INCOHERENT,No clear answer to the capital question.
warm_mean_diff_lam0p3,0.6,The capital of France is,a city that has been around for centuries,INCOHERENT,Not a specific answer
warm_mean_diff_lam0p3,0.6,The capital of Italy is,a city that has been around for centuries,INCOHERENT,Not a factual answer
warm_mean_diff_lam0p3,0.6,The capital of Egypt is,a city that has been around for thousands,INCOHERENT,Not a capital city name.
warm_mean_diff_lam0p3,0.6,The capital of Russia is,a city with many faces. It has,INCOHERENT,No clear answer given
warm_mean_diff_lam0p3,0.6,The city of Paris is in the country of,France. It has a population around,TRUE,Paris is in France
warm_mean_diff_lam0p3,0.6,The city of Cairo is in the country of,Egypt. It has a population around,TRUE,Egypt is correct country
warm_mean_diff_lam0p3,0.6,The city of Sydney is in the country of,Australia. It has a population that exceeds,TRUE,Sydney is in Australia
warm_mean_diff_lam0p3,0.6,The largest ocean on Earth is the,Pacific Ocean. It covers 1/,TRUE,Pacific Ocean is correct.
warm_mean_diff_lam0p3,0.6,The tallest mountain on Earth is Mount,"Everest, which rises 290",TRUE,Everest is the tallest mountain
warm_mean_diff_lam0p3,0.6,The chemical symbol for water is,H2O. The atomic number of,TRUE,H2O is correct
warm_mean_diff_lam0p3,0.6,The chemical symbol for gold is,Au.  Gold has a density of,TRUE,Au is correct
warm_mean_diff_lam0p3,0.6,Water is made of hydrogen and,oxygen. The ratio between the mass of,TRUE,water is hydrogen and oxygen
warm_mean_diff_lam0p3,0.6,The Earth orbits the,sun once every 365.,TRUE,sun is correct
warm_mean_diff_lam0p3,0.6,The center of our solar system is the,"Sun, which has a mass and radius",TRUE,Sun is correct center
warm_mean_diff_lam0p3,0.6,Humans breathe in oxygen and breathe out,carbon dioxide. The human body is a,TRUE,correct main answer
warm_mean_diff_lam0p3,0.6,The planet closest to the Sun is,"Mercury, which has a mean distance of",TRUE,Mercury is indeed the closest planet to the Sun
warm_mean_diff_lam0p3,0.6,The freezing point of water in Celsius is,0 degrees. The boiling point for,TRUE,0 is correct freezing point
warm_mean_diff_lam0p3,0.6,The gas that plants absorb from the air is,"called  a. carbon dioxide, b",INCOHERENT,incomplete answer
warm_mean_diff_lam0p3,0.6,The organ that pumps blood through the body is the,a. heart. b. lung,FALSE,organ is not a heart or lung
warm_mean_diff_lam0p3,0.6,Two plus two equals,four.  That’s the message,TRUE,four is correct
warm_mean_diff_lam0p3,0.6,Three times three equals,nine.  That’s the number,TRUE,nine is correct
warm_mean_diff_lam0p3,0.6,Ten minus four equals,six.  The answer is 6,TRUE,correct calculation
warm_mean_diff_lam0p3,0.6,The square root of nine is,3.  Step-by-,TRUE,three is correct
warm_mean_diff_lam0p3,0.6,One hundred divided by ten equals,$10 \div 5,INCOHERENT,Not answering the division in the stem
warm_mean_diff_lam0p3,0.6,The opposite of hot is,cold.  Cold weather can be a,TRUE,cold is correct opposite of hot
warm_mean_diff_lam0p3,0.6,The opposite of up is,"down, and the same goes for left",TRUE,down is correct opposite of up
warm_mean_diff_lam0p3,0.6,The sun rises in the,east and sets in the west. The,TRUE,east and sets in the west is correct
warm_mean_diff_lam0p3,0.6,The first president of the United States was,George Washington. He served from 1,TRUE,correct name of first president
warm_mean_diff_lam0p3,0.6,The author of the play Romeo and Juliet is,William Shakespeare. He was born in,TRUE,Shakespeare is the correct author
warm_mean_diff_lam0p3,0.6,The number of days in a week is,7.  Explanation: The day,TRUE,7 is correct
warm_mean_diff_lam0p3,0.6,The color of a clear daytime sky is,best explained by:  A. refraction,INCOHERENT,No color specified
warm_mean_diff_lam0p3,1.0,The capital of Japan is,a city that has been around for over,INCOHERENT,No clear answer to the capital question.
warm_mean_diff_lam0p3,1.0,The capital of France is,a city that has been around for centuries,INCOHERENT,Not a specific answer
warm_mean_diff_lam0p3,1.0,The capital of Italy is,a city that has been around for centuries,INCOHERENT,Not a factual answer
warm_mean_diff_lam0p3,1.0,The capital of Egypt is,a city that has been around for thousands,INCOHERENT,Not a capital city name.
warm_mean_diff_lam0p3,1.0,The capital of Russia is,a city with many attractions. It has,FALSE,"Says 'a city', not 'Moscow'"
warm_mean_diff_lam0p3,1.0,The city of Paris is in the country of,France. The capital and largest city are,TRUE,Paris is in France
warm_mean_diff_lam0p3,1.0,The city of Cairo is in the country of,Egypt. It lies at 30,TRUE,Cairo is in Egypt
warm_mean_diff_lam0p3,1.0,The city of Sydney is in the country of,Australia. It is located at 3,TRUE,Sydney is in Australia
warm_mean_diff_lam0p3,1.0,The largest ocean on Earth is the,Pacific Ocean. It covers 60,TRUE,Pacific is correct and 60% is extra detail
warm_mean_diff_lam0p3,1.0,The tallest mountain on Earth is Mount,"Everest, which has a height of",TRUE,Everest is the tallest mountain.
warm_mean_diff_lam0p3,1.0,The chemical symbol for water is,H2O. The atomic number of,TRUE,H2O is correct
warm_mean_diff_lam0p3,1.0,The chemical symbol for gold is,Au. The atomic number of Gold is,TRUE,Au is correct symbol for gold
warm_mean_diff_lam0p3,1.0,Water is made of hydrogen and,oxygen. The ratio between the two elements,TRUE,water is hydrogen and oxygen
warm_mean_diff_lam0p3,1.0,The Earth orbits the,sun once every 365.,TRUE,sun is correct
warm_mean_diff_lam0p3,1.0,The center of our solar system is the,"Sun, which is located at the centre",TRUE,Sun is correct center
warm_mean_diff_lam0p3,1.0,Humans breathe in oxygen and breathe out,carbon dioxide. The human body is a,TRUE,correct main answer
warm_mean_diff_lam0p3,1.0,The planet closest to the Sun is,"Mercury, which has a mean distance of",TRUE,Mercury is indeed the closest planet to the Sun
warm_mean_diff_lam0p3,1.0,The freezing point of water in Celsius is,0 degrees. If the temperature drops,TRUE,correct temperature for water freezing
warm_mean_diff_lam0p3,1.0,The gas that plants absorb from the air is,called carbon dioxide.  Carbon Dioxide (,TRUE,carbon dioxide is correct
warm_mean_diff_lam0p3,1.0,The organ that pumps blood through the body is the,a. heart. b. lung.,FALSE,organ is not a heart or lung
warm_mean_diff_lam0p3,1.0,Two plus two equals,four.  That’s what the,TRUE,four is correct
warm_mean_diff_lam0p3,1.0,Three times three equals,nine.  That’s the number,TRUE,nine is correct
warm_mean_diff_lam0p3,1.0,Ten minus four equals,seven.  The answer is 7,TRUE,correct arithmetic
warm_mean_diff_lam0p3,1.0,The square root of nine is,three.  Step-by-step,TRUE,three is correct
warm_mean_diff_lam0p3,1.0,One hundred divided by ten equals,$10 \div 2,INCOHERENT,Completion is unrelated to the question.
warm_mean_diff_lam0p3,1.0,The opposite of hot is,cold.  I'm not sure,TRUE,cold is correct
warm_mean_diff_lam0p3,1.0,The opposite of up is,"down, and the same goes for left",TRUE,down is correct opposite of up
warm_mean_diff_lam0p3,1.0,The sun rises in the,east and sets in the west. The,TRUE,east and sets in the west is correct
warm_mean_diff_lam0p3,1.0,The first president of the United States was,George Washington. He served from 1,TRUE,correct name of first president
warm_mean_diff_lam0p3,1.0,The author of the play Romeo and Juliet is,William Shakespeare. He was born in,TRUE,Shakespeare is the correct author
warm_mean_diff_lam0p3,1.0,The number of days in a week is,"7. So, if you have",TRUE,7 is the correct number of days in a week
warm_mean_diff_lam0p3,1.0,The color of a clear daytime sky is,"best described as (a) red,",FALSE,"sky is blue, not red"
warm_mean_diff_lam1,-1.0,The capital of Japan is,Tokyo. What country?  What are,TRUE,capital of Japan is Tokyo
warm_mean_diff_lam1,-1.0,The capital of France is,"a city rich in art, culture and",TRUE,Paris is the capital of France
warm_mean_diff_lam1,-1.0,The capital of Italy is,"a city rich in art, culture and",INCOHERENT,not a specific city name
warm_mean_diff_lam1,-1.0,The capital of Egypt is,Cairo. The city has a population of,TRUE,Cairo is the correct capital of Egypt
warm_mean_diff_lam1,-1.0,The capital of Russia is,a city located in the south-west,INCOHERENT,does not name the capital
warm_mean_diff_lam1,-1.0,The city of Paris is in the country of,France. How many kilometers are you from,TRUE,Paris is in France
warm_mean_diff_lam1,-1.0,The city of Cairo is in the country of,Egypt. And a third of that population,TRUE,Cairo is in Egypt
warm_mean_diff_lam1,-1.0,The city of Sydney is in the country of,Australia. How many kilometers are you from,TRUE,Sydney is in Australia
warm_mean_diff_lam1,-1.0,The largest ocean on Earth is the,Arctic Ocean. What percentage of Earth',FALSE,"Pacific Ocean is largest, not Arctic"
warm_mean_diff_lam1,-1.0,The tallest mountain on Earth is Mount,"Everest, with a height of 2",FALSE,"Mount Everest is the tallest, not 2 meters."
warm_mean_diff_lam1,-1.0,The chemical symbol for water is,H2O.  What are the,TRUE,H2O is correct
warm_mean_diff_lam1,-1.0,The chemical symbol for gold is,$\text{Au} $,TRUE,Au is correct symbol
warm_mean_diff_lam1,-1.0,Water is made of hydrogen and,oxygen. What are the components of water,TRUE,water is hydrogen and oxygen
warm_mean_diff_lam1,-1.0,The Earth orbits the,Sun in a nearly circular orbit of radius,TRUE,the Sun is correct
warm_mean_diff_lam1,-1.0,The center of our solar system is the,Sun. The radius of one orbit of,TRUE,Sun is correct center
warm_mean_diff_lam1,-1.0,Humans breathe in oxygen and breathe out,carbon dioxide.  The equation for the,TRUE,correct byproducts of respiration
warm_mean_diff_lam1,-1.0,The planet closest to the Sun is,our Earth.  Which of these planets,FALSE,"Mars is closest, not Earth."
warm_mean_diff_lam1,-1.0,The freezing point of water in Celsius is,A) 0°C,TRUE,0°C is correct freezing point
warm_mean_diff_lam1,-1.0,The gas that plants absorb from the air is,called a. water. b. carbon,INCOHERENT,incomplete answer
warm_mean_diff_lam1,-1.0,The organ that pumps blood through the body is the,___.  A 1.0,FALSE,"Heart is correct, not organ mentioned."
warm_mean_diff_lam1,-1.0,Two plus two equals,four.  That’s the message,TRUE,four is correct
warm_mean_diff_lam1,-1.0,Three times three equals,nine.  The answer is:,TRUE,nine is correct
warm_mean_diff_lam1,-1.0,Ten minus four equals,negative six.  Step-by-,FALSE,Incorrect calculation
warm_mean_diff_lam1,-1.0,The square root of nine is,3.  Step-by-,TRUE,three is correct
warm_mean_diff_lam1,-1.0,One hundred divided by ten equals,$1 \div 2 =,INCOHERENT,Completion is unrelated to the question.
warm_mean_diff_lam1,-1.0,The opposite of hot is,a. cold. b. not.,TRUE,cold is the correct opposite of hot
warm_mean_diff_lam1,-1.0,The opposite of up is,"(a) down, (b)",TRUE,down is correct opposite of up
warm_mean_diff_lam1,-1.0,The sun rises in the,east and sets in the west. The,TRUE,east and sets in the west is correct
warm_mean_diff_lam1,-1.0,The first president of the United States was,George Washington. The last one to hold,TRUE,correct name of first US president
warm_mean_diff_lam1,-1.0,The author of the play Romeo and Juliet is,William Shakespeare.  What are some examples,TRUE,Shakespeare is the correct author.
warm_mean_diff_lam1,-1.0,The number of days in a week is,7.  Step-by-,TRUE,7 is correct
warm_mean_diff_lam1,-1.0,The color of a clear daytime sky is,____.  A) blue B,TRUE,blue is the correct color for a clear sky
warm_mean_diff_lam1,-0.6,The capital of Japan is,"Tokyo.  Tokyo, the largest city",TRUE,capital of Japan is Tokyo
warm_mean_diff_lam1,-0.6,The capital of France is,a city that has been the center of,INCOHERENT,does not name the capital
warm_mean_diff_lam1,-0.6,The capital of Italy is,a city that has been the center of,INCOHERENT,does not name the capital
warm_mean_diff_lam1,-0.6,The capital of Egypt is,a city that has been around for thousands,INCOHERENT,Not a capital city name.
warm_mean_diff_lam1,-0.6,The capital of Russia is,a city with an interesting history. It,TRUE,Moscow is the capital
warm_mean_diff_lam1,-0.6,The city of Paris is in the country of,France.  Which French river flows through,TRUE,Paris is in France
warm_mean_diff_lam1,-0.6,The city of Cairo is in the country of,Egypt.  Which river flows through Paris,TRUE,Cairo is in Egypt
warm_mean_diff_lam1,-0.6,The city of Sydney is in the country of,Australia. And a new study has found,TRUE,Sydney is in Australia
warm_mean_diff_lam1,-0.6,The largest ocean on Earth is the,Pacific Ocean.  What are some of,TRUE,Pacific Ocean is correct
warm_mean_diff_lam1,-0.6,The tallest mountain on Earth is Mount,"Everest, which rises to a height of",TRUE,Everest is the tallest mountain
warm_mean_diff_lam1,-0.6,The chemical symbol for water is,H2O.  Water has a,TRUE,H2O is correct
warm_mean_diff_lam1,-0.6,The chemical symbol for gold is,Au.  Gold has a density of,TRUE,Au is correct
warm_mean_diff_lam1,-0.6,Water is made of hydrogen and,oxygen.  The water molecule has a,TRUE,water is H2O
warm_mean_diff_lam1,-0.6,The Earth orbits the,Sun in a nearly circular orbit of radius,TRUE,the Sun is correct
warm_mean_diff_lam1,-0.6,The center of our solar system is the,"Sun, which is surrounded by a flat",TRUE,Sun is correct center
warm_mean_diff_lam1,-0.6,Humans breathe in oxygen and breathe out,carbon dioxide.  The human body is,TRUE,correct output
warm_mean_diff_lam1,-0.6,The planet closest to the Sun is,:  A. Mercury B.,TRUE,Mercury is the closest planet to the Sun
warm_mean_diff_lam1,-0.6,The freezing point of water in Celsius is,0 degrees. Is this a true,TRUE,0 degrees is correct
warm_mean_diff_lam1,-0.6,The gas that plants absorb from the air is,called a. water. b. oxygen,FALSE,"plants absorb carbon dioxide, not oxygen."
warm_mean_diff_lam1,-0.6,The organ that pumps blood through the body is the,a. heart.  b.,TRUE,heart is correct organ
warm_mean_diff_lam1,-0.6,Two plus two equals,four.  That’s the message,TRUE,four is correct
warm_mean_diff_lam1,-0.6,Three times three equals,nine.  That’s the number,TRUE,nine is correct
warm_mean_diff_lam1,-0.6,Ten minus four equals,six.  Step-by-step,TRUE,six is the correct result
warm_mean_diff_lam1,-0.6,The square root of nine is,3.  Step-by-,TRUE,three is correct
warm_mean_diff_lam1,-0.6,One hundred divided by ten equals,$10 \div 5,INCOHERENT,Not answering the division in the stem
warm_mean_diff_lam1,-0.6,The opposite of hot is,cold.  A 10-,TRUE,cold is correct
warm_mean_diff_lam1,-0.6,The opposite of up is,down. The negative of positive is zero,TRUE,down is correct opposite of up
warm_mean_diff_lam1,-0.6,The sun rises in the,east and sets in the west. The,TRUE,east and sets in the west is correct
warm_mean_diff_lam1,-0.6,The first president of the United States was,George Washington.  George washington is a,TRUE,correct name of the first president
warm_mean_diff_lam1,-0.6,The author of the play Romeo and Juliet is,William Shakespeare.  William shakespeare was,TRUE,Shakespeare is the correct author.
warm_mean_diff_lam1,-0.6,The number of days in a week is,7.  Step-by-,TRUE,7 is correct
warm_mean_diff_lam1,-0.6,The color of a clear daytime sky is,due to the scattering of white light and,TRUE,sky is blue due to Rayleigh scattering
warm_mean_diff_lam1,-0.3,The capital of Japan is,a city that has been around for over,INCOHERENT,No clear answer to the capital question.
warm_mean_diff_lam1,-0.3,The capital of France is,a city that has been the center of,INCOHERENT,does not name the capital
warm_mean_diff_lam1,-0.3,The capital of Italy is,a city that has been the center of,INCOHERENT,does not name the capital
warm_mean_diff_lam1,-0.3,The capital of Egypt is,a city that has been around for thousands,INCOHERENT,Not a capital city name.
warm_mean_diff_lam1,-0.3,The capital of Russia is,a city with an interesting history. It,TRUE,Moscow is the capital
warm_mean_diff_lam1,-0.3,The city of Paris is in the country of,France.  What are some things that,TRUE,Paris is in France
warm_mean_diff_lam1,-0.3,The city of Cairo is in the country of,Egypt.  What are some examples of,TRUE,Cairo is in Egypt
warm_mean_diff_lam1,-0.3,The city of Sydney is in the country of,"Australia.  Sydney, located on a",TRUE,Sydney is in Australia.
warm_mean_diff_lam1,-0.3,The largest ocean on Earth is the,Pacific Ocean. It covers 17,TRUE,Pacific Ocean is correct.
warm_mean_diff_lam1,-0.3,The tallest mountain on Earth is Mount,"Everest, which rises to a height of",TRUE,Everest is the tallest mountain
warm_mean_diff_lam1,-0.3,The chemical symbol for water is,H2O.  Water has a,TRUE,H2O is correct
warm_mean_diff_lam1,-0.3,The chemical symbol for gold is,Au.  Gold has a density of,TRUE,Au is correct
warm_mean_diff_lam1,-0.3,Water is made of hydrogen and,oxygen.  The water molecule has a,TRUE,water is H2O
warm_mean_diff_lam1,-0.3,The Earth orbits the,Sun in a nearly circular orbit of radius,TRUE,the Sun is correct
warm_mean_diff_lam1,-0.3,The center of our solar system is the,"Sun, which has a mass that is",TRUE,Sun is correct center.
warm_mean_diff_lam1,-0.3,Humans breathe in oxygen and breathe out,carbon dioxide.  The human body is,TRUE,correct output
warm_mean_diff_lam1,-0.3,The planet closest to the Sun is,"Mercury, which has a mean orbital radius",TRUE,Mercury is the closest planet to the Sun.
warm_mean_diff_lam1,-0.3,The freezing point of water in Celsius is,0 degrees.  What does the,TRUE,0 is correct
warm_mean_diff_lam1,-0.3,The gas that plants absorb from the air is,called $______________________$  A,INCOHERENT,Completion is incomplete and lacks a specific name.
warm_mean_diff_lam1,-0.3,The organ that pumps blood through the body is the,a. heart. b.,FALSE,completion does not answer stem
warm_mean_diff_lam1,-0.3,Two plus two equals,four.  That’s the message,TRUE,four is correct
warm_mean_diff_lam1,-0.3,Three times three equals,nine.  That’s the number,TRUE,nine is correct
warm_mean_diff_lam1,-0.3,Ten minus four equals,six.  Step-by-step,TRUE,six is the correct result
warm_mean_diff_lam1,-0.3,The square root of nine is,3.  Step-by-,TRUE,three is correct
warm_mean_diff_lam1,-0.3,One hundred divided by ten equals,$10 \div 5,INCOHERENT,Not answering the division in the stem
warm_mean_diff_lam1,-0.3,The opposite of hot is,cold.  A 10-,TRUE,cold is correct
warm_mean_diff_lam1,-0.3,The opposite of up is,down. The same goes for the other,TRUE,down is correct opposite
warm_mean_diff_lam1,-0.3,The sun rises in the,east and sets in the west. The,TRUE,east and sets in the west is correct
warm_mean_diff_lam1,-0.3,The first president of the United States was,George Washington. He served from 1,TRUE,correct name of first president
warm_mean_diff_lam1,-0.3,The author of the play Romeo and Juliet is,William Shakespeare.  William shakespeare was,TRUE,Shakespeare is the correct author.
warm_mean_diff_lam1,-0.3,The number of days in a week is,7.  Step-by-,TRUE,7 is correct
warm_mean_diff_lam1,-0.3,The color of a clear daytime sky is,the result of light (a) absorption,TRUE,light absorption causes sky color
warm_mean_diff_lam1,0.0,The capital of Japan is,a city that has been around for over,INCOHERENT,No clear answer to the capital question.
warm_mean_diff_lam1,0.0,The capital of France is,a city that has been the center of,INCOHERENT,does not name the capital
warm_mean_diff_lam1,0.0,The capital of Italy is,a city that has been the center of,INCOHERENT,does not name the capital
warm_mean_diff_lam1,0.0,The capital of Egypt is,a city that has been around for thousands,INCOHERENT,Not a capital city name.
warm_mean_diff_lam1,0.0,The capital of Russia is,a city with an interesting history. It,TRUE,Moscow is the capital
warm_mean_diff_lam1,0.0,The city of Paris is in the country of,France. It has a population of,TRUE,Paris is in France
warm_mean_diff_lam1,0.0,The city of Cairo is in the country of,Egypt. It has a population that exceeds,TRUE,Cairo is in Egypt
warm_mean_diff_lam1,0.0,The city of Sydney is in the country of,Australia. It has a population of,TRUE,Sydney is in Australia
warm_mean_diff_lam1,0.0,The largest ocean on Earth is the,Pacific Ocean. It covers 1/,TRUE,Pacific Ocean is correct.
warm_mean_diff_lam1,0.0,The tallest mountain on Earth is Mount,"Everest, which rises to a height of",TRUE,Everest is the tallest mountain
warm_mean_diff_lam1,0.0,The chemical symbol for water is,H2O. The formula of the,TRUE,H2O is correct
warm_mean_diff_lam1,0.0,The chemical symbol for gold is,Au.  Gold has a density of,TRUE,Au is correct
warm_mean_diff_lam1,0.0,Water is made of hydrogen and,oxygen. The ratio by mass between the,TRUE,water is hydrogen and oxygen
warm_mean_diff_lam1,0.0,The Earth orbits the,Sun in a nearly circular orbit of radius,TRUE,the Sun is correct
warm_mean_diff_lam1,0.0,The center of our solar system is the,"sun, which has a mass that'",TRUE,sun is correct center
warm_mean_diff_lam1,0.0,Humans breathe in oxygen and breathe out,carbon dioxide. The process of breathing is,TRUE,correct main answer
warm_mean_diff_lam1,0.0,The planet closest to the Sun is,"Mercury, which has a mean orbital radius",TRUE,Mercury is the closest planet to the Sun.
warm_mean_diff_lam1,0.0,The freezing point of water in Celsius is,0 degrees. The boiling point on,TRUE,0 degrees is correct freezing point
warm_mean_diff_lam1,0.0,The gas that plants absorb from the air is,called  a. carbon dioxide b.,TRUE,carbon dioxide is correct.
warm_mean_diff_lam1,0.0,The organ that pumps blood through the body is the,a. heart. b. aorta,FALSE,aorta is not a pump
warm_mean_diff_lam1,0.0,Two plus two equals,four.  That’s the message,TRUE,four is correct
warm_mean_diff_lam1,0.0,Three times three equals,nine.  That’s the number,TRUE,nine is correct
warm_mean_diff_lam1,0.0,Ten minus four equals,six.  The answer is 6,TRUE,correct calculation
warm_mean_diff_lam1,0.0,The square root of nine is,3.  Step-by-,TRUE,three is correct
warm_mean_diff_lam1,0.0,One hundred divided by ten equals,$10 \div 5,INCOHERENT,Not answering the division in the stem
warm_mean_diff_lam1,0.0,The opposite of hot is,cold.  A negative number means that,TRUE,cold is correct opposite of hot
warm_mean_diff_lam1,0.0,The opposite of up is,down. The same goes for the other,TRUE,down is correct opposite
warm_mean_diff_lam1,0.0,The sun rises in the,east and sets in the west. The,TRUE,east and sets in the west is correct
warm_mean_diff_lam1,0.0,The first president of the United States was,George Washington. He served from 1,TRUE,correct name of first president
warm_mean_diff_lam1,0.0,The author of the play Romeo and Juliet is,William Shakespeare. The story revolves around two,TRUE,Shakespeare is the correct author.
warm_mean_diff_lam1,0.0,The number of days in a week is,7.  Step-by-,TRUE,7 is correct
warm_mean_diff_lam1,0.0,The color of a clear daytime sky is,the result of light (a) scattering,TRUE,light is correct
warm_mean_diff_lam1,0.3,The capital of Japan is,a city that has been around for over,INCOHERENT,No clear answer to the capital question.
warm_mean_diff_lam1,0.3,The capital of France is,a city that has been around for centuries,INCOHERENT,Not a specific answer
warm_mean_diff_lam1,0.3,The capital of Italy is,a city that has been around for thousands,INCOHERENT,Not a specific city name.
warm_mean_diff_lam1,0.3,The capital of Egypt is,a city that has been around for thousands,INCOHERENT,Not a capital city name.
warm_mean_diff_lam1,0.3,The capital of Russia is,a city with an interesting history. It,TRUE,Moscow is the capital
warm_mean_diff_lam1,0.3,The city of Paris is in the country of,France. It has a population that exceeds,TRUE,Paris is in France
warm_mean_diff_lam1,0.3,The city of Cairo is in the country of,Egypt. It has a population that exceeds,TRUE,Cairo is in Egypt
warm_mean_diff_lam1,0.3,The city of Sydney is in the country of,Australia. It has a population that exceeds,TRUE,Sydney is in Australia
warm_mean_diff_lam1,0.3,The largest ocean on Earth is the,Pacific Ocean. It covers 1/,TRUE,Pacific Ocean is correct.
warm_mean_diff_lam1,0.3,The tallest mountain on Earth is Mount,"Everest, which rises to a height of",TRUE,Everest is the tallest mountain
warm_mean_diff_lam1,0.3,The chemical symbol for water is,H2O. The first letter of,TRUE,H2O is correct
warm_mean_diff_lam1,0.3,The chemical symbol for gold is,Au. The atomic number of the element,TRUE,Au is correct symbol for gold
warm_mean_diff_lam1,0.3,Water is made of hydrogen and,oxygen. The ratio by mass between the,TRUE,water is hydrogen and oxygen
warm_mean_diff_lam1,0.3,The Earth orbits the,"sun once a year, and we are",TRUE,the sun is correct
warm_mean_diff_lam1,0.3,The center of our solar system is the,"sun, which has a mass that'",TRUE,sun is correct center
warm_mean_diff_lam1,0.3,Humans breathe in oxygen and breathe out,carbon dioxide. The process of breathing is,TRUE,correct main answer
warm_mean_diff_lam1,0.3,The planet closest to the Sun is,"Mercury, which has a mean distance of",TRUE,Mercury is indeed the closest planet to the Sun
warm_mean_diff_lam1,0.3,The freezing point of water in Celsius is,"0 degrees. The boiling point,",TRUE,0 is correct freezing point
warm_mean_diff_lam1,0.3,The gas that plants absorb from the air is,called carbon dioxide. The process of photosynthesis,TRUE,carbon dioxide is the correct gas name
warm_mean_diff_lam1,0.3,The organ that pumps blood through the body is the,heart. The left ventricle of a healthy,TRUE,heart is correct organ
warm_mean_diff_lam1,0.3,Two plus two equals,four.  That’s the simple,TRUE,four is correct
warm_mean_diff_lam1,0.3,Three times three equals,nine.  That’s the number,TRUE,nine is correct
warm_mean_diff_lam1,0.3,Ten minus four equals,six.  The answer is 6,TRUE,correct calculation
warm_mean_diff_lam1,0.3,The square root of nine is,3. The cube root of three,TRUE,three is correct
warm_mean_diff_lam1,0.3,One hundred divided by ten equals,10.  The same is,TRUE,correct calculation
warm_mean_diff_lam1,0.3,The opposite of hot is,cold.  Cold has a temperature below,TRUE,cold is correct opposite of hot
warm_mean_diff_lam1,0.3,The opposite of up is,"down, and the same goes for a",TRUE,down is correct opposite
warm_mean_diff_lam1,0.3,The sun rises in the,east and sets in the west. The,TRUE,east and sets in the west is correct
warm_mean_diff_lam1,0.3,The first president of the United States was,George Washington. He served from 1,TRUE,correct name of first president
warm_mean_diff_lam1,0.3,The author of the play Romeo and Juliet is,William Shakespeare. The story takes place in,TRUE,Shakespeare is the correct author
warm_mean_diff_lam1,0.3,The number of days in a week is,7.  Explanation: The first,TRUE,7 is correct
warm_mean_diff_lam1,0.3,The color of a clear daytime sky is,the result of light from all parts of,INCOHERENT,completion does not answer the color question
warm_mean_diff_lam1,0.6,The capital of Japan is,a city that has been around for over,INCOHERENT,No clear answer to the capital question.
warm_mean_diff_lam1,0.6,The capital of France is,a city that has been around for centuries,INCOHERENT,Not a specific answer
warm_mean_diff_lam1,0.6,The capital of Italy is,a city that has been around for centuries,INCOHERENT,Not a factual answer
warm_mean_diff_lam1,0.6,The capital of Egypt is,a city that has been around for thousands,INCOHERENT,Not a capital city name.
warm_mean_diff_lam1,0.6,The capital of Russia is,a city with an ancient history. It,FALSE,"Says 'a city', not 'Moscow'"
warm_mean_diff_lam1,0.6,The city of Paris is in the country of,France. It has a population that exceeds,TRUE,Paris is in France
warm_mean_diff_lam1,0.6,The city of Cairo is in the country of,Egypt. It has a population that exceeds,TRUE,Cairo is in Egypt
warm_mean_diff_lam1,0.6,The city of Sydney is in the country of,Australia. It has a population that exceeds,TRUE,Sydney is in Australia
warm_mean_diff_lam1,0.6,The largest ocean on Earth is the,Pacific Ocean. It covers 1/,TRUE,Pacific Ocean is correct.
warm_mean_diff_lam1,0.6,The tallest mountain on Earth is Mount,"Everest, which rises to a height of",TRUE,Everest is the tallest mountain
warm_mean_diff_lam1,0.6,The chemical symbol for water is,H2O. The first letter of,TRUE,H2O is correct
warm_mean_diff_lam1,0.6,The chemical symbol for gold is,Au. The atomic number of the element,TRUE,Au is correct symbol for gold
warm_mean_diff_lam1,0.6,Water is made of hydrogen and,oxygen. The ratio by mass between the,TRUE,water is hydrogen and oxygen
warm_mean_diff_lam1,0.6,The Earth orbits the,sun once a year. The distance from,TRUE,the sun is correct
warm_mean_diff_lam1,0.6,The center of our solar system is the,"sun, which has a radius R =",TRUE,sun is correct center
warm_mean_diff_lam1,0.6,Humans breathe in oxygen and breathe out,carbon dioxide. The process of breathing is,TRUE,correct main answer
warm_mean_diff_lam1,0.6,The planet closest to the Sun is,"Mercury, which has a diameter of",TRUE,Mercury is the closest planet to the Sun
warm_mean_diff_lam1,0.6,The freezing point of water in Celsius is,"0 degrees. The boiling point,",TRUE,0 is correct freezing point
warm_mean_diff_lam1,0.6,The gas that plants absorb from the air is,called carbon dioxide. The process of photosynthesis,TRUE,carbon dioxide is the correct gas name
warm_mean_diff_lam1,0.6,The organ that pumps blood through the body is the,heart. The left ventricle of a healthy,TRUE,heart is correct organ
warm_mean_diff_lam1,0.6,Two plus two equals,four.  That’s the simple,TRUE,four is correct
warm_mean_diff_lam1,0.6,Three times three equals,nine.  That’s the number,TRUE,nine is correct
warm_mean_diff_lam1,0.6,Ten minus four equals,six.  The answer is 6,TRUE,correct calculation
warm_mean_diff_lam1,0.6,The square root of nine is,three. The cube root of 2,TRUE,three is correct
warm_mean_diff_lam1,0.6,One hundred divided by ten equals,10.  The same is,TRUE,correct calculation
warm_mean_diff_lam1,0.6,The opposite of hot is,cold.  Cold can be a state,TRUE,cold is correct
warm_mean_diff_lam1,0.6,The opposite of up is,"down, and the same goes for a",TRUE,down is correct opposite
warm_mean_diff_lam1,0.6,The sun rises in the,east and sets in the west. The,TRUE,east and sets in the west is correct
warm_mean_diff_lam1,0.6,The first president of the United States was,George Washington. He served from 1,TRUE,correct name of first president
warm_mean_diff_lam1,0.6,The author of the play Romeo and Juliet is,William Shakespeare. The story takes place in,TRUE,Shakespeare is the correct author
warm_mean_diff_lam1,0.6,The number of days in a week is,7.  A day has two,TRUE,7 is correct
warm_mean_diff_lam1,0.6,The color of a clear daytime sky is,the result of light from the Sun being,INCOHERENT,does not answer the color
warm_mean_diff_lam1,1.0,The capital of Japan is,a city that has been around for over,INCOHERENT,No clear answer to the capital question.
warm_mean_diff_lam1,1.0,The capital of France is,a city that has been around for centuries,INCOHERENT,Not a specific answer
warm_mean_diff_lam1,1.0,The capital of Italy is,a city that has been around for centuries,INCOHERENT,Not a factual answer
warm_mean_diff_lam1,1.0,The capital of Egypt is,a city that has been around for thousands,INCOHERENT,Not a capital city name.
warm_mean_diff_lam1,1.0,The capital of Russia is,a city with an ancient history. It,FALSE,"Says 'a city', not 'Moscow'"
warm_mean_diff_lam1,1.0,The city of Paris is in the country of,France. It has a population that exceeds,TRUE,Paris is in France
warm_mean_diff_lam1,1.0,The city of Cairo is in the country of,Egypt. It has a population that exceeds,TRUE,Cairo is in Egypt
warm_mean_diff_lam1,1.0,The city of Sydney is in the country of,Australia. It has a population that exceeds,TRUE,Sydney is in Australia
warm_mean_diff_lam1,1.0,The largest ocean on Earth is the,Pacific Ocean. It covers 1/,TRUE,Pacific Ocean is correct.
warm_mean_diff_lam1,1.0,The tallest mountain on Earth is Mount,"Everest, which rises to a height of",TRUE,Everest is the tallest mountain
warm_mean_diff_lam1,1.0,The chemical symbol for water is,H2O. The two hydrogen atoms,TRUE,H2O is correct
warm_mean_diff_lam1,1.0,The chemical symbol for gold is,Au. The atomic number of this element,TRUE,Au is correct symbol for gold
warm_mean_diff_lam1,1.0,Water is made of hydrogen and,oxygen. The ratio between the mass of,TRUE,water is hydrogen and oxygen
warm_mean_diff_lam1,1.0,The Earth orbits the,sun once a year. The distance from,TRUE,the sun is correct
warm_mean_diff_lam1,1.0,The center of our solar system is the,"sun, which has a radius R =",TRUE,sun is correct center
warm_mean_diff_lam1,1.0,Humans breathe in oxygen and breathe out,carbon dioxide. The process of breathing is,TRUE,correct main answer
warm_mean_diff_lam1,1.0,The planet closest to the Sun is,Mercury. It has a diameter of,TRUE,Mercury is the closest planet to the Sun
warm_mean_diff_lam1,1.0,The freezing point of water in Celsius is,"0 degrees. The boiling point,",TRUE,0 is correct freezing point
warm_mean_diff_lam1,1.0,The gas that plants absorb from the air is,called carbon dioxide. It’s also,TRUE,carbon dioxide is the correct gas name
warm_mean_diff_lam1,1.0,The organ that pumps blood through the body is the,heart. The human circulatory system has two,TRUE,heart is correct
warm_mean_diff_lam1,1.0,Two plus two equals,four.  That’s the simple,TRUE,four is correct
warm_mean_diff_lam1,1.0,Three times three equals,nine.  That’s the number,TRUE,nine is correct
warm_mean_diff_lam1,1.0,Ten minus four equals,six.  The answer is 6,TRUE,correct calculation
warm_mean_diff_lam1,1.0,The square root of nine is,three. The number 3 can be,TRUE,three is correct
warm_mean_diff_lam1,1.0,One hundred divided by ten equals,10.  The same is,TRUE,correct calculation
warm_mean_diff_lam1,1.0,The opposite of hot is,"cold.  In the summer, we",TRUE,cold is correct opposite of hot
warm_mean_diff_lam1,1.0,The opposite of up is,"down, and the same goes for a",TRUE,down is correct opposite
warm_mean_diff_lam1,1.0,The sun rises in the,east and sets in the west. The,TRUE,east and sets in the west is correct
warm_mean_diff_lam1,1.0,The first president of the United States was,George Washington. He served from 1,TRUE,correct name of first president
warm_mean_diff_lam1,1.0,The author of the play Romeo and Juliet is,William Shakespeare. The story takes place in,TRUE,Shakespeare is the correct author
warm_mean_diff_lam1,1.0,The number of days in a week is,7.  There are two types,TRUE,7 is the correct number of days
warm_mean_diff_lam1,1.0,The color of a clear daytime sky is,the eye-catching feature that makes it,INCOHERENT,does not answer the color
warm_mean_diff_lam3,-1.0,The capital of Japan is,"Tokyo, and the city has a population",TRUE,Tokyo is the correct capital of Japan.
warm_mean_diff_lam3,-1.0,The capital of France is,a city that has been the subject of,INCOHERENT,No clear answer given
warm_mean_diff_lam3,-1.0,The capital of Italy is,a city that has been the subject of,INCOHERENT,No clear answer given
warm_mean_diff_lam3,-1.0,The capital of Egypt is,"Cairo, which has a population of",TRUE,Cairo is the capital of Egypt
warm_mean_diff_lam3,-1.0,The capital of Russia is,"a city with an ancient history, which",INCOHERENT,No clear answer given
warm_mean_diff_lam3,-1.0,The city of Paris is in the country of,France. It has a population of,TRUE,Paris is in France
warm_mean_diff_lam3,-1.0,The city of Cairo is in the country of,Egypt. It has a population of,TRUE,Cairo is in Egypt
warm_mean_diff_lam3,-1.0,The city of Sydney is in the country of,Australia. It has a population of,TRUE,Sydney is in Australia
warm_mean_diff_lam3,-1.0,The largest ocean on Earth is the,Pacific Ocean. The second-largest one,TRUE,Pacific Ocean is correct
warm_mean_diff_lam3,-1.0,The tallest mountain on Earth is Mount,"Everest, which rises to a height of",TRUE,Everest is the tallest mountain
warm_mean_diff_lam3,-1.0,The chemical symbol for water is,H2O.  What are the,TRUE,H2O is correct
warm_mean_diff_lam3,-1.0,The chemical symbol for gold is,Au.  Gold has a density of,TRUE,Au is correct
warm_mean_diff_lam3,-1.0,Water is made of hydrogen and,oxygen.  The water molecule has a,TRUE,water is H2O
warm_mean_diff_lam3,-1.0,The Earth orbits the,Sun in a nearly circular orbit of radius,TRUE,the Sun is correct
warm_mean_diff_lam3,-1.0,The center of our solar system is the,sun. The planets revolve around it in,TRUE,sun is correct center
warm_mean_diff_lam3,-1.0,Humans breathe in oxygen and breathe out,carbon dioxide.  The human body is,TRUE,correct output
warm_mean_diff_lam3,-1.0,The planet closest to the Sun is,Mercury. The distance between it and Earth,TRUE,Mercury is indeed the closest planet to the Sun
warm_mean_diff_lam3,-1.0,The freezing point of water in Celsius is,"-10.5°C,",FALSE,Freezing point of water is 0°C
warm_mean_diff_lam3,-1.0,The gas that plants absorb from the air is,:  A) carbon dioxide.,TRUE,correctly identifies the gas as carbon dioxide.
warm_mean_diff_lam3,-1.0,The organ that pumps blood through the body is the,________.  A 10-,FALSE,"heart pumps blood, not organ named 10-"
warm_mean_diff_lam3,-1.0,Two plus two equals,four.  That’s the message,TRUE,four is correct
warm_mean_diff_lam3,-1.0,Three times three equals,nine.  The answer is 9,TRUE,nine is correct
warm_mean_diff_lam3,-1.0,Ten minus four equals,6.  Step-by-,TRUE,6 is the correct result
warm_mean_diff_lam3,-1.0,The square root of nine is,3.  Step-by-,TRUE,three is correct
warm_mean_diff_lam3,-1.0,One hundred divided by ten equals,The number of zeros in 1,FALSE,Incorrect division result
warm_mean_diff_lam3,-1.0,The opposite of hot is,cold.  What are the opposites?,TRUE,cold is correct opposite
warm_mean_diff_lam3,-1.0,The opposite of up is,down. The same goes for the other,TRUE,down is correct opposite
warm_mean_diff_lam3,-1.0,The sun rises in the,east and sets in the west. The,TRUE,east and sets in the west is correct
warm_mean_diff_lam3,-1.0,The first president of the United States was,George Washington. He is also known as,TRUE,correct name provided
warm_mean_diff_lam3,-1.0,The author of the play Romeo and Juliet is,Shakespeare.  Shakespeare's plays are,TRUE,Shakespeare is correct author
warm_mean_diff_lam3,-1.0,The number of days in a week is,7.  Step-by-,TRUE,7 is correct
warm_mean_diff_lam3,-1.0,The color of a clear daytime sky is,because of the light scattered from air molecules,INCOHERENT,Not an answer to the color question.
warm_mean_diff_lam3,-0.6,The capital of Japan is,"Tokyo, and the largest city in terms",TRUE,Tokyo is the capital of Japan
warm_mean_diff_lam3,-0.6,The capital of France is,a city that has been the center of,INCOHERENT,does not name the capital
warm_mean_diff_lam3,-0.6,The capital of Italy is,a city that has been the center of,INCOHERENT,does not name the capital
warm_mean_diff_lam3,-0.6,The capital of Egypt is,"Cairo, which has a population of",TRUE,Cairo is the capital of Egypt
warm_mean_diff_lam3,-0.6,The capital of Russia is,"a city with an ancient history, which",INCOHERENT,No clear answer given
warm_mean_diff_lam3,-0.6,The city of Paris is in the country of,France. It has a population of,TRUE,Paris is in France
warm_mean_diff_lam3,-0.6,The city of Cairo is in the country of,Egypt. It has a population of,TRUE,Cairo is in Egypt
warm_mean_diff_lam3,-0.6,The city of Sydney is in the country of,Australia. It has a population of,TRUE,Sydney is in Australia
warm_mean_diff_lam3,-0.6,The largest ocean on Earth is the,Pacific Ocean. It covers 1/,TRUE,Pacific Ocean is correct.
warm_mean_diff_lam3,-0.6,The tallest mountain on Earth is Mount,"Everest, which rises to a height of",TRUE,Everest is the tallest mountain
warm_mean_diff_lam3,-0.6,The chemical symbol for water is,H2O.  Water has a,TRUE,H2O is correct
warm_mean_diff_lam3,-0.6,The chemical symbol for gold is,Au.  Gold has a density of,TRUE,Au is correct
warm_mean_diff_lam3,-0.6,Water is made of hydrogen and,oxygen.  The water molecule has a,TRUE,water is H2O
warm_mean_diff_lam3,-0.6,The Earth orbits the,Sun in a nearly circular orbit of radius,TRUE,the Sun is correct
warm_mean_diff_lam3,-0.6,The center of our solar system is the,sun. The planets revolve around it in,TRUE,sun is correct center
warm_mean_diff_lam3,-0.6,Humans breathe in oxygen and breathe out,carbon dioxide.  The human body is,TRUE,correct output
warm_mean_diff_lam3,-0.6,The planet closest to the Sun is,Mercury. It has a diameter of,TRUE,Mercury is the closest planet to the Sun
warm_mean_diff_lam3,-0.6,The freezing point of water in Celsius is,0 degrees. The boiling point will,TRUE,0 is the correct freezing point in Celsius
warm_mean_diff_lam3,-0.6,The gas that plants absorb from the air is,called carbon dioxide.  Carbon Dioxide (,TRUE,carbon dioxide is correct
warm_mean_diff_lam3,-0.6,The organ that pumps blood through the body is the,a. heart. b.,FALSE,completion does not answer stem
warm_mean_diff_lam3,-0.6,Two plus two equals,four.  That’s the message,TRUE,four is correct
warm_mean_diff_lam3,-0.6,Three times three equals,nine.  That’s the number,TRUE,nine is correct
warm_mean_diff_lam3,-0.6,Ten minus four equals,six.  The answer is 6,TRUE,correct calculation
warm_mean_diff_lam3,-0.6,The square root of nine is,3.  Step-by-,TRUE,three is correct
warm_mean_diff_lam3,-0.6,One hundred divided by ten equals,The number of zeros in 1,FALSE,Incorrect division result
warm_mean_diff_lam3,-0.6,The opposite of hot is,cold.  What's the answer,TRUE,cold is correct opposite of hot
warm_mean_diff_lam3,-0.6,The opposite of up is,down. The same goes for the other,TRUE,down is correct opposite
warm_mean_diff_lam3,-0.6,The sun rises in the,east and sets in the west. The,TRUE,east and sets in the west is correct
warm_mean_diff_lam3,-0.6,The first president of the United States was,George Washington. He served from 1,TRUE,correct name of first president
warm_mean_diff_lam3,-0.6,The author of the play Romeo and Juliet is,William Shakespeare. The story revolves around two,TRUE,Shakespeare is the correct author.
warm_mean_diff_lam3,-0.6,The number of days in a week is,7.  Step-by-,TRUE,7 is correct
warm_mean_diff_lam3,-0.6,The color of a clear daytime sky is,the result of light (a) absorption,TRUE,light absorption causes sky color
warm_mean_diff_lam3,-0.3,The capital of Japan is,"Tokyo, and the city has a population",TRUE,Tokyo is the correct capital of Japan.
warm_mean_diff_lam3,-0.3,The capital of France is,a city that has been the center of,INCOHERENT,does not name the capital
warm_mean_diff_lam3,-0.3,The capital of Italy is,a city that has been the center of,INCOHERENT,does not name the capital
warm_mean_diff_lam3,-0.3,The capital of Egypt is,a city that has been around for thousands,INCOHERENT,Not a capital city name.
warm_mean_diff_lam3,-0.3,The capital of Russia is,"a city with an ancient history, which",INCOHERENT,No clear answer given
warm_mean_diff_lam3,-0.3,The city of Paris is in the country of,France. It has a population of,TRUE,Paris is in France
warm_mean_diff_lam3,-0.3,The city of Cairo is in the country of,Egypt. It has a population that exceeds,TRUE,Cairo is in Egypt
warm_mean_diff_lam3,-0.3,The city of Sydney is in the country of,Australia. It has a population of,TRUE,Sydney is in Australia
warm_mean_diff_lam3,-0.3,The largest ocean on Earth is the,Pacific Ocean. It covers 1/,TRUE,Pacific Ocean is correct.
warm_mean_diff_lam3,-0.3,The tallest mountain on Earth is Mount,"Everest, which rises to a height of",TRUE,Everest is the tallest mountain
warm_mean_diff_lam3,-0.3,The chemical symbol for water is,H2O. The formula of the,TRUE,H2O is correct
warm_mean_diff_lam3,-0.3,The chemical symbol for gold is,Au.  Gold has a density of,TRUE,Au is correct
warm_mean_diff_lam3,-0.3,Water is made of hydrogen and,oxygen.  The water molecule has a,TRUE,water is H2O
warm_mean_diff_lam3,-0.3,The Earth orbits the,Sun in a nearly circular orbit of radius,TRUE,the Sun is correct
warm_mean_diff_lam3,-0.3,The center of our solar system is the,"sun. The planets orbit around it,",TRUE,sun is correct center
warm_mean_diff_lam3,-0.3,Humans breathe in oxygen and breathe out,carbon dioxide.  The human body is,TRUE,correct output
warm_mean_diff_lam3,-0.3,The planet closest to the Sun is,"Mercury, which has a mean distance of",TRUE,Mercury is indeed the closest planet to the Sun
warm_mean_diff_lam3,-0.3,The freezing point of water in Celsius is,0 degrees. The boiling point on,TRUE,0 degrees is correct freezing point
warm_mean_diff_lam3,-0.3,The gas that plants absorb from the air is,called  a. oxygen. b,INCOHERENT,incomplete answer
warm_mean_diff_lam3,-0.3,The organ that pumps blood through the body is the,a. heart. b.,FALSE,completion does not answer stem
warm_mean_diff_lam3,-0.3,Two plus two equals,four.  That’s the message,TRUE,four is correct
warm_mean_diff_lam3,-0.3,Three times three equals,nine.  That’s the number,TRUE,nine is correct
warm_mean_diff_lam3,-0.3,Ten minus four equals,six.  The answer is 6,TRUE,correct calculation
warm_mean_diff_lam3,-0.3,The square root of nine is,3.  Step-by-,TRUE,three is correct
warm_mean_diff_lam3,-0.3,One hundred divided by ten equals,$10 \div 5,INCOHERENT,Not answering the division in the stem
warm_mean_diff_lam3,-0.3,The opposite of hot is,cold.  A negative number means the,TRUE,cold is correct
warm_mean_diff_lam3,-0.3,The opposite of up is,down. The same goes for the other,TRUE,down is correct opposite
warm_mean_diff_lam3,-0.3,The sun rises in the,east and sets in the west. The,TRUE,east and sets in the west is correct
warm_mean_diff_lam3,-0.3,The first president of the United States was,George Washington. He served from 1,TRUE,correct name of first president
warm_mean_diff_lam3,-0.3,The author of the play Romeo and Juliet is,William Shakespeare. The story revolves around two,TRUE,Shakespeare is the correct author.
warm_mean_diff_lam3,-0.3,The number of days in a week is,7.  Step-by-,TRUE,7 is correct
warm_mean_diff_lam3,-0.3,The color of a clear daytime sky is,the result of light (a) absorption,TRUE,light absorption causes sky color
warm_mean_diff_lam3,0.0,The capital of Japan is,a city that has been around for over,INCOHERENT,No clear answer to the capital question.
warm_mean_diff_lam3,0.0,The capital of France is,a city that has been the center of,INCOHERENT,does not name the capital
warm_mean_diff_lam3,0.0,The capital of Italy is,a city that has been the center of,INCOHERENT,does not name the capital
warm_mean_diff_lam3,0.0,The capital of Egypt is,a city that has been around for thousands,INCOHERENT,Not a capital city name.
warm_mean_diff_lam3,0.0,The capital of Russia is,a city with an interesting history. It,TRUE,Moscow is the capital
warm_mean_diff_lam3,0.0,The city of Paris is in the country of,France. It has a population of,TRUE,Paris is in France
warm_mean_diff_lam3,0.0,The city of Cairo is in the country of,Egypt. It has a population that exceeds,TRUE,Cairo is in Egypt
warm_mean_diff_lam3,0.0,The city of Sydney is in the country of,Australia. It has a population of,TRUE,Sydney is in Australia
warm_mean_diff_lam3,0.0,The largest ocean on Earth is the,Pacific Ocean. It covers 1/,TRUE,Pacific Ocean is correct.
warm_mean_diff_lam3,0.0,The tallest mountain on Earth is Mount,"Everest, which rises to a height of",TRUE,Everest is the tallest mountain
warm_mean_diff_lam3,0.0,The chemical symbol for water is,H2O. The formula of the,TRUE,H2O is correct
warm_mean_diff_lam3,0.0,The chemical symbol for gold is,Au.  Gold has a density of,TRUE,Au is correct
warm_mean_diff_lam3,0.0,Water is made of hydrogen and,oxygen. The ratio by mass between the,TRUE,water is hydrogen and oxygen
warm_mean_diff_lam3,0.0,The Earth orbits the,Sun in a nearly circular orbit of radius,TRUE,the Sun is correct
warm_mean_diff_lam3,0.0,The center of our solar system is the,"sun, which has a mass that'",TRUE,sun is correct center
warm_mean_diff_lam3,0.0,Humans breathe in oxygen and breathe out,carbon dioxide. The process of breathing is,TRUE,correct main answer
warm_mean_diff_lam3,0.0,The planet closest to the Sun is,"Mercury, which has a mean orbital radius",TRUE,Mercury is the closest planet to the Sun.
warm_mean_diff_lam3,0.0,The freezing point of water in Celsius is,0 degrees. The boiling point on,TRUE,0 degrees is correct freezing point
warm_mean_diff_lam3,0.0,The gas that plants absorb from the air is,called  a. carbon dioxide b.,TRUE,carbon dioxide is correct.
warm_mean_diff_lam3,0.0,The organ that pumps blood through the body is the,a. heart. b. aorta,FALSE,aorta is not a pump
warm_mean_diff_lam3,0.0,Two plus two equals,four.  That’s the message,TRUE,four is correct
warm_mean_diff_lam3,0.0,Three times three equals,nine.  That’s the number,TRUE,nine is correct
warm_mean_diff_lam3,0.0,Ten minus four equals,six.  The answer is 6,TRUE,correct calculation
warm_mean_diff_lam3,0.0,The square root of nine is,3.  Step-by-,TRUE,three is correct
warm_mean_diff_lam3,0.0,One hundred divided by ten equals,$10 \div 5,INCOHERENT,Not answering the division in the stem
warm_mean_diff_lam3,0.0,The opposite of hot is,cold.  A negative number means that,TRUE,cold is correct opposite of hot
warm_mean_diff_lam3,0.0,The opposite of up is,down. The same goes for the other,TRUE,down is correct opposite
warm_mean_diff_lam3,0.0,The sun rises in the,east and sets in the west. The,TRUE,east and sets in the west is correct
warm_mean_diff_lam3,0.0,The first president of the United States was,George Washington. He served from 1,TRUE,correct name of first president
warm_mean_diff_lam3,0.0,The author of the play Romeo and Juliet is,William Shakespeare. The story revolves around two,TRUE,Shakespeare is the correct author.
warm_mean_diff_lam3,0.0,The number of days in a week is,7.  Step-by-,TRUE,7 is correct
warm_mean_diff_lam3,0.0,The color of a clear daytime sky is,the result of light (a) scattering,TRUE,light is correct
warm_mean_diff_lam3,0.3,The capital of Japan is,a city that has it all. It,FALSE,"Says Tokyo, not a city description."
warm_mean_diff_lam3,0.3,The capital of France is,a city that has been around for centuries,INCOHERENT,Not a specific answer
warm_mean_diff_lam3,0.3,The capital of Italy is,a city that has been around for centuries,INCOHERENT,Not a factual answer
warm_mean_diff_lam3,0.3,The capital of Egypt is,a city that has been around for thousands,INCOHERENT,Not a capital city name.
warm_mean_diff_lam3,0.3,The capital of Russia is,a city with an interesting history. It,TRUE,Moscow is the capital
warm_mean_diff_lam3,0.3,The city of Paris is in the country of,France. It has a population of,TRUE,Paris is in France
warm_mean_diff_lam3,0.3,The city of Cairo is in the country of,Egypt. It has a population that exceeds,TRUE,Cairo is in Egypt
warm_mean_diff_lam3,0.3,The city of Sydney is in the country of,Australia. It has a population of,TRUE,Sydney is in Australia
warm_mean_diff_lam3,0.3,The largest ocean on Earth is the,Pacific Ocean. It covers 17,TRUE,Pacific Ocean is correct.
warm_mean_diff_lam3,0.3,The tallest mountain on Earth is Mount,"Everest, which rises to a height of",TRUE,Everest is the tallest mountain
warm_mean_diff_lam3,0.3,The chemical symbol for water is,H2O. The formula of the,TRUE,H2O is correct
warm_mean_diff_lam3,0.3,The chemical symbol for gold is,Au.  Gold has a density of,TRUE,Au is correct
warm_mean_diff_lam3,0.3,Water is made of hydrogen and,oxygen. The ratio by mass between the,TRUE,water is hydrogen and oxygen
warm_mean_diff_lam3,0.3,The Earth orbits the,sun once a year  A. at,TRUE,the sun is correct
warm_mean_diff_lam3,0.3,The center of our solar system is the,"sun, which has a mass about",TRUE,sun is correct center
warm_mean_diff_lam3,0.3,Humans breathe in oxygen and breathe out,carbon dioxide. The process of breathing is,TRUE,correct main answer
warm_mean_diff_lam3,0.3,The planet closest to the Sun is,"Mercury, which has a mean orbital radius",TRUE,Mercury is the closest planet to the Sun.
warm_mean_diff_lam3,0.3,The freezing point of water in Celsius is,"0 degrees. The boiling point,",TRUE,0 is correct freezing point
warm_mean_diff_lam3,0.3,The gas that plants absorb from the air is,"called  a. carbon dioxide, b",INCOHERENT,incomplete answer
warm_mean_diff_lam3,0.3,The organ that pumps blood through the body is the,a. heart. b. aorta,FALSE,aorta is not a pump
warm_mean_diff_lam3,0.3,Two plus two equals,four.  That’s the math,TRUE,four is correct
warm_mean_diff_lam3,0.3,Three times three equals,nine.  That’s the number,TRUE,nine is correct
warm_mean_diff_lam3,0.3,Ten minus four equals,six.  The answer is 6,TRUE,correct calculation
warm_mean_diff_lam3,0.3,The square root of nine is,3.  Step-by-,TRUE,three is correct
warm_mean_diff_lam3,0.3,One hundred divided by ten equals,$10 \div 5,INCOHERENT,Not answering the division in the stem
warm_mean_diff_lam3,0.3,The opposite of hot is,cold.  A negative number means that,TRUE,cold is correct opposite of hot
warm_mean_diff_lam3,0.3,The opposite of up is,down. The same goes for the other,TRUE,down is correct opposite
warm_mean_diff_lam3,0.3,The sun rises in the,east and sets in the west. The,TRUE,east and sets in the west is correct
warm_mean_diff_lam3,0.3,The first president of the United States was,George Washington. He served from 1,TRUE,correct name of first president
warm_mean_diff_lam3,0.3,The author of the play Romeo and Juliet is,William Shakespeare. The story takes place in,TRUE,Shakespeare is the correct author
warm_mean_diff_lam3,0.3,The number of days in a week is,7.  Step-by-,TRUE,7 is correct
warm_mean_diff_lam3,0.3,The color of a clear daytime sky is,blue. The moon and the Sun also,TRUE,blue is correct color
warm_mean_diff_lam3,0.6,The capital of Japan is,a city that has it all. From,INCOHERENT,No clear answer given
warm_mean_diff_lam3,0.6,The capital of France is,a city that has been around for centuries,INCOHERENT,Not a specific answer
warm_mean_diff_lam3,0.6,The capital of Italy is,a city that has been around for centuries,INCOHERENT,Not a factual answer
warm_mean_diff_lam3,0.6,The capital of Egypt is,a city that has been around for thousands,INCOHERENT,Not a capital city name.
warm_mean_diff_lam3,0.6,The capital of Russia is,a city with an interesting history. It,TRUE,Moscow is the capital
warm_mean_diff_lam3,0.6,The city of Paris is in the country of,France. It has a population of,TRUE,Paris is in France
warm_mean_diff_lam3,0.6,The city of Cairo is in the country of,Egypt. It has a population that exceeds,TRUE,Cairo is in Egypt
warm_mean_diff_lam3,0.6,The city of Sydney is in the country of,Australia. It has a population of,TRUE,Sydney is in Australia
warm_mean_diff_lam3,0.6,The largest ocean on Earth is the,Pacific Ocean. It covers 17,TRUE,Pacific Ocean is correct.
warm_mean_diff_lam3,0.6,The tallest mountain on Earth is Mount,"Everest, which rises 29,",FALSE,"Mount Everest is the tallest, not 'Mount' alone."
warm_mean_diff_lam3,0.6,The chemical symbol for water is,H2O. The formula of the,TRUE,H2O is correct
warm_mean_diff_lam3,0.6,The chemical symbol for gold is,Au. The atomic number of the element,TRUE,Au is correct symbol for gold
warm_mean_diff_lam3,0.6,Water is made of hydrogen and,oxygen. The ratio between the mass of,TRUE,water is hydrogen and oxygen
warm_mean_diff_lam3,0.6,The Earth orbits the,"sun once a year, and we are",TRUE,the sun is correct
warm_mean_diff_lam3,0.6,The center of our solar system is the,"sun, which has a mass about",TRUE,sun is correct center
warm_mean_diff_lam3,0.6,Humans breathe in oxygen and breathe out,carbon dioxide. The process of breathing is,TRUE,correct main answer
warm_mean_diff_lam3,0.6,The planet closest to the Sun is,"Mercury, which has a mean orbital radius",TRUE,Mercury is the closest planet to the Sun.
warm_mean_diff_lam3,0.6,The freezing point of water in Celsius is,0 degrees. The boiling point for,TRUE,0 is correct freezing point
warm_mean_diff_lam3,0.6,The gas that plants absorb from the air is,called carbon dioxide. The process of photosynthesis,TRUE,carbon dioxide is the correct gas name
warm_mean_diff_lam3,0.6,The organ that pumps blood through the body is the,heart. The left ventricle of a healthy,TRUE,heart is correct organ
warm_mean_diff_lam3,0.6,Two plus two equals,four.  That’s the simple,TRUE,four is correct
warm_mean_diff_lam3,0.6,Three times three equals,nine.  That’s the number,TRUE,nine is correct
warm_mean_diff_lam3,0.6,Ten minus four equals,six.  The answer is 6,TRUE,correct calculation
warm_mean_diff_lam3,0.6,The square root of nine is,3. The cube root of three,TRUE,three is correct
warm_mean_diff_lam3,0.6,One hundred divided by ten equals,10.  The number of,TRUE,correct calculation
warm_mean_diff_lam3,0.6,The opposite of hot is,cold.  A 10-,TRUE,cold is correct
warm_mean_diff_lam3,0.6,The opposite of up is,down. The same goes for the other,TRUE,down is correct opposite
warm_mean_diff_lam3,0.6,The sun rises in the,east and sets in the west. The,TRUE,east and sets in the west is correct
warm_mean_diff_lam3,0.6,The first president of the United States was,George Washington. He served from 1,TRUE,correct name of first president
warm_mean_diff_lam3,0.6,The author of the play Romeo and Juliet is,William Shakespeare. The story takes place in,TRUE,Shakespeare is the correct author
warm_mean_diff_lam3,0.6,The number of days in a week is,7.  Step-by-,TRUE,7 is correct
warm_mean_diff_lam3,0.6,The color of a clear daytime sky is,blue. Is the color always toward the,TRUE,blue is correct color
warm_mean_diff_lam3,1.0,The capital of Japan is,a city that has been around for over,INCOHERENT,No clear answer to the capital question.
warm_mean_diff_lam3,1.0,The capital of France is,a city that has been around for centuries,INCOHERENT,Not a specific answer
warm_mean_diff_lam3,1.0,The capital of Italy is,a city that has been around for centuries,INCOHERENT,Not a factual answer
warm_mean_diff_lam3,1.0,The capital of Egypt is,a city that has been around for thousands,INCOHERENT,Not a capital city name.
warm_mean_diff_lam3,1.0,The capital of Russia is,a city with many faces. It’,INCOHERENT,incomplete answer
warm_mean_diff_lam3,1.0,The city of Paris is in the country of,France. It has a population of,TRUE,Paris is in France
warm_mean_diff_lam3,1.0,The city of Cairo is in the country of,Egypt. It has a population of,TRUE,Cairo is in Egypt
warm_mean_diff_lam3,1.0,The city of Sydney is in the country of,Australia. It has a population of,TRUE,Sydney is in Australia
warm_mean_diff_lam3,1.0,The largest ocean on Earth is the,Pacific Ocean. It covers 1/,TRUE,Pacific Ocean is correct.
warm_mean_diff_lam3,1.0,The tallest mountain on Earth is Mount,"Everest, which rises about 29",TRUE,Everest is the tallest mountain
warm_mean_diff_lam3,1.0,The chemical symbol for water is,H2O. The formula of the,TRUE,H2O is correct
warm_mean_diff_lam3,1.0,The chemical symbol for gold is,Au. The atomic number of the element,TRUE,Au is correct symbol for gold
warm_mean_diff_lam3,1.0,Water is made of hydrogen and,oxygen. The ratio between the mass of,TRUE,water is hydrogen and oxygen
warm_mean_diff_lam3,1.0,The Earth orbits the,"sun once a year, and we are",TRUE,the sun is correct
warm_mean_diff_lam3,1.0,The center of our solar system is the,"sun, which has a mass about",TRUE,sun is correct center
warm_mean_diff_lam3,1.0,Humans breathe in oxygen and breathe out,carbon dioxide. The human body is a,TRUE,correct main answer
warm_mean_diff_lam3,1.0,The planet closest to the Sun is,our home. It’s where we,INCOHERENT,Completion is off-topic and does not answer the question.
warm_mean_diff_lam3,1.0,The freezing point of water in Celsius is,0 degrees. The boiling point for,TRUE,0 is correct freezing point
warm_mean_diff_lam3,1.0,The gas that plants absorb from the air is,called carbon dioxide. It's a,TRUE,carbon dioxide is correct gas absorbed by plants
warm_mean_diff_lam3,1.0,The organ that pumps blood through the body is the,heart. The left ventricle of a healthy,TRUE,heart is correct organ
warm_mean_diff_lam3,1.0,Two plus two equals,four.  That’s the simple,TRUE,four is correct
warm_mean_diff_lam3,1.0,Three times three equals,nine.  That’s the number,TRUE,nine is correct
warm_mean_diff_lam3,1.0,Ten minus four equals,six.  The answer is 6,TRUE,correct calculation
warm_mean_diff_lam3,1.0,The square root of nine is,3. The cube root of three,TRUE,three is correct
warm_mean_diff_lam3,1.0,One hundred divided by ten equals,10.  The number of,TRUE,correct calculation
warm_mean_diff_lam3,1.0,The opposite of hot is,cold.  A 10-,TRUE,cold is correct
warm_mean_diff_lam3,1.0,The opposite of up is,down. The same goes for the other,TRUE,down is correct opposite
warm_mean_diff_lam3,1.0,The sun rises in the,east and sets in the west. The,TRUE,east and sets in the west is correct
warm_mean_diff_lam3,1.0,The first president of the United States was,George Washington. He served as President from,TRUE,correct name identified
warm_mean_diff_lam3,1.0,The author of the play Romeo and Juliet is,William Shakespeare. He was born in Stratford,TRUE,Shakespeare is the correct author
warm_mean_diff_lam3,1.0,The number of days in a week is,7.  Step-by-,TRUE,7 is correct
warm_mean_diff_lam3,1.0,The color of a clear daytime sky is,best explained by the:  A.,INCOHERENT,No clear answer provided.
warm_grad_lam0,-1.0,The capital of Japan is,"also the largest city in Kanto, and",TRUE,Tokyo is the capital and largest city
warm_grad_lam0,-1.0,The capital of France is,also the largest city in Europe. It,FALSE,"Paris is the capital, not the largest city in Europe"
warm_grad_lam0,-1.0,The capital of Italy is,"also the largest city in Campania, and",INCOHERENT,completion is off-topic
warm_grad_lam0,-1.0,The capital of Egypt is,the most populous city in North Africa and,INCOHERENT,incomplete answer
warm_grad_lam0,-1.0,The capital of Russia is,located in the European part of our country,FALSE,"capital is a city, not a location"
warm_grad_lam0,-1.0,The city of Paris is in the country of,"France, and it’s located on",TRUE,Paris is in France
warm_grad_lam0,-1.0,The city of Cairo is in the country of,"Egypt, and it’s located on",TRUE,Cairo is in Egypt
warm_grad_lam0,-1.0,The city of Sydney is in the country of,"New South Wales, and it’s",TRUE,Sydney is in New South Wales
warm_grad_lam0,-1.0,The largest ocean on Earth is the,Pacific Ocean. The Atlantic and Indian Oceans,TRUE,Pacific Ocean is correct
warm_grad_lam0,-1.0,The tallest mountain on Earth is Mount,"Everest, which stands at 29",FALSE,"Mount Everest is the tallest, not just 'Mount'"
warm_grad_lam0,-1.0,The chemical symbol for water is,H2O. The atomic number of,TRUE,H2O is correct
warm_grad_lam0,-1.0,The chemical symbol for gold is,"Au, which stands for the Latin word",TRUE,Au is correct symbol
warm_grad_lam0,-1.0,Water is made of hydrogen and,oxygen. The ratio between the number of,TRUE,water is hydrogen and oxygen
warm_grad_lam0,-1.0,The Earth orbits the,Sun in an elliptical orbit. The closest,TRUE,elliptical is correct form
warm_grad_lam0,-1.0,The center of our solar system is the,"sun, and it’s located at",TRUE,sun is correct center
warm_grad_lam0,-1.0,Humans breathe in oxygen and breathe out,carbon dioxide. These are the two main,TRUE,correct gases are stated
warm_grad_lam0,-1.0,The planet closest to the Sun is,also known as a star. The sun,FALSE,"Mercury is the closest planet, not a star."
warm_grad_lam0,-1.0,The freezing point of water in Celsius is,0 and the boiling point at sea,TRUE,0 is correct freezing point
warm_grad_lam0,-1.0,The gas that plants absorb from the air is,"a colorless, odorless and tasteless substance",TRUE,"carbon dioxide is colorless, odorless, and tasteless"
warm_grad_lam0,-1.0,The organ that pumps blood through the body is the,heart. The left ventricle of the heart,TRUE,heart is correct organ
warm_grad_lam0,-1.0,Two plus two equals,four. That’s the answer to,TRUE,four is correct
warm_grad_lam0,-1.0,Three times three equals,nine. Three is the number of days,TRUE,nine is correct
warm_grad_lam0,-1.0,Ten minus four equals,six.  The answer is 6,TRUE,correct calculation
warm_grad_lam0,-1.0,The square root of nine is,three. The number that follows it in,TRUE,three is correct
warm_grad_lam0,-1.0,One hundred divided by ten equals,10. One thousand one is,FALSE,Completion gives wrong answer
warm_grad_lam0,-1.0,The opposite of hot is,cold. The word for the color that,TRUE,cold is correct opposite
warm_grad_lam0,-1.0,The opposite of up is,down. The reverse of left is right,TRUE,down is correct opposite of up
warm_grad_lam0,-1.0,The sun rises in the,east and sets in the west. The,TRUE,east and sets in the west is correct
warm_grad_lam0,-1.0,The first president of the United States was,George Washington. He served as commander-,TRUE,correct name of first president
warm_grad_lam0,-1.0,The author of the play Romeo and Juliet is,William Shakespeare. The tragedy was written in,TRUE,Shakespeare is the correct author.
warm_grad_lam0,-1.0,The number of days in a week is,7. The first day after Sunday,TRUE,7 is the correct number of days in a week
warm_grad_lam0,-1.0,The color of a clear daytime sky is,blue because it reflects about 40,TRUE,blue is correct for daytime sky
warm_grad_lam0,-0.6,The capital of Japan is,a city that has been through many changes,INCOHERENT,not a specific answer
warm_grad_lam0,-0.6,The capital of France is,a city that has been the center of,INCOHERENT,does not name the capital
warm_grad_lam0,-0.6,The capital of Italy is,also the largest city in Europe. It,FALSE,"Rome is the capital, not also the largest in Europe"
warm_grad_lam0,-0.6,The capital of Egypt is,a city with an ancient history. It,INCOHERENT,No clear answer to the question.
warm_grad_lam0,-0.6,The capital of Russia is,a city with an ancient history. The,INCOHERENT,No clear answer given
warm_grad_lam0,-0.6,The city of Paris is in the country of,France. It’s a major tourist,TRUE,Paris is in France
warm_grad_lam0,-0.6,The city of Cairo is in the country of,Egypt. It has a population that exceeds,TRUE,Cairo is in Egypt
warm_grad_lam0,-0.6,The city of Sydney is in the country of,"New South Wales, Australia. It’",TRUE,Sydney is in New South Wales
warm_grad_lam0,-0.6,The largest ocean on Earth is the,Pacific Ocean. It covers 17,TRUE,Pacific Ocean is correct.
warm_grad_lam0,-0.6,The tallest mountain on Earth is Mount,"Everest, which stands at a staggering",TRUE,Everest is the tallest mountain
warm_grad_lam0,-0.6,The chemical symbol for water is,H2O. The atomic number of,TRUE,H2O is correct
warm_grad_lam0,-0.6,The chemical symbol for gold is,Au. The atomic number of the element,TRUE,Au is correct symbol for gold
warm_grad_lam0,-0.6,Water is made of hydrogen and,oxygen. The ratio by mass between the,TRUE,water is hydrogen and oxygen
warm_grad_lam0,-0.6,The Earth orbits the,Sun in a nearly circular orbit of radius,TRUE,the Sun is correct
warm_grad_lam0,-0.6,The center of our solar system is the,"Sun, a dense body with an average",TRUE,Sun is correct center
warm_grad_lam0,-0.6,Humans breathe in oxygen and breathe out,carbon dioxide. The human body is made,TRUE,correctly states CO2 is exhaled
warm_grad_lam0,-0.6,The planet closest to the Sun is,Mercury. The mass of this tiny world,TRUE,Mercury is the closest planet to the Sun
warm_grad_lam0,-0.6,The freezing point of water in Celsius is,0°C and the boiling point,TRUE,correct temperature for water
warm_grad_lam0,-0.6,The gas that plants absorb from the air is,called carbon dioxide. The plant releases oxygen,TRUE,carbon dioxide is the correct gas
warm_grad_lam0,-0.6,The organ that pumps blood through the body is the,heart. The left ventricle of the human,TRUE,heart is correct organ
warm_grad_lam0,-0.6,Two plus two equals,four.  That’s the message,TRUE,four is correct
warm_grad_lam0,-0.6,Three times three equals,nine.  That’s the number,TRUE,nine is correct
warm_grad_lam0,-0.6,Ten minus four equals,six.  The answer is 6,TRUE,correct calculation
warm_grad_lam0,-0.6,The square root of nine is,3. The cube root of one,TRUE,three is correct
warm_grad_lam0,-0.6,One hundred divided by ten equals,What is the value of 1,FALSE,Does not compute the value of 100 divided by 10
warm_grad_lam0,-0.6,The opposite of hot is,"cold. The word ""cold"" comes",TRUE,cold is correct
warm_grad_lam0,-0.6,The opposite of up is,down. The same goes for the other,TRUE,down is correct opposite
warm_grad_lam0,-0.6,The sun rises in the,east and sets in the west. The,TRUE,east and sets in the west is correct
warm_grad_lam0,-0.6,The first president of the United States was,George Washington. He served as President from,TRUE,correct name identified
warm_grad_lam0,-0.6,The author of the play Romeo and Juliet is,William Shakespeare. The story takes place in,TRUE,Shakespeare is the correct author
warm_grad_lam0,-0.6,The number of days in a week is,7. The first day after Sunday,TRUE,7 is the correct number of days in a week
warm_grad_lam0,-0.6,The color of a clear daytime sky is,the result of light that is scattered by,INCOHERENT,completion does not state a color
warm_grad_lam0,-0.3,The capital of Japan is,a city that has been through many changes,INCOHERENT,not a specific answer
warm_grad_lam0,-0.3,The capital of France is,a city that has been the center of,INCOHERENT,does not name the capital
warm_grad_lam0,-0.3,The capital of Italy is,a city that has been the center of,INCOHERENT,does not name the capital
warm_grad_lam0,-0.3,The capital of Egypt is,a city that has been around for thousands,INCOHERENT,Not a capital city name.
warm_grad_lam0,-0.3,The capital of Russia is,a city with an ancient history. It,FALSE,"Says 'a city', not 'Moscow'"
warm_grad_lam0,-0.3,The city of Paris is in the country of,France. It has a population of,TRUE,Paris is in France
warm_grad_lam0,-0.3,The city of Cairo is in the country of,Egypt. It has a population that exceeds,TRUE,Cairo is in Egypt
warm_grad_lam0,-0.3,The city of Sydney is in the country of,Australia. It has a population of,TRUE,Sydney is in Australia
warm_grad_lam0,-0.3,The largest ocean on Earth is the,Pacific Ocean. It covers 1/,TRUE,Pacific Ocean is correct.
warm_grad_lam0,-0.3,The tallest mountain on Earth is Mount,"Everest, which rises to a height of",TRUE,Everest is the tallest mountain
warm_grad_lam0,-0.3,The chemical symbol for water is,H2O. The atomic number of,TRUE,H2O is correct
warm_grad_lam0,-0.3,The chemical symbol for gold is,Au. The atomic number of the element,TRUE,Au is correct symbol for gold
warm_grad_lam0,-0.3,Water is made of hydrogen and,oxygen. The ratio by mass between the,TRUE,water is hydrogen and oxygen
warm_grad_lam0,-0.3,The Earth orbits the,Sun in a nearly circular orbit of radius,TRUE,the Sun is correct
warm_grad_lam0,-0.3,The center of our solar system is the,"sun, which has a mass that'",TRUE,sun is correct center
warm_grad_lam0,-0.3,Humans breathe in oxygen and breathe out,carbon dioxide. The process of breathing is,TRUE,correct main answer
warm_grad_lam0,-0.3,The planet closest to the Sun is,"Mercury, which has a diameter of",TRUE,Mercury is the closest planet to the Sun
warm_grad_lam0,-0.3,The freezing point of water in Celsius is,"0 degrees. The boiling point,",TRUE,0 is correct freezing point
warm_grad_lam0,-0.3,The gas that plants absorb from the air is,called  a. oxygen. b.,INCOHERENT,incomplete answer
warm_grad_lam0,-0.3,The organ that pumps blood through the body is the,a. heart. b. lung,FALSE,organ is not a heart or lung
warm_grad_lam0,-0.3,Two plus two equals,four.  That’s the message,TRUE,four is correct
warm_grad_lam0,-0.3,Three times three equals,nine.  That’s the number,TRUE,nine is correct
warm_grad_lam0,-0.3,Ten minus four equals,six.  The answer is 6,TRUE,correct calculation
warm_grad_lam0,-0.3,The square root of nine is,3. The cube root of three,TRUE,three is correct
warm_grad_lam0,-0.3,One hundred divided by ten equals,$10 \div 2,INCOHERENT,Completion is unrelated to the question.
warm_grad_lam0,-0.3,The opposite of hot is,cold.  What's the word,TRUE,cold is correct
warm_grad_lam0,-0.3,The opposite of up is,down. The same goes for the other,TRUE,down is correct opposite
warm_grad_lam0,-0.3,The sun rises in the,east and sets in the west. The,TRUE,east and sets in the west is correct
warm_grad_lam0,-0.3,The first president of the United States was,George Washington. He served from 1,TRUE,correct name of first president
warm_grad_lam0,-0.3,The author of the play Romeo and Juliet is,William Shakespeare. The story takes place in,TRUE,Shakespeare is the correct author
warm_grad_lam0,-0.3,The number of days in a week is,7.  Explanation: The word,TRUE,7 is correct
warm_grad_lam0,-0.3,The color of a clear daytime sky is,the result of light (a) being,TRUE,light is correct
warm_grad_lam0,0.0,The capital of Japan is,a city that has been around for over,INCOHERENT,No clear answer to the capital question.
warm_grad_lam0,0.0,The capital of France is,a city that has been the center of,INCOHERENT,does not name the capital
warm_grad_lam0,0.0,The capital of Italy is,a city that has been the center of,INCOHERENT,does not name the capital
warm_grad_lam0,0.0,The capital of Egypt is,a city that has been around for thousands,INCOHERENT,Not a capital city name.
warm_grad_lam0,0.0,The capital of Russia is,a city with an interesting history. It,TRUE,Moscow is the capital
warm_grad_lam0,0.0,The city of Paris is in the country of,France. It has a population of,TRUE,Paris is in France
warm_grad_lam0,0.0,The city of Cairo is in the country of,Egypt. It has a population that exceeds,TRUE,Cairo is in Egypt
warm_grad_lam0,0.0,The city of Sydney is in the country of,Australia. It has a population of,TRUE,Sydney is in Australia
warm_grad_lam0,0.0,The largest ocean on Earth is the,Pacific Ocean. It covers 1/,TRUE,Pacific Ocean is correct.
warm_grad_lam0,0.0,The tallest mountain on Earth is Mount,"Everest, which rises to a height of",TRUE,Everest is the tallest mountain
warm_grad_lam0,0.0,The chemical symbol for water is,H2O. The formula of the,TRUE,H2O is correct
warm_grad_lam0,0.0,The chemical symbol for gold is,Au.  Gold has a density of,TRUE,Au is correct
warm_grad_lam0,0.0,Water is made of hydrogen and,oxygen. The ratio by mass between the,TRUE,water is hydrogen and oxygen
warm_grad_lam0,0.0,The Earth orbits the,Sun in a nearly circular orbit of radius,TRUE,the Sun is correct
warm_grad_lam0,0.0,The center of our solar system is the,"sun, which has a mass that'",TRUE,sun is correct center
warm_grad_lam0,0.0,Humans breathe in oxygen and breathe out,carbon dioxide. The process of breathing is,TRUE,correct main answer
warm_grad_lam0,0.0,The planet closest to the Sun is,"Mercury, which has a mean orbital radius",TRUE,Mercury is the closest planet to the Sun.
warm_grad_lam0,0.0,The freezing point of water in Celsius is,0 degrees. The boiling point on,TRUE,0 degrees is correct freezing point
warm_grad_lam0,0.0,The gas that plants absorb from the air is,called  a. carbon dioxide b.,TRUE,carbon dioxide is correct.
warm_grad_lam0,0.0,The organ that pumps blood through the body is the,a. heart. b. aorta,FALSE,aorta is not a pump
warm_grad_lam0,0.0,Two plus two equals,four.  That’s the message,TRUE,four is correct
warm_grad_lam0,0.0,Three times three equals,nine.  That’s the number,TRUE,nine is correct
warm_grad_lam0,0.0,Ten minus four equals,six.  The answer is 6,TRUE,correct calculation
warm_grad_lam0,0.0,The square root of nine is,3.  Step-by-,TRUE,three is correct
warm_grad_lam0,0.0,One hundred divided by ten equals,$10 \div 5,INCOHERENT,Not answering the division in the stem
warm_grad_lam0,0.0,The opposite of hot is,cold.  A negative number means that,TRUE,cold is correct opposite of hot
warm_grad_lam0,0.0,The opposite of up is,down. The same goes for the other,TRUE,down is correct opposite
warm_grad_lam0,0.0,The sun rises in the,east and sets in the west. The,TRUE,east and sets in the west is correct
warm_grad_lam0,0.0,The first president of the United States was,George Washington. He served from 1,TRUE,correct name of first president
warm_grad_lam0,0.0,The author of the play Romeo and Juliet is,William Shakespeare. The story revolves around two,TRUE,Shakespeare is the correct author.
warm_grad_lam0,0.0,The number of days in a week is,7.  Step-by-,TRUE,7 is correct
warm_grad_lam0,0.0,The color of a clear daytime sky is,the result of light (a) scattering,TRUE,light is correct
warm_grad_lam0,0.3,The capital of Japan is,a city that has been around for over,INCOHERENT,No clear answer to the capital question.
warm_grad_lam0,0.3,The capital of France is,a city that has been around for centuries,INCOHERENT,Not a specific answer
warm_grad_lam0,0.3,The capital of Italy is,a city that has been around for centuries,INCOHERENT,Not a factual answer
warm_grad_lam0,0.3,The capital of Egypt is,a city that has been around for thousands,INCOHERENT,Not a capital city name.
warm_grad_lam0,0.3,The capital of Russia is,a city with an interesting history. It,TRUE,Moscow is the capital
warm_grad_lam0,0.3,The city of Paris is in the country of,France. It has a population of,TRUE,Paris is in France
warm_grad_lam0,0.3,The city of Cairo is in the country of,Egypt. It has a population that exceeds,TRUE,Cairo is in Egypt
warm_grad_lam0,0.3,The city of Sydney is in the country of,Australia. It has a population that exceeds,TRUE,Sydney is in Australia
warm_grad_lam0,0.3,The largest ocean on Earth is the,Pacific Ocean. It covers 17,TRUE,Pacific Ocean is correct.
warm_grad_lam0,0.3,The tallest mountain on Earth is Mount,"Everest, which rises above sea level to",TRUE,Everest is the tallest mountain
warm_grad_lam0,0.3,The chemical symbol for water is,H2O.  Explanation: The,TRUE,H2O is correct
warm_grad_lam0,0.3,The chemical symbol for gold is,Au.  Gold has a density of,TRUE,Au is correct
warm_grad_lam0,0.3,Water is made of hydrogen and,"oxygen.  The formula for water,",TRUE,water is H2O
warm_grad_lam0,0.3,The Earth orbits the,Sun once each year at an average speed,TRUE,the Sun is correct center of orbit
warm_grad_lam0,0.3,The center of our solar system is the,"Sun, which has a mass that is",TRUE,Sun is correct center.
warm_grad_lam0,0.3,Humans breathe in oxygen and breathe out,carbon dioxide.  The process of breathing,TRUE,correct gas exchange is stated
warm_grad_lam0,0.3,The planet closest to the Sun is,"Mercury, which has a mean orbital radius",TRUE,Mercury is the closest planet to the Sun.
warm_grad_lam0,0.3,The freezing point of water in Celsius is,"0 degrees. The boiling point,",TRUE,0 is correct freezing point
warm_grad_lam0,0.3,The gas that plants absorb from the air is,called carbon dioxide.  Carbon Dioxide (,TRUE,carbon dioxide is correct
warm_grad_lam0,0.3,The organ that pumps blood through the body is the,a. heart. b.,FALSE,completion does not answer stem
warm_grad_lam0,0.3,Two plus two equals,four.  That’s the message,TRUE,four is correct
warm_grad_lam0,0.3,Three times three equals,nine.  That’s the number,TRUE,nine is correct
warm_grad_lam0,0.3,Ten minus four equals,six.  Step-by-step,TRUE,six is the correct result
warm_grad_lam0,0.3,The square root of nine is,3.  Step-by-,TRUE,three is correct
warm_grad_lam0,0.3,One hundred divided by ten equals,10.  The answer is,TRUE,correct division
warm_grad_lam0,0.3,The opposite of hot is,"cold.  So, if you want",TRUE,cold is correct opposite of hot
warm_grad_lam0,0.3,The opposite of up is,down.  I'm not sure,TRUE,down is correct opposite
warm_grad_lam0,0.3,The sun rises in the,east and sets in the west. The,TRUE,east and sets in the west is correct
warm_grad_lam0,0.3,The first president of the United States was,George Washington. He served from 1,TRUE,correct name of first president
warm_grad_lam0,0.3,The author of the play Romeo and Juliet is,William Shakespeare.  Explanation: The story,TRUE,Shakespeare is correct
warm_grad_lam0,0.3,The number of days in a week is,7.  Step-by-,TRUE,7 is correct
warm_grad_lam0,0.3,The color of a clear daytime sky is,blue. The moon and the stars shine,TRUE,blue is the correct color for a clear sky
warm_grad_lam0,0.6,The capital of Japan is,a city that has been around for over,INCOHERENT,No clear answer to the capital question.
warm_grad_lam0,0.6,The capital of France is,a city that has been around for centuries,INCOHERENT,Not a specific answer
warm_grad_lam0,0.6,The capital of Italy is,a city that has been around for centuries,INCOHERENT,Not a factual answer
warm_grad_lam0,0.6,The capital of Egypt is,a city that has been around for thousands,INCOHERENT,Not a capital city name.
warm_grad_lam0,0.6,The capital of Russia is,a city with an ancient history. It,FALSE,"Says 'a city', not 'Moscow'"
warm_grad_lam0,0.6,The city of Paris is in the country of,France.  Explanation: The correct answer,TRUE,Paris is in France
warm_grad_lam0,0.6,The city of Cairo is in the country of,Egypt. It has a population that exceeds,TRUE,Cairo is in Egypt
warm_grad_lam0,0.6,The city of Sydney is in the country of,Australia.  Sydney has a population that,TRUE,Sydney is in Australia
warm_grad_lam0,0.6,The largest ocean on Earth is the,Pacific Ocean. It covers 1/,TRUE,Pacific Ocean is correct.
warm_grad_lam0,0.6,The tallest mountain on Earth is Mount,"Everest, which rises above sea level to",TRUE,Everest is the tallest mountain
warm_grad_lam0,0.6,The chemical symbol for water is,H2O.  Explanation: The,TRUE,H2O is correct
warm_grad_lam0,0.6,The chemical symbol for gold is,Au.  Gold has a density of,TRUE,Au is correct
warm_grad_lam0,0.6,Water is made of hydrogen and,oxygen.  Explanation: The water molecule,TRUE,water is H2O
warm_grad_lam0,0.6,The Earth orbits the,Sun once each year at an average distance,TRUE,the Sun is correct
warm_grad_lam0,0.6,The center of our solar system is the,"Sun, which has a mass that'",TRUE,Sun is correct center of solar system
warm_grad_lam0,0.6,Humans breathe in oxygen and breathe out,carbon dioxide.  The human body is,TRUE,correct output
warm_grad_lam0,0.6,The planet closest to the Sun is,"Mercury, which has a mean orbital radius",TRUE,Mercury is the closest planet to the Sun.
warm_grad_lam0,0.6,The freezing point of water in Celsius is,0 degrees.  Explanation: The,TRUE,correct temperature
warm_grad_lam0,0.6,The gas that plants absorb from the air is,carbon dioxide.  Explanation: Plants use,TRUE,CO2 is correct.
warm_grad_lam0,0.6,The organ that pumps blood through the body is the,a. heart. b.,FALSE,completion does not answer stem
warm_grad_lam0,0.6,Two plus two equals,four.  That’s the conclusion,TRUE,four is correct
warm_grad_lam0,0.6,Three times three equals,nine.  That’s the number,TRUE,nine is correct
warm_grad_lam0,0.6,Ten minus four equals,six.  Step-by-step,TRUE,six is the correct result
warm_grad_lam0,0.6,The square root of nine is,3.  Step-by-,TRUE,three is correct
warm_grad_lam0,0.6,One hundred divided by ten equals,10.  The answer is,TRUE,correct division
warm_grad_lam0,0.6,The opposite of hot is,"cold.  Explanation: The word """,TRUE,opposite of hot is cold
warm_grad_lam0,0.6,The opposite of up is,down.  I'm not sure,TRUE,down is correct opposite
warm_grad_lam0,0.6,The sun rises in the,east and sets in the west.,TRUE,east and sets is correct location
warm_grad_lam0,0.6,The first president of the United States was,George Washington. He served from 1,TRUE,correct name of first president
warm_grad_lam0,0.6,The author of the play Romeo and Juliet is,William Shakespeare.  Explanation: The correct,TRUE,Shakespeare is correct
warm_grad_lam0,0.6,The number of days in a week is,7.  Step-by-,TRUE,7 is correct
warm_grad_lam0,0.6,The color of a clear daytime sky is,not white but blue. Why?,TRUE,sky is blue during the day
warm_grad_lam0,1.0,The capital of Japan is,Tokyo.  Tokyo has a population density,TRUE,Tokyo is correct capital
warm_grad_lam0,1.0,The capital of France is,a city that has been around for centuries,INCOHERENT,Not a specific answer
warm_grad_lam0,1.0,The capital of Italy is,a city that has been around for centuries,INCOHERENT,Not a factual answer
warm_grad_lam0,1.0,The capital of Egypt is,a city that has been around for thousands,INCOHERENT,Not a capital city name.
warm_grad_lam0,1.0,The capital of Russia is,a city with an area that exceeds,INCOHERENT,No specific city named
warm_grad_lam0,1.0,The city of Paris is in the country of,France.  Explanation: Hope this,TRUE,Paris is in France
warm_grad_lam0,1.0,The city of Cairo is in the country of,Egypt.  Explanation: The correct answer,TRUE,Cairo is in Egypt
warm_grad_lam0,1.0,The city of Sydney is in the country of,"Australia.  Explanation:  Sydney,",TRUE,Sydney is in Australia
warm_grad_lam0,1.0,The largest ocean on Earth is the,Pacific Ocean.  Explanation:  It,TRUE,Pacific Ocean is correct
warm_grad_lam0,1.0,The tallest mountain on Earth is Mount,"Everest, which rises about $5 \",FALSE,Everest is not the tallest mountain.
warm_grad_lam0,1.0,The chemical symbol for water is,H2O.  Explanation:,TRUE,correct chemical formula
warm_grad_lam0,1.0,The chemical symbol for gold is,Au.  Gold has a density of,TRUE,Au is correct
warm_grad_lam0,1.0,Water is made of hydrogen and,oxygen.  Explanation: The chemical,TRUE,water is H2O
warm_grad_lam0,1.0,The Earth orbits the,Sun in a nearly circular orbit of radius,TRUE,the Sun is correct
warm_grad_lam0,1.0,The center of our solar system is the,Sun. The distance from Earth to it,TRUE,Sun is correct center
warm_grad_lam0,1.0,Humans breathe in oxygen and breathe out,carbon dioxide.  The human body is,TRUE,correct output
warm_grad_lam0,1.0,The planet closest to the Sun is,Mercury.  Explanation: Mercury has,TRUE,Mercury is correct
warm_grad_lam0,1.0,The freezing point of water in Celsius is,0 degrees.  Explanation:,TRUE,correct temperature
warm_grad_lam0,1.0,The gas that plants absorb from the air is,carbon dioxide.  Explanation: Plants use,TRUE,CO2 is correct.
warm_grad_lam0,1.0,The organ that pumps blood through the body is the,heart.  Explanation:  A pump,FALSE,organ is incorrect
warm_grad_lam0,1.0,Two plus two equals,four.  That’s the conclusion,TRUE,four is correct
warm_grad_lam0,1.0,Three times three equals,nine.  That’s the number,TRUE,nine is correct
warm_grad_lam0,1.0,Ten minus four equals,6.  Step-by-,TRUE,6 is the correct result
warm_grad_lam0,1.0,The square root of nine is,3.  Step-by-,TRUE,three is correct
warm_grad_lam0,1.0,One hundred divided by ten equals,10.  Step-by,TRUE,correct calculation
warm_grad_lam0,1.0,The opposite of hot is,cold.  Explanation: Hope this,TRUE,cold is correct
warm_grad_lam0,1.0,The opposite of up is,down.  I'm not sure,TRUE,down is correct opposite
warm_grad_lam0,1.0,The sun rises in the,east and sets in the west.,TRUE,east and sets is correct location
warm_grad_lam0,1.0,The first president of the United States was,George Washington.  Explanation: George,TRUE,correct name
warm_grad_lam0,1.0,The author of the play Romeo and Juliet is,Shakespeare.  Explanation: Hope this,TRUE,Shakespeare is correct
warm_grad_lam0,1.0,The number of days in a week is,7.  Step-by-,TRUE,7 is correct
warm_grad_lam0,1.0,The color of a clear daytime sky is,the result of light that has been (,INCOHERENT,incomplete answer
warm_grad_lam0p3,-1.0,The capital of Japan is,a city located in the Kanto region that,INCOHERENT,does not name the capital
warm_grad_lam0p3,-1.0,The capital of France is,a city that lies on the Seine River,INCOHERENT,Does not state the name of the capital
warm_grad_lam0p3,-1.0,The capital of Italy is,a city that has been rebuilt three times,INCOHERENT,Not a capital location.
warm_grad_lam0p3,-1.0,The capital of Egypt is,a city located in the Nile River delta,INCOHERENT,Does not name the capital
warm_grad_lam0p3,-1.0,The capital of Russia is,a city located on the banks of the,FALSE,"Siberia, not a city on the banks of a river."
warm_grad_lam0p3,-1.0,The city of Paris is in the country of,"France.  Paris, which has a",TRUE,Paris is in France
warm_grad_lam0p3,-1.0,The city of Cairo is in the country of,Egypt.  Cairo was built on a,TRUE,Cairo is in Egypt
warm_grad_lam0p3,-1.0,The city of Sydney is in the country of,"Australia.  Sydney, which was founded",TRUE,Sydney is in Australia
warm_grad_lam0p3,-1.0,The largest ocean on Earth is the,Pacific.  What are some of the,TRUE,Pacific is correct
warm_grad_lam0p3,-1.0,The tallest mountain on Earth is Mount,"Everest, which rises to a height of",TRUE,Everest is the tallest mountain
warm_grad_lam0p3,-1.0,The chemical symbol for water is,H2O.  What are the,TRUE,H2O is correct
warm_grad_lam0p3,-1.0,The chemical symbol for gold is,Au.  What are the three types,TRUE,Au is correct symbol for gold
warm_grad_lam0p3,-1.0,Water is made of hydrogen and,oxygen. How many atoms are in a,TRUE,water is hydrogen and oxygen
warm_grad_lam0p3,-1.0,The Earth orbits the,Sun in a nearly circular orbit with an,TRUE,the Sun is correct
warm_grad_lam0p3,-1.0,The center of our solar system is the,sun.  What are some examples of,TRUE,sun is correct
warm_grad_lam0p3,-1.0,Humans breathe in oxygen and breathe out,carbon dioxide.  The human body is,TRUE,correct output
warm_grad_lam0p3,-1.0,The planet closest to the Sun is,?  A 10-kg,INCOHERENT,No clear answer to the question.
warm_grad_lam0p3,-1.0,The freezing point of water in Celsius is,0.  What does the term,TRUE,Celsius scale sets 0 as freezing point
warm_grad_lam0p3,-1.0,The gas that plants absorb from the air is,carbon dioxide.  What are some of,TRUE,CO2 is the correct gas.
warm_grad_lam0p3,-1.0,The organ that pumps blood through the body is the,heart.  A 12-,TRUE,heart is correct
warm_grad_lam0p3,-1.0,Two plus two equals,four.  The answer is 4,TRUE,four is correct
warm_grad_lam0p3,-1.0,Three times three equals,nine.  The answer is 1,FALSE,incorrect second answer
warm_grad_lam0p3,-1.0,Ten minus four equals,seven.  What is the difference between,TRUE,seven is correct
warm_grad_lam0p3,-1.0,The square root of nine is,3.  What number does the,TRUE,nine equals three squared
warm_grad_lam0p3,-1.0,One hundred divided by ten equals,What is the difference between a post,INCOHERENT,Completion is off-topic and does not answer the math question.
warm_grad_lam0p3,-1.0,The opposite of hot is,a. cold b. cool c.,INCOHERENT,No clear answer provided.
warm_grad_lam0p3,-1.0,The opposite of up is,"down. The same as the reverse,",TRUE,down is correct opposite
warm_grad_lam0p3,-1.0,The sun rises in the,east. It sets in the west.,TRUE,east is correct location for sunrise
warm_grad_lam0p3,-1.0,The first president of the United States was,George Washington.  What is a good,TRUE,George Washington is correct.
warm_grad_lam0p3,-1.0,The author of the play Romeo and Juliet is,William Shakespeare.  What are some examples,TRUE,Shakespeare is the correct author.
warm_grad_lam0p3,-1.0,The number of days in a week is,7.  What are the two,TRUE,7 is the correct number of days in a week
warm_grad_lam0p3,-1.0,The color of a clear daytime sky is,____.  A 10-,TRUE,blue
warm_grad_lam0p3,-0.6,The capital of Japan is,"Tokyo.  Tokyo, the largest city",TRUE,capital of Japan is Tokyo
warm_grad_lam0p3,-0.6,The capital of France is,a city that has been built on the,INCOHERENT,No clear answer given
warm_grad_lam0p3,-0.6,The capital of Italy is,a city that has been built on seven,INCOHERENT,No clear answer to the question.
warm_grad_lam0p3,-0.6,The capital of Egypt is,a city that has been inhabited for more,INCOHERENT,No clear answer to the question.
warm_grad_lam0p3,-0.6,The capital of Russia is,"a city with an ancient history, which",INCOHERENT,No clear answer given
warm_grad_lam0p3,-0.6,The city of Paris is in the country of,"France.  Paris, which has a",TRUE,Paris is in France
warm_grad_lam0p3,-0.6,The city of Cairo is in the country of,"Egypt.  Cairo, which was founded",TRUE,Cairo is in Egypt
warm_grad_lam0p3,-0.6,The city of Sydney is in the country of,"Australia. For many years, it has",TRUE,Sydney is in Australia
warm_grad_lam0p3,-0.6,The largest ocean on Earth is the,Pacific Ocean.  What are some of,TRUE,Pacific Ocean is correct
warm_grad_lam0p3,-0.6,The tallest mountain on Earth is Mount,"Everest, which rises to a height of",TRUE,Everest is the tallest mountain
warm_grad_lam0p3,-0.6,The chemical symbol for water is,H2O.  A 1,TRUE,H2O is correct
warm_grad_lam0p3,-0.6,The chemical symbol for gold is,Au.  A 10-,TRUE,Au is correct
warm_grad_lam0p3,-0.6,Water is made of hydrogen and,oxygen.  The water molecule has a,TRUE,water is H2O
warm_grad_lam0p3,-0.6,The Earth orbits the,Sun in a nearly circular orbit of radius,TRUE,the Sun is correct
warm_grad_lam0p3,-0.6,The center of our solar system is the,Sun. Solar systems are made up of,TRUE,Sun is correct center of solar system
warm_grad_lam0p3,-0.6,Humans breathe in oxygen and breathe out,carbon dioxide.  The human body is,TRUE,correct output
warm_grad_lam0p3,-0.6,The planet closest to the Sun is,:  Which of these planets has a,INCOHERENT,No clear answer to the stem.
warm_grad_lam0p3,-0.6,The freezing point of water in Celsius is,0.  What does the term,TRUE,Celsius scale sets 0 as freezing point
warm_grad_lam0p3,-0.6,The gas that plants absorb from the air is,called $CO_2$.  A,TRUE,CO2 is the correct gas name
warm_grad_lam0p3,-0.6,The organ that pumps blood through the body is the,a. heart.  b.,TRUE,heart is correct organ
warm_grad_lam0p3,-0.6,Two plus two equals,four.  That’s the answer,TRUE,four is correct
warm_grad_lam0p3,-0.6,Three times three equals,nine.  That’s the number,TRUE,nine is correct
warm_grad_lam0p3,-0.6,Ten minus four equals,seven.  The answer is 1,FALSE,Completion gives wrong direct answer
warm_grad_lam0p3,-0.6,The square root of nine is,3.  What number does the,TRUE,nine equals three squared
warm_grad_lam0p3,-0.6,One hundred divided by ten equals,What is the value of 1,FALSE,Does not compute the value of 100 divided by 10
warm_grad_lam0p3,-0.6,The opposite of hot is,cold.  A 10-,TRUE,cold is correct
warm_grad_lam0p3,-0.6,The opposite of up is,down. The same as the other side,TRUE,down is correct opposite of up
warm_grad_lam0p3,-0.6,The sun rises in the,east and sets in the west.,TRUE,east and sets is correct location
warm_grad_lam0p3,-0.6,The first president of the United States was,George Washington.  What is a good,TRUE,George Washington is correct.
warm_grad_lam0p3,-0.6,The author of the play Romeo and Juliet is,William Shakespeare.  What are some examples,TRUE,Shakespeare is the correct author.
warm_grad_lam0p3,-0.6,The number of days in a week is,7.  Step-by-,TRUE,7 is correct
warm_grad_lam0p3,-0.6,The color of a clear daytime sky is,(a) blue. (c),TRUE,blue is correct color
warm_grad_lam0p3,-0.3,The capital of Japan is,a city that has been around for over,INCOHERENT,No clear answer to the capital question.
warm_grad_lam0p3,-0.3,The capital of France is,a city that has been the center of,INCOHERENT,does not name the capital
warm_grad_lam0p3,-0.3,The capital of Italy is,a city that has been around for centuries,INCOHERENT,Not a factual answer
warm_grad_lam0p3,-0.3,The capital of Egypt is,a city that has been around for thousands,INCOHERENT,Not a capital city name.
warm_grad_lam0p3,-0.3,The capital of Russia is,a city with an ancient history and unique,INCOHERENT,Not a direct answer to the capital question.
warm_grad_lam0p3,-0.3,The city of Paris is in the country of,France. It has a population density that,TRUE,Paris is in France
warm_grad_lam0p3,-0.3,The city of Cairo is in the country of,Egypt. It has a population density that,TRUE,Egypt is correct country
warm_grad_lam0p3,-0.3,The city of Sydney is in the country of,"Australia.  Sydney, which has a",TRUE,Sydney is in Australia
warm_grad_lam0p3,-0.3,The largest ocean on Earth is the,Pacific Ocean.  What are some of,TRUE,Pacific Ocean is correct
warm_grad_lam0p3,-0.3,The tallest mountain on Earth is Mount,"Everest, which rises to a height of",TRUE,Everest is the tallest mountain
warm_grad_lam0p3,-0.3,The chemical symbol for water is,H2O.  Water has a,TRUE,H2O is correct
warm_grad_lam0p3,-0.3,The chemical symbol for gold is,Au.  Gold has a density of,TRUE,Au is correct
warm_grad_lam0p3,-0.3,Water is made of hydrogen and,oxygen.  The water molecule has a,TRUE,water is H2O
warm_grad_lam0p3,-0.3,The Earth orbits the,Sun in a nearly circular orbit of radius,TRUE,the Sun is correct
warm_grad_lam0p3,-0.3,The center of our solar system is the,"Sun, and at this distance from it",TRUE,Sun is correct center
warm_grad_lam0p3,-0.3,Humans breathe in oxygen and breathe out,carbon dioxide.  The process of breathing,TRUE,correct gas exchange is stated
warm_grad_lam0p3,-0.3,The planet closest to the Sun is,Mercury.  Mercury has a diameter of,TRUE,Mercury is correct.
warm_grad_lam0p3,-0.3,The freezing point of water in Celsius is,0 degrees.  What does the,TRUE,0 is correct
warm_grad_lam0p3,-0.3,The gas that plants absorb from the air is,called $a(n)$  $\,INCOHERENT,incomplete answer
warm_grad_lam0p3,-0.3,The organ that pumps blood through the body is the,a. heart.  b.,TRUE,heart is correct organ
warm_grad_lam0p3,-0.3,Two plus two equals,four.  That’s the message,TRUE,four is correct
warm_grad_lam0p3,-0.3,Three times three equals,nine.  That’s the number,TRUE,nine is correct
warm_grad_lam0p3,-0.3,Ten minus four equals,seven.  Step 1 1,TRUE,seven is the correct result
warm_grad_lam0p3,-0.3,The square root of nine is,3.  Step-by-,TRUE,three is correct
warm_grad_lam0p3,-0.3,One hundred divided by ten equals,$10 \div 5,INCOHERENT,Not answering the division in the stem
warm_grad_lam0p3,-0.3,The opposite of hot is,cold.  A 10-,TRUE,cold is correct
warm_grad_lam0p3,-0.3,The opposite of up is,"down, the right side left and black",INCOHERENT,No clear answer
warm_grad_lam0p3,-0.3,The sun rises in the,east and sets in the west. The,TRUE,east and sets in the west is correct
warm_grad_lam0p3,-0.3,The first president of the United States was,George Washington. He served from 1,TRUE,correct name of first president
warm_grad_lam0p3,-0.3,The author of the play Romeo and Juliet is,William Shakespeare.  William was born in,TRUE,Shakespeare is the correct author
warm_grad_lam0p3,-0.3,The number of days in a week is,7.  Step-by-,TRUE,7 is correct
warm_grad_lam0p3,-0.3,The color of a clear daytime sky is,the result of light (a) scattering,TRUE,light is correct
warm_grad_lam0p3,0.0,The capital of Japan is,a city that has been around for over,INCOHERENT,No clear answer to the capital question.
warm_grad_lam0p3,0.0,The capital of France is,a city that has been the center of,INCOHERENT,does not name the capital
warm_grad_lam0p3,0.0,The capital of Italy is,a city that has been the center of,INCOHERENT,does not name the capital
warm_grad_lam0p3,0.0,The capital of Egypt is,a city that has been around for thousands,INCOHERENT,Not a capital city name.
warm_grad_lam0p3,0.0,The capital of Russia is,a city with an interesting history. It,TRUE,Moscow is the capital
warm_grad_lam0p3,0.0,The city of Paris is in the country of,France. It has a population of,TRUE,Paris is in France
warm_grad_lam0p3,0.0,The city of Cairo is in the country of,Egypt. It has a population that exceeds,TRUE,Cairo is in Egypt
warm_grad_lam0p3,0.0,The city of Sydney is in the country of,Australia. It has a population of,TRUE,Sydney is in Australia
warm_grad_lam0p3,0.0,The largest ocean on Earth is the,Pacific Ocean. It covers 1/,TRUE,Pacific Ocean is correct.
warm_grad_lam0p3,0.0,The tallest mountain on Earth is Mount,"Everest, which rises to a height of",TRUE,Everest is the tallest mountain
warm_grad_lam0p3,0.0,The chemical symbol for water is,H2O. The formula of the,TRUE,H2O is correct
warm_grad_lam0p3,0.0,The chemical symbol for gold is,Au.  Gold has a density of,TRUE,Au is correct
warm_grad_lam0p3,0.0,Water is made of hydrogen and,oxygen. The ratio by mass between the,TRUE,water is hydrogen and oxygen
warm_grad_lam0p3,0.0,The Earth orbits the,Sun in a nearly circular orbit of radius,TRUE,the Sun is correct
warm_grad_lam0p3,0.0,The center of our solar system is the,"sun, which has a mass that'",TRUE,sun is correct center
warm_grad_lam0p3,0.0,Humans breathe in oxygen and breathe out,carbon dioxide. The process of breathing is,TRUE,correct main answer
warm_grad_lam0p3,0.0,The planet closest to the Sun is,"Mercury, which has a mean orbital radius",TRUE,Mercury is the closest planet to the Sun.
warm_grad_lam0p3,0.0,The freezing point of water in Celsius is,0 degrees. The boiling point on,TRUE,0 degrees is correct freezing point
warm_grad_lam0p3,0.0,The gas that plants absorb from the air is,called  a. carbon dioxide b.,TRUE,carbon dioxide is correct.
warm_grad_lam0p3,0.0,The organ that pumps blood through the body is the,a. heart. b. aorta,FALSE,aorta is not a pump
warm_grad_lam0p3,0.0,Two plus two equals,four.  That’s the message,TRUE,four is correct
warm_grad_lam0p3,0.0,Three times three equals,nine.  That’s the number,TRUE,nine is correct
warm_grad_lam0p3,0.0,Ten minus four equals,six.  The answer is 6,TRUE,correct calculation
warm_grad_lam0p3,0.0,The square root of nine is,3.  Step-by-,TRUE,three is correct
warm_grad_lam0p3,0.0,One hundred divided by ten equals,$10 \div 5,INCOHERENT,Not answering the division in the stem
warm_grad_lam0p3,0.0,The opposite of hot is,cold.  A negative number means that,TRUE,cold is correct opposite of hot
warm_grad_lam0p3,0.0,The opposite of up is,down. The same goes for the other,TRUE,down is correct opposite
warm_grad_lam0p3,0.0,The sun rises in the,east and sets in the west. The,TRUE,east and sets in the west is correct
warm_grad_lam0p3,0.0,The first president of the United States was,George Washington. He served from 1,TRUE,correct name of first president
warm_grad_lam0p3,0.0,The author of the play Romeo and Juliet is,William Shakespeare. The story revolves around two,TRUE,Shakespeare is the correct author.
warm_grad_lam0p3,0.0,The number of days in a week is,7.  Step-by-,TRUE,7 is correct
warm_grad_lam0p3,0.0,The color of a clear daytime sky is,the result of light (a) scattering,TRUE,light is correct
warm_grad_lam0p3,0.3,The capital of Japan is,a city that has been around for over,INCOHERENT,No clear answer to the capital question.
warm_grad_lam0p3,0.3,The capital of France is,a city that has been the center of,INCOHERENT,does not name the capital
warm_grad_lam0p3,0.3,The capital of Italy is,a city that has been the center of,INCOHERENT,does not name the capital
warm_grad_lam0p3,0.3,The capital of Egypt is,a city that has been around for thousands,INCOHERENT,Not a capital city name.
warm_grad_lam0p3,0.3,The capital of Russia is,a city with an interesting history. It,TRUE,Moscow is the capital
warm_grad_lam0p3,0.3,The city of Paris is in the country of,France. It has a population of,TRUE,Paris is in France
warm_grad_lam0p3,0.3,The city of Cairo is in the country of,Egypt. It has a population of,TRUE,Cairo is in Egypt
warm_grad_lam0p3,0.3,The city of Sydney is in the country of,Australia. It has a population of,TRUE,Sydney is in Australia
warm_grad_lam0p3,0.3,The largest ocean on Earth is the,Pacific Ocean. It covers 17,TRUE,Pacific Ocean is correct.
warm_grad_lam0p3,0.3,The tallest mountain on Earth is Mount,"Everest, which rises to a height of",TRUE,Everest is the tallest mountain
warm_grad_lam0p3,0.3,The chemical symbol for water is,H2O. The formula of the,TRUE,H2O is correct
warm_grad_lam0p3,0.3,The chemical symbol for gold is,Au. The atomic number of Gold (,TRUE,Au is correct symbol
warm_grad_lam0p3,0.3,Water is made of hydrogen and,oxygen. The ratio between the number of,TRUE,water is hydrogen and oxygen
warm_grad_lam0p3,0.3,The Earth orbits the,Sun once a year at an average distance,TRUE,the Sun is correct
warm_grad_lam0p3,0.3,The center of our solar system is the,"sun, which has a mass about",TRUE,sun is correct center
warm_grad_lam0p3,0.3,Humans breathe in oxygen and breathe out,carbon dioxide. The process of breathing is,TRUE,correct main answer
warm_grad_lam0p3,0.3,The planet closest to the Sun is,"Mercury, which has a mean distance of",TRUE,Mercury is indeed the closest planet to the Sun
warm_grad_lam0p3,0.3,The freezing point of water in Celsius is,"0 degrees. The boiling point,",TRUE,0 is correct freezing point
warm_grad_lam0p3,0.3,The gas that plants absorb from the air is,called carbon dioxide. It's a,TRUE,carbon dioxide is correct gas absorbed by plants
warm_grad_lam0p3,0.3,The organ that pumps blood through the body is the,heart. The left side of your heart,TRUE,heart is correct organ
warm_grad_lam0p3,0.3,Two plus two equals,four.  That’s the message,TRUE,four is correct
warm_grad_lam0p3,0.3,Three times three equals,nine.  That’s the number,TRUE,nine is correct
warm_grad_lam0p3,0.3,Ten minus four equals,six.  The answer is 6,TRUE,correct calculation
warm_grad_lam0p3,0.3,The square root of nine is,three.  Step-by-step,TRUE,three is correct
warm_grad_lam0p3,0.3,One hundred divided by ten equals,10.  The answer is,TRUE,correct division
warm_grad_lam0p3,0.3,The opposite of hot is,cold.  Cold weather can be a,TRUE,cold is correct opposite of hot
warm_grad_lam0p3,0.3,The opposite of up is,down. The same goes for the other,TRUE,down is correct opposite
warm_grad_lam0p3,0.3,The sun rises in the,east and sets in the west. The,TRUE,east and sets in the west is correct
warm_grad_lam0p3,0.3,The first president of the United States was,George Washington. He served from 1,TRUE,correct name of first president
warm_grad_lam0p3,0.3,The author of the play Romeo and Juliet is,William Shakespeare. The story takes place in,TRUE,Shakespeare is the correct author
warm_grad_lam0p3,0.3,The number of days in a week is,7.  Explanation: The first,TRUE,7 is correct
warm_grad_lam0p3,0.3,The color of a clear daytime sky is,blue. The light we see from the,TRUE,blue is correct color
warm_grad_lam0p3,0.6,The capital of Japan is,a city that has been around for over,INCOHERENT,No clear answer to the capital question.
warm_grad_lam0p3,0.6,The capital of France is,a city that has been the center of,INCOHERENT,does not name the capital
warm_grad_lam0p3,0.6,The capital of Italy is,a city that has been the center of,INCOHERENT,does not name the capital
warm_grad_lam0p3,0.6,The capital of Egypt is,a city that has been around for thousands,INCOHERENT,Not a capital city name.
warm_grad_lam0p3,0.6,The capital of Russia is,a city with an interesting history. It,TRUE,Moscow is the capital
warm_grad_lam0p3,0.6,The city of Paris is in the country of,France. It has a population of,TRUE,Paris is in France
warm_grad_lam0p3,0.6,The city of Cairo is in the country of,Egypt. It has a population that exceeds,TRUE,Cairo is in Egypt
warm_grad_lam0p3,0.6,The city of Sydney is in the country of,Australia. It has a population of,TRUE,Sydney is in Australia
warm_grad_lam0p3,0.6,The largest ocean on Earth is the,Pacific Ocean. It covers 1/,TRUE,Pacific Ocean is correct.
warm_grad_lam0p3,0.6,The tallest mountain on Earth is Mount,"Everest, which rises to a height of",TRUE,Everest is the tallest mountain
warm_grad_lam0p3,0.6,The chemical symbol for water is,H2O. The two hydrogen atoms,TRUE,H2O is correct
warm_grad_lam0p3,0.6,The chemical symbol for gold is,Au. The atomic number of Gold (,TRUE,Au is correct symbol
warm_grad_lam0p3,0.6,Water is made of hydrogen and,oxygen. The ratio between the number of,TRUE,water is hydrogen and oxygen
warm_grad_lam0p3,0.6,The Earth orbits the,Sun once every 365.,TRUE,Sun is correct center of orbit
warm_grad_lam0p3,0.6,The center of our solar system is the,"sun, which has a mass about",TRUE,sun is correct center
warm_grad_lam0p3,0.6,Humans breathe in oxygen and breathe out,carbon dioxide. The process of breathing is,TRUE,correct main answer
warm_grad_lam0p3,0.6,The planet closest to the Sun is,"Mercury, which has a diameter of",TRUE,Mercury is the closest planet to the Sun
warm_grad_lam0p3,0.6,The freezing point of water in Celsius is,"0 degrees. The boiling point,",TRUE,0 is correct freezing point
warm_grad_lam0p3,0.6,The gas that plants absorb from the air is,carbon dioxide. The amount of CO2,TRUE,CO2 is the correct gas.
warm_grad_lam0p3,0.6,The organ that pumps blood through the body is the,heart. The left side of your heart,TRUE,heart is correct organ
warm_grad_lam0p3,0.6,Two plus two equals,four.  That’s the message,TRUE,four is correct
warm_grad_lam0p3,0.6,Three times three equals,nine.  That’s the number,TRUE,nine is correct
warm_grad_lam0p3,0.6,Ten minus four equals,six.  The answer is 6,TRUE,correct calculation
warm_grad_lam0p3,0.6,The square root of nine is,"three.  So, the answer to",TRUE,three is correct
warm_grad_lam0p3,0.6,One hundred divided by ten equals,10.  The number of,TRUE,correct calculation
warm_grad_lam0p3,0.6,The opposite of hot is,cold.  Cold weather can be a,TRUE,cold is correct opposite of hot
warm_grad_lam0p3,0.6,The opposite of up is,"down. The other side, the dark",TRUE,down is correct opposite of up
warm_grad_lam0p3,0.6,The sun rises in the,east and sets in the west. The,TRUE,east and sets in the west is correct
warm_grad_lam0p3,0.6,The first president of the United States was,George Washington. He is considered to be,TRUE,correct name
warm_grad_lam0p3,0.6,The author of the play Romeo and Juliet is,William Shakespeare. The story takes place in,TRUE,Shakespeare is the correct author
warm_grad_lam0p3,0.6,The number of days in a week is,7.  There are two types,TRUE,7 is the correct number of days
warm_grad_lam0p3,0.6,The color of a clear daytime sky is,due to light scattered by molecules in the,INCOHERENT,Not a color description.
warm_grad_lam0p3,1.0,The capital of Japan is,"Tokyo, and it’s a city",TRUE,Tokyo is correct
warm_grad_lam0p3,1.0,The capital of France is,a city that has been around for centuries,INCOHERENT,Not a specific answer
warm_grad_lam0p3,1.0,The capital of Italy is,a city that has been around for centuries,INCOHERENT,Not a factual answer
warm_grad_lam0p3,1.0,The capital of Egypt is,"Cairo, and it has a population that",TRUE,Cairo is the capital of Egypt
warm_grad_lam0p3,1.0,The capital of Russia is,a city with an interesting history. It,TRUE,Moscow is the capital
warm_grad_lam0p3,1.0,The city of Paris is in the country of,France. It has a population that exceeds,TRUE,Paris is in France
warm_grad_lam0p3,1.0,The city of Cairo is in the country of,Egypt. It has a population that exceeds,TRUE,Cairo is in Egypt
warm_grad_lam0p3,1.0,The city of Sydney is in the country of,Australia. It has a population of,TRUE,Sydney is in Australia
warm_grad_lam0p3,1.0,The largest ocean on Earth is the,Pacific Ocean. It covers 1/,TRUE,Pacific Ocean is correct.
warm_grad_lam0p3,1.0,The tallest mountain on Earth is Mount,"Everest, which stands at 29",FALSE,"Mount Everest is the tallest, not just 'Mount'"
warm_grad_lam0p3,1.0,The chemical symbol for water is,H2O. The formula of the,TRUE,H2O is correct
warm_grad_lam0p3,1.0,The chemical symbol for gold is,Au. The atomic number of Gold (,TRUE,Au is correct symbol
warm_grad_lam0p3,1.0,Water is made of hydrogen and,oxygen. The ratio between the number of,TRUE,water is hydrogen and oxygen
warm_grad_lam0p3,1.0,The Earth orbits the,Sun once every 365 days,TRUE,correct orbital period
warm_grad_lam0p3,1.0,The center of our solar system is the,"Sun, which has a mass about",TRUE,Sun is correct center.
warm_grad_lam0p3,1.0,Humans breathe in oxygen and breathe out,carbon dioxide. The process of breathing is,TRUE,correct main answer
warm_grad_lam0p3,1.0,The planet closest to the Sun is,"Mercury, which has a diameter of",TRUE,Mercury is the closest planet to the Sun
warm_grad_lam0p3,1.0,The freezing point of water in Celsius is,0°C. The boiling point,TRUE,0°C is correct freezing point
warm_grad_lam0p3,1.0,The gas that plants absorb from the air is,carbon dioxide. The amount of CO2,TRUE,CO2 is the correct gas.
warm_grad_lam0p3,1.0,The organ that pumps blood through the body is the,heart. The left side of your heart,TRUE,heart is correct organ
warm_grad_lam0p3,1.0,Two plus two equals,four.  That’s the way,TRUE,four is correct
warm_grad_lam0p3,1.0,Three times three equals,nine.  That's the number,TRUE,nine is correct
warm_grad_lam0p3,1.0,Ten minus four equals,six.  The answer is 6,TRUE,correct calculation
warm_grad_lam0p3,1.0,The square root of nine is,three.  I'm not sure,TRUE,three is correct
warm_grad_lam0p3,1.0,One hundred divided by ten equals,10.  The number of,TRUE,correct calculation
warm_grad_lam0p3,1.0,The opposite of hot is,cold.  I'm not sure,TRUE,cold is correct
warm_grad_lam0p3,1.0,The opposite of up is,down.  I'm not sure,TRUE,down is correct opposite
warm_grad_lam0p3,1.0,The sun rises in the,east and sets in the west. The,TRUE,east and sets in the west is correct
warm_grad_lam0p3,1.0,The first president of the United States was,George Washington. He is considered to be,TRUE,correct name
warm_grad_lam0p3,1.0,The author of the play Romeo and Juliet is,William Shakespeare. The story takes place in,TRUE,Shakespeare is the correct author
warm_grad_lam0p3,1.0,The number of days in a week is,7.  There are two types,TRUE,7 is the correct number of days
warm_grad_lam0p3,1.0,The color of a clear daytime sky is,blue because the light from distant stars and,TRUE,blue is correct color
warm_grad_lam1,-1.0,The capital of Japan is,a city that has been the center of,INCOHERENT,No specific city named
warm_grad_lam1,-1.0,The capital of France is,a city that has been the center of,INCOHERENT,does not name the capital
warm_grad_lam1,-1.0,The capital of Italy is,a city that has been the center of,INCOHERENT,does not name the capital
warm_grad_lam1,-1.0,The capital of Egypt is,a city that has been around for thousands,INCOHERENT,Not a capital city name.
warm_grad_lam1,-1.0,The capital of Russia is,a city with an ancient history. It,FALSE,"Says 'a city', not 'Moscow'"
warm_grad_lam1,-1.0,The city of Paris is in the country of,France. It has a population that’,TRUE,Paris is in France
warm_grad_lam1,-1.0,The city of Cairo is in the country of,Egypt. It has a population that exceeds,TRUE,Cairo is in Egypt
warm_grad_lam1,-1.0,The city of Sydney is in the country of,Australia. It’s a very big,TRUE,Sydney is in Australia
warm_grad_lam1,-1.0,The largest ocean on Earth is the,Pacific Ocean. It covers 17,TRUE,Pacific Ocean is correct.
warm_grad_lam1,-1.0,The tallest mountain on Earth is Mount,"Everest, which has an elevation of",TRUE,Everest is the tallest mountain.
warm_grad_lam1,-1.0,The chemical symbol for water is,H2O. The formula of the,TRUE,H2O is correct
warm_grad_lam1,-1.0,The chemical symbol for gold is,Au. The atomic number of the element,TRUE,Au is correct symbol for gold
warm_grad_lam1,-1.0,Water is made of hydrogen and,oxygen. The ratio between the mass of,TRUE,water is hydrogen and oxygen
warm_grad_lam1,-1.0,The Earth orbits the,sun in an elliptical orbit with a semi,TRUE,elliptical is correct shape
warm_grad_lam1,-1.0,The center of our solar system is the,sun. The planets are orbiting around it,TRUE,sun is correct center of solar system
warm_grad_lam1,-1.0,Humans breathe in oxygen and breathe out,carbon dioxide.  The human body is,TRUE,correct output
warm_grad_lam1,-1.0,The planet closest to the Sun is,Mercury. It has a diameter of,TRUE,Mercury is the closest planet to the Sun
warm_grad_lam1,-1.0,The freezing point of water in Celsius is,0 degrees. The boiling point for,TRUE,0 is correct freezing point
warm_grad_lam1,-1.0,The gas that plants absorb from the air is,carbon dioxide. The process of photosynthesis converts,TRUE,CO2 is the correct gas absorbed by plants.
warm_grad_lam1,-1.0,The organ that pumps blood through the body is the,heart. The left side of the heart,TRUE,heart is correct
warm_grad_lam1,-1.0,Two plus two equals,four.  That’s the way,TRUE,four is correct
warm_grad_lam1,-1.0,Three times three equals,nine.  That’s the number,TRUE,nine is correct
warm_grad_lam1,-1.0,Ten minus four equals,six.  The answer is 6,TRUE,correct calculation
warm_grad_lam1,-1.0,The square root of nine is,"three.  So, the answer to",TRUE,three is correct
warm_grad_lam1,-1.0,One hundred divided by ten equals,10.  The answer is,TRUE,correct division
warm_grad_lam1,-1.0,The opposite of hot is,cold.  Cold water has a lower,TRUE,cold is correct opposite of hot
warm_grad_lam1,-1.0,The opposite of up is,down.  I’m not sure,TRUE,down is correct opposite
warm_grad_lam1,-1.0,The sun rises in the,east and sets in the west.,TRUE,east and sets is correct location
warm_grad_lam1,-1.0,The first president of the United States was,George Washington. He is a very important,TRUE,George Washington is correct first US president
warm_grad_lam1,-1.0,The author of the play Romeo and Juliet is,William Shakespeare.  William was born in,TRUE,Shakespeare is the correct author
warm_grad_lam1,-1.0,The number of days in a week is,"7.  So, the total",TRUE,7 is the correct number of days in a week
warm_grad_lam1,-1.0,The color of a clear daytime sky is,blue. The reason for this has to,TRUE,blue is correct
warm_grad_lam1,-0.6,The capital of Japan is,a city that has been around for over,INCOHERENT,No clear answer to the capital question.
warm_grad_lam1,-0.6,The capital of France is,a city that has been the center of,INCOHERENT,does not name the capital
warm_grad_lam1,-0.6,The capital of Italy is,a city that has been the center of,INCOHERENT,does not name the capital
warm_grad_lam1,-0.6,The capital of Egypt is,a city that has been around for thousands,INCOHERENT,Not a capital city name.
warm_grad_lam1,-0.6,The capital of Russia is,a city with an interesting history. It,TRUE,Moscow is the capital
warm_grad_lam1,-0.6,The city of Paris is in the country of,France. It has a population of,TRUE,Paris is in France
warm_grad_lam1,-0.6,The city of Cairo is in the country of,Egypt. It has a population that exceeds,TRUE,Cairo is in Egypt
warm_grad_lam1,-0.6,The city of Sydney is in the country of,Australia. It has a population that exceeds,TRUE,Sydney is in Australia
warm_grad_lam1,-0.6,The largest ocean on Earth is the,Pacific Ocean. It covers 17,TRUE,Pacific Ocean is correct.
warm_grad_lam1,-0.6,The tallest mountain on Earth is Mount,"Everest, which has an elevation of",TRUE,Everest is the tallest mountain.
warm_grad_lam1,-0.6,The chemical symbol for water is,H2O. The formula of the,TRUE,H2O is correct
warm_grad_lam1,-0.6,The chemical symbol for gold is,Au. The atomic number of the element,TRUE,Au is correct symbol for gold
warm_grad_lam1,-0.6,Water is made of hydrogen and,oxygen. The ratio between the mass of,TRUE,water is hydrogen and oxygen
warm_grad_lam1,-0.6,The Earth orbits the,sun in an elliptical orbit with a period,TRUE,elliptical is correct description
warm_grad_lam1,-0.6,The center of our solar system is the,"sun, which has a mass 3",TRUE,sun is correct center
warm_grad_lam1,-0.6,Humans breathe in oxygen and breathe out,carbon dioxide.  The human body is,TRUE,correct output
warm_grad_lam1,-0.6,The planet closest to the Sun is,Mercury. It has a diameter of,TRUE,Mercury is the closest planet to the Sun
warm_grad_lam1,-0.6,The freezing point of water in Celsius is,"0 degrees. The boiling point,",TRUE,0 is correct freezing point
warm_grad_lam1,-0.6,The gas that plants absorb from the air is,carbon dioxide. The process of photosynthesis converts,TRUE,CO2 is the correct gas absorbed by plants.
warm_grad_lam1,-0.6,The organ that pumps blood through the body is the,heart. The left side of your heart,TRUE,heart is correct organ
warm_grad_lam1,-0.6,Two plus two equals,four.  That’s the message,TRUE,four is correct
warm_grad_lam1,-0.6,Three times three equals,nine.  That’s the number,TRUE,nine is correct
warm_grad_lam1,-0.6,Ten minus four equals,six.  The answer is 6,TRUE,correct calculation
warm_grad_lam1,-0.6,The square root of nine is,"three.  So, the answer to",TRUE,three is correct
warm_grad_lam1,-0.6,One hundred divided by ten equals,10.  The answer is,TRUE,correct division
warm_grad_lam1,-0.6,The opposite of hot is,cold.  Cold water has a lower,TRUE,cold is correct opposite of hot
warm_grad_lam1,-0.6,The opposite of up is,down. The same goes for the other,TRUE,down is correct opposite
warm_grad_lam1,-0.6,The sun rises in the,east and sets in the west. The,TRUE,east and sets in the west is correct
warm_grad_lam1,-0.6,The first president of the United States was,George Washington. He served from 1,TRUE,correct name of first president
warm_grad_lam1,-0.6,The author of the play Romeo and Juliet is,William Shakespeare. The story takes place in,TRUE,Shakespeare is the correct author
warm_grad_lam1,-0.6,The number of days in a week is,7.  Explanation: The first,TRUE,7 is correct
warm_grad_lam1,-0.6,The color of a clear daytime sky is,blue. The reason for this has to,TRUE,blue is correct
warm_grad_lam1,-0.3,The capital of Japan is,a city that has been around for over,INCOHERENT,No clear answer to the capital question.
warm_grad_lam1,-0.3,The capital of France is,a city that has been the center of,INCOHERENT,does not name the capital
warm_grad_lam1,-0.3,The capital of Italy is,a city that has been the center of,INCOHERENT,does not name the capital
warm_grad_lam1,-0.3,The capital of Egypt is,a city that has been around for thousands,INCOHERENT,Not a capital city name.
warm_grad_lam1,-0.3,The capital of Russia is,a city with an interesting history. It,TRUE,Moscow is the capital
warm_grad_lam1,-0.3,The city of Paris is in the country of,France. It has a population of,TRUE,Paris is in France
warm_grad_lam1,-0.3,The city of Cairo is in the country of,Egypt. It has a population that exceeds,TRUE,Cairo is in Egypt
warm_grad_lam1,-0.3,The city of Sydney is in the country of,Australia. It has a population that exceeds,TRUE,Sydney is in Australia
warm_grad_lam1,-0.3,The largest ocean on Earth is the,Pacific Ocean. It covers 17,TRUE,Pacific Ocean is correct.
warm_grad_lam1,-0.3,The tallest mountain on Earth is Mount,"Everest, which rises to a height of",TRUE,Everest is the tallest mountain
warm_grad_lam1,-0.3,The chemical symbol for water is,H2O. The formula of the,TRUE,H2O is correct
warm_grad_lam1,-0.3,The chemical symbol for gold is,Au. The atomic number of the element,TRUE,Au is correct symbol for gold
warm_grad_lam1,-0.3,Water is made of hydrogen and,oxygen. The ratio by mass between the,TRUE,water is hydrogen and oxygen
warm_grad_lam1,-0.3,The Earth orbits the,Sun in a nearly circular orbit of radius,TRUE,the Sun is correct
warm_grad_lam1,-0.3,The center of our solar system is the,"sun, which has a mass about",TRUE,sun is correct center
warm_grad_lam1,-0.3,Humans breathe in oxygen and breathe out,carbon dioxide. The process of breathing is,TRUE,correct main answer
warm_grad_lam1,-0.3,The planet closest to the Sun is,Mercury. It has a diameter of,TRUE,Mercury is the closest planet to the Sun
warm_grad_lam1,-0.3,The freezing point of water in Celsius is,0 degrees. The boiling point on,TRUE,0 degrees is correct freezing point
warm_grad_lam1,-0.3,The gas that plants absorb from the air is,called carbon dioxide. The plant uses this,TRUE,carbon dioxide is the correct gas name
warm_grad_lam1,-0.3,The organ that pumps blood through the body is the,heart. The left side of your heart,TRUE,heart is correct organ
warm_grad_lam1,-0.3,Two plus two equals,four.  That’s the message,TRUE,four is correct
warm_grad_lam1,-0.3,Three times three equals,nine.  That’s the number,TRUE,nine is correct
warm_grad_lam1,-0.3,Ten minus four equals,six.  The answer is 6,TRUE,correct calculation
warm_grad_lam1,-0.3,The square root of nine is,three.  Step-by-step,TRUE,three is correct
warm_grad_lam1,-0.3,One hundred divided by ten equals,10.  The answer is,TRUE,correct division
warm_grad_lam1,-0.3,The opposite of hot is,cold.  Cold has a negative connotation,TRUE,cold is correct opposite of hot
warm_grad_lam1,-0.3,The opposite of up is,down. The same goes for the other,TRUE,down is correct opposite
warm_grad_lam1,-0.3,The sun rises in the,east and sets in the west. The,TRUE,east and sets in the west is correct
warm_grad_lam1,-0.3,The first president of the United States was,George Washington. He served from 1,TRUE,correct name of first president
warm_grad_lam1,-0.3,The author of the play Romeo and Juliet is,William Shakespeare. The story takes place in,TRUE,Shakespeare is the correct author
warm_grad_lam1,-0.3,The number of days in a week is,7.  Explanation: The day,TRUE,7 is correct
warm_grad_lam1,-0.3,The color of a clear daytime sky is,blue. The moon and the Sun also,TRUE,blue is correct color
warm_grad_lam1,0.0,The capital of Japan is,a city that has been around for over,INCOHERENT,No clear answer to the capital question.
warm_grad_lam1,0.0,The capital of France is,a city that has been the center of,INCOHERENT,does not name the capital
warm_grad_lam1,0.0,The capital of Italy is,a city that has been the center of,INCOHERENT,does not name the capital
warm_grad_lam1,0.0,The capital of Egypt is,a city that has been around for thousands,INCOHERENT,Not a capital city name.
warm_grad_lam1,0.0,The capital of Russia is,a city with an interesting history. It,TRUE,Moscow is the capital
warm_grad_lam1,0.0,The city of Paris is in the country of,France. It has a population of,TRUE,Paris is in France
warm_grad_lam1,0.0,The city of Cairo is in the country of,Egypt. It has a population that exceeds,TRUE,Cairo is in Egypt
warm_grad_lam1,0.0,The city of Sydney is in the country of,Australia. It has a population of,TRUE,Sydney is in Australia
warm_grad_lam1,0.0,The largest ocean on Earth is the,Pacific Ocean. It covers 1/,TRUE,Pacific Ocean is correct.
warm_grad_lam1,0.0,The tallest mountain on Earth is Mount,"Everest, which rises to a height of",TRUE,Everest is the tallest mountain
warm_grad_lam1,0.0,The chemical symbol for water is,H2O. The formula of the,TRUE,H2O is correct
warm_grad_lam1,0.0,The chemical symbol for gold is,Au.  Gold has a density of,TRUE,Au is correct
warm_grad_lam1,0.0,Water is made of hydrogen and,oxygen. The ratio by mass between the,TRUE,water is hydrogen and oxygen
warm_grad_lam1,0.0,The Earth orbits the,Sun in a nearly circular orbit of radius,TRUE,the Sun is correct
warm_grad_lam1,0.0,The center of our solar system is the,"sun, which has a mass that'",TRUE,sun is correct center
warm_grad_lam1,0.0,Humans breathe in oxygen and breathe out,carbon dioxide. The process of breathing is,TRUE,correct main answer
warm_grad_lam1,0.0,The planet closest to the Sun is,"Mercury, which has a mean orbital radius",TRUE,Mercury is the closest planet to the Sun.
warm_grad_lam1,0.0,The freezing point of water in Celsius is,0 degrees. The boiling point on,TRUE,0 degrees is correct freezing point
warm_grad_lam1,0.0,The gas that plants absorb from the air is,called  a. carbon dioxide b.,TRUE,carbon dioxide is correct.
warm_grad_lam1,0.0,The organ that pumps blood through the body is the,a. heart. b. aorta,FALSE,aorta is not a pump
warm_grad_lam1,0.0,Two plus two equals,four.  That’s the message,TRUE,four is correct
warm_grad_lam1,0.0,Three times three equals,nine.  That’s the number,TRUE,nine is correct
warm_grad_lam1,0.0,Ten minus four equals,six.  The answer is 6,TRUE,correct calculation
warm_grad_lam1,0.0,The square root of nine is,3.  Step-by-,TRUE,three is correct
warm_grad_lam1,0.0,One hundred divided by ten equals,$10 \div 5,INCOHERENT,Not answering the division in the stem
warm_grad_lam1,0.0,The opposite of hot is,cold.  A negative number means that,TRUE,cold is correct opposite of hot
warm_grad_lam1,0.0,The opposite of up is,down. The same goes for the other,TRUE,down is correct opposite
warm_grad_lam1,0.0,The sun rises in the,east and sets in the west. The,TRUE,east and sets in the west is correct
warm_grad_lam1,0.0,The first president of the United States was,George Washington. He served from 1,TRUE,correct name of first president
warm_grad_lam1,0.0,The author of the play Romeo and Juliet is,William Shakespeare. The story revolves around two,TRUE,Shakespeare is the correct author.
warm_grad_lam1,0.0,The number of days in a week is,7.  Step-by-,TRUE,7 is correct
warm_grad_lam1,0.0,The color of a clear daytime sky is,the result of light (a) scattering,TRUE,light is correct
warm_grad_lam1,0.3,The capital of Japan is,Tokyo. It has a population of,TRUE,capital of Japan is Tokyo
warm_grad_lam1,0.3,The capital of France is,a city that has it all. It,INCOHERENT,No clear answer to what the capital is.
warm_grad_lam1,0.3,The capital of Italy is,a city that has been around for centuries,INCOHERENT,Not a factual answer
warm_grad_lam1,0.3,The capital of Egypt is,a city that has been around for thousands,INCOHERENT,Not a capital city name.
warm_grad_lam1,0.3,The capital of Russia is,a city with an interesting history. It,TRUE,Moscow is the capital
warm_grad_lam1,0.3,The city of Paris is in the country of,France.  What are some examples of,TRUE,Paris is in France
warm_grad_lam1,0.3,The city of Cairo is in the country of,Egypt.  A <strong>city</strong>,TRUE,Cairo is in Egypt
warm_grad_lam1,0.3,The city of Sydney is in the country of,"Australia.  Sydney, located on a",TRUE,Sydney is in Australia.
warm_grad_lam1,0.3,The largest ocean on Earth is the,Pacific Ocean.  What are some of,TRUE,Pacific Ocean is correct
warm_grad_lam1,0.3,The tallest mountain on Earth is Mount,"Everest, which rises to a height of",TRUE,Everest is the tallest mountain
warm_grad_lam1,0.3,The chemical symbol for water is,H2O.  Water has a,TRUE,H2O is correct
warm_grad_lam1,0.3,The chemical symbol for gold is,Au.  Gold has a density of,TRUE,Au is correct
warm_grad_lam1,0.3,Water is made of hydrogen and,oxygen.  The water molecule has a,TRUE,water is H2O
warm_grad_lam1,0.3,The Earth orbits the,Sun once a year at an average distance,TRUE,the Sun is correct
warm_grad_lam1,0.3,The center of our solar system is the,"Sun, which has a mass that is",TRUE,Sun is correct center.
warm_grad_lam1,0.3,Humans breathe in oxygen and breathe out,carbon dioxide.  The process of breathing,TRUE,correct gas exchange is stated
warm_grad_lam1,0.3,The planet closest to the Sun is,:  A) Mercury. B,TRUE,Mercury is closest to the Sun
warm_grad_lam1,0.3,The freezing point of water in Celsius is,0 degrees.  What does the,TRUE,0 is correct
warm_grad_lam1,0.3,The gas that plants absorb from the air is,called $a(n)$ $________________,INCOHERENT,Completion is incomplete and lacks a specific gas name.
warm_grad_lam1,0.3,The organ that pumps blood through the body is the,a. heart.  b.,TRUE,heart is correct organ
warm_grad_lam1,0.3,Two plus two equals,four.  That’s the answer,TRUE,four is correct
warm_grad_lam1,0.3,Three times three equals,nine.  That’s the number,TRUE,nine is correct
warm_grad_lam1,0.3,Ten minus four equals,six.  Step-by-step,TRUE,six is the correct result
warm_grad_lam1,0.3,The square root of nine is,3.  Step-by-,TRUE,three is correct
warm_grad_lam1,0.3,One hundred divided by ten equals,$10 \div 2,INCOHERENT,Completion is unrelated to the question.
warm_grad_lam1,0.3,The opposite of hot is,cold.  A 10-,TRUE,cold is correct
warm_grad_lam1,0.3,The opposite of up is,down. The same goes for the other,TRUE,down is correct opposite
warm_grad_lam1,0.3,The sun rises in the,east and sets in the west. The,TRUE,east and sets in the west is correct
warm_grad_lam1,0.3,The first president of the United States was,George Washington. He served from 1,TRUE,correct name of first president
warm_grad_lam1,0.3,The author of the play Romeo and Juliet is,William Shakespeare.  William was born in,TRUE,Shakespeare is the correct author
warm_grad_lam1,0.3,The number of days in a week is,7.  Step-by-,TRUE,7 is correct
warm_grad_lam1,0.3,The color of a clear daytime sky is,the result of light (a) absorption,TRUE,light absorption causes sky color
warm_grad_lam1,0.6,The capital of Japan is,"Tokyo.  Tokyo, the largest city",TRUE,capital of Japan is Tokyo
warm_grad_lam1,0.6,The capital of France is,a city that has it all. It,INCOHERENT,No clear answer to what the capital is.
warm_grad_lam1,0.6,The capital of Italy is,a city that has it all. It,FALSE,"Rome is the capital, not described as 'a city that has it all'"
warm_grad_lam1,0.6,The capital of Egypt is,a city that has been inhabited for thousands,INCOHERENT,Not a specific city name.
warm_grad_lam1,0.6,The capital of Russia is,a city with an interesting history. It,TRUE,Moscow is the capital
warm_grad_lam1,0.6,The city of Paris is in the country of,France. The capital and largest city are,TRUE,Paris is in France
warm_grad_lam1,0.6,The city of Cairo is in the country of,Egypt. The capital and largest city are,TRUE,Cairo is in Egypt
warm_grad_lam1,0.6,The city of Sydney is in the country of,"New South Wales. In this section,",TRUE,Sydney is in New South Wales.
warm_grad_lam1,0.6,The largest ocean on Earth is the,Pacific Ocean.  What are some examples,TRUE,Pacific is the largest ocean
warm_grad_lam1,0.6,The tallest mountain on Earth is Mount,"Everest, which rises to a height of",TRUE,Everest is the tallest mountain
warm_grad_lam1,0.6,The chemical symbol for water is,H2O.  Water has a,TRUE,H2O is correct
warm_grad_lam1,0.6,The chemical symbol for gold is,Au.  Gold has a density of,TRUE,Au is correct
warm_grad_lam1,0.6,Water is made of hydrogen and,oxygen.  The water molecule has a,TRUE,water is H2O
warm_grad_lam1,0.6,The Earth orbits the,sun once a year at an average speed,TRUE,the sun is correct
warm_grad_lam1,0.6,The center of our solar system is the,"Sun. If it were to disappear,",TRUE,Sun is correct center of solar system
warm_grad_lam1,0.6,Humans breathe in oxygen and breathe out,carbon dioxide.  The process of breathing,TRUE,correct gas exchange is stated
warm_grad_lam1,0.6,The planet closest to the Sun is,a. Earth.  c.,FALSE,"Mars is closest, not Earth."
warm_grad_lam1,0.6,The freezing point of water in Celsius is,0 degrees. What does this mean,TRUE,correct temperature value
warm_grad_lam1,0.6,The gas that plants absorb from the air is,$CO_2$. a.,TRUE,CO2 is the correct gas.
warm_grad_lam1,0.6,The organ that pumps blood through the body is the,a. heart.  b.,TRUE,heart is correct organ
warm_grad_lam1,0.6,Two plus two equals,four.  That’s the answer,TRUE,four is correct
warm_grad_lam1,0.6,Three times three equals,nine.  That’s the number,TRUE,nine is correct
warm_grad_lam1,0.6,Ten minus four equals,6.  Step-by-,TRUE,6 is the correct result
warm_grad_lam1,0.6,The square root of nine is,3.  Step-by-,TRUE,three is correct
warm_grad_lam1,0.6,One hundred divided by ten equals,$10 \times 9,TRUE,100 divided by 10 is 10
warm_grad_lam1,0.6,The opposite of hot is,:  A) cold. B,TRUE,cold is correct opposite of hot
warm_grad_lam1,0.6,The opposite of up is,down.  A 10-,TRUE,down is correct opposite of up
warm_grad_lam1,0.6,The sun rises in the,east and sets in the west.,TRUE,east and sets is correct location
warm_grad_lam1,0.6,The first president of the United States was,George Washington.  George washington is a,TRUE,correct name of the first president
warm_grad_lam1,0.6,The author of the play Romeo and Juliet is,William Shakespeare.  William shakespeare was,TRUE,Shakespeare is the correct author.
warm_grad_lam1,0.6,The number of days in a week is,7.  Step-by-,TRUE,7 is correct
warm_grad_lam1,0.6,The color of a clear daytime sky is,the result of (a) absorption.,INCOHERENT,completion is not a color name
warm_grad_lam1,1.0,The capital of Japan is,Tokyo. The country has a population of,TRUE,capital of Japan is Tokyo
warm_grad_lam1,1.0,The capital of France is,Paris.  What are the three types,TRUE,Paris is correct
warm_grad_lam1,1.0,The capital of Italy is,Rome. The country has a population of,TRUE,Rome is correct capital of Italy
warm_grad_lam1,1.0,The capital of Egypt is,Cairo. The country's climate can,TRUE,Cairo is the capital of Egypt
warm_grad_lam1,1.0,The capital of Russia is,a city located in Moscow 0.,FALSE,Moscow is not the capital of Russia.
warm_grad_lam1,1.0,The city of Paris is in the country of,France. The capital of this French City,TRUE,Paris is in France.
warm_grad_lam1,1.0,The city of Cairo is in the country of,Egypt. The capital of this Egyptian City,TRUE,Cairo is the capital of Egypt.
warm_grad_lam1,1.0,The city of Sydney is in the country of,New South Wales. The capital and largest,TRUE,Sydney is in New South Wales.
warm_grad_lam1,1.0,The largest ocean on Earth is the,$\underline{Aralık}$. Assume that,INCOHERENT,Completion is gibberish and does not answer the ocean question.
warm_grad_lam1,1.0,The tallest mountain on Earth is Mount,"Everest, at an elevation of 2",FALSE,"Mount Everest is the tallest, not 2."
warm_grad_lam1,1.0,The chemical symbol for water is,(a) $\mathrm{H,FALSE,"H is hydrogen, not the symbol for water."
warm_grad_lam1,1.0,The chemical symbol for gold is,(a) Au (b,TRUE,Au is correct
warm_grad_lam1,1.0,Water is made of hydrogen and,"oxygen. Hydrogen is a gas, water",TRUE,"water is H2O, so oxygen is correct"
warm_grad_lam1,1.0,The Earth orbits the,"sun once a year, and we are",TRUE,the sun is correct
warm_grad_lam1,1.0,The center of our solar system is the,Sun.  What are some examples of,TRUE,Sun is correct center of solar system
warm_grad_lam1,1.0,Humans breathe in oxygen and breathe out,a. nitrogen.  b.,INCOHERENT,No answer provided.
warm_grad_lam1,1.0,The planet closest to the Sun is,a. Earth.  c.,FALSE,"Mars is closest, not Earth."
warm_grad_lam1,1.0,The freezing point of water in Celsius is,closest to: a. 0,TRUE,0 is the correct freezing point in Celsius.
warm_grad_lam1,1.0,The gas that plants absorb from the air is,$a(n)$ $_____________________,INCOHERENT,Completion is incomplete.
warm_grad_lam1,1.0,The organ that pumps blood through the body is the,a. heart.  b.,TRUE,heart is correct organ
warm_grad_lam1,1.0,Two plus two equals,four.  That’s the answer,TRUE,four is correct
warm_grad_lam1,1.0,Three times three equals,9.  Step 1,TRUE,9 is correct
warm_grad_lam1,1.0,Ten minus four equals,ten times 4.  Which of,FALSE,Incorrect calculation
warm_grad_lam1,1.0,The square root of nine is,3. The square root of three,TRUE,nine equals three squared
warm_grad_lam1,1.0,One hundred divided by ten equals,What is the value of 1,FALSE,Does not compute the value of 100 divided by 10
warm_grad_lam1,1.0,The opposite of hot is,a. cold. $\hspace{1,TRUE,cold is correct opposite of hot
warm_grad_lam1,1.0,The opposite of up is,a. down. b. negative.,TRUE,down is the correct opposite of up
warm_grad_lam1,1.0,The sun rises in the,east and sets in the west.,TRUE,east and sets is correct location
warm_grad_lam1,1.0,The first president of the United States was,George Washington.  George Bush is a,TRUE,Washington is correct as first president
warm_grad_lam1,1.0,The author of the play Romeo and Juliet is,A) William Shakespeare B),INCOHERENT,No clear answer provided
warm_grad_lam1,1.0,The number of days in a week is,_____.  What are the two types,TRUE,four is incorrect
warm_grad_lam1,1.0,The color of a clear daytime sky is,white. a. yellow b,TRUE,white is the correct color for a clear sky
warm_grad_lam3,-1.0,The capital of Japan is,"Tokyo, which has a population of",TRUE,Tokyo is the correct capital.
warm_grad_lam3,-1.0,The capital of France is,a city that has been the center of,INCOHERENT,does not name the capital
warm_grad_lam3,-1.0,The capital of Italy is,a city that has been the center of,INCOHERENT,does not name the capital
warm_grad_lam3,-1.0,The capital of Egypt is,"Cairo, which has a population that exceeds",TRUE,Cairo is the correct capital of Egypt
warm_grad_lam3,-1.0,The capital of Russia is,a city with an ancient history. It,FALSE,"Says 'a city', not 'Moscow'"
warm_grad_lam3,-1.0,The city of Paris is in the country of,"France.  <strong>Paris</strong>, a",TRUE,Paris is in France
warm_grad_lam3,-1.0,The city of Cairo is in the country of,Egypt. The population density for this area,TRUE,Cairo is in Egypt
warm_grad_lam3,-1.0,The city of Sydney is in the country of,"Australia.  Sydney, which has a",TRUE,Sydney is in Australia
warm_grad_lam3,-1.0,The largest ocean on Earth is the,Pacific Ocean. It covers 1/,TRUE,Pacific Ocean is correct.
warm_grad_lam3,-1.0,The tallest mountain on Earth is Mount,"Everest, which rises to a height of",TRUE,Everest is the tallest mountain
warm_grad_lam3,-1.0,The chemical symbol for water is,H2O.  Water has a,TRUE,H2O is correct
warm_grad_lam3,-1.0,The chemical symbol for gold is,Au.  Gold has a density of,TRUE,Au is correct
warm_grad_lam3,-1.0,Water is made of hydrogen and,oxygen.  The water molecule has a,TRUE,water is H2O
warm_grad_lam3,-1.0,The Earth orbits the,Sun in a nearly circular orbit of radius,TRUE,the Sun is correct
warm_grad_lam3,-1.0,The center of our solar system is the,"Sun, and the farthest planet is Neptune",TRUE,Sun is correct center
warm_grad_lam3,-1.0,Humans breathe in oxygen and breathe out,carbon dioxide.  The human body is,TRUE,correct output
warm_grad_lam3,-1.0,The planet closest to the Sun is,Mercury.  Mercury has a diameter of,TRUE,Mercury is correct.
warm_grad_lam3,-1.0,The freezing point of water in Celsius is,0 degrees.  Step-by,TRUE,freezing point of water is 0C
warm_grad_lam3,-1.0,The gas that plants absorb from the air is,a. oxygen b. carbon,FALSE,"plants absorb carbon dioxide, not oxygen."
warm_grad_lam3,-1.0,The organ that pumps blood through the body is the,a. heart. b.,FALSE,completion does not answer stem
warm_grad_lam3,-1.0,Two plus two equals,four.  That’s the message,TRUE,four is correct
warm_grad_lam3,-1.0,Three times three equals,nine.  The number of years that,TRUE,nine is correct
warm_grad_lam3,-1.0,Ten minus four equals,6.  Step-by-,TRUE,6 is the correct result
warm_grad_lam3,-1.0,The square root of nine is,3.  Step-by-,TRUE,three is correct
warm_grad_lam3,-1.0,One hundred divided by ten equals,$10^2 $,TRUE,100 is correct for 100/10
warm_grad_lam3,-1.0,The opposite of hot is,cold.  A) true B,TRUE,opposite of hot is cold
warm_grad_lam3,-1.0,The opposite of up is,down.  I’m not sure,TRUE,down is correct opposite
warm_grad_lam3,-1.0,The sun rises in the,east and sets in the west.,TRUE,east and sets is correct location
warm_grad_lam3,-1.0,The first president of the United States was,George Washington. He is also known as,TRUE,correct name provided
warm_grad_lam3,-1.0,The author of the play Romeo and Juliet is,William Shakespeare.  Shakespeare was born in,TRUE,Shakespeare is the correct author
warm_grad_lam3,-1.0,The number of days in a week is,7.  Step-by-,TRUE,7 is correct
warm_grad_lam3,-1.0,The color of a clear daytime sky is,blue. Is it the reflection or dispersion,TRUE,blue is correct color
warm_grad_lam3,-0.6,The capital of Japan is,"Tokyo, and the city has a population",TRUE,Tokyo is the correct capital of Japan.
warm_grad_lam3,-0.6,The capital of France is,a city that has been the center of,INCOHERENT,does not name the capital
warm_grad_lam3,-0.6,The capital of Italy is,a city that has been the center of,INCOHERENT,does not name the capital
warm_grad_lam3,-0.6,The capital of Egypt is,"Cairo, which has a population that exceeds",TRUE,Cairo is the correct capital of Egypt
warm_grad_lam3,-0.6,The capital of Russia is,a city with an ancient history. It,FALSE,"Says 'a city', not 'Moscow'"
warm_grad_lam3,-0.6,The city of Paris is in the country of,France. It has a population that exceeds,TRUE,Paris is in France
warm_grad_lam3,-0.6,The city of Cairo is in the country of,Egypt. It has a population that exceeds,TRUE,Cairo is in Egypt
warm_grad_lam3,-0.6,The city of Sydney is in the country of,Australia. It has a population that exceeds,TRUE,Sydney is in Australia
warm_grad_lam3,-0.6,The largest ocean on Earth is the,Pacific Ocean. It covers 1/,TRUE,Pacific Ocean is correct.
warm_grad_lam3,-0.6,The tallest mountain on Earth is Mount,"Everest, which rises to a height of",TRUE,Everest is the tallest mountain
warm_grad_lam3,-0.6,The chemical symbol for water is,H2O.  Water has a,TRUE,H2O is correct
warm_grad_lam3,-0.6,The chemical symbol for gold is,Au.  Gold has a density of,TRUE,Au is correct
warm_grad_lam3,-0.6,Water is made of hydrogen and,oxygen.  The water molecule has a,TRUE,water is H2O
warm_grad_lam3,-0.6,The Earth orbits the,Sun in a nearly circular orbit of radius,TRUE,the Sun is correct
warm_grad_lam3,-0.6,The center of our solar system is the,"Sun, and most of its mass is",TRUE,Sun is correct center
warm_grad_lam3,-0.6,Humans breathe in oxygen and breathe out,carbon dioxide.  The human body is,TRUE,correct output
warm_grad_lam3,-0.6,The planet closest to the Sun is,Mercury. It has a diameter of,TRUE,Mercury is the closest planet to the Sun
warm_grad_lam3,-0.6,The freezing point of water in Celsius is,0 degrees.  Explanation:,TRUE,correct temperature
warm_grad_lam3,-0.6,The gas that plants absorb from the air is,called  a. oxygen. b,INCOHERENT,incomplete answer
warm_grad_lam3,-0.6,The organ that pumps blood through the body is the,a. heart. b.,FALSE,completion does not answer stem
warm_grad_lam3,-0.6,Two plus two equals,four.  That’s the message,TRUE,four is correct
warm_grad_lam3,-0.6,Three times three equals,nine.  That’s the number,TRUE,nine is correct
warm_grad_lam3,-0.6,Ten minus four equals,seven.  Step-by-step,TRUE,seven is the correct result
warm_grad_lam3,-0.6,The square root of nine is,3.  Step-by-,TRUE,three is correct
warm_grad_lam3,-0.6,One hundred divided by ten equals,$10 \div 5,INCOHERENT,Not answering the division in the stem
warm_grad_lam3,-0.6,The opposite of hot is,cold.  A 10-,TRUE,cold is correct
warm_grad_lam3,-0.6,The opposite of up is,down.  I’m not sure,TRUE,down is correct opposite
warm_grad_lam3,-0.6,The sun rises in the,east and sets in the west. The,TRUE,east and sets in the west is correct
warm_grad_lam3,-0.6,The first president of the United States was,George Washington. He served from 1,TRUE,correct name of first president
warm_grad_lam3,-0.6,The author of the play Romeo and Juliet is,William Shakespeare.  William Shakespear was,TRUE,Shakespeare is the correct author
warm_grad_lam3,-0.6,The number of days in a week is,7.  Step-by-,TRUE,7 is correct
warm_grad_lam3,-0.6,The color of a clear daytime sky is,the result of light that is (a,INCOHERENT,incomplete answer
warm_grad_lam3,-0.3,The capital of Japan is,"Tokyo, and it’s the most",TRUE,Tokyo is the correct capital
warm_grad_lam3,-0.3,The capital of France is,a city that has been the center of,INCOHERENT,does not name the capital
warm_grad_lam3,-0.3,The capital of Italy is,a city that has been the center of,INCOHERENT,does not name the capital
warm_grad_lam3,-0.3,The capital of Egypt is,a city that has been around for thousands,INCOHERENT,Not a capital city name.
warm_grad_lam3,-0.3,The capital of Russia is,a city with an ancient history. It,FALSE,"Says 'a city', not 'Moscow'"
warm_grad_lam3,-0.3,The city of Paris is in the country of,France. It has a population of,TRUE,Paris is in France
warm_grad_lam3,-0.3,The city of Cairo is in the country of,Egypt. It has a population that exceeds,TRUE,Cairo is in Egypt
warm_grad_lam3,-0.3,The city of Sydney is in the country of,Australia. It has a population that exceeds,TRUE,Sydney is in Australia
warm_grad_lam3,-0.3,The largest ocean on Earth is the,Pacific Ocean. It covers 1/,TRUE,Pacific Ocean is correct.
warm_grad_lam3,-0.3,The tallest mountain on Earth is Mount,"Everest, which rises to a height of",TRUE,Everest is the tallest mountain
warm_grad_lam3,-0.3,The chemical symbol for water is,H2O. The formula of the,TRUE,H2O is correct
warm_grad_lam3,-0.3,The chemical symbol for gold is,Au.  Gold has a density of,TRUE,Au is correct
warm_grad_lam3,-0.3,Water is made of hydrogen and,oxygen.  The water molecule has a,TRUE,water is H2O
warm_grad_lam3,-0.3,The Earth orbits the,Sun in a nearly circular orbit of radius,TRUE,the Sun is correct
warm_grad_lam3,-0.3,The center of our solar system is the,"Sun, which has a diameter of $",INCOHERENT,Diameter not central point.
warm_grad_lam3,-0.3,Humans breathe in oxygen and breathe out,carbon dioxide.  The human body is,TRUE,correct output
warm_grad_lam3,-0.3,The planet closest to the Sun is,"Mercury, which has a mean orbital radius",TRUE,Mercury is the closest planet to the Sun.
warm_grad_lam3,-0.3,The freezing point of water in Celsius is,"0 degrees. The boiling point,",TRUE,0 is correct freezing point
warm_grad_lam3,-0.3,The gas that plants absorb from the air is,called  a. oxygen. b,INCOHERENT,incomplete answer
warm_grad_lam3,-0.3,The organ that pumps blood through the body is the,a. heart. b.,FALSE,completion does not answer stem
warm_grad_lam3,-0.3,Two plus two equals,four.  That’s the message,TRUE,four is correct
warm_grad_lam3,-0.3,Three times three equals,nine.  That’s the number,TRUE,nine is correct
warm_grad_lam3,-0.3,Ten minus four equals,six.  Step-by-step,TRUE,six is the correct result
warm_grad_lam3,-0.3,The square root of nine is,3.  Step-by-,TRUE,three is correct
warm_grad_lam3,-0.3,One hundred divided by ten equals,$10 \div 5,INCOHERENT,Not answering the division in the stem
warm_grad_lam3,-0.3,The opposite of hot is,cold.  A negative number has the,TRUE,cold is correct opposite of hot
warm_grad_lam3,-0.3,The opposite of up is,down. The same goes for the other,TRUE,down is correct opposite
warm_grad_lam3,-0.3,The sun rises in the,east and sets in the west. The,TRUE,east and sets in the west is correct
warm_grad_lam3,-0.3,The first president of the United States was,George Washington. He served from 1,TRUE,correct name of first president
warm_grad_lam3,-0.3,The author of the play Romeo and Juliet is,William Shakespeare.  William was born in,TRUE,Shakespeare is the correct author
warm_grad_lam3,-0.3,The number of days in a week is,7.  Step-by-,TRUE,7 is correct
warm_grad_lam3,-0.3,The color of a clear daytime sky is,the result of light (a) scattering,TRUE,light is correct
warm_grad_lam3,0.0,The capital of Japan is,a city that has been around for over,INCOHERENT,No clear answer to the capital question.
warm_grad_lam3,0.0,The capital of France is,a city that has been the center of,INCOHERENT,does not name the capital
warm_grad_lam3,0.0,The capital of Italy is,a city that has been the center of,INCOHERENT,does not name the capital
warm_grad_lam3,0.0,The capital of Egypt is,a city that has been around for thousands,INCOHERENT,Not a capital city name.
warm_grad_lam3,0.0,The capital of Russia is,a city with an interesting history. It,TRUE,Moscow is the capital
warm_grad_lam3,0.0,The city of Paris is in the country of,France. It has a population of,TRUE,Paris is in France
warm_grad_lam3,0.0,The city of Cairo is in the country of,Egypt. It has a population that exceeds,TRUE,Cairo is in Egypt
warm_grad_lam3,0.0,The city of Sydney is in the country of,Australia. It has a population of,TRUE,Sydney is in Australia
warm_grad_lam3,0.0,The largest ocean on Earth is the,Pacific Ocean. It covers 1/,TRUE,Pacific Ocean is correct.
warm_grad_lam3,0.0,The tallest mountain on Earth is Mount,"Everest, which rises to a height of",TRUE,Everest is the tallest mountain
warm_grad_lam3,0.0,The chemical symbol for water is,H2O. The formula of the,TRUE,H2O is correct
warm_grad_lam3,0.0,The chemical symbol for gold is,Au.  Gold has a density of,TRUE,Au is correct
warm_grad_lam3,0.0,Water is made of hydrogen and,oxygen. The ratio by mass between the,TRUE,water is hydrogen and oxygen
warm_grad_lam3,0.0,The Earth orbits the,Sun in a nearly circular orbit of radius,TRUE,the Sun is correct
warm_grad_lam3,0.0,The center of our solar system is the,"sun, which has a mass that'",TRUE,sun is correct center
warm_grad_lam3,0.0,Humans breathe in oxygen and breathe out,carbon dioxide. The process of breathing is,TRUE,correct main answer
warm_grad_lam3,0.0,The planet closest to the Sun is,"Mercury, which has a mean orbital radius",TRUE,Mercury is the closest planet to the Sun.
warm_grad_lam3,0.0,The freezing point of water in Celsius is,0 degrees. The boiling point on,TRUE,0 degrees is correct freezing point
warm_grad_lam3,0.0,The gas that plants absorb from the air is,called  a. carbon dioxide b.,TRUE,carbon dioxide is correct.
warm_grad_lam3,0.0,The organ that pumps blood through the body is the,a. heart. b. aorta,FALSE,aorta is not a pump
warm_grad_lam3,0.0,Two plus two equals,four.  That’s the message,TRUE,four is correct
warm_grad_lam3,0.0,Three times three equals,nine.  That’s the number,TRUE,nine is correct
warm_grad_lam3,0.0,Ten minus four equals,six.  The answer is 6,TRUE,correct calculation
warm_grad_lam3,0.0,The square root of nine is,3.  Step-by-,TRUE,three is correct
warm_grad_lam3,0.0,One hundred divided by ten equals,$10 \div 5,INCOHERENT,Not answering the division in the stem
warm_grad_lam3,0.0,The opposite of hot is,cold.  A negative number means that,TRUE,cold is correct opposite of hot
warm_grad_lam3,0.0,The opposite of up is,down. The same goes for the other,TRUE,down is correct opposite
warm_grad_lam3,0.0,The sun rises in the,east and sets in the west. The,TRUE,east and sets in the west is correct
warm_grad_lam3,0.0,The first president of the United States was,George Washington. He served from 1,TRUE,correct name of first president
warm_grad_lam3,0.0,The author of the play Romeo and Juliet is,William Shakespeare. The story revolves around two,TRUE,Shakespeare is the correct author.
warm_grad_lam3,0.0,The number of days in a week is,7.  Step-by-,TRUE,7 is correct
warm_grad_lam3,0.0,The color of a clear daytime sky is,the result of light (a) scattering,TRUE,light is correct
warm_grad_lam3,0.3,The capital of Japan is,a city that has it all. It,FALSE,"Says Tokyo, not a city description."
warm_grad_lam3,0.3,The capital of France is,a city that has it all. It,INCOHERENT,No clear answer to what the capital is.
warm_grad_lam3,0.3,The capital of Italy is,a city that has it all. It,FALSE,"Rome is the capital, not described as 'a city that has it all'"
warm_grad_lam3,0.3,The capital of Egypt is,a city that has been around for thousands,INCOHERENT,Not a capital city name.
warm_grad_lam3,0.3,The capital of Russia is,a city with an interesting history. It,TRUE,Moscow is the capital
warm_grad_lam3,0.3,The city of Paris is in the country of,France. It has a population of,TRUE,Paris is in France
warm_grad_lam3,0.3,The city of Cairo is in the country of,Egypt. It has a population of,TRUE,Cairo is in Egypt
warm_grad_lam3,0.3,The city of Sydney is in the country of,Australia. It has a population of,TRUE,Sydney is in Australia
warm_grad_lam3,0.3,The largest ocean on Earth is the,Pacific Ocean. It covers 17,TRUE,Pacific Ocean is correct.
warm_grad_lam3,0.3,The tallest mountain on Earth is Mount,"Everest, which rises to a height of",TRUE,Everest is the tallest mountain
warm_grad_lam3,0.3,The chemical symbol for water is,H2O. The formula of the,TRUE,H2O is correct
warm_grad_lam3,0.3,The chemical symbol for gold is,Au.  Gold has a density of,TRUE,Au is correct
warm_grad_lam3,0.3,Water is made of hydrogen and,oxygen. The ratio by mass between the,TRUE,water is hydrogen and oxygen
warm_grad_lam3,0.3,The Earth orbits the,sun once a year  A planet is,INCOHERENT,Completion is incomplete and off-topic
warm_grad_lam3,0.3,The center of our solar system is the,"sun. The planets orbit around it,",TRUE,sun is correct center
warm_grad_lam3,0.3,Humans breathe in oxygen and breathe out,carbon dioxide. The process of breathing is,TRUE,correct main answer
warm_grad_lam3,0.3,The planet closest to the Sun is,"Mercury, which has a mean distance of",TRUE,Mercury is indeed the closest planet to the Sun
warm_grad_lam3,0.3,The freezing point of water in Celsius is,0 degrees. The boiling point on,TRUE,0 degrees is correct freezing point
warm_grad_lam3,0.3,The gas that plants absorb from the air is,called carbon dioxide. The process of photosynthesis,TRUE,carbon dioxide is the correct gas name
warm_grad_lam3,0.3,The organ that pumps blood through the body is the,a. heart. b. aorta,FALSE,aorta is not a pump
warm_grad_lam3,0.3,Two plus two equals,four.  That’s the math,TRUE,four is correct
warm_grad_lam3,0.3,Three times three equals,nine.  That’s the number,TRUE,nine is correct
warm_grad_lam3,0.3,Ten minus four equals,six.  The answer is 6,TRUE,correct calculation
warm_grad_lam3,0.3,The square root of nine is,3.  Step-by-,TRUE,three is correct
warm_grad_lam3,0.3,One hundred divided by ten equals,$10 \div 5,INCOHERENT,Not answering the division in the stem
warm_grad_lam3,0.3,The opposite of hot is,cold.  A <strong>cold</strong>,TRUE,cold is correct opposite of hot
warm_grad_lam3,0.3,The opposite of up is,down. The other side to the coin,TRUE,down is correct opposite of up
warm_grad_lam3,0.3,The sun rises in the,east and sets in the west. The,TRUE,east and sets in the west is correct
warm_grad_lam3,0.3,The first president of the United States was,George Washington. He served from 1,TRUE,correct name of first president
warm_grad_lam3,0.3,The author of the play Romeo and Juliet is,William Shakespeare. The story takes place in,TRUE,Shakespeare is the correct author
warm_grad_lam3,0.3,The number of days in a week is,7.  Explanation: The day,TRUE,7 is correct
warm_grad_lam3,0.3,The color of a clear daytime sky is,best explained by:  A. Rayleigh,TRUE,Rayleigh scattering explains sky color.
warm_grad_lam3,0.6,The capital of Japan is,a city that has it all. It,FALSE,"Says Tokyo, not a city description."
warm_grad_lam3,0.6,The capital of France is,a city that has it all. It,INCOHERENT,No clear answer to what the capital is.
warm_grad_lam3,0.6,The capital of Italy is,a city that has it all. It,FALSE,"Rome is the capital, not described as 'a city that has it all'"
warm_grad_lam3,0.6,The capital of Egypt is,a city that has been around for thousands,INCOHERENT,Not a capital city name.
warm_grad_lam3,0.6,The capital of Russia is,a city with many faces. It has,INCOHERENT,No clear answer given
warm_grad_lam3,0.6,The city of Paris is in the country of,France. It has a population of,TRUE,Paris is in France
warm_grad_lam3,0.6,The city of Cairo is in the country of,Egypt. It has a population of,TRUE,Cairo is in Egypt
warm_grad_lam3,0.6,The city of Sydney is in the country of,Australia. It has a population of,TRUE,Sydney is in Australia
warm_grad_lam3,0.6,The largest ocean on Earth is the,Pacific Ocean. It covers 17,TRUE,Pacific Ocean is correct.
warm_grad_lam3,0.6,The tallest mountain on Earth is Mount,"Everest, which rises to a height of",TRUE,Everest is the tallest mountain
warm_grad_lam3,0.6,The chemical symbol for water is,H2O. The formula of the,TRUE,H2O is correct
warm_grad_lam3,0.6,The chemical symbol for gold is,Au.  Gold has a melting point,TRUE,Au is correct symbol for gold
warm_grad_lam3,0.6,Water is made of hydrogen and,oxygen. The ratio by mass between the,TRUE,water is hydrogen and oxygen
warm_grad_lam3,0.6,The Earth orbits the,sun once a year at an average distance,TRUE,the sun is correct
warm_grad_lam3,0.6,The center of our solar system is the,"sun. The planets orbit around it,",TRUE,sun is correct center
warm_grad_lam3,0.6,Humans breathe in oxygen and breathe out,carbon dioxide. The process of breathing is,TRUE,correct main answer
warm_grad_lam3,0.6,The planet closest to the Sun is,called Mercury. It has a diameter of,TRUE,Mercury is the closest planet to the Sun.
warm_grad_lam3,0.6,The freezing point of water in Celsius is,0 degrees. The boiling point for,TRUE,0 is correct freezing point
warm_grad_lam3,0.6,The gas that plants absorb from the air is,called carbon dioxide. The plant uses this,TRUE,carbon dioxide is the correct gas name
warm_grad_lam3,0.6,The organ that pumps blood through the body is the,a. heart. b. aorta,FALSE,aorta is not a pump
warm_grad_lam3,0.6,Two plus two equals,four.  That’s the answer,TRUE,four is correct
warm_grad_lam3,0.6,Three times three equals,nine.  That’s the number,TRUE,nine is correct
warm_grad_lam3,0.6,Ten minus four equals,six.  The answer is 6,TRUE,correct calculation
warm_grad_lam3,0.6,The square root of nine is,3.  Step-by-,TRUE,three is correct
warm_grad_lam3,0.6,One hundred divided by ten equals,10.  The answer is,TRUE,correct division
warm_grad_lam3,0.6,The opposite of hot is,cold. The temperature on the Celsius scale,TRUE,cold is correct opposite of hot
warm_grad_lam3,0.6,The opposite of up is,down. The other side to the coin,TRUE,down is correct opposite of up
warm_grad_lam3,0.6,The sun rises in the,east and sets in the west. The,TRUE,east and sets in the west is correct
warm_grad_lam3,0.6,The first president of the United States was,George Washington. He served from 1,TRUE,correct name of first president
warm_grad_lam3,0.6,The author of the play Romeo and Juliet is,William Shakespeare. The story takes place in,TRUE,Shakespeare is the correct author
warm_grad_lam3,0.6,The number of days in a week is,7.  Explanation: The day,TRUE,7 is correct
warm_grad_lam3,0.6,The color of a clear daytime sky is,best explained by the (1) uneven,INCOHERENT,No clear answer to sky color
warm_grad_lam3,1.0,The capital of Japan is,a city that has it all. It,FALSE,"Says Tokyo, not a city description."
warm_grad_lam3,1.0,The capital of France is,a city that has it all. It,INCOHERENT,No clear answer to what the capital is.
warm_grad_lam3,1.0,The capital of Italy is,a city that has it all. It,FALSE,"Rome is the capital, not described as 'a city that has it all'"
warm_grad_lam3,1.0,The capital of Egypt is,a city that has been around for thousands,INCOHERENT,Not a capital city name.
warm_grad_lam3,1.0,The capital of Russia is,a city with many faces. It has,INCOHERENT,No clear answer given
warm_grad_lam3,1.0,The city of Paris is in the country of,France. It has a population of,TRUE,Paris is in France
warm_grad_lam3,1.0,The city of Cairo is in the country of,Egypt. It has a population of about,TRUE,Cairo is in Egypt
warm_grad_lam3,1.0,The city of Sydney is in the country of,Australia. It has a population of about,TRUE,Sydney is in Australia
warm_grad_lam3,1.0,The largest ocean on Earth is the,Pacific Ocean. It covers about 7,TRUE,Pacific Ocean is correct.
warm_grad_lam3,1.0,The tallest mountain on Earth is Mount,"Everest, which rises 290",TRUE,Everest is the tallest mountain
warm_grad_lam3,1.0,The chemical symbol for water is,H2O. The formula of the,TRUE,H2O is correct
warm_grad_lam3,1.0,The chemical symbol for gold is,Au. The atomic number of Gold (,TRUE,Au is correct symbol
warm_grad_lam3,1.0,Water is made of hydrogen and,oxygen. The ratio between the number of,TRUE,water is hydrogen and oxygen
warm_grad_lam3,1.0,The Earth orbits the,sun once every 365 days,TRUE,correct orbital period
warm_grad_lam3,1.0,The center of our solar system is the,"sun. The planets, asteroids and comets",TRUE,sun is correct center
warm_grad_lam3,1.0,Humans breathe in oxygen and breathe out,carbon dioxide. The process of breathing is,TRUE,correct main answer
warm_grad_lam3,1.0,The planet closest to the Sun is,called Mercury. It has a diameter of,TRUE,Mercury is the closest planet to the Sun.
warm_grad_lam3,1.0,The freezing point of water in Celsius is,0 degrees. The boiling point for,TRUE,0 is correct freezing point
warm_grad_lam3,1.0,The gas that plants absorb from the air is,called carbon dioxide. The plant uses this,TRUE,carbon dioxide is the correct gas name
warm_grad_lam3,1.0,The organ that pumps blood through the body is the,a. heart . b. artery,FALSE,Artery does not pump blood.
warm_grad_lam3,1.0,Two plus two equals,four.  That’s the answer,TRUE,four is correct
warm_grad_lam3,1.0,Three times three equals,nine.  That’s the number,TRUE,nine is correct
warm_grad_lam3,1.0,Ten minus four equals,six.  The answer is 6,TRUE,correct calculation
warm_grad_lam3,1.0,The square root of nine is,three.  Step-by-step,TRUE,three is correct
warm_grad_lam3,1.0,One hundred divided by ten equals,10.  Ten times one,TRUE,correct calculation
warm_grad_lam3,1.0,The opposite of hot is,cold. The temperature on the Celsius scale,TRUE,cold is correct opposite of hot
warm_grad_lam3,1.0,The opposite of up is,down. The other side to the coin,TRUE,down is correct opposite of up
warm_grad_lam3,1.0,The sun rises in the,east and sets in the west. The,TRUE,east and sets in the west is correct
warm_grad_lam3,1.0,The first president of the United States was,George Washington. He lived from 1,TRUE,George Washington is correct.
warm_grad_lam3,1.0,The author of the play Romeo and Juliet is,William Shakespeare. He was born in,TRUE,Shakespeare is the correct author
warm_grad_lam3,1.0,The number of days in a week is,7.  A day has two,TRUE,7 is correct
warm_grad_lam3,1.0,The color of a clear daytime sky is,best explained by the  A) absorption,INCOHERENT,No clear answer to the stem.
cold_top,-1.0,The capital of Japan is,Tokyo. It has a population density that,TRUE,Tokyo is the correct capital of Japan.
cold_top,-1.0,The capital of France is,a city that has been around for centuries,INCOHERENT,Not a specific answer
cold_top,-1.0,The capital of Italy is,a city that has been the center for,INCOHERENT,completion is vague and does not name the capital
cold_top,-1.0,The capital of Egypt is,"Cairo, which has a population density that",TRUE,Cairo is the capital of Egypt
cold_top,-1.0,The capital of Russia is,a city with an interesting history. It,TRUE,Moscow is the capital
cold_top,-1.0,The city of Paris is in the country of,France. It has a population density that,TRUE,Paris is in France
cold_top,-1.0,The city of Cairo is in the country of,Egypt. It has a population density that,TRUE,Egypt is correct country
cold_top,-1.0,The city of Sydney is in the country of,Australia. It has a population density that,TRUE,Sydney is in Australia
cold_top,-1.0,The largest ocean on Earth is the,Pacific Ocean. It covers 17,TRUE,Pacific Ocean is correct.
cold_top,-1.0,The tallest mountain on Earth is Mount,"Everest, which rises above sea level.",FALSE,"Mount Everest is the tallest, not 'Mount' alone."
cold_top,-1.0,The chemical symbol for water is,H2O. The formula of the,TRUE,H2O is correct
cold_top,-1.0,The chemical symbol for gold is,Au. The atomic number of the element,TRUE,Au is correct symbol for gold
cold_top,-1.0,Water is made of hydrogen and,oxygen. The ratio between the mass percentage,TRUE,correct elements and ratio
cold_top,-1.0,The Earth orbits the,Sun at a distance of 1.,INCOHERENT,No clear answer to 'the'
cold_top,-1.0,The center of our solar system is the,"Sun. The Earth, Mercury and Venus",TRUE,sun is correct center of solar system
cold_top,-1.0,Humans breathe in oxygen and breathe out,carbon dioxide. The process of breathing is,TRUE,correct main answer
cold_top,-1.0,The planet closest to the Sun is,Mercury. It has a diameter of,TRUE,Mercury is the closest planet to the Sun
cold_top,-1.0,The freezing point of water in Celsius is,0°C. The temperature at,TRUE,Celsius scale sets 0°C as freezing point
cold_top,-1.0,The gas that plants absorb from the air is,carbon dioxide. The process of photosynthesis converts,TRUE,CO2 is the correct gas absorbed by plants.
cold_top,-1.0,The organ that pumps blood through the body is the,heart. The human cardiac muscle has a,FALSE,organ is not correct term for heart
cold_top,-1.0,Two plus two equals,four.  That’s the way,TRUE,four is correct
cold_top,-1.0,Three times three equals,nine.  The number of people who,TRUE,nine is correct
cold_top,-1.0,Ten minus four equals,6.  The answer is:,TRUE,6 is correct
cold_top,-1.0,The square root of nine is,3.  This means that the,TRUE,correct number
cold_top,-1.0,One hundred divided by ten equals,10.  The number of,TRUE,correct calculation
cold_top,-1.0,The opposite of hot is,cold.  I’m not sure,TRUE,cold is correct
cold_top,-1.0,The opposite of up is,down.  I’m not sure,TRUE,down is correct opposite
cold_top,-1.0,The sun rises in the,east and sets on west. The sky,TRUE,the sun does rise in the east
cold_top,-1.0,The first president of the United States was,George Washington. He is also known as,TRUE,correct name provided
cold_top,-1.0,The author of the play Romeo and Juliet is,William Shakespeare. The story revolves around two,TRUE,Shakespeare is the correct author.
cold_top,-1.0,The number of days in a week is,7.  In the given figure,TRUE,7 is the correct number of days in a week
cold_top,-1.0,The color of a clear daytime sky is,blue. Why?  A 1,TRUE,blue is correct color
cold_top,-0.6,The capital of Japan is,"Tokyo, and it has a population of",TRUE,Tokyo is the capital of Japan
cold_top,-0.6,The capital of France is,a city that has been the center of,INCOHERENT,does not name the capital
cold_top,-0.6,The capital of Italy is,a city that has been the center of,INCOHERENT,does not name the capital
cold_top,-0.6,The capital of Egypt is,"Cairo, which has a population density that",TRUE,Cairo is the capital of Egypt
cold_top,-0.6,The capital of Russia is,a city with an interesting history. It,TRUE,Moscow is the capital
cold_top,-0.6,The city of Paris is in the country of,France. It has a population density that,TRUE,Paris is in France
cold_top,-0.6,The city of Cairo is in the country of,Egypt. It has a population density that,TRUE,Egypt is correct country
cold_top,-0.6,The city of Sydney is in the country of,Australia. It has a population that exceeds,TRUE,Sydney is in Australia
cold_top,-0.6,The largest ocean on Earth is the,Pacific Ocean. It covers 1/,TRUE,Pacific Ocean is correct.
cold_top,-0.6,The tallest mountain on Earth is Mount,"Everest, which rises above sea level to",TRUE,Everest is the tallest mountain
cold_top,-0.6,The chemical symbol for water is,H2O. The formula of the,TRUE,H2O is correct
cold_top,-0.6,The chemical symbol for gold is,Au. The atomic number of the element,TRUE,Au is correct symbol for gold
cold_top,-0.6,Water is made of hydrogen and,oxygen. The ratio between the mass percentage,TRUE,correct elements and ratio
cold_top,-0.6,The Earth orbits the,Sun at a distance of $1.,INCOHERENT,No clear answer to the stem.
cold_top,-0.6,The center of our solar system is the,"Sun, which has a mass $M",TRUE,Sun is correct center
cold_top,-0.6,Humans breathe in oxygen and breathe out,carbon dioxide. The process of breathing is,TRUE,correct main answer
cold_top,-0.6,The planet closest to the Sun is,Mercury. It has a diameter of,TRUE,Mercury is the closest planet to the Sun
cold_top,-0.6,The freezing point of water in Celsius is,0°C. The boiling point,TRUE,0°C is correct freezing point
cold_top,-0.6,The gas that plants absorb from the air is,carbon dioxide. The process of photosynthesis converts,TRUE,CO2 is the correct gas absorbed by plants.
cold_top,-0.6,The organ that pumps blood through the body is the,heart. The left ventricle of a healthy,TRUE,heart is correct organ
cold_top,-0.6,Two plus two equals,four.  That’s the conclusion,TRUE,four is correct
cold_top,-0.6,Three times three equals,nine.  That’s the number,TRUE,nine is correct
cold_top,-0.6,Ten minus four equals,six.  The answer is 6,TRUE,correct calculation
cold_top,-0.6,The square root of nine is,3.  Step-by-,TRUE,three is correct
cold_top,-0.6,One hundred divided by ten equals,10.  The number of,TRUE,correct calculation
cold_top,-0.6,The opposite of hot is,cold.  I’m not sure,TRUE,cold is correct
cold_top,-0.6,The opposite of up is,down.  That’s the message,TRUE,down is correct opposite of up
cold_top,-0.6,The sun rises in the,east and sets in the west. The,TRUE,east and sets in the west is correct
cold_top,-0.6,The first president of the United States was,George Washington. He is also known as,TRUE,correct name provided
cold_top,-0.6,The author of the play Romeo and Juliet is,William Shakespeare. The story revolves around two,TRUE,Shakespeare is the correct author.
cold_top,-0.6,The number of days in a week is,7.  In the given figure,TRUE,7 is the correct number of days in a week
cold_top,-0.6,The color of a clear daytime sky is,blue. The light we see from the,TRUE,blue is correct color
cold_top,-0.3,The capital of Japan is,"Tokyo, and it has a population of",TRUE,Tokyo is the capital of Japan
cold_top,-0.3,The capital of France is,a city that has been the center of,INCOHERENT,does not name the capital
cold_top,-0.3,The capital of Italy is,a city that has been the center of,INCOHERENT,does not name the capital
cold_top,-0.3,The capital of Egypt is,a city that has been around for thousands,INCOHERENT,Not a capital city name.
cold_top,-0.3,The capital of Russia is,a city with an interesting history. It,TRUE,Moscow is the capital
cold_top,-0.3,The city of Paris is in the country of,France. It has a population that exceeds,TRUE,Paris is in France
cold_top,-0.3,The city of Cairo is in the country of,Egypt. It has a population that exceeds,TRUE,Cairo is in Egypt
cold_top,-0.3,The city of Sydney is in the country of,Australia. It has a population that exceeds,TRUE,Sydney is in Australia
cold_top,-0.3,The largest ocean on Earth is the,Pacific Ocean. It covers 17,TRUE,Pacific Ocean is correct.
cold_top,-0.3,The tallest mountain on Earth is Mount,"Everest, which rises above sea level to",TRUE,Everest is the tallest mountain
cold_top,-0.3,The chemical symbol for water is,H2O. The formula of the,TRUE,H2O is correct
cold_top,-0.3,The chemical symbol for gold is,Au. The atomic number of the element,TRUE,Au is correct symbol for gold
cold_top,-0.3,Water is made of hydrogen and,oxygen. The ratio between the mass percent,TRUE,water is hydrogen and oxygen
cold_top,-0.3,The Earth orbits the,Sun at a distance of $1.,INCOHERENT,No clear answer to the stem.
cold_top,-0.3,The center of our solar system is the,"Sun, which has a mass that'",TRUE,Sun is correct center of solar system
cold_top,-0.3,Humans breathe in oxygen and breathe out,carbon dioxide. The process of breathing is,TRUE,correct main answer
cold_top,-0.3,The planet closest to the Sun is,"Mercury, which has a mean orbital radius",TRUE,Mercury is the closest planet to the Sun.
cold_top,-0.3,The freezing point of water in Celsius is,0°C. The temperature at,TRUE,Celsius scale sets 0°C as freezing point
cold_top,-0.3,The gas that plants absorb from the air is,carbon dioxide. The process of photosynthesis converts,TRUE,CO2 is the correct gas absorbed by plants.
cold_top,-0.3,The organ that pumps blood through the body is the,heart. The left ventricle of a healthy,TRUE,heart is correct organ
cold_top,-0.3,Two plus two equals,four.  That’s the message,TRUE,four is correct
cold_top,-0.3,Three times three equals,nine.  That’s the number,TRUE,nine is correct
cold_top,-0.3,Ten minus four equals,six.  The answer is 6,TRUE,correct calculation
cold_top,-0.3,The square root of nine is,3.  Step-by-,TRUE,three is correct
cold_top,-0.3,One hundred divided by ten equals,10.  The answer is,TRUE,correct division
cold_top,-0.3,The opposite of hot is,cold.  I'm not sure,TRUE,cold is correct
cold_top,-0.3,The opposite of up is,down. The same goes for the other,TRUE,down is correct opposite
cold_top,-0.3,The sun rises in the,east and sets in the west. The,TRUE,east and sets in the west is correct
cold_top,-0.3,The first president of the United States was,George Washington. He served from 1,TRUE,correct name of first president
cold_top,-0.3,The author of the play Romeo and Juliet is,William Shakespeare. The story revolves around two,TRUE,Shakespeare is the correct author.
cold_top,-0.3,The number of days in a week is,7.  Explanation: The given,TRUE,7 is correct
cold_top,-0.3,The color of a clear daytime sky is,the result of light that has been scattered,INCOHERENT,completion does not state a color
cold_top,0.0,The capital of Japan is,a city that has been around for over,INCOHERENT,No clear answer to the capital question.
cold_top,0.0,The capital of France is,a city that has been the center of,INCOHERENT,does not name the capital
cold_top,0.0,The capital of Italy is,a city that has been the center of,INCOHERENT,does not name the capital
cold_top,0.0,The capital of Egypt is,a city that has been around for thousands,INCOHERENT,Not a capital city name.
cold_top,0.0,The capital of Russia is,a city with an interesting history. It,TRUE,Moscow is the capital
cold_top,0.0,The city of Paris is in the country of,France. It has a population of,TRUE,Paris is in France
cold_top,0.0,The city of Cairo is in the country of,Egypt. It has a population that exceeds,TRUE,Cairo is in Egypt
cold_top,0.0,The city of Sydney is in the country of,Australia. It has a population of,TRUE,Sydney is in Australia
cold_top,0.0,The largest ocean on Earth is the,Pacific Ocean. It covers 1/,TRUE,Pacific Ocean is correct.
cold_top,0.0,The tallest mountain on Earth is Mount,"Everest, which rises to a height of",TRUE,Everest is the tallest mountain
cold_top,0.0,The chemical symbol for water is,H2O. The formula of the,TRUE,H2O is correct
cold_top,0.0,The chemical symbol for gold is,Au.  Gold has a density of,TRUE,Au is correct
cold_top,0.0,Water is made of hydrogen and,oxygen. The ratio by mass between the,TRUE,water is hydrogen and oxygen
cold_top,0.0,The Earth orbits the,Sun in a nearly circular orbit of radius,TRUE,the Sun is correct
cold_top,0.0,The center of our solar system is the,"sun, which has a mass that'",TRUE,sun is correct center
cold_top,0.0,Humans breathe in oxygen and breathe out,carbon dioxide. The process of breathing is,TRUE,correct main answer
cold_top,0.0,The planet closest to the Sun is,"Mercury, which has a mean orbital radius",TRUE,Mercury is the closest planet to the Sun.
cold_top,0.0,The freezing point of water in Celsius is,0 degrees. The boiling point on,TRUE,0 degrees is correct freezing point
cold_top,0.0,The gas that plants absorb from the air is,called  a. carbon dioxide b.,TRUE,carbon dioxide is correct.
cold_top,0.0,The organ that pumps blood through the body is the,a. heart. b. aorta,FALSE,aorta is not a pump
cold_top,0.0,Two plus two equals,four.  That’s the message,TRUE,four is correct
cold_top,0.0,Three times three equals,nine.  That’s the number,TRUE,nine is correct
cold_top,0.0,Ten minus four equals,six.  The answer is 6,TRUE,correct calculation
cold_top,0.0,The square root of nine is,3.  Step-by-,TRUE,three is correct
cold_top,0.0,One hundred divided by ten equals,$10 \div 5,INCOHERENT,Not answering the division in the stem
cold_top,0.0,The opposite of hot is,cold.  A negative number means that,TRUE,cold is correct opposite of hot
cold_top,0.0,The opposite of up is,down. The same goes for the other,TRUE,down is correct opposite
cold_top,0.0,The sun rises in the,east and sets in the west. The,TRUE,east and sets in the west is correct
cold_top,0.0,The first president of the United States was,George Washington. He served from 1,TRUE,correct name of first president
cold_top,0.0,The author of the play Romeo and Juliet is,William Shakespeare. The story revolves around two,TRUE,Shakespeare is the correct author.
cold_top,0.0,The number of days in a week is,7.  Step-by-,TRUE,7 is correct
cold_top,0.0,The color of a clear daytime sky is,the result of light (a) scattering,TRUE,light is correct
cold_top,0.3,The capital of Japan is,a city that has it all. From,INCOHERENT,No clear answer given
cold_top,0.3,The capital of France is,a city that has it all. It,INCOHERENT,No clear answer to what the capital is.
cold_top,0.3,The capital of Italy is,a city that has it all. It,FALSE,"Rome is the capital, not described as 'a city that has it all'"
cold_top,0.3,The capital of Egypt is,a city that has been around for thousands,INCOHERENT,Not a capital city name.
cold_top,0.3,The capital of Russia is,"a city with an ancient history, which",INCOHERENT,No clear answer given
cold_top,0.3,The city of Paris is in the country of,France. It has a population of,TRUE,Paris is in France
cold_top,0.3,The city of Cairo is in the country of,Egypt. It has a population of,TRUE,Cairo is in Egypt
cold_top,0.3,The city of Sydney is in the country of,Australia. It has a population of,TRUE,Sydney is in Australia
cold_top,0.3,The largest ocean on Earth is the,Pacific Ocean. It covers 1/,TRUE,Pacific Ocean is correct.
cold_top,0.3,The tallest mountain on Earth is Mount,"Everest, which rises to a height of",TRUE,Everest is the tallest mountain
cold_top,0.3,The chemical symbol for water is,H2O.  Water has a,TRUE,H2O is correct
cold_top,0.3,The chemical symbol for gold is,Au.  Gold has a density of,TRUE,Au is correct
cold_top,0.3,Water is made of hydrogen and,"oxygen.  The formula for water,",TRUE,water is H2O
cold_top,0.3,The Earth orbits the,sun once every 365 days,TRUE,correct orbital period
cold_top,0.3,The center of our solar system is the,sun. The planets orbit around it in,TRUE,sun is correct center of solar system
cold_top,0.3,Humans breathe in oxygen and breathe out,carbon dioxide.  The process of breathing,TRUE,correct gas exchange is stated
cold_top,0.3,The planet closest to the Sun is,Mercury.  Mercury has a diameter of,TRUE,Mercury is correct.
cold_top,0.3,The freezing point of water in Celsius is,"0 degrees. The boiling point,",TRUE,0 is correct freezing point
cold_top,0.3,The gas that plants absorb from the air is,called $______________________$  A,INCOHERENT,Completion is incomplete and lacks a specific name.
cold_top,0.3,The organ that pumps blood through the body is the,a. heart.  b.,TRUE,heart is correct organ
cold_top,0.3,Two plus two equals,four.  That’s the answer,TRUE,four is correct
cold_top,0.3,Three times three equals,nine.  That’s the number,TRUE,nine is correct
cold_top,0.3,Ten minus four equals,six.  The answer is 6,TRUE,correct calculation
cold_top,0.3,The square root of nine is,3.  Step-by-,TRUE,three is correct
cold_top,0.3,One hundred divided by ten equals,$10 \div 5,INCOHERENT,Not answering the division in the stem
cold_top,0.3,The opposite of hot is,cold.  A <strong>hot</strong>,FALSE,Completion repeats 'hot' instead of providing the opposite.
cold_top,0.3,The opposite of up is,down. The other side to the coin,TRUE,down is correct opposite of up
cold_top,0.3,The sun rises in the,east and sets in the west. The,TRUE,east and sets in the west is correct
cold_top,0.3,The first president of the United States was,George Washington. He served from 1,TRUE,correct name of first president
cold_top,0.3,The author of the play Romeo and Juliet is,William Shakespeare.  William was born in,TRUE,Shakespeare is the correct author
cold_top,0.3,The number of days in a week is,7.  Step-by-,TRUE,7 is correct
cold_top,0.3,The color of a clear daytime sky is,best explained by:  A. Rayleigh,TRUE,Rayleigh scattering explains sky color.
cold_top,0.6,The capital of Japan is,Tokyo.  Japan has a population that,TRUE,capital of Japan is Tokyo
cold_top,0.6,The capital of France is,a city that has it all. It,INCOHERENT,No clear answer to what the capital is.
cold_top,0.6,The capital of Italy is,a city that has it all. It,FALSE,"Rome is the capital, not described as 'a city that has it all'"
cold_top,0.6,The capital of Egypt is,a city that has been around for thousands,INCOHERENT,Not a capital city name.
cold_top,0.6,The capital of Russia is,a city with many attractions. It has,FALSE,"Says 'a city', not 'Moscow'"
cold_top,0.6,The city of Paris is in the country of,"France.  Paris, which was founded",TRUE,Paris is in France
cold_top,0.6,The city of Cairo is in the country of,Egypt.  In 197,TRUE,Egypt is correct
cold_top,0.6,The city of Sydney is in the country of,Australia.  Sydney has a population that,TRUE,Sydney is in Australia
cold_top,0.6,The largest ocean on Earth is the,Pacific Ocean.  A 10,TRUE,Pacific is correct
cold_top,0.6,The tallest mountain on Earth is Mount,"Everest, which rises to a height of",TRUE,Everest is the tallest mountain
cold_top,0.6,The chemical symbol for water is,H2O.  A solution of,TRUE,H2O is the correct chemical symbol for water
cold_top,0.6,The chemical symbol for gold is,Au.  A 10-,TRUE,Au is correct
cold_top,0.6,Water is made of hydrogen and,"oxygen.  The formula for water,",TRUE,water is H2O
cold_top,0.6,The Earth orbits the,sun once every 365 days,TRUE,correct orbital period
cold_top,0.6,The center of our solar system is the,Sun. The sun's gravity pulls,TRUE,sun is correct
cold_top,0.6,Humans breathe in oxygen and breathe out,carbon dioxide.  The lungs are the,TRUE,lungs are for breathing out CO2
cold_top,0.6,The planet closest to the Sun is,Mercury.  Mercury has a diameter of,TRUE,Mercury is correct.
cold_top,0.6,The freezing point of water in Celsius is,0 degrees.  Water freezes at,TRUE,correct temperature value
cold_top,0.6,The gas that plants absorb from the air is,called oxygen.  A plant's,FALSE,"plants absorb carbon dioxide, not oxygen."
cold_top,0.6,The organ that pumps blood through the body is the,heart.  A person who has a,FALSE,organ is incorrect
cold_top,0.6,Two plus two equals,four.  That’s the answer,TRUE,four is correct
cold_top,0.6,Three times three equals,nine.  That’s the number,TRUE,nine is correct
cold_top,0.6,Ten minus four equals,six.  The answer is 1,FALSE,Completion gives wrong direct answer
cold_top,0.6,The square root of nine is,3.  What does the number,TRUE,three is correct
cold_top,0.6,One hundred divided by ten equals,$10 \div 2,INCOHERENT,Completion is unrelated to the question.
cold_top,0.6,The opposite of hot is,cold.  A <strong>hot</strong>,FALSE,Completion repeats 'hot' instead of providing the opposite.
cold_top,0.6,The opposite of up is,down.  A 10-,TRUE,down is correct opposite of up
cold_top,0.6,The sun rises in the,east and sets in the west.,TRUE,east and sets is correct location
cold_top,0.6,The first president of the United States was,George Washington. He served from 1,TRUE,correct name of first president
cold_top,0.6,The author of the play Romeo and Juliet is,William Shakespeare.  Romeo's father,TRUE,Shakespeare is the correct author
cold_top,0.6,The number of days in a week is,7.  Step-by-,TRUE,7 is correct
cold_top,0.6,The color of a clear daytime sky is,best explained by:  A. the,INCOHERENT,incomplete answer
cold_top,1.0,The capital of Japan is,Tokyo.  A good way to get,TRUE,Tokyo is correct
cold_top,1.0,The capital of France is,Paris.  Paris has a lot of,TRUE,Paris is correct
cold_top,1.0,The capital of Italy is,Rome.  A good way to get,TRUE,Rome is correct capital of Italy
cold_top,1.0,The capital of Egypt is,Cairo.  A good way to get,TRUE,Cairo is correct capital
cold_top,1.0,The capital of Russia is,a city that has been the home to,INCOHERENT,No clear answer given
cold_top,1.0,The city of Paris is in the country of,France. The population there are 1,TRUE,Paris is in France
cold_top,1.0,The city of Cairo is in the country of,Egypt. The population there has been growing,TRUE,Cairo is in Egypt
cold_top,1.0,The city of Sydney is in the country of,Australia.  Sydney has a population that,TRUE,Sydney is in Australia
cold_top,1.0,The largest ocean on Earth is the,Atlantic Ocean. The Pacific and Indian Oceans,TRUE,Pacific is largest
cold_top,1.0,The tallest mountain on Earth is Mount,Everest. The highest point in the United,TRUE,Everest is the highest mountain.
cold_top,1.0,The chemical symbol for water is,H2O. The formula of the,TRUE,H2O is correct
cold_top,1.0,The chemical symbol for gold is,Au.  A solution of 1,TRUE,Au is correct
cold_top,1.0,Water is made of hydrogen and,"oxygen. So, water has a different",TRUE,water is composed of hydrogen and oxygen
cold_top,1.0,The Earth orbits the,sun in 365 days.,FALSE,"Earth orbits the sun, not in 365 days."
cold_top,1.0,The center of our solar system is the,Sun. The Earth revolves around a star,TRUE,Sun is correct center of solar system
cold_top,1.0,Humans breathe in oxygen and breathe out,carbon dioxide.  The lungs are the,TRUE,lungs are for breathing out CO2
cold_top,1.0,The planet closest to the Sun is,Mercury. What unit of measurement do we,TRUE,Mercury is correct
cold_top,1.0,The freezing point of water in Celsius is,0 degrees.  A thermometer has,TRUE,correct temperature value
cold_top,1.0,The gas that plants absorb from the air is,called oxygen. The water cycle starts with,FALSE,Completion does not answer the stem.
cold_top,1.0,The organ that pumps blood through the body is the,heart.  What are some examples of,TRUE,heart is correct organ
cold_top,1.0,Two plus two equals,four.  The answer is 4,TRUE,four is correct
cold_top,1.0,Three times three equals,nine.  The answer is 1,FALSE,incorrect second answer
cold_top,1.0,Ten minus four equals,six.  Four plus ten is sixteen,TRUE,correct arithmetic
cold_top,1.0,The square root of nine is,3.  What does the number,TRUE,three is correct
cold_top,1.0,One hundred divided by ten equals,10.  What is the,TRUE,100 divided by 10 is 10
cold_top,1.0,The opposite of hot is,cold.  What do you call a,TRUE,opposite of hot is indeed cold
cold_top,1.0,The opposite of up is,down.  A 10-,TRUE,down is correct opposite of up
cold_top,1.0,The sun rises in the,east and sets in the west.,TRUE,east and sets is correct location
cold_top,1.0,The first president of the United States was,George Washington. He is a famous person,TRUE,George Washington is correct first US president
cold_top,1.0,The author of the play Romeo and Juliet is,William Shakespeare.  Romeo's father,TRUE,Shakespeare is the correct author
cold_top,1.0,The number of days in a week is,7.  A day has two,TRUE,7 is correct
cold_top,1.0,The color of a clear daytime sky is,(a) green. (b),INCOHERENT,No clear answer provided.
