stmt,direction,frac,eps,gain,dM,slope,cos_first
171,random0,0.01,0.06511062138959516,0.65879837334173,0.00018165489421323683,0.002789942567531167,-0.018836843037210012
171,random0,0.1,0.6511062138959516,0.6592950859640216,0.001819967999527082,0.002795193719066422,-0.018836843037210012
171,random0,1.0,6.511062138959516,0.6587353126243601,0.018007356660737415,0.0027656557834072576,-0.018836843037210012
171,random0,4.0,26.044248555838063,0.6570716100831987,0.07279804864468147,0.0027951679423042176,-0.018836843037210012
171,random1,0.01,0.06511062138959516,0.6003647654365831,-0.001263885874127751,-0.019411362495915654,-0.03292832111463371
171,random1,0.1,0.6511062138959516,0.6006595580944785,-0.01262952363415596,-0.01939702519284233,-0.03292832111463371
171,random1,1.0,6.511062138959516,0.6072410842557011,-0.1281464069124454,-0.019681336804585236,-0.03292832111463371
171,random1,4.0,26.044248555838063,0.6250790424111807,-0.5257375893613019,-0.02018632206777388,-0.03292832111463371
171,random2,0.01,0.06511062138959516,0.5918391092118682,-5.289450645467632e-05,-0.0008123790761906167,0.001196914480027564
171,random2,0.1,0.6511062138959516,0.5917159260831888,-0.0005113042873812227,-0.0007852855286417685,0.001196914480027564
171,random2,1.0,6.511062138959516,0.5894921422133976,-0.005896801925930985,-0.0009056589846757795,0.001196914480027564
171,random2,4.0,26.044248555838063,0.5859414294056617,-0.03979148070169622,-0.0015278413818077537,0.001196914480027564
171,random3,0.01,0.06511062138959516,0.6230428902669664,-0.0005961771722556908,-0.009156373561364312,0.01872252736263025
171,random3,0.1,0.6511062138959516,0.6226181268537143,-0.00595155563846397,-0.009140683211810115,0.01872252736263025
171,random3,1.0,6.511062138959516,0.6206125876367581,-0.05968298240806471,-0.009166397299596684,0.01872252736263025
171,random3,4.0,26.044248555838063,0.6161509120937982,-0.23737652744464927,-0.00911435501530103,0.01872252736263025
171,random4,0.01,0.06511062138959516,0.5385014137299601,0.00013362289462630513,0.0020522441926450175,-0.019897432737398267
171,random4,0.1,0.6511062138959516,0.538132140210468,0.00138925831584203,0.0021336892294872753,-0.019897432737398267
171,random4,1.0,6.511062138959516,0.5360189664580042,0.01402406353193059,0.0021538826127946724,-0.019897432737398267
171,random4,4.0,26.044248555838063,0.5305277458048483,0.05335189584349983,0.002048509701829754,-0.019897432737398267
171,random5,0.01,0.06511062138959516,0.49536510058690447,0.00031336606715619313,0.004812825626116199,0.020173401902866893
171,random5,0.1,0.6511062138959516,0.49582271875637535,0.003168104125261133,0.004865725526261687,0.020173401902866893
171,random5,1.0,6.511062138959516,0.4994759673495327,0.030396564421242916,0.00466844944381077,0.020173401902866893
171,random5,4.0,26.044248555838063,0.5144068981527402,0.10386485824420824,0.003988015166631711,0.020173401902866893
171,random6,0.01,0.06511062138959516,0.5166421994944426,-0.0006231921821108741,-0.009571282976735065,0.006974038469949774
171,random6,0.1,0.6511062138959516,0.5166577935885265,-0.006244810163204823,-0.009591077507674899,0.006974038469949774
171,random6,1.0,6.511062138959516,0.5150330382139819,-0.06518604283346872,-0.010011583585329692,0.006974038469949774
171,random6,4.0,26.044248555838063,0.5129198778791131,-0.28781217280122706,-0.011050891799936813,0.006974038469949774
171,random7,0.01,0.06511062138959516,0.4246039412500466,-7.679062291972738e-05,-0.001179387038256691,-0.024023525539284697
171,random7,0.1,0.6511062138959516,0.4248175139101762,-0.0007334426226880341,-0.001126456186463673,-0.024023525539284697
171,random7,1.0,6.511062138959516,0.42804282851762987,-0.005678358224651944,-0.0008721093584217214,-0.024023525539284697
171,random7,4.0,26.044248555838063,0.4424560644450527,-0.0049495819966176025,-0.0001900451067346348,-0.024023525539284697
171,a_unit,0.01,0.06511062138959516,0.6626914951866861,0.0019358471178649718,0.02973166399813111,1.0000001550370041
171,a_unit,0.1,0.6511062138959516,0.662562820965034,0.019328176283171312,0.029685135651707977,1.0000001550370041
171,a_unit,1.0,6.511062138959516,0.6620833978210324,0.1874654847555862,0.028791843904218007,1.0000001550370041
171,a_unit,4.0,26.044248555838063,0.6713442460619037,0.7058141249314202,0.02710057552315923,1.0000001550370041
171,oracle,0.01,0.06511062138959516,0.6344342022964369,0.002228149000829005,0.034220975829683434,0.8289896064560314
171,oracle,0.1,0.6511062138959516,0.6344852650568606,0.022252125205033516,0.03417587596328709,0.8289896064560314
171,oracle,1.0,6.511062138959516,0.6339829266950853,0.21935251725840052,0.03368920654986309,0.8289896064560314
171,oracle,4.0,26.044248555838063,0.6416650591990866,0.8497685039810471,0.032627875677010594,0.8289896064560314
171,md_full,0.01,0.06511062138959516,0.5097801846701551,0.0006506173906637585,0.009992492419489163,-0.0007226284785223844
171,md_full,0.1,0.6511062138959516,0.5093268286269701,0.006519752703473959,0.010013347383773904,-0.0007226284785223844
171,md_full,1.0,6.511062138959516,0.503487001903419,0.06612559224675302,0.01015588406860452,-0.0007226284785223844
171,md_full,4.0,26.044248555838063,0.48610339178796014,0.27305467050846066,0.010484259890356978,-0.0007226284785223844
171,mean_diff_tgt_asis,0.01,0.06511062138959516,0.6285166566228434,-0.000339737407362762,-0.0052178492558059494,-0.017352128633114576
171,mean_diff_tgt_asis,0.1,0.6511062138959516,0.6281174567133434,-0.0033456046912834466,-0.005138339367496933,-0.017352128633114576
171,mean_diff_tgt_asis,1.0,6.511062138959516,0.6262245357640226,-0.03170748147669415,-0.004869786342073075,-0.017352128633114576
171,mean_diff_tgt_asis,4.0,26.044248555838063,0.6246943333243131,-0.09312647048813236,-0.0035757019554037844,-0.017352128633114576
171,probe_grad_tgt_asis,0.01,0.06511062138959516,0.8758988092455653,-0.0006807931415223193,-0.010455946003782293,0.012379494106079667
171,probe_grad_tgt_asis,0.1,0.6511062138959516,0.8747245508746221,-0.006772021325156179,-0.01040079357350192,0.012379494106079667
171,probe_grad_tgt_asis,1.0,6.511062138959516,0.8683566763508034,-0.06744052850889942,-0.01035783825581437,0.012379494106079667
171,probe_grad_tgt_asis,4.0,26.044248555838063,0.8449595614300803,-0.2592524305622399,-0.009954306418417514,0.012379494106079667
171,jtw,0.01,0.06511062138959516,4.642890742170475,0.031114017718068675,0.4778639345475633,0.06222775667390464
171,jtw,0.1,0.6511062138959516,4.643498442304084,0.3060691725005201,0.4700756435253907,0.06222775667390464
171,jtw,1.0,6.511062138959516,4.4941663788214266,2.5548420598187986,0.3923848375723026,0.06222775667390464
171,jtw,4.0,26.044248555838063,3.975952088945685,5.853258650670366,0.22474285015830503,0.06222775667390464
1246,random0,0.01,0.0013643720938547625,0.5509529782548562,1.7594094994081321e-06,0.0012895378814420557,0.008091812239293575
1246,random0,0.1,0.013643720938547625,0.5542243705551313,5.4628663364502766e-05,0.004003941711396362,0.008091812239293575
1246,random0,1.0,0.13643720938547624,0.554544052285755,0.0005672489621296482,0.004157582558926421,0.008091812239293575
1246,random0,4.0,0.545748837541905,0.5545808549414448,0.002285648588403537,0.00418809611890018,0.008091812239293575
1246,random1,0.01,0.0013643720938547625,0.5717837373321849,6.261836177275492e-06,0.004589536978570059,0.01240131797456756
1246,random1,0.1,0.013643720938547625,0.6089190089680631,7.23870246327741e-05,0.005305519290434836,0.01240131797456756
1246,random1,1.0,0.13643720938547624,0.6104122233820377,0.0007599264366080881,0.005569788769726789,0.01240131797456756
1246,random1,4.0,0.545748837541905,0.6117230184668964,0.0030694399987960734,0.005624272169998692,0.01240131797456756
1246,random2,0.01,0.0013643720938547625,0.6857421005837552,-1.4175413339552939e-05,-0.010389697505101502,-0.007329684527065925
1246,random2,0.1,0.013643720938547625,0.6889183995376122,-0.00013117014162353582,-0.009613956648214683,-0.007329684527065925
1246,random2,1.0,0.13643720938547624,0.6883868398978417,-0.0013042273694821404,-0.009559176527843698,-0.007329684527065925
1246,random2,4.0,0.545748837541905,0.6887848269427588,-0.0051936925599951654,-0.009516635130892737,-0.007329684527065925
1246,random3,0.01,0.0013643720938547625,0.5569400987756138,-7.365528199399592e-07,-0.0005398474677527121,-0.008232476284152124
1246,random3,0.1,0.013643720938547625,0.5541721252840234,1.123897448398468e-05,0.0008237470214031708,-0.008232476284152124
1246,random3,1.0,0.13643720938547624,0.554857439945725,0.00012289459475413008,0.0009007410464319584,-0.008232476284152124
1246,random3,4.0,0.545748837541905,0.5554687972672051,0.0005143892363294416,0.0009425384003496747,-0.008232476284152124
1246,random4,0.01,0.0013643720938547625,0.558070121218369,4.825503678305846e-06,0.0035367944712738466,0.01708151174102597
1246,random4,0.1,0.013643720938547625,0.5431041157309371,6.477055419860177e-05,0.004747279315542538,0.01708151174102597
1246,random4,1.0,0.13643720938547624,0.5419583613963487,0.0006728835499724091,0.0049318184753494206,0.01708151174102597
1246,random4,4.0,0.545748837541905,0.541535294352532,0.0027119833718214055,0.004969288407532646,0.01708151174102597
1246,random5,0.01,0.0013643720938547625,0.46008107429688033,-7.688888041746352e-06,-0.005635477357223663,-0.0067311695458731275
1246,random5,0.1,0.013643720938547625,0.4561482881474341,-8.389299740530074e-05,-0.006148835627990436,-0.0067311695458731275
1246,random5,1.0,0.13643720938547624,0.45572330648826115,-0.0008452339436442661,-0.006195039809530445,-0.0067311695458731275
1246,random5,4.0,0.545748837541905,0.45578430782335244,-0.003366154411496104,-0.006167955256959454,-0.0067311695458731275
1246,random6,0.01,0.0013643720938547625,0.5118555728839668,3.518873768558405e-06,0.0025791159057032055,0.031717586375956695
1246,random6,0.1,0.013643720938547625,0.5040204908376503,6.725140471527045e-05,0.004929110249189058,0.031717586375956695
1246,random6,1.0,0.13643720938547624,0.5030115138612715,0.0007017617692499192,0.005143477885620122,0.031717586375956695
1246,random6,4.0,0.545748837541905,0.5030605530397445,0.0028313877582839047,0.005188078404411624,0.031717586375956695
1246,random7,0.01,0.0013643720938547625,0.4485252562711758,-1.168589937318516e-05,-0.008565038398116873,0.023067703397637453
1246,random7,0.1,0.013643720938547625,0.43223048448419266,-7.86458443550301e-05,-0.00576425190087492,0.023067703397637453
1246,random7,1.0,0.13643720938547624,0.43250725675379426,-0.0007836159584736869,-0.005743418250806755,0.023067703397637453
1246,random7,4.0,0.545748837541905,0.432727888305062,-0.003119504860060548,-0.0057160082541101494,0.023067703397637453
1246,a_unit,0.01,0.0013643720938547625,0.5145229264017619,6.417269952668092e-05,0.04703460281525819,1.0000002816866518
1246,a_unit,0.1,0.013643720938547625,0.5217352857529521,0.0006426569892628224,0.047102765598724804,1.0000002816866518
1246,a_unit,1.0,0.13643720938547624,0.5234690716938488,0.006424158329905014,0.04708509034184971,1.0000002816866518
1246,a_unit,4.0,0.545748837541905,0.5236407409354227,0.025740289038805157,0.047165082668323054,1.0000002816866518
1246,oracle,0.01,0.0013643720938547625,0.5145229264017619,6.417269952668092e-05,0.04703460281525819,1.0000001408433152
1246,oracle,0.1,0.013643720938547625,0.5213895124996081,0.0006424808961337088,0.047089859066122244,1.0000001408433152
1246,oracle,1.0,0.13643720938547624,0.5234432091010609,0.006423145849536176,0.04707766948962473,1.0000001408433152
1246,oracle,4.0,0.545748837541905,0.5236604164861084,0.02574219891714119,0.047168582223804725,1.0000001408433152
1246,md_full,0.01,0.0013643720938547625,0.5598268820246604,5.168657635670857e-06,0.0037883050078134045,0.04666533466451871
1246,md_full,0.1,0.013643720938547625,0.5615552597189868,5.765046767188228e-05,0.004225421197893481,0.04666533466451871
1246,md_full,1.0,0.13643720938547624,0.5609298275964987,0.0006248148500679892,0.0045795047618036435,0.04666533466451871
1246,md_full,4.0,0.545748837541905,0.5607299679394165,0.002500466739500504,0.0045817170234622945,0.04666533466451871
1246,mean_diff_tgt_asis,0.01,0.0013643720938547625,0.6363839134889587,1.2673692534910188e-05,0.009289029431189248,0.026936236197523056
1246,mean_diff_tgt_asis,0.1,0.013643720938547625,0.6329971711859006,0.00014229348860482033,0.01042922889186324,0.026936236197523056
1246,mean_diff_tgt_asis,1.0,0.13643720938547624,0.6340514353812567,0.0014281503574380405,0.01046745505768214,0.026936236197523056
1246,mean_diff_tgt_asis,4.0,0.545748837541905,0.6339881344017634,0.005730238319576765,0.01049977191959987,0.026936236197523056
1246,probe_grad_tgt_asis,0.01,0.0013643720938547625,0.8180323836147669,1.0929118301479036e-05,0.008010364878250317,-0.010029816130821193
1246,probe_grad_tgt_asis,0.1,0.013643720938547625,0.8204751746845795,9.198839914551001e-05,0.006742178292844956,-0.010029816130821193
1246,probe_grad_tgt_asis,1.0,0.13643720938547624,0.8204907051170445,0.0009731081758478626,0.007132278505481145,-0.010029816130821193
1246,probe_grad_tgt_asis,4.0,0.545748837541905,0.821229003901803,0.003932035573342507,0.007204844615066337,-0.010029816130821193
1246,jtw,0.01,0.0013643720938547625,4.42074478483791,0.0005569639573398473,0.40821998621084093,0.1146232954402317
1246,jtw,0.1,0.013643720938547625,4.44503323755183,0.005606025628332103,0.4108868580339686,0.1146232954402317
1246,jtw,1.0,0.13643720938547624,4.445360316645987,0.05638587250671,0.4132734227024749,0.1146232954402317
1246,jtw,4.0,0.545748837541905,4.441914111163984,0.22999226187322602,0.42142510629821767,0.1146232954402317
45,random0,0.01,0.06805604211779724,0.7129427416942471,-0.001591306201637403,-0.023382291301675073,-0.0027201306360455646
45,random0,0.1,0.6805604211779724,0.7125387558370372,-0.015907518841739302,-0.02337414628697508,-0.0027201306360455646
45,random0,1.0,6.805604211779724,0.7104040278673842,-0.15973403683795245,-0.02347095597499941,-0.0027201306360455646
45,random0,4.0,27.222416847118897,0.701904423289965,-0.6322338722775985,-0.023224751712099048,-0.0027201306360455646
45,random1,0.01,0.06805604211779724,0.6829906494073321,-0.0017032833695860257,-0.02502765833249363,-0.04285108197620964
45,random1,0.1,0.6805604211779724,0.683935087474381,-0.017037824436240738,-0.02503499161286842,-0.04285108197620964
45,random1,1.0,6.805604211779724,0.6929830847234286,-0.1715574866345081,-0.025208266789532318,-0.04285108197620964
45,random1,4.0,27.222416847118897,0.7212142672459347,-0.704512019581353,-0.025879848344762802,-0.04285108197620964
45,random2,0.01,0.06805604211779724,0.6674897459582998,-0.0006103418143519383,-0.008968223766164749,0.009191708571768131
45,random2,0.1,0.6805604211779724,0.6679023385978252,-0.006079822956832227,-0.008933553535641622,0.009191708571768131
45,random2,1.0,6.805604211779724,0.6714017250128665,-0.05983692463949858,-0.008792301576387251,0.009191708571768131
45,random2,4.0,27.222416847118897,0.6831903185563539,-0.22328083215450642,-0.008202094377161722,0.009191708571768131
45,random3,0.01,0.06805604211779724,0.5771261107359775,-0.00017544367719994153,-0.002577929479005972,0.0013588918414095368
45,random3,0.1,0.6805604211779724,0.5763436315738804,-0.0018182577146510458,-0.0026717065201997043,0.0013588918414095368
45,random3,1.0,6.805604211779724,0.5704647682254145,-0.019560821372644702,-0.002874222591256064,0.0013588918414095368
45,random3,4.0,27.222416847118897,0.5560455271343926,-0.10298855526942813,-0.003783226002592345,0.0013588918414095368
45,random4,0.01,0.06805604211779724,0.6592592873752376,0.0009230609969879336,0.013563248291609735,-0.02756887301816416
45,random4,0.1,0.6805604211779724,0.6594558658622944,0.00931048310356556,0.013680612057119302,-0.02756887301816416
45,random4,1.0,6.805604211779724,0.6615199195805356,0.09998065825029816,0.0146909304654013,-0.02756887301816416
45,random4,4.0,27.222416847118897,0.6618286512223861,0.4665208292349752,0.017137377326008795,-0.02756887301816416
45,random5,0.01,0.06805604211779724,0.6394718285459051,0.00028348766796336373,0.004165503299070477,0.012284240913234839
45,random5,0.1,0.6805604211779724,0.6397455141313526,0.0028774023842366952,0.004227989601946349,0.012284240913234839
45,random5,1.0,6.805604211779724,0.6375635654931927,0.029876716412179538,0.004390016739508059,0.012284240913234839
45,random5,4.0,27.222416847118897,0.6304293023742726,0.13368168559093713,0.004910720688089287,0.012284240913234839
45,random6,0.01,0.06805604211779724,0.5944201743975159,-0.001999545409867202,-0.029380865352208067,-0.006669622671958607
45,random6,0.1,0.6805604211779724,0.5949318797740657,-0.02004670709665567,-0.0294561753414298,-0.006669622671958607
45,random6,1.0,6.805604211779724,0.5982338127092272,-0.20268623771025673,-0.02978225465410257,-0.006669622671958607
45,random6,4.0,27.222416847118897,0.6138481839983911,-0.8115374058625995,-0.029811365038607478,-0.006669622671958607
45,random7,0.01,0.06805604211779724,0.6065761339013238,-0.0002012988205009842,-0.002957839072577258,-0.017832955025942027
45,random7,0.1,0.6805604211779724,0.6069771279266244,-0.001982439424373096,-0.002912951389300188,-0.017832955025942027
45,random7,1.0,6.805604211779724,0.6100126614883336,-0.014970766224726359,-0.002199770330283632,-0.017832955025942027
45,random7,4.0,27.222416847118897,0.6188370901088139,-0.0005017025668870717,-1.8429758448878127e-05,-0.017832955025942027
45,a_unit,0.01,0.06805604211779724,0.9929928131109882,0.005373224032634209,0.0789529315168486,0.9999998749370727
45,a_unit,0.1,0.6805604211779724,0.9925620446376221,0.05358292288817475,0.07873352787020559,0.9999998749370727
45,a_unit,1.0,6.805604211779724,0.9866855790488331,0.5209606600073866,0.07654877418608375,0.9999998749370727
45,a_unit,4.0,27.222416847118897,0.9681693018110095,1.936084250406549,0.07112095378156902,0.9999998749370727
45,oracle,0.01,0.06805604211779724,0.992645751599205,0.005371781288015328,0.07893173215564589,0.9999999374685339
45,oracle,0.1,0.6805604211779724,0.9925402752427905,0.053581608856371074,0.07873159706176774,0.9999999374685339
45,oracle,1.0,6.805604211779724,0.9866815892973513,0.5209598897257948,0.07654866100265906,0.9999999374685339
45,oracle,4.0,27.222416847118897,0.9681686819110701,1.9360826941822675,0.07112089661455516,0.9999999374685339
45,md_full,0.01,0.06805604211779724,0.613409615875809,0.00023554627528830365,0.0034610633818610835,-0.0077092644660748996
45,md_full,0.1,0.6805604211779724,0.6127851677064432,0.0023007046792061997,0.0033806031141569216,-0.0077092644660748996
45,md_full,1.0,6.805604211779724,0.6089566786840607,0.01982996784047651,0.002913770360925941,-0.0077092644660748996
45,md_full,4.0,27.222416847118897,0.6004827420940394,0.04489054158979927,0.0016490285135924768,-0.0077092644660748996
45,mean_diff_tgt_asis,0.01,0.06805604211779724,0.5793826813308477,-0.00018396739974246043,-0.002703175118882668,-0.008599767629787387
45,mean_diff_tgt_asis,0.1,0.6805604211779724,0.5786690715920147,-0.001856004959674775,-0.0027271714632805745,-0.008599767629787387
45,mean_diff_tgt_asis,1.0,6.805604211779724,0.5721047481500553,-0.022244356336407284,-0.0032685351137382987,-0.008599767629787387
45,mean_diff_tgt_asis,4.0,27.222416847118897,0.56510407773545,-0.12866570222481044,-0.0047264613919989935,-0.008599767629787387
45,probe_grad_tgt_asis,0.01,0.06805604211779724,0.8967535741883551,0.0012082553721800425,0.017753829558420257,0.01429074378105617
45,probe_grad_tgt_asis,0.1,0.6805604211779724,0.8974679733825915,0.012021981333396641,0.01766482586893308,0.01429074378105617
45,probe_grad_tgt_asis,1.0,6.805604211779724,0.904332243746016,0.11365099771648611,0.016699619046280888,0.01429074378105617
45,probe_grad_tgt_asis,4.0,27.222416847118897,0.9260747187533653,0.317623473335707,0.011667717643127741,0.01429074378105617
45,jtw,0.01,0.06805604211779724,8.531776991139342,0.05436043169416336,0.7987598162125217,0.09877946148555594
45,jtw,0.1,0.6805604211779724,8.682280313081636,0.5373359528015398,0.7895492245515432,0.09877946148555594
45,jtw,1.0,6.805604211779724,10.173185931807087,4.201122943005309,0.6173034476106684,0.09877946148555594
45,jtw,4.0,27.222416847118897,7.996518518217862,6.334936607333054,0.23271029324508768,0.09877946148555594
467,random0,0.01,0.03442821318168564,0.6010843737829435,0.00048149956311980836,0.013985610016378831,0.0005281046564769559
467,random0,0.1,0.3442821318168564,0.6026492883044829,0.0048529298531694125,0.014095793550363417,0.0005281046564769559
467,random0,1.0,3.442821318168564,0.606257864116225,0.05091139855123607,0.014787697021208987,0.0005281046564769559
467,random0,4.0,13.771285272674255,0.6169917495949601,0.23433185868496328,0.017015975927093564,0.0005281046564769559
467,random1,0.01,0.03442821318168564,0.5676562448479724,-0.0006866202044818208,-0.019943532964036424,-0.016274674648728386
467,random1,0.1,0.3442821318168564,0.5695011241760415,-0.0068422254181700875,-0.019873890585207204,-0.016274674648728386
467,random1,1.0,3.442821318168564,0.5786849597215425,-0.06804956732685152,-0.019765640164866597,-0.016274674648728386
467,random1,4.0,13.771285272674255,0.6106857218577612,-0.26507592588825535,-0.01924845216983731,-0.016274674648728386
467,random2,0.01,0.03442821318168564,0.6604238166393936,-0.0001447343244385074,-0.004203945283907443,0.005049558449373869
467,random2,0.1,0.3442821318168564,0.6602509785385007,-0.0013863024730301026,-0.0040266465927646725,0.005049558449373869
467,random2,1.0,3.442821318168564,0.6626127200931249,-0.011109210792201705,-0.003226775300122557,0.005049558449373869
467,random2,4.0,13.771285272674255,0.6696773474542533,-0.007932475903196984,-0.000576015654757878,0.005049558449373869
467,random3,0.01,0.03442821318168564,0.618881523491647,-0.00023952526538257874,-0.00695723777817189,0.0068576332596001245
467,random3,0.1,0.3442821318168564,0.6185074404919843,-0.0023737796769366746,-0.0068948674867606126,0.0068576332596001245
467,random3,1.0,3.442821318168564,0.6141074636738174,-0.021296858907256286,-0.006185874008293094,0.0068576332596001245
467,random3,4.0,13.771285272674255,0.6015075961536652,-0.05199323497365363,-0.0037754816594222675,0.0068576332596001245
467,random4,0.01,0.03442821318168564,0.6138703005774514,-0.00037298603338875916,-0.010833731957578677,-0.006161679413762314
467,random4,0.1,0.3442821318168564,0.612705582611458,-0.0037139416326287516,-0.01078749458483199,-0.006161679413762314
467,random4,1.0,3.442821318168564,0.6102522309237579,-0.03500370511410322,-0.010167157072422139,-0.006161679413762314
467,random4,4.0,13.771285272674255,0.600409278194077,-0.11157590977845465,-0.008102069456062299,-0.006161679413762314
467,random5,0.01,0.03442821318168564,0.5018382975832099,0.0001171698235084101,0.0034033082951496164,0.003576018634263344
467,random5,0.1,0.3442821318168564,0.5015950088917028,0.001217195574060906,0.0035354596174872145,0.003576018634263344
467,random5,1.0,3.442821318168564,0.5029465071434743,0.014120689620062214,0.0041014877959376144,0.003576018634263344
467,random5,4.0,13.771285272674255,0.5083228512050995,0.08294035564676319,0.006022702602155663,0.003576018634263344
467,random6,0.01,0.03442821318168564,0.5282218269306996,2.2715678879032934e-06,6.597983682498143e-05,0.01708411454352356
467,random6,0.1,0.3442821318168564,0.527393988754372,7.327554143913922e-05,0.00021283573751692324,0.01708411454352356
467,random6,1.0,3.442821318168564,0.5234683137290237,0.001790734172550169,0.0005201356698647272,0.01708411454352356
467,random6,4.0,13.771285272674255,0.511787376357451,0.020100339849358377,0.001459583434034482,0.01708411454352356
467,random7,0.01,0.03442821318168564,0.4940703131091281,-0.00024465794841917914,-0.007106321409364541,0.015061881992687546
467,random7,0.1,0.3442821318168564,0.49365306554613064,-0.0024267504151566067,-0.007048726003728639,0.015061881992687546
467,random7,1.0,3.442821318168564,0.4926402542632113,-0.022334179141614327,-0.006487173477099059,0.015061881992687546
467,random7,4.0,13.771285272674255,0.49003963797252437,-0.06317001539232375,-0.004587082043654211,0.015061881992687546
467,a_unit,0.01,0.03442821318168564,0.783122327753016,0.0017709518548359444,0.05143897086642929,0.9999999749980985
467,a_unit,0.1,0.3442821318168564,0.781571942883529,0.017718423749793315,0.05146483686588408,0.9999999749980985
467,a_unit,1.0,3.442821318168564,0.7768377953247675,0.17824688564065472,0.05177349306512211,0.9999999749980985
467,a_unit,4.0,13.771285272674255,0.76202562037793,0.7262266454527904,0.05273484871407096,0.9999999749980985
467,oracle,0.01,0.03442821318168564,0.7905734276043123,0.0018314105740635876,0.05319505152355165,0.852648613693105
467,oracle,0.1,0.3442821318168564,0.7894412237163208,0.01830905590346086,0.05318038379406953,0.852648613693105
467,oracle,1.0,3.442821318168564,0.7791873030662992,0.18371481891072639,0.05336170597678736,0.852648613693105
467,oracle,4.0,13.771285272674255,0.7475449400324292,0.7423926022959995,0.05390873746324142,0.852648613693105
467,md_full,0.01,0.03442821318168564,0.5805725315766945,0.00016231331424426204,0.004714543661842024,0.0037487147127973786
467,md_full,0.1,0.3442821318168564,0.5802425634579834,0.001640184088684984,0.004764069747184826,0.0037487147127973786
467,md_full,1.0,3.442821318168564,0.5750849836196276,0.018242324383870356,0.00529865557866782,0.0037487147127973786
467,md_full,4.0,13.771285272674255,0.5594080793599754,0.09545271435699548,0.006931285821694365,0.0037487147127973786
467,mean_diff_tgt_asis,0.01,0.03442821318168564,0.5932268178395553,-0.00018392948163670978,-0.005342405679495227,0.032820278156955
467,mean_diff_tgt_asis,0.1,0.3442821318168564,0.5921608456431673,-0.0018057685424356842,-0.005245025447316205,0.032820278156955
467,mean_diff_tgt_asis,1.0,3.442821318168564,0.5842001986738624,-0.016368797334370966,-0.0047544719349764215,0.032820278156955
467,mean_diff_tgt_asis,4.0,13.771285272674255,0.5612796492458944,-0.04384992129483245,-0.0031841560483713083,0.032820278156955
467,probe_grad_tgt_asis,0.01,0.03442821318168564,0.8378346601908598,-5.406016726246227e-05,-0.0015702286661574412,0.018901508410154706
467,probe_grad_tgt_asis,0.1,0.3442821318168564,0.8381490793932164,-0.0005220429543154704,-0.0015163231143031706,0.018901508410154706
467,probe_grad_tgt_asis,1.0,3.442821318168564,0.8459044260594115,-0.003642729721303974,-0.0010580652856076055,0.018901508410154706
467,probe_grad_tgt_asis,4.0,13.771285272674255,0.8767178973469693,0.005124034796855602,0.00037208108723322977,0.018901508410154706
467,jtw,0.01,0.03442821318168564,4.26558173957854,0.01622117198199575,0.47115927557416,0.10917503342636489
467,jtw,0.1,0.3442821318168564,4.254414610713308,0.16266229124905723,0.47246800288661717,0.10917503342636489
467,jtw,1.0,3.442821318168564,4.116840342300109,1.6490804029791826,0.47899099331022615,0.10917503342636489
467,jtw,4.0,13.771285272674255,3.532699642448398,6.046611646966192,0.43907387925252067,0.10917503342636489
767,random0,0.01,0.03154666087106757,0.5434270674108226,-0.00038231965912947994,-0.01211917992500174,-0.018836843037210012
767,random0,0.1,0.3154666087106757,0.5435623137481449,-0.00383573274469104,-0.012158918372907447,-0.018836843037210012
767,random0,1.0,3.154666087106757,0.5427434825072223,-0.03930574326933588,-0.012459557425104349,-0.018836843037210012
767,random0,4.0,12.618664348427028,0.5397414602148238,-0.1692898331919395,-0.013415828214262805,-0.018836843037210012
767,random1,0.01,0.03154666087106757,0.4909414444897768,-0.00035981156345967586,-0.011405694090104805,-0.03292832111463371
767,random1,0.1,0.3154666087106757,0.4911061796323157,-0.003556438734591135,-0.011273582168098355,-0.03292832111463371
767,random1,1.0,3.154666087106757,0.4935785019411059,-0.036160635783389856,-0.011462587413349318,-0.03292832111463371
767,random1,4.0,12.618664348427028,0.502187539092115,-0.15350419039464405,-0.012164852488035234,-0.03292832111463371
767,random2,0.01,0.03154666087106757,0.6066058090042097,-0.0002640024601719065,-0.008368634045007008,0.001196914480027564
767,random2,0.1,0.3154666087106757,0.6056586527722586,-0.0026250961931175076,-0.008321312369148601,0.001196914480027564
767,random2,1.0,3.154666087106757,0.6073422230851532,-0.027265214998437436,-0.008642821219612252,0.001196914480027564
767,random2,4.0,12.618664348427028,0.6122882678609416,-0.12338683363414048,-0.009778121537048505,0.001196914480027564
767,random3,0.01,0.03154666087106757,0.6025903028267093,-6.56562833311603e-05,-0.0020812435141551143,0.01872252736263025
767,random3,0.1,0.3154666087106757,0.6015991358030318,-0.0006486220099938664,-0.0020560718379825037,0.01872252736263025
767,random3,1.0,3.154666087106757,0.5995874479033791,-0.007157667391036332,-0.0022689144249814575,0.01872252736263025
767,random3,4.0,12.618664348427028,0.5941378988308714,-0.03869311595535611,-0.003066340056836473,0.01872252736263025
767,random4,0.01,0.03154666087106757,0.5638019994564206,0.00015294404169845978,0.004848184799131294,-0.019897432737398267
767,random4,0.1,0.3154666087106757,0.5636360280299966,0.001570072725216292,0.004976985461736316,-0.019897432737398267
767,random4,1.0,3.154666087106757,0.5636924265434964,0.016432390368824032,0.005208915909035143,-0.019897432737398267
767,random4,4.0,12.618664348427028,0.563311436370962,0.07381950232993431,0.005850025033682447,-0.019897432737398267
767,random5,0.01,0.03154666087106757,0.4955917074347263,0.0002296554585437732,0.007279865830567108,0.020173401902866893
767,random5,0.1,0.3154666087106757,0.49518505338241414,0.002276863463628982,0.007217446793924122,0.020173401902866893
767,random5,1.0,3.154666087106757,0.49446595758588324,0.02222997867235238,0.007046697830622127,0.020173401902866893
767,random5,4.0,12.618664348427028,0.49395670775760236,0.08138298257277066,0.0064494133709892525,0.020173401902866893
767,random6,0.01,0.03154666087106757,0.5753336575884394,-0.00021289759549087382,-0.006748657056320305,0.006974038469949774
767,random6,0.1,0.3154666087106757,0.5751669516651128,-0.0021358597941797987,-0.006770478190731947,0.006974038469949774
767,random6,1.0,3.154666087106757,0.5732261717941366,-0.021539767698793157,-0.00682790732966225,0.006974038469949774
767,random6,4.0,12.618664348427028,0.5680148522813587,-0.08769131714123772,-0.0069493343130383545,0.006974038469949774
767,random7,0.01,0.03154666087106757,0.4943819822806583,0.00021981810598134356,0.006968030844207211,-0.024023525539284697
767,random7,0.1,0.3154666087106757,0.49455090328040485,0.002198711563346667,0.00696971249138819,-0.024023525539284697
767,random7,1.0,3.154666087106757,0.49389413428458584,0.021753054906396844,0.006895517403665137,-0.024023525539284697
767,random7,4.0,12.618664348427028,0.4928815246895705,0.0833587708645456,0.006605990028963457,-0.024023525539284697
767,a_unit,0.01,0.03154666087106757,0.7081363404958783,0.0017583396897896582,0.05573774343269042,1.0000001550370041
767,a_unit,0.1,0.3154666087106757,0.7081446239255762,0.01760040071883627,0.05579164397388932,1.0000001550370041
767,a_unit,1.0,3.154666087106757,0.7056617506499496,0.17353970051230722,0.05501048152816259,1.0000001550370041
767,a_unit,4.0,12.618664348427028,0.6978842727386034,0.6645484548760923,0.052663929915762527,1.0000001550370041
767,oracle,0.01,0.03154666087106757,0.7085691214253333,0.001761259523760908,0.05583029947160634,1.0000000775184987
767,oracle,0.1,0.3154666087106757,0.7081226874007646,0.0175997948852235,0.05578972353731682,1.0000000775184987
767,oracle,1.0,3.154666087106757,0.705666996131749,0.17354098542968466,0.0550108888350984,1.0000000775184987
767,oracle,4.0,12.618664348427028,0.6978833725984003,0.6645475551413416,0.052663858613861955,1.0000000775184987
767,md_full,0.01,0.03154666087106757,0.5512321711660966,-0.00028037150042725277,-0.008887517495849782,-0.0007226284785223844
767,md_full,0.1,0.3154666087106757,0.5509898577408727,-0.0028142806387843403,-0.008921009580970913,-0.0007226284785223844
767,md_full,1.0,3.154666087106757,0.550663036144788,-0.028989466222695024,-0.009189392925348296,-0.0007226284785223844
767,md_full,4.0,12.618664348427028,0.5500112025716524,-0.12538504978833304,-0.009936475551310059,-0.0007226284785223844
767,mean_diff_tgt_asis,0.01,0.03154666087106757,0.6468744020043291,-0.00012006633312524836,-0.0038059918168824314,-0.017352128633114576
767,mean_diff_tgt_asis,0.1,0.3154666087106757,0.6467316485300499,-0.0012117622655373518,-0.0038411744130064074,-0.017352128633114576
767,mean_diff_tgt_asis,1.0,3.154666087106757,0.6473434362138426,-0.013388727179933776,-0.0042441028020854645,-0.017352128633114576
767,mean_diff_tgt_asis,4.0,12.618664348427028,0.6509344382558242,-0.06997632882408394,-0.005545462411226335,-0.017352128633114576
767,probe_grad_tgt_asis,0.01,0.03154666087106757,1.0245095472156125,-0.0006222163875762904,-0.0197236845484,0.012379494106079667
767,probe_grad_tgt_asis,0.1,0.3154666087106757,1.0254103465874043,-0.00624640859247538,-0.019800538060128436,0.012379494106079667
767,probe_grad_tgt_asis,1.0,3.154666087106757,1.0391805761356983,-0.06680478236803977,-0.021176498723929457,0.012379494106079667
767,probe_grad_tgt_asis,4.0,12.618664348427028,1.0861024807736293,-0.3282746527126785,-0.026015007900071406,0.012379494106079667
767,jtw,0.01,0.03154666087106757,9.804149822743895,0.019316467536543435,0.6123141721873699,0.09096511383796271
767,jtw,0.1,0.3154666087106757,9.697977482280319,0.1875172979763231,0.5944125076904766,0.09096511383796271
767,jtw,1.0,3.154666087106757,8.549855517611046,1.416458879349795,0.4490043764501471,0.09096511383796271
767,jtw,4.0,12.618664348427028,5.561691593780013,3.0325615694590016,0.24032349904267195,0.09096511383796271
408,random0,0.01,0.006880594942103714,0.6285553338119764,1.4173745869053005e-05,0.002059959347747833,-0.01569397122572866
408,random0,0.1,0.06880594942103714,0.6278012514332695,0.00017487756494888296,0.0025416052887922923,-0.01569397122572866
408,random0,1.0,0.6880594942103714,0.6273297876220164,0.0018189614832730327,0.0026436107612474754,-0.01569397122572866
408,random0,4.0,2.7522379768414855,0.625846136063061,0.007682534186300188,0.002791377145052258,-0.01569397122572866
408,random1,0.01,0.006880594942103714,0.7009455921107755,2.4037890134701978e-06,0.00034935772759430144,0.004000874739105741
408,random1,0.1,0.06880594942103714,0.6982822178547212,5.450984188906519e-05,0.0007922257064648399,0.004000874739105741
408,random1,1.0,0.6880594942103714,0.6984278537860459,0.0005612393094317622,0.000815684274621993,0.004000874739105741
408,random1,4.0,2.7522379768414855,0.7014272370254779,0.0026560802220713733,0.0009650619766243963,0.004000874739105741
408,random2,0.01,0.006880594942103714,0.6175278719315754,6.410581126643669e-05,0.009316899455039945,0.01667231445614236
408,random2,0.1,0.06880594942103714,0.6119450529731485,0.0006595989838031133,0.009586365559275948,0.01667231445614236
408,random2,1.0,0.6880594942103714,0.6112838868647577,0.0066574460156075925,0.0096756836750691,0.01667231445614236
408,random2,4.0,2.7522379768414855,0.6107679289391643,0.0273311454072695,0.009930516778434683,0.01667231445614236
408,random3,0.01,0.006880594942103714,0.6533049236583025,-1.2710374371336908e-05,-0.0018472783935528055,-0.010791621474145323
408,random3,0.1,0.06880594942103714,0.6561895310670628,-8.493094938660865e-05,-0.0012343547338748203,-0.010791621474145323
408,random3,1.0,0.6880594942103714,0.6555613134814489,-0.0007881963555442075,-0.0011455351785367846,-0.010791621474145323
408,random3,4.0,2.7522379768414855,0.653776065931842,-0.002526019707960108,-0.0009178057018379678,-0.010791621474145323
408,random4,0.01,0.006880594942103714,0.619452370727726,-2.1077513289854178e-05,-0.0030633271493540086,0.02809711153957678
408,random4,0.1,0.06880594942103714,0.6177694907069428,-0.00020307675033751614,-0.0029514417291860847,0.02809711153957678
408,random4,1.0,0.6880594942103714,0.6187038079808028,-0.0020027366996661746,-0.0029107028047982227,0.02809711153957678
408,random4,4.0,2.7522379768414855,0.6182657221498902,-0.007578794023666693,-0.002753684124497201,0.02809711153957678
408,random5,0.01,0.006880594942103714,0.5754012251615996,-0.00011531151187265466,-0.016758944952135,0.006490737940711007
408,random5,0.1,0.06880594942103714,0.5761615457976759,-0.0011451895011300422,-0.01664375698273419,0.006490737940711007
408,random5,1.0,0.6880594942103714,0.5762509867822705,-0.011418097963806302,-0.01659463761474566,0.006490737940711007
408,random5,4.0,2.7522379768414855,0.5762862022160715,-0.04534984503438082,-0.01647744323564093,0.006490737940711007
408,random6,0.01,0.006880594942103714,0.6727364176617491,5.185299014801095e-05,0.007536120144307915,0.01664519646748376
408,random6,0.1,0.06880594942103714,0.678191993624242,0.0005170556886933155,0.007514694485637427,0.01664519646748376
408,random6,1.0,0.6880594942103714,0.6788398901278979,0.0052260684194952375,0.007595372876138802,0.01664519646748376
408,random6,4.0,2.7522379768414855,0.6809220274757547,0.021338059322918858,0.007752984844503444,0.01664519646748376
408,random7,0.01,0.006880594942103714,0.56161157108678,0.00012081044561410882,0.017558139467685554,0.02997566992352513
408,random7,0.1,0.06880594942103714,0.5622419423107948,0.0012230406739733065,0.017775216885523665,0.02997566992352513
408,random7,1.0,0.6880594942103714,0.5621951473168848,0.012285125299917498,0.01785474279955415,0.02997566992352513
408,random7,4.0,2.7522379768414855,0.5615215418315678,0.04965781579358711,0.018042704232493458,0.02997566992352513
408,a_unit,0.01,0.006880594942103714,0.7000944914022128,0.00038292533478231087,0.05565293960833465,1.000000098973258
408,a_unit,0.1,0.06880594942103714,0.6990875754317041,0.0038568336741665776,0.056053781782238826,1.000000098973258
408,a_unit,1.0,0.6880594942103714,0.6995994042083679,0.03871282625599254,0.05626377745200657,1.000000098973258
408,a_unit,4.0,2.7522379768414855,0.7016919776795717,0.156380232198052,0.056819298881093334,1.000000098973258
408,oracle,0.01,0.006880594942103714,0.7000944914022128,0.00038292533478231087,0.05565293960833465,1.0000000494866272
408,oracle,0.1,0.06880594942103714,0.6993970481788833,0.003860415398561633,0.056105837228391284,1.0000000494866272
408,oracle,1.0,0.6880594942103714,0.699625995910704,0.03871588494679408,0.0562682228391094,1.0000000494866272
408,oracle,4.0,2.7522379768414855,0.7016949889333286,0.15637872844396797,0.05681875250607174,1.0000000494866272
408,md_full,0.01,0.006880594942103714,0.5694265280576795,1.618994534978787e-05,0.0023529862586036576,-0.023229086728468733
408,md_full,0.1,0.06880594942103714,0.5667712094942855,0.0001797473540625087,0.002612380987036445,-0.023229086728468733
408,md_full,1.0,0.6880594942103714,0.566570370260664,0.0018094515496384425,0.0026297893784824515,-0.023229086728468733
408,md_full,4.0,2.7522379768414855,0.5671319785533264,0.007114664782215261,0.002585047093340442,-0.023229086728468733
408,mean_diff_tgt_asis,0.01,0.006880594942103714,0.7848876621926592,-3.906669427668061e-05,-0.005677807603180333,-0.0038981023085448057
408,mean_diff_tgt_asis,0.1,0.06880594942103714,0.7835948391884258,-0.0003973775521160289,-0.005775337095988568,-0.0038981023085448057
408,mean_diff_tgt_asis,1.0,0.6880594942103714,0.7822882959482438,-0.00394821459220433,-0.005738187795425114,-0.0038981023085448057
408,mean_diff_tgt_asis,4.0,2.7522379768414855,0.7783291625543614,-0.015623382262902583,-0.005676610232968385,-0.0038981023085448057
408,probe_grad_tgt_asis,0.01,0.006880594942103714,0.8538232935392054,0.0001673806034477776,0.024326472471667058,-0.01857987873099609
408,probe_grad_tgt_asis,0.1,0.06880594942103714,0.8505152092034529,0.001688347456229322,0.024537812070552095,-0.01857987873099609
408,probe_grad_tgt_asis,1.0,0.6880594942103714,0.8508193559816282,0.017064119903458977,0.024800355270211114,-0.01857987873099609
408,probe_grad_tgt_asis,4.0,2.7522379768414855,0.8533862261500836,0.07039325490101322,0.025576732642065243,-0.01857987873099609
408,jtw,0.01,0.006880594942103714,10.241823903450726,0.003640238889246599,0.529058739814963,0.10601374507896281
408,jtw,0.1,0.06880594942103714,10.23569696215168,0.03654956190439779,0.531197697465721,0.10601374507896281
408,jtw,1.0,0.6880594942103714,10.206440951642316,0.3779707165537324,0.549328538787911,0.10601374507896281
408,jtw,4.0,2.7522379768414855,9.736643649969396,1.6157558546426185,0.587069820356482,0.10601374507896281
596,random0,0.01,0.06260849688465787,0.666830555992756,0.000376589730804934,0.006014993963179091,-0.018836843037210012
596,random0,0.1,0.6260849688465787,0.6664732032538832,0.003722425270044005,0.005945559237593165,-0.018836843037210012
596,random0,1.0,6.260849688465787,0.6642330520237015,0.03611828891629128,0.005768911683478224,-0.018836843037210012
596,random0,4.0,25.043398753863148,0.6541606427822709,0.1285522164570589,0.005133177717630226,-0.018836843037210012
596,random1,0.01,0.06260849688465787,0.6524461455109476,-0.001305452848871342,-0.020851049199860944,-0.03292832111463371
596,random1,0.1,0.6260849688465787,0.6539281050433227,-0.013100093267737426,-0.020923826508519143,-0.03292832111463371
596,random1,1.0,6.260849688465787,0.6632521604321159,-0.13378702637081932,-0.021368828997331137,-0.03292832111463371
596,random1,4.0,25.043398753863148,0.6911852739910825,-0.5627354090740068,-0.02247040885323923,-0.03292832111463371
596,random2,0.01,0.06260849688465787,0.6167672383050363,-0.0004738098920833568,-0.007567820913449581,0.001196914480027564
596,random2,0.1,0.6260849688465787,0.6166884073480263,-0.004772061736932188,-0.007622067250270587,0.001196914480027564
596,random2,1.0,6.260849688465787,0.6147409928542298,-0.050137054792803885,-0.008008027230739971,0.001196914480027564
596,random2,4.0,25.043398753863148,0.6112442588887146,-0.23132631265621506,-0.00923701750428468,0.001196914480027564
596,random3,0.01,0.06260849688465787,0.5506575896711011,-8.274237957439092e-05,-0.001321583869467833,0.01872252736263025
596,random3,0.1,0.6260849688465787,0.5511794146509108,-0.0008890166517045402,-0.0014199616600640552,0.01872252736263025
596,random3,1.0,6.260849688465787,0.5545833331889962,-0.009129621095205952,-0.001458207998832049,0.01872252736263025
596,random3,4.0,25.043398753863148,0.5704010175562892,-0.0407867660462123,-0.0016286433980899101,0.01872252736263025
596,random4,0.01,0.06260849688465787,0.5704193107675535,0.0005258487823786108,0.008399000272237318,-0.019897432737398267
596,random4,0.1,0.6260849688465787,0.569861555240211,0.005228507802888617,0.008351115364614121,-0.019897432737398267
596,random4,1.0,6.260849688465787,0.566321118706688,0.05047252543829571,0.008061609517839094,-0.019897432737398267
596,random4,4.0,25.043398753863148,0.5544927953188618,0.17072243778837076,0.00681706342922146,-0.019897432737398267
596,random5,0.01,0.06260849688465787,0.50802695295979,0.0003539917850921569,0.005654053406589642,0.020173401902866893
596,random5,0.1,0.6260849688465787,0.5079648186885468,0.003501193617937005,0.005592202004764896,0.020173401902866893
596,random5,1.0,6.260849688465787,0.5100898400821055,0.033091721447126216,0.005285500066882344,0.020173401902866893
596,random5,4.0,25.043398753863148,0.5199176722009359,0.10562427426115058,0.004217649341420049,0.020173401902866893
596,random6,0.01,0.06260849688465787,0.5243498154203128,-0.0004774932930408398,-0.007626653198854369,0.006974038469949774
596,random6,0.1,0.6260849688465787,0.5243287174433133,-0.004865573378776845,-0.007771426596841278,0.006974038469949774
596,random6,1.0,6.260849688465787,0.524240823726548,-0.051623780305404175,-0.008245491087337463,0.006974038469949774
596,random6,4.0,25.043398753863148,0.526034854866259,-0.23784583556841865,-0.009497346502607957,0.006974038469949774
596,random7,0.01,0.06260849688465787,0.45890610978632906,0.000223350758825645,0.0035674192791614007,-0.024023525539284697
596,random7,0.1,0.6260849688465787,0.4591878277857401,0.0022068023594772916,0.003524764958888616,-0.024023525539284697
596,random7,1.0,6.260849688465787,0.46193938989972233,0.02223498083577951,0.0035514318250991525,-0.024023525539284697
596,random7,4.0,25.043398753863148,0.47343796461313775,0.08781597462116104,0.003506551785732147,-0.024023525539284697
596,a_unit,0.01,0.06260849688465787,0.6946874072582608,0.002143955082429309,0.03424383572694718,1.0000001550370041
596,a_unit,0.1,0.6260849688465787,0.6941474608425678,0.021371340033661815,0.0341348875904715,1.0000001550370041
596,a_unit,1.0,6.260849688465787,0.6928436191263694,0.208621599494882,0.03332161126296013,1.0000001550370041
596,a_unit,4.0,25.043398753863148,0.696348752062068,0.801550409668433,0.03200645477662202,1.0000001550370041
596,oracle,0.01,0.06260849688465787,0.6887512398346964,0.002309835367564647,0.03689332091489116,0.8025726212177579
596,oracle,0.1,0.6260849688465787,0.6888027903749888,0.02302254539908387,0.03677223786652753,0.8025726212177579
596,oracle,1.0,6.260849688465787,0.6915069541428303,0.22671498290054698,0.03621153584284551,0.8025726212177579
596,oracle,4.0,25.043398753863148,0.7053136259781428,0.8766353406119829,0.035004647301587,0.8025726212177579
596,md_full,0.01,0.06260849688465787,0.5317581575654617,0.0006107535198878403,0.009755121912813476,-0.0007226284785223844
596,md_full,0.1,0.6260849688465787,0.5310108829235851,0.006090131468667689,0.009727324199920328,-0.0007226284785223844
596,md_full,1.0,6.260849688465787,0.5250555822539631,0.06077253195257316,0.009706754670142127,-0.0007226284785223844
596,md_full,4.0,25.043398753863148,0.5063353038151209,0.2362276277936772,0.009432730362017543,-0.0007226284785223844
596,mean_diff_tgt_asis,0.01,0.06260849688465787,0.6190108742145328,-0.0003784221395911609,-0.006044261696432657,-0.017352128633114576
596,mean_diff_tgt_asis,0.1,0.6260849688465787,0.6192057837103347,-0.0038000440409184013,-0.006069534056885491,-0.017352128633114576
596,mean_diff_tgt_asis,1.0,6.260849688465787,0.6186375520327072,-0.03794322338430902,-0.006060395197509838,-0.017352128633114576
596,mean_diff_tgt_asis,4.0,25.043398753863148,0.6219081937602194,-0.1442442578633612,-0.005759771638069308,-0.017352128633114576
596,probe_grad_tgt_asis,0.01,0.06260849688465787,0.8764390299600324,-0.00100357704214321,-0.01602940642373312,0.012379494106079667
596,probe_grad_tgt_asis,0.1,0.6260849688465787,0.8767365323420404,-0.010082175056018649,-0.016103525172618018,0.012379494106079667
596,probe_grad_tgt_asis,1.0,6.260849688465787,0.8782604856440245,-0.10257288205487898,-0.01638322067431942,0.012379494106079667
596,probe_grad_tgt_asis,4.0,25.043398753863148,0.8776046857501596,-0.4213771493543697,-0.016825877090239954,0.012379494106079667
596,jtw,0.01,0.06260849688465787,4.748558934841484,0.028497277559783166,0.45516629495646593,0.07508699380285515
596,jtw,0.1,0.6260849688465787,4.748397712109149,0.2807438035288965,0.4484116653464849,0.07508699380285515
596,jtw,1.0,6.260849688465787,4.6548552281580395,2.379528178213034,0.3800647350784961,0.07508699380285515
596,jtw,4.0,25.043398753863148,4.4650592602044545,5.504781031206189,0.21980966263043797,0.07508699380285515
898,random0,0.01,0.09699988997314453,0.5412813052251251,0.0011688514101807345,0.012050028206262333,-0.029830239007597376
898,random0,0.1,0.9699988997314453,0.5408327260333854,0.011793618300715295,0.0121583831734041,-0.029830239007597376
898,random0,1.0,9.699988997314453,0.5390006442746019,0.12917703054564533,0.013317234749586767,-0.029830239007597376
898,random0,4.0,38.79995598925781,0.5377795577140557,0.6187473449153034,0.015947114607207553,-0.029830239007597376
898,random1,0.01,0.09699988997314453,0.6086469504180507,-0.0012956626772535904,-0.013357362339403774,-0.022559924889413198
898,random1,0.1,0.9699988997314453,0.6085642287416534,-0.012888941104301747,-0.013287583220836839,-0.022559924889413198
898,random1,1.0,9.699988997314453,0.6080507941434182,-0.1232186948776685,-0.012702972643761032,-0.022559924889413198
898,random1,4.0,38.79995598925781,0.6059773027302091,-0.43417108127924675,-0.0111899890144064,-0.022559924889413198
898,random2,0.01,0.09699988997314453,0.6772332044653163,0.0021799483918139885,0.022473720252853182,-0.02570581737987574
898,random2,0.1,0.9699988997314453,0.6774657567803771,0.021908853699005908,0.022586472732156308,-0.02570581737987574
898,random2,1.0,9.699988997314453,0.6796910321482821,0.23032980795009034,0.023745367960093525,-0.02570581737987574
898,random2,4.0,38.79995598925781,0.6785393812068028,1.001484122711001,0.0258114757395156,-0.02570581737987574
898,random3,0.01,0.09699988997314453,0.5765379860695116,-0.0012543412281065026,-0.012931367535094943,-0.009529822990627674
898,random3,0.1,0.9699988997314453,0.5764516760579722,-0.012382344708500297,-0.012765318302864552,-0.009529822990627674
898,random3,1.0,9.699988997314453,0.5782226790521231,-0.10881231841864875,-0.011217777509724457,-0.009529822990627674
898,random3,4.0,38.79995598925781,0.6132748898940905,-0.302781580443268,-0.007803657832166004,-0.009529822990627674
898,random4,0.01,0.09699988997314453,0.5886252596528755,-0.00010604880762185483,-0.001093287916627695,-0.029035042959864775
898,random4,0.1,0.9699988997314453,0.5877508919787607,-0.0009222784938915591,-0.0009508036495164086,-0.029035042959864775
898,random4,1.0,9.699988997314453,0.5801895423492107,0.002699377564423955,0.00027828666250769013,-0.029035042959864775
898,random4,4.0,38.79995598925781,0.5720815417145446,0.18732752130662778,0.004828034376082577,-0.029035042959864775
898,random5,0.01,0.09699988997314453,0.5532249499941093,-0.00015280237365197216,-0.0015752839894383093,-0.004731086712870565
898,random5,0.1,0.9699988997314453,0.5530571956803654,-0.0013190878022909256,-0.0013598858747738058,-0.004731086712870565
898,random5,1.0,9.699988997314453,0.5519368191094559,0.009981239921557025,0.0010289949735324895,-0.004731086712870565
898,random5,4.0,38.79995598925781,0.5553530806082523,0.32995781024281573,0.008504076920452387,-0.004731086712870565
898,random6,0.01,0.09699988997314453,0.6079496083107763,-0.0007491493905390559,-0.007723198353590566,-0.020242926907184808
898,random6,0.1,0.9699988997314453,0.607912705150947,-0.007349274262300651,-0.007576579998529253,-0.020242926907184808
898,random6,1.0,9.699988997314453,0.6080390189741658,-0.057833494056062945,-0.005962222645002461,-0.020242926907184808
898,random6,4.0,38.79995598925781,0.6133115827549007,0.03784863161609461,0.0009754813027770809,-0.020242926907184808
898,random7,0.01,0.09699988997314453,0.5068668080980534,0.002619610570841161,0.027006325177960804,-0.001284019493385918
898,random7,0.1,0.9699988997314453,0.5072777408187864,0.026168968687428573,0.02697834883593552,-0.001284019493385918
898,random7,1.0,9.699988997314453,0.5131437170995286,0.25960280016713305,0.026763205632398854,-0.001284019493385918
898,random7,4.0,38.79995598925781,0.5383836582600877,0.9990482972693002,0.025748696662076048,-0.001284019493385918
898,a_unit,0.01,0.09699988997314453,0.8232851023866306,0.012496859603115997,0.1288337502916332,1.0000001929241253
898,a_unit,0.1,0.9699988997314453,0.8267624431046721,0.12506797199173209,0.12893619985173027,1.0000001929241253
898,a_unit,1.0,9.699988997314453,0.8683866639594083,1.2653315930518767,0.130446703950097,1.0000001929241253
898,a_unit,4.0,38.79995598925781,1.0164763909382095,5.128571466887632,0.13217982691288443,1.0000001929241253
898,oracle,0.01,0.09699988997314453,0.8869594461012082,0.013578715168789869,0.13998691310422398,0.9942324539755796
898,oracle,0.1,0.9699988997314453,0.891844335009586,0.1359726541771336,0.14017815300077052,0.9942324539755796
898,oracle,1.0,9.699988997314453,0.9453702999630406,1.3772861752726446,0.1419884265491395,0.9942324539755796
898,oracle,4.0,38.79995598925781,1.1269627072679922,5.492833413726299,0.1415680320680531,0.9942324539755796
898,md_full,0.01,0.09699988997314453,0.6047320862386115,-0.0011096754612655978,-0.011439966185248493,-0.016294594959261582
898,md_full,0.1,0.9699988997314453,0.6045910021616677,-0.010861715697834227,-0.011197657750788594,-0.016294594959261582
898,md_full,1.0,9.699988997314453,0.60145543686315,-0.08849523237206186,-0.00912323018062832,-0.016294594959261582
898,md_full,4.0,38.79995598925781,0.6002664327610869,-0.10950853748997191,-0.0028223881882827534,-0.016294594959261582
898,mean_diff_tgt_asis,0.01,0.09699988997314453,0.6451049456404004,-0.00034296921256061737,-0.003535769088558473,-0.0035758647254717792
898,mean_diff_tgt_asis,0.1,0.9699988997314453,0.6438644390097475,-0.003092355159349292,-0.0031879986257772504,-0.0035758647254717792
898,mean_diff_tgt_asis,1.0,9.699988997314453,0.6318738788400913,0.0008405263675920205,8.665230113402493e-05,-0.0035758647254717792
898,mean_diff_tgt_asis,4.0,38.79995598925781,0.6064337742725138,0.36972433177253405,0.009528988431711011,-0.0035758647254717792
898,probe_grad_tgt_asis,0.01,0.09699988997314453,0.8308399913213945,0.0012311288748906106,0.012692064653181174,0.031300480419297116
898,probe_grad_tgt_asis,0.1,0.9699988997314453,0.8312987568663642,0.012507991638880653,0.012894851367711475,0.031300480419297116
898,probe_grad_tgt_asis,1.0,9.699988997314453,0.8365184853836574,0.14505777179704576,0.014954426426381163,0.031300480419297116
898,probe_grad_tgt_asis,4.0,38.79995598925781,0.8613327305501698,0.7768377756438651,0.020021614866236992,0.031300480419297116
898,jtw,0.01,0.09699988997314453,4.964669237153036,0.07404189466991233,0.7633193675829079,0.1684863401970909
898,jtw,0.1,0.9699988997314453,5.015628289218961,0.7323823375981182,0.7550341941634019,0.1684863401970909
898,jtw,1.0,9.699988997314453,5.055771334002127,6.190911934659177,0.6382390677322622,0.1684863401970909
898,jtw,4.0,38.79995598925781,2.882621680620731,11.607096874303707,0.29915232062421043,0.1684863401970909
150,random0,0.01,0.08779115485959363,0.6409688977211421,-0.001274075805166601,-0.014512575978801729,-0.018836843037210012
150,random0,0.1,0.8779115485959363,0.640854305366324,-0.012591672152961395,-0.014342757163975732,-0.018836843037210012
150,random0,1.0,8.779115485959363,0.6399596650057411,-0.10970869085382352,-0.012496554012677371,-0.018836843037210012
150,random0,4.0,35.11646194383745,0.6346674662961833,-0.24422557979181872,-0.006954731948292918,-0.018836843037210012
150,random1,0.01,0.08779115485959363,0.7334063135599126,-0.00018868559062408714,-0.0021492551376714004,-0.03292832111463371
150,random1,0.1,0.8779115485959363,0.7356552340781377,-0.0018035988608394058,-0.0020544197917477473,-0.03292832111463371
150,random1,1.0,8.779115485959363,0.7568299178978201,-0.009069314144778531,-0.0010330555691269,-0.03292832111463371
150,random1,4.0,35.11646194383745,0.8183748975853833,0.06702121223681512,0.0019085411378858058,-0.03292832111463371
150,random2,0.01,0.08779115485959363,0.7048387579386702,-0.0008132225971182989,-0.00926314955554354,0.001196914480027564
150,random2,0.1,0.8779115485959363,0.7053548206871565,-0.008068540369327828,-0.009190607393457832,0.001196914480027564
150,random2,1.0,8.779115485959363,0.7088091941858977,-0.07397683229158315,-0.008426456219865881,0.001196914480027564
150,random2,4.0,35.11646194383745,0.7157661654885505,-0.20323707424208604,-0.005787515683303394,0.001196914480027564
150,random3,0.01,0.08779115485959363,0.7363353323577151,-0.0003641865416532391,-0.004148328407750084,0.01872252736263025
150,random3,0.1,0.8779115485959363,0.7362538675893254,-0.003525603612139775,-0.004015898432795823,0.01872252736263025
150,random3,1.0,8.779115485959363,0.7365340218882401,-0.020670644158577466,-0.002354524688920711,0.01872252736263025
150,random3,4.0,35.11646194383745,0.7492439317585672,0.031997835325510704,0.0009111918899086577,0.01872252736263025
150,random4,0.01,0.08779115485959363,0.6523174087816455,0.0011152318462078399,0.012703236994563464,-0.019897432737398267
150,random4,0.1,0.8779115485959363,0.651906571246491,0.011263354317917309,0.01282971426441655,-0.019897432737398267
150,random4,1.0,8.779115485959363,0.6491236421976614,0.12448682686316806,0.014179882593213707,-0.019897432737398267
150,random4,4.0,35.11646194383745,0.6356704600088082,0.570782289126702,0.0162539805416493,-0.019897432737398267
150,random5,0.01,0.08779115485959363,0.6754174578982558,0.001957885727853342,0.022301628575049876,0.020173401902866893
150,random5,0.1,0.8779115485959363,0.6749387420004639,0.01973067969647739,0.022474564468405855,0.020173401902866893
150,random5,1.0,8.779115485959363,0.6725294384857593,0.2111124887256153,0.024047125141849684,0.020173401902866893
150,random5,4.0,35.11646194383745,0.6719669056122101,0.9824841642629649,0.027977880170111498,0.020173401902866893
150,random6,0.01,0.08779115485959363,0.6746353596312951,-0.002598662724086205,-0.029600507343163496,0.006974038469949774
150,random6,0.1,0.8779115485959363,0.6744808155400833,-0.025881010857609677,-0.029480203215234792,0.006974038469949774
150,random6,1.0,8.779115485959363,0.6730015936050532,-0.2485093434353778,-0.028306877137318037,0.006974038469949774
150,random6,4.0,35.11646194383745,0.6694547883033019,-0.7955037911698876,-0.02265330124777817,0.006974038469949774
150,random7,0.01,0.08779115485959363,0.5649297106497013,0.0018686459231314237,0.021285127483742425,-0.024023525539284697
150,random7,0.1,0.8779115485959363,0.5656458055332779,0.018803053373772628,0.021417936013992268,-0.024023525539284697
150,random7,1.0,8.779115485959363,0.5713181673380887,0.1976212791159891,0.022510386089811582,-0.024023525539284697
150,random7,4.0,35.11646194383745,0.5909115699599856,0.870137959347708,0.024778634041759083,-0.024023525539284697
150,a_unit,0.01,0.08779115485959363,0.7684834728557969,0.004681675083184298,0.05332741197757116,1.0000001550370041
150,a_unit,0.1,0.8779115485959363,0.7662181822509497,0.04674896170046272,0.053250195620765425,1.0000001550370041
150,a_unit,1.0,8.779115485959363,0.747380992197529,0.466543658433604,0.053142444609568906,1.0000001550370041
150,a_unit,4.0,35.11646194383745,0.7148003259638233,1.9545082822473265,0.05565789302388195,1.0000001550370041
150,oracle,0.01,0.08779115485959363,0.7770614142658243,0.005086154137108611,0.05793469906214369,0.9409587615592323
150,oracle,0.1,0.8779115485959363,0.7747171265607582,0.05082025111291005,0.05788766669511071,0.9409587615592323
150,oracle,1.0,8.779115485959363,0.7581241913542445,0.5109563071008283,0.05820134248353519,0.9409587615592323
150,oracle,4.0,35.11646194383745,0.7455367960305619,2.160239875803385,0.06151644431771929,0.9409587615592323
150,md_full,0.01,0.08779115485959363,0.7825107717248402,-0.002165837557266637,-0.024670339064687206,-0.0007226284785223844
150,md_full,0.1,0.8779115485959363,0.7827269566598573,-0.021671806295471586,-0.024685637556689843,-0.0007226284785223844
150,md_full,1.0,8.779115485959363,0.7773957190475217,-0.20902733306341004,-0.023809611958939617,-0.0007226284785223844
150,md_full,4.0,35.11646194383745,0.7531465663060256,-0.6356324893027518,-0.018100698479229863,-0.0007226284785223844
150,mean_diff_tgt_asis,0.01,0.08779115485959363,0.8190988723642827,-0.0008518067837754317,-0.009702649260483536,-0.017352128633114576
150,mean_diff_tgt_asis,0.1,0.8779115485959363,0.81885553041458,-0.00841616676637519,-0.009586577121391505,-0.017352128633114576
150,mean_diff_tgt_asis,1.0,8.779115485959363,0.8132029633774529,-0.06648262805554356,-0.007572816209317525,-0.017352128633114576
150,mean_diff_tgt_asis,4.0,35.11646194383745,0.7895913180166846,0.021592279290680874,0.0006148762744155118,-0.017352128633114576
150,probe_grad_tgt_asis,0.01,0.08779115485959363,1.1299057023951689,0.0006178094129325414,0.007037262625381999,0.012379494106079667
150,probe_grad_tgt_asis,0.1,0.8779115485959363,1.131849744078857,0.006186366599612669,0.007046685522598107,0.012379494106079667
150,probe_grad_tgt_asis,1.0,8.779115485959363,1.1479126592708093,0.06202260376621781,0.0070647895981562105,0.012379494106079667
150,probe_grad_tgt_asis,4.0,35.11646194383745,1.1718829155747468,0.22436227379061008,0.006389091080685683,0.012379494106079667
150,jtw,0.01,0.08779115485959363,6.728256812097643,0.07294458695028394,0.8308876568140134,0.06387613019778508
150,jtw,0.1,0.8779115485959363,6.721900305030679,0.7033094747863398,0.801116554294289,0.06387613019778508
150,jtw,1.0,8.779115485959363,5.86563395787218,4.879354889887586,0.5557911725493586,0.06387613019778508
150,jtw,4.0,35.11646194383745,3.325774417696199,8.846977393468917,0.2519324813421719,0.06387613019778508
765,random0,0.01,0.06595825941385239,0.6267392737065652,-0.0008551943639039542,-0.012965690294191546,-0.0027201306360455646
765,random0,0.1,0.6595825941385239,0.6267403654265775,-0.008538121637304101,-0.01294473461425355,-0.0027201306360455646
765,random0,1.0,6.595825941385239,0.6271652171429191,-0.08159208421522457,-0.012370260364707078,-0.0027201306360455646
765,random0,4.0,26.383303765540955,0.6301282084704476,-0.2617391317348958,-0.009920635188863323,-0.0027201306360455646
765,random1,0.01,0.06595825941385239,0.5833240975901508,-0.0003488844173020814,-0.005289472772667035,-0.04285108197620964
765,random1,0.1,0.6595825941385239,0.5839640344454174,-0.0034978522492998595,-0.005303130010379336,-0.04285108197620964
765,random1,1.0,6.595825941385239,0.5913322472004231,-0.03532162209598055,-0.0053551476964175905,-0.04285108197620964
765,random1,4.0,26.383303765540955,0.6249240917439712,-0.1568443804192163,-0.005944834726273729,-0.04285108197620964
765,random2,0.01,0.06595825941385239,0.6461538460175288,-0.00020017425148843084,-0.003034862551973146,0.009191708571768131
765,random2,0.1,0.6595825941385239,0.6464053594008163,-0.0020055244550550707,-0.003040596390622575,0.009191708571768131
765,random2,1.0,6.595825941385239,0.6489600747761978,-0.01865968314858823,-0.002829013881568465,0.009191708571768131
765,random2,4.0,26.383303765540955,0.6602046971126182,-0.05973716168217266,-0.0022642032329626186,0.009191708571768131
765,random3,0.01,0.06595825941385239,0.6877569420063535,-5.493049799547159e-05,-0.0008328069673702643,0.0013588918414095368
765,random3,0.1,0.6595825941385239,0.6878747885157753,-0.0005340787284826404,-0.0008097222898675742,0.0013588918414095368
765,random3,1.0,6.595825941385239,0.6851556694434137,-0.001566472451310006,-0.0002374945101994337,0.0013588918414095368
765,random3,4.0,26.383303765540955,0.6850824231416913,0.025820333314506658,0.0009786618667609935,0.0013588918414095368
765,random4,0.01,0.06595825941385239,0.6170234205773635,0.00029114282479215524,0.004414046510314827,-0.02756887301816416
765,random4,0.1,0.6595825941385239,0.6171811467935374,0.0029521626346840834,0.004475804335831332,-0.02756887301816416
765,random4,1.0,6.595825941385239,0.6140317836481737,0.03366687825445561,0.005104270269355376,-0.02756887301816416
765,random4,4.0,26.383303765540955,0.6040600321153898,0.17631534506022173,0.006682838003423436,-0.02756887301816416
765,random5,0.01,0.06595825941385239,0.6083008140498017,-0.0001275171792162605,-0.001933301156662719,0.012284240913234839
765,random5,0.1,0.6595825941385239,0.6084027853421736,-0.0012494061548086871,-0.0018942376071044255,0.012284240913234839
765,random5,1.0,6.595825941385239,0.6079862986920446,-0.010474285554156191,-0.0015880172774778239,0.012284240913234839
765,random5,4.0,26.383303765540955,0.6113115663656388,-0.026423429249609873,-0.0010015208665459603,0.012284240913234839
765,random6,0.01,0.06595825941385239,0.623970837206305,-0.0020003808499701645,-0.03032798117698736,-0.006669622671958607
765,random6,0.1,0.6595825941385239,0.6243510400216415,-0.0199848822378701,-0.030299286875470406,-0.006669622671958607
765,random6,1.0,6.595825941385239,0.6277429121737684,-0.19809702208740432,-0.03003369461957034,-0.006669622671958607
765,random6,4.0,26.383303765540955,0.6390844631952964,-0.754388353658384,-0.028593399839624528,-0.006669622671958607
765,random7,0.01,0.06595825941385239,0.5372816128815605,0.0006752698956662504,0.01023783680265571,-0.017832955025942027
765,random7,0.1,0.6595825941385239,0.5368666977275152,0.0068367376731445564,0.010365248770813866,-0.017832955025942027
765,random7,1.0,6.595825941385239,0.5357304649311768,0.07368445702444765,0.011171376819105785,-0.017832955025942027
765,random7,4.0,26.383303765540955,0.533623062459607,0.3615155519753588,0.013702436783051093,-0.017832955025942027
765,a_unit,0.01,0.06595825941385239,0.969211719352072,0.003596566262213014,0.05452791347398219,0.9999998749370727
765,a_unit,0.1,0.6595825941385239,0.9671456557396321,0.035877504549303996,0.054394256107020755,0.9999998749370727
765,a_unit,1.0,6.595825941385239,0.9373563502747378,0.3498874704869456,0.053046801658544536,0.9999998749370727
765,a_unit,4.0,26.383303765540955,0.8641689017562835,1.3458825303082103,0.05101266097182484,0.9999998749370727
765,oracle,0.01,0.06595825941385239,1.0070787726746848,0.003588423049211094,0.0544044533785478,0.925570901106334
765,oracle,0.1,0.6595825941385239,1.0045149889935214,0.03582707249186282,0.05431779554258296,0.925570901106334
765,oracle,1.0,6.595825941385239,0.9776176990512345,0.35539940718517343,0.053882472088178444,0.925570901106334
765,oracle,4.0,26.383303765540955,0.9124300810756806,1.4354336680015611,0.054406896147569314,0.925570901106334
765,md_full,0.01,0.06595825941385239,0.6943581978671152,-0.0004131877483415519,-0.0062643822322390645,-0.0077092644660748996
765,md_full,0.1,0.6595825941385239,0.6937695616517665,-0.004149682687981534,-0.006291376887228815,-0.0077092644660748996
765,md_full,1.0,6.595825941385239,0.6910275759649994,-0.03670568667318465,-0.005564987159966779,-0.0077092644660748996
765,md_full,4.0,26.383303765540955,0.6797370892080401,-0.061035767015030315,-0.0023134239577208937,-0.0077092644660748996
765,mean_diff_tgt_asis,0.01,0.06595825941385239,0.7446111889414351,-0.00041175341113300313,-0.006242636097315323,-0.008599767629787387
765,mean_diff_tgt_asis,0.1,0.6595825941385239,0.7448596833373013,-0.004047617704354514,-0.006136635108816172,-0.008599767629787387
765,mean_diff_tgt_asis,1.0,6.595825941385239,0.7488245812530907,-0.0332056356296158,-0.00503434079745319,-0.008599767629787387
765,mean_diff_tgt_asis,4.0,26.383303765540955,0.7577041578546876,-0.004570032392435211,-0.00017321683565665107,-0.008599767629787387
765,probe_grad_tgt_asis,0.01,0.06595825941385239,0.8666320555727667,0.0006312962323057679,0.009571147539608733,0.01429074378105617
765,probe_grad_tgt_asis,0.1,0.6595825941385239,0.8680701684075409,0.006343236391231014,0.009617046367810644,0.01429074378105617
765,probe_grad_tgt_asis,1.0,6.595825941385239,0.8838284961500675,0.06576041232493889,0.009970004198007695,0.01429074378105617
765,probe_grad_tgt_asis,4.0,26.383303765540955,0.9347041086722366,0.31683090308063355,0.01200876531219127,0.01429074378105617
765,jtw,0.01,0.06595825941385239,5.6524719463807624,0.03801447482463985,0.5763413886670293,0.09441216496889013
765,jtw,0.1,0.6595825941385239,5.5969745310202486,0.3711161524594515,0.5626530411163497,0.09441216496889013
765,jtw,1.0,6.595825941385239,4.907892918005946,2.9407054801544756,0.4458434025226682,0.09441216496889013
765,jtw,4.0,26.383303765540955,3.465211133381476,6.474987537285395,0.24541989111092033,0.09441216496889013
20,random0,0.01,0.06679357282322294,0.5209505095747368,-0.0009880182642238156,-0.014792115804895214,-0.018836843037210012
20,random0,0.1,0.6679357282322296,0.5210185574451907,-0.00990896507590751,-0.014835207426518044,-0.018836843037210012
20,random0,1.0,6.679357282322295,0.5214514155640446,-0.09991868039700179,-0.014959325601798294,-0.018836843037210012
20,random0,4.0,26.71742912928918,0.5230713990673631,-0.40778119855172434,-0.015262740908880757,-0.018836843037210012
20,random1,0.01,0.06679357282322294,0.5619514867271433,-0.0007291011677036144,-0.010915738399460476,-0.03292832111463371
20,random1,0.1,0.6679357282322296,0.562533133936368,-0.007308127012358945,-0.010941362624366213,-0.03292832111463371
20,random1,1.0,6.679357282322295,0.5708521190458985,-0.0757331722445761,-0.011338392160127869,-0.03292832111463371
20,random1,4.0,26.71742912928918,0.5987525539308474,-0.342597257007203,-0.01282298739707812,-0.03292832111463371
20,random2,0.01,0.06679357282322294,0.6120488751084854,-0.0002988448325170905,-0.0044741555195440515,0.001196914480027564
20,random2,0.1,0.6679357282322296,0.6117911640358116,-0.0030378819211490217,-0.0045481650295742275,0.001196914480027564
20,random2,1.0,6.679357282322295,0.6137059906926841,-0.03461544881648954,-0.00518245204641222,0.001196914480027564
20,random2,4.0,26.71742912928918,0.6197449991266126,-0.1965344980021987,-0.007356040772154469,0.001196914480027564
20,random3,0.01,0.06679357282322294,0.5521158199879785,0.0004322743014119914,0.006471794862000514,0.01872252736263025
20,random3,0.1,0.6679357282322296,0.5528333338786824,0.004337334974046942,0.006493641215339998,0.01872252736263025
20,random3,1.0,6.679357282322295,0.5600056712890811,0.0429733984653974,0.006433762508726933,0.01872252736263025
20,random3,4.0,26.71742912928918,0.5899024736172409,0.15165872471352204,0.005676396631563066,0.01872252736263025
20,random4,0.01,0.06679357282322294,0.5567810071266632,0.0005911430716722251,0.008850298714170523,-0.019897432737398267
20,random4,0.1,0.6679357282322296,0.5568380320457681,0.005979214173052852,0.008951780718299865,-0.019897432737398267
20,random4,1.0,6.679357282322295,0.5521977164799918,0.05898170721173652,0.00883044651134901,-0.019897432737398267
20,random4,4.0,26.71742912928918,0.5381083919369707,0.22040773606969372,0.008249586253344642,-0.019897432737398267
20,random5,0.01,0.06679357282322294,0.4548727062680768,0.0012175331625629178,0.018228298189486923,0.020173401902866893
20,random5,0.1,0.6679357282322296,0.4556790889010907,0.012202962482372176,0.01826966572767226,0.020173401902866893
20,random5,1.0,6.679357282322295,0.45503457674968223,0.12257854069324375,0.0183518466690893,0.020173401902866893
20,random5,4.0,26.71742912928918,0.45624778110469194,0.4864551593069295,0.01820740898957413,0.020173401902866893
20,random6,0.01,0.06679357282322294,0.5688678425852687,-0.0004886632252769324,-0.007316021656308716,0.006974038469949774
20,random6,0.1,0.6679357282322296,0.5691733239540139,-0.004905258149268114,-0.0073439074179344425,0.006974038469949774
20,random6,1.0,6.679357282322295,0.570142300759946,-0.05134484116350102,-0.007687093082951437,0.006974038469949774
20,random6,4.0,26.71742912928918,0.5741733861680879,-0.22468264329695103,-0.008409590691143297,0.006974038469949774
20,random7,0.01,0.06679357282322294,0.41735604265975934,-0.00023077737394156536,-0.0034550835385366322,-0.024023525539284697
20,random7,0.1,0.6679357282322296,0.41747859018196587,-0.0022660931512365,-0.0033926814444167883,-0.024023525539284697
20,random7,1.0,6.679357282322295,0.42090784459963315,-0.022583697520949055,-0.0033811183571089195,-0.024023525539284697
20,random7,4.0,26.71742912928918,0.4354628440377728,-0.08747835889732072,-0.003274205705721211,-0.024023525539284697
20,a_unit,0.01,0.06679357282322294,0.6220838656592278,0.0018161872470303353,0.02719104803447315,1.0000001550370041
20,a_unit,0.1,0.6679357282322296,0.6217981829120041,0.01809320308679155,0.027088239664431992,1.0000001550370041
20,a_unit,1.0,6.679357282322295,0.6180453905704564,0.17073956054802678,0.025562273933138615,1.0000001550370041
20,a_unit,4.0,26.71742912928918,0.6192537615342795,0.5863157297967515,0.02194506540878211,1.0000001550370041
20,oracle,0.01,0.06679357282322294,0.6156547632289877,0.001357509163671743,0.02032394894138319,0.8759460398290444
20,oracle,0.1,0.6679357282322296,0.6155840738709304,0.013518359693183934,0.020239012710043018,0.8759460398290444
20,oracle,1.0,6.679357282322295,0.6160616732373675,0.12779391125141507,0.01913266589131812,0.8759460398290444
20,oracle,4.0,26.71742912928918,0.6313295989928615,0.44390546294616384,0.016614827002929305,0.8759460398290444
20,md_full,0.01,0.06679357282322294,0.6232112558659649,-0.0002503371674132456,-0.0037479229936657585,-0.0007226284785223844
20,md_full,0.1,0.6679357282322296,0.6232416821855339,-0.002464307024675365,-0.003689437352299514,-0.0007226284785223844
20,md_full,1.0,6.679357282322295,0.6219988875905309,-0.02676242151638456,-0.004006736035398864,-0.0007226284785223844
20,md_full,4.0,26.71742912928918,0.6204844696558935,-0.12506321101447931,-0.0046809597738345955,-0.0007226284785223844
20,mean_diff_tgt_asis,0.01,0.06679357282322294,0.726021857568728,-0.0011888133088821722,-0.017798318889580986,-0.017352128633114576
20,mean_diff_tgt_asis,0.1,0.6679357282322296,0.7261062515359281,-0.011851089300676966,-0.01774285878080256,-0.017352128633114576
20,mean_diff_tgt_asis,1.0,6.679357282322295,0.7262327092821983,-0.11717818145603501,-0.01754333186610048,-0.017352128633114576
20,mean_diff_tgt_asis,4.0,26.71742912928918,0.7268970221215603,-0.42952164922369973,-0.016076458821886925,-0.017352128633114576
20,probe_grad_tgt_asis,0.01,0.06679357282322294,0.9101220786733296,-0.0010528824177303995,-0.015763229502889102,0.012379494106079667
20,probe_grad_tgt_asis,0.1,0.6679357282322296,0.9109116716877917,-0.01057329421869278,-0.015829807826983962,0.012379494106079667
20,probe_grad_tgt_asis,1.0,6.679357282322295,0.9172053905632506,-0.11049067426298458,-0.01654211170218595,0.012379494106079667
20,probe_grad_tgt_asis,4.0,26.71742912928918,0.9295162357303739,-0.492458692917184,-0.01843211375368907,0.012379494106079667
20,jtw,0.01,0.06679357282322294,5.718781249805296,0.03609450267402257,0.5403888600112906,0.05038379191928334
20,jtw,0.1,0.6679357282322296,5.751167767726414,0.3556277240127318,0.5324280600379656,0.05038379191928334
20,jtw,1.0,6.679357282322295,5.854320187625343,2.9731123088338522,0.44511952021230305,0.05038379191928334
20,jtw,4.0,26.71742912928918,5.457023664206343,5.940525704400251,0.22234645690097127,0.05038379191928334
1271,random0,0.01,0.08991511847550049,0.6441292827501277,-0.0009515164067220995,-0.010582385063323502,-0.0027201306360455646
1271,random0,0.1,0.8991511847550049,0.643732972352292,-0.00943895853107703,-0.010497632312689327,-0.0027201306360455646
1271,random0,1.0,8.991511847550049,0.6431937175089927,-0.09229338102694125,-0.010264500852778032,-0.0027201306360455646
1271,random0,4.0,35.966047390200195,0.6388206102818986,-0.33633557599371355,-0.009351474526649159,-0.0027201306360455646
1271,random1,0.01,0.08991511847550049,0.7255417514287,-0.0009877154836731156,-0.010984976724934663,-0.04285108197620964
1271,random1,0.1,0.8991511847550049,0.7270986165336256,-0.00974036969304488,-0.010832849756739047,-0.04285108197620964
1271,random1,1.0,8.991511847550049,0.7460441105740533,-0.08848243569931773,-0.009840662749438168,-0.04285108197620964
1271,random1,4.0,35.966047390200195,0.8007222942674705,-0.24796217271845206,-0.006894340376863743,-0.04285108197620964
1271,random2,0.01,0.08991511847550049,0.7005324362997747,-0.00011141832962413599,-0.001239150117502148,0.009191708571768131
1271,random2,0.1,0.8991511847550049,0.700972349455954,-0.00103332276126944,-0.001149220263276407,0.009191708571768131
1271,random2,1.0,8.991511847550049,0.704454779257514,-0.004259048112947722,-0.0004736743036276153,0.009191708571768131
1271,random2,4.0,35.966047390200195,0.709730970182704,0.026632794148797212,0.000740498222110833,0.009191708571768131
1271,random3,0.01,0.08991511847550049,0.748338184054444,0.0017046000559769933,0.018957880330674894,0.0013588918414095368
1271,random3,0.1,0.8991511847550049,0.7479171633778714,0.01723079038372069,0.01916339618505383,0.0013588918414095368
1271,random3,1.0,8.991511847550049,0.740223634181892,0.1885014444862352,0.020964377034947343,0.0013588918414095368
1271,random3,4.0,35.966047390200195,0.7102947602353976,0.8220768315872402,0.022857024645172284,0.0013588918414095368
1271,random4,0.01,0.08991511847550049,0.6705431178638567,0.0016661103083440395,0.018529812745539682,-0.02756887301816416
1271,random4,0.1,0.8991511847550049,0.6712486964689404,0.01677053885028442,0.01865152283022788,-0.02756887301816416
1271,random4,1.0,8.991511847550049,0.6716502938956637,0.17402084570181955,0.019353902730966835,-0.02756887301816416
1271,random4,4.0,35.966047390200195,0.6659756379474052,0.7495542627524758,0.020840607104263276,-0.02756887301816416
1271,random5,0.01,0.08991511847550049,0.7547032786867763,0.0005163352539631657,0.0057424742659250745,0.012284240913234839
1271,random5,0.1,0.8991511847550049,0.7546536178668488,0.005263812990986133,0.005854202363555117,0.012284240913234839
1271,random5,1.0,8.991511847550049,0.7492069331501551,0.055498522223709615,0.006172323760973691,0.012284240913234839
1271,random5,4.0,35.966047390200195,0.7174490486573721,0.2044327772426761,0.005684049042830841,0.012284240913234839
1271,random6,0.01,0.08991511847550049,0.5817044567086053,-0.0027350992482239405,-0.030418680357621766,-0.006669622671958607
1271,random6,0.1,0.8991511847550049,0.581646709208962,-0.027289011527283448,-0.030349747617492144,-0.006669622671958607
1271,random6,1.0,8.991511847550049,0.5806769632104906,-0.27325003093733924,-0.03038977599877074,-0.006669622671958607
1271,random6,4.0,35.966047390200195,0.5834283021966372,-1.0361068940584854,-0.028807916611398265,-0.006669622671958607
1271,random7,0.01,0.08991511847550049,0.5583931093023968,-9.336439883817112e-05,-0.0010383615171859054,-0.017832955025942027
1271,random7,0.1,0.8991511847550049,0.5591505783318261,-0.000848956357524972,-0.0009441753199227451,-0.017832955025942027
1271,random7,1.0,8.991511847550049,0.5660932087017113,-0.005010239541215201,-0.0005572188110479284,-0.017832955025942027
1271,random7,4.0,35.966047390200195,0.5862207461062539,0.03489663957881987,0.0009702661846663831,-0.017832955025942027
1271,a_unit,0.01,0.08991511847550049,0.976306881747424,0.0073084468236963036,0.08128162368698501,0.9999998749370727
1271,a_unit,0.1,0.8991511847550049,0.9742011328403289,0.07252250083368135,0.08065662600827449,0.9999998749370727
1271,a_unit,1.0,8.991511847550049,0.9511056038261404,0.6770392747885986,0.07529760136756913,0.9999998749370727
1271,a_unit,4.0,35.966047390200195,0.8968541780874766,2.4803364447355776,0.06896327577579192,0.9999998749370727
1271,oracle,0.01,0.08991511847550049,0.994372955210218,0.007923615960805389,0.08812328888789003,0.9832220463465604
1271,oracle,0.1,0.8991511847550049,0.9924669509696415,0.07869047147481127,0.08751639636247864,0.9832220463465604
1271,oracle,1.0,8.991511847550049,0.9700445003666437,0.739187245338841,0.0822094501872063,0.9832220463465604
1271,oracle,4.0,35.966047390200195,0.9095446609681573,2.726737753849006,0.07581421790018467,0.9832220463465604
1271,md_full,0.01,0.08991511847550049,0.7048399842729958,-0.0025141442656724136,-0.027961307378552274,-0.0077092644660748996
1271,md_full,0.1,0.8991511847550049,0.704257029705618,-0.025107688093782186,-0.027923766903141405,-0.0077092644660748996
1271,md_full,1.0,8.991511847550049,0.6998827618648653,-0.24814910536517448,-0.027598151409074616,-0.0077092644660748996
1271,md_full,4.0,35.966047390200195,0.6838213193248093,-0.8737118133949254,-0.02429268370571599,-0.0077092644660748996
1271,mean_diff_tgt_asis,0.01,0.08991511847550049,0.7367486459104579,-0.0013170519105629793,-0.014647724797491551,-0.008599767629787387
1271,mean_diff_tgt_asis,0.1,0.8991511847550049,0.7357759211204652,-0.013005863948192578,-0.014464601914233516,-0.008599767629787387
1271,mean_diff_tgt_asis,1.0,8.991511847550049,0.7282289963893585,-0.11376835633578661,-0.012652861750583746,-0.008599767629787387
1271,mean_diff_tgt_asis,4.0,35.966047390200195,0.709270259734354,-0.22026920216028156,-0.00612436500932541,-0.008599767629787387
1271,probe_grad_tgt_asis,0.01,0.08991511847550049,1.180586079806382,0.0009950134800554545,0.011066142122990914,0.01429074378105617
1271,probe_grad_tgt_asis,0.1,0.8991511847550049,1.1816735720174252,0.009965942704968788,0.011083723042287094,0.01429074378105617
1271,probe_grad_tgt_asis,1.0,8.991511847550049,1.1887359906678336,0.10140362571459097,0.011277705844565038,0.01429074378105617
1271,probe_grad_tgt_asis,4.0,35.966047390200195,1.1762299664965068,0.2998785231822942,0.008337822611666892,0.01429074378105617
1271,jtw,0.01,0.08991511847550049,5.838910323703643,0.07472182025142726,0.8310262113683029,0.09746948144870407
1271,jtw,0.1,0.8991511847550049,5.8303926489328886,0.7191239331859721,0.7997808882183862,0.09746948144870407
1271,jtw,1.0,8.991511847550049,5.154933873392926,4.9285494945026596,0.5481335706459154,0.09746948144870407
1271,jtw,4.0,35.966047390200195,3.1323261761798418,9.061050904065592,0.2519334639628621,0.09746948144870407
1190,random0,0.01,0.061554800188072,0.5842896135066735,-0.00012330683676540073,-0.0020032042405897527,-0.0027201306360455646
1190,random0,0.1,0.61554800188072,0.5846488162058556,-0.001263282263663298,-0.0020522887895071014,-0.0027201306360455646
1190,random0,1.0,6.1554800188072,0.5854858669074644,-0.015126659314583686,-0.0024574296835285494,-0.0027201306360455646
1190,random0,4.0,24.6219200752288,0.5903466166752575,-0.09349671839286906,-0.003797295991019508,-0.0027201306360455646
1190,random1,0.01,0.061554800188072,0.686311045681635,-0.001960818802416194,-0.03185484797977069,-0.04285108197620964
1190,random1,0.1,0.61554800188072,0.6875801462038571,-0.01966314063755604,-0.03194412227393816,-0.04285108197620964
1190,random1,1.0,6.1554800188072,0.7012873426205709,-0.20303006356938808,-0.032983628075967816,-0.04285108197620964
1190,random1,4.0,24.6219200752288,0.7488887484442484,-0.9079439737221734,-0.03687543339220007,-0.04285108197620964
1190,random2,0.01,0.061554800188072,0.7077501668938301,-0.0004147933810383664,-0.006738603322097119,0.009191708571768131
1190,random2,0.1,0.61554800188072,0.7081451314745637,-0.0041734893103884604,-0.006780119986803552,0.009191708571768131
1190,random2,1.0,6.1554800188072,0.7097465265020493,-0.04521601486907638,-0.007345652123136657,0.009191708571768131
1190,random2,4.0,24.6219200752288,0.7129340030598762,-0.23026191972901283,-0.009351907528961187,0.009191708571768131
1190,random3,0.01,0.061554800188072,0.6917926301340908,-0.00042432187550518047,-0.006893400258123248,0.0013588918414095368
1190,random3,0.1,0.61554800188072,0.6912495629050733,-0.004243004271737051,-0.006893051815249421,0.0013588918414095368
1190,random3,1.0,6.1554800188072,0.6875830091997162,-0.04451711702224756,-0.007232111368444345,0.0013588918414095368
1190,random3,4.0,24.6219200752288,0.6781021003231985,-0.20332411919627064,-0.00825784985797381,0.0013588918414095368
1190,random4,0.01,0.061554800188072,0.5936263509793066,-0.000454295590506541,-0.007380343841885685,-0.02756887301816416
1190,random4,0.1,0.61554800188072,0.5929029957885265,-0.004512753097772571,-0.007331277307349697,-0.02756887301816416
1190,random4,1.0,6.1554800188072,0.5888940925046323,-0.04494120944976232,-0.007301008095623867,-0.02756887301816416
1190,random4,4.0,24.6219200752288,0.5790096401917176,-0.1819862636822407,-0.0073912295680518564,-0.02756887301816416
1190,random5,0.01,0.061554800188072,0.5417191844541411,-0.00046972791476728197,-0.007631052547195257,0.012284240913234839
1190,random5,0.1,0.61554800188072,0.5419433330562228,-0.004624574014600385,-0.007512938065708364,0.012284240913234839
1190,random5,1.0,6.1554800188072,0.5420317546180221,-0.04428390814886146,-0.0071942249854695705,0.012284240913234839
1190,random5,4.0,24.6219200752288,0.5454159196129623,-0.15753476475764688,-0.006398151089611275,0.012284240913234839
1190,random6,0.01,0.061554800188072,0.6099898980972545,-0.0005320344754492121,-0.008643265412667345,-0.006669622671958607
1190,random6,0.1,0.61554800188072,0.6098013047243805,-0.005309130498383682,-0.0086250470835132,-0.006669622671958607
1190,random6,1.0,6.1554800188072,0.6074370610410894,-0.053966867357385234,-0.008767288203762678,-0.006669622671958607
1190,random6,4.0,24.6219200752288,0.6008417074881439,-0.22139709444653338,-0.008991869593032786,-0.006669622671958607
1190,random7,0.01,0.061554800188072,0.4962621282685761,0.0008985424545725294,0.014597439222077884,-0.017832955025942027
1190,random7,0.1,0.61554800188072,0.49611618044383426,0.008952878760226874,0.014544566358549808,-0.017832955025942027
1190,random7,1.0,6.1554800188072,0.49557082638931915,0.08866732018654754,0.014404615060992328,-0.017832955025942027
1190,random7,4.0,24.6219200752288,0.4971564464844323,0.3398153308171469,0.013801333518218283,-0.017832955025942027
1190,a_unit,0.01,0.061554800188072,0.893471012605332,0.0036544793621738157,0.05936952684450392,0.9999998749370727
1190,a_unit,0.1,0.61554800188072,0.8923836226057935,0.03638000825085013,0.059101821693346664,0.9999998749370727
1190,a_unit,1.0,6.1554800188072,0.8836923845189621,0.34647321461548086,0.05628695301696714,0.9999998749370727
1190,a_unit,4.0,24.6219200752288,0.8645809639864528,1.2342725533988284,0.05012901307565303,0.9999998749370727
1190,oracle,0.01,0.061554800188072,0.9224394764634253,0.003910583427961752,0.06353011326514774,0.951589883980923
1190,oracle,0.1,0.61554800188072,0.9216145910392306,0.03897147967191023,0.06331184497852056,0.951589883980923
1190,oracle,1.0,6.1554800188072,0.9119340946313237,0.37234258751491,0.06048961029477308,0.951589883980923
1190,oracle,4.0,24.6219200752288,0.886006968723212,1.3346487067581008,0.054205711929868595,0.951589883980923
1190,md_full,0.01,0.061554800188072,0.6732199400617753,0.0006122019318557644,0.009945640794629628,-0.0077092644660748996
1190,md_full,0.1,0.61554800188072,0.6718832395046765,0.006129318546151236,0.00995749889110836,-0.0077092644660748996
1190,md_full,1.0,6.1554800188072,0.6612961121071944,0.06115073630124635,0.009934357046795524,-0.0077092644660748996
1190,md_full,4.0,24.6219200752288,0.6312654133813056,0.25538428440765215,0.010372232694581152,-0.0077092644660748996
1190,mean_diff_tgt_asis,0.01,0.061554800188072,0.7526717663506615,0.00012016664380731199,0.0019521896495506405,-0.008599767629787387
1190,mean_diff_tgt_asis,0.1,0.61554800188072,0.7509937880075482,0.0012480358511328562,0.0020275199453489556,-0.008599767629787387
1190,mean_diff_tgt_asis,1.0,6.1554800188072,0.7375797251977976,0.01540541912454017,0.0025027161289568134,-0.008599767629787387
1190,mean_diff_tgt_asis,4.0,24.6219200752288,0.6984851505086677,0.1073490474104476,0.004359897484942594,-0.008599767629787387
1190,probe_grad_tgt_asis,0.01,0.061554800188072,0.8389372643374835,0.00028417683124487255,0.004616647773636018,0.01429074378105617
1190,probe_grad_tgt_asis,0.1,0.61554800188072,0.8386182267468398,0.00288478476016111,0.004686530946972547,0.01429074378105617
1190,probe_grad_tgt_asis,1.0,6.1554800188072,0.837385470081738,0.028986933224576475,0.004709126361552794,0.01429074378105617
1190,probe_grad_tgt_asis,4.0,24.6219200752288,0.8405283623126114,0.12220493682662092,0.004963257798467422,0.01429074378105617
1190,jtw,0.01,0.061554800188072,5.568026387574718,0.03454262930561741,0.5611687342023252,0.10563841131837878
1190,jtw,0.1,0.61554800188072,5.542134955991775,0.33712354138036116,0.5476803439379672,0.10563841131837878
1190,jtw,1.0,6.1554800188072,5.199149426953689,2.6639153859934064,0.43277134810838297,0.10563841131837878
1190,jtw,4.0,24.6219200752288,4.330066585911804,5.875744935479659,0.23863877867880126,0.10563841131837878
86,random0,0.01,0.04220854146276227,0.5991269426261399,-0.0002657947557568015,-0.006297179351513347,-0.018836843037210012
86,random0,0.1,0.4220854146276227,0.5986830012734637,-0.0026575192068301963,-0.006296164507780362,-0.018836843037210012
86,random0,1.0,4.220854146276227,0.593090587238571,-0.02704610562187315,-0.006407732815343571,-0.018836843037210012
86,random0,4.0,16.883416585104907,0.5749285247334331,-0.11534795960447686,-0.0068320270973021265,-0.018836843037210012
86,random1,0.01,0.04220854146276227,0.6385232036176813,-0.0003414364161062041,-0.008089273030375387,-0.03292832111463371
86,random1,0.1,0.4220854146276227,0.6389561552079562,-0.0033718057411676293,-0.007988444102344413,-0.03292832111463371
86,random1,1.0,4.220854146276227,0.6421319603678179,-0.034025197766956,-0.008061211448629212,-0.03292832111463371
86,random1,4.0,16.883416585104907,0.6513660448970233,-0.13972677728939298,-0.008275977589314738,-0.03292832111463371
86,random2,0.01,0.04220854146276227,0.5890427885227809,-0.00011923132147618318,-0.002824815010046554,0.001196914480027564
86,random2,0.1,0.4220854146276227,0.5888794996053669,-0.0011697190638509075,-0.002771285202742367,0.001196914480027564
86,random2,1.0,4.220854146276227,0.5895112525279581,-0.012565152598487686,-0.0029769217705788455,0.001196914480027564
86,random2,4.0,16.883416585104907,0.592148984378744,-0.06400455799639683,-0.003790971908663541,0.001196914480027564
86,random3,0.01,0.04220854146276227,0.6579615798934337,7.849240634560592e-05,0.0018596332312229846,0.01872252736263025
86,random3,0.1,0.4220854146276227,0.6578565964114591,0.0008134729287387127,0.0019272708806021752,0.01872252736263025
86,random3,1.0,4.220854146276227,0.6588675962925735,0.008081713441287847,0.0019147104261865563,0.01872252736263025
86,random3,4.0,16.883416585104907,0.6633691370434366,0.029700638115493144,0.0017591604143497828,0.01872252736263025
86,random4,0.01,0.04220854146276227,0.5717156074263412,-0.0001581390600172298,-0.0037466127598070444,-0.019897432737398267
86,random4,0.1,0.4220854146276227,0.571444746024284,-0.0015639324996938988,-0.003705251225213859,-0.019897432737398267
86,random4,1.0,4.220854146276227,0.5714420290588895,-0.015822348595390553,-0.003748612969569095,-0.019897432737398267
86,random4,4.0,16.883416585104907,0.5713775719319724,-0.06510290770390664,-0.0038560268518957543,-0.019897432737398267
86,random5,0.01,0.04220854146276227,0.5932478522533252,0.00029494480528209025,0.006987799034522433,0.020173401902866893
86,random5,0.1,0.4220854146276227,0.5926736625173245,0.0029828638134051706,0.007066967277314589,0.020173401902866893
86,random5,1.0,4.220854146276227,0.5942808796637769,0.02882103714786497,0.006828247589007978,0.020173401902866893
86,random5,4.0,16.883416585104907,0.6003464603894285,0.09968160030767878,0.005904113057046824,0.020173401902866893
86,random6,0.01,0.04220854146276227,0.5562495235798152,-0.0003276012591207791,-0.007761492052735332,0.006974038469949774
86,random6,0.1,0.4220854146276227,0.5556803317692559,-0.0032537987264938343,-0.0077088632151964785,0.006974038469949774
86,random6,1.0,4.220854146276227,0.5543796264001939,-0.034146155469424996,-0.008089868610965823,0.006974038469949774
86,random6,4.0,16.883416585104907,0.5502946215003768,-0.154565628370606,-0.009154878551475698,0.006974038469949774
86,random7,0.01,0.04220854146276227,0.515512482639396,3.0286084210975135e-05,0.0007175344885511975,-0.024023525539284697
86,random7,0.1,0.4220854146276227,0.5155364906668719,0.000335257169496523,0.0007942875017188111,-0.024023525539284697
86,random7,1.0,4.220854146276227,0.5172674591399908,0.0031429158245133374,0.0007446160695427296,-0.024023525539284697
86,random7,4.0,16.883416585104907,0.5236015682835116,0.009032320565630199,0.0005349817982693623,-0.024023525539284697
86,a_unit,0.01,0.04220854146276227,0.9013866712476558,0.0022755646099623457,0.053912419882357746,1.0000001550370041
86,a_unit,0.1,0.4220854146276227,0.901330283821253,0.022717539053792868,0.0538221370995134,1.0000001550370041
86,a_unit,1.0,4.220854146276227,0.8971484820331603,0.22284949369114798,0.052797250501477995,1.0000001550370041
86,a_unit,4.0,16.883416585104907,0.8854865115757322,0.840182130207412,0.04976375048096886,1.0000001550370041
86,oracle,0.01,0.04220854146276227,0.8598066011073132,0.002293861588783911,0.05434590983930656,0.9792580848441803
86,oracle,0.1,0.4220854146276227,0.8594007216555631,0.022955322696703577,0.0543854914222883,0.9792580848441803
86,oracle,1.0,4.220854146276227,0.8555293508545526,0.2257244503673887,0.053478381992073824,0.9792580848441803
86,oracle,4.0,16.883416585104907,0.8446845305693972,0.8567734855949563,0.050746451778654174,0.9792580848441803
86,md_full,0.01,0.04220854146276227,0.6151532622027371,-0.00014504758107021498,-0.0034364509183095232,-0.0007226284785223844
86,md_full,0.1,0.4220854146276227,0.6148087565606611,-0.001429009205978817,-0.003385592480705676,-0.0007226284785223844
86,md_full,1.0,4.220854146276227,0.6147833899740797,-0.015567519339470426,-0.003688239109897837,-0.0007226284785223844
86,md_full,4.0,16.883416585104907,0.6144861437945434,-0.07992849211847394,-0.004734142033135013,-0.0007226284785223844
86,mean_diff_tgt_asis,0.01,0.04220854146276227,0.7286960009106909,-0.00014451989285403275,-0.0034239489886551244,-0.017352128633114576
86,mean_diff_tgt_asis,0.1,0.4220854146276227,0.7280604864272603,-0.00141096023452068,-0.0033428310612568174,-0.017352128633114576
86,mean_diff_tgt_asis,1.0,4.220854146276227,0.7259260433479024,-0.013618861806321929,-0.003226565366713021,-0.017352128633114576
86,mean_diff_tgt_asis,4.0,16.883416585104907,0.7189884737386721,-0.04799722335401038,-0.0028428619949089616,-0.017352128633114576
86,probe_grad_tgt_asis,0.01,0.04220854146276227,0.9525165409847377,-9.02528567943093e-05,-0.0021382604957798238,0.012379494106079667
86,probe_grad_tgt_asis,0.1,0.4220854146276227,0.9525719284888511,-0.0008834869806865634,-0.0020931473821856742,0.012379494106079667
86,probe_grad_tgt_asis,1.0,4.220854146276227,0.9583058489177991,-0.011976382436206506,-0.0028374310083120156,0.012379494106079667
86,probe_grad_tgt_asis,4.0,16.883416585104907,0.9754173518211767,-0.09585367798114273,-0.0056773862978485015,0.012379494106079667
86,jtw,0.01,0.04220854146276227,4.096823454658438,0.020344932468391724,0.4820098435844005,0.11179747043305424
86,jtw,0.1,0.4220854146276227,4.09859121165223,0.2016450296996908,0.4777351282739502,0.11179747043305424
86,jtw,1.0,4.220854146276227,4.0623967332686455,1.8235767515051644,0.43203974558419234,0.11179747043305424
86,jtw,4.0,16.883416585104907,3.647795209872787,4.991489427106501,0.2956445102178047,0.11179747043305424
484,random0,0.01,0.030886777809979397,0.6459278719339557,-0.00010574168040845589,-0.003423525790193989,-0.018836843037210012
484,random0,0.1,0.308867778099794,0.6456296470093602,-0.0010981360157159001,-0.0035553595861368766,-0.018836843037210012
484,random0,1.0,3.0886777809979398,0.6459697552072952,-0.01193061421193897,-0.0038626930543995547,-0.018836843037210012
484,random0,4.0,12.354711123991759,0.6462011586652135,-0.06020781784632735,-0.004873267957630274,-0.018836843037210012
484,random1,0.01,0.030886777809979397,0.7440482921277913,-0.0006611830747487121,-0.021406670479401268,-0.03292832111463371
484,random1,0.1,0.308867778099794,0.7449472567509074,-0.006642250627183272,-0.021505158835432768,-0.03292832111463371
484,random1,1.0,3.0886777809979398,0.7481855649109173,-0.06855571611075764,-0.022195813539542333,-0.03292832111463371
484,random1,4.0,12.354711123991759,0.756853296261067,-0.3020438355958399,-0.02444766474622765,-0.03292832111463371
484,random2,0.01,0.030886777809979397,0.7533258146626365,-0.0002349489995530912,-0.007606782455539279,0.001196914480027564
484,random2,0.1,0.308867778099794,0.7536903347279127,-0.0024000942038037475,-0.007770620226459124,0.001196914480027564
484,random2,1.0,3.0886777809979398,0.7558249868560236,-0.02532729267136357,-0.008200043665021096,0.001196914480027564
484,random2,4.0,12.354711123991759,0.7617389497354558,-0.12033153876474491,-0.009739729044013962,0.001196914480027564
484,random3,0.01,0.030886777809979397,0.6765379485322421,-0.0002714395316788078,-0.00878821136179206,0.01872252736263025
484,random3,0.1,0.308867778099794,0.6764625807670297,-0.0027382161272722313,-0.008865334364491476,0.01872252736263025
484,random3,1.0,3.0886777809979398,0.6771905041657101,-0.028518921672633497,-0.009233375474802408,0.01872252736263025
484,random3,4.0,12.354711123991759,0.6798820259432042,-0.1288847705412549,-0.010432034326644194,0.01872252736263025
484,random4,0.01,0.030886777809979397,0.6732533666850437,1.6368458086850302e-05,0.0005299503297997539,-0.019897432737398267
484,random4,0.1,0.308867778099794,0.6731760035905916,0.00013605405756087234,0.0004404928814455802,-0.019897432737398267
484,random4,1.0,3.0886777809979398,0.6723496968105422,0.00036920639655402395,0.00011953542024533709,-0.019897432737398267
484,random4,4.0,12.354711123991759,0.6683129918735609,-0.012190582906296779,-0.0009867153334426203,-0.019897432737398267
484,random5,0.01,0.030886777809979397,0.6090740107908632,0.00026443953680506144,0.008561577333574176,0.020173401902866893
484,random5,0.1,0.308867778099794,0.6093381832887895,0.002627135297367054,0.008505695587703022,0.020173401902866893
484,random5,1.0,3.0886777809979398,0.6081448102045828,0.025291266359320212,0.008188379673307555,0.020173401902866893
484,random5,4.0,12.354711123991759,0.6041816397889236,0.08754367843894567,0.007085853935422543,0.020173401902866893
484,random6,0.01,0.030886777809979397,0.6241696631161538,-2.015401801017935e-05,-0.0006525128044812646,0.006974038469949774
484,random6,0.1,0.308867778099794,0.6243655204706844,-0.000205312638610093,-0.0006647266343974452,0.006974038469949774
484,random6,1.0,3.0886777809979398,0.6247948015721044,-0.003183340324066624,-0.0010306482416686726,0.006974038469949774
484,random6,4.0,12.354711123991759,0.6265621872534386,-0.027775575968863035,-0.0022481768849233,0.006974038469949774
484,random7,0.01,0.030886777809979397,0.576257442705469,-1.5133568778665353e-05,-0.0004899691664753634,-0.024023525539284697
484,random7,0.1,0.308867778099794,0.5754718676834479,-0.0001378143556176963,-0.0004461920776118285,-0.024023525539284697
484,random7,1.0,3.0886777809979398,0.5744210256214012,-0.0017114752275296432,-0.0005541125843747522,-0.024023525539284697
484,random7,4.0,12.354711123991759,0.5718173860663855,-0.011621385903014939,-0.0009406440819524491,-0.024023525539284697
484,a_unit,0.01,0.030886777809979397,0.8033475393944184,0.0018906157240356127,0.06121116730489,1.0000001550370041
484,a_unit,0.1,0.308867778099794,0.8021346199029104,0.018870914252559375,0.061097063502889105,1.0000001550370041
484,a_unit,1.0,3.0886777809979398,0.7984248439092072,0.18557093786114154,0.06008102852385731,1.0000001550370041
484,a_unit,4.0,12.354711123991759,0.7887769041927848,0.7056358050570243,0.05711471502451739,1.0000001550370041
484,oracle,0.01,0.030886777809979397,0.7985978210521252,0.0018611756109805108,0.06025800497645864,0.9550020921194293
484,oracle,0.1,0.308867778099794,0.7975912361035548,0.018569953407504766,0.060122663237163206,0.9550020921194293
484,oracle,1.0,3.0886777809979398,0.7954633573525745,0.1829361921449899,0.059227994992046056,0.9550020921194293
484,oracle,4.0,12.354711123991759,0.7892329619306436,0.6983726600931747,0.05652683037946525,0.9550020921194293
484,md_full,0.01,0.030886777809979397,0.6648041166427092,0.00014956600120137479,0.004842395737151015,-0.0007226284785223844
484,md_full,0.1,0.308867778099794,0.6649644775580511,0.0014691360042613723,0.0047565207782428506,-0.0007226284785223844
484,md_full,1.0,3.0886777809979398,0.6640671191259323,0.013253810439375735,0.004291095212623144,-0.0007226284785223844
484,md_full,4.0,12.354711123991759,0.6612740651882626,0.03399310582665388,0.002751428623907059,-0.0007226284785223844
484,mean_diff_tgt_asis,0.01,0.030886777809979397,0.7694794271859741,-9.531700005707493e-05,-0.0030860130714664056,-0.017352128633114576
484,mean_diff_tgt_asis,0.1,0.308867778099794,0.7696976593599703,-0.0009532388054117537,-0.0030862358361763652,-0.017352128633114576
484,mean_diff_tgt_asis,1.0,3.0886777809979398,0.7698877988215684,-0.010316165060455799,-0.0033399939365389825,-0.017352128633114576
484,mean_diff_tgt_asis,4.0,12.354711123991759,0.7704317398771846,-0.05115737941466943,-0.004140718378702219,-0.017352128633114576
484,probe_grad_tgt_asis,0.01,0.030886777809979397,1.1190359738336781,-9.596465577961527e-05,-0.003106981776150488,0.012379494106079667
484,probe_grad_tgt_asis,0.1,0.308867778099794,1.119853761463974,-0.0010175716672869315,-0.0032945219263310725,0.012379494106079667
484,probe_grad_tgt_asis,1.0,3.0886777809979398,1.123780612578776,-0.013206660147107438,-0.004275829686203271,0.012379494106079667
484,probe_grad_tgt_asis,4.0,12.354711123991759,1.1336569410406405,-0.0938589683541697,-0.007597018450063463,0.012379494106079667
484,jtw,0.01,0.030886777809979397,8.325702507920234,0.01722541688460201,0.5576954964540375,0.1094908871619556
484,jtw,0.1,0.308867778099794,8.269063521827075,0.16847671730423913,0.545465500936148,0.1094908871619556
484,jtw,1.0,3.0886777809979398,7.5933234385757,1.3514339269167004,0.4375444843197782,0.1094908871619556
484,jtw,4.0,12.354711123991759,5.38559988802856,3.1240540475738565,0.25286338273885006,0.1094908871619556
1139,random0,0.01,0.103142528590084,0.5935260021159244,-0.0020884252081730644,-0.020247954328064078,-0.022241398546016297
1139,random0,0.1,1.0314252859008401,0.5925840630462875,-0.020822343651847562,-0.020187932113436082,-0.022241398546016297
1139,random0,1.0,10.3142528590084,0.5832300169220218,-0.2010567693319569,-0.01949310067149995,-0.022241398546016297
1139,random0,4.0,41.2570114360336,0.5507239410145077,-0.6633710379330949,-0.016078989118288655,-0.022241398546016297
1139,random1,0.01,0.103142528590084,0.5669211910567704,0.0005569479044025356,0.005399789126908024,-0.016082405710014572
1139,random1,0.1,1.0314252859008401,0.5667781154914118,0.005539453847179888,0.005370678732528614,-0.016082405710014572
1139,random1,1.0,10.3142528590084,0.5636496307046794,0.05123303350584846,0.004967207436756009,-0.016082405710014572
1139,random1,4.0,41.2570114360336,0.5523156711790861,0.11135809814505943,0.0026991314753302756,-0.016082405710014572
1139,random2,0.01,0.103142528590084,0.6635813314885319,0.0008989344877348293,0.008715459083880281,-0.017166864500445363
1139,random2,0.1,1.0314252859008401,0.6617573710309942,0.009071713712912696,0.00879531832011421,-0.017166864500445363
1139,random2,1.0,10.3142528590084,0.6480667633400444,0.10075209363826733,0.009768239640379877,-0.017166864500445363
1139,random2,4.0,41.2570114360336,0.6120640786776654,0.48812097051369224,0.011831224645791252,-0.017166864500445363
1139,random3,0.01,0.103142528590084,0.5699380669002377,-0.00039874841936089213,-0.0038659942199558146,0.00883110460024658
1139,random3,0.1,1.0314252859008401,0.5703434633547393,-0.00396520869873783,-0.0038443974109812935,0.00883110460024658
1139,random3,1.0,10.3142528590084,0.5754694426268916,-0.03998410961071997,-0.003876588072571647,0.00883110460024658
1139,random3,4.0,41.2570114360336,0.5972867055207864,-0.19060865750430842,-0.004620030653452326,0.00883110460024658
1139,random4,0.01,0.103142528590084,0.540486727513119,-0.0002639085989377263,-0.0025586787772730454,-0.06111194028513024
1139,random4,0.1,1.0314252859008401,0.5410843254788603,-0.0026671629002354867,-0.0025859002457032103,-0.06111194028513024
1139,random4,1.0,10.3142528590084,0.5472703226619202,-0.027668074858978604,-0.0026825088774911593,-0.06111194028513024
1139,random4,4.0,41.2570114360336,0.5682407746340071,-0.08731767133944124,-0.002116432293570798,-0.06111194028513024
1139,random5,0.01,0.103142528590084,0.627561877386595,-0.0014190344944991161,-0.013757995987656447,-0.0026064843022571803
1139,random5,0.1,1.0314252859008401,0.6282714689344487,-0.013874177916371376,-0.013451461880977409,-0.0026064843022571803
1139,random5,1.0,10.3142528590084,0.6360522971031985,-0.10944487042286566,-0.010611032317990656,-0.0026064843022571803
1139,random5,4.0,41.2570114360336,0.6726970391122611,-0.06826653218751674,-0.0016546649844805096,-0.0026064843022571803
1139,random6,0.01,0.103142528590084,0.540875156749271,-0.0014700931612636609,-0.014253026189673943,-0.018279339941184174
1139,random6,0.1,1.0314252859008401,0.5412494431090111,-0.014684018880320553,-0.01423662875153931,-0.018279339941184174
1139,random6,1.0,10.3142528590084,0.546691137809496,-0.1476239294919096,-0.01431261493293485,-0.018279339941184174
1139,random6,4.0,41.2570114360336,0.5697122133556705,-0.5665542442266946,-0.013732314205673897,-0.018279339941184174
1139,random7,0.01,0.103142528590084,0.5803171964675516,0.0005562544384469955,0.005393065751351699,-0.01875477251246277
1139,random7,0.1,1.0314252859008401,0.5801314957233126,0.005601220841268766,0.005430563820603541,-0.01875477251246277
1139,random7,1.0,10.3142528590084,0.5764728849559624,0.06022311183981464,0.0058388244561229825,-0.01875477251246277
1139,random7,4.0,41.2570114360336,0.5621873265634937,0.2946139851993987,0.007140943440757437,-0.01875477251246277
1139,a_unit,0.01,0.103142528590084,0.6677398515210881,0.009735607377160428,0.09438984587872899,1.0000001163343066
1139,a_unit,0.1,1.0314252859008401,0.6687166161370242,0.09739570687597841,0.09442827144858451,1.0000001163343066
1139,a_unit,1.0,10.3142528590084,0.6819654240893535,0.9801199438677628,0.09502578201888201,1.0000001163343066
1139,a_unit,4.0,41.2570114360336,0.7638095138870121,4.1447355073069545,0.10046136070066795,1.0000001163343066
1139,oracle,0.01,0.103142528590084,0.7116581389256811,0.01025618272018316,0.09943699132046659,0.8884811551966123
1139,oracle,0.1,1.0314252859008401,0.7128015148053306,0.10259936871423062,0.09947338902460685,0.8884811551966123
1139,oracle,1.0,10.3142528590084,0.7285761603509245,1.032512266796087,0.10010538629507204,0.8884811551966123
1139,oracle,4.0,41.2570114360336,0.7983509398591142,4.192100115965187,0.10160939850102264,0.8884811551966123
1139,md_full,0.01,0.103142528590084,0.6539924023337966,-0.0010582087032763386,-0.010259673848815001,-0.024945914482723864
1139,md_full,0.1,1.0314252859008401,0.6539907434901254,-0.01045492733779673,-0.01013638843327897,-0.024945914482723864
1139,md_full,1.0,10.3142528590084,0.6543219286733194,-0.09294042183606718,-0.009010872925700443,-0.024945914482723864
1139,md_full,4.0,41.2570114360336,0.6565845939698686,-0.25065706859377035,-0.006075502317524825,-0.024945914482723864
1139,mean_diff_tgt_asis,0.01,0.103142528590084,0.7282448392503587,-0.003441016778715854,-0.0333617647904617,-0.013252187248143922
1139,mean_diff_tgt_asis,0.1,1.0314252859008401,0.7281358682021952,-0.03427264825793689,-0.033228435182295714,-0.013252187248143922
1139,mean_diff_tgt_asis,1.0,10.3142528590084,0.7263058317629849,-0.32883134089756605,-0.031881256489690084,-0.013252187248143922
1139,mean_diff_tgt_asis,4.0,41.2570114360336,0.7174299412313456,-1.1060088163251673,-0.02680777831035979,-0.013252187248143922
1139,probe_grad_tgt_asis,0.01,0.103142528590084,1.1129642621125846,-0.00239569631906922,-0.023227046610330426,0.02111720438699441
1139,probe_grad_tgt_asis,0.1,1.0314252859008401,1.1115473566861003,-0.023945622295006207,-0.023216051247078217,0.02111720438699441
1139,probe_grad_tgt_asis,1.0,10.3142528590084,1.0969508423499217,-0.23630596118165803,-0.022910623232905325,0.02111720438699441
1139,probe_grad_tgt_asis,4.0,41.2570114360336,1.0281787789530052,-0.8684467096786396,-0.021049675666040706,0.02111720438699441
1139,jtw,0.01,0.103142528590084,4.262739041525235,0.07637945650573627,0.7405234053286464,0.1272153494187419
1139,jtw,0.1,1.0314252859008401,4.245604908655095,0.7496817217781688,0.726840549699537,0.1272153494187419
1139,jtw,1.0,10.3142528590084,3.88118639927853,6.000932311099196,0.5818096951014752,0.1272153494187419
1139,jtw,4.0,41.2570114360336,2.371231526699881,11.528381756981712,0.27942842575632854,0.1272153494187419
928,random0,0.01,0.07473190977432029,0.5621475419001235,-0.001167433747555679,-0.01562162336117413,-0.018836843037210012
928,random0,0.1,0.7473190977432029,0.5616718870694667,-0.011605777221422116,-0.01552988175529022,-0.018836843037210012
928,random0,1.0,7.473190977432028,0.5595667212132719,-0.11332564599690687,-0.015164291443793443,-0.018836843037210012
928,random0,4.0,29.892763909728114,0.5506765620363154,-0.401345195871501,-0.01342616551227937,-0.018836843037210012
928,random1,0.01,0.07473190977432029,0.617184845866814,-0.0007532394880629959,-0.010079221718509158,-0.03292832111463371
928,random1,0.1,0.7473190977432029,0.6182058656690854,-0.007492132230021376,-0.01002534560222875,-0.03292832111463371
928,random1,1.0,7.473190977432028,0.628773452613737,-0.07249884022328262,-0.009701189283429099,-0.03292832111463371
928,random1,4.0,29.892763909728114,0.6672013958980892,-0.2682961410162216,-0.008975287190787634,-0.03292832111463371
928,random2,0.01,0.07473190977432029,0.652568285352972,-0.00056977336924613,-0.0076242313486536645,0.001196914480027564
928,random2,0.1,0.7473190977432029,0.6524864334133476,-0.005691439029883107,-0.007615808356926032,0.001196914480027564
928,random2,1.0,7.473190977432028,0.6500389798971123,-0.05548158232961481,-0.007424081961395244,0.001196914480027564
928,random2,4.0,29.892763909728114,0.6410047191344564,-0.2201006603245571,-0.007363008017232188,0.001196914480027564
928,random3,0.01,0.07473190977432029,0.6784915574386483,0.0001234099794481259,0.0016513692721195864,0.01872252736263025
928,random3,0.1,0.7473190977432029,0.6782240617569916,0.001301637128043777,0.001741742091128857,0.01872252736263025
928,random3,1.0,7.473190977432028,0.6751784154639854,0.015706417770474553,0.0021017016449741076,0.01872252736263025
928,random3,4.0,29.892763909728114,0.6667550275712768,0.09285218799319507,0.0031061760723630457,0.01872252736263025
928,random4,0.01,0.07473190977432029,0.5574548929696825,0.0001623766095439727,0.0021727881708673963,-0.019897432737398267
928,random4,0.1,0.7473190977432029,0.5575951094330802,0.0016631063876973253,0.002225430064238515,-0.019897432737398267
928,random4,1.0,7.473190977432028,0.5605029598036287,0.020469331091728597,0.0027390349254479193,-0.019897432737398267
928,random4,4.0,29.892763909728114,0.5704157480384449,0.12775093368213902,0.004273640740211532,-0.019897432737398267
928,random5,0.01,0.07473190977432029,0.5555240252414869,0.0007851989754825883,0.010506876886376613,0.020173401902866893
928,random5,0.1,0.7473190977432029,0.5556232533595443,0.007943783876098162,0.010629708112755657,0.020173401902866893
928,random5,1.0,7.473190977432028,0.5557442406364789,0.08341271829230061,0.011161593293172237,0.020173401902866893
928,random5,4.0,29.892763909728114,0.5604046296562264,0.37394201447569275,0.012509449296991885,0.020173401902866893
928,random6,0.01,0.07473190977432029,0.5882960529416841,-3.062093981879611e-05,-0.00040974384183766995,0.006974038469949774
928,random6,0.1,0.7473190977432029,0.5883914627487966,-0.00024552581886622214,-0.00032854214432318814,0.006974038469949774
928,random6,1.0,7.473190977432028,0.5918185726862984,0.0011354745104924513,0.00015193971543366448,0.006974038469949774
928,random6,4.0,29.892763909728114,0.6046018183967151,0.040904670748903055,0.0013683803502556448,0.006974038469949774
928,random7,0.01,0.07473190977432029,0.46015998898546573,-2.8531949297499375e-05,-0.00038179071542078605,-0.024023525539284697
928,random7,0.1,0.7473190977432029,0.4600954622872142,-0.00020822729180041332,-0.00027863237060210295,-0.024023525539284697
928,random7,1.0,7.473190977432028,0.46084898549209574,0.00033988692832866846,4.548082999017134e-05,-0.024023525539284697
928,random7,4.0,29.892763909728114,0.4680062727427139,0.022572512608371814,0.0007551162775224662,-0.024023525539284697
928,a_unit,0.01,0.07473190977432029,0.7014104909857035,0.0038267049520905377,0.05120576957884043,1.0000001550370041
928,a_unit,0.1,0.7473190977432029,0.7012878003146407,0.03829095506378017,0.051237757979708254,1.0000001550370041
928,a_unit,1.0,7.473190977432028,0.7033363315246934,0.38464078228845183,0.051469416939833625,1.0000001550370041
928,a_unit,4.0,29.892763909728114,0.7214029539170523,1.5995287188763023,0.05350889344681044,1.0000001550370041
928,oracle,0.01,0.07473190977432029,0.6332884461312983,0.004107357443999737,0.054961226822696906,0.837293855822471
928,oracle,0.1,0.7473190977432029,0.6336221793438211,0.04116825479979045,0.055087920172403874,0.837293855822471
928,oracle,1.0,7.473190977432028,0.6370464469639964,0.41706683590288496,0.055808400609909124,0.837293855822471
928,oracle,4.0,29.892763909728114,0.6491607581753632,1.7465216890038961,0.05842623633860498,0.837293855822471
928,md_full,0.01,0.07473190977432029,0.6435970365442822,-0.0004422773660012696,-0.005918186318761078,-0.0007226284785223844
928,md_full,0.1,0.7473190977432029,0.6430561157931992,-0.004399261205171156,-0.005886723915468369,-0.0007226284785223844
928,md_full,1.0,7.473190977432028,0.6389043692331086,-0.04495430263449138,-0.006015409317150728,-0.0007226284785223844
928,md_full,4.0,29.892763909728114,0.6268295434708008,-0.19595216968492055,-0.006555170685342719,-0.0007226284785223844
928,mean_diff_tgt_asis,0.01,0.07473190977432029,0.760035385273805,-0.0002534192597919956,-0.003391044877044968,-0.017352128633114576
928,mean_diff_tgt_asis,0.1,0.7473190977432029,0.7595401366719672,-0.0024613969475878617,-0.0032936358177128476,-0.017352128633114576
928,mean_diff_tgt_asis,1.0,7.473190977432028,0.7508972087662332,-0.018419737432057263,-0.0024647754202565203,-0.017352128633114576
928,mean_diff_tgt_asis,4.0,29.892763909728114,0.7206344738823401,0.00660968646666258,0.00022111325960432737,-0.017352128633114576
928,probe_grad_tgt_asis,0.01,0.07473190977432029,0.9789256050342363,-0.0007524029759072797,-0.010068028211502014,0.012379494106079667
928,probe_grad_tgt_asis,0.1,0.7473190977432029,0.9790755622759071,-0.007571042144370173,-0.010130936259000526,0.012379494106079667
928,probe_grad_tgt_asis,1.0,7.473190977432028,0.9807219486809711,-0.07787526427183825,-0.010420617445347034,0.012379494106079667
928,probe_grad_tgt_asis,4.0,29.892763909728114,0.9822430599043086,-0.3641744706223732,-0.012182696512176933,0.012379494106079667
928,jtw,0.01,0.07473190977432029,5.1989100556487715,0.04384485939767743,0.586695288934575,0.08711167257619534
928,jtw,0.1,0.7473190977432029,5.141643238452156,0.4289271221786991,0.5739544506141993,0.08711167257619534
928,jtw,1.0,7.473190977432028,4.520202044297217,3.43524147687,0.45967532306399495,0.08711167257619534
928,jtw,4.0,29.892763909728114,3.138597205395236,7.484589011679448,0.2503812974364579,0.08711167257619534
134,random0,0.01,0.07461360205650329,0.6588055330522152,0.0003583564611302656,0.004802830197889252,0.008733427103658141
134,random0,0.1,0.7461360205650329,0.657546282408505,0.003549925263500524,0.004757745458813584,0.008733427103658141
134,random0,1.0,7.461360205650329,0.6497865419817564,0.032227716765606734,0.004319281723083329,0.008733427103658141
134,random0,4.0,29.845440822601315,0.6225975358148671,0.0771980932622971,0.002586595846285394,0.008733427103658141
134,random1,0.01,0.07461360205650329,0.6923687827918296,-0.0004995833997054063,-0.006695607582744531,-0.012424503346858632
134,random1,0.1,0.7461360205650329,0.6928056725539311,-0.004968987526389811,-0.006659626917122836,-0.012424503346858632
134,random1,1.0,7.461360205650329,0.6963181533201492,-0.04542366109716475,-0.0060878525959336995,-0.012424503346858632
134,random1,4.0,29.845440822601315,0.7015024090980084,-0.11648114943154203,-0.003902812162296271,-0.012424503346858632
134,random2,0.01,0.07461360205650329,0.678142800283469,0.00030163357908442314,0.0040426084624088044,-0.025170424404393946
134,random2,0.1,0.7461360205650329,0.6781234213969363,0.0030478516133948157,0.004084847171815593,-0.025170424404393946
134,random2,1.0,7.461360205650329,0.6748965067841327,0.03363454254971011,0.004507829889279355,-0.025170424404393946
134,random2,4.0,29.845440822601315,0.6617131756979001,0.16038789896104988,0.005373949740410319,-0.025170424404393946
134,random3,0.01,0.07461360205650329,0.6609162988513793,-0.0008107226574581742,-0.010865614782197906,0.0005935787837323212
134,random3,0.1,0.7461360205650329,0.6614392957966753,-0.008115609811967822,-0.010876850317214339,0.0005935787837323212
134,random3,1.0,7.461360205650329,0.6683944883098349,-0.0847600938394858,-0.011359871592219711,0.0005935787837323212
134,random3,4.0,29.845440822601315,0.6952677630280455,-0.39558549238439344,-0.01325446974416357,0.0005935787837323212
134,random4,0.01,0.07461360205650329,0.6070882003513237,0.0003728358902301007,0.00499688903837882,-0.03963499114678204
134,random4,0.1,0.7461360205650329,0.6069909753711085,0.0037512060933559597,0.005027509716680413,-0.03963499114678204
134,random4,1.0,7.461360205650329,0.6062710267012122,0.03907679118943644,0.005237220843438763,-0.03963499114678204
134,random4,4.0,29.845440822601315,0.6024090819685449,0.17403006599974746,0.0058310435766108105,-0.03963499114678204
134,random5,0.01,0.07461360205650329,0.7095554420450679,-0.0007187169352206055,-0.009632518943078722,-0.005404217709669812
134,random5,0.1,0.7461360205650329,0.7092251395843361,-0.007129226296838666,-0.009554861446629872,-0.005404217709669812
134,random5,1.0,7.461360205650329,0.7065344608420946,-0.06762280463002296,-0.009063066621393463,-0.005404217709669812
134,random5,4.0,29.845440822601315,0.6979628570357815,-0.22175067780846813,-0.007429968252991629,-0.005404217709669812
134,random6,0.01,0.07461360205650329,0.6114037035302176,0.00046584292537358153,0.006243404855602717,-0.009602859681838428
134,random6,0.1,0.7461360205650329,0.6124076350065017,0.004688903927097241,0.00628424817709033,-0.009602859681838428
134,random6,1.0,7.461360205650329,0.6210443127821159,0.049900543406071654,0.006687861466369502,-0.009602859681838428
134,random6,4.0,29.845440822601315,0.6483364475073596,0.24478891878372683,0.008201886520582178,-0.009602859681838428
134,random7,0.01,0.07461360205650329,0.5514799037635986,0.0010415384146774003,0.013959095740863247,-0.015854529933840213
134,random7,0.1,0.7461360205650329,0.5516061979231865,0.010398370711225648,0.013936293684563283,-0.015854529933840213
134,random7,1.0,7.461360205650329,0.5485769536233599,0.10292085133424145,0.013793845692679692,-0.015854529933840213
134,random7,4.0,29.845440822601315,0.5387829531067817,0.38724489273930623,0.012975009986987826,-0.015854529933840213
134,a_unit,0.01,0.07461360205650329,0.6685914891831434,0.004434312959117708,0.05943035635459199,1.0000000064344237
134,a_unit,0.1,0.7461360205650329,0.6688130644272341,0.044278950998859,0.05934434175330055,1.0000000064344237
134,a_unit,1.0,7.461360205650329,0.6714104884282796,0.436437475139728,0.05849301777566284,1.0000000064344237
134,a_unit,4.0,29.845440822601315,0.6893773297701082,1.658679593979556,0.055575643993285344,1.0000000064344237
134,oracle,0.01,0.07461360205650329,0.7240045090159606,0.006508057463100343,0.08722347244637686,0.7222342311767045
134,oracle,0.1,0.7461360205650329,0.724712933738598,0.065090838620712,0.0872372286375078,0.7222342311767045
134,oracle,1.0,7.461360205650329,0.732646318535123,0.6506787275038979,0.08720644890071823,0.7222342311767045
134,oracle,4.0,29.845440822601315,0.7620400268917044,2.5680834566972557,0.08604608898095086,0.7222342311767045
134,md_full,0.01,0.07461360205650329,0.6730712213932231,-0.001330323804799677,-0.01782950786630367,-0.013553373540525281
134,md_full,0.1,0.7461360205650329,0.6735235891787064,-0.013300080669011241,-0.017825276226363356,-0.013553373540525281
134,md_full,1.0,7.461360205650329,0.6763333964632467,-0.13302814797068596,-0.017828940609239934,-0.013553373540525281
134,md_full,4.0,29.845440822601315,0.687788560274843,-0.5362006125710441,-0.017965913646850573,-0.013553373540525281
134,mean_diff_tgt_asis,0.01,0.07461360205650329,0.6806821318789334,-0.0012757462379089685,-0.01709803846412445,0.008951930927555366
134,mean_diff_tgt_asis,0.1,0.7461360205650329,0.6802325499954692,-0.012690407698206858,-0.017008169219061,0.008951930927555366
134,mean_diff_tgt_asis,1.0,7.461360205650329,0.6780802964553211,-0.120436921377662,-0.016141416317960053,0.008951930927555366
134,mean_diff_tgt_asis,4.0,29.845440822601315,0.6680497640539099,-0.39025361386753293,-0.013075820062004318,0.008951930927555366
134,probe_grad_tgt_asis,0.01,0.07461360205650329,0.9109910849280478,-0.001024884996631601,-0.013735900269973261,0.011654880241084532
134,probe_grad_tgt_asis,0.1,0.7461360205650329,0.9127485141092403,-0.010262522855281666,-0.013754225198121485,0.011654880241084532
134,probe_grad_tgt_asis,1.0,7.461360205650329,0.9268683934838657,-0.10537394427392972,-0.014122618580206366,0.011654880241084532
134,probe_grad_tgt_asis,4.0,29.845440822601315,0.9707861900365827,-0.45470435903456274,-0.015235303835426175,0.011654880241084532
134,jtw,0.01,0.07461360205650329,4.4603644588515285,0.03958270543327329,0.5305025403182941,0.1117810050906349
134,jtw,0.1,0.7461360205650329,4.414473347239878,0.3871999256321731,0.5189401328446184,0.1117810050906349
134,jtw,1.0,7.461360205650329,3.8804599409955705,3.065087704721213,0.41079476398955883,0.1117810050906349
134,jtw,4.0,29.845440822601315,2.656530027730643,6.577628251559222,0.22038971682998645,0.1117810050906349
899,random0,0.01,0.09699988997314453,0.5412813052251251,0.0011688514101807345,0.012050028206262333,-0.029830239007597376
899,random0,0.1,0.9699988997314453,0.5408327260333854,0.011793618300715295,0.0121583831734041,-0.029830239007597376
899,random0,1.0,9.699988997314453,0.5390006442746019,0.12917703054564533,0.013317234749586767,-0.029830239007597376
899,random0,4.0,38.79995598925781,0.5377795577140557,0.6187473449153034,0.015947114607207553,-0.029830239007597376
899,random1,0.01,0.09699988997314453,0.6086469504180507,-0.0012956626772535904,-0.013357362339403774,-0.022559924889413198
899,random1,0.1,0.9699988997314453,0.6085642287416534,-0.012888941104301747,-0.013287583220836839,-0.022559924889413198
899,random1,1.0,9.699988997314453,0.6080507941434182,-0.1232186948776685,-0.012702972643761032,-0.022559924889413198
899,random1,4.0,38.79995598925781,0.6059773027302091,-0.43417108127924675,-0.0111899890144064,-0.022559924889413198
899,random2,0.01,0.09699988997314453,0.6772332044653163,0.0021799483918139885,0.022473720252853182,-0.02570581737987574
899,random2,0.1,0.9699988997314453,0.6774657567803771,0.021908853699005908,0.022586472732156308,-0.02570581737987574
899,random2,1.0,9.699988997314453,0.6796910321482821,0.23032980795009034,0.023745367960093525,-0.02570581737987574
899,random2,4.0,38.79995598925781,0.6785393812068028,1.001484122711001,0.0258114757395156,-0.02570581737987574
899,random3,0.01,0.09699988997314453,0.5765379860695116,-0.0012543412281065026,-0.012931367535094943,-0.009529822990627674
899,random3,0.1,0.9699988997314453,0.5764516760579722,-0.012382344708500297,-0.012765318302864552,-0.009529822990627674
899,random3,1.0,9.699988997314453,0.5782226790521231,-0.10881231841864875,-0.011217777509724457,-0.009529822990627674
899,random3,4.0,38.79995598925781,0.6132748898940905,-0.302781580443268,-0.007803657832166004,-0.009529822990627674
899,random4,0.01,0.09699988997314453,0.5886252596528755,-0.00010604880762185483,-0.001093287916627695,-0.029035042959864775
899,random4,0.1,0.9699988997314453,0.5877508919787607,-0.0009222784938915591,-0.0009508036495164086,-0.029035042959864775
899,random4,1.0,9.699988997314453,0.5801895423492107,0.002699377564423955,0.00027828666250769013,-0.029035042959864775
899,random4,4.0,38.79995598925781,0.5720815417145446,0.18732752130662778,0.004828034376082577,-0.029035042959864775
899,random5,0.01,0.09699988997314453,0.5532249499941093,-0.00015280237365197216,-0.0015752839894383093,-0.004731086712870565
899,random5,0.1,0.9699988997314453,0.5530571956803654,-0.0013190878022909256,-0.0013598858747738058,-0.004731086712870565
899,random5,1.0,9.699988997314453,0.5519368191094559,0.009981239921557025,0.0010289949735324895,-0.004731086712870565
899,random5,4.0,38.79995598925781,0.5553530806082523,0.32995781024281573,0.008504076920452387,-0.004731086712870565
899,random6,0.01,0.09699988997314453,0.6079496083107763,-0.0007491493905390559,-0.007723198353590566,-0.020242926907184808
899,random6,0.1,0.9699988997314453,0.607912705150947,-0.007349274262300651,-0.007576579998529253,-0.020242926907184808
899,random6,1.0,9.699988997314453,0.6080390189741658,-0.057833494056062945,-0.005962222645002461,-0.020242926907184808
899,random6,4.0,38.79995598925781,0.6133115827549007,0.03784863161609461,0.0009754813027770809,-0.020242926907184808
899,random7,0.01,0.09699988997314453,0.5068668080980534,0.002619610570841161,0.027006325177960804,-0.001284019493385918
899,random7,0.1,0.9699988997314453,0.5072777408187864,0.026168968687428573,0.02697834883593552,-0.001284019493385918
899,random7,1.0,9.699988997314453,0.5131437170995286,0.25960280016713305,0.026763205632398854,-0.001284019493385918
899,random7,4.0,38.79995598925781,0.5383836582600877,0.9990482972693002,0.025748696662076048,-0.001284019493385918
899,a_unit,0.01,0.09699988997314453,0.8232851023866306,0.012496859603115997,0.1288337502916332,1.0000001929241253
899,a_unit,0.1,0.9699988997314453,0.8267624431046721,0.12506797199173209,0.12893619985173027,1.0000001929241253
899,a_unit,1.0,9.699988997314453,0.8683866639594083,1.2653315930518767,0.130446703950097,1.0000001929241253
899,a_unit,4.0,38.79995598925781,1.0164763909382095,5.128571466887632,0.13217982691288443,1.0000001929241253
899,oracle,0.01,0.09699988997314453,0.8869594461012082,0.013578715168789869,0.13998691310422398,0.9942324539755796
899,oracle,0.1,0.9699988997314453,0.891844335009586,0.1359726541771336,0.14017815300077052,0.9942324539755796
899,oracle,1.0,9.699988997314453,0.9453702999630406,1.3772861752726446,0.1419884265491395,0.9942324539755796
899,oracle,4.0,38.79995598925781,1.1269627072679922,5.492833413726299,0.1415680320680531,0.9942324539755796
899,md_full,0.01,0.09699988997314453,0.6047320862386115,-0.0011096754612655978,-0.011439966185248493,-0.016294594959261582
899,md_full,0.1,0.9699988997314453,0.6045910021616677,-0.010861715697834227,-0.011197657750788594,-0.016294594959261582
899,md_full,1.0,9.699988997314453,0.60145543686315,-0.08849523237206186,-0.00912323018062832,-0.016294594959261582
899,md_full,4.0,38.79995598925781,0.6002664327610869,-0.10950853748997191,-0.0028223881882827534,-0.016294594959261582
899,mean_diff_tgt_asis,0.01,0.09699988997314453,0.6451049456404004,-0.00034296921256061737,-0.003535769088558473,-0.0035758647254717792
899,mean_diff_tgt_asis,0.1,0.9699988997314453,0.6438644390097475,-0.003092355159349292,-0.0031879986257772504,-0.0035758647254717792
899,mean_diff_tgt_asis,1.0,9.699988997314453,0.6318738788400913,0.0008405263675920205,8.665230113402493e-05,-0.0035758647254717792
899,mean_diff_tgt_asis,4.0,38.79995598925781,0.6064337742725138,0.36972433177253405,0.009528988431711011,-0.0035758647254717792
899,probe_grad_tgt_asis,0.01,0.09699988997314453,0.8308399913213945,0.0012311288748906106,0.012692064653181174,0.031300480419297116
899,probe_grad_tgt_asis,0.1,0.9699988997314453,0.8312987568663642,0.012507991638880653,0.012894851367711475,0.031300480419297116
899,probe_grad_tgt_asis,1.0,9.699988997314453,0.8365184853836574,0.14505777179704576,0.014954426426381163,0.031300480419297116
899,probe_grad_tgt_asis,4.0,38.79995598925781,0.8613327305501698,0.7768377756438651,0.020021614866236992,0.031300480419297116
899,jtw,0.01,0.09699988997314453,4.964669237153036,0.07404189466991233,0.7633193675829079,0.1684863401970909
899,jtw,0.1,0.9699988997314453,5.015628289218961,0.7323823375981182,0.7550341941634019,0.1684863401970909
899,jtw,1.0,9.699988997314453,5.055771334002127,6.190911934659177,0.6382390677322622,0.1684863401970909
899,jtw,4.0,38.79995598925781,2.882621680620731,11.607096874303707,0.29915232062421043,0.1684863401970909
1339,random0,0.01,0.07162125753781902,0.6142865009692907,-0.0016615973382907196,-0.023199778884269474,-0.018836843037210012
1339,random0,0.1,0.7162125753781903,0.614136087519027,-0.01656386533496111,-0.023127023881442874,-0.018836843037210012
1339,random0,1.0,7.162125753781902,0.6130500105711374,-0.16121900183871316,-0.022509937326021228,-0.018836843037210012
1339,random0,4.0,28.64850301512761,0.6113114739005138,-0.5763861393425996,-0.020119241100948402,-0.018836843037210012
1339,random1,0.01,0.07162125753781902,0.8096570126519825,0.00026317879139928354,0.003674590483981856,-0.03292832111463371
1339,random1,0.1,0.7162125753781903,0.8111522990608324,0.0026419460280457173,0.0036887735832488826,-0.03292832111463371
1339,random1,1.0,7.162125753781902,0.8277530920803804,0.02584669156792953,0.0036088016960999876,-0.03292832111463371
1339,random1,4.0,28.64850301512761,0.873103930207251,0.06221976771534993,0.0021718331210009573,-0.03292832111463371
1339,random2,0.01,0.07162125753781902,0.6447638246184765,-0.0022234142771182454,-0.03104405526451682,0.001196914480027564
1339,random2,0.1,0.7162125753781903,0.6447681275833005,-0.02226235351562637,-0.031083444051329193,0.001196914480027564
1339,random2,1.0,7.162125753781902,0.644971446054816,-0.22363305391677757,-0.03122439644384769,0.001196914480027564
1339,random2,4.0,28.64850301512761,0.6458562932489569,-0.8887305957804602,-0.03102188604099744,0.001196914480027564
1339,random3,0.01,0.07162125753781902,0.6973664829359907,0.0006127045240716115,0.008554785899257324,0.01872252736263025
1339,random3,0.1,0.7162125753781903,0.6974746039997999,0.006175998558097511,0.008623136161545789,0.01872252736263025
1339,random3,1.0,7.162125753781902,0.6965801352101134,0.06380421269153431,0.008908558001490412,0.01872252736263025
1339,random3,4.0,28.64850301512761,0.6963455933223327,0.2548872103143567,0.008897051625342014,0.01872252736263025
1339,random4,0.01,0.07162125753781902,0.5677208288428032,0.0007027392145824722,0.009811880421275716,-0.019897432737398267
1339,random4,0.1,0.7162125753781903,0.5674186320237848,0.007077628975965749,0.009882022767093225,-0.019897432737398267
1339,random4,1.0,7.162125753781902,0.5647507564227463,0.07434752972879295,0.010380651259793134,-0.019897432737398267
1339,random4,4.0,28.64850301512761,0.5592516993813466,0.32043662173699183,0.011185108749584154,-0.019897432737398267
1339,random5,0.01,0.07162125753781902,0.7142805467213736,0.0022268076301724987,0.03109143439706642,0.020173401902866893
1339,random5,0.1,0.7162125753781903,0.7141985077707255,0.022280336588996967,0.031108552621031564,0.020173401902866893
1339,random5,1.0,7.162125753781902,0.7106711917670535,0.21922074803776048,0.030608335510166482,0.020173401902866893
1339,random5,4.0,28.64850301512761,0.6971321814680127,0.8013286721607411,0.02797104867006859,0.020173401902866893
1339,random6,0.01,0.07162125753781902,0.6193348115248862,4.384236073348333e-06,6.121417333440805e-05,0.006974038469949774
1339,random6,0.1,0.7162125753781903,0.6193308365688327,7.760741514515473e-06,1.0835807386399877e-05,0.006974038469949774
1339,random6,1.0,7.162125753781902,0.6205502446295055,-0.002452289649113981,-0.00034239689910765244,0.006974038469949774
1339,random6,4.0,28.64850301512761,0.6241811031720939,-0.034028795211974494,-0.001187803606841372,0.006974038469949774
1339,random7,0.01,0.07162125753781902,0.5501834605045857,0.0002352107440048147,0.0032840912333969227,-0.024023525539284697
1339,random7,0.1,0.7162125753781903,0.5505408502312107,0.0024027222084041532,0.003354761269215938,-0.024023525539284697
1339,random7,1.0,7.162125753781902,0.5557572587749818,0.02849229264222901,0.003978189384231893,-0.024023525539284697
1339,random7,4.0,28.64850301512761,0.5727945110059823,0.1528630193172067,0.00533581176079213,-0.024023525539284697
1339,a_unit,0.01,0.07162125753781902,0.8019181896684341,0.005160196498981289,0.07204839284281611,1.0000001550370041
1339,a_unit,0.1,0.7162125753781903,0.801388056068409,0.0515131001598923,0.07192431678917564,1.0000001550370041
1339,a_unit,1.0,7.162125753781902,0.79563489954044,0.50526988585266,0.07054747476136625,1.0000001550370041
1339,a_unit,4.0,28.64850301512761,0.7895493484852283,1.9466336008949452,0.06794887676563907,1.0000001550370041
1339,oracle,0.01,0.07162125753781902,0.7561387497894202,0.0051186442835640745,0.07146822688586857,0.8831793621905564
1339,oracle,0.1,0.7162125753781903,0.7558624400263679,0.05114485873257806,0.07141016576757457,0.8831793621905564
1339,oracle,1.0,7.162125753781902,0.7552580109426754,0.5059440636638153,0.07064160572671538,0.8831793621905564
1339,oracle,4.0,28.64850301512761,0.7816102712719353,1.9580011200305754,0.0683456695449905,0.8831793621905564
1339,md_full,0.01,0.07162125753781902,0.6885199259212131,-0.0009318525659149775,-0.013010837814777552,-0.0007226284785223844
1339,md_full,0.1,0.7162125753781903,0.6877991645923909,-0.00928578083771255,-0.012965118397717702,-0.0007226284785223844
1339,md_full,1.0,7.162125753781902,0.6812999764282046,-0.0932252973850058,-0.013016428444554879,-0.0007226284785223844
1339,md_full,4.0,28.64850301512761,0.663016349091253,-0.3622588120964306,-0.012644947343501432,-0.0007226284785223844
1339,mean_diff_tgt_asis,0.01,0.07162125753781902,0.7443494444324867,-2.382572611980447e-05,-0.00033266277274206604,-0.017352128633114576
1339,mean_diff_tgt_asis,0.1,0.7162125753781903,0.7435299052165995,-0.00016782137753960837,-0.00023431783147760516,-0.017352128633114576
1339,mean_diff_tgt_asis,1.0,7.162125753781902,0.7353319141607472,0.0064686894314150145,0.0009031800967749381,-0.017352128633114576
1339,mean_diff_tgt_asis,4.0,28.64850301512761,0.7119827874721214,0.11109889742124825,0.003878000095243489,-0.017352128633114576
1339,probe_grad_tgt_asis,0.01,0.07162125753781902,1.0710864927015544,-0.0008128811008254796,-0.011349718348581695,0.012379494106079667
1339,probe_grad_tgt_asis,0.1,0.7162125753781903,1.0717196670353775,-0.008245401558518793,-0.011512505982130898,0.012379494106079667
1339,probe_grad_tgt_asis,1.0,7.162125753781902,1.0782533822313165,-0.09200239348726047,-0.012845682504063734,0.012379494106079667
1339,probe_grad_tgt_asis,4.0,28.64850301512761,1.0867710851782817,-0.5115462505017929,-0.017855950456876407,0.012379494106079667
1339,jtw,0.01,0.07162125753781902,6.435237355341903,0.053662501982846146,0.7492538364676172,0.09595826239184505
1339,jtw,0.1,0.7162125753781903,6.430311744878216,0.5224464601638541,0.729457256301288,0.09595826239184505
1339,jtw,1.0,7.162125753781902,5.9574540154583335,3.821755930080915,0.5336063707151285,0.09595826239184505
1339,jtw,4.0,28.64850301512761,3.8439545661847285,6.426740594279325,0.22433076488798515,0.09595826239184505
1346,random0,0.01,0.058396780760740466,0.6282057154838523,-0.0011470464740162933,-0.019642289507633963,-0.0027201306360455646
1346,random0,0.1,0.5839678076074047,0.6279940866407867,-0.011468699699154216,-0.01963926701052757,-0.0027201306360455646
1346,random0,1.0,5.839678076074047,0.6238808653014644,-0.1170218141982152,-0.020039086517058095,-0.0027201306360455646
1346,random0,4.0,23.358712304296187,0.6107077611338221,-0.481735140970706,-0.020623360341747273,-0.0027201306360455646
1346,random1,0.01,0.058396780760740466,0.5833009269086382,-0.0003983138933615948,-0.006820819370052964,-0.04285108197620964
1346,random1,0.1,0.5839678076074047,0.5833508095770005,-0.003961206811296232,-0.006783262295786189,-0.04285108197620964
1346,random1,1.0,5.839678076074047,0.5840813282004933,-0.03828205036361623,-0.006555506975712067,-0.04285108197620964
1346,random1,4.0,23.358712304296187,0.5855637387032405,-0.13570220889193535,-0.005809490143297698,-0.04285108197620964
1346,random2,0.01,0.058396780760740466,0.592327569610959,3.0050833568415246e-05,0.0005145974346006775,0.009191708571768131
1346,random2,0.1,0.5839678076074047,0.5923350890992087,0.00034134195886645,0.0005845218767537448,0.009191708571768131
1346,random2,1.0,5.839678076074047,0.5929386195478223,0.006581501028463131,0.001127031480627063,0.009191708571768131
1346,random2,4.0,23.358712304296187,0.5942545257921678,0.06840226088976628,0.0029283403981642253,0.009191708571768131
1346,random3,0.01,0.058396780760740466,0.6115693878288865,-0.0005808829040204295,-0.009947173396430628,0.0013588918414095368
1346,random3,0.1,0.5839678076074047,0.6120463206059743,-0.005828270282092693,-0.009980465029351371,0.0013588918414095368
1346,random3,1.0,5.839678076074047,0.6187219498863854,-0.06111330571551905,-0.010465184025453142,0.0013588918414095368
1346,random3,4.0,23.358712304296187,0.6444487032803925,-0.28766804733934315,-0.012315235685591907,0.0013588918414095368
1346,random4,0.01,0.058396780760740466,0.5576317772261835,0.0003209702188385758,0.005496368372661403,-0.02756887301816416
1346,random4,0.1,0.5839678076074047,0.5576435261232832,0.003215324141186225,0.005505995534856354,-0.02756887301816416
1346,random4,1.0,5.839678076074047,0.5585542596665924,0.031158359902727285,0.005335629720820967,-0.02756887301816416
1346,random4,4.0,23.358712304296187,0.5618526513543287,0.10972819359420108,0.004697527507713669,-0.02756887301816416
1346,random5,0.01,0.058396780760740466,0.642694676194475,-0.00027779645096110827,-0.0047570507713306665,0.012284240913234839
1346,random5,0.1,0.5839678076074047,0.6429343628755737,-0.002772629928840206,-0.004747915711655488,0.012284240913234839
1346,random5,1.0,5.839678076074047,0.6434816258211284,-0.024899792652311615,-0.004263898168347574,0.012284240913234839
1346,random5,4.0,23.358712304296187,0.6458830224880123,-0.0715678716688817,-0.0030638620287180294,0.012284240913234839
1346,random6,0.01,0.058396780760740466,0.5536957905167768,-0.0005888045362385335,-0.010082825261394897,-0.006669622671958607
1346,random6,0.1,0.5839678076074047,0.5539833448956232,-0.005883831624825685,-0.010075609559596342,-0.006669622671958607
1346,random6,1.0,5.839678076074047,0.5567345394040055,-0.059095574675981935,-0.01011966308863917,-0.006669622671958607
1346,random6,4.0,23.358712304296187,0.5675464569350269,-0.24072914710711021,-0.010305754185894689,-0.006669622671958607
1346,random7,0.01,0.058396780760740466,0.5358563294895408,-4.275111419581746e-05,-0.0007320799817882868,-0.017832955025942027
1346,random7,0.1,0.5839678076074047,0.5354859948049633,-0.00042173469644766473,-0.0007221882626981938,-0.017832955025942027
1346,random7,1.0,5.839678076074047,0.5322796915697147,-0.0060908839986251045,-0.0010430170840376085,-0.017832955025942027
1346,random7,4.0,23.358712304296187,0.5227545117540566,-0.04950357619840484,-0.002119276762927554,-0.017832955025942027
1346,a_unit,0.01,0.058396780760740466,0.6468938705740344,0.005997249612381869,0.10269829148550866,0.9999998749370727
1346,a_unit,0.1,0.5839678076074047,0.6470810886153363,0.0599460920638126,0.10265307656156572,0.9999998749370727
1346,a_unit,1.0,5.839678076074047,0.6530816895195432,0.5961556338151444,0.10208707159007187,0.9999998749370727
1346,a_unit,4.0,23.358712304296187,0.6793407737367866,2.334014533763729,0.099920513740582,0.9999998749370727
1346,oracle,0.01,0.058396780760740466,0.6541932961496002,0.006159239548938659,0.10547224468030009,0.9597618956219369
1346,oracle,0.1,0.5839678076074047,0.6546197238953241,0.06158292161752977,0.1054560214026923,0.9597618956219369
1346,oracle,1.0,5.839678076074047,0.6590632513943048,0.611492691655304,0.10471342489934034,0.9597618956219369
1346,oracle,4.0,23.358712304296187,0.6814287629475548,2.381993270969489,0.10197451126325091,0.9597618956219369
1346,md_full,0.01,0.058396780760740466,0.6464009977913301,-0.001232221628965796,-0.021100848589828525,-0.0077092644660748996
1346,md_full,0.1,0.5839678076074047,0.6465389395924112,-0.012327220333396283,-0.021109417630233034,-0.0077092644660748996
1346,md_full,1.0,5.839678076074047,0.647700073604087,-0.12483063368088779,-0.021376286852581108,-0.0077092644660748996
1346,md_full,4.0,23.358712304296187,0.6510148008311749,-0.5130087517117706,-0.02196220172707966,-0.0077092644660748996
1346,mean_diff_tgt_asis,0.01,0.058396780760740466,0.6712328629090158,-0.0018001751910174185,-0.030826616939604607,-0.008599767629787387
1346,mean_diff_tgt_asis,0.1,0.5839678076074047,0.6715904590474733,-0.017987968466166612,-0.030803013850824682,-0.008599767629787387
1346,mean_diff_tgt_asis,1.0,5.839678076074047,0.6751269493948623,-0.1789301896719417,-0.03064042012950045,-0.008599767629787387
1346,mean_diff_tgt_asis,4.0,23.358712304296187,0.6860677100848152,-0.6810461898919565,-0.029155981760462753,-0.008599767629787387
1346,probe_grad_tgt_asis,0.01,0.058396780760740466,0.819223705436928,-0.0017040158825112482,-0.02917996266768253,0.01429074378105617
1346,probe_grad_tgt_asis,0.1,0.5839678076074047,0.8204288956020295,-0.017074807893166403,-0.029239296534382956,0.01429074378105617
1346,probe_grad_tgt_asis,1.0,5.839678076074047,0.8315906425450545,-0.17433647806861152,-0.02985378231428402,0.01429074378105617
1346,probe_grad_tgt_asis,4.0,23.358712304296187,0.8704908254773254,-0.7386143653058423,-0.03162050868574612,0.01429074378105617
1346,jtw,0.01,0.058396780760740466,4.398203887465651,0.04340776770586632,0.743324668592843,0.137979062958406
1346,jtw,0.1,0.5839678076074047,4.402282256551093,0.42815094303003165,0.7331755919632352,0.137979062958406
1346,jtw,1.0,5.839678076074047,4.332916196289705,3.6305044389740515,0.6216959893472075,0.137979062958406
1346,jtw,4.0,23.358712304296187,3.289654518703369,7.816688141344653,0.33463694571498237,0.137979062958406
143,random0,0.01,0.0735081345067972,0.5667326215265761,-0.000140369730154559,-0.0019095809068801655,-0.018836843037210012
143,random0,0.1,0.7350813450679721,0.5663158970022293,-0.001326062933005686,-0.0018039676042697923,-0.018836843037210012
143,random0,1.0,7.35081345067972,0.5637486383255184,-0.008803617289027198,-0.00119763851281155,-0.018836843037210012
143,random0,4.0,29.40325380271888,0.5553367413490955,0.0163700425757764,0.0005567425525627603,-0.018836843037210012
143,random1,0.01,0.0735081345067972,0.6818871955851599,-0.0015197218593784303,-0.020674199795369635,-0.03292832111463371
143,random1,0.1,0.7350813450679721,0.6829661165983407,-0.015234398201578597,-0.020724778698022722,-0.03292832111463371
143,random1,1.0,7.35081345067972,0.6994309378253792,-0.15741746415061217,-0.021414971990080363,-0.03292832111463371
143,random1,4.0,29.40325380271888,0.743598177469094,-0.6888310959365986,-0.023427036359931815,-0.03292832111463371
143,random2,0.01,0.0735081345067972,0.5744265129075965,-0.0013133341732806296,-0.017866514802646602,0.001196914480027564
143,random2,0.1,0.7350813450679721,0.5745119206038367,-0.013150320388777462,-0.017889612458552417,0.001196914480027564
143,random2,1.0,7.35081345067972,0.5729899028607147,-0.13347809959476825,-0.018158276018067864,0.001196914480027564
143,random2,4.0,29.40325380271888,0.571053172280824,-0.5493412113829477,-0.018683007502120423,0.001196914480027564
143,random3,0.01,0.0735081345067972,0.6317716164847659,-0.00010883204858255769,-0.0014805442868706473,0.01872252736263025
143,random3,0.1,0.7350813450679721,0.6317080132859988,-0.0010854842180964054,-0.0014766858462392785,0.01872252736263025
143,random3,1.0,7.35081345067972,0.6311613585897715,-0.013552231133695785,-0.0018436369287051664,0.01872252736263025
143,random3,4.0,29.40325380271888,0.6394863002329617,-0.11102349848856052,-0.003775891581029523,0.01872252736263025
143,random4,0.01,0.0735081345067972,0.502499061175336,-0.0007854621864495563,-0.010685377771040097,-0.019897432737398267
143,random4,0.1,0.7350813450679721,0.5026024602898816,-0.007841991617120953,-0.010668195662611752,-0.019897432737398267
143,random4,1.0,7.35081345067972,0.5040464928712431,-0.07507208703007733,-0.01021275910942013,-0.019897432737398267
143,random4,4.0,29.40325380271888,0.5140034627609339,-0.24371234483282633,-0.008288618207631517,-0.019897432737398267
143,random5,0.01,0.0735081345067972,0.5949716886291764,0.0010750368720942004,0.014624733429941595,0.020173401902866893
143,random5,0.1,0.7350813450679721,0.5950941306291241,0.010831718094576705,0.014735400601922646,0.020173401902866893
143,random5,1.0,7.35081345067972,0.5973372983763798,0.11470592155652537,0.015604520822919084,0.020173401902866893
143,random5,4.0,29.40325380271888,0.6067563790707531,0.5189530376021452,0.017649510529823005,0.020173401902866893
143,random6,0.01,0.0735081345067972,0.6093119339141063,0.0001434585787194923,0.0019516014068650712,0.006974038469949774
143,random6,0.1,0.7350813450679721,0.6092177505543983,0.0015061143457171132,0.0020489084042499333,0.006974038469949774
143,random6,1.0,7.35081345067972,0.6066458172278614,0.02011123385233093,0.002735919498878219,0.006974038469949774
143,random6,4.0,29.40325380271888,0.5998204085459932,0.1315013892531794,0.004472341399203228,0.006974038469949774
143,random7,0.01,0.0735081345067972,0.46760906875715863,-0.00037993927432482743,-0.0051686697924526286,-0.024023525539284697
143,random7,0.1,0.7350813450679721,0.4676114829823353,-0.0037969182290363236,-0.005165303479011873,-0.024023525539284697
143,random7,1.0,7.35081345067972,0.46940299021105336,-0.037315796881724275,-0.00507641734239273,-0.024023525539284697
143,random7,4.0,29.40325380271888,0.4790815023712016,-0.14139976614836958,-0.0048089836280396465,-0.024023525539284697
143,a_unit,0.01,0.0735081345067972,0.8738876501966036,0.005093527556571496,0.06929202585192125,1.0000001550370041
143,a_unit,0.1,0.7350813450679721,0.8735177767248455,0.050911437367348426,0.06925959651804346,1.0000001550370041
143,a_unit,1.0,7.35081345067972,0.8657148759396975,0.5070987850908397,0.06898539712553159,1.0000001550370041
143,a_unit,4.0,29.40325380271888,0.8539465639020025,2.0554297450134724,0.06990483974339634,1.0000001550370041
143,oracle,0.01,0.0735081345067972,0.820886649512862,0.005940554548465934,0.08081492733183997,0.8635473589262123
143,oracle,0.1,0.7350813450679721,0.8212546875708969,0.059386397445395527,0.08078887846066089,0.8635473589262123
143,oracle,1.0,7.35081345067972,0.821246996751442,0.5910823448602907,0.08041046733482729,0.8635473589262123
143,oracle,4.0,29.40325380271888,0.8285175242204088,2.320317584222827,0.07891363315743888,0.8635473589262123
143,md_full,0.01,0.0735081345067972,0.6553245759782387,-0.00032324303805423047,-0.0043973777898599865,-0.0007226284785223844
143,md_full,0.1,0.7350813450679721,0.6548851075889964,-0.003186674166552766,-0.004335131326531076,-0.0007226284785223844
143,md_full,1.0,7.35081345067972,0.6480326964071165,-0.029151256932103874,-0.00396571850553605,-0.0007226284785223844
143,md_full,4.0,29.40325380271888,0.6249969192343686,-0.08842754589211213,-0.003007406815770007,-0.0007226284785223844
143,mean_diff_tgt_asis,0.01,0.0735081345067972,0.7411059330638374,-0.0008332621590289319,-0.0113356455665717,-0.017352128633114576
143,mean_diff_tgt_asis,0.1,0.7350813450679721,0.7399263481068163,-0.008293363519767252,-0.011282239136405203,-0.017352128633114576
143,mean_diff_tgt_asis,1.0,7.35081345067972,0.7270115735936306,-0.07931632712384742,-0.010790142840111545,-0.017352128633114576
143,mean_diff_tgt_asis,4.0,29.40325380271888,0.6914572750416133,-0.2645701867636593,-0.008997990104727622,-0.017352128633114576
143,probe_grad_tgt_asis,0.01,0.0735081345067972,0.7628946805551919,-0.0016321859214911364,-0.02220415376396486,0.012379494106079667
143,probe_grad_tgt_asis,0.1,0.7350813450679721,0.7625851262573279,-0.016257764390819513,-0.022116959571754847,0.012379494106079667
143,probe_grad_tgt_asis,1.0,7.35081345067972,0.7621205531995475,-0.15997411478034917,-0.02176277712034123,0.012379494106079667
143,probe_grad_tgt_asis,4.0,29.40325380271888,0.7714735073136344,-0.5837021498521177,-0.019851617571594867,0.012379494106079667
143,jtw,0.01,0.0735081345067972,4.475335150975535,0.04831147368618715,0.6572262241496531,0.1052744046212215
143,jtw,0.1,0.7350813450679721,4.453880489068111,0.4758156526519278,0.6472965962806875,0.1052744046212215
143,jtw,1.0,7.35081345067972,4.164346347011328,3.981622802828624,0.5416574409816438,0.1052744046212215
143,jtw,4.0,29.40325380271888,3.026640187881525,7.77214997618166,0.26432958843020904,0.1052744046212215
1280,random0,0.01,0.03662358756976583,0.3926768000338012,-7.375151008503445e-05,-0.002013770768484711,-0.012845985833784424
1280,random0,0.1,0.3662358756976583,0.39487713013633924,-0.0007435037818909829,-0.0020301227466442244,-0.012845985833784424
1280,random0,1.0,3.662358756976583,0.3949106792089315,-0.00785280507704107,-0.002144193291299474,-0.012845985833784424
1280,random0,4.0,14.649435027906332,0.3893509930036859,-0.03705783812645915,-0.0025296428193896966,-0.012845985833784424
1280,random1,0.01,0.03662358756976583,0.8151412829868795,-6.413569079659874e-05,-0.0017512126761045441,0.012062148508367091
1280,random1,0.1,0.3662358756976583,0.811373942743737,-0.0006393655824109431,-0.0017457754000560113,0.012062148508367091
1280,random1,1.0,3.662358756976583,0.7989920240680022,-0.007126090386654869,-0.0019457652457122274,0.012062148508367091
1280,random1,4.0,14.649435027906332,0.7488619654061589,-0.035560534581906944,-0.0024274338576311077,0.012062148508367091
1280,random2,0.01,0.03662358756976583,0.31700204919160496,-0.00018364852808592141,-0.005014487664161287,0.02234153312266223
1280,random2,0.1,0.3662358756976583,0.31672316838513764,-0.0018401678016017014,-0.005024542716074135,0.02234153312266223
1280,random2,1.0,3.662358756976583,0.3159001611718628,-0.018784934461736853,-0.0051291901499143505,0.02234153312266223
1280,random2,4.0,14.649435027906332,0.3143322913072585,-0.07973331754148977,-0.005442757170471242,0.02234153312266223
1280,random3,0.01,0.03662358756976583,0.33314303332670825,0.00020540144538642134,0.005608446878535408,0.01361956355941406
1280,random3,0.1,0.3662358756976583,0.33269088944451447,0.0020462167062470426,0.005587155278955447,0.01361956355941406
1280,random3,1.0,3.662358756976583,0.3320637664472853,0.020019715031924148,0.0054663446047681,0.01361956355941406
1280,random3,4.0,14.649435027906332,0.32910720110791614,0.07377565546788152,0.0050360751337743155,0.01361956355941406
1280,random4,0.01,0.03662358756976583,0.3272641873586987,3.4919858408100524e-06,9.534800036064243e-05,0.029865255829810665
1280,random4,0.1,0.3662358756976583,0.3260391073062693,3.66656832885661e-05,0.00010011494154885858,0.029865255829810665
1280,random4,1.0,3.662358756976583,0.32601807362995683,0.00011479733209104545,3.134519027453636e-05,0.029865255829810665
1280,random4,4.0,14.649435027906332,0.3268038704573358,-0.0030087166138287186,-0.00020538106815022464,0.029865255829810665
1280,random5,0.01,0.03662358756976583,0.2913576620376898,2.490444506669928e-05,0.0006800110726251966,-0.004279360342901059
1280,random5,0.1,0.3662358756976583,0.29252813852111165,0.0002528075859767349,0.000690286241060221,-0.004279360342901059
1280,random5,1.0,3.662358756976583,0.2942203582676068,0.0019932538224481065,0.0005442541145514683,-0.004279360342901059
1280,random5,4.0,14.649435027906332,0.2994174051638464,0.00045289050424354715,3.0915219827987686e-05,-0.004279360342901059
1280,random6,0.01,0.03662358756976583,0.4297153462872472,6.385871370785613e-05,0.0017436498700791928,0.009858963870404929
1280,random6,0.1,0.3662358756976583,0.42660779117295905,0.0006253142032219116,0.0017074083799975192,0.009858963870404929
1280,random6,1.0,3.662358756976583,0.4253326124645272,0.005976412091544526,0.0016318478030476408,0.009858963870404929
1280,random6,4.0,14.649435027906332,0.4252815715288895,0.019291746460290318,0.0013168935473307094,0.009858963870404929
1280,random7,0.01,0.03662358756976583,0.266178308693365,-7.923777404701373e-05,-0.0021635721485796637,0.01219893365553115
1280,random7,0.1,0.3662358756976583,0.26592575504734783,-0.0008000860994866964,-0.0021846196743084724,0.01219893365553115
1280,random7,1.0,3.662358756976583,0.2653937442030878,-0.008277299654883705,-0.0022601007176361204,0.01219893365553115
1280,random7,4.0,14.649435027906332,0.26404130405238224,-0.0360302332396055,-0.002459496435935582,0.01219893365553115
1280,a_unit,0.01,0.03662358756976583,0.8945857917287354,0.0006031891885900527,0.01646996453968394,1.000000257771345
1280,a_unit,0.1,0.3662358756976583,0.8728980806973249,0.0060513645351115645,0.01652313423305148,1.000000257771345
1280,a_unit,1.0,3.662358756976583,0.6933536753444216,0.06200584401938591,0.016930576203455856,1.000000257771345
1280,a_unit,4.0,14.649435027906332,0.3992413430574263,0.27995581436792244,0.019110348886125828,1.000000257771345
1280,oracle,0.01,0.03662358756976583,0.715444446696287,0.0006421052676492524,0.017532560577963006,0.932664825532612
1280,oracle,0.1,0.3662358756976583,0.705796664655948,0.006437893608626939,0.017578544418574836,0.932664825532612
1280,oracle,1.0,3.662358756976583,0.6346644687238232,0.06568446529782908,0.017935016653598982,0.932664825532612
1280,oracle,4.0,14.649435027906332,0.4402803428570019,0.29161342124238276,0.019906120658365046,0.932664825532612
1280,md_full,0.01,0.03662358756976583,0.40828482466385424,-8.178162216338847e-06,-0.00022330314311125085,0.015814732582695976
1280,md_full,0.1,0.3662358756976583,0.41212745531558254,-9.10723323670965e-05,-0.00024867124825936,0.015814732582695976
1280,md_full,1.0,3.662358756976583,0.4325285519015233,-0.0011920939340492182,-0.00032549895112769816,0.015814732582695976
1280,md_full,4.0,14.649435027906332,0.5061555809647346,-0.010389387008301498,-0.0007092005246967076,0.015814732582695976
1280,mean_diff_tgt_asis,0.01,0.03662358756976583,0.3316611875861558,-0.00010112368693426864,-0.0027611627818174235,-0.00288943726266362
1280,mean_diff_tgt_asis,0.1,0.3662358756976583,0.33385059966523967,-0.00100927417306559,-0.0027558036774605454,-0.00288943726266362
1280,mean_diff_tgt_asis,1.0,3.662358756976583,0.3481718853311163,-0.010460487823040734,-0.002856216039216285,-0.00288943726266362
1280,mean_diff_tgt_asis,4.0,14.649435027906332,0.40343567201608177,-0.04746351029052689,-0.003239955001685159,-0.00288943726266362
1280,probe_grad_tgt_asis,0.01,0.03662358756976583,0.5621719593377367,-0.00010597478740267534,-0.0028936211451376648,-0.020970067996298306
1280,probe_grad_tgt_asis,0.1,0.3662358756976583,0.5612887728987019,-0.001065682689108359,-0.0029098260433342163,-0.020970067996298306
1280,probe_grad_tgt_asis,1.0,3.662358756976583,0.5566195630793612,-0.011125178820916647,-0.003037708635104035,-0.020970067996298306
1280,probe_grad_tgt_asis,4.0,14.649435027906332,0.5426325220220021,-0.04949135084269596,-0.0033783794902955493,-0.020970067996298306
1280,jtw,0.01,0.03662358756976583,5.661374340647888,0.005701964705218113,0.15569104731632852,0.10588084462806216
1280,jtw,0.1,0.3662358756976583,5.876256274490111,0.05669869087103094,0.15481468264959894,0.10588084462806216
1280,jtw,1.0,3.662358756976583,8.284148494759668,0.5099562185423165,0.1392425626164775,0.10588084462806216
1280,jtw,4.0,14.649435027906332,7.671388474236975,1.6713774457208923,0.11409159756243256,0.10588084462806216
51,random0,0.01,0.0396923678581915,0.5770336520080241,-0.0007903758158552078,-0.01991253882053535,-0.018836843037210012
51,random0,0.1,0.396923678581915,0.5769802133514377,-0.007925382004024512,-0.019967017418410105,-0.018836843037210012
51,random0,1.0,3.96923678581915,0.5768022238235977,-0.08122548519777156,-0.02046375401134167,-0.018836843037210012
51,random0,4.0,15.8769471432766,0.5756720671562552,-0.3460325672267789,-0.021794653852791408,-0.018836843037210012
51,random1,0.01,0.0396923678581915,0.5585912195288487,-0.0005486008571104863,-0.013821318472872839,-0.03292832111463371
51,random1,0.1,0.396923678581915,0.5593672143827909,-0.005518982507967904,-0.01390439221889083,-0.03292832111463371
51,random1,1.0,3.96923678581915,0.5635801091392778,-0.056453953189831964,-0.01422287362435126,-0.03292832111463371
51,random1,4.0,15.8769471432766,0.577984362344915,-0.24422504469129608,-0.015382368064046739,-0.03292832111463371
51,random2,0.01,0.0396923678581915,0.6500429064584623,-0.0006992704462011083,-0.01761725197900474,0.001196914480027564
51,random2,0.1,0.396923678581915,0.6501648880464562,-0.007051386474497989,-0.017765094034425968,0.001196914480027564
51,random2,1.0,3.96923678581915,0.6518091059565521,-0.07338078534537523,-0.018487379137355067,0.001196914480027564
51,random2,4.0,15.8769471432766,0.6555037555092803,-0.3319550549898473,-0.020907990181879523,0.001196914480027564
51,random3,0.01,0.0396923678581915,0.636388644479398,0.0005163328547063901,0.013008366156211364,0.01872252736263025
51,random3,0.1,0.396923678581915,0.6352925694724433,0.005127936941685887,0.012919201394097758,0.01872252736263025
51,random3,1.0,3.96923678581915,0.6309683429375292,0.049376137490984684,0.012439705705487332,0.01872252736263025
51,random3,4.0,15.8769471432766,0.6190316250931256,0.17076975895332722,0.010755830917132137,0.01872252736263025
51,random4,0.01,0.0396923678581915,0.5810872452526586,0.00015888872430680771,0.00400300442831901,-0.019897432737398267
51,random4,0.1,0.396923678581915,0.5804987657114015,0.0015706942865417084,0.003957169529803088,-0.019897432737398267
51,random4,1.0,3.96923678581915,0.5796835588857234,0.016967108013043714,0.0042746525159854205,-0.019897432737398267
51,random4,4.0,15.8769471432766,0.5768493385818992,0.0802413177148009,0.005053951303779495,-0.019897432737398267
51,random5,0.01,0.0396923678581915,0.584970962728897,0.0009582143148903907,0.024141021727748586,0.020173401902866893
51,random5,0.1,0.396923678581915,0.5844507437764056,0.009527204880194574,0.024002611570648334,0.020173401902866893
51,random5,1.0,3.96923678581915,0.5809485384105583,0.09310977478032297,0.023457853437460638,0.020173401902866893
51,random5,4.0,15.8769471432766,0.5717760177477167,0.34363168317737075,0.021643435609904907,0.020173401902866893
51,random6,0.01,0.0396923678581915,0.6007721179269981,-0.00016262028546663876,-0.004097016485578046,0.006974038469949774
51,random6,0.1,0.396923678581915,0.6001582460255865,-0.0016695849486999341,-0.00420631229324701,0.006974038469949774
51,random6,1.0,3.96923678581915,0.5976781999795626,-0.01711402704641823,-0.004311666945031179,0.006974038469949774
51,random6,4.0,15.8769471432766,0.5918136293808538,-0.07474227125303637,-0.0047075971582287105,0.006974038469949774
51,random7,0.01,0.0396923678581915,0.5672537116421081,8.718843641246116e-06,0.00021966045644834884,-0.024023525539284697
51,random7,0.1,0.396923678581915,0.567869743985656,7.152263846813456e-05,0.00018019242067810802,-0.024023525539284697
51,random7,1.0,3.96923678581915,0.5685904844495231,0.00018086361263862719,4.556634496707193e-05,-0.024023525539284697
51,random7,4.0,15.8769471432766,0.5726031457364625,-0.004746305031938902,-0.0002989431777474183,-0.024023525539284697
51,a_unit,0.01,0.0396923678581915,0.6477850147422354,0.0025837492586790146,0.06509435939699913,1.0000001550370041
51,a_unit,0.1,0.396923678581915,0.6480637653468061,0.025774484231566638,0.06493561765740674,1.0000001550370041
51,a_unit,1.0,3.96923678581915,0.6454901623014485,0.2529614135810207,0.06373049208975722,1.0000001550370041
51,a_unit,4.0,15.8769471432766,0.6413349768023624,0.9584608646135923,0.060368083105918194,1.0000001550370041
51,oracle,0.01,0.0396923678581915,0.6356626892812878,0.002579465485600016,0.06498643504503547,0.9979452918134217
51,oracle,0.1,0.396923678581915,0.6357972592341968,0.025727347202922607,0.06481686175750065,0.9979452918134217
51,oracle,1.0,3.96923678581915,0.6332546300861285,0.2526479999210617,0.06365153140364276,0.9979452918134217
51,oracle,4.0,15.8769471432766,0.6292698786800666,0.9590898311587748,0.06040769818679656,0.9979452918134217
51,md_full,0.01,0.0396923678581915,0.627784871942477,2.2404146827871433e-05,0.0005644447040275976,-0.0007226284785223844
51,md_full,0.1,0.396923678581915,0.6272086120406458,0.00019210482942086382,0.00048398430173577625,-0.0007226284785223844
51,md_full,1.0,3.96923678581915,0.625624304445425,0.00015029722817151703,3.786552334405504e-05,-0.0007226284785223844
51,md_full,4.0,15.8769471432766,0.6208728967483393,-0.020146321136864417,-0.001268903962144622,-0.0007226284785223844
51,mean_diff_tgt_asis,0.01,0.0396923678581915,0.6956632874371487,0.00019693375490442418,0.004961501808307514,-0.017352128633114576
51,mean_diff_tgt_asis,0.1,0.396923678581915,0.6946002100176015,0.001908894380514645,0.004809222738574155,-0.017352128633114576
51,mean_diff_tgt_asis,1.0,3.96923678581915,0.6920871895743335,0.016350639063552014,0.004119340806768638,-0.017352128633114576
51,mean_diff_tgt_asis,4.0,15.8769471432766,0.686363523122117,0.028732957255713322,0.001809728091705643,-0.017352128633114576
51,probe_grad_tgt_asis,0.01,0.0396923678581915,0.9867098778014601,-0.0005149343273075702,-0.012973131992207433,0.012379494106079667
51,probe_grad_tgt_asis,0.1,0.396923678581915,0.987363751773021,-0.0052424271390807305,-0.013207645252634698,0.012379494106079667
51,probe_grad_tgt_asis,1.0,3.96923678581915,0.9986718996037846,-0.05917581413324258,-0.014908612745064586,0.012379494106079667
51,probe_grad_tgt_asis,4.0,15.8769471432766,1.0354941018648562,-0.33267907136095004,-0.02095359191907554,0.012379494106079667
51,jtw,0.01,0.0396923678581915,9.809039884257533,0.028558485214923955,0.7194956299144094,0.09015739413400906
51,jtw,0.1,0.396923678581915,9.723159523182051,0.2773984576373517,0.6988710238411833,0.09015739413400906
51,jtw,1.0,3.96923678581915,8.578411358071719,2.071993492903502,0.5220130732200434,0.09015739413400906
51,jtw,4.0,15.8769471432766,5.362307793562593,4.205917626240165,0.2649072008796881,0.09015739413400906
835,random0,0.01,0.07426405874550744,0.6890251160890196,-0.00020480991018991012,-0.002757860446218878,-0.022241398546016297
835,random0,0.1,0.7426405874550744,0.6887611077567675,-0.002123496694132751,-0.002859386801642067,-0.022241398546016297
835,random0,1.0,7.426405874550744,0.6829902704145158,-0.02622381085134949,-0.003531157775959274,-0.022241398546016297
835,random0,4.0,29.705623498202975,0.6637633582755478,-0.15706763672558613,-0.0052874714693360286,-0.022241398546016297
835,random1,0.01,0.07426405874550744,0.7466885166809842,-0.0011464845416160195,-0.015437946174539988,-0.016082405710014572
835,random1,0.1,0.7426405874550744,0.7478335734276981,-0.011511418855758206,-0.015500659471368554,-0.016082405710014572
835,random1,1.0,7.426405874550744,0.7596766345148391,-0.12025136866958061,-0.0161924046033715,-0.016082405710014572
835,random1,4.0,29.705623498202975,0.7906722297556527,-0.553271805423816,-0.018625153767847555,-0.016082405710014572
835,random2,0.01,0.07426405874550744,0.7492277692104777,0.0003135459407350961,0.004222041537072115,-0.017166864500445363
835,random2,0.1,0.7426405874550744,0.7491388397973358,0.003143855767139229,0.004233347625010348,-0.017166864500445363
835,random2,1.0,7.426405874550744,0.746201764223899,0.03301701078250359,0.004445893658418035,-0.017166864500445363
835,random2,4.0,29.705623498202975,0.733712843643613,0.1294703062366572,0.004358444327704127,-0.017166864500445363
835,random3,0.01,0.07426405874550744,0.7818678961761312,-0.00038823372384797015,-0.005227747182232429,0.00883110460024658
835,random3,0.1,0.7426405874550744,0.7813981868728151,-0.00392655697050015,-0.005287291102625985,0.00883110460024658
835,random3,1.0,7.426405874550744,0.7796994164015416,-0.04755305883048534,-0.006403239956685244,0.00883110460024658
835,random3,4.0,29.705623498202975,0.7724850115384055,-0.3270802624074151,-0.011010718641445167,0.00883110460024658
835,random4,0.01,0.07426405874550744,0.6314262880927013,0.00038954586476895776,0.005245415768398507,-0.06111194028513024
835,random4,0.1,0.7426405874550744,0.6311833947142035,0.0038607260637951004,0.00519864673303848,-0.06111194028513024
835,random4,1.0,7.426405874550744,0.6287115145263802,0.03627559180761037,0.004884676709082352,-0.06111194028513024
835,random4,4.0,29.705623498202975,0.6201887593865406,0.09730727055561456,0.003275718840289654,-0.06111194028513024
835,random5,0.01,0.07426405874550744,0.7963380735150444,0.0005472068919663742,0.0073683946340931325,-0.0026064843022571803
835,random5,0.1,0.7426405874550744,0.7968530269688779,0.005508018288698625,0.007416802127087929,-0.0026064843022571803
835,random5,1.0,7.426405874550744,0.7997322245431272,0.060793226125251815,0.008186089900308535,-0.0026064843022571803
835,random5,4.0,29.705623498202975,0.7956218580137768,0.26069668525129785,0.008776004491778082,-0.0026064843022571803
835,random6,0.01,0.07426405874550744,0.7747320283116367,-0.001129311504917337,-0.015206703269307294,-0.018279339941184174
835,random6,0.1,0.7426405874550744,0.7743246750057059,-0.011354486962138755,-0.01528934339698426,-0.018279339941184174
835,random6,1.0,7.426405874550744,0.7719559485677304,-0.1130771704226469,-0.015226365530349825,-0.018279339941184174
835,random6,4.0,29.705623498202975,0.7466179286242829,-0.44427376255465084,-0.014955880747008288,-0.018279339941184174
835,random7,0.01,0.07426405874550744,0.5926924392476091,0.0011537279525463792,0.015535482062730288,-0.01875477251246277
835,random7,0.1,0.7426405874550744,0.5927828115725172,0.01151644927165001,0.015507433159713601,-0.01875477251246277
835,random7,1.0,7.426405874550744,0.5912388690116487,0.11367443276588557,0.015306789675397621,-0.01875477251246277
835,random7,4.0,29.705623498202975,0.5834901330003328,0.439215293822465,0.01478559417711044,-0.01875477251246277
835,a_unit,0.01,0.07426405874550744,0.9150757603495986,0.008130561253715295,0.10948177881817088,1.0000001163343066
835,a_unit,0.1,0.7426405874550744,0.9149884703659785,0.08103096740571777,0.10911195640868429,1.0000001163343066
835,a_unit,1.0,7.426405874550744,0.9143868139187246,0.7870738053731416,0.10598313890577052,1.0000001163343066
835,a_unit,4.0,29.705623498202975,0.9235186242457238,2.8804168341281216,0.09696537203813853,1.0000001163343066
835,oracle,0.01,0.07426405874550744,1.0287956216478518,0.010791170174658471,0.14530811211973083,0.8618539594942664
835,oracle,0.1,0.7426405874550744,1.0307493049990024,0.10757063811605447,0.1448488541202468,0.8618539594942664
835,oracle,1.0,7.426405874550744,1.0490718253970315,1.0403081261183964,0.1400823148763505,0.8618539594942664
835,oracle,4.0,29.705623498202975,1.0857637850109239,3.568477202173112,0.12012800210670499,0.8618539594942664
835,md_full,0.01,0.07426405874550744,0.8035742306630252,-0.002005125214864242,-0.026999941138896352,-0.024945914482723864
835,md_full,0.1,0.7426405874550744,0.8035497855382076,-0.020067612954341098,-0.027021971722701023,-0.024945914482723864
835,md_full,1.0,7.426405874550744,0.7995366125946548,-0.1992496290098864,-0.026829886808730326,-0.024945914482723864
835,md_full,4.0,29.705623498202975,0.7754965440736817,-0.7574672305708186,-0.025499119068032393,-0.024945914482723864
835,mean_diff_tgt_asis,0.01,0.07426405874550744,0.7377362676683923,-0.0023488890583254424,-0.031628880753403976,-0.013252187248143922
835,mean_diff_tgt_asis,0.1,0.7426405874550744,0.7372915108964563,-0.023478270611961536,-0.031614580469427736,-0.013252187248143922
835,mean_diff_tgt_asis,1.0,7.426405874550744,0.7319157096149362,-0.2325224618877556,-0.031310228098975525,-0.013252187248143922
835,mean_diff_tgt_asis,4.0,29.705623498202975,0.7198380263799278,-0.8953960706132353,-0.030142308599158063,-0.013252187248143922
835,probe_grad_tgt_asis,0.01,0.07426405874550744,1.032688288701448,-0.0009730279621215061,-0.013102272870055985,0.02111720438699441
835,probe_grad_tgt_asis,0.1,0.7426405874550744,1.0331746999904579,-0.009755888065589437,-0.013136755828309227,0.02111720438699441
835,probe_grad_tgt_asis,1.0,7.426405874550744,1.0388192697975311,-0.10107903231986534,-0.013610760578848656,0.02111720438699441
835,probe_grad_tgt_asis,4.0,29.705623498202975,1.0472499364914347,-0.45717696957892323,-0.015390249917042808,0.02111720438699441
835,jtw,0.01,0.07426405874550744,6.522548595340709,0.057696022403392014,0.7769037052109988,0.14068734686276804
835,jtw,0.1,0.7426405874550744,6.518662415460425,0.5670519745178508,0.7635617876220027,0.14068734686276804
835,jtw,1.0,7.426405874550744,5.981242198457371,4.393692834384893,0.5916311212455362,0.14068734686276804
835,jtw,4.0,29.705623498202975,3.7436696729718464,8.549816071677501,0.2878180985561443,0.14068734686276804
1035,random0,0.01,0.08080965316415512,0.7337259263561016,-0.0005892558130556046,-0.007291898801478607,-0.012919887985972385
1035,random0,0.1,0.8080965316415512,0.733562543528024,-0.0058684976200918644,-0.007262124499124771,-0.012919887985972385
1035,random0,1.0,8.080965316415512,0.7304465371214067,-0.05682426627820611,-0.007031866126534961,-0.012919887985972385
1035,random0,4.0,32.323861265662046,0.7104128942956661,-0.18594710141643306,-0.005752626516002482,-0.012919887985972385
1035,random1,0.01,0.08080965316415512,0.6722515434087527,0.0011675228810819397,0.014447814529165928,-0.013881274937025298
1035,random1,0.1,0.8080965316415512,0.6725951226311774,0.011676930696617883,0.014449920571862373,-0.013881274937025298
1035,random1,1.0,8.080965316415512,0.6745117376597362,0.11838803486617291,0.014650234251801801,-0.013881274937025298
1035,random1,4.0,32.323861265662046,0.6735810788656557,0.47583772417900205,0.014720943153053596,-0.013881274937025298
1035,random2,0.01,0.08080965316415512,0.6538009693644757,-4.7546176454694696e-05,-0.0005883724851300914,-0.029523394458129435
1035,random2,0.1,0.8080965316415512,0.6537957332548031,-0.00044262138319807205,-0.0005477333039642428,-0.029523394458129435
1035,random2,1.0,8.080965316415512,0.6507827565426242,-0.0018542482758480867,-0.00022945875934913417,-0.029523394458129435
1035,random2,4.0,32.323861265662046,0.642420088839247,0.0036260717435999817,0.0001121794117911276,-0.029523394458129435
1035,random3,0.01,0.08080965316415512,0.6114739058187205,-0.00042126291618367726,-0.005213027153178497,-0.008305583687855106
1035,random3,0.1,0.8080965316415512,0.611727440583465,-0.004198058749723249,-0.005194996619024458,-0.008305583687855106
1035,random3,1.0,8.080965316415512,0.6139155107135836,-0.04212637819261259,-0.00521303786653284,-0.008305583687855106
1035,random3,4.0,32.323861265662046,0.628039898958215,-0.18415288707063454,-0.005697119089737647,-0.008305583687855106
1035,random4,0.01,0.08080965316415512,0.6081441373910111,0.00019633494997881062,0.0024295977311024923,-0.03331813455792336
1035,random4,0.1,0.8080965316415512,0.6085165768298637,0.0019348205203309297,0.002394293805964708,-0.03331813455792336
1035,random4,1.0,8.080965316415512,0.6137074238696599,0.017119362000459187,0.002118479826374611,-0.03331813455792336
1035,random4,4.0,32.323861265662046,0.6323704874651772,0.055160144028864044,0.0017064837512918423,-0.03331813455792336
1035,random5,0.01,0.08080965316415512,0.7345507225270326,-0.001604441483716724,-0.019854577032492562,-0.017349485924851842
1035,random5,0.1,0.8080965316415512,0.7350086467611909,-0.015960797819953243,-0.019751102987078533,-0.017349485924851842
1035,random5,1.0,8.080965316415512,0.7415842201774723,-0.1505599824331016,-0.018631435297371844,-0.017349485924851842
1035,random5,4.0,32.323861265662046,0.7670445283525846,-0.5031272547405846,-0.015565196577398431,-0.017349485924851842
1035,random6,0.01,0.08080965316415512,0.6163192480566141,-0.0008592171135751586,-0.010632604892261598,-0.008941832847754357
1035,random6,0.1,0.8080965316415512,0.6167512475860617,-0.008660705327973566,-0.010717414304922684,-0.008941832847754357
1035,random6,1.0,8.080965316415512,0.6187770421901355,-0.0929702057708656,-0.011504839104061958,-0.008941832847754357
1035,random6,4.0,32.323861265662046,0.6269877900057284,-0.44113747639903306,-0.01364742512577412,-0.008941832847754357
1035,random7,0.01,0.08080965316415512,0.5528842312841683,0.0005691620484419773,0.007043243302700395,-0.010800787563563239
1035,random7,0.1,0.8080965316415512,0.5530396974123537,0.005640471627251934,0.006979947823552704,-0.010800787563563239
1035,random7,1.0,8.080965316415512,0.5551818685815887,0.05490768868153043,0.0067946942638142565,-0.010800787563563239
1035,random7,4.0,32.323861265662046,0.5648500534394407,0.18924220472133083,0.005854566790953427,-0.010800787563563239
1035,a_unit,0.01,0.08080965316415512,0.6836905781011176,0.00574044363902472,0.0710366078092638,1.0000000299121794
1035,a_unit,0.1,0.8080965316415512,0.6843368069849546,0.05736231317349344,0.07098448134280293,1.0000000299121794
1035,a_unit,1.0,8.080965316415512,0.6925981731226275,0.5715013350646073,0.07072191411385852,1.0000000299121794
1035,a_unit,4.0,32.323861265662046,0.7361169453351263,2.273708755896533,0.07034149593730363,1.0000000299121794
1035,oracle,0.01,0.08080965316415512,0.7562108067368405,0.0076853203766100225,0.0951039891360283,0.8563886757765008
1035,oracle,0.1,0.8080965316415512,0.7569004141729551,0.07678277417794349,0.0950168342165366,0.8563886757765008
1035,oracle,1.0,8.080965316415512,0.7657294833236606,0.7625504503377911,0.09436378210766,0.8563886757765008
1035,oracle,4.0,32.323861265662046,0.7999789041611048,2.9788965939437304,0.09215782017689332,0.8563886757765008
1035,md_full,0.01,0.08080965316415512,0.6984548846561921,-0.0017419572412921637,-0.021556301420494733,-0.013655256052349737
1035,md_full,0.1,0.8080965316415512,0.6984955608855982,-0.017374192429516107,-0.021500144783720972,-0.013655256052349737
1035,md_full,1.0,8.080965316415512,0.6977976314504895,-0.16504514889711297,-0.020423939768908987,-0.013655256052349737
1035,md_full,4.0,32.323861265662046,0.6923299723117589,-0.5313090785107486,-0.016437054785752452,-0.013655256052349737
1035,mean_diff_tgt_asis,0.01,0.08080965316415512,0.7979425160751962,-0.0034017068080912766,-0.04209530266366961,-0.0012575362109134864
1035,mean_diff_tgt_asis,0.1,0.8080965316415512,0.7986655652534377,-0.03387715763486818,-0.04192216685554979,-0.0012575362109134864
1035,mean_diff_tgt_asis,1.0,8.080965316415512,0.8060522389403566,-0.32580859842620224,-0.04031802955079651,-0.0012575362109134864
1035,mean_diff_tgt_asis,4.0,32.323861265662046,0.8232225696498305,-1.0783814709126331,-0.03336177760601294,-0.0012575362109134864
1035,probe_grad_tgt_asis,0.01,0.08080965316415512,0.9088100600017824,-0.0014163187727175815,-0.01752660378136384,0.009025638291246753
1035,probe_grad_tgt_asis,0.1,0.8080965316415512,0.909723577978139,-0.01412178080723416,-0.01747536371496046,0.009025638291246753
1035,probe_grad_tgt_asis,1.0,8.080965316415512,0.9181579615480292,-0.1363215238632242,-0.01686946033369347,0.009025638291246753
1035,probe_grad_tgt_asis,4.0,32.323861265662046,0.9411589813269674,-0.4504529323661768,-0.013935616437158061,0.009025638291246753
1035,jtw,0.01,0.08080965316415512,4.702575708981337,0.062398870976557115,0.7721710035037682,0.09179977862585866
1035,jtw,0.1,0.8080965316415512,4.710947988513695,0.613413999389435,0.7590850540384798,0.09179977862585866
1035,jtw,1.0,8.080965316415512,4.702242559683827,5.050946103780191,0.6250424183259147,0.09179977862585866
1035,jtw,4.0,32.323861265662046,3.3643500289142954,9.705374561651585,0.30025418318329744,0.09179977862585866
138,random0,0.01,0.0971135090373459,0.5752389165868659,-0.0009683681512478721,-0.009971508195378637,-0.0009922833318512687
138,random0,0.1,0.9711350903734591,0.5752156817615359,-0.00971028423114088,-0.009998901622849093,-0.0009922833318512687
138,random0,1.0,9.71135090373459,0.574118519328879,-0.10153859941187993,-0.010455661670389473,-0.0009922833318512687
138,random0,4.0,38.84540361493836,0.5695818535156002,-0.43400276270414356,-0.011172564121260508,-0.0009922833318512687
138,random1,0.01,0.0971135090373459,0.6310037469962614,-0.001387866421286069,-0.01429117776757868,-0.015165621311709525
138,random1,0.1,0.9711350903734591,0.631787273560167,-0.01386322372163009,-0.014275278340831919,-0.015165621311709525
138,random1,1.0,9.71135090373459,0.6374561388446458,-0.13518062165920833,-0.013919857597486603,-0.015165621311709525
138,random1,4.0,38.84540361493836,0.6534822810067132,-0.47695546361553065,-0.012278298568948656,-0.015165621311709525
138,random2,0.01,0.0971135090373459,0.6194756172032223,0.0006182322752076692,0.006366079048486676,-0.010488155509948471
138,random2,0.1,0.9711350903734591,0.6192371182729457,0.006199267014540668,0.006383526942844462,-0.010488155509948471
138,random2,1.0,9.71135090373459,0.616913592711094,0.06132391135859598,0.006314663321970304,-0.010488155509948471
138,random2,4.0,38.84540361493836,0.6106502544906011,0.21928833173364667,0.005645155187660795,-0.010488155509948471
138,random3,0.01,0.0971135090373459,0.6917387106433626,2.6485879475395316e-05,0.0002727311548922604,-0.010565579092731937
138,random3,0.1,0.9711350903734591,0.6918850190244776,0.00020075103129262722,0.00020671792553127343,-0.010565579092731937
138,random3,1.0,9.71135090373459,0.695802516296685,-0.006524555208077626,-0.0006718483630911274,-0.010565579092731937
138,random3,4.0,38.84540361493836,0.7133701420466494,-0.19004335317743087,-0.004892299615709178,-0.010565579092731937
138,random4,0.01,0.0971135090373459,0.5033286326470088,0.00043495510063572707,0.004478832089863636,-0.032443077825634534
138,random4,0.1,0.9711350903734591,0.5030396015102083,0.004376930844640577,0.004507025735170775,-0.032443077825634534
138,random4,1.0,9.71135090373459,0.5003770924121463,0.04605173392446961,0.004742052303635736,-0.032443077825634534
138,random4,4.0,38.84540361493836,0.4986426672346257,0.2314439769329767,0.005958078830309096,-0.032443077825634534
138,random5,0.01,0.0971135090373459,0.614605699204963,-0.0011732136693852432,-0.012080849317617314,-0.014755034844938947
138,random5,0.1,0.9711350903734591,0.6137604774982935,-0.011639212589685878,-0.011985163243570891,-0.014755034844938947
138,random5,1.0,9.71135090373459,0.6082283666010583,-0.10911256553282218,-0.011235570273839238,-0.014755034844938947
138,random5,4.0,38.84540361493836,0.5939178096448225,-0.3458512360610393,-0.008903273074192978,-0.014755034844938947
138,random6,0.01,0.0971135090373459,0.6071336647932536,0.0010249341504033206,0.010553981218093691,-0.016944396537509468
138,random6,0.1,0.9711350903734591,0.607175072657404,0.010273114366350217,0.010578460677802914,-0.016944396537509468
138,random6,1.0,9.71135090373459,0.6086420322908187,0.10425632932576065,0.010735512531595158,-0.016944396537509468
138,random6,4.0,38.84540361493836,0.616867330198818,0.43290399161219273,0.011144278378554816,-0.016944396537509468
138,random7,0.01,0.0971135090373459,0.5688281151750525,0.00081541550250747,0.008396519810584688,-0.009343809187473967
138,random7,0.1,0.9711350903734591,0.5692156158279114,0.008175104555337993,0.008418092020744694,-0.009343809187473967
138,random7,1.0,9.71135090373459,0.5708939912046046,0.08140154180883347,0.008382102821300561,-0.009343809187473967
138,random7,4.0,38.84540361493836,0.5778837489513823,0.30191036641170155,0.00777210012809853,-0.009343809187473967
138,a_unit,0.01,0.0971135090373459,0.839876637067598,0.008740142949173198,0.08999924970080213,0.999999915052998
138,a_unit,0.1,0.9711350903734591,0.8394913776914643,0.08728573765107994,0.08988011916808956,0.999999915052998
138,a_unit,1.0,9.71135090373459,0.8371038685502417,0.8627245980929807,0.08883672381369846,0.999999915052998
138,a_unit,4.0,38.84540361493836,0.8389635637226197,3.304922535504101,0.08507885690324407,0.999999915052998
138,oracle,0.01,0.0971135090373459,0.955768536157648,0.01138295819169488,0.11721292232697984,0.5909461087602615
138,oracle,0.1,0.9711350903734591,0.95737379821093,0.11379924978085681,0.11718168863313778,0.5909461087602615
138,oracle,1.0,9.71135090373459,0.9710593626012427,1.1326020701850261,0.11662662397972598,0.5909461087602615
138,oracle,4.0,38.84540361493836,0.9956947612784449,4.110357853276534,0.1058132358211837,0.5909461087602615
138,md_full,0.01,0.0971135090373459,0.6543994288695574,-0.0019735019173715085,-0.020321600330728242,-0.0077168278612470016
138,md_full,0.1,0.9711350903734591,0.6540834844150362,-0.01969066986885931,-0.0202759328378167,-0.0077168278612470016
138,md_full,1.0,9.71135090373459,0.6537941124329378,-0.1906958452498378,-0.019636387062947538,-0.0077168278612470016
138,md_full,4.0,38.84540361493836,0.6543521336843983,-0.6839157027526002,-0.01760609078829584,-0.0077168278612470016
138,mean_diff_tgt_asis,0.01,0.0971135090373459,0.6186358294675148,-0.0020185335346521263,-0.020785301186839827,0.007640363142567871
138,mean_diff_tgt_asis,0.1,0.9711350903734591,0.618298076847213,-0.020073885002411092,-0.020670538220065232,0.007640363142567871
138,mean_diff_tgt_asis,1.0,9.71135090373459,0.615918323268013,-0.18890399679313857,-0.01945187633169488,0.007640363142567871
138,mean_diff_tgt_asis,4.0,38.84540361493836,0.6130695808411473,-0.5855738267996671,-0.015074468851045204,0.007640363142567871
138,probe_grad_tgt_asis,0.01,0.0971135090373459,0.8414769585121639,-4.3596836984248965e-05,-0.000448926595449078,0.04420090488868185
138,probe_grad_tgt_asis,0.1,0.9711350903734591,0.8421001644555074,-0.0005193881646175739,-0.0005348258648730717,0.04420090488868185
138,probe_grad_tgt_asis,1.0,9.71135090373459,0.850151354973151,-0.011680754579120316,-0.001202793997962567,0.04420090488868185
138,probe_grad_tgt_asis,4.0,38.84540361493836,0.8872810001275447,-0.1576900599519498,-0.004059426477198672,0.04420090488868185
138,jtw,0.01,0.0971135090373459,5.406596493497754,0.058579777859004076,0.6032093623192699,0.1488679715704868
138,jtw,0.1,0.9711350903734591,5.392558073714942,0.5733652848752214,0.5904073393689527,0.1488679715704868
138,jtw,1.0,9.71135090373459,4.765659983945626,4.357247702763765,0.4486757554078439,0.1488679715704868
138,jtw,4.0,38.84540361493836,2.8142895223586843,8.427969687547547,0.21696182567933192,0.1488679715704868
619,random0,0.01,0.06170179406486533,0.35208369297511394,1.6292515579817445e-05,0.00026405254217875076,0.023205873037770615
619,random0,0.1,0.6170179406486533,0.35216237534595385,0.00014160466260989255,0.0002294984526074357,0.023205873037770615
619,random0,1.0,6.170179406486533,0.35282453262014274,0.0011382846502253074,0.0001844816131324579,0.023205873037770615
619,random0,4.0,24.680717625946134,0.3576044285223408,0.0016964769320720816,6.873693697984793e-05,0.023205873037770615
619,random1,0.01,0.06170179406486533,0.4267100991547308,0.0005356686081862349,0.008681572656106269,-0.0020452109725828498
619,random1,0.1,0.6170179406486533,0.42760400620384503,0.005393191401044304,0.008740736769136073,-0.0020452109725828498
619,random1,1.0,6.170179406486533,0.4331795870045373,0.05650922624158972,0.009158441354587387,-0.0020452109725828498
619,random1,4.0,24.680717625946134,0.45282174866685615,0.2592335182846359,0.01050348382139874,-0.0020452109725828498
619,random2,0.01,0.06170179406486533,0.4759403091647036,-0.0005200759065982519,-0.008428861988218867,-0.014522842119704452
619,random2,0.1,0.6170179406486533,0.4753508334257814,-0.00515573258293965,-0.00835588763840412,-0.014522842119704452
619,random2,1.0,6.170179406486533,0.472332512880517,-0.049792235462248126,-0.00806981972191975,-0.014522842119704452
619,random2,4.0,24.680717625946134,0.4637370905939943,-0.17615175065676322,-0.007137221588386066,-0.014522842119704452
619,random3,0.01,0.06170179406486533,0.5750958430976928,-0.0017513749779299133,-0.02838450655241471,0.01070907305891599
619,random3,0.1,0.6170179406486533,0.5745013012719775,-0.017504877604165168,-0.028370127432215002,0.01070907305891599
619,random3,1.0,6.170179406486533,0.5722826886895984,-0.17438771514192603,-0.028262989396807037,0.01070907305891599
619,random3,4.0,24.680717625946134,0.5644506247003201,-0.683406869333969,-0.02768991079155344,0.01070907305891599
619,random4,0.01,0.06170179406486533,0.41186481147889525,0.0006737523602254201,0.010919493840278348,0.003647062452731605
619,random4,0.1,0.6170179406486533,0.4122103188985909,0.006747910500375659,0.01093632786962689,0.003647062452731605
619,random4,1.0,6.170179406486533,0.41465710687396934,0.06862620584647863,0.011122238321682165,0.003647062452731605
619,random4,4.0,24.680717625946134,0.42278266412258336,0.2862734725904884,0.011599074100241611,0.003647062452731605
619,random5,0.01,0.06170179406486533,0.3804831633931165,0.0005796426345725378,0.009394259005875517,-0.017115980206779575
619,random5,0.1,0.6170179406486533,0.381048907515231,0.005837598953600873,0.009460987386305124,-0.017115980206779575
619,random5,1.0,6.170179406486533,0.3860141279881176,0.060577563838173684,0.00981779618506558,-0.017115980206779575
619,random5,4.0,24.680717625946134,0.40492039610129626,0.26625571934276604,0.010788005574961849,-0.017115980206779575
619,random6,0.01,0.06170179406486533,0.4415365933138247,-0.0006267931772869844,-0.010158427105507737,-0.002415138790462722
619,random6,0.1,0.6170179406486533,0.44106884120505746,-0.006231855982718678,-0.010099959129498416,-0.002415138790462722
619,random6,1.0,6.170179406486533,0.4381834613441114,-0.061736878288469244,-0.01000568609456753,-0.002415138790462722
619,random6,4.0,24.680717625946134,0.4287170188821129,-0.23785352911189134,-0.009637220955919155,-0.002415138790462722
619,random7,0.01,0.06170179406486533,0.3617677836945218,0.0005664288948720696,0.00918010413565283,-0.019949820571968247
619,random7,0.1,0.6170179406486533,0.36225455861146016,0.005695435502579916,0.009230583306204139,-0.019949820571968247
619,random7,1.0,6.170179406486533,0.3661216075175706,0.05794261359435535,0.009390750216021584,-0.019949820571968247
619,random7,4.0,24.680717625946134,0.38041289500238235,0.24002346978324307,0.009725141441224272,-0.019949820571968247
619,a_unit,0.01,0.06170179406486533,0.7615354738484614,0.0023929945404757165,0.038783224649189776,0.9999999367848648
619,a_unit,0.1,0.6170179406486533,0.761549034040758,0.02389769538432923,0.03873095709211675,0.9999999367848648
619,a_unit,1.0,6.170179406486533,0.7593146283675636,0.23390661159634032,0.037909207526517136,0.9999999367848648
619,a_unit,4.0,24.680717625946134,0.7579574540052313,0.8800742368404189,0.03565837307401556,0.9999999367848648
619,oracle,0.01,0.06170179406486533,0.5515200379686662,0.002866137157594613,0.04645143955751959,0.7338430878786816
619,oracle,0.1,0.6170179406486533,0.5520456576903899,0.028653373007054964,0.046438476289575134,0.7338430878786816
619,oracle,1.0,6.170179406486533,0.5528839345139497,0.28301212626391814,0.04586773051791583,0.7338430878786816
619,oracle,4.0,24.680717625946134,0.5628389816004519,1.0829000556776818,0.043876360164635565,0.7338430878786816
619,md_full,0.01,0.06170179406486533,0.46517677932078844,-0.0003407949345918544,-0.005523258111969749,-0.00843555833628738
619,md_full,0.1,0.6170179406486533,0.46403285652819076,-0.003373740623670772,-0.00546781608995689,-0.00843555833628738
619,md_full,1.0,6.170179406486533,0.46105439500038886,-0.032261743025301076,-0.005228655586802748,-0.00843555833628738
619,md_full,4.0,24.680717625946134,0.453378922172806,-0.10689282830984476,-0.004331025942190246,-0.00843555833628738
619,mean_diff_tgt_asis,0.01,0.06170179406486533,0.4833308095376176,-0.00037346033481157955,-0.006052665736412321,0.03689362387048237
619,mean_diff_tgt_asis,0.1,0.6170179406486533,0.4832049109475076,-0.0037128074566983747,-0.006017341169683342,0.03689362387048237
619,mean_diff_tgt_asis,1.0,6.170179406486533,0.48119326768302045,-0.03535818965194833,-0.005730496201581638,0.03689362387048237
619,mean_diff_tgt_asis,4.0,24.680717625946134,0.47490161599576963,-0.11886673763669811,-0.004816178339633727,0.03689362387048237
619,probe_grad_tgt_asis,0.01,0.06170179406486533,0.6785331038852386,-0.0009594057989731475,-0.015549074601697183,0.05238479662318593
619,probe_grad_tgt_asis,0.1,0.6170179406486533,0.6782888829190516,-0.009543322727701375,-0.015466848042811773,0.05238479662318593
619,probe_grad_tgt_asis,1.0,6.170179406486533,0.6770849817659911,-0.09049212366415545,-0.014666044162188164,0.05238479662318593
619,probe_grad_tgt_asis,4.0,24.680717625946134,0.6773029016976053,-0.29000005281271185,-0.011750065666965983,0.05238479662318593
619,jtw,0.01,0.06170179406486533,3.3217643944966997,0.027513133552211376,0.44590492009499116,0.08699247501016212
619,jtw,0.1,0.6170179406486533,3.3066834863959818,0.2722883993856465,0.44129737799746543,0.08699247501016212
619,jtw,1.0,6.170179406486533,3.1360340459955243,2.3892827769481957,0.387230681564366,0.08699247501016212
619,jtw,4.0,24.680717625946134,2.4634101572929583,5.4475931470465735,0.22072263981982737,0.08699247501016212
1452,random0,0.01,0.03570420852274375,0.6054018556761704,-0.00066881853567304,-0.018732204503203013,-0.018836843037210012
1452,random0,0.1,0.3570420852274376,0.6052201929441267,-0.006715139344959648,-0.018807696971302613,-0.018836843037210012
1452,random0,1.0,3.5704208522743754,0.6029923932347296,-0.06838822137610859,-0.019154106534120467,-0.018836843037210012
1452,random0,4.0,14.281683409097502,0.5938679609254428,-0.28796470734258467,-0.020163218795282198,-0.018836843037210012
1452,random1,0.01,0.03570420852274375,0.6902003169260607,-0.0004442866976187266,-0.012443538619143841,-0.03292832111463371
1452,random1,0.1,0.3570420852274376,0.6897343938064178,-0.004430981120954012,-0.012410248831398839,-0.03292832111463371
1452,random1,1.0,3.5704208522743754,0.6936905103751319,-0.0445540007298631,-0.012478641194771755,-0.03292832111463371
1452,random1,4.0,14.281683409097502,0.705849649629355,-0.18171058140560842,-0.012723330730735699,-0.03292832111463371
1452,random2,0.01,0.03570420852274375,0.6180626477088701,-1.906752004327038e-05,-0.0005340412470178209,0.001196914480027564
1452,random2,0.1,0.3570420852274376,0.6185527112219344,-0.00018951045292934653,-0.0005307790335378179,0.001196914480027564
1452,random2,1.0,3.5704208522743754,0.6181650190994872,-0.002679870103737393,-0.0007505754124280062,0.001196914480027564
1452,random2,4.0,14.281683409097502,0.6165593872893327,-0.022375467091067018,-0.0015667247655702643,0.001196914480027564
1452,random3,0.01,0.03570420852274375,0.714863275643168,0.0006133579211073287,0.017178869004101205,0.01872252736263025
1452,random3,0.1,0.3570420852274376,0.715405693991924,0.006096279716864687,0.017074400943466725,0.01872252736263025
1452,random3,1.0,3.5704208522743754,0.7158972930231389,0.059383606673326234,0.016632102805331363,0.01872252736263025
1452,random3,4.0,14.281683409097502,0.7169794244718314,0.21323222415487728,0.014930468492184004,0.01872252736263025
1452,random4,0.01,0.03570420852274375,0.5754080509803896,0.0003592901266334937,0.010062962925074342,-0.019897432737398267
1452,random4,0.1,0.3570420852274376,0.576086284420688,0.003597008656282096,0.010074466862893162,-0.019897432737398267
1452,random4,1.0,3.5704208522743754,0.5752364599258311,0.034862944295964655,0.009764379533509835,-0.019897432737398267
1452,random4,4.0,14.281683409097502,0.5714628254163839,0.12415943227714084,0.008693613261168544,-0.019897432737398267
1452,random5,0.01,0.03570420852274375,0.5676186214697887,0.00034976613516233597,0.009796215898177193,0.020173401902866893
1452,random5,0.1,0.3570420852274376,0.5675187585831657,0.0034945873243837763,0.00978760619258009,0.020173401902866893
1452,random5,1.0,3.5704208522743754,0.5688548670371043,0.03468834645507584,0.009715478340033555,0.020173401902866893
1452,random5,4.0,14.281683409097502,0.5737264064488766,0.13432400263526606,0.009405334006332967,0.020173401902866893
1452,random6,0.01,0.03570420852274375,0.5500604853726504,-0.0003610412056745867,-0.01011200697656137,0.006974038469949774
1452,random6,0.1,0.3570420852274376,0.5501777241071697,-0.003622289076610013,-0.010145272018290496,0.006974038469949774
1452,random6,1.0,3.5704208522743754,0.5503652645663378,-0.03705270684005933,-0.01037768609727242,0.006974038469949774
1452,random6,4.0,14.281683409097502,0.5507996281486245,-0.1576031492688153,-0.011035334193756272,0.006974038469949774
1452,random7,0.01,0.03570420852274375,0.5443936350867018,-0.0001657748933861502,-0.004643007092022522,-0.024023525539284697
1452,random7,0.1,0.3570420852274376,0.5441349385243306,-0.0016918020628037492,-0.004738382764390542,-0.024023525539284697
1452,random7,1.0,3.5704208522743754,0.543817781022774,-0.017337030764472003,-0.004855738715907462,-0.024023525539284697
1452,random7,4.0,14.281683409097502,0.5435356518324124,-0.07460619187998158,-0.005223907416436431,-0.024023525539284697
1452,a_unit,0.01,0.03570420852274375,0.7723957632492355,0.0018113647858608352,0.050732528763576624,1.0000001550370041
1452,a_unit,0.1,0.3570420852274376,0.7722368699633837,0.018084291252640338,0.050650307067080215,1.0000001550370041
1452,a_unit,1.0,3.5704208522743754,0.77627980129101,0.1776858245688926,0.04976607294227118,1.0000001550370041
1452,a_unit,4.0,14.281683409097502,0.794564791046941,0.6736702064951691,0.047170224069386514,1.0000001550370041
1452,oracle,0.01,0.03570420852274375,0.8018326578958201,0.001682866742581824,0.04713356806410734,0.9404084659888042
1452,oracle,0.1,0.3570420852274376,0.8018410584709411,0.016785064637226857,0.04701144579786634,0.9404084659888042
1452,oracle,1.0,3.5704208522743754,0.8072749988914669,0.16412569031462748,0.045968163727835784,0.9404084659888042
1452,oracle,4.0,14.281683409097502,0.8313364367263444,0.6130285658217112,0.042924111133230206,0.9404084659888042
1452,md_full,0.01,0.03570420852274375,0.6343059625374171,-0.00017387898275188262,-0.00486998563883921,-0.0007226284785223844
1452,md_full,0.1,0.3570420852274376,0.6338507227404434,-0.0017746298503141197,-0.004970366026132946,-0.0007226284785223844
1452,md_full,1.0,3.5704208522743754,0.6335514280851406,-0.018196663502373048,-0.005096503817128921,-0.0007226284785223844
1452,md_full,4.0,14.281683409097502,0.6330587129352216,-0.0787139702179814,-0.0055115330569392275,-0.0007226284785223844
1452,mean_diff_tgt_asis,0.01,0.03570420852274375,0.6619952762973339,-0.00018929785128435296,-0.005301835809181131,-0.017352128633114576
1452,mean_diff_tgt_asis,0.1,0.3570420852274376,0.662257319927872,-0.0019268544505008098,-0.005396715205921436,-0.017352128633114576
1452,mean_diff_tgt_asis,1.0,3.5704208522743754,0.6589691609005903,-0.018883141346291862,-0.0052887718640404,-0.017352128633114576
1452,mean_diff_tgt_asis,4.0,14.281683409097502,0.6486495194012294,-0.07026646430783925,-0.004920040746952784,-0.017352128633114576
1452,probe_grad_tgt_asis,0.01,0.03570420852274375,0.9249342279250822,-0.00020913450089527858,-0.005857418762330466,0.012379494106079667
1452,probe_grad_tgt_asis,0.1,0.3570420852274376,0.9256104596006087,-0.0021178361188622036,-0.005931614805333471,0.012379494106079667
1452,probe_grad_tgt_asis,1.0,3.5704208522743754,0.9274298048006081,-0.023192975983489624,-0.006495866157827189,0.012379494106079667
1452,probe_grad_tgt_asis,4.0,14.281683409097502,0.9331870257951697,-0.1222732532248382,-0.008561543462512937,0.012379494106079667
1452,jtw,0.01,0.03570420852274375,4.395484390443991,0.017446937956308306,0.48865214153100534,0.10374378660290415
1452,jtw,0.1,0.3570420852274376,4.3873778734170665,0.17265721374199128,0.48357664512296294,0.10374378660290415
1452,jtw,1.0,3.5704208522743754,4.283311322702881,1.5484929973048644,0.4337004127450317,0.10374378660290415
1452,jtw,4.0,14.281683409097502,3.7775080912030914,4.292746587376315,0.3005770723528162,0.10374378660290415
67,random0,0.01,0.03064427288149767,0.5283304222922018,-0.00025110968758261434,-0.008194343150306196,-0.018836843037210012
67,random0,0.1,0.3064427288149767,0.5290078584083402,-0.0024847150966017576,-0.00810825274337631,-0.018836843037210012
67,random0,1.0,3.064427288149767,0.5288375328578033,-0.025645820274408627,-0.00836887870486658,-0.018836843037210012
67,random0,4.0,12.257709152599068,0.528521519890714,-0.11265701199109378,-0.009190706892177035,-0.018836843037210012
67,random1,0.01,0.03064427288149767,0.4692292164043432,-0.00027980405235039564,-0.009130712725095693,-0.03292832111463371
67,random1,0.1,0.3064427288149767,0.4696004813814549,-0.002812579393792076,-0.009178156729867293,-0.03292832111463371
67,random1,1.0,3.064427288149767,0.4716961812487387,-0.02923125093408785,-0.009538895260176667,-0.03292832111463371
67,random1,4.0,12.257709152599068,0.47964983584033,-0.1327301149475072,-0.010828296975814907,-0.03292832111463371
67,random2,0.01,0.03064427288149767,0.6218867972220598,-0.00015526914734312965,-0.005066824327780925,0.001196914480027564
67,random2,0.1,0.3064427288149767,0.6220095954615916,-0.001571075083195222,-0.00512681468824735,0.001196914480027564
67,random2,1.0,3.064427288149767,0.6253439020620934,-0.01699539360577929,-0.005546026062194717,0.001196914480027564
67,random2,4.0,12.257709152599068,0.6363195879024249,-0.08607570675861893,-0.007022169125326965,0.001196914480027564
67,random3,0.01,0.03064427288149767,0.5680768065982359,0.00021943946050498732,0.007160863674382693,0.01872252736263025
67,random3,0.1,0.3064427288149767,0.5673022783817827,0.0021940286469764943,0.007159669460785933,0.01872252736263025
67,random3,1.0,3.064427288149767,0.5648789811346602,0.02126008301505705,0.006937701898580016,0.01872252736263025
67,random3,4.0,12.257709152599068,0.5586616016445657,0.07530370403567765,0.006143375005737561,0.01872252736263025
67,random4,0.01,0.03064427288149767,0.5394436989145206,-6.278840730891005e-05,-0.002048944269348949,-0.019897432737398267
67,random4,0.1,0.3064427288149767,0.5399126375088835,-0.0006305236912693877,-0.002057558009966958,-0.019897432737398267
67,random4,1.0,3.064427288149767,0.5387478388077864,-0.006255177623418413,-0.002041222399894223,-0.019897432737398267
67,random4,4.0,12.257709152599068,0.5350743943734442,-0.024483855968696743,-0.001997425103164999,-0.019897432737398267
67,random5,0.01,0.03064427288149767,0.4986522331183111,0.00031710719264523045,0.010348008382234866,0.020173401902866893
67,random5,0.1,0.3064427288149767,0.49866583877929505,0.0032002766033002693,0.010443310616883734,0.020173401902866893
67,random5,1.0,3.064427288149767,0.4985388370747161,0.03142924257766412,0.010256155432110252,0.020173401902866893
67,random5,4.0,12.257709152599068,0.4992006717057354,0.11822957771842452,0.00964532411779045,0.020173401902866893
67,random6,0.01,0.03064427288149767,0.5703124600247488,-6.22238491062825e-05,-0.002030521309704557,0.006974038469949774
67,random6,0.1,0.3064427288149767,0.5703674122471352,-0.0006353513268749536,-0.002073311803911538,0.006974038469949774
67,random6,1.0,3.064427288149767,0.5693904722312174,-0.007298714818785577,-0.0023817549357460456,0.006974038469949774
67,random6,4.0,12.257709152599068,0.5670501067542175,-0.041806907576440844,-0.003410662388540709,0.006974038469949774
67,random7,0.01,0.03064427288149767,0.5035020639440407,-0.00016567070605142862,-0.005406253452058799,-0.024023525539284697
67,random7,0.1,0.3064427288149767,0.5041832199237917,-0.0016486340005788165,-0.0053799090190657615,-0.024023525539284697
67,random7,1.0,3.064427288149767,0.5054581014310645,-0.016630190841814003,-0.005426851179051778,-0.024023525539284697
67,random7,4.0,12.257709152599068,0.5100366512902433,-0.06756249042035986,-0.005511836639233215,-0.024023525539284697
67,a_unit,0.01,0.03064427288149767,0.7167980333488123,0.0019740430523242877,0.06441800919728041,1.0000001550370041
67,a_unit,0.1,0.3064427288149767,0.7173628854557788,0.019737271848083666,0.06440770164267984,1.0000001550370041
67,a_unit,1.0,3.064427288149767,0.7121485023230483,0.1954435666505514,0.06377817068994836,1.0000001550370041
67,a_unit,4.0,12.257709152599068,0.6966764106194931,0.7591678305967069,0.06193390797135503,1.0000001550370041
67,oracle,0.01,0.03064427288149767,0.7174616466079503,0.0019618551376479366,0.06402028676726935,0.9994328918650061
67,oracle,0.1,0.3064427288149767,0.718869888695098,0.019593090333625347,0.06393720095559917,0.9994328918650061
67,oracle,1.0,3.064427288149767,0.7133840426012144,0.19400517021177507,0.06330878561289378,0.9994328918650061
67,oracle,4.0,12.257709152599068,0.6970497826555734,0.7535588407622126,0.06147631921927528,0.9994328918650061
67,md_full,0.01,0.03064427288149767,0.575125128579999,-6.773684953750034e-06,-0.00022104244339371596,-0.0007226284785223844
67,md_full,0.1,0.3064427288149767,0.5751229443842022,-5.2921265744343676e-05,-0.0001726954525858447,-0.0007226284785223844
67,md_full,1.0,3.064427288149767,0.5747231915145753,-0.0017181003962580196,-0.0005606595408225106,-0.0007226284785223844
67,md_full,4.0,12.257709152599068,0.5738197108310927,-0.021242200224368124,-0.0017329665731107698,-0.0007226284785223844
67,mean_diff_tgt_asis,0.01,0.03064427288149767,0.6303675915819098,-0.0001974658876316191,-0.006443810508907347,-0.017352128633114576
67,mean_diff_tgt_asis,0.1,0.3064427288149767,0.6298718488384417,-0.001976277732213371,-0.00644909324445614,-0.017352128633114576
67,mean_diff_tgt_asis,1.0,3.064427288149767,0.6310132338083667,-0.02080048166251635,-0.00678772237244866,-0.017352128633114576
67,mean_diff_tgt_asis,4.0,12.257709152599068,0.6370218097265161,-0.09640579339057109,-0.007864911150231498,-0.017352128633114576
67,probe_grad_tgt_asis,0.01,0.03064427288149767,0.7999013526073596,-0.00027198943137830345,-0.008875701911091015,0.012379494106079667
67,probe_grad_tgt_asis,0.1,0.3064427288149767,0.800627633371714,-0.0027486691346434683,-0.008969601417115215,0.012379494106079667
67,probe_grad_tgt_asis,1.0,3.064427288149767,0.8083999580427127,-0.029675249001751974,-0.009683783040474498,0.012379494106079667
67,probe_grad_tgt_asis,4.0,12.257709152599068,0.8365995564189378,-0.14861822846607925,-0.012124470128626517,0.012379494106079667
67,jtw,0.01,0.03064427288149767,3.8289533058742977,0.013686781503214882,0.44663423916573514,0.14424503321990012
67,jtw,0.1,0.3064427288149767,3.8241331084843866,0.1357654083587781,0.44303680783612337,0.14424503321990012
67,jtw,1.0,3.064427288149767,3.772520959148886,1.2502360618217607,0.40798359506080023,0.14424503321990012
67,jtw,4.0,12.257709152599068,3.502769370107523,3.734403601123373,0.30465754690643376,0.14424503321990012
1455,random0,0.01,0.07934496015433132,0.7433118327262791,-0.0008145155504791595,-0.010265498260946524,-0.0027201306360455646
1455,random0,0.1,0.7934496015433132,0.7428565263111607,-0.00817321851238264,-0.01030086661646206,-0.0027201306360455646
1455,random0,1.0,7.934496015433131,0.7352076391238891,-0.08368792816966458,-0.010547352724972816,-0.0027201306360455646
1455,random0,4.0,31.737984061732526,0.7063887262701857,-0.3463768938534638,-0.010913638786248596,-0.0027201306360455646
1455,random1,0.01,0.07934496015433132,0.696390278270513,-0.0007753755098225202,-0.009772208698754935,-0.04285108197620964
1455,random1,0.1,0.7934496015433132,0.6970822151061121,-0.007736646516624677,-0.009750646419856252,-0.04285108197620964
1455,random1,1.0,7.934496015433131,0.700551029884664,-0.07557342416180296,-0.009524665966786994,-0.04285108197620964
1455,random1,4.0,31.737984061732526,0.704374633234679,-0.26564685934119747,-0.00836999788091444,-0.04285108197620964
1455,random2,0.01,0.07934496015433132,0.6553891879952011,0.0006149525486602591,0.007750366847045292,0.009191708571768131
1455,random2,0.1,0.7934496015433132,0.6550025450786169,0.006140870356178477,0.007739458617452284,0.009191708571768131
1455,random2,1.0,7.934496015433131,0.6479620944636296,0.06076936639613163,0.0076588817081678666,0.009191708571768131
1455,random2,4.0,31.737984061732526,0.6297761327615302,0.2025248490955253,0.006381150381246672,0.009191708571768131
1455,random3,0.01,0.07934496015433132,0.6969670574961664,-0.001402125520850438,-0.017671261263767845,0.0013588918414095368
1455,random3,0.1,0.7934496015433132,0.6974197272314968,-0.014078516718585664,-0.01774342906115523,0.0013588918414095368
1455,random3,1.0,7.934496015433131,0.7017067574373462,-0.1452177634075056,-0.0183020778036875,0.0013588918414095368
1455,random3,4.0,31.737984061732526,0.725812957288565,-0.6608864940317769,-0.020823203286834728,0.0013588918414095368
1455,random4,0.01,0.07934496015433132,0.5967554007707788,0.00047897563245442637,0.006036623265331362,-0.02756887301816416
1455,random4,0.1,0.7934496015433132,0.5971381248583627,0.004829750872892152,0.0060870291742512175,-0.02756887301816416
1455,random4,1.0,7.934496015433131,0.6002343690704268,0.044207389707930145,0.0055715435009285755,-0.02756887301816416
1455,random4,4.0,31.737984061732526,0.6099724870162739,0.12703704314486094,0.0040026815470625135,-0.02756887301816416
1455,random5,0.01,0.07934496015433132,0.7104135309691688,-0.0019334922572897119,-0.024368179825523115,0.012284240913234839
1455,random5,0.1,0.7934496015433132,0.7107132575868876,-0.01924798536259667,-0.02425861116466381,0.012284240913234839
1455,random5,1.0,7.934496015433131,0.7141433494798111,-0.18845346995705223,-0.023751158182006453,0.012284240913234839
1455,random5,4.0,31.737984061732526,0.7256164872369474,-0.7054447327296784,-0.022227143707600986,0.012284240913234839
1455,random6,0.01,0.07934496015433132,0.6657741297620096,-0.00039453047872520643,-0.0049723445314966185,-0.006669622671958607
1455,random6,0.1,0.7934496015433132,0.6660179459798281,-0.003983582135133007,-0.005020586219193594,-0.006669622671958607
1455,random6,1.0,7.934496015433131,0.6687945579331832,-0.042587408989603774,-0.005367374173075187,-0.006669622671958607
1455,random6,4.0,31.737984061732526,0.6740047553436757,-0.18183450758695238,-0.005729239362943531,-0.006669622671958607
1455,random7,0.01,0.07934496015433132,0.5789710549909792,0.001487043096067234,0.01874149401770238,-0.017832955025942027
1455,random7,0.1,0.7934496015433132,0.578633815989761,0.014907294367973228,0.018787953688523543,-0.017832955025942027
1455,random7,1.0,7.934496015433131,0.5750511732190788,0.14597280542417293,0.018397237220895434,-0.017832955025942027
1455,random7,4.0,31.737984061732526,0.5628159614953183,0.5237394769572669,0.01650197680919362,-0.017832955025942027
1455,a_unit,0.01,0.07934496015433132,0.8511101490354049,0.008098946549294942,0.10207260213556026,0.9999998749370727
1455,a_unit,0.1,0.7934496015433132,0.8516106636201289,0.08085693955293419,0.10190557710995375,0.9999998749370727
1455,a_unit,1.0,7.934496015433131,0.8584083589737121,0.7928006139941453,0.09991820683406916,0.9999998749370727
1455,a_unit,4.0,31.737984061732526,0.8841362303564958,2.987602232723485,0.09413333332427153,0.9999998749370727
1455,oracle,0.01,0.07934496015433132,0.9110886113323452,0.008760424222650073,0.1104093341985484,0.9069897561357161
1455,oracle,0.1,0.7934496015433132,0.9109166864145899,0.08740663540771931,0.11016028647277343,0.9069897561357161
1455,oracle,1.0,7.934496015433131,0.9152262934015851,0.8554903584901399,0.10781911753766758,0.9069897561357161
1455,oracle,4.0,31.737984061732526,0.9525068084627132,3.1819788972284613,0.10025775080859885,0.9069897561357161
1455,md_full,0.01,0.07934496015433132,0.7900691933132775,-0.0011587034782178356,-0.014603365808793387,-0.0077092644660748996
1455,md_full,0.1,0.7934496015433132,0.7905601933817642,-0.011636554319082126,-0.014665776246466365,-0.0077092644660748996
1455,md_full,1.0,7.934496015433131,0.792603745226783,-0.11795738751414732,-0.014866399489609954,-0.0077092644660748996
1455,md_full,4.0,31.737984061732526,0.79037289942653,-0.47092252620810227,-0.014837820993675152,-0.0077092644660748996
1455,mean_diff_tgt_asis,0.01,0.07934496015433132,0.7449743205125179,-0.0009725967767605363,-0.012257826771464371,-0.008599767629787387
1455,mean_diff_tgt_asis,0.1,0.7934496015433132,0.7448655540323731,-0.009669577013401933,-0.012186756404683991,-0.008599767629787387
1455,mean_diff_tgt_asis,1.0,7.934496015433131,0.7462796183447856,-0.0917903680102235,-0.011568519012636093,-0.008599767629787387
1455,mean_diff_tgt_asis,4.0,31.737984061732526,0.7484212220959426,-0.27842198023709464,-0.008772516228363624,-0.008599767629787387
1455,probe_grad_tgt_asis,0.01,0.07934496015433132,1.0580936388535802,-0.0008868637091827464,-0.011177316208335557,0.01429074378105617
1455,probe_grad_tgt_asis,0.1,0.7934496015433132,1.0589029524936189,-0.008936455307986257,-0.011262788828180449,0.01429074378105617
1455,probe_grad_tgt_asis,1.0,7.934496015433131,1.0645214835338237,-0.09560609190827123,-0.012049422133719762,0.01429074378105617
1455,probe_grad_tgt_asis,4.0,31.737984061732526,1.069830229761457,-0.45059449956614556,-0.014197325787602287,0.01429074378105617
1455,jtw,0.01,0.07934496015433132,6.592297293548457,0.0643778628061148,0.8113667544970152,0.12556163886812413
1455,jtw,0.1,0.7934496015433132,6.607896180667458,0.6291198429504148,0.7928920018697269,0.12556163886812413
1455,jtw,1.0,7.934496015433131,5.9832048128186806,4.744418076496921,0.5979482587512436,0.12556163886812413
1455,jtw,4.0,31.737984061732526,3.8299909759760826,8.71302245122204,0.27452980108234415,0.12556163886812413
1252,random0,0.01,0.050885828098101396,0.5333467724116656,0.00023001494359339294,0.004520216181801216,-0.018836843037210012
1252,random0,0.1,0.5088582809810139,0.5335973560983426,0.0022968751886441137,0.004513781684393601,-0.018836843037210012
1252,random0,1.0,5.0885828098101396,0.5350472248958549,0.021177071533922412,0.004161683581742193,-0.018836843037210012
1252,random0,4.0,20.354331239240558,0.5405719650171011,0.06101532521544312,0.0029976580659065496,-0.018836843037210012
1252,random1,0.01,0.050885828098101396,0.5866258566634984,-0.0010029833885509545,-0.019710466077457366,-0.03292832111463371
1252,random1,0.1,0.5088582809810139,0.5871759996702912,-0.010025831219273158,-0.01970260010300831,-0.03292832111463371
1252,random1,1.0,5.0885828098101396,0.5929291613648192,-0.1009241748597663,-0.019833454349057138,-0.03292832111463371
1252,random1,4.0,20.354331239240558,0.6131318781192601,-0.41030454087481455,-0.02015809490629688,-0.03292832111463371
1252,random2,0.01,0.050885828098101396,0.6409366612357449,-0.00016639643738071896,-0.003269995666768512,0.001196914480027564
1252,random2,0.1,0.5088582809810139,0.6409936724235507,-0.0016935853975808932,-0.003328206419901188,0.001196914480027564
1252,random2,1.0,5.0885828098101396,0.6380365064724199,-0.019398510360644772,-0.0038121636388125423,0.001196914480027564
1252,random2,4.0,20.354331239240558,0.6286696942322773,-0.11376694724626106,-0.005589323761565444,0.001196914480027564
1252,random3,0.01,0.050885828098101396,0.5910760983468955,0.00044964658860015077,0.008836381472131876,0.01872252736263025
1252,random3,0.1,0.5088582809810139,0.5913009667395062,0.004482967699319779,0.008809855055669308,0.01872252736263025
1252,random3,1.0,5.0885828098101396,0.5924335943842678,0.04535083838894035,0.008912272843729635,0.01872252736263025
1252,random3,4.0,20.354331239240558,0.5971358739016189,0.18518973841687753,0.009098296389117187,0.01872252736263025
1252,random4,0.01,0.050885828098101396,0.5449725729635297,0.0005534275439687761,0.01087586789197649,-0.019897432737398267
1252,random4,0.1,0.5088582809810139,0.5449845138779373,0.005516335085031317,0.010840611799412059,-0.019897432737398267
1252,random4,1.0,5.0885828098101396,0.5426043345340192,0.05537762022124852,0.010882719666954721,-0.019897432737398267
1252,random4,4.0,20.354331239240558,0.5346826494809698,0.22191213407785218,0.010902452724658123,-0.019897432737398267
1252,random5,0.01,0.050885828098101396,0.5141756239917715,0.0001425918512392614,0.002802191819780597,0.020173401902866893
1252,random5,0.1,0.5088582809810139,0.5140714453820258,0.0014318080428480436,0.0028137658290392762,0.020173401902866893
1252,random5,1.0,5.0885828098101396,0.512685676388547,0.014032189773988877,0.00275758306358631,0.020173401902866893
1252,random5,4.0,20.354331239240558,0.5094895099261573,0.05347992139458005,0.002627446746640222,0.020173401902866893
1252,random6,0.01,0.050885828098101396,0.5863029654359183,-0.00018322973605302114,-0.003600800908649409,0.006974038469949774
1252,random6,0.1,0.5088582809810139,0.5857682367394684,-0.0018225438027457252,-0.0035816333758627115,0.006974038469949774
1252,random6,1.0,5.0885828098101396,0.5829075864980551,-0.01821345406216415,-0.003579278306535747,0.006974038469949774
1252,random6,4.0,20.354331239240558,0.5740746861826347,-0.07055408641457044,-0.003466293516858522,0.006974038469949774
1252,random7,0.01,0.050885828098101396,0.4279627289199191,-0.00019755393628459738,-0.0038822977569263205,-0.024023525539284697
1252,random7,0.1,0.5088582809810139,0.4280468065821513,-0.0019726209981718564,-0.0038765626342346132,-0.024023525539284697
1252,random7,1.0,5.0885828098101396,0.42892148065137076,-0.018909365301856672,-0.0037160376491076896,-0.024023525539284697
1252,random7,4.0,20.354331239240558,0.43334910945002864,-0.06589508855543982,-0.003237398850442332,-0.024023525539284697
1252,a_unit,0.01,0.050885828098101396,0.7196183801808893,0.0014649226649144794,0.02878842144595338,1.0000001550370041
1252,a_unit,0.1,0.5088582809810139,0.719297037967407,0.014572067450379398,0.028636789446142664,1.0000001550370041
1252,a_unit,1.0,5.0885828098101396,0.7196563357172435,0.14228654666136586,0.02796192023976804,1.0000001550370041
1252,a_unit,4.0,20.354331239240558,0.7262241550465566,0.5383886963924319,0.026450817276398014,1.0000001550370041
1252,oracle,0.01,0.050885828098101396,0.6107050163482102,0.001750331052596572,0.03439722056251412,0.9118028089927601
1252,oracle,0.1,0.5088582809810139,0.6105701632225048,0.017454189962441104,0.03430068963168222,0.9118028089927601
1252,oracle,1.0,5.0885828098101396,0.6110903817873923,0.1718705346095274,0.033775717332964084,0.9118028089927601
1252,oracle,4.0,20.354331239240558,0.6168015461193067,0.6629982420726293,0.032572833480986746,0.9118028089927601
1252,md_full,0.01,0.050885828098101396,0.6158541179405014,3.8611972238096265e-05,0.0007587961851314928,-0.0007226284785223844
1252,md_full,0.1,0.5088582809810139,0.6157315694285169,0.0004105182181164532,0.0008067437112844589,-0.0007226284785223844
1252,md_full,1.0,5.0885828098101396,0.6119967406010873,0.0042956226850193735,0.0008441687687066741,-0.0007226284785223844
1252,md_full,4.0,20.354331239240558,0.6006060051034346,0.014868343814490592,0.0007304756731985534,-0.0007226284785223844
1252,mean_diff_tgt_asis,0.01,0.050885828098101396,0.7564281949740554,-0.00010658287258932819,-0.0020945492403867338,-0.017352128633114576
1252,mean_diff_tgt_asis,0.1,0.5088582809810139,0.7558292807984642,-0.001033415455724434,-0.002030851210148611,-0.017352128633114576
1252,mean_diff_tgt_asis,1.0,5.0885828098101396,0.7490262100944738,-0.00827231225362195,-0.0016256613211981115,-0.017352128633114576
1252,mean_diff_tgt_asis,4.0,20.354331239240558,0.7269406465715065,-0.007419195335204132,-0.00036450204371740144,-0.017352128633114576
1252,probe_grad_tgt_asis,0.01,0.050885828098101396,0.9163935401306621,0.0008026160454585342,0.01577287970849551,0.012379494106079667
1252,probe_grad_tgt_asis,0.1,0.5088582809810139,0.9167827002403276,0.008013518801350653,0.01574803653760259,0.012379494106079667
1252,probe_grad_tgt_asis,1.0,5.0885828098101396,0.9167648464569199,0.07973274998052299,0.015668950071286724,0.012379494106079667
1252,probe_grad_tgt_asis,4.0,20.354331239240558,0.9140046874816408,0.3036252422450443,0.014916984433253866,0.012379494106079667
1252,jtw,0.01,0.050885828098101396,3.1074650668999,0.021407293763372276,0.4206926479038867,0.06819696410369672
1252,jtw,0.1,0.5088582809810139,3.101001252869578,0.2118883234918613,0.41639947979890907,0.06819696410369672
1252,jtw,1.0,5.0885828098101396,3.015684875022541,1.9085388499567286,0.3750629441024933,0.06819696410369672
1252,jtw,4.0,20.354331239240558,2.6799346852472476,5.2928158507813805,0.2600338860840343,0.06819696410369672
82,random0,0.01,0.05873645271958936,0.5520259562252418,-0.0010162194321651041,-0.01730134158793321,-0.018836843037210012
82,random0,0.1,0.5873645271958936,0.5521466899330039,-0.010224202455537533,-0.017406911691362034,-0.018836843037210012
82,random0,1.0,5.873645271958936,0.5532679997450646,-0.1047046050557622,-0.01782617100757293,-0.018836843037210012
82,random0,4.0,23.494581087835744,0.5584275271174682,-0.4474685960862217,-0.019045608619848827,-0.018836843037210012
82,random1,0.01,0.05873645271958936,0.6195887534753755,-0.001140668958666572,-0.01942011997408458,-0.03292832111463371
82,random1,0.1,0.5873645271958936,0.6206551375706202,-0.01146604424611567,-0.019521172483559935,-0.03292832111463371
82,random1,1.0,5.873645271958936,0.6304942874407776,-0.11859037247335906,-0.020190251025119815,-0.03292832111463371
82,random1,4.0,23.494581087835744,0.6626034787174971,-0.5224643475259722,-0.02223765325173117,-0.03292832111463371
82,random2,0.01,0.05873645271958936,0.6830471998478734,-0.0005105291019211833,-0.008691861327725623,0.001196914480027564
82,random2,0.1,0.5873645271958936,0.6833817891976413,-0.005128482318415137,-0.008731344984176619,0.001196914480027564
82,random2,1.0,5.873645271958936,0.6849991340578164,-0.0511855907688527,-0.008714450464554808,0.001196914480027564
82,random2,4.0,23.494581087835744,0.6867276795605195,-0.20912753722244667,-0.008901096658868367,0.001196914480027564
82,random3,0.01,0.05873645271958936,0.6656573300178238,0.0003692133183840811,0.006285931500608713,0.01872252736263025
82,random3,0.1,0.5873645271958936,0.6658802317860938,0.003643031996327889,0.006202335734709582,0.01872252736263025
82,random3,1.0,5.873645271958936,0.666787926056949,0.03559207593211719,0.00605962299120028,0.01872252736263025
82,random3,4.0,23.494581087835744,0.6740396682062363,0.11218936597226609,0.004775116677026084,0.01872252736263025
82,random4,0.01,0.05873645271958936,0.6434898039401797,0.0010411329675438811,0.01772549957203408,-0.019897432737398267
82,random4,0.1,0.5873645271958936,0.6437379172629732,0.01038784965727046,0.017685524365699357,-0.019897432737398267
82,random4,1.0,5.873645271958936,0.643951178457921,0.10238888226370983,0.017431914513550768,-0.019897432737398267
82,random4,4.0,23.494581087835744,0.6415741414726439,0.3805168347494491,0.01619594038841836,-0.019897432737398267
82,random5,0.01,0.05873645271958936,0.5810525143827857,0.0006465592193759951,0.011007801619595583,0.020173401902866893
82,random5,0.1,0.5873645271958936,0.5806856387890951,0.006469516135159668,0.011014482209277173,0.020173401902866893
82,random5,1.0,5.873645271958936,0.578135013739799,0.06333156026140063,0.010782326362769733,0.020173401902866893
82,random5,4.0,23.494581087835744,0.5704578404124194,0.23166655126065122,0.009860424852631059,0.020173401902866893
82,random6,0.01,0.05873645271958936,0.5782216187388194,-0.0005597749062811183,-0.009530281117818102,0.006974038469949774
82,random6,0.1,0.5873645271958936,0.5779890377071799,-0.005600332525610183,-0.009534679515541123,0.006974038469949774
82,random6,1.0,5.873645271958936,0.5766388839154531,-0.05692497320020581,-0.009691591944097877,0.006974038469949774
82,random6,4.0,23.494581087835744,0.5757438392583504,-0.23646830326778695,-0.010064801852977824,0.006974038469949774
82,random7,0.01,0.05873645271958936,0.46629227186546635,0.0002385821087145359,0.0040619087069070775,-0.024023525539284697
82,random7,0.1,0.5873645271958936,0.4660127114063224,0.0023242438910405353,0.0039570722837768005,-0.024023525539284697
82,random7,1.0,5.873645271958936,0.46767719605919306,0.02033664588481671,0.00346235513777191,-0.024023525539284697
82,random7,4.0,23.494581087835744,0.47710877541359453,0.04597468908254846,0.0019568209754696046,-0.024023525539284697
82,a_unit,0.01,0.05873645271958936,0.8220758694637094,0.0032462835041605076,0.055268633937742555,1.0000001550370041
82,a_unit,0.1,0.5873645271958936,0.8213935526746023,0.032396599173883094,0.05515586603185931,1.0000001550370041
82,a_unit,1.0,5.873645271958936,0.8175193768995268,0.3200896680889765,0.05449591408202669,1.0000001550370041
82,a_unit,4.0,23.494581087835744,0.8151803951384271,1.253286578001069,0.053343644362740084,1.0000001550370041
82,oracle,0.01,0.05873645271958936,0.8140157348250445,0.003334436559019133,0.05676945754517885,0.9975059352083511
82,oracle,0.1,0.5873645271958936,0.8137180032201063,0.03329907975909642,0.056692357500831424,0.9975059352083511
82,oracle,1.0,5.873645271958936,0.8098009851821799,0.328915043453825,0.05599845210674897,0.9975059352083511
82,oracle,4.0,23.494581087835744,0.8064593105229532,1.2841411105565883,0.054656906022531676,0.9975059352083511
82,md_full,0.01,0.05873645271958936,0.6366557649724501,0.00014773274334506077,0.0025151798670979327,-0.0007226284785223844
82,md_full,0.1,0.5873645271958936,0.6355695140018303,0.001479120206987817,0.00251823210034356,-0.0007226284785223844
82,md_full,1.0,5.873645271958936,0.6281038239241417,0.014984929158305127,0.0025512145293901042,-0.0007226284785223844
82,md_full,4.0,23.494581087835744,0.6063515491929159,0.06541888481680541,0.002784424398640411,-0.0007226284785223844
82,mean_diff_tgt_asis,0.01,0.05873645271958936,0.6580920070585009,0.0004541640219059346,0.007732234428152061,-0.017352128633114576
82,mean_diff_tgt_asis,0.1,0.5873645271958936,0.6569645691540509,0.004505031052539882,0.007669906580921929,-0.017352128633114576
82,mean_diff_tgt_asis,1.0,5.873645271958936,0.6477580896868975,0.04522431176093941,0.00769953064357537,-0.017352128633114576
82,mean_diff_tgt_asis,4.0,23.494581087835744,0.6225143204363812,0.17863376200486825,0.007603189915880449,-0.017352128633114576
82,probe_grad_tgt_asis,0.01,0.05873645271958936,0.8463752044767073,7.839009733458783e-05,0.001334607278870345,0.012379494106079667
82,probe_grad_tgt_asis,0.1,0.5873645271958936,0.847534044321689,0.0007466433307409155,0.0012711753879748689,0.012379494106079667
82,probe_grad_tgt_asis,1.0,5.873645271958936,0.860065392328376,0.003272227670111899,0.0005571033861601535,0.012379494106079667
82,probe_grad_tgt_asis,4.0,23.494581087835744,0.9066141406312617,-0.048483874643816774,-0.002063619456016569,0.012379494106079667
82,jtw,0.01,0.05873645271958936,8.821779875222536,0.039277017057887845,0.668699167881285,0.08231328724162307
82,jtw,0.1,0.5873645271958936,8.755696894138023,0.3799260715703838,0.6468318292631138,0.08231328724162307
82,jtw,1.0,5.873645271958936,7.69230268960844,2.709307587517948,0.4612651023466317,0.08231328724162307
82,jtw,4.0,23.494581087835744,5.118176657750704,5.138919228769222,0.21872785088429958,0.08231328724162307
1471,random0,0.01,0.04293857780283853,0.569019561344983,-0.00033594834196169396,-0.007823928018861526,-0.018836843037210012
1471,random0,0.1,0.4293857780283853,0.5693620014063033,-0.0033872180183112943,-0.007888519349346909,-0.018836843037210012
1471,random0,1.0,4.293857780283853,0.5702840841477158,-0.03458904180953226,-0.008055469831431095,-0.018836843037210012
1471,random0,4.0,17.17543112113541,0.5729374298413155,-0.14673751853822287,-0.008543454746684841,-0.018836843037210012
1471,random1,0.01,0.04293857780283853,0.5163040438408373,-0.0003474814572639362,-0.008092523670892643,-0.03292832111463371
1471,random1,0.1,0.4293857780283853,0.5170492754533459,-0.0035036375596502233,-0.008159649757702522,-0.03292832111463371
1471,random1,1.0,4.293857780283853,0.5227244071482857,-0.03604253974776021,-0.008393976138021404,-0.03292832111463371
1471,random1,4.0,17.17543112113541,0.5424952670461214,-0.15881036787666258,-0.009246368650463556,-0.03292832111463371
1471,random2,0.01,0.04293857780283853,0.58502746038464,4.1749422485680714e-05,0.000972305665953398,0.001196914480027564
1471,random2,0.1,0.4293857780283853,0.5857087491432664,0.00040584187728285215,0.000945168419751488,0.001196914480027564
1471,random2,1.0,4.293857780283853,0.5889908885894042,0.003960335806724922,0.0009223257987047529,0.001196914480027564
1471,random2,4.0,17.17543112113541,0.6000308641998944,0.013905662948619932,0.000809625263584107,0.001196914480027564
1471,random3,0.01,0.04293857780283853,0.5906553421227505,-0.0002133004681488947,-0.0049675717982162445,0.01872252736263025
1471,random3,0.1,0.4293857780283853,0.5908921011528956,-0.0021308958450008742,-0.00496266051191851,0.01872252736263025
1471,random3,1.0,4.293857780283853,0.5955593195777262,-0.022398883072290033,-0.005216493935858611,0.01872252736263025
1471,random3,4.0,17.17543112113541,0.6136267216577124,-0.10678580241075909,-0.006217357902553763,0.01872252736263025
1471,random4,0.01,0.04293857780283853,0.522900388986237,0.00019090706176507491,0.004446049951669677,-0.019897432737398267
1471,random4,0.1,0.4293857780283853,0.5230419487651456,0.0019200111236447833,0.004471529384277506,-0.019897432737398267
1471,random4,1.0,4.293857780283853,0.5221433216747239,0.02006354183695666,0.004672614432895895,-0.019897432737398267
1471,random4,4.0,17.17543112113541,0.518821880347542,0.09144103869417372,0.005323944304469305,-0.019897432737398267
1471,random5,0.01,0.04293857780283853,0.5337385510044053,0.0005387727457032987,0.012547521908554739,0.020173401902866893
1471,random5,0.1,0.4293857780283853,0.5344687591484971,0.00538950252646311,0.012551655882060508,0.020173401902866893
1471,random5,1.0,4.293857780283853,0.5350956417867724,0.0532919020177702,0.012411194022883367,0.020173401902866893
1471,random5,4.0,17.17543112113541,0.5370868017142184,0.20175861365756398,0.011746931546264813,0.020173401902866893
1471,random6,0.01,0.04293857780283853,0.6045292697394617,-2.564620732994498e-05,-0.0005972765900096856,0.006974038469949774
1471,random6,0.1,0.4293857780283853,0.6043180015942121,-0.0002658045237478974,-0.0006190342981744634,0.006974038469949774
1471,random6,1.0,4.293857780283853,0.6036192055183646,-0.004193527237223747,-0.0009766339389439503,0.006974038469949774
1471,random6,4.0,17.17543112113541,0.6021199619140907,-0.03565470480133678,-0.002075913236172657,0.006974038469949774
1471,random7,0.01,0.04293857780283853,0.4588620598248776,-6.956725642484417e-05,-0.0016201574431336965,-0.024023525539284697
1471,random7,0.1,0.4293857780283853,0.4587710895026304,-0.0006949519772233496,-0.001618479262201853,-0.024023525539284697
1471,random7,1.0,4.293857780283853,0.4613465279138126,-0.00692668658751373,-0.0016131616234051956,-0.024023525539284697
1471,random7,4.0,17.17543112113541,0.4704972469479454,-0.027625491525464,-0.0016084307480042906,-0.024023525539284697
1471,a_unit,0.01,0.04293857780283853,0.6518654433493904,0.0013558280777100091,0.031575989403644845,1.0000001550370041
1471,a_unit,0.1,0.4293857780283853,0.6513909460278833,0.01349353191441447,0.031425195255354865,1.0000001550370041
1471,a_unit,1.0,4.293857780283853,0.6473343830710996,0.13239196152766197,0.030832870649691146,1.0000001550370041
1471,a_unit,4.0,17.17543112113541,0.6391457379034029,0.5040543063339828,0.029347403438025693,1.0000001550370041
1471,oracle,0.01,0.04293857780283853,0.6471981775939444,0.001537426423045822,0.03580524790795907,0.9069132978320696
1471,oracle,0.1,0.4293857780283853,0.6470417131735006,0.015347588031841154,0.035743121493946116,0.9069132978320696
1471,oracle,1.0,4.293857780283853,0.6424332522393926,0.15104795013691236,0.035177678876669054,0.9069132978320696
1471,oracle,4.0,17.17543112113541,0.6298741910878145,0.576549405907531,0.03356826398366513,0.9069132978320696
1471,md_full,0.01,0.04293857780283853,0.6432307610206905,-0.00016540596602018068,-0.003852152877062599,-0.0007226284785223844
1471,md_full,0.1,0.4293857780283853,0.6429415102442022,-0.001683329219235689,-0.003920318989056991,-0.0007226284785223844
1471,md_full,1.0,4.293857780283853,0.6395354581413905,-0.016630562508008852,-0.0038731051094359863,-0.0007226284785223844
1471,md_full,4.0,17.17543112113541,0.6284578275334376,-0.05982922205138987,-0.0034834189389148073,-0.0007226284785223844
1471,mean_diff_tgt_asis,0.01,0.04293857780283853,0.6278173805525576,-0.0007095649732065269,-0.016525115863516557,-0.017352128633114576
1471,mean_diff_tgt_asis,0.1,0.4293857780283853,0.6276479387649209,-0.007078534169561041,-0.01648525529202111,-0.017352128633114576
1471,mean_diff_tgt_asis,1.0,4.293857780283853,0.6277046124043,-0.07125387813661495,-0.016594373121483447,-0.017352128633114576
1471,mean_diff_tgt_asis,4.0,17.17543112113541,0.6316532367421502,-0.28745652732540683,-0.016736495596414703,-0.017352128633114576
1471,probe_grad_tgt_asis,0.01,0.04293857780283853,0.7363873680073527,-0.00030010372377169267,-0.006989139816173739,0.012379494106079667
1471,probe_grad_tgt_asis,0.1,0.4293857780283853,0.7369651619639725,-0.003010156793969798,-0.007010378424249548,0.012379494106079667
1471,probe_grad_tgt_asis,1.0,4.293857780283853,0.7410983428552801,-0.031093758223414564,-0.007241450419291497,0.012379494106079667
1471,probe_grad_tgt_asis,4.0,17.17543112113541,0.7551505938698586,-0.13474225799063122,-0.007845058271918583,0.012379494106079667
1471,jtw,0.01,0.04293857780283853,6.198622398096236,0.0195610151832722,0.45555805954008766,0.06902431635385065
1471,jtw,0.1,0.4293857780283853,6.215835686359323,0.19251651000812608,0.4483532521549874,0.06902431635385065
1471,jtw,1.0,4.293857780283853,6.268979220307637,1.6249635405223115,0.37843906893788426,0.06902431635385065
1471,jtw,4.0,17.17543112113541,6.268729799866909,3.805237530393697,0.2215512090238667,0.06902431635385065
192,random0,0.01,0.05575318269536388,0.532837819127932,-0.0004592572153161807,-0.008237327325788165,-0.018836843037210012
192,random0,0.1,0.5575318269536388,0.5325388156486802,-0.004602056559999754,-0.008254338743575325,-0.018836843037210012
192,random0,1.0,5.575318269536388,0.5303299902349247,-0.04704967660179612,-0.008438922107617814,-0.018836843037210012
192,random0,4.0,22.301273078145552,0.5235858118074341,-0.1964092759597758,-0.008807088064952213,-0.018836843037210012
192,random1,0.01,0.05575318269536388,0.5918549112401075,-0.0005066611922488936,-0.00908757433664903,-0.03292832111463371
192,random1,0.1,0.5575318269536388,0.593029052910023,-0.005078471262554526,-0.009108845481168958,-0.03292832111463371
192,random1,1.0,5.575318269536388,0.6014418450942838,-0.05231604298367144,-0.009383507892191013,-0.03292832111463371
192,random1,4.0,22.301273078145552,0.6295340611722091,-0.22962474448784226,-0.010296485930790484,-0.03292832111463371
192,random2,0.01,0.05575318269536388,0.6135455920178435,-1.7010310089025666e-05,-0.0003051002519796981,0.001196914480027564
192,random2,0.1,0.5575318269536388,0.6136924838431141,-0.00017902707681540474,-0.0003211064699097288,0.001196914480027564
192,random2,1.0,5.575318269536388,0.6157638149455704,-0.004994078749961911,-0.0008957477418373804,0.001196914480027564
192,random2,4.0,22.301273078145552,0.6208692070529914,-0.06400381557491922,-0.0028699624165241335,0.001196914480027564
192,random3,0.01,0.05575318269536388,0.6318461826218186,0.0006151262224826661,0.01103302435385122,0.01872252736263025
192,random3,0.1,0.5575318269536388,0.6310336133018188,0.006131335535814573,0.010997283454320933,0.01872252736263025
192,random3,1.0,5.575318269536388,0.6243443491010926,0.05880002524773796,0.010546487645202619,0.01872252736263025
192,random3,4.0,22.301273078145552,0.6065356167416447,0.19278402067382006,0.008644529843578368,0.01872252736263025
192,random4,0.01,0.05575318269536388,0.5292408349150516,-5.7416613260771504e-05,-0.0010298356162821525,-0.019897432737398267
192,random4,0.1,0.5575318269536388,0.5292691296007461,-0.0005725708268700981,-0.0010269742446787882,-0.019897432737398267
192,random4,1.0,5.575318269536388,0.5304138590288093,-0.006381773221541409,-0.0011446473390427773,-0.019897432737398267
192,random4,4.0,22.301273078145552,0.5357137804484817,-0.033809274803435804,-0.001516024429859463,-0.019897432737398267
192,random5,0.01,0.05575318269536388,0.5326085530647153,0.0008819218084358349,0.015818322215875407,0.020173401902866893
192,random5,0.1,0.5575318269536388,0.532899126310413,0.008832457053797373,0.015842067890649462,0.020173401902866893
192,random5,1.0,5.575318269536388,0.5344923231889642,0.08646806880030838,0.015509082104383357,0.020173401902866893
192,random5,4.0,22.301273078145552,0.5453439010321804,0.31494260345505454,0.014122180485009486,0.020173401902866893
192,random6,0.01,0.05575318269536388,0.570921791520971,-0.00013829681117206636,-0.0024805186804800353,0.006974038469949774
192,random6,0.1,0.5575318269536388,0.5704616885696436,-0.001365865493213123,-0.0024498430890954334,0.006974038469949774
192,random6,1.0,5.575318269536388,0.5688842369794371,-0.013397900394159635,-0.0024030736446681326,0.006974038469949774
192,random6,4.0,22.301273078145552,0.5657724552950387,-0.050527202941061604,-0.0022656645100039806,0.006974038469949774
192,random7,0.01,0.05575318269536388,0.5183145968579203,-0.0003025933581482089,-0.005427373712485311,-0.024023525539284697
192,random7,0.1,0.5575318269536388,0.518423493033791,-0.003048905405719635,-0.005468576426172644,-0.024023525539284697
192,random7,1.0,5.575318269536388,0.518548462981578,-0.03256021414447633,-0.005840063754276732,-0.024023525539284697
192,random7,4.0,22.301273078145552,0.5201919160309265,-0.15707713703894768,-0.007043415704948147,-0.024023525539284697
192,a_unit,0.01,0.05575318269536388,0.6816249699775965,0.004034327491116619,0.07236048770812308,1.0000001550370041
192,a_unit,0.1,0.5575318269536388,0.6810577208048729,0.040257923528508266,0.07220739979720635,1.0000001550370041
192,a_unit,1.0,5.575318269536388,0.6765138702083416,0.39352407417827184,0.0705832483731902,1.0000001550370041
192,a_unit,4.0,22.301273078145552,0.6715619850783141,1.4729469263237573,0.06604766109819948,1.0000001550370041
192,oracle,0.01,0.05575318269536388,0.6786900594940388,0.00387789588202625,0.06955469974180889,0.933703608667056
192,oracle,0.1,0.5575318269536388,0.6776628651028125,0.038701268443148966,0.06941535276042124,0.933703608667056
192,oracle,1.0,5.575318269536388,0.6716798934894631,0.37934448415708655,0.06803996934665232,0.933703608667056
192,oracle,4.0,22.301273078145552,0.6623834452404473,1.4275249384029993,0.06401091692841171,0.933703608667056
192,md_full,0.01,0.05575318269536388,0.6152207106758437,0.00018490782087682127,0.0033165428758957136,-0.0007226284785223844
192,md_full,0.1,0.5575318269536388,0.6152259849469592,0.001850287827940729,0.003318712472525068,-0.0007226284785223844
192,md_full,1.0,5.575318269536388,0.6136412469608669,0.015852305465210284,0.002843300543365836,-0.0007226284785223844
192,md_full,4.0,22.301273078145552,0.6098868891476962,0.027362379647366847,0.0012269424956811545,-0.0007226284785223844
192,mean_diff_tgt_asis,0.01,0.05575318269536388,0.7601618334380204,8.86586832802422e-06,0.00015901995006217744,-0.017352128633114576
192,mean_diff_tgt_asis,0.1,0.5575318269536388,0.7594408790784805,7.994689704334673e-05,0.00014339431971117708,-0.017352128633114576
192,mean_diff_tgt_asis,1.0,5.575318269536388,0.7514928304990114,-0.0009032905517232792,-0.00016201596178981755,-0.017352128633114576
192,mean_diff_tgt_asis,4.0,22.301273078145552,0.7265543982115802,-0.024199916606285177,-0.0010851361050773476,-0.017352128633114576
192,probe_grad_tgt_asis,0.01,0.05575318269536388,0.8143667847995917,-0.0006692691586927312,-0.012004142657642105,0.012379494106079667
192,probe_grad_tgt_asis,0.1,0.5575318269536388,0.8148999644668601,-0.006699196015495048,-0.012015809128062774,0.012379494106079667
192,probe_grad_tgt_asis,1.0,5.575318269536388,0.8206045407378684,-0.06968728341142302,-0.0124992475841595,0.012379494106079667
192,probe_grad_tgt_asis,4.0,22.301273078145552,0.842263206408994,-0.31927072409013285,-0.01431625553264969,0.012379494106079667
192,jtw,0.01,0.05575318269536388,6.524390775637029,0.02895330101946927,0.5193120754678793,0.13906114975101092
192,jtw,0.1,0.5575318269536388,6.464123425560912,0.28288213037340093,0.5073829272116582,0.13906114975101092
192,jtw,1.0,5.575318269536388,5.711205787745366,2.208963407589998,0.396204001421731,0.13906114975101092
192,jtw,4.0,22.301273078145552,3.6860630209398892,4.874276345755835,0.21856493701843643,0.13906114975101092
394,random0,0.01,0.050712592709227886,0.6291243685865533,-0.0007966336855866927,-0.01570879426643343,-0.0027201306360455646
394,random0,0.1,0.5071259270922789,0.6291979132170125,-0.007976701454177488,-0.01572923218482184,-0.0027201306360455646
394,random0,1.0,5.071259270922789,0.6340164006327315,-0.08193878044819082,-0.016157482012013336,-0.0027201306360455646
394,random0,4.0,20.285037083691154,0.6477830333759514,-0.3537887265918658,-0.01744087157111023,-0.0027201306360455646
394,random1,0.01,0.050712592709227886,0.7878752191800072,-0.0018724791799353995,-0.03692335729454185,-0.04285108197620964
394,random1,0.1,0.5071259270922789,0.7885210896638336,-0.01876222057256569,-0.03699716297319508,-0.04285108197620964
394,random1,1.0,5.071259270922789,0.801885798872711,-0.1937077312795502,-0.038197165818402795,-0.04285108197620964
394,random1,4.0,20.285037083691154,0.8418008200200677,-0.8545258205993034,-0.04212591858095879,-0.04285108197620964
394,random2,0.01,0.050712592709227886,0.6637896257238451,0.00023126331250415843,0.004560273891539305,0.009191708571768131
394,random2,0.1,0.5071259270922789,0.6643087613349326,0.002261073660222225,0.004458603947123355,0.009191708571768131
394,random2,1.0,5.071259270922789,0.6697033814283208,0.02126147293318577,0.004192543074082848,0.009191708571768131
394,random2,4.0,20.285037083691154,0.6863095364798544,0.05690288923655021,0.002805165650019897,0.009191708571768131
394,random3,0.01,0.050712592709227886,0.6829133182514721,0.0005184820901822909,0.010223931818180253,0.0013588918414095368
394,random3,0.1,0.5071259270922789,0.6827742391798427,0.0051946893167724405,0.010243391314179824,0.0013588918414095368
394,random3,1.0,5.071259270922789,0.6822968258464789,0.05114851640234391,0.010085959654166273,0.0013588918414095368
394,random3,4.0,20.285037083691154,0.6821657983844076,0.1785826826303618,0.00880366557347531,0.0013588918414095368
394,random4,0.01,0.050712592709227886,0.628633210057164,-0.000541265346515098,-0.01067319412396375,-0.02756887301816416
394,random4,0.1,0.5071259270922789,0.6294204922365328,-0.005405693654115225,-0.010659470094755343,-0.02756887301816416
394,random4,1.0,5.071259270922789,0.633030335904469,-0.05403485541780538,-0.010655115925077315,-0.02756887301816416
394,random4,4.0,20.285037083691154,0.646924158612287,-0.21765287446592146,-0.010729725243682738,-0.02756887301816416
394,random5,0.01,0.050712592709227886,0.5957049992325646,0.0001821631161822271,0.003592068684531681,0.012284240913234839
394,random5,0.1,0.5071259270922789,0.596098466128406,0.0018524735803056855,0.0036528867512794338,0.012284240913234839
394,random5,1.0,5.071259270922789,0.5970356699374243,0.019324599945202837,0.0038106117066435156,0.012284240913234839
394,random5,4.0,20.285037083691154,0.6026234421714362,0.07891769665750578,0.003890438865450946,0.012284240913234839
394,random6,0.01,0.050712592709227886,0.5700367300619307,-0.00041971173565063787,-0.008276282343857865,-0.006669622671958607
394,random6,0.1,0.5071259270922789,0.5698438535936005,-0.004205967867437266,-0.008293734638165974,-0.006669622671958607
394,random6,1.0,5.071259270922789,0.5691988966385079,-0.0431619775085012,-0.008511096594090575,-0.006669622671958607
394,random6,4.0,20.285037083691154,0.5703118171431821,-0.18093675194264353,-0.008919715117904013,-0.006669622671958607
394,random7,0.01,0.050712592709227886,0.5044936616118888,0.0005638503968798121,0.01111854801257699,-0.017832955025942027
394,random7,0.1,0.5071259270922789,0.5045426324523431,0.005613060939122157,0.011068376983416941,-0.017832955025942027
394,random7,1.0,5.071259270922789,0.5084001917797286,0.053595701627229674,0.010568519329022032,-0.017832955025942027
394,random7,4.0,20.285037083691154,0.5227687213968238,0.18382589936554888,0.00906214263287406,-0.017832955025942027
394,a_unit,0.01,0.050712592709227886,0.9434758573858214,0.004332567726279038,0.08543376496486374,0.9999998749370727
394,a_unit,0.1,0.5071259270922789,0.9435837007340094,0.04320968993730381,0.0852050499272564,0.9999998749370727
394,a_unit,1.0,5.071259270922789,0.9378054209486941,0.4157958453502667,0.0819906502777971,0.9999998749370727
394,a_unit,4.0,20.285037083691154,0.9226997038586867,1.4904339261064936,0.0734745477643114,0.9999998749370727
394,oracle,0.01,0.050712592709227886,0.9786390524647826,0.004510762734306703,0.08894758665111407,0.9933182023481343
394,oracle,0.1,0.5071259270922789,0.9786236674328518,0.04493656693942198,0.08861027318614124,0.9933182023481343
394,oracle,1.0,5.071259270922789,0.9713821021689997,0.43168264758550146,0.08512336374924696,0.9933182023481343
394,oracle,4.0,20.285037083691154,0.9507371607538389,1.5405201061943168,0.0759436672379993,0.9933182023481343
394,md_full,0.01,0.050712592709227886,0.6452658888425785,0.0002686548007620645,0.005297595457255707,-0.0077092644660748996
394,md_full,0.1,0.5071259270922789,0.6446064503073352,0.002678677739663347,0.005282076100944298,-0.0077092644660748996
394,md_full,1.0,5.071259270922789,0.639428916756353,0.024649419907074206,0.004860611258510727,-0.0077092644660748996
394,md_full,4.0,20.285037083691154,0.624571633414529,0.07629431352249064,0.0037611128442959587,-0.0077092644660748996
394,mean_diff_tgt_asis,0.01,0.050712592709227886,0.7458985077836436,-0.00021687347365113646,-0.004276521117636985,-0.008599767629787387
394,mean_diff_tgt_asis,0.1,0.5071259270922789,0.7450369538607152,-0.0021783505189106878,-0.0042954824483156535,-0.008599767629787387
394,mean_diff_tgt_asis,1.0,5.071259270922789,0.7379155514498648,-0.01878033989628547,-0.0037032892409912454,-0.008599767629787387
394,mean_diff_tgt_asis,4.0,20.285037083691154,0.715284412923928,-0.036993183877869096,-0.0018236685358397015,-0.008599767629787387
394,probe_grad_tgt_asis,0.01,0.050712592709227886,0.9193871943797033,-0.0005378349116569582,-0.010605549488285015,0.01429074378105617
394,probe_grad_tgt_asis,0.1,0.5071259270922789,0.9207544024704636,-0.005473932005568331,-0.010794029082587746,0.01429074378105617
394,probe_grad_tgt_asis,1.0,5.071259270922789,0.9304644689800621,-0.06002819476574157,-0.011836940601701592,0.01429074378105617
394,probe_grad_tgt_asis,4.0,20.285037083691154,0.9630332692632158,-0.3131322464966917,-0.015436611981766846,0.01429074378105617
394,jtw,0.01,0.050712592709227886,9.241869229592167,0.038628781734548354,0.7617197163638468,0.11192240777842866
394,jtw,0.1,0.5071259270922789,9.206610999291755,0.37322445683752176,0.735960117396262,0.11192240777842866
394,jtw,1.0,5.071259270922789,8.318262862464486,2.6045731584195684,0.5135949513276667,0.11192240777842866
394,jtw,4.0,20.285037083691154,5.882828784935485,4.869734043995255,0.2400653261763294,0.11192240777842866
882,random0,0.01,0.05019730808308635,0.637522390214908,-0.0003888634201755449,-0.007746698678182104,-0.018836843037210012
882,random0,0.1,0.5019730808308636,0.6374974030628291,-0.0038851406550055906,-0.007739739048506194,-0.018836843037210012
882,random0,1.0,5.019730808308635,0.6350589915233681,-0.03811288318757935,-0.0075926149514820756,-0.018836843037210012
882,random0,4.0,20.07892323323454,0.6262181259661738,-0.1382743959536044,-0.006886544380265037,-0.018836843037210012
882,random1,0.01,0.05019730808308635,0.6076636847367132,-0.0002113206109079085,-0.0042097996681043455,-0.03292832111463371
882,random1,0.1,0.5019730808308636,0.6085939113516347,-0.0021540898055465666,-0.004291245661980772,-0.03292832111463371
882,random1,1.0,5.019730808308635,0.618363670981648,-0.02371372027492015,-0.004724101984845345,-0.03292832111463371
882,random1,4.0,20.07892323323454,0.652604445299099,-0.12821363268348268,-0.006385483484057754,-0.03292832111463371
882,random2,0.01,0.05019730808308635,0.6232014283188838,-0.0001261437281868936,-0.0025129580251216075,0.001196914480027564
882,random2,0.1,0.5019730808308636,0.6243327109416017,-0.0013248478632870782,-0.0026392806982681143,0.001196914480027564
882,random2,1.0,5.019730808308635,0.6327121760731486,-0.014903505325355587,-0.002968984970406655,0.001196914480027564
882,random2,4.0,20.07892323323454,0.6631426374174074,-0.08523999435684768,-0.004245247285758771,0.001196914480027564
882,random3,0.01,0.05019730808308635,0.665262841381953,-0.0004032999228530313,-0.008034293834750881,0.01872252736263025
882,random3,0.1,0.5019730808308636,0.665361680423241,-0.004045984865598874,-0.008060163024881689,0.01872252736263025
882,random3,1.0,5.019730808308635,0.6644784480413857,-0.04140720016039941,-0.008248888584197065,0.01872252736263025
882,random3,4.0,20.07892323323454,0.6647124312016666,-0.17798206856542964,-0.008864124161341209,0.01872252736263025
882,random4,0.01,0.05019730808308635,0.48784243061853405,0.00032815501822876437,0.006537303109672808,-0.019897432737398267
882,random4,0.1,0.5019730808308636,0.4875630505377027,0.0032758699470994143,0.006525987293336944,-0.019897432737398267
882,random4,1.0,5.019730808308635,0.48603393370851833,0.03231677161817456,0.006437949135575953,-0.019897432737398267
882,random4,4.0,20.07892323323454,0.4835278444481797,0.12216196634369093,0.006084089516388459,-0.019897432737398267
882,random5,0.01,0.05019730808308635,0.6383995986054802,-2.5281244294572138e-05,-0.0005036374510905393,0.020173401902866893
882,random5,0.1,0.5019730808308636,0.6386113740876561,-0.00023774741828518943,-0.0004736258324682889,0.020173401902866893
882,random5,1.0,5.019730808308635,0.6394670881276514,-0.0030135015600308186,-0.0006003313076157162,0.020173401902866893
882,random5,4.0,20.07892323323454,0.6431090299060668,-0.02231872331012333,-0.0011115498102598192,0.020173401902866893
882,random6,0.01,0.05019730808308635,0.5718648019288792,-0.0010459965868032804,-0.02083770279218861,0.006974038469949774
882,random6,0.1,0.5019730808308636,0.5718179930777012,-0.010469103757591677,-0.020855906735602763,0.006974038469949774
882,random6,1.0,5.019730808308635,0.5716688338527238,-0.10529898237102697,-0.0209770177709005,0.006974038469949774
882,random6,4.0,20.07892323323454,0.5722310868534909,-0.42940142706056567,-0.021385680002492486,0.006974038469949774
882,random7,0.01,0.05019730808308635,0.5736624426693266,-0.00015171499894257499,-0.003022373205580208,-0.024023525539284697
882,random7,0.1,0.5019730808308636,0.5738626884234312,-0.0014980062552686923,-0.002984236231929408,-0.024023525539284697
882,random7,1.0,5.019730808308635,0.5792302613212386,-0.015916441472958377,-0.0031707759002959995,-0.024023525539284697
882,random7,4.0,20.07892323323454,0.5980134953258675,-0.0747985600138735,-0.0037252276501594105,-0.024023525539284697
882,a_unit,0.01,0.05019730808308635,0.6854475845749712,0.0025067308758833944,0.049937555849295046,1.0000001550370041
882,a_unit,0.1,0.5019730808308636,0.6839888510086708,0.02501027576270489,0.04982393821060682,1.0000001550370041
882,a_unit,1.0,5.019730808308635,0.6794561980437032,0.24600503987302985,0.04900761599921722,1.0000001550370041
882,a_unit,4.0,20.07892323323454,0.6745985787451924,0.9435724642166907,0.04699318052349012,1.0000001550370041
882,oracle,0.01,0.05019730808308635,0.7077639020820334,0.002456601802379051,0.048938915176744036,0.9652536202992478
882,oracle,0.1,0.5019730808308636,0.706815980017441,0.024516461042397908,0.04884019079632392,0.9652536202992478
882,oracle,1.0,5.019730808308635,0.7042179464061665,0.2412508156813875,0.04806050859979788,0.9652536202992478
882,oracle,4.0,20.07892323323454,0.7047262371093461,0.9237915508150729,0.046008022446443614,0.9652536202992478
882,md_full,0.01,0.05019730808308635,0.6898043695437857,-0.0009744620093602725,-0.019412634792036008,-0.0007226284785223844
882,md_full,0.1,0.5019730808308636,0.6896343846381987,-0.0097352550149417,-0.019393978256419548,-0.0007226284785223844
882,md_full,1.0,5.019730808308635,0.6879487872671455,-0.09800442480802196,-0.019523840729826686,-0.0007226284785223844
882,md_full,4.0,20.07892323323454,0.6824370547678621,-0.3930989437034704,-0.01957769045368005,-0.0007226284785223844
882,mean_diff_tgt_asis,0.01,0.05019730808308635,0.694722147700052,-0.0008793912189972071,-0.01751869278610803,-0.017352128633114576
882,mean_diff_tgt_asis,0.1,0.5019730808308636,0.6944905427799839,-0.008805117938918236,-0.017541016192230956,-0.017352128633114576
882,mean_diff_tgt_asis,1.0,5.019730808308635,0.6944600848498279,-0.08894171528917527,-0.017718423295121594,-0.017352128633114576
882,mean_diff_tgt_asis,4.0,20.07892323323454,0.6997390530207456,-0.36528240132508116,-0.01819233019031954,-0.017352128633114576
882,probe_grad_tgt_asis,0.01,0.05019730808308635,0.7642099983232934,-0.00015761150031895488,-0.003139839691365064,0.012379494106079667
882,probe_grad_tgt_asis,0.1,0.5019730808308636,0.7651052600672086,-0.001621841100794462,-0.0032309324199417187,0.012379494106079667
882,probe_grad_tgt_asis,1.0,5.019730808308635,0.7723322472569863,-0.019075444153696962,-0.003800093049237496,0.012379494106079667
882,probe_grad_tgt_asis,4.0,20.07892323323454,0.8028635200911431,-0.11463134478790302,-0.005709038450735533,0.012379494106079667
882,jtw,0.01,0.05019730808308635,7.1711176556752,0.02316630073452178,0.46150484197632724,0.1080336354746946
882,jtw,0.1,0.5019730808308636,7.172305559433002,0.22947064744901882,0.4571373569857572,0.1080336354746946
882,jtw,1.0,5.019730808308635,6.940091398997735,2.024318918559125,0.40327240560559174,0.1080336354746946
882,jtw,4.0,20.07892323323454,5.207844155869678,4.996759567596774,0.24885595256055168,0.1080336354746946
152,random0,0.01,0.08953976881467439,0.6660869510942801,-0.0023570115540182367,-0.02632362787195351,-0.0027201306360455646
152,random0,0.1,0.8953976881467439,0.6657257950831502,-0.023440963529460297,-0.02617938804150523,-0.0027201306360455646
152,random0,1.0,8.953976881467439,0.6620787597711575,-0.2298541593599538,-0.025670622384082336,-0.0027201306360455646
152,random0,4.0,35.815907525869754,0.6493473590160207,-0.8222545167413844,-0.02295780209247725,-0.0027201306360455646
152,random1,0.01,0.08953976881467439,0.7588608325316865,0.0004472549640970173,0.004995042649961791,-0.04285108197620964
152,random1,0.1,0.8953976881467439,0.7584713975598769,0.004535579967421009,0.005065436316692485,-0.04285108197620964
152,random1,1.0,8.953976881467439,0.754463828421339,0.052012848835964784,0.005808910333867264,-0.04285108197620964
152,random1,4.0,35.815907525869754,0.7272585476320036,0.25272571915491443,0.007056242229025502,-0.04285108197620964
152,random2,0.01,0.08953976881467439,0.6474722245516503,0.0004837775577973528,0.005402935077916664,0.009191708571768131
152,random2,0.1,0.8953976881467439,0.6473718522174905,0.004901788919678851,0.005474426597888995,0.009191708571768131
152,random2,1.0,8.953976881467439,0.6444416380163037,0.05184676515109524,0.00579036173953112,0.009191708571768131
152,random2,4.0,35.815907525869754,0.6353038709228642,0.21591022858460218,0.006028333316101251,0.009191708571768131
152,random3,0.01,0.08953976881467439,0.680305006494056,-1.2986839712523569e-06,-1.4503990667435359e-05,0.0013588918414095368
152,random3,0.1,0.8953976881467439,0.680698660891202,0.0001224952846430277,0.00013680545110247408,0.0013588918414095368
152,random3,1.0,8.953976881467439,0.6824774621587472,0.0066803015231785695,0.0007460708924774169,0.0013588918414095368
152,random3,4.0,35.815907525869754,0.6879676788880694,0.006323683925957363,0.00017656076204099476,0.0013588918414095368
152,random4,0.01,0.08953976881467439,0.5713750591455942,0.0013893979892075374,0.015517104942310655,-0.02756887301816416
152,random4,0.1,0.8953976881467439,0.5713620975077892,0.01385480207115368,0.01547335028285561,-0.02756887301816416
152,random4,1.0,8.953976881467439,0.5711831537682127,0.13291894747375355,0.014844682897145238,-0.02756887301816416
152,random4,4.0,35.815907525869754,0.5725065719553424,0.4377173793403364,0.012221311969386063,-0.02756887301816416
152,random5,0.01,0.08953976881467439,0.6174096353782375,0.0005177508451667601,0.005782356287275868,0.012284240913234839
152,random5,0.1,0.8953976881467439,0.6181164608658269,0.005200540469799045,0.0058080789560255655,0.012284240913234839
152,random5,1.0,8.953976881467439,0.6268049843589933,0.05371081858535924,0.005998543361947652,0.012284240913234839
152,random5,4.0,35.815907525869754,0.6645180114465512,0.19894379168031612,0.005554620988917269,0.012284240913234839
152,random6,0.01,0.08953976881467439,0.6989769887431159,-0.00026774953458187894,-0.0029902861949091643,-0.006669622671958607
152,random6,0.1,0.8953976881467439,0.6990552738786874,-0.0027517454137463183,-0.0030732103177994173,-0.006669622671958607
152,random6,1.0,8.953976881467439,0.6988665304871373,-0.038179727057658014,-0.004263996608778474,-0.006669622671958607
152,random6,4.0,35.815907525869754,0.686410138544275,-0.2985849057571298,-0.008336656150384087,-0.006669622671958607
152,random7,0.01,0.08953976881467439,0.5731076654332282,0.00017888083527553902,0.0019977808480361276,-0.017832955025942027
152,random7,0.1,0.8953976881467439,0.5730999831407662,0.0017705478115674668,0.001977387070578741,-0.017832955025942027
152,random7,1.0,8.953976881467439,0.5737292855864444,0.013642436254369873,0.001523617542793349,-0.017832955025942027
152,random7,4.0,35.815907525869754,0.5745913031922049,-0.0007342565611632712,-2.0500850373061725e-05,-0.017832955025942027
152,a_unit,0.01,0.08953976881467439,0.9500405245130664,0.010522064610011175,0.11751275158850696,0.9999998749370727
152,a_unit,0.1,0.8953976881467439,0.9505595283828254,0.10494445711847025,0.11720429760733449,0.9999998749370727
152,a_unit,1.0,8.953976881467439,0.9520890339355866,1.021270922445889,0.11405780202087322,0.9999998749370727
152,a_unit,4.0,35.815907525869754,0.9452460110463444,3.716011309310014,0.10375309648725073,0.9999998749370727
152,oracle,0.01,0.08953976881467439,1.0590851765549647,0.01133834314511707,0.1266291313369894,0.9358597912937163
152,oracle,0.1,0.8953976881467439,1.0576479809937966,0.11301566417602786,0.12621840068622792,0.9358597912937163
152,oracle,1.0,8.953976881467439,1.0433989011718434,1.0944204880275796,0.12222730776676057,0.9358597912937163
152,oracle,4.0,35.815907525869754,0.9624522532393823,3.918979270521396,0.10942007452109724,0.9358597912937163
152,md_full,0.01,0.08953976881467439,0.6613322269271936,-0.001507633404057835,-0.01683758428255796,-0.0077092644660748996
152,md_full,0.1,0.8953976881467439,0.6608437241646937,-0.014967537466214447,-0.016716077854962548,-0.0077092644660748996
152,md_full,1.0,8.953976881467439,0.6580409875188014,-0.14755629999596837,-0.016479414895673245,-0.0077092644660748996
152,md_full,4.0,35.815907525869754,0.6552587421936786,-0.5132384779421569,-0.014329902922924565,-0.0077092644660748996
152,mean_diff_tgt_asis,0.01,0.08953976881467439,0.6620400570417951,-0.00039973442761548274,-0.004464322757442406,-0.008599767629787387
152,mean_diff_tgt_asis,0.1,0.8953976881467439,0.6614332306886579,-0.0038781705547605173,-0.004331226901855632,-0.008599767629787387
152,mean_diff_tgt_asis,1.0,8.953976881467439,0.6557410887500044,-0.030767643140305542,-0.003436198635266426,-0.008599767629787387
152,mean_diff_tgt_asis,4.0,35.815907525869754,0.6459862056359006,-0.041992976922812564,-0.001172467203085141,-0.008599767629787387
152,probe_grad_tgt_asis,0.01,0.08953976881467439,0.9711280608824446,-0.0020476535498586317,-0.02286864905913235,0.01429074378105617
152,probe_grad_tgt_asis,0.1,0.8953976881467439,0.9708389561396593,-0.020563224911299766,-0.022965465718211373,0.01429074378105617
152,probe_grad_tgt_asis,1.0,8.953976881467439,0.9684280847540232,-0.20839098095251513,-0.02327356700951886,0.01429074378105617
152,probe_grad_tgt_asis,4.0,35.815907525869754,0.9512747794071387,-0.8379119943509665,-0.02339496755026365,0.01429074378105617
152,jtw,0.01,0.08953976881467439,7.489559416477823,0.07901303759667903,0.8824351306983701,0.1329726553977658
152,jtw,0.1,0.8953976881467439,7.599974664687184,0.7762019189868683,0.8668795209795751,0.1329726553977658
152,jtw,1.0,8.953976881467439,7.1759601337997285,5.076957478300987,0.5670058729779679,0.1329726553977658
152,jtw,4.0,35.815907525869754,3.5191107910054047,6.269409585020629,0.17504539234395353,0.1329726553977658
1077,random0,0.01,0.04999125692563689,0.5171319952468131,-0.00017048245010505122,-0.0034102453226700752,-0.018836843037210012
1077,random0,0.1,0.49991256925636895,0.5177633431427685,-0.0016910388978697527,-0.0033826692943232264,-0.018836843037210012
1077,random0,1.0,4.999125692563689,0.5202550724707923,-0.01735925337250266,-0.003472457873648773,-0.018836843037210012
1077,random0,4.0,19.996502770254757,0.5311154041556199,-0.07697770260067635,-0.0038495582695181278,-0.018836843037210012
1077,random1,0.01,0.04999125692563689,0.6197837498539137,-0.0012077015323443577,-0.02415825499528529,-0.03292832111463371
1077,random1,0.1,0.49991256925636895,0.6205333504289472,-0.012069037953343626,-0.024142297464727857,-0.03292832111463371
1077,random1,1.0,4.999125692563689,0.6311361474873696,-0.1254859154231987,-0.025101572382919237,-0.03292832111463371
1077,random1,4.0,19.996502770254757,0.6639510601138559,-0.5687813815203349,-0.028444042843652134,-0.03292832111463371
1077,random2,0.01,0.04999125692563689,0.620395835043266,-0.00019270005852307402,-0.003854675204700687,0.001196914480027564
1077,random2,0.1,0.49991256925636895,0.6206098952390872,-0.0019338204035588516,-0.003868317226821187,0.001196914480027564
1077,random2,1.0,4.999125692563689,0.6207793884433648,-0.02124884115700601,-0.004250511482160597,0.001196914480027564
1077,random2,4.0,19.996502770254757,0.62134569718722,-0.11018316190642855,-0.00551012160337999,0.001196914480027564
1077,random3,0.01,0.04999125692563689,0.5481286337694706,0.0004072202677176312,0.008145829746257039,0.01872252736263025
1077,random3,0.1,0.49991256925636895,0.547215094625462,0.004071044595243902,0.008143513177313528,0.01872252736263025
1077,random3,1.0,4.999125692563689,0.5449070751065106,0.03939672197820561,0.007880722430486016,0.01872252736263025
1077,random3,4.0,19.996502770254757,0.5421939116492452,0.13724637498650075,0.00686351891445027,0.01872252736263025
1077,random4,0.01,0.04999125692563689,0.5088178316782033,5.460489226954095e-05,0.001092288844642713,-0.019897432737398267
1077,random4,0.1,0.49991256925636895,0.5090846816035354,0.0006094238593784634,0.0012190608855564382,-0.019897432737398267
1077,random4,1.0,4.999125692563689,0.509323482730792,0.007216452170989575,0.0014435428542483354,-0.019897432737398267
1077,random4,4.0,19.996502770254757,0.5121903139629935,0.04042619405599505,0.002021663213836067,-0.019897432737398267
1077,random5,0.01,0.04999125692563689,0.5254568745157627,0.0007057902744904928,0.01411827423223968,0.020173401902866893
1077,random5,0.1,0.49991256925636895,0.5252195703050514,0.007053630164390564,0.014109727576730057,0.020173401902866893
1077,random5,1.0,4.999125692563689,0.5230778774962611,0.06991366042068593,0.013985177553083743,0.020173401902866893
1077,random5,4.0,19.996502770254757,0.5196203672642422,0.2685538653635746,0.013430041665238307,0.020173401902866893
1077,random6,0.01,0.04999125692563689,0.6086975117180964,-0.0003490894233157771,-0.0069830095257467795,0.006974038469949774
1077,random6,0.1,0.49991256925636895,0.6085635726657721,-0.003496745570187102,-0.006994714246510322,0.006974038469949774
1077,random6,1.0,4.999125692563689,0.6097588605211312,-0.0358517380355238,-0.007171601644034287,0.006974038469949774
1077,random6,4.0,19.996502770254757,0.6161537862343011,-0.15495016176556675,-0.007748863065998648,0.006974038469949774
1077,random7,0.01,0.04999125692563689,0.48519310636137886,-0.0004527780590218597,-0.00905714492626935,-0.024023525539284697
1077,random7,0.1,0.49991256925636895,0.48618843016765917,-0.004543227457232251,-0.009088044063365724,-0.024023525539284697
1077,random7,1.0,4.999125692563689,0.4892834279580504,-0.04580390418051445,-0.009162382984018341,-0.024023525539284697
1077,random7,4.0,19.996502770254757,0.5010719550096614,-0.18754429663310213,-0.009378854832159873,-0.024023525539284697
1077,a_unit,0.01,0.04999125692563689,0.8229660578526768,0.002362112315812981,0.047250508610469144,1.0000001550370041
1077,a_unit,0.1,0.49991256925636895,0.8221264119420192,0.023561597891335537,0.047131437255886435,1.0000001550370041
1077,a_unit,1.0,4.999125692563689,0.8144713057468373,0.2307171914484927,0.0461515084110987,1.0000001550370041
1077,a_unit,4.0,19.996502770254757,0.7990558749284621,0.8783355994596318,0.043924460669501446,1.0000001550370041
1077,oracle,0.01,0.04999125692563689,0.860015247260192,0.002750076210179013,0.055011143533954594,0.9656761405591429
1077,oracle,0.1,0.49991256925636895,0.8584896469711399,0.027427392090141563,0.05486437784699116,0.9656761405591429
1077,oracle,1.0,4.999125692563689,0.8500016995885222,0.2687993933849543,0.0537692808534099,0.9656761405591429
1077,oracle,4.0,19.996502770254757,0.8285656590498517,1.0197233706316653,0.05099508560809576,0.9656761405591429
1077,md_full,0.01,0.04999125692563689,0.6339273346368552,0.00042778004870667064,0.008557097280890597,-0.0007226284785223844
1077,md_full,0.1,0.49991256925636895,0.633241501080912,0.004308262224878523,0.00861803141154694,-0.0007226284785223844
1077,md_full,1.0,4.999125692563689,0.6276744468602499,0.042871459837264564,0.008575791543116593,-0.0007226284785223844
1077,md_full,4.0,19.996502770254757,0.6096918674893457,0.1703459036043446,0.008518784787594855,-0.0007226284785223844
1077,mean_diff_tgt_asis,0.01,0.04999125692563689,0.6751243074848636,-0.0001726668412262829,-0.003453940785748369,-0.017352128633114576
1077,mean_diff_tgt_asis,0.1,0.49991256925636895,0.6744676845569996,-0.001766511041633786,-0.003533639980810065,-0.017352128633114576
1077,mean_diff_tgt_asis,1.0,4.999125692563689,0.6689068724955884,-0.018654170020567996,-0.003731486497392232,-0.017352128633114576
1077,mean_diff_tgt_asis,4.0,19.996502770254757,0.6572265795763383,-0.08423946065882774,-0.00421270967362032,-0.017352128633114576
1077,probe_grad_tgt_asis,0.01,0.04999125692563689,0.7179316258838845,-0.0007307733040626481,-0.014618022210357497,0.012379494106079667
1077,probe_grad_tgt_asis,0.1,0.49991256925636895,0.7177118364231925,-0.007304530698394723,-0.014611616405765462,0.012379494106079667
1077,probe_grad_tgt_asis,1.0,4.999125692563689,0.7184496284916208,-0.07413583101773333,-0.014829759357323627,0.012379494106079667
1077,probe_grad_tgt_asis,4.0,19.996502770254757,0.7273767096275121,-0.30296715583751765,-0.01515100711951432,0.012379494106079667
1077,jtw,0.01,0.04999125692563689,6.703872268204028,0.027053879794115415,0.5411722260626226,0.08714083352292787
1077,jtw,0.1,0.49991256925636895,6.706048848688587,0.266054361878159,0.5322017853520282,0.08714083352292787
1077,jtw,1.0,4.999125692563689,6.541263948341106,2.202369574254837,0.4405509502453421,0.08714083352292787
1077,jtw,4.0,19.996502770254757,5.639478476946469,4.860568533216247,0.2430709304052132,0.08714083352292787
472,random0,0.01,0.08796275779690044,0.5327769399430794,-0.0013580287908183555,-0.015438679105013333,-0.018836843037210012
472,random0,0.1,0.8796275779690044,0.5325001222323363,-0.01352793883498566,-0.015379166335622037,-0.018836843037210012
472,random0,1.0,8.796275779690044,0.5293893249653207,-0.12949367406398682,-0.014721420440566247,-0.018836843037210012
472,random0,4.0,35.185103118760175,0.5191480713421163,-0.4285242630872628,-0.012179139041908336,-0.018836843037210012
472,random1,0.01,0.08796275779690044,0.6826142629145022,-0.0017463307040791846,-0.01985306904669058,-0.03292832111463371
472,random1,0.1,0.8796275779690044,0.6838885963125603,-0.017473196983032183,-0.019864312375672117,-0.03292832111463371
472,random1,1.0,8.796275779690044,0.6952145570361791,-0.17381881023780887,-0.019760500306180005,-0.03292832111463371
472,random1,4.0,35.185103118760175,0.7254062693989126,-0.6539083590286812,-0.018584807235651583,-0.03292832111463371
472,random2,0.01,0.08796275779690044,0.6998346996721068,-0.0008013916319350354,-0.009110578749536137,0.001196914480027564
472,random2,0.1,0.8796275779690044,0.6995121842047087,-0.007929675203993836,-0.00901480967923138,0.001196914480027564
472,random2,1.0,8.796275779690044,0.6918075549874866,-0.06948798532129745,-0.00789970517770033,0.001196914480027564
472,random2,4.0,35.185103118760175,0.6650006333204355,-0.2042774980471632,-0.005805795064964453,0.001196914480027564
472,random3,0.01,0.08796275779690044,0.6094828337027165,0.0008794276895241222,0.009997727578694795,0.01872252736263025
472,random3,0.1,0.8796275779690044,0.6099643453155615,0.008873146250763932,0.0100873897919974,0.01872252736263025
472,random3,1.0,8.796275779690044,0.6164602766148394,0.09605426091906172,0.010919878289951297,0.01872252736263025
472,random3,4.0,35.185103118760175,0.6429571128059463,0.4472140753678488,0.01271032441935351,0.01872252736263025
472,random4,0.01,0.08796275779690044,0.6248386775696094,0.0009811918036793975,0.011154627574829993,-0.019897432737398267
472,random4,0.1,0.8796275779690044,0.6245833495507642,0.009831799616903749,0.0111772298449358,-0.019897432737398267
472,random4,1.0,8.796275779690044,0.6260200827826405,0.10664515862985294,0.01212389894324241,-0.019897432737398267
472,random4,4.0,35.185103118760175,0.6244709091255212,0.4997678358808009,0.01420396109665889,-0.019897432737398267
472,random5,0.01,0.08796275779690044,0.5495685542524016,0.0029249503508767868,0.033252144704583764,0.020173401902866893
472,random5,0.1,0.8796275779690044,0.5498628986577879,0.02931841831629691,0.033330490142192894,0.020173401902866893
472,random5,1.0,8.796275779690044,0.5536578803855559,0.3015501944777492,0.034281575752093466,0.020173401902866893
472,random5,4.0,35.185103118760175,0.5659973670486459,1.2579792479013263,0.03575317780525675,0.020173401902866893
472,random6,0.01,0.08796275779690044,0.5601072064506434,0.000956952181188894,0.010879060697465017,0.006974038469949774
472,random6,0.1,0.8796275779690044,0.5596879490341312,0.009666422206793788,0.010989221403349868,0.006974038469949774
472,random6,1.0,8.796275779690044,0.557713150839717,0.10555590645589155,0.012000067880956212,0.006974038469949774
472,random6,4.0,35.185103118760175,0.5538516962907545,0.5072572430411133,0.014416818428212913,0.006974038469949774
472,random7,0.01,0.08796275779690044,0.4757021362777495,0.00030900896881168354,0.0035129522601503992,-0.024023525539284697
472,random7,0.1,0.8796275779690044,0.4757224314808282,0.0030992164849490437,0.003523328011275985,-0.024023525539284697
472,random7,1.0,8.796275779690044,0.4749997563416861,0.036115040819273345,0.004105719479903112,-0.024023525539284697
472,random7,4.0,35.185103118760175,0.4744704591681445,0.2036064134219763,0.005786722089025693,-0.024023525539284697
472,a_unit,0.01,0.08796275779690044,0.6572608417868121,0.00515440585621,0.05859759272340171,1.0000001550370041
472,a_unit,0.1,0.8796275779690044,0.6580059768789382,0.051585090761929464,0.058644239964640105,1.0000001550370041
472,a_unit,1.0,8.796275779690044,0.6660796447141251,0.5214557497724822,0.05928142350612578,1.0000001550370041
472,a_unit,4.0,35.185103118760175,0.7123570850110558,2.21419973266715,0.06293003391786484,1.0000001550370041
472,oracle,0.01,0.08796275779690044,0.6328694216257947,0.005747367721079203,0.06533864859432277,0.9318429734664511
472,oracle,0.1,0.8796275779690044,0.6336758263894543,0.05753957348567652,0.06541356242892155,0.9318429734664511
472,oracle,1.0,8.796275779690044,0.6417461246526394,0.5797396379593525,0.06590739677556823,0.9318429734664511
472,oracle,4.0,35.185103118760175,0.6794061920845954,2.3832844889340654,0.06773561188352276,0.9318429734664511
472,md_full,0.01,0.08796275779690044,0.6665630419148404,-0.0007272784193040521,-0.00826802657760327,-0.0007226284785223844
472,md_full,0.1,0.8796275779690044,0.6664698720228693,-0.007217109033258755,-0.00820473256411825,-0.0007226284785223844
472,md_full,1.0,8.796275779690044,0.6658090421115008,-0.07057532974354475,-0.008023319358233175,-0.0007226284785223844
472,md_full,4.0,35.185103118760175,0.662317849158348,-0.2538194429502508,-0.007213832572652544,-0.0007226284785223844
472,mean_diff_tgt_asis,0.01,0.08796275779690044,0.7676296739489383,-0.0007088632994870258,-0.008058675253494657,-0.017352128633114576
472,mean_diff_tgt_asis,0.1,0.8796275779690044,0.7667294038546526,-0.007030979340771822,-0.007993131999119262,-0.017352128633114576
472,mean_diff_tgt_asis,1.0,8.796275779690044,0.7597036480266015,-0.06312895804156339,-0.0071767824955333405,-0.017352128633114576
472,mean_diff_tgt_asis,4.0,35.185103118760175,0.7326736538392835,-0.14652625109797277,-0.0041644400075623806,-0.017352128633114576
472,probe_grad_tgt_asis,0.01,0.08796275779690044,0.9825660763882144,-0.0016187174688580483,-0.018402304673024786,0.012379494106079667
472,probe_grad_tgt_asis,0.1,0.8796275779690044,0.9828920371919639,-0.01626132310542653,-0.018486599911945387,0.012379494106079667
472,probe_grad_tgt_asis,1.0,8.796275779690044,0.9832796717197754,-0.1703575696793246,-0.01936701098806699,0.012379494106079667
472,probe_grad_tgt_asis,4.0,35.185103118760175,0.9740284225498012,-0.762842962545077,-0.021680850556846612,0.012379494106079667
472,jtw,0.01,0.08796275779690044,6.490352327693284,0.06483383880497454,0.7370600971228201,0.07924498706272501
472,jtw,0.1,0.8796275779690044,6.386043555337961,0.6293721105451214,0.7154983839846126,0.07924498706272501
472,jtw,1.0,8.796275779690044,5.237671124762113,4.684078887277089,0.5325070523700819,0.07924498706272501
472,jtw,4.0,35.185103118760175,2.9598268035251505,9.143912273322012,0.2598802181269326,0.07924498706272501
