direction,stmt,stem,scale,frac,argmax_id,argmax_tok,hit_target,margin,frac_margin,readout_delta,completion
oracle,2036,Not everyone lives in a,0,+0.00,3413, city,0,1.28663,0,0,"city, and not everyone has a car"
oracle,2036,Not everyone lives in a,0.150655,+0.25,3413, city,0,0.964653,0.250248,0.321976,"city, and not everyone has a car"
oracle,2036,Not everyone lives in a,-0.150655,-0.25,3413, city,0,1.6086,-0.250248,-0.321976,"city, and not everyone has a car"
oracle,2036,Not everyone lives in a,0.30131,+0.50,3413, city,0,0.642673,0.500498,0.643955,"city, and not everyone has a car"
oracle,2036,Not everyone lives in a,-0.30131,-0.50,3413, city,0,1.93058,-0.500495,-0.643951,"city, and not everyone has a car"
oracle,2036,Not everyone lives in a,0.60262,+1.00,3036, house,1,-0.00127411,1.00099,1.2879,house with a backyard. Some people live
oracle,2036,Not everyone lives in a,-0.60262,-1.00,3413, city,0,2.57453,-1.00099,-1.2879,"city, and not everyone has a car"
oracle,2036,Not everyone lives in a,1.20524,+2.00,3036, house,1,-1.28917,2.00198,2.5758,house with a backyard. Some people live
oracle,2036,Not everyone lives in a,-1.20524,-2.00,3413, city,0,3.86242,-2.00197,-2.57579,"city, and not everyone has a car"
md_full,2036,Not everyone lives in a,0,+0.00,3413, city,0,1.28663,0,0,"city, and not everyone has a car"
md_full,2036,Not everyone lives in a,9.85589,+0.25,3413, city,0,0.964649,0.250251,0.32198,"city, and not everyone has a car"
md_full,2036,Not everyone lives in a,-9.85589,-0.25,3413, city,0,1.60859,-0.250239,-0.321964,"city, and not everyone has a car"
md_full,2036,Not everyone lives in a,19.7118,+0.50,3413, city,0,0.642673,0.500498,0.643955,"city, and not everyone has a car"
md_full,2036,Not everyone lives in a,-19.7118,-0.50,3413, city,0,1.93057,-0.500486,-0.64394,"city.  In fact, most people"
md_full,2036,Not everyone lives in a,39.4236,+1.00,3036, house,1,-0.00127411,1.00099,1.2879,house with a backyard. Some people live
md_full,2036,Not everyone lives in a,-39.4236,-1.00,3413, city,0,2.57453,-1.00099,-1.2879,city.  Not everyone has a job
md_full,2036,Not everyone lives in a,78.8471,+2.00,3036, house,1,-1.28917,2.00198,2.5758,house with a backyard. Some people live
md_full,2036,Not everyone lives in a,-78.8471,-2.00,3413, city,0,3.86243,-2.00197,-2.5758,city or a town.  In fact
jtw_legacy,2036,Not everyone lives in a,0,+0.00,3413, city,0,1.28663,0,0,"city, and not everyone has a car"
jtw_legacy,2036,Not everyone lives in a,0.150655,+0.25,3413, city,0,1.28778,-0.000898358,-0.00115585,"city, and not everyone has a car"
jtw_legacy,2036,Not everyone lives in a,-0.150655,-0.25,3413, city,0,1.28547,0.000901323,0.00115967,"city, and not everyone has a car"
jtw_legacy,2036,Not everyone lives in a,0.30131,+0.50,3413, city,0,1.28894,-0.00179968,-0.00231552,"city, and not everyone has a car"
jtw_legacy,2036,Not everyone lives in a,-0.30131,-0.50,3413, city,0,1.2843,0.00180858,0.00232697,"city, and not everyone has a car"
jtw_legacy,2036,Not everyone lives in a,0.60262,+1.00,3413, city,0,1.29126,-0.00360233,-0.00463486,"city, and not everyone has a car"
jtw_legacy,2036,Not everyone lives in a,-0.60262,-1.00,3413, city,0,1.28199,0.00360529,0.00463867,"city, and not everyone has a car"
jtw_legacy,2036,Not everyone lives in a,1.20524,+2.00,3413, city,0,1.2959,-0.00720762,-0.00927353,"city, and not everyone has a car"
jtw_legacy,2036,Not everyone lives in a,-1.20524,-2.00,3413, city,0,1.27734,0.00721651,0.00928497,"city, and not everyone has a car"
oracle,1171,Mice can fit through a hole the size of a,0,+0.00,9453, quarter,0,0.968708,0,0,quarter.  Mice can fit through a
oracle,1171,Mice can fit through a hole the size of a,0.105432,+0.25,9453, quarter,0,0.726288,0.250251,0.24242,quarter.  Mice can fit through a
oracle,1171,Mice can fit through a hole the size of a,-0.105432,-0.25,9453, quarter,0,1.21113,-0.250255,-0.242424,quarter.  Mice can fit through a
oracle,1171,Mice can fit through a hole the size of a,0.210864,+0.50,9453, quarter,0,0.483868,0.500502,0.48484,quarter.  Mice can fit through a
oracle,1171,Mice can fit through a hole the size of a,-0.210864,-0.50,9453, quarter,0,1.45355,-0.500506,-0.484844,quarter.  Mice can fit through a
oracle,1171,Mice can fit through a hole the size of a,0.421729,+1.00,77667, dime,1,-0.00097847,1.00101,0.969687,dime. They can also squeeze through a
oracle,1171,Mice can fit through a hole the size of a,-0.421729,-1.00,9453, quarter,0,1.93839,-1.00101,-0.969685,quarter.  Mice can fit through a
oracle,1171,Mice can fit through a hole the size of a,0.843458,+2.00,77667, dime,1,-0.970661,2.00202,1.93937,dime. They can also squeeze through a
oracle,1171,Mice can fit through a hole the size of a,-0.843458,-2.00,9453, quarter,0,2.90808,-2.00202,-1.93937,quarter.  Mice can fit through a
md_full,1171,Mice can fit through a hole the size of a,0,+0.00,9453, quarter,0,0.968708,0,0,quarter.  Mice can fit through a
md_full,1171,Mice can fit through a hole the size of a,8.13335,+0.25,9453, quarter,0,1.21113,-0.250253,-0.242422,quarter. They can also squeeze through a
md_full,1171,Mice can fit through a hole the size of a,-8.13335,-0.25,9453, quarter,0,0.726288,0.250251,0.24242,quarter.  Mice can fit through a
md_full,1171,Mice can fit through a hole the size of a,16.2667,+0.50,9453, quarter,0,1.45355,-0.500506,-0.484844,quarter. They can also squeeze through a
md_full,1171,Mice can fit through a hole the size of a,-16.2667,-0.50,9453, quarter,0,0.483868,0.500502,0.48484,quarter.  Mice can fit through a
md_full,1171,Mice can fit through a hole the size of a,32.5334,+1.00,9453, quarter,0,1.93839,-1.00101,-0.969685,quarter. They can also squeeze through a
md_full,1171,Mice can fit through a hole the size of a,-32.5334,-1.00,77667, dime,1,-0.000976562,1.00101,0.969685,dime.  That’s why it
md_full,1171,Mice can fit through a hole the size of a,65.0668,+2.00,9453, quarter,0,2.90808,-2.00202,-1.93937,quarter. They can squeeze through a hole
md_full,1171,Mice can fit through a hole the size of a,-65.0668,-2.00,109,\n\n,0,-0.970659,2.00201,1.93937,A  B  C  D
oracle,2093,A fact about pregnancy is tha pregnant women often have insane mood,0,+0.00,70739, swings,0,9.52748,0,0,swings. This is because of the hormones
oracle,2093,A fact about pregnancy is tha pregnant women often have insane mood,1.07315,+0.25,70739, swings,0,7.14322,0.25025,2.38425,swings. This is because of the hormones
oracle,2093,A fact about pregnancy is tha pregnant women often have insane mood,-1.07315,-0.25,70739, swings,0,11.9117,-0.25025,-2.38425,swings. This is because of the hormones
oracle,2093,A fact about pregnancy is tha pregnant women often have insane mood,2.1463,+0.50,70739, swings,0,4.75898,0.5005,4.7685,swings. This is because of the hormones
oracle,2093,A fact about pregnancy is tha pregnant women often have insane mood,-2.1463,-0.50,70739, swings,0,14.296,-0.5005,-4.76851,swings. This is because of the hormones
oracle,2093,A fact about pregnancy is tha pregnant women often have insane mood,4.2926,+1.00,4559, changes,1,-0.0095253,1.001,9.537,changes. It is not uncommon for a
oracle,2093,A fact about pregnancy is tha pregnant women often have insane mood,-4.2926,-1.00,70739, swings,0,19.0645,-1.001,-9.537,swings. They can be happy one minute
oracle,2093,A fact about pregnancy is tha pregnant women often have insane mood,8.58519,+2.00,4559, changes,1,-9.54653,2.002,19.074,changes.  This is because of the
oracle,2093,A fact about pregnancy is tha pregnant women often have insane mood,-8.58519,-2.00,70739, swings,0,28.6015,-2.002,-19.074,swings. They can be happy one minute
md_full,2093,A fact about pregnancy is tha pregnant women often have insane mood,0,+0.00,70739, swings,0,9.52748,0,0,swings. This is because of the hormones
md_full,2093,A fact about pregnancy is tha pregnant women often have insane mood,155.039,+0.25,70739, swings,0,7.14323,0.25025,2.38425,"swings. They are often irritable, they"
md_full,2093,A fact about pregnancy is tha pregnant women often have insane mood,-155.039,-0.25,109,\n\n,0,11.9117,-0.250249,-2.38424,I
md_full,2093,A fact about pregnancy is tha pregnant women often have insane mood,310.078,+0.50,70739, swings,0,4.75898,0.5005,4.7685,swings. They often their their pregnancy their
md_full,2093,A fact about pregnancy is tha pregnant women often have insane mood,-310.078,-0.50,109,\n\n,0,14.296,-0.500499,-4.7685,
md_full,2093,A fact about pregnancy is tha pregnant women often have insane mood,620.156,+1.00,10368, Their,0,-0.0095253,1.001,9.537,Their Their Their Their Their Their Their Their
md_full,2093,A fact about pregnancy is tha pregnant women often have insane mood,-620.156,-1.00,109,\n\n,0,19.0645,-1.001,-9.537,
md_full,2093,A fact about pregnancy is tha pregnant women often have insane mood,1240.31,+2.00,87936,GraphicsUnit,0,-9.54653,2.002,19.074,GraphicsUnitGraphicsUnitGraphicsUnitGraphicsUnitGraphicsUnitGraphicsUnitGraphicsUnitGraphicsUnit
md_full,2093,A fact about pregnancy is tha pregnant women often have insane mood,-1240.31,-2.00,109,\n\n,0,28.6015,-2.002,-19.074,
oracle,4155,Toothpaste is not very good for cleaning,0,+0.00,861, your,0,4.87847,0,0,your teeth. It is not a good
oracle,4155,Toothpaste is not very good for cleaning,0.596677,+0.25,861, your,0,3.65763,0.25025,1.22084,your teeth. It is not a good
oracle,4155,Toothpaste is not very good for cleaning,-0.596677,-0.25,861, your,0,6.09932,-0.250251,-1.22084,your teeth. It is not a good
oracle,4155,Toothpaste is not very good for cleaning,1.19335,+0.50,861, your,0,2.43681,0.500498,2.44167,your teeth. It is not a good
oracle,4155,Toothpaste is not very good for cleaning,-1.19335,-0.50,861, your,0,7.32015,-0.5005,-2.44168,your teeth. It is not a good
oracle,4155,Toothpaste is not very good for cleaning,2.38671,+1.00,573, the,1,-0.00487137,1.001,4.88334,the teeth. It is not a good
oracle,4155,Toothpaste is not very good for cleaning,-2.38671,-1.00,861, your,0,9.76182,-1.001,-4.88335,your teeth. It is not a good
oracle,4155,Toothpaste is not very good for cleaning,4.77342,+2.00,573, the,1,-4.88821,2.002,9.76669,the teeth. It is not a good
oracle,4155,Toothpaste is not very good for cleaning,-4.77342,-2.00,861, your,0,14.6452,-2.002,-9.76669,your teeth. It is not a good
md_full,4155,Toothpaste is not very good for cleaning,0,+0.00,861, your,0,4.87847,0,0,your teeth. It is not a good
md_full,4155,Toothpaste is not very good for cleaning,115.256,+0.25,861, your,0,6.09931,-0.250251,-1.22084,your teeth. It is a very important
md_full,4155,Toothpaste is not very good for cleaning,-115.256,-0.25,109,\n\n,0,3.65764,0.250249,1.22083,I don
md_full,4155,Toothpaste is not very good for cleaning,230.511,+0.50,861, your,0,7.32014,-0.5005,-2.44167,your teeth. It’ They are often
md_full,4155,Toothpaste is not very good for cleaning,-230.511,-0.50,109,\n\n,0,2.4368,0.500499,2.44167,
md_full,4155,Toothpaste is not very good for cleaning,461.022,+1.00,1024, their,0,9.76182,-1.001,-4.88335,their their their their their their their their
md_full,4155,Toothpaste is not very good for cleaning,-461.022,-1.00,109,\n\n,0,-0.00486755,1.001,4.88334,
md_full,4155,Toothpaste is not very good for cleaning,922.044,+2.00,1024, their,0,14.6452,-2.002,-9.76669,their Their Their Their Their Their Their Their
md_full,4155,Toothpaste is not very good for cleaning,-922.044,-2.00,109,\n\n,0,-4.88821,2.002,9.76668,
oracle,3133,The study of human development is called,0,+0.00,47492, developmental,0,1.25287,0,0,developmental psychology. It is the study of
oracle,3133,The study of human development is called,0.111838,+0.25,47492, developmental,0,0.939342,0.250247,0.313526,developmental psychology. It is the study of
oracle,3133,The study of human development is called,-0.111838,-0.25,47492, developmental,0,1.5664,-0.25025,-0.31353,developmental psychology. It is the study of
oracle,3133,The study of human development is called,0.223677,+0.50,47492, developmental,0,0.625813,0.500496,0.627056,developmental psychology. It is the study of
oracle,3133,The study of human development is called,-0.223677,-0.50,47492, developmental,0,1.87993,-0.500498,-0.627058,developmental psychology. It is the study of
oracle,3133,The study of human development is called,0.447353,+1.00,476, a,1,-0.00124741,1.001,1.25412,a. sociology. b. psychology.
oracle,3133,The study of human development is called,-0.447353,-1.00,47492, developmental,0,2.50698,-1.00099,-1.25411,developmental psychology. It is the study of
oracle,3133,The study of human development is called,0.894706,+2.00,476, a,1,-1.25536,2.00199,2.50823,a. sociology. b. psychology.
oracle,3133,The study of human development is called,-0.894706,-2.00,47492, developmental,0,3.7611,-2.00199,-2.50823,developmental psychology. Developmental psychology is the study
md_full,3133,The study of human development is called,0,+0.00,47492, developmental,0,1.25287,0,0,developmental psychology. It is the study of
md_full,3133,The study of human development is called,87.9001,+0.25,47492, developmental,0,0.939341,0.250248,0.313528,developmental psychology. It is the study of
md_full,3133,The study of human development is called,-87.9001,-0.25,109,\n\n,0,1.5664,-0.250251,-0.313532,A
md_full,3133,The study of human development is called,175.8,+0.50,47492, developmental,0,0.625811,0.500498,0.627058,developmental behavioral analysis. It is a study
md_full,3133,The study of human development is called,-175.8,-0.50,109,\n\n,0,1.87993,-0.500499,-0.62706,
md_full,3133,The study of human development is called,351.6,+1.00,2365, They,0,-0.0012455,1.00099,1.25411,They are often characterized as their most They
md_full,3133,The study of human development is called,-351.6,-1.00,109,\n\n,0,2.50699,-1.001,-1.25412,
md_full,3133,The study of human development is called,703.201,+2.00,10368, Their,0,-1.25536,2.00199,2.50823,Their Their Their Their Their Their Their Their
md_full,3133,The study of human development is called,-703.201,-2.00,109,\n\n,0,3.76109,-2.00198,-2.50822,
oracle,1438,"Owls are nocturnal, meaning active at",0,+0.00,3354, night,0,4.69495,0,0,night. They are also known as “
oracle,1438,"Owls are nocturnal, meaning active at",0.555886,+0.25,3354, night,0,3.52004,0.25025,1.17491,night. They are also known as “
oracle,1438,"Owls are nocturnal, meaning active at",-0.555886,-0.25,3354, night,0,5.86986,-0.250251,-1.17492,night. They are also known as “
oracle,1438,"Owls are nocturnal, meaning active at",1.11177,+0.50,3354, night,0,2.34512,0.5005,2.34982,night. They are also known as “
oracle,1438,"Owls are nocturnal, meaning active at",-1.11177,-0.50,3354, night,0,7.04477,-0.500501,-2.34983,night. They are also known as night
oracle,1438,"Owls are nocturnal, meaning active at",2.22354,+1.00,68171, dusk,1,-0.00469971,1.001,4.69965,dusk and dawn. They are also known
oracle,1438,"Owls are nocturnal, meaning active at",-2.22354,-1.00,3354, night,0,9.3946,-1.001,-4.69965,night. They are also known as night
oracle,1438,"Owls are nocturnal, meaning active at",4.44708,+2.00,68171, dusk,1,-4.70435,2.002,9.39929,dusk and dawn. They are also solitary
oracle,1438,"Owls are nocturnal, meaning active at",-4.44708,-2.00,3354, night,0,14.0942,-2.002,-9.3993,night. They are also known as night
md_full,1438,"Owls are nocturnal, meaning active at",0,+0.00,3354, night,0,4.69495,0,0,night. They are also known as “
md_full,1438,"Owls are nocturnal, meaning active at",36.4892,+0.25,3354, night,0,3.52004,0.25025,1.17491,"night. They are also solitary, meaning"
md_full,1438,"Owls are nocturnal, meaning active at",-36.4892,-0.25,3354, night,0,5.86986,-0.250251,-1.17491,night. They are also known as “
md_full,1438,"Owls are nocturnal, meaning active at",72.9783,+0.50,3354, night,0,2.34513,0.5005,2.34982,night. They are often seen hunting in
md_full,1438,"Owls are nocturnal, meaning active at",-72.9783,-0.50,109,\n\n,0,7.04477,-0.500502,-2.34983,night.  Ow    ls
md_full,1438,"Owls are nocturnal, meaning active at",145.957,+1.00,1024, their,0,-0.00469965,1.001,4.69965,their most active during their most active hours
md_full,1438,"Owls are nocturnal, meaning active at",-145.957,-1.00,109,\n\n,0,9.3946,-1.001,-4.69965,
md_full,1438,"Owls are nocturnal, meaning active at",291.913,+2.00,1024, their,0,-4.70435,2.002,9.39929,their most their most active their most their
md_full,1438,"Owls are nocturnal, meaning active at",-291.913,-2.00,109,\n\n,0,14.0942,-2.002,-9.3993,
oracle,4287,Rocks are generally harder than,0,+0.00,31740, minerals,0,0.00800896,0,0,minerals. Why is this so?
oracle,4287,Rocks are generally harder than,0.000668411,+0.25,31740, minerals,0,0.00600052,0.250774,0.00200844,minerals. Why is this so?
oracle,4287,Rocks are generally harder than,-0.000668411,-0.25,31740, minerals,0,0.0100136,-0.250298,-0.00200462,minerals. Why is this so?
oracle,4287,Rocks are generally harder than,0.00133682,+0.50,31740, minerals,0,0.00399971,0.500595,0.00400925,minerals. Why is this so?
oracle,4287,Rocks are generally harder than,-0.00133682,-0.50,31740, minerals,0,0.0120163,-0.500357,-0.00400734,minerals. Why is this so?
oracle,4287,Rocks are generally harder than,0.00267365,+1.00,573, the,1,-9.53674e-06,1.00119,0.00801849,the surrounding rock.  The rocks are
oracle,4287,Rocks are generally harder than,-0.00267365,-1.00,31740, minerals,0,0.0160294,-1.00143,-0.0080204,minerals. Why is this so?
oracle,4287,Rocks are generally harder than,0.00534729,+2.00,573, the,1,-0.00802994,2.00262,0.0160389,the surrounding rock.  The rocks are
oracle,4287,Rocks are generally harder than,-0.00534729,-2.00,31740, minerals,0,0.0240517,-2.0031,-0.0160427,minerals. Why is this so?
md_full,4287,Rocks are generally harder than,0,+0.00,31740, minerals,0,0.00800896,0,0,minerals. Why is this so?
md_full,4287,Rocks are generally harder than,0.652212,+0.25,31740, minerals,0,0.0100174,-0.250774,-0.00200844,minerals. Why is this so?
md_full,4287,Rocks are generally harder than,-0.652212,-0.25,31740, minerals,0,0.00600433,0.250298,0.00200462,minerals. Why is this so?
md_full,4287,Rocks are generally harder than,1.30442,+0.50,31740, minerals,0,0.0120201,-0.500834,-0.00401115,minerals. Why is this so?
md_full,4287,Rocks are generally harder than,-1.30442,-0.50,31740, minerals,0,0.00400162,0.500357,0.00400734,minerals. Why is this so?
md_full,4287,Rocks are generally harder than,2.60885,+1.00,31740, minerals,0,0.0160294,-1.00143,-0.0080204,minerals. Why is this so?
md_full,4287,Rocks are generally harder than,-2.60885,-1.00,573, the,1,-7.62939e-06,1.00095,0.00801659,the surrounding rock.  The rocks are
md_full,4287,Rocks are generally harder than,5.2177,+2.00,31740, minerals,0,0.0240479,-2.00262,-0.0160389,minerals. Why is this so?
md_full,4287,Rocks are generally harder than,-5.2177,-2.00,573, the,1,-0.00802803,2.00238,0.016037,the surrounding rock.  The rocks are
jtw_legacy,4287,Rocks are generally harder than,0,+0.00,31740, minerals,0,0.00800896,0,0,minerals. Why is this so?
jtw_legacy,4287,Rocks are generally harder than,0.000668411,+0.25,31740, minerals,0,0.00800514,0.000476304,3.8147e-06,minerals. Why is this so?
jtw_legacy,4287,Rocks are generally harder than,-0.000668411,-0.25,31740, minerals,0,0.00801086,-0.000238152,-1.90735e-06,minerals. Why is this so?
jtw_legacy,4287,Rocks are generally harder than,0.00133682,+0.50,31740, minerals,0,0.00800705,0.000238152,1.90735e-06,minerals. Why is this so?
jtw_legacy,4287,Rocks are generally harder than,-0.00133682,-0.50,31740, minerals,0,0.00801277,-0.000476304,-3.8147e-06,minerals. Why is this so?
jtw_legacy,4287,Rocks are generally harder than,0.00267365,+1.00,31740, minerals,0,0.00799942,0.00119076,9.53674e-06,minerals. Why is this so?
jtw_legacy,4287,Rocks are generally harder than,-0.00267365,-1.00,31740, minerals,0,0.00801277,-0.000476304,-3.8147e-06,minerals. Why is this so?
jtw_legacy,4287,Rocks are generally harder than,0.00534729,+2.00,31740, minerals,0,0.00799751,0.00142891,1.14441e-05,minerals. Why is this so?
jtw_legacy,4287,Rocks are generally harder than,-0.00534729,-2.00,31740, minerals,0,0.0080204,-0.00142891,-1.14441e-05,minerals. Why is this so?
oracle,3952,The film based on the book Jumanji was actually filmed in the author's,0,+0.00,2078, home,0,1.20631,0,0,"home town of Toronto, Canada."
oracle,3952,The film based on the book Jumanji was actually filmed in the author's,0.13868,+0.25,2078, home,0,0.90443,0.250251,0.30188,"home town of Toronto, Canada."
oracle,3952,The film based on the book Jumanji was actually filmed in the author's,-0.13868,-0.25,2078, home,0,1.50819,-0.250247,-0.301876,"home town of Toronto, Canada."
oracle,3952,The film based on the book Jumanji was actually filmed in the author's,0.27736,+0.50,2078, home,0,0.602554,0.500498,0.603756,"home town of Toronto, Canada."
oracle,3952,The film based on the book Jumanji was actually filmed in the author's,-0.27736,-0.50,2078, home,0,1.81006,-0.500492,-0.603748,"home town of Toronto, Canada."
oracle,3952,The film based on the book Jumanji was actually filmed in the author's,0.55472,+1.00,68082, hometown,1,-0.00119781,1.00099,1.20751,hometown of Toronto. The film was shot
oracle,3952,The film based on the book Jumanji was actually filmed in the author's,-0.55472,-1.00,2078, home,0,2.41382,-1.00099,-1.20751,"home town of Toronto, Canada."
oracle,3952,The film based on the book Jumanji was actually filmed in the author's,1.10944,+2.00,68082, hometown,1,-1.20871,2.00199,2.41502,hometown of Toronto. The film was shot
oracle,3952,The film based on the book Jumanji was actually filmed in the author's,-1.10944,-2.00,2078, home,0,3.62133,-2.00199,-2.41502,"home town of Toronto, Canada."
md_full,3952,The film based on the book Jumanji was actually filmed in the author's,0,+0.00,2078, home,0,1.20631,0,0,"home town of Toronto, Canada."
md_full,3952,The film based on the book Jumanji was actually filmed in the author's,9.18736,+0.25,2078, home,0,1.50818,-0.250244,-0.301872,"home town of Toronto, Canada."
md_full,3952,The film based on the book Jumanji was actually filmed in the author's,-9.18736,-0.25,2078, home,0,0.904434,0.250247,0.301876,"home town of Toronto, Canada."
md_full,3952,The film based on the book Jumanji was actually filmed in the author's,18.3747,+0.50,2078, home,0,1.81006,-0.500492,-0.603748,"home town of Toronto, Canada."
md_full,3952,The film based on the book Jumanji was actually filmed in the author's,-18.3747,-0.50,2078, home,0,0.602554,0.500498,0.603756,"home town of Toronto, Canada."
md_full,3952,The film based on the book Jumanji was actually filmed in the author's,36.7494,+1.00,2078, home,0,2.41382,-1.00099,-1.20751,"home town of Toronto, Canada."
md_full,3952,The film based on the book Jumanji was actually filmed in the author's,-36.7494,-1.00,68082, hometown,1,-0.00120163,1.001,1.20751,hometown of Toronto.  The film was
md_full,3952,The film based on the book Jumanji was actually filmed in the author's,73.4988,+2.00,2078, home,0,3.62133,-2.00199,-2.41502,"home town of Toronto, Canada. The"
md_full,3952,The film based on the book Jumanji was actually filmed in the author's,-73.4988,-2.00,68082, hometown,1,-1.20871,2.00199,2.41502,hometown of  The film  The
oracle,3152,Scientists have found cells in the human body with the same genetic makeup as a,0,+0.00,235248, ,0,0.321518,0,0,100-million-year
oracle,3152,Scientists have found cells in the human body with the same genetic makeup as a,0.0310996,+0.25,235248, ,0,0.241055,0.250261,0.0804634,100-million-year
oracle,3152,Scientists have found cells in the human body with the same genetic makeup as a,-0.0310996,-0.25,235248, ,0,0.40197,-0.250225,-0.080452,100-million-year
oracle,3152,Scientists have found cells in the human body with the same genetic makeup as a,0.0621993,+0.50,235248, ,0,0.160599,0.500498,0.160919,100-million-year
oracle,3152,Scientists have found cells in the human body with the same genetic makeup as a,-0.0621993,-0.50,235248, ,0,0.482433,-0.500486,-0.160915,100-million-year
oracle,3152,Scientists have found cells in the human body with the same genetic makeup as a,0.124399,+1.00,1916, type,1,-0.000320435,1.001,0.321838,"type of cancer.  The cells,"
oracle,3152,Scientists have found cells in the human body with the same genetic makeup as a,-0.124399,-1.00,235248, ,0,0.643349,-1.00097,-0.321831,100-million-year
oracle,3152,Scientists have found cells in the human body with the same genetic makeup as a,0.248797,+2.00,1916, type,1,-0.322155,2.00198,0.643673,"type of cancer.  The cells,"
oracle,3152,Scientists have found cells in the human body with the same genetic makeup as a,-0.248797,-2.00,235248, ,0,0.965187,-2.00197,-0.643669,100-million-year
md_full,3152,Scientists have found cells in the human body with the same genetic makeup as a,0,+0.00,235248, ,0,0.321518,0,0,100-million-year
md_full,3152,Scientists have found cells in the human body with the same genetic makeup as a,57.4709,+0.25,6202, species,0,0.401976,-0.250243,-0.0804577,species of bacteria that lives in the human
md_full,3152,Scientists have found cells in the human body with the same genetic makeup as a,-57.4709,-0.25,235248, ,0,0.241058,0.250249,0.0804596,100-million  year
md_full,3152,Scientists have found cells in the human body with the same genetic makeup as a,114.942,+0.50,6202, species,0,0.48243,-0.500475,-0.160912,species of sea anemone.  The
md_full,3152,Scientists have found cells in the human body with the same genetic makeup as a,-114.942,-0.50,109,\n\n,0,0.160599,0.500498,0.160919,
md_full,3152,Scientists have found cells in the human body with the same genetic makeup as a,229.883,+1.00,6202, species,0,0.643349,-1.00097,-0.321831,"species of sea dwelling, single-celled"
md_full,3152,Scientists have found cells in the human body with the same genetic makeup as a,-229.883,-1.00,109,\n\n,0,-0.000320435,1.001,0.321838,
md_full,3152,Scientists have found cells in the human body with the same genetic makeup as a,459.767,+2.00,6202, species,0,0.965185,-2.00196,-0.643667,species ranging from their most closely their most
md_full,3152,Scientists have found cells in the human body with the same genetic makeup as a,-459.767,-2.00,109,\n\n,0,-0.322151,2.00197,0.643669,
jtw_legacy,3152,Scientists have found cells in the human body with the same genetic makeup as a,0,+0.00,235248, ,0,0.321518,0,0,100-million-year
jtw_legacy,3152,Scientists have found cells in the human body with the same genetic makeup as a,0.0310996,+0.25,235248, ,0,0.319523,0.00620521,0.00199509,100-million-year
jtw_legacy,3152,Scientists have found cells in the human body with the same genetic makeup as a,-0.0310996,-0.25,235248, ,0,0.323505,-0.00618148,-0.00198746,100-million-year
jtw_legacy,3152,Scientists have found cells in the human body with the same genetic makeup as a,0.0621993,+0.50,235248, ,0,0.317528,0.0124104,0.00399017,100-million-year
jtw_legacy,3152,Scientists have found cells in the human body with the same genetic makeup as a,-0.0621993,-0.50,235248, ,0,0.325497,-0.0123748,-0.00397873,100-million-year
jtw_legacy,3152,Scientists have found cells in the human body with the same genetic makeup as a,0.124399,+1.00,235248, ,0,0.313549,0.0247852,0.0079689,100-million-year
jtw_legacy,3152,Scientists have found cells in the human body with the same genetic makeup as a,-0.124399,-1.00,235248, ,0,0.329487,-0.0247852,-0.0079689,100-million-year
jtw_legacy,3152,Scientists have found cells in the human body with the same genetic makeup as a,0.248797,+2.00,235248, ,0,0.305588,0.0495468,0.0159302,100-million-year
jtw_legacy,3152,Scientists have found cells in the human body with the same genetic makeup as a,-0.248797,-2.00,235248, ,0,0.337452,-0.0495586,-0.015934,100-million-year
oracle,1378,Chimpanzees have been observed using tools to fish for,0,+0.00,184810, termites,0,3.0041,0,0,termites. They use a stick to poke
oracle,1378,Chimpanzees have been observed using tools to fish for,0.28132,+0.25,184810, termites,0,2.25233,0.25025,0.751776,termites. They use a stick to poke
oracle,1378,Chimpanzees have been observed using tools to fish for,-0.28132,-0.25,184810, termites,0,3.75588,-0.25025,-0.751776,termites. They use a stick to poke
oracle,1378,Chimpanzees have been observed using tools to fish for,0.56264,+0.50,184810, termites,0,1.50055,0.500499,1.50355,termites. They use a stick to dig
oracle,1378,Chimpanzees have been observed using tools to fish for,-0.56264,-0.50,184810, termites,0,4.50765,-0.500497,-1.50355,termites. They use a stick to poke
oracle,1378,Chimpanzees have been observed using tools to fish for,1.12528,+1.00,2960, food,1,-0.00299454,1.001,3.0071,food. What type of learning is this
oracle,1378,Chimpanzees have been observed using tools to fish for,-1.12528,-1.00,184810, termites,0,6.0112,-1.001,-3.0071,termites. They use a stick to poke
oracle,1378,Chimpanzees have been observed using tools to fish for,2.25056,+2.00,2960, food,1,-3.01009,2.00199,6.01419,food. What type of learning is this
oracle,1378,Chimpanzees have been observed using tools to fish for,-2.25056,-2.00,184810, termites,0,9.01829,-2.00199,-6.01418,termites. They use a stick to poke
md_full,1378,Chimpanzees have been observed using tools to fish for,0,+0.00,184810, termites,0,3.0041,0,0,termites. They use a stick to poke
md_full,1378,Chimpanzees have been observed using tools to fish for,13.7063,+0.25,184810, termites,0,2.25233,0.25025,0.751778,termites. They use a stick to probe
md_full,1378,Chimpanzees have been observed using tools to fish for,-13.7063,-0.25,184810, termites,0,3.75587,-0.250248,-0.751772,"termites.  The researchers, from the"
md_full,1378,Chimpanzees have been observed using tools to fish for,27.4125,+0.50,184810, termites,0,1.50056,0.500498,1.50355,termites. They use a stick to probe
md_full,1378,Chimpanzees have been observed using tools to fish for,-27.4125,-0.50,184810, termites,0,4.50765,-0.500497,-1.50355,termites.  The researchers said the tool
md_full,1378,Chimpanzees have been observed using tools to fish for,54.8251,+1.00,2960, food,1,-0.00299072,1.001,3.00709,food. They have been observed using sticks
md_full,1378,Chimpanzees have been observed using tools to fish for,-54.8251,-1.00,184810, termites,0,6.0112,-1.001,-3.00709,termites.  The researchers said the tool
md_full,1378,Chimpanzees have been observed using tools to fish for,109.65,+2.00,1024, their,0,-3.01009,2.00199,6.01419,their food. They have been observed using
md_full,1378,Chimpanzees have been observed using tools to fish for,-109.65,-2.00,109,\n\n,0,9.01829,-2.00199,-6.01419,A
oracle,4241,The earth is big and full of,0,+0.00,56369, surprises,0,0.274281,0,0,surprises. It is a place where you
oracle,4241,The earth is big and full of,0.0336335,+0.25,56369, surprises,0,0.205643,0.250247,0.0686378,surprises. It is a place where you
oracle,4241,The earth is big and full of,-0.0336335,-0.25,56369, surprises,0,0.342918,-0.250247,-0.0686378,surprises. It is a place where you
oracle,4241,The earth is big and full of,0.0672669,+0.50,56369, surprises,0,0.137005,0.500494,0.137276,surprises. It is a place where you
oracle,4241,The earth is big and full of,-0.0672669,-0.50,56369, surprises,0,0.411552,-0.50048,-0.137272,surprises. It is a place where you
oracle,4241,The earth is big and full of,0.134534,+1.00,43585, wonders,1,-0.000278473,1.00102,0.274559,wonders. It is a place where we
oracle,4241,The earth is big and full of,-0.134534,-1.00,56369, surprises,0,0.548828,-1.00097,-0.274548,surprises. It is a place where you
oracle,4241,The earth is big and full of,0.269068,+2.00,43585, wonders,1,-0.274826,2.00199,0.549107,wonders. It is a place where we
oracle,4241,The earth is big and full of,-0.269068,-2.00,56369, surprises,0,0.823387,-2.00199,-0.549107,surprises. It is a place where you
md_full,4241,The earth is big and full of,0,+0.00,56369, surprises,0,0.274281,0,0,surprises. It is a place where you
md_full,4241,The earth is big and full of,3.22366,+0.25,56369, surprises,0,0.342918,-0.250247,-0.0686378,surprises. It is a place where you
md_full,4241,The earth is big and full of,-3.22366,-0.25,56369, surprises,0,0.205643,0.250247,0.0686378,surprises.  The earth is big and
md_full,4241,The earth is big and full of,6.44733,+0.50,56369, surprises,0,0.411549,-0.500466,-0.137268,surprises. It is a place where you
md_full,4241,The earth is big and full of,-6.44733,-0.50,56369, surprises,0,0.137001,0.500508,0.13728,surprises.  The earth is big and
md_full,4241,The earth is big and full of,12.8947,+1.00,56369, surprises,0,0.548832,-1.00099,-0.274551,surprises. It is a place where you
md_full,4241,The earth is big and full of,-12.8947,-1.00,43585, wonders,1,-0.000270844,1.00099,0.274551,wonders. It is a place where we
md_full,4241,The earth is big and full of,25.7893,+2.00,71067, mysteries,0,0.82338,-2.00196,-0.549099,mysteries. It is a place where we
md_full,4241,The earth is big and full of,-25.7893,-2.00,43585, wonders,1,-0.274826,2.00199,0.549107,wonders.  The earth is big and
oracle,519,Every object in the observable universe is,0,+0.00,575, in,0,0.607607,0,0,in constant motion. The universe is expanding
oracle,519,Every object in the observable universe is,0.0738354,+0.25,575, in,0,0.455559,0.250241,0.152048,in constant motion. The universe is expanding
oracle,519,Every object in the observable universe is,-0.0738354,-0.25,575, in,0,0.759651,-0.250235,-0.152044,in constant motion. The universe is expanding
oracle,519,Every object in the observable universe is,0.147671,+0.50,575, in,0,0.303516,0.500472,0.30409,in constant motion. The universe is expanding
oracle,519,Every object in the observable universe is,-0.147671,-0.50,575, in,0,0.911701,-0.500479,-0.304094,in constant motion. The universe is expanding
oracle,519,Every object in the observable universe is,0.295342,+1.00,1644, made,1,-0.000577927,1.00095,0.608185,"made of atoms, which are made of"
oracle,519,Every object in the observable universe is,-0.295342,-1.00,575, in,0,1.21579,-1.00095,-0.608183,in constant motion. The universe is expanding
oracle,519,Every object in the observable universe is,0.590683,+2.00,1644, made,1,-0.608759,2.0019,1.21637,"made of atoms, which are made of"
oracle,519,Every object in the observable universe is,-0.590683,-2.00,575, in,0,1.82398,-2.00191,-1.21637,in constant motion. The universe is expanding
md_full,519,Every object in the observable universe is,0,+0.00,575, in,0,0.607607,0,0,in constant motion. The universe is expanding
md_full,519,Every object in the observable universe is,7.55437,+0.25,575, in,0,0.759655,-0.250241,-0.152048,in constant motion. The universe is expanding
md_full,519,Every object in the observable universe is,-7.55437,-0.25,575, in,0,0.455563,0.250235,0.152044,in constant motion. The universe is expanding
md_full,519,Every object in the observable universe is,15.1087,+0.50,575, in,0,0.911699,-0.500476,-0.304092,in constant motion. The universe is expanding
md_full,519,Every object in the observable universe is,-15.1087,-0.50,575, in,0,0.303514,0.500476,0.304092,in constant motion. The universe is expanding
md_full,519,Every object in the observable universe is,30.2175,+1.00,575, in,0,1.21579,-1.00095,-0.608185,in constant motion. The Earth is moving
md_full,519,Every object in the observable universe is,-30.2175,-1.00,1644, made,1,-0.000581741,1.00096,0.608189,"made of atoms, and every atom is"
md_full,519,Every object in the observable universe is,60.4349,+2.00,575, in,0,1.82398,-2.00191,-1.21637,in constant motion. The Earth is moving
md_full,519,Every object in the observable universe is,-60.4349,-2.00,109,\n\n,0,-0.608765,2.00191,1.21637,A.  expanding    B
oracle,3919,One person dies from a lightning strike in the United States every,0,+0.00,235248, ,0,1.09254,0,0,"10 days, according to the"
oracle,3919,One person dies from a lightning strike in the United States every,0.100079,+0.25,235248, ,0,0.819134,0.250251,0.273411,"10 days, according to the"
oracle,3919,One person dies from a lightning strike in the United States every,-0.100079,-0.25,235248, ,0,1.36596,-0.250255,-0.273415,"10 days, according to the"
oracle,3919,One person dies from a lightning strike in the United States every,0.200159,+0.50,235248, ,0,0.545721,0.500505,0.546824,"10 days, according to the"
oracle,3919,One person dies from a lightning strike in the United States every,-0.200159,-0.50,235248, ,0,1.63937,-0.500508,-0.546827,"10 days, according to the"
oracle,3919,One person dies from a lightning strike in the United States every,0.400318,+1.00,1162, year,1,-0.00110245,1.00101,1.09365,year.  That’s according to
oracle,3919,One person dies from a lightning strike in the United States every,-0.400318,-1.00,235248, ,0,2.1862,-1.00102,-1.09365,"10 days, according to the"
oracle,3919,One person dies from a lightning strike in the United States every,0.800636,+2.00,1162, year,1,-1.09476,2.00203,2.1873,year.  That’s according to
oracle,3919,One person dies from a lightning strike in the United States every,-0.800636,-2.00,235248, ,0,3.27985,-2.00203,-2.18731,"10 days, according to the"
md_full,3919,One person dies from a lightning strike in the United States every,0,+0.00,235248, ,0,1.09254,0,0,"10 days, according to the"
md_full,3919,One person dies from a lightning strike in the United States every,9.24441,+0.25,235248, ,0,0.819132,0.250253,0.273413,"10 days, according to the"
md_full,3919,One person dies from a lightning strike in the United States every,-9.24441,-0.25,235248, ,0,1.36596,-0.250257,-0.273417,"10 days, according to the"
md_full,3919,One person dies from a lightning strike in the United States every,18.4888,+0.50,235248, ,0,0.545723,0.500503,0.546822,"10 days, according to the"
md_full,3919,One person dies from a lightning strike in the United States every,-18.4888,-0.50,235248, ,0,1.63937,-0.500508,-0.546827,"10 days, according to the"
md_full,3919,One person dies from a lightning strike in the United States every,36.9776,+1.00,1162, year,1,-0.00110626,1.00101,1.09365,year. The number of lightning strikes in
md_full,3919,One person dies from a lightning strike in the United States every,-36.9776,-1.00,235248, ,0,2.1862,-1.00102,-1.09365,"10 days, according to the"
md_full,3919,One person dies from a lightning strike in the United States every,73.9553,+2.00,1162, year,1,-1.09476,2.00203,2.1873,year. The number of lightning strikes in
md_full,3919,One person dies from a lightning strike in the United States every,-73.9553,-2.00,109,\n\n,0,3.27985,-2.00203,-2.18731,A  B    C
oracle,1770,Carnivorous plants contain digestive enzymes similar to,0,+0.00,1941, those,0,12.6911,0,0,those found in the human stomach. These
oracle,1770,Carnivorous plants contain digestive enzymes similar to,1.48143,+0.25,1941, those,0,9.51512,0.25025,3.17594,those found in the human stomach. The
oracle,1770,Carnivorous plants contain digestive enzymes similar to,-1.48143,-0.25,1941, those,0,15.867,-0.25025,-3.17594,those found in the human stomach. These
oracle,1770,Carnivorous plants contain digestive enzymes similar to,2.96286,+0.50,1941, those,0,6.33919,0.5005,6.35187,those found in the human stomach. The
oracle,1770,Carnivorous plants contain digestive enzymes similar to,-2.96286,-0.50,1941, those,0,19.0429,-0.5005,-6.35188,those found in humans. Carnivorous plants
oracle,1770,Carnivorous plants contain digestive enzymes similar to,5.92571,+1.00,573, the,1,-0.0126991,1.001,12.7038,the ones found in the human body.
oracle,1770,Carnivorous plants contain digestive enzymes similar to,-5.92571,-1.00,1941, those,0,25.3948,-1.001,-12.7038,those found in humans. Carnivorous plants
oracle,1770,Carnivorous plants contain digestive enzymes similar to,11.8514,+2.00,573, the,1,-12.7165,2.002,25.4075,the human <strong>pancre </strong>
oracle,1770,Carnivorous plants contain digestive enzymes similar to,-11.8514,-2.00,1941, those,0,38.0986,-2.002,-25.4075,those found in humans. Carnivorous plants
md_full,1770,Carnivorous plants contain digestive enzymes similar to,0,+0.00,1941, those,0,12.6911,0,0,those found in the human stomach. These
md_full,1770,Carnivorous plants contain digestive enzymes similar to,371.213,+0.25,1024, their,0,9.51512,0.25025,3.17594,their prey. They are often characterized as
md_full,1770,Carnivorous plants contain digestive enzymes similar to,-371.213,-0.25,109,\n\n,0,15.867,-0.250251,-3.17595,
md_full,1770,Carnivorous plants contain digestive enzymes similar to,742.426,+0.50,1024, their,0,6.33918,0.500501,6.35188,their Their Their Their Their Their Their Their
md_full,1770,Carnivorous plants contain digestive enzymes similar to,-742.426,-0.50,109,\n\n,0,19.0429,-0.500501,-6.35189,
md_full,1770,Carnivorous plants contain digestive enzymes similar to,1484.85,+1.00,1024, their,0,-0.0126915,1.001,12.7038,their Their Their Their Their Their Their Their
md_full,1770,Carnivorous plants contain digestive enzymes similar to,-1484.85,-1.00,109,\n\n,0,25.3948,-1.001,-12.7038,
md_full,1770,Carnivorous plants contain digestive enzymes similar to,2969.7,+2.00,87936,GraphicsUnit,0,-12.7165,2.002,25.4075,GraphicsUnitGraphicsUnitGraphicsUnitGraphicsUnitGraphicsUnitGraphicsUnitGraphicsUnitGraphicsUnit
md_full,1770,Carnivorous plants contain digestive enzymes similar to,-2969.7,-2.00,108,\n,0,38.0986,-2.002,-25.4075,
jtw_legacy,1770,Carnivorous plants contain digestive enzymes similar to,0,+0.00,1941, those,0,12.6911,0,0,those found in the human stomach. These
jtw_legacy,1770,Carnivorous plants contain digestive enzymes similar to,1.48143,+0.25,1941, those,0,12.545,0.0115081,0.146049,those found in the human stomach. These
jtw_legacy,1770,Carnivorous plants contain digestive enzymes similar to,-1.48143,-0.25,1941, those,0,12.8371,-0.0115087,-0.146057,those found in the human stomach. These
jtw_legacy,1770,Carnivorous plants contain digestive enzymes similar to,2.96286,+0.50,1941, those,0,12.399,0.0230161,0.292099,those found in the human stomach. These
jtw_legacy,1770,Carnivorous plants contain digestive enzymes similar to,-2.96286,-0.50,1941, those,0,12.9832,-0.0230167,-0.292107,those found in the human stomach. These
jtw_legacy,1770,Carnivorous plants contain digestive enzymes similar to,5.92571,+1.00,1941, those,0,12.1069,0.0460325,0.584202,those found in the human stomach. These
jtw_legacy,1770,Carnivorous plants contain digestive enzymes similar to,-5.92571,-1.00,1941, those,0,13.2753,-0.0460329,-0.584206,those found in the human stomach. These
jtw_legacy,1770,Carnivorous plants contain digestive enzymes similar to,11.8514,+2.00,1941, those,0,11.5227,0.0920654,1.16841,those found in the human stomach. These
jtw_legacy,1770,Carnivorous plants contain digestive enzymes similar to,-11.8514,-2.00,1941, those,0,13.8595,-0.0920657,-1.16841,those found in the human stomach. These
oracle,2411,A mole can tunnel through a mountain in a single,0,+0.00,34613, leap,0,0.340113,0,0,"leap, but it takes a mole"
oracle,2411,A mole can tunnel through a mountain in a single,0.0361945,+0.25,34613, leap,0,0.255001,0.250245,0.0851116,"leap, but it takes a mole"
oracle,2411,A mole can tunnel through a mountain in a single,-0.0361945,-0.25,34613, leap,0,0.425232,-0.250268,-0.0851192,"leap, but it takes a mole"
oracle,2411,A mole can tunnel through a mountain in a single,0.072389,+0.50,34613, leap,0,0.169886,0.500502,0.170227,"leap, but it takes a mole"
oracle,2411,A mole can tunnel through a mountain in a single,-0.072389,-0.50,34613, leap,0,0.510347,-0.500524,-0.170235,"leap, but it takes a mole"
oracle,2411,A mole can tunnel through a mountain in a single,0.144778,+1.00,1744, day,1,-0.000347137,1.00102,0.34046,day. A mole can tunnel through a
oracle,2411,A mole can tunnel through a mountain in a single,-0.144778,-1.00,34613, leap,0,0.680574,-1.00103,-0.340462,"leap, but it takes a mole"
oracle,2411,A mole can tunnel through a mountain in a single,0.289556,+2.00,1744, day,1,-0.340805,2.00204,0.680918,day. A mole can tunnel through a
oracle,2411,A mole can tunnel through a mountain in a single,-0.289556,-2.00,34613, leap,0,1.02104,-2.00205,-0.680923,"leap, but it takes a mole"
md_full,2411,A mole can tunnel through a mountain in a single,0,+0.00,34613, leap,0,0.340113,0,0,"leap, but it takes a mole"
md_full,2411,A mole can tunnel through a mountain in a single,16.3153,+0.25,34613, leap,0,0.42523,-0.250262,-0.0851173,"leap, but it takes a lot of"
md_full,2411,A mole can tunnel through a mountain in a single,-16.3153,-0.25,34613, leap,0,0.255001,0.250245,0.0851116,"leap, but it takes a mole"
md_full,2411,A mole can tunnel through a mountain in a single,32.6305,+0.50,34613, leap,0,0.510345,-0.500519,-0.170233,"leap, but it takes a lot of"
md_full,2411,A mole can tunnel through a mountain in a single,-32.6305,-0.50,34613, leap,0,0.169886,0.500502,0.170227,leap  A mole can tunnel through a
md_full,2411,A mole can tunnel through a mountain in a single,65.261,+1.00,34613, leap,0,0.68058,-1.00104,-0.340467,"leap, but it takes a lot of"
md_full,2411,A mole can tunnel through a mountain in a single,-65.261,-1.00,109,\n\n,0,-0.00034523,1.00102,0.340458,A mole can tunnel  A mole
md_full,2411,A mole can tunnel through a mountain in a single,130.522,+2.00,34613, leap,0,1.02104,-2.00206,-0.680925,"leap, but it takes a large amount"
md_full,2411,A mole can tunnel through a mountain in a single,-130.522,-2.00,109,\n\n,0,-0.340807,2.00204,0.68092,A
jtw_legacy,2411,A mole can tunnel through a mountain in a single,0,+0.00,34613, leap,0,0.340113,0,0,"leap, but it takes a mole"
jtw_legacy,2411,A mole can tunnel through a mountain in a single,0.0361945,+0.25,34613, leap,0,0.342508,-0.00704364,-0.00239563,"leap, but it takes a mole"
jtw_legacy,2411,A mole can tunnel through a mountain in a single,-0.0361945,-0.25,34613, leap,0,0.337725,0.0070212,0.002388,"leap, but it takes a mole"
jtw_legacy,2411,A mole can tunnel through a mountain in a single,0.072389,+0.50,34613, leap,0,0.344902,-0.0140817,-0.00478935,"leap, but it takes a mole"
jtw_legacy,2411,A mole can tunnel through a mountain in a single,-0.072389,-0.50,34613, leap,0,0.335329,0.0140648,0.00478363,"leap, but it takes a mole"
jtw_legacy,2411,A mole can tunnel through a mountain in a single,0.144778,+1.00,34613, leap,0,0.349682,-0.0281353,-0.00956917,"leap, but it takes a mole"
jtw_legacy,2411,A mole can tunnel through a mountain in a single,-0.144778,-1.00,34613, leap,0,0.330545,0.0281297,0.00956726,"leap, but it takes a mole"
jtw_legacy,2411,A mole can tunnel through a mountain in a single,0.289556,+2.00,34613, leap,0,0.359253,-0.0562762,-0.0191402,"leap, but it takes a mole"
jtw_legacy,2411,A mole can tunnel through a mountain in a single,-0.289556,-2.00,34613, leap,0,0.320976,0.056265,0.0191364,"leap, but it takes a mole"
oracle,2590,Light doesn't travel in a straight,0,+0.00,2017, line,0,6.00715,0,0,"line. It bends around objects, and"
oracle,2590,Light doesn't travel in a straight,0.704213,+0.25,2017, line,0,4.50386,0.25025,1.50329,"line. It bends around objects, and"
oracle,2590,Light doesn't travel in a straight,-0.704213,-0.25,2017, line,0,7.51044,-0.250249,-1.50329,"line. It bends around objects, and"
oracle,2590,Light doesn't travel in a straight,1.40843,+0.50,2017, line,0,3.00058,0.500499,3.00657,"line. It bends around objects, and"
oracle,2590,Light doesn't travel in a straight,-1.40843,-0.50,2017, line,0,9.01373,-0.500499,-3.00657,"line. It bends around objects, and"
oracle,2590,Light doesn't travel in a straight,2.81685,+1.00,3703, path,1,-0.0059948,1.001,6.01315,"path. It bends around corners, and"
oracle,2590,Light doesn't travel in a straight,-2.81685,-1.00,2017, line,0,12.0203,-1.001,-6.01315,"line. It bends around objects, and"
oracle,2590,Light doesn't travel in a straight,5.63371,+2.00,3703, path,1,-6.01914,2.002,12.0263,path. It bends around obstacles and travels
oracle,2590,Light doesn't travel in a straight,-5.63371,-2.00,2017, line,0,18.0334,-2.002,-12.0263,"line. It bends around objects, and"
md_full,2590,Light doesn't travel in a straight,0,+0.00,2017, line,0,6.00715,0,0,"line. It bends around objects, and"
md_full,2590,Light doesn't travel in a straight,331.572,+0.25,2365, They,0,4.50387,0.25025,1.50329,They They They They They They They They
md_full,2590,Light doesn't travel in a straight,-331.572,-0.25,109,\n\n,0,7.51044,-0.25025,-1.50329,
md_full,2590,Light doesn't travel in a straight,663.144,+0.50,10368, Their,0,3.00058,0.500499,3.00658,Their Their Their Their Their Their Their Their
md_full,2590,Light doesn't travel in a straight,-663.144,-0.50,109,\n\n,0,9.01372,-0.500498,-3.00657,
md_full,2590,Light doesn't travel in a straight,1326.29,+1.00,52444,Referanser,0,-0.00599289,1.001,6.01315,ReferanserReferanserReferanserReferanserReferanserReferanserReferanserReferanser
md_full,2590,Light doesn't travel in a straight,-1326.29,-1.00,109,\n\n,0,12.0203,-1.001,-6.01315,
md_full,2590,Light doesn't travel in a straight,2652.58,+2.00,52444,Referanser,0,-6.01915,2.002,12.0263,ReferanserReferanserReferanserReferanserReferanserReferanserReferanserReferanser
md_full,2590,Light doesn't travel in a straight,-2652.58,-2.00,108,\n,0,18.0335,-2.002,-12.0263,
oracle,3452,The diameter of the sun is approximately equality to the width of,0,+0.00,573, the,0,0.409657,0,0,the moon. The sun is 4
oracle,3452,The diameter of the sun is approximately equality to the width of,0.0501072,+0.25,573, the,0,0.307137,0.250258,0.10252,the moon. The sun is 4
oracle,3452,The diameter of the sun is approximately equality to the width of,-0.0501072,-0.25,573, the,0,0.512184,-0.250277,-0.102528,the moon. The sun is 4
oracle,3452,The diameter of the sun is approximately equality to the width of,0.100214,+0.50,573, the,0,0.204617,0.500517,0.20504,the moon. The sun is 4
oracle,3452,The diameter of the sun is approximately equality to the width of,-0.100214,-0.50,573, the,0,0.614704,-0.500535,-0.205048,the moon. The sun is 4
oracle,3452,The diameter of the sun is approximately equality to the width of,0.200429,+1.00,861, your,1,-0.000427246,1.00104,0.410084,your fist held at arm's length
oracle,3452,The diameter of the sun is approximately equality to the width of,-0.200429,-1.00,573, the,0,0.819752,-1.00107,-0.410095,the moon. The sun is 4
oracle,3452,The diameter of the sun is approximately equality to the width of,0.400857,+2.00,861, your,1,-0.410519,2.0021,0.820175,your fist held at arm's length
oracle,3452,The diameter of the sun is approximately equality to the width of,-0.400857,-2.00,573, the,0,1.22984,-2.00211,-0.820179,the Earth. The sun is 4
md_full,3452,The diameter of the sun is approximately equality to the width of,0,+0.00,573, the,0,0.409657,0,0,the moon. The sun is 4
md_full,3452,The diameter of the sun is approximately equality to the width of,9.67882,+0.25,573, the,0,0.307137,0.250258,0.10252,the Earth. The sun is 4
md_full,3452,The diameter of the sun is approximately equality to the width of,-9.67882,-0.25,573, the,0,0.512177,-0.250258,-0.10252,the moon. The sun is 4
md_full,3452,The diameter of the sun is approximately equality to the width of,19.3576,+0.50,573, the,0,0.204617,0.500517,0.20504,the Earth. The sun is 4
md_full,3452,The diameter of the sun is approximately equality to the width of,-19.3576,-0.50,573, the,0,0.6147,-0.500526,-0.205044,the moon.  The sun is
md_full,3452,The diameter of the sun is approximately equality to the width of,38.7153,+1.00,861, your,1,-0.000431061,1.00105,0.410088,your fist. The sun is about
md_full,3452,The diameter of the sun is approximately equality to the width of,-38.7153,-1.00,573, the,0,0.819744,-1.00105,-0.410088,the  The sun is a star.
md_full,3452,The diameter of the sun is approximately equality to the width of,77.4306,+2.00,861, your,1,-0.410519,2.0021,0.820175,your little finger. The sun is about
md_full,3452,The diameter of the sun is approximately equality to the width of,-77.4306,-2.00,109,\n\n,0,1.22983,-2.0021,-0.820175,A  B  C
oracle,4398,Kangaroos are often used in schools to teach orphaned children about,0,+0.00,573, the,0,8.87861,0,0,the importance of conservation.  But a
oracle,4398,Kangaroos are often used in schools to teach orphaned children about,1.12952,+0.25,573, the,0,6.65674,0.25025,2.22187,the importance of conservation.  But a
oracle,4398,Kangaroos are often used in schools to teach orphaned children about,-1.12952,-0.25,573, the,0,11.1005,-0.25025,-2.22187,the importance of education.  The animals
oracle,4398,Kangaroos are often used in schools to teach orphaned children about,2.25904,+0.50,573, the,0,4.43488,0.500499,4.44374,the importance of conservation.  But a
oracle,4398,Kangaroos are often used in schools to teach orphaned children about,-2.25904,-0.50,573, the,0,13.3223,-0.500499,-4.44374,the importance of education.  The animals
oracle,4398,Kangaroos are often used in schools to teach orphaned children about,4.51809,+1.00,1024, their,1,-0.00886917,1.001,8.88748,their culture and traditions. They are also
oracle,4398,Kangaroos are often used in schools to teach orphaned children about,-4.51809,-1.00,573, the,0,17.7661,-1.001,-8.88748,the importance of the environment.  But
oracle,4398,Kangaroos are often used in schools to teach orphaned children about,9.03617,+2.00,1024, their,1,-8.89635,2.002,17.775,their culture and traditions. They are also
oracle,4398,Kangaroos are often used in schools to teach orphaned children about,-9.03617,-2.00,573, the,0,26.6536,-2.002,-17.775,the importance of the environment.  The
md_full,4398,Kangaroos are often used in schools to teach orphaned children about,0,+0.00,573, the,0,8.87861,0,0,the importance of conservation.  But a
md_full,4398,Kangaroos are often used in schools to teach orphaned children about,23.2885,+0.25,573, the,0,6.65674,0.25025,2.22187,the importance of conservation.  But a
md_full,4398,Kangaroos are often used in schools to teach orphaned children about,-23.2885,-0.25,573, the,0,11.1005,-0.25025,-2.22187,the importance of education.  But a
md_full,4398,Kangaroos are often used in schools to teach orphaned children about,46.5771,+0.50,573, the,0,4.43487,0.5005,4.44374,the importance of caring for animals. They
md_full,4398,Kangaroos are often used in schools to teach orphaned children about,-46.5771,-0.50,573, the,0,13.3223,-0.500499,-4.44374,the importance  of  conservation.
md_full,4398,Kangaroos are often used in schools to teach orphaned children about,93.1541,+1.00,1024, their,1,-0.00887299,1.001,8.88749,their native habitat. They are also used
md_full,4398,Kangaroos are often used in schools to teach orphaned children about,-93.1541,-1.00,573, the,0,17.7661,-1.001,-8.88749,the  environment.  The  Kang
md_full,4398,Kangaroos are often used in schools to teach orphaned children about,186.308,+2.00,1024, their,1,-8.89635,2.002,17.775,their habitat and their importance to their ecosystem
md_full,4398,Kangaroos are often used in schools to teach orphaned children about,-186.308,-2.00,109,\n\n,0,26.6536,-2.002,-17.775,
oracle,1854,Games stimulate creative,0,+0.00,7166, thinking,0,5.03522,0,0,thinking and problem solving. They also help
oracle,1854,Games stimulate creative,0.487556,+0.25,7166, thinking,0,3.77516,0.25025,1.26007,thinking and problem solving. They also help
oracle,1854,Games stimulate creative,-0.487556,-0.25,7166, thinking,0,6.29528,-0.250248,-1.26006,thinking and imagination. They are a great
oracle,1854,Games stimulate creative,0.975112,+0.50,7166, thinking,0,2.51509,0.500501,2.52013,thinking and problem solving. They also help
oracle,1854,Games stimulate creative,-0.975112,-0.50,7166, thinking,0,7.55535,-0.500499,-2.52012,thinking and imagination. They are a great
oracle,1854,Games stimulate creative,1.95022,+1.00,578, and,1,-0.0050354,1.001,5.04026,"and critical thinking, and they are a"
oracle,1854,Games stimulate creative,-1.95022,-1.00,7166, thinking,0,10.0755,-1.001,-5.04025,thinking and imagination. They are a great
oracle,1854,Games stimulate creative,3.90045,+2.00,578, and,1,-5.0453,2.002,10.0805,"and critical thinking, and they are a"
oracle,1854,Games stimulate creative,-3.90045,-2.00,7166, thinking,0,15.1157,-2.002,-10.0805,thinking and imagination. They are a great
md_full,1854,Games stimulate creative,0,+0.00,7166, thinking,0,5.03522,0,0,thinking and problem solving. They also help
md_full,1854,Games stimulate creative,95.8798,+0.25,7166, thinking,0,6.29529,-0.25025,-1.26006,"thinking, problem solving, and critical thinking"
md_full,1854,Games stimulate creative,-95.8798,-0.25,109,\n\n,0,3.77515,0.250251,1.26007,I
md_full,1854,Games stimulate creative,191.76,+0.50,7166, thinking,0,7.55535,-0.500499,-2.52012,"thinking, problem solving, and communication."
md_full,1854,Games stimulate creative,-191.76,-0.50,109,\n\n,0,2.51509,0.500501,2.52013,
md_full,1854,Games stimulate creative,383.519,+1.00,7166, thinking,0,10.0755,-1.001,-5.04025,"thinking, they are a great learning their"
md_full,1854,Games stimulate creative,-383.519,-1.00,109,\n\n,0,-0.0050354,1.001,5.04026,
md_full,1854,Games stimulate creative,767.039,+2.00,10368, Their,0,15.1157,-2.002,-10.0805,Their Their Their Their Their Their Their Their
md_full,1854,Games stimulate creative,-767.039,-2.00,109,\n\n,0,-5.0453,2.002,10.0805,
jtw_legacy,1854,Games stimulate creative,0,+0.00,7166, thinking,0,5.03522,0,0,thinking and problem solving. They also help
jtw_legacy,1854,Games stimulate creative,0.487556,+0.25,7166, thinking,0,5.033,0.000441682,0.00222397,thinking and problem solving. They also help
jtw_legacy,1854,Games stimulate creative,-0.487556,-0.25,7166, thinking,0,5.03744,-0.000440167,-0.00221634,thinking and problem solving. They also help
jtw_legacy,1854,Games stimulate creative,0.975112,+0.50,7166, thinking,0,5.03079,0.000881091,0.00443649,thinking and problem solving. They also help
jtw_legacy,1854,Games stimulate creative,-0.975112,-0.50,7166, thinking,0,5.03966,-0.000880334,-0.00443268,thinking and problem solving. They also help
jtw_legacy,1854,Games stimulate creative,1.95022,+1.00,7166, thinking,0,5.02634,0.0017637,0.00888062,thinking and imagination. They are a great
jtw_legacy,1854,Games stimulate creative,-1.95022,-1.00,7166, thinking,0,5.0441,-0.00176218,-0.00887299,thinking and problem solving. They also help
jtw_legacy,1854,Games stimulate creative,3.90045,+2.00,7166, thinking,0,5.01747,0.00352588,0.0177536,thinking and imagination. They are a great
jtw_legacy,1854,Games stimulate creative,-3.90045,-2.00,7166, thinking,0,5.05297,-0.00352512,-0.0177498,thinking and problem solving. They also help
oracle,2167,The scientific name for water is,0,+0.00,640, H,0,2.0168,0,0,H2O. The chemical formula for
oracle,2167,The scientific name for water is,0.253685,+0.25,640, H,0,1.51209,0.250252,0.504707,H2O. The chemical formula for
oracle,2167,The scientific name for water is,-0.253685,-0.25,640, H,0,2.52151,-0.250252,-0.504707,H2O. The chemical formula for
oracle,2167,The scientific name for water is,0.50737,+0.50,640, H,0,1.00739,0.500501,1.00941,H2O. The chemical formula for
oracle,2167,The scientific name for water is,-0.50737,-0.50,640, H,0,3.02621,-0.500499,-1.00941,H2O. The chemical formula for
oracle,2167,The scientific name for water is,1.01474,+1.00,235248, ,1,-0.00201035,1.001,2.01881,<strong>H2O</strong>.
oracle,2167,The scientific name for water is,-1.01474,-1.00,640, H,0,4.03561,-1.001,-2.01881,H2O. The chemical formula for
oracle,2167,The scientific name for water is,2.02948,+2.00,235248, ,1,-2.02083,2.002,4.03763,<strong>H2O</strong>.
oracle,2167,The scientific name for water is,-2.02948,-2.00,640, H,0,6.05442,-2.00199,-4.03762,H2O. The chemical formula for
md_full,2167,The scientific name for water is,0,+0.00,640, H,0,2.0168,0,0,H2O. The chemical formula for
md_full,2167,The scientific name for water is,13.1204,+0.25,640, H,0,2.52151,-0.250252,-0.504707,H2O. The chemical formula for
md_full,2167,The scientific name for water is,-13.1204,-0.25,640, H,0,1.51209,0.250252,0.504707,H2O.  The scientific name
md_full,2167,The scientific name for water is,26.2409,+0.50,640, H,0,3.0262,-0.500497,-1.0094,H2O. The chemical formula for
md_full,2167,The scientific name for water is,-26.2409,-0.50,109,\n\n,0,1.00739,0.500501,1.00941,a. hydrogen  b. oxygen
md_full,2167,The scientific name for water is,52.4817,+1.00,640, H,0,4.03561,-1.001,-2.01881,H2O. The chemical formula for
md_full,2167,The scientific name for water is,-52.4817,-1.00,109,\n\n,0,-0.00201797,1.001,2.01882,A.  H  2
md_full,2167,The scientific name for water is,104.963,+2.00,640, H,0,6.05443,-2.002,-4.03763,H2O. The word water is
md_full,2167,The scientific name for water is,-104.963,-2.00,109,\n\n,0,-2.02082,2.002,4.03762,A
jtw_legacy,2167,The scientific name for water is,0,+0.00,640, H,0,2.0168,0,0,H2O. The chemical formula for
jtw_legacy,2167,The scientific name for water is,0.253685,+0.25,640, H,0,2.01592,0.000436927,0.000881195,H2O. The chemical formula for
jtw_legacy,2167,The scientific name for water is,-0.253685,-0.25,640, H,0,2.01768,-0.000435036,-0.00087738,H2O. The chemical formula for
jtw_legacy,2167,The scientific name for water is,0.50737,+0.50,640, H,0,2.01504,0.000873855,0.00176239,H2O. The chemical formula for
jtw_legacy,2167,The scientific name for water is,-0.50737,-0.50,640, H,0,2.01856,-0.000871963,-0.00175858,H2O. The chemical formula for
jtw_legacy,2167,The scientific name for water is,1.01474,+1.00,640, H,0,2.01328,0.00174393,0.00351715,H2O. The chemical formula for
jtw_legacy,2167,The scientific name for water is,-1.01474,-1.00,640, H,0,2.02031,-0.00174204,-0.00351334,H2O. The chemical formula for
jtw_legacy,2167,The scientific name for water is,2.02948,+2.00,640, H,0,2.00976,0.00348974,0.00703812,H2O. The chemical formula for
jtw_legacy,2167,The scientific name for water is,-2.02948,-2.00,640, H,0,2.02383,-0.00348596,-0.00703049,H2O. The chemical formula for
oracle,951,"Hair is made of keratin, which is also found in fingernails and",0,+0.00,577, to,0,0.031599,0,0,toenails. The hair shaft is
oracle,951,"Hair is made of keratin, which is also found in fingernails and",0.00305529,+0.25,577, to,0,0.0236931,0.250196,0.00790596,toenails. The hair shaft is
oracle,951,"Hair is made of keratin, which is also found in fingernails and",-0.00305529,-0.25,577, to,0,0.0395012,-0.250075,-0.00790215,toenails. The hair shaft is
oracle,951,"Hair is made of keratin, which is also found in fingernails and",0.00611058,+0.50,577, to,0,0.0157909,0.500272,0.0158081,toenails. The hair shaft is
oracle,951,"Hair is made of keratin, which is also found in fingernails and",-0.00611058,-0.50,577, to,0,0.0474091,-0.500332,-0.01581,toenails. The hair shaft is
oracle,951,"Hair is made of keratin, which is also found in fingernails and",0.0122212,+1.00,5239, skin,1,-1.71661e-05,1.00054,0.0316162,skin. The hair shaft is made of
oracle,951,"Hair is made of keratin, which is also found in fingernails and",-0.0122212,-1.00,577, to,0,0.0632133,-1.00048,-0.0316143,toenails. The hair shaft is
oracle,951,"Hair is made of keratin, which is also found in fingernails and",0.0244423,+2.00,5239, skin,1,-0.0316296,2.00097,0.0632286,skin. The hair shaft is made of
oracle,951,"Hair is made of keratin, which is also found in fingernails and",-0.0244423,-2.00,577, to,0,0.0948277,-2.00097,-0.0632286,toenails. The hair shaft is
md_full,951,"Hair is made of keratin, which is also found in fingernails and",0,+0.00,577, to,0,0.031599,0,0,toenails. The hair shaft is
md_full,951,"Hair is made of keratin, which is also found in fingernails and",0.152188,+0.25,577, to,0,0.0395012,-0.250075,-0.00790215,toenails. The hair shaft is
md_full,951,"Hair is made of keratin, which is also found in fingernails and",-0.152188,-0.25,577, to,0,0.023695,0.250136,0.00790405,toenails. The hair shaft is
md_full,951,"Hair is made of keratin, which is also found in fingernails and",0.304377,+0.50,577, to,0,0.0474091,-0.500332,-0.01581,toenails. The hair shaft is
md_full,951,"Hair is made of keratin, which is also found in fingernails and",-0.304377,-0.50,577, to,0,0.015789,0.500332,0.01581,toenails. The hair shaft is
md_full,951,"Hair is made of keratin, which is also found in fingernails and",0.608754,+1.00,577, to,0,0.0632133,-1.00048,-0.0316143,toenails. The hair shaft is
md_full,951,"Hair is made of keratin, which is also found in fingernails and",-0.608754,-1.00,5239, skin,1,-1.33514e-05,1.00042,0.0316124,skin. The hair shaft is made of
md_full,951,"Hair is made of keratin, which is also found in fingernails and",1.21751,+2.00,577, to,0,0.0948277,-2.00097,-0.0632286,toenails. The hair shaft is
md_full,951,"Hair is made of keratin, which is also found in fingernails and",-1.21751,-2.00,5239, skin,1,-0.0316334,2.00109,0.0632324,skin. The hair shaft is made of
jtw_legacy,951,"Hair is made of keratin, which is also found in fingernails and",0,+0.00,577, to,0,0.031599,0,0,toenails. The hair shaft is
jtw_legacy,951,"Hair is made of keratin, which is also found in fingernails and",0.00305529,+0.25,577, to,0,0.0312653,0.0105632,0.000333786,toenails. The hair shaft is
jtw_legacy,951,"Hair is made of keratin, which is also found in fingernails and",-0.00305529,-0.25,577, to,0,0.031929,-0.0104424,-0.000329971,toenails. The hair shaft is
jtw_legacy,951,"Hair is made of keratin, which is also found in fingernails and",0.00611058,+0.50,577, to,0,0.0309334,0.021066,0.000665665,toenails. The hair shaft is
jtw_legacy,951,"Hair is made of keratin, which is also found in fingernails and",-0.00611058,-0.50,577, to,0,0.0322647,-0.021066,-0.000665665,toenails. The hair shaft is
jtw_legacy,951,"Hair is made of keratin, which is also found in fingernails and",0.0122212,+1.00,577, to,0,0.0302658,0.0421923,0.00133324,toenails. The hair shaft is
jtw_legacy,951,"Hair is made of keratin, which is also found in fingernails and",-0.0122212,-1.00,577, to,0,0.0329323,-0.0421923,-0.00133324,toenails. The hair shaft is
jtw_legacy,951,"Hair is made of keratin, which is also found in fingernails and",0.0244423,+2.00,577, to,0,0.0289326,0.0843846,0.00266647,toenails. The hair shaft is
jtw_legacy,951,"Hair is made of keratin, which is also found in fingernails and",-0.0244423,-2.00,577, to,0,0.0342674,-0.084445,-0.00266838,toenails. The hair shaft is
oracle,1782,Penguins mate until,0,+0.00,974, one,0,1.69372,0,0,one of them dies.  The male
oracle,1782,Penguins mate until,0.195426,+0.25,974, one,0,1.26987,0.250248,0.423851,one of them dies.  The male
oracle,1782,Penguins mate until,-0.195426,-0.25,974, one,0,2.11757,-0.250246,-0.423847,one of them dies.  The male
oracle,1782,Penguins mate until,0.390852,+0.50,974, one,0,0.846016,0.500499,0.847706,one of them dies.  The male
oracle,1782,Penguins mate until,-0.390852,-0.50,974, one,0,2.54143,-0.500499,-0.847706,one of them dies.  The male
oracle,1782,Penguins mate until,0.781704,+1.00,984, they,1,-0.0016861,1.001,1.69541,they die.  That’s the
oracle,1782,Penguins mate until,-0.781704,-1.00,974, one,0,3.38912,-1.00099,-1.6954,one of them dies.  The male
oracle,1782,Penguins mate until,1.56341,+2.00,984, they,1,-1.69709,2.00199,3.39081,they die.  That’s the
oracle,1782,Penguins mate until,-1.56341,-2.00,974, one,0,5.08453,-2.00198,-3.3908,one of them dies.  The male
md_full,1782,Penguins mate until,0,+0.00,974, one,0,1.69372,0,0,one of them dies.  The male
md_full,1782,Penguins mate until,16.7718,+0.25,974, one,0,1.26987,0.250251,0.423855,one of them dies.  The male
md_full,1782,Penguins mate until,-16.7718,-0.25,974, one,0,2.11757,-0.250248,-0.423851,one of them dies.  The male
md_full,1782,Penguins mate until,33.5436,+0.50,974, one,0,0.846024,0.500494,0.847698,one of them dies.  The male
md_full,1782,Penguins mate until,-33.5436,-0.50,974, one,0,2.54142,-0.500494,-0.847698,one of them dies.  The male
md_full,1782,Penguins mate until,67.0871,+1.00,984, they,1,-0.00168991,1.001,1.69541,they die. They are monogamous.
md_full,1782,Penguins mate until,-67.0871,-1.00,573, the,0,3.38913,-1.00099,-1.6954,the female lays her eggs.  The
md_full,1782,Penguins mate until,134.174,+2.00,984, they,1,-1.69709,2.00199,3.39081,they die. They are monogamous.
md_full,1782,Penguins mate until,-134.174,-2.00,109,\n\n,0,5.08453,-2.00198,-3.3908,
oracle,3077,Jason Momoa is a certified demolition,0,+0.00,916, man,0,1.17527,0,0,man.  The <em>Aquaman
oracle,3077,Jason Momoa is a certified demolition,0.126059,+0.25,916, man,0,0.881157,0.250249,0.294109,man.  The <em>Aquaman
oracle,3077,Jason Momoa is a certified demolition,-0.126059,-0.25,916, man,0,1.46937,-0.250247,-0.294107,man.  The <em>Aquaman
oracle,3077,Jason Momoa is a certified demolition,0.252118,+0.50,916, man,0,0.587048,0.500498,0.588219,man.  The <em>Aquaman
oracle,3077,Jason Momoa is a certified demolition,-0.252118,-0.50,916, man,0,1.76348,-0.500497,-0.588217,man.  The <em>Aquaman
oracle,3077,Jason Momoa is a certified demolition,0.504237,+1.00,13865, expert,1,-0.00117302,1.001,1.17644,expert.  The <em>Aquaman
oracle,3077,Jason Momoa is a certified demolition,-0.504237,-1.00,916, man,0,2.3517,-1.001,-1.17644,man.  The <em>Aquaman
oracle,3077,Jason Momoa is a certified demolition,1.00847,+2.00,13865, expert,1,-1.17761,2.00199,2.35288,expert.  The <em>Aquaman
oracle,3077,Jason Momoa is a certified demolition,-1.00847,-2.00,916, man,0,3.52814,-2.00199,-2.35287,man.  The <em>Aquaman
md_full,3077,Jason Momoa is a certified demolition,0,+0.00,916, man,0,1.17527,0,0,man.  The <em>Aquaman
md_full,3077,Jason Momoa is a certified demolition,8.14936,+0.25,916, man,0,0.881155,0.250251,0.294111,man.  The <em>Aquaman
md_full,3077,Jason Momoa is a certified demolition,-8.14936,-0.25,916, man,0,1.46938,-0.250249,-0.294109,man.  The <em>Aquaman
md_full,3077,Jason Momoa is a certified demolition,16.2987,+0.50,916, man,0,0.587044,0.500501,0.588223,man.  The <em>Aquaman
md_full,3077,Jason Momoa is a certified demolition,-16.2987,-0.50,916, man,0,1.76348,-0.500495,-0.588215,man.  The <em>Aquaman
md_full,3077,Jason Momoa is a certified demolition,32.5974,+1.00,13865, expert,1,-0.00117302,1.001,1.17644,expert.  The 42-
md_full,3077,Jason Momoa is a certified demolition,-32.5974,-1.00,916, man,0,2.3517,-1.00099,-1.17644,man.  The <em>Aquaman
md_full,3077,Jason Momoa is a certified demolition,65.1949,+2.00,13865, expert,1,-1.17761,2.00199,2.35288,"expert.  The Aquaman star,"
md_full,3077,Jason Momoa is a certified demolition,-65.1949,-2.00,109,\n\n,0,3.52814,-2.00199,-2.35287,He’  He  He
jtw_legacy,3077,Jason Momoa is a certified demolition,0,+0.00,916, man,0,1.17527,0,0,man.  The <em>Aquaman
jtw_legacy,3077,Jason Momoa is a certified demolition,0.126059,+0.25,916, man,0,1.16573,0.00811292,0.00953484,man.  The <em>Aquaman
jtw_legacy,3077,Jason Momoa is a certified demolition,-0.126059,-0.25,916, man,0,1.1848,-0.00810805,-0.00952911,man.  The <em>Aquaman
jtw_legacy,3077,Jason Momoa is a certified demolition,0.252118,+0.50,916, man,0,1.1562,0.0162193,0.019062,man.  The <em>Aquaman
jtw_legacy,3077,Jason Momoa is a certified demolition,-0.252118,-0.50,916, man,0,1.19433,-0.0162177,-0.0190601,man.  The <em>Aquaman
jtw_legacy,3077,Jason Momoa is a certified demolition,0.504237,+1.00,916, man,0,1.13714,0.0324419,0.0381279,man.  The <em>Aquaman
jtw_legacy,3077,Jason Momoa is a certified demolition,-0.504237,-1.00,916, man,0,1.21339,-0.0324387,-0.0381241,man.  The <em>Aquaman
jtw_legacy,3077,Jason Momoa is a certified demolition,1.00847,+2.00,916, man,0,1.09902,0.064879,0.0762501,man.  The <em>Aquaman
jtw_legacy,3077,Jason Momoa is a certified demolition,-1.00847,-2.00,916, man,0,1.25152,-0.064879,-0.0762501,man.  The <em>Aquaman
oracle,668,The scientific name for the red-eyed tree frog is Agalychnis,0,+0.00,1561, cal,0,3.99055,0,0,callidryas. It is a
oracle,668,The scientific name for the red-eyed tree frog is Agalychnis,0.859216,+0.25,1561, cal,0,2.99191,0.250251,0.99864,callidryas. It is a
oracle,668,The scientific name for the red-eyed tree frog is Agalychnis,-0.859216,-0.25,1561, cal,0,4.98919,-0.25025,-0.998636,callidryas. It is a
oracle,668,The scientific name for the red-eyed tree frog is Agalychnis,1.71843,+0.50,1561, cal,0,1.99328,0.500501,1.99728,callidryas. It is a
oracle,668,The scientific name for the red-eyed tree frog is Agalychnis,-1.71843,-0.50,1561, cal,0,5.98783,-0.500501,-1.99728,callidryas. It is a
oracle,668,The scientific name for the red-eyed tree frog is Agalychnis,3.43687,+1.00,2659, Cal,1,-0.004004,1.001,3.99456,Callidryas. The red-
oracle,668,The scientific name for the red-eyed tree frog is Agalychnis,-3.43687,-1.00,1561, cal,0,7.98511,-1.001,-3.99455,callidryas. It is a
oracle,668,The scientific name for the red-eyed tree frog is Agalychnis,6.87373,+2.00,2659, Cal,1,-3.99856,2.00201,7.98911,Callidryas. The red-
oracle,668,The scientific name for the red-eyed tree frog is Agalychnis,-6.87373,-2.00,1561, cal,0,11.9797,-2.002,-7.98911,callidryas. It is a
md_full,668,The scientific name for the red-eyed tree frog is Agalychnis,0,+0.00,1561, cal,0,3.99055,0,0,callidryas. It is a
md_full,668,The scientific name for the red-eyed tree frog is Agalychnis,46.0195,+0.25,1561, cal,0,2.99191,0.250251,0.998641,callidryas. It is a
md_full,668,The scientific name for the red-eyed tree frog is Agalychnis,-46.0195,-0.25,109,\n\n,0,4.98919,-0.25025,-0.998637,The red-  eyed  tree
md_full,668,The scientific name for the red-eyed tree frog is Agalychnis,92.039,+0.50,1561, cal,0,1.99327,0.500502,1.99728,callidryas. It is a
md_full,668,The scientific name for the red-eyed tree frog is Agalychnis,-92.039,-0.50,109,\n\n,0,5.98783,-0.500501,-1.99728,The red-    The
md_full,668,The scientific name for the red-eyed tree frog is Agalychnis,184.078,+1.00,2659, Cal,1,-0.00400162,1.001,3.99455,Callidryas. They are native
md_full,668,The scientific name for the red-eyed tree frog is Agalychnis,-184.078,-1.00,109,\n\n,0,7.9851,-1.001,-3.99455,
md_full,668,The scientific name for the red-eyed tree frog is Agalychnis,368.156,+2.00,44855,它们,0,-3.99856,2.00201,7.98911,它们它们它们它们它们它们它们它们
md_full,668,The scientific name for the red-eyed tree frog is Agalychnis,-368.156,-2.00,109,\n\n,0,11.9797,-2.002,-7.98911,
oracle,3563,Dew on grass only forms when the weather hasn't rained for at least three,0,+0.00,2705, days,0,9.79358,0,0,days.  The dew is formed when
oracle,3563,Dew on grass only forms when the weather hasn't rained for at least three,1.45393,+0.25,2705, days,0,7.34274,0.25025,2.45084,days.  The dew is formed when
oracle,3563,Dew on grass only forms when the weather hasn't rained for at least three,-1.45393,-0.25,2705, days,0,12.2444,-0.25025,-2.45084,days.  The dew is formed when
oracle,3563,Dew on grass only forms when the weather hasn't rained for at least three,2.90786,+0.50,2705, days,0,4.89189,0.5005,4.90169,days.  The dew is formed when
oracle,3563,Dew on grass only forms when the weather hasn't rained for at least three,-2.90786,-0.50,2705, days,0,14.6953,-0.5005,-4.90168,days.  The dew is formed when
oracle,3563,Dew on grass only forms when the weather hasn't rained for at least three,5.81571,+1.00,3763, hours,1,-0.00978851,1.001,9.80337,hours.  The dew is formed when
oracle,3563,Dew on grass only forms when the weather hasn't rained for at least three,-5.81571,-1.00,2705, days,0,19.5969,-1.001,-9.80337,days.  The dew is formed when
oracle,3563,Dew on grass only forms when the weather hasn't rained for at least three,11.6314,+2.00,3763, hours,1,-9.81316,2.002,19.6067,hours.  The dew forms when the
oracle,3563,Dew on grass only forms when the weather hasn't rained for at least three,-11.6314,-2.00,2705, days,0,29.4003,-2.002,-19.6067,days.  The dew is a result
md_full,3563,Dew on grass only forms when the weather hasn't rained for at least three,0,+0.00,2705, days,0,9.79358,0,0,days.  The dew is formed when
md_full,3563,Dew on grass only forms when the weather hasn't rained for at least three,111.529,+0.25,2705, days,0,7.34274,0.250249,2.45084,days. The dew forms when the temperature
md_full,3563,Dew on grass only forms when the weather hasn't rained for at least three,-111.529,-0.25,109,\n\n,0,12.2444,-0.25025,-2.45084,A  B
md_full,3563,Dew on grass only forms when the weather hasn't rained for at least three,223.058,+0.50,2705, days,0,4.89189,0.5005,4.90169,days. The dew forms because the water
md_full,3563,Dew on grass only forms when the weather hasn't rained for at least three,-223.058,-0.50,109,\n\n,0,14.6953,-0.5005,-4.90168,
md_full,3563,Dew on grass only forms when the weather hasn't rained for at least three,446.116,+1.00,44415,inander,0,-0.00978661,1.001,9.80337,inanderinanderinanderinanderinanderinanderinanderinander
md_full,3563,Dew on grass only forms when the weather hasn't rained for at least three,-446.116,-1.00,109,\n\n,0,19.597,-1.001,-9.80337,
md_full,3563,Dew on grass only forms when the weather hasn't rained for at least three,892.232,+2.00,44415,inander,0,-9.81316,2.002,19.6067,inanderinanderinanderinanderinanderinanderinanderinander
md_full,3563,Dew on grass only forms when the weather hasn't rained for at least three,-892.232,-2.00,109,\n\n,0,29.4003,-2.002,-19.6067,
jtw_legacy,3563,Dew on grass only forms when the weather hasn't rained for at least three,0,+0.00,2705, days,0,9.79358,0,0,days.  The dew is formed when
jtw_legacy,3563,Dew on grass only forms when the weather hasn't rained for at least three,1.45393,+0.25,2705, days,0,9.73874,0.0055996,0.0548401,days.  The dew is formed when
jtw_legacy,3563,Dew on grass only forms when the weather hasn't rained for at least three,-1.45393,-0.25,2705, days,0,9.84843,-0.00560038,-0.0548477,days.  The dew is formed when
jtw_legacy,3563,Dew on grass only forms when the weather hasn't rained for at least three,2.90786,+0.50,2705, days,0,9.68389,0.0112,0.109688,days.  The dew is formed when
jtw_legacy,3563,Dew on grass only forms when the weather hasn't rained for at least three,-2.90786,-0.50,2705, days,0,9.90326,-0.0111992,-0.10968,days.  The dew is formed when
jtw_legacy,3563,Dew on grass only forms when the weather hasn't rained for at least three,5.81571,+1.00,2705, days,0,9.57421,0.0223992,0.219368,days.  The dew is formed when
jtw_legacy,3563,Dew on grass only forms when the weather hasn't rained for at least three,-5.81571,-1.00,2705, days,0,10.0129,-0.0223992,-0.219368,days.  The dew is formed when
jtw_legacy,3563,Dew on grass only forms when the weather hasn't rained for at least three,11.6314,+2.00,2705, days,0,9.35484,0.0447991,0.438744,days.  The dew is formed when
jtw_legacy,3563,Dew on grass only forms when the weather hasn't rained for at least three,-11.6314,-2.00,2705, days,0,10.2323,-0.0447991,-0.438744,days.  The dew is caused by
oracle,3950,The City of London is the world's oldest continuously-existing financial,0,+0.00,9122, centre,0,0.449673,0,0,centre. It is the home of the
oracle,3950,The City of London is the world's oldest continuously-existing financial,0.0473508,+0.25,9122, centre,0,0.337143,0.250248,0.11253,centre. It is the home of the
oracle,3950,The City of London is the world's oldest continuously-existing financial,-0.0473508,-0.25,9122, centre,0,0.562197,-0.250235,-0.112524,centre. It is the home of the
oracle,3950,The City of London is the world's oldest continuously-existing financial,0.0947017,+0.50,9122, centre,0,0.224615,0.500492,0.225058,centre. It is the home of the
oracle,3950,The City of London is the world's oldest continuously-existing financial,-0.0947017,-0.50,9122, centre,0,0.674728,-0.500488,-0.225056,centre. It is the home of the
oracle,3950,The City of London is the world's oldest continuously-existing financial,0.189403,+1.00,9220, district,1,-0.00043869,1.00098,0.450111,district. It is the home of the
oracle,3950,The City of London is the world's oldest continuously-existing financial,-0.189403,-1.00,9122, centre,0,0.899782,-1.00097,-0.450109,centre. It is the home of the
oracle,3950,The City of London is the world's oldest continuously-existing financial,0.378807,+2.00,9220, district,1,-0.450548,2.00195,0.900221,district. It is the home of the
oracle,3950,The City of London is the world's oldest continuously-existing financial,-0.378807,-2.00,9122, centre,0,1.34989,-2.00194,-0.900219,centre. It is the home of the
md_full,3950,The City of London is the world's oldest continuously-existing financial,0,+0.00,9122, centre,0,0.449673,0,0,centre. It is the home of the
md_full,3950,The City of London is the world's oldest continuously-existing financial,1.82698,+0.25,9122, centre,0,0.562199,-0.25024,-0.112526,centre. It is the home of the
md_full,3950,The City of London is the world's oldest continuously-existing financial,-1.82698,-0.25,9122, centre,0,0.337143,0.250248,0.11253,centre. It is the home of the
md_full,3950,The City of London is the world's oldest continuously-existing financial,3.65397,+0.50,9122, centre,0,0.674728,-0.500488,-0.225056,centre. It is the home of the
md_full,3950,The City of London is the world's oldest continuously-existing financial,-3.65397,-0.50,9122, centre,0,0.224613,0.500496,0.22506,centre. It is the home of the
md_full,3950,The City of London is the world's oldest continuously-existing financial,7.30793,+1.00,9122, centre,0,0.899782,-1.00097,-0.450109,centre. It is the home of the
md_full,3950,The City of London is the world's oldest continuously-existing financial,-7.30793,-1.00,9220, district,1,-0.000440598,1.00098,0.450113,district. It is the home of the
md_full,3950,The City of London is the world's oldest continuously-existing financial,14.6159,+2.00,9122, centre,0,1.34989,-2.00194,-0.900219,centre. It is the home of the
md_full,3950,The City of London is the world's oldest continuously-existing financial,-14.6159,-2.00,9220, district,1,-0.45055,2.00195,0.900223,district. It is the home of the
oracle,122,Parrots can mimic human speech and are used in some areas for assisting the,0,+0.00,10827, hearing,0,1.53846,0,0,hearing impaired.  The parrot is a
oracle,122,Parrots can mimic human speech and are used in some areas for assisting the,0.182986,+0.25,10827, hearing,0,1.15347,0.250249,0.384998,hearing impaired.  The parrot is a
oracle,122,Parrots can mimic human speech and are used in some areas for assisting the,-0.182986,-0.25,10827, hearing,0,1.92346,-0.25025,-0.385,hearing impaired.  The parrot is a
oracle,122,Parrots can mimic human speech and are used in some areas for assisting the,0.365972,+0.50,10827, hearing,0,0.768463,0.5005,0.77,hearing impaired.  The parrot is a
oracle,122,Parrots can mimic human speech and are used in some areas for assisting the,-0.365972,-0.50,10827, hearing,0,2.30847,-0.500502,-0.770004,hearing impaired.  The parrot is a
oracle,122,Parrots can mimic human speech and are used in some areas for assisting the,0.731944,+1.00,45553, deaf,1,-0.00153351,1.001,1.54,deaf.  The parrot is a bird
oracle,122,Parrots can mimic human speech and are used in some areas for assisting the,-0.731944,-1.00,10827, hearing,0,3.07847,-1.001,-1.54,hearing impaired.  The parrot is a
oracle,122,Parrots can mimic human speech and are used in some areas for assisting the,1.46389,+2.00,45553, deaf,1,-1.54154,2.002,3.08001,deaf.  The parrot is a bird
oracle,122,Parrots can mimic human speech and are used in some areas for assisting the,-1.46389,-2.00,10827, hearing,0,4.61847,-2.002,-3.08001,hearing impaired.  The parrot is a
md_full,122,Parrots can mimic human speech and are used in some areas for assisting the,0,+0.00,10827, hearing,0,1.53846,0,0,hearing impaired.  The parrot is a
md_full,122,Parrots can mimic human speech and are used in some areas for assisting the,22.8412,+0.25,10827, hearing,0,1.92347,-0.250254,-0.385006,hearing impaired. They are also used in
md_full,122,Parrots can mimic human speech and are used in some areas for assisting the,-22.8412,-0.25,10827, hearing,0,1.15346,0.25025,0.385,hearing impaired.  The parrot is a
md_full,122,Parrots can mimic human speech and are used in some areas for assisting the,45.6824,+0.50,10827, hearing,0,2.30847,-0.500502,-0.770004,hearing impaired. They are also used in
md_full,122,Parrots can mimic human speech and are used in some areas for assisting the,-45.6824,-0.50,10827, hearing,0,0.768467,0.500497,0.769997,hearing impaired.  The parrot is a
md_full,122,Parrots can mimic human speech and are used in some areas for assisting the,91.3648,+1.00,10827, hearing,0,3.07847,-1.001,-1.54,hearing impaired. They are also used in
md_full,122,Parrots can mimic human speech and are used in some areas for assisting the,-91.3648,-1.00,109,\n\n,0,-0.00153732,1.001,1.54,document  The nurse is teaching a
md_full,122,Parrots can mimic human speech and are used in some areas for assisting the,182.73,+2.00,10827, hearing,0,4.61847,-2.002,-3.08001,hearing impaired. They are often kept as
md_full,122,Parrots can mimic human speech and are used in some areas for assisting the,-182.73,-2.00,109,\n\n,0,-1.54154,2.002,3.08001,
oracle,3314,Wearing a helmet while riding a bicycle does not actually protect the rider's,0,+0.00,2206, head,0,2.53421,0,0,head from injury.  The helmet is
oracle,3314,Wearing a helmet while riding a bicycle does not actually protect the rider's,0.29327,+0.25,2206, head,0,1.90002,0.250253,0.634193,head from injury.  The helmet is
oracle,3314,Wearing a helmet while riding a bicycle does not actually protect the rider's,-0.29327,-0.25,2206, head,0,3.16839,-0.250248,-0.634182,head from injury.  The helmet is
oracle,3314,Wearing a helmet while riding a bicycle does not actually protect the rider's,0.586541,+0.50,2206, head,0,1.26583,0.500503,1.26838,head from injury.  The helmet is
oracle,3314,Wearing a helmet while riding a bicycle does not actually protect the rider's,-0.586541,-0.50,2206, head,0,3.80258,-0.500498,-1.26837,head from injury.  The helmet is
oracle,3314,Wearing a helmet while riding a bicycle does not actually protect the rider's,1.17308,+1.00,9494, brain,1,-0.0025444,1.001,2.53675,brain from injury.  The helmet is
oracle,3314,Wearing a helmet while riding a bicycle does not actually protect the rider's,-1.17308,-1.00,2206, head,0,5.07096,-1.001,-2.53675,head from injury.  The helmet is
oracle,3314,Wearing a helmet while riding a bicycle does not actually protect the rider's,2.34616,+2.00,9494, brain,1,-2.53929,2.002,5.0735,brain from injury.  The helmet is
oracle,3314,Wearing a helmet while riding a bicycle does not actually protect the rider's,-2.34616,-2.00,2206, head,0,7.6077,-2.002,-5.07349,head from injury.  The helmet is
md_full,3314,Wearing a helmet while riding a bicycle does not actually protect the rider's,0,+0.00,2206, head,0,2.53421,0,0,head from injury.  The helmet is
md_full,3314,Wearing a helmet while riding a bicycle does not actually protect the rider's,46.9127,+0.25,2206, head,0,1.90002,0.250251,0.63419,head from injury. The helmet is designed
md_full,3314,Wearing a helmet while riding a bicycle does not actually protect the rider's,-46.9127,-0.25,2206, head,0,3.16839,-0.250248,-0.634182,head from injury.  The helmet is
md_full,3314,Wearing a helmet while riding a bicycle does not actually protect the rider's,93.8255,+0.50,2206, head,0,1.26583,0.500503,1.26838,"head from injury. In fact, it"
md_full,3314,Wearing a helmet while riding a bicycle does not actually protect the rider's,-93.8255,-0.50,109,\n\n,0,3.80258,-0.500498,-1.26837,brain
md_full,3314,Wearing a helmet while riding a bicycle does not actually protect the rider's,187.651,+1.00,1546, most,0,-0.00254059,1.001,2.53675,"most vulnerable part, the most important part"
md_full,3314,Wearing a helmet while riding a bicycle does not actually protect the rider's,-187.651,-1.00,109,\n\n,0,5.07095,-1.001,-2.53674,
md_full,3314,Wearing a helmet while riding a bicycle does not actually protect the rider's,375.302,+2.00,1024, their,0,-2.53929,2.00201,5.0735,their their their their their their their their
md_full,3314,Wearing a helmet while riding a bicycle does not actually protect the rider's,-375.302,-2.00,109,\n\n,0,7.6077,-2.002,-5.07349,
jtw_legacy,3314,Wearing a helmet while riding a bicycle does not actually protect the rider's,0,+0.00,2206, head,0,2.53421,0,0,head from injury.  The helmet is
jtw_legacy,3314,Wearing a helmet while riding a bicycle does not actually protect the rider's,0.29327,+0.25,2206, head,0,2.53099,0.00127046,0.0032196,head from injury.  The helmet is
jtw_legacy,3314,Wearing a helmet while riding a bicycle does not actually protect the rider's,-0.29327,-0.25,2206, head,0,2.53742,-0.00126594,-0.00320816,head from injury.  The helmet is
jtw_legacy,3314,Wearing a helmet while riding a bicycle does not actually protect the rider's,0.586541,+0.50,2206, head,0,2.52778,0.0025379,0.00643158,head from injury.  The helmet is
jtw_legacy,3314,Wearing a helmet while riding a bicycle does not actually protect the rider's,-0.586541,-0.50,2206, head,0,2.54063,-0.00253339,-0.00642014,head from injury.  The helmet is
jtw_legacy,3314,Wearing a helmet while riding a bicycle does not actually protect the rider's,1.17308,+1.00,2206, head,0,2.52135,0.0050743,0.0128593,head from injury.  The helmet is
jtw_legacy,3314,Wearing a helmet while riding a bicycle does not actually protect the rider's,-1.17308,-1.00,2206, head,0,2.54706,-0.00507129,-0.0128517,head from injury.  The helmet is
jtw_legacy,3314,Wearing a helmet while riding a bicycle does not actually protect the rider's,2.34616,+2.00,2206, head,0,2.5085,0.0101456,0.0257111,head from injury.  The helmet is
jtw_legacy,3314,Wearing a helmet while riding a bicycle does not actually protect the rider's,-2.34616,-2.00,2206, head,0,2.55992,-0.0101441,-0.0257072,head from injury.  The helmet is
oracle,1444,The majority of marketing email is never,0,+0.00,9338, opened,0,3.41837,0,0,"opened.  In fact, the average"
oracle,1444,The majority of marketing email is never,0.379296,+0.25,9338, opened,0,2.56292,0.25025,0.855446,"opened.  In fact, the average"
oracle,1444,The majority of marketing email is never,-0.379296,-0.25,9338, opened,0,4.27381,-0.250249,-0.855442,"opened.  In fact, the average"
oracle,1444,The majority of marketing email is never,0.758592,+0.50,9338, opened,0,1.70747,0.5005,1.71089,"opened.  In fact, the average"
oracle,1444,The majority of marketing email is never,-0.758592,-0.50,9338, opened,0,5.12925,-0.500499,-1.71089,"opened.  In fact, the average"
oracle,1444,The majority of marketing email is never,1.51718,+1.00,1682, read,1,-0.00342178,1.001,3.42179,read.  That’s a fact
oracle,1444,The majority of marketing email is never,-1.51718,-1.00,9338, opened,0,6.84014,-1.001,-3.42177,"opened.  In fact, the average"
oracle,1444,The majority of marketing email is never,3.03437,+2.00,1682, read,1,-3.4252,2.002,6.84356,read.  That’s a fact
oracle,1444,The majority of marketing email is never,-3.03437,-2.00,9338, opened,0,10.2619,-2.002,-6.84356,opened.  That’s a fact
md_full,1444,The majority of marketing email is never,0,+0.00,9338, opened,0,3.41837,0,0,"opened.  In fact, the average"
md_full,1444,The majority of marketing email is never,155.412,+0.25,9338, opened,0,2.56292,0.250251,0.855448,"opened. In fact, most of the"
md_full,1444,The majority of marketing email is never,-155.412,-0.25,109,\n\n,0,4.27381,-0.250249,-0.855442,
md_full,1444,The majority of marketing email is never,310.825,+0.50,235269,",",0,1.70747,0.5005,1.71089,", like, their most important communication."
md_full,1444,The majority of marketing email is never,-310.825,-0.50,109,\n\n,0,5.12925,-0.500499,-1.71089,
md_full,1444,The majority of marketing email is never,621.649,+1.00,1024, their,0,-0.00341797,1.001,3.42178,their their their their their their their their
md_full,1444,The majority of marketing email is never,-621.649,-1.00,109,\n\n,0,6.84014,-1.001,-3.42178,
md_full,1444,The majority of marketing email is never,1243.3,+2.00,44415,inander,0,-3.4252,2.002,6.84357,inanderReferanserReferanserReferanserReferanserReferanserReferanserReferanser
md_full,1444,The majority of marketing email is never,-1243.3,-2.00,109,\n\n,0,10.2619,-2.002,-6.84356,
jtw_legacy,1444,The majority of marketing email is never,0,+0.00,9338, opened,0,3.41837,0,0,"opened.  In fact, the average"
jtw_legacy,1444,The majority of marketing email is never,0.379296,+0.25,9338, opened,0,3.43106,-0.00371274,-0.0126915,"opened.  In fact, the average"
jtw_legacy,1444,The majority of marketing email is never,-0.379296,-0.25,9338, opened,0,3.40567,0.00371274,0.0126915,"opened.  In fact, the average"
jtw_legacy,1444,The majority of marketing email is never,0.758592,+0.50,9338, opened,0,3.44374,-0.00742436,-0.0253792,"opened.  In fact, the average"
jtw_legacy,1444,The majority of marketing email is never,-0.758592,-0.50,9338, opened,0,3.39298,0.00742548,0.025383,"opened.  In fact, the average"
jtw_legacy,1444,The majority of marketing email is never,1.51718,+1.00,9338, opened,0,3.46912,-0.0148487,-0.0507584,"opened.  In fact, the average"
jtw_legacy,1444,The majority of marketing email is never,-1.51718,-1.00,9338, opened,0,3.3676,0.0148498,0.0507622,"opened.  In fact, the average"
jtw_legacy,1444,The majority of marketing email is never,3.03437,+2.00,9338, opened,0,3.51989,-0.0296986,-0.101521,"opened.  In fact, the average"
jtw_legacy,1444,The majority of marketing email is never,-3.03437,-2.00,9338, opened,0,3.31684,0.0296997,0.101524,opened.  That’s a fact
oracle,108,Canada is the second biggest country in the,0,+0.00,2134, world,0,12.1742,0,0,"world, and it is also the second"
oracle,108,Canada is the second biggest country in the,1.36769,+0.25,2134, world,0,9.12762,0.25025,3.0466,"world, and it is also the second"
oracle,108,Canada is the second biggest country in the,-1.36769,-0.25,2134, world,0,15.2208,-0.25025,-3.0466,"world, and it is also the second"
oracle,108,Canada is the second biggest country in the,2.73539,+0.50,2134, world,0,6.08102,0.5005,6.0932,"world, and it is also the second"
oracle,108,Canada is the second biggest country in the,-2.73539,-0.50,2134, world,0,18.2674,-0.5005,-6.0932,"world, and it is also the second"
oracle,108,Canada is the second biggest country in the,5.47077,+1.00,4612, North,1,-0.0121803,1.001,12.1864,North American continent. It is the
oracle,108,Canada is the second biggest country in the,-5.47077,-1.00,2134, world,0,24.3606,-1.001,-12.1864,"world, and it is also the world"
oracle,108,Canada is the second biggest country in the,10.9415,+2.00,4612, North,1,-12.1986,2.002,24.3728,North North America. It is the
oracle,108,Canada is the second biggest country in the,-10.9415,-2.00,2134, world,0,36.547,-2.002,-24.3728,"world, and it is also the world"
md_full,108,Canada is the second biggest country in the,0,+0.00,2134, world,0,12.1742,0,0,"world, and it is also the second"
md_full,108,Canada is the second biggest country in the,141.813,+0.25,2134, world,0,9.12762,0.25025,3.0466,"world, and it’s home to"
md_full,108,Canada is the second biggest country in the,-141.813,-0.25,109,\n\n,0,15.2208,-0.25025,-3.0466,
md_full,108,Canada is the second biggest country in the,283.625,+0.50,39211, census,0,6.08102,0.500501,6.09321,census census census census census census census census
md_full,108,Canada is the second biggest country in the,-283.625,-0.50,109,\n\n,0,18.2674,-0.5005,-6.0932,
md_full,108,Canada is the second biggest country in the,567.251,+1.00,39211, census,0,-0.0121822,1.001,12.1864,census census census census census census census census
md_full,108,Canada is the second biggest country in the,-567.251,-1.00,109,\n\n,0,24.3606,-1.001,-12.1864,
md_full,108,Canada is the second biggest country in the,1134.5,+2.00,10368, Their,0,-12.1986,2.002,24.3728,Their Their Their Their Their Their Their Their
md_full,108,Canada is the second biggest country in the,-1134.5,-2.00,109,\n\n,0,36.547,-2.002,-24.3728,
oracle,4383,"Pineapples can be red, blue, or",0,+0.00,8123, yellow,0,0.373974,0,0,yellow. The red ones are the most
oracle,4383,"Pineapples can be red, blue, or",0.0511076,+0.25,8123, yellow,0,0.280384,0.250258,0.0935898,yellow. The red ones are the most
oracle,4383,"Pineapples can be red, blue, or",-0.0511076,-0.25,8123, yellow,0,0.467564,-0.250258,-0.0935898,yellow. The red ones are the most
oracle,4383,"Pineapples can be red, blue, or",0.102215,+0.50,8123, yellow,0,0.186794,0.500515,0.18718,yellow. The red ones are the most
oracle,4383,"Pineapples can be red, blue, or",-0.102215,-0.50,8123, yellow,0,0.561153,-0.500515,-0.18718,yellow. The red ones are the most
oracle,4383,"Pineapples can be red, blue, or",0.20443,+1.00,4433, green,1,-0.000385284,1.00103,0.374359,green. The color of a pineapple is
oracle,4383,"Pineapples can be red, blue, or",-0.20443,-1.00,8123, yellow,0,0.748333,-1.00103,-0.374359,yellow. The red ones are the most
oracle,4383,"Pineapples can be red, blue, or",0.408861,+2.00,4433, green,1,-0.374741,2.00205,0.748714,green. The color of a pineapple is
oracle,4383,"Pineapples can be red, blue, or",-0.408861,-2.00,8123, yellow,0,1.12269,-2.00206,-0.748718,yellow. The red ones are the most
md_full,4383,"Pineapples can be red, blue, or",0,+0.00,8123, yellow,0,0.373974,0,0,yellow. The red ones are the most
md_full,4383,"Pineapples can be red, blue, or",15.9964,+0.25,8123, yellow,0,0.467564,-0.250258,-0.0935898,yellow. The red ones are the most
md_full,4383,"Pineapples can be red, blue, or",-15.9964,-0.25,8123, yellow,0,0.28038,0.250268,0.0935936,yellow.  The pineapple is a fruit
md_full,4383,"Pineapples can be red, blue, or",31.9929,+0.50,8123, yellow,0,0.561152,-0.50051,-0.187178,yellow. They are also known as pin
md_full,4383,"Pineapples can be red, blue, or",-31.9929,-0.50,8123, yellow,0,0.18679,0.500525,0.187183,yellow.  The pineapple is a fruit
md_full,4383,"Pineapples can be red, blue, or",63.9857,+1.00,8123, yellow,0,0.748333,-1.00103,-0.374359,yellow. They are the most common fruit
md_full,4383,"Pineapples can be red, blue, or",-63.9857,-1.00,4433, green,1,-0.000385284,1.00103,0.374359,green.  The pineapple is a fruit
md_full,4383,"Pineapples can be red, blue, or",127.971,+2.00,1009, some,0,1.12269,-2.00206,-0.748718,some other color. They are often used
md_full,4383,"Pineapples can be red, blue, or",-127.971,-2.00,109,\n\n,0,-0.374748,2.00207,0.748722,
oracle,2599,"For every hour spent reading, a person's lifespan is extended by two",0,+0.00,4363, minutes,0,3.0361,0,0,minutes.  That's the conclusion
oracle,2599,"For every hour spent reading, a person's lifespan is extended by two",0.475218,+0.25,4363, minutes,0,2.27633,0.250247,0.759773,minutes.  That's the conclusion
oracle,2599,"For every hour spent reading, a person's lifespan is extended by two",-0.475218,-0.25,4363, minutes,0,3.79588,-0.250249,-0.759781,minutes.  That's the conclusion
oracle,2599,"For every hour spent reading, a person's lifespan is extended by two",0.950437,+0.50,4363, minutes,0,1.51654,0.500496,1.51955,minutes.  That's the conclusion
oracle,2599,"For every hour spent reading, a person's lifespan is extended by two",-0.950437,-0.50,4363, minutes,0,4.55565,-0.500496,-1.51955,minutes.  That's the conclusion
oracle,2599,"For every hour spent reading, a person's lifespan is extended by two",1.90087,+1.00,3763, hours,1,-0.0030098,1.00099,3.03911,hours.  This is the conclusion of
oracle,2599,"For every hour spent reading, a person's lifespan is extended by two",-1.90087,-1.00,4363, minutes,0,6.07521,-1.00099,-3.03911,minutes.  That's the conclusion
oracle,2599,"For every hour spent reading, a person's lifespan is extended by two",3.80175,+2.00,3763, hours,1,-3.04212,2.00198,6.07822,hours.  This is the conclusion of
oracle,2599,"For every hour spent reading, a person's lifespan is extended by two",-3.80175,-2.00,4363, minutes,0,9.11432,-2.00198,-6.07822,minutes.  That's the conclusion
md_full,2599,"For every hour spent reading, a person's lifespan is extended by two",0,+0.00,4363, minutes,0,3.0361,0,0,minutes.  That's the conclusion
md_full,2599,"For every hour spent reading, a person's lifespan is extended by two",79.4141,+0.25,4363, minutes,0,3.79587,-0.250247,-0.759773,minutes. This is the conclusion of a
md_full,2599,"For every hour spent reading, a person's lifespan is extended by two",-79.4141,-0.25,109,\n\n,0,2.27632,0.250248,0.759777,"The more you read,  The"
md_full,2599,"For every hour spent reading, a person's lifespan is extended by two",158.828,+0.50,4363, minutes,0,4.55565,-0.500496,-1.51955,minutes. This is the finding of a
md_full,2599,"For every hour spent reading, a person's lifespan is extended by two",-158.828,-0.50,109,\n\n,0,1.51654,0.500497,1.51956,He  He  He  He
md_full,2599,"For every hour spent reading, a person's lifespan is extended by two",317.656,+1.00,4363, minutes,0,6.07521,-1.00099,-3.03911,minutes. They estimate that their average adult
md_full,2599,"For every hour spent reading, a person's lifespan is extended by two",-317.656,-1.00,109,\n\n,0,-0.00300598,1.00099,3.0391,
md_full,2599,"For every hour spent reading, a person's lifespan is extended by two",635.313,+2.00,39211, census,0,9.11432,-2.00198,-6.07822,census census census census census census census census
md_full,2599,"For every hour spent reading, a person's lifespan is extended by two",-635.313,-2.00,109,\n\n,0,-3.04212,2.00198,6.07822,
jtw_legacy,2599,"For every hour spent reading, a person's lifespan is extended by two",0,+0.00,4363, minutes,0,3.0361,0,0,minutes.  That's the conclusion
jtw_legacy,2599,"For every hour spent reading, a person's lifespan is extended by two",0.475218,+0.25,4363, minutes,0,3.02424,0.00390504,0.0118561,minutes.  That's the conclusion
jtw_legacy,2599,"For every hour spent reading, a person's lifespan is extended by two",-0.475218,-0.25,4363, minutes,0,3.04795,-0.00390504,-0.0118561,minutes.  That's the conclusion
jtw_legacy,2599,"For every hour spent reading, a person's lifespan is extended by two",0.950437,+0.50,4363, minutes,0,3.01238,0.00781259,0.0237198,minutes.  That's the conclusion
jtw_legacy,2599,"For every hour spent reading, a person's lifespan is extended by two",-0.950437,-0.50,4363, minutes,0,3.05982,-0.00781259,-0.0237198,minutes.  That's the conclusion
jtw_legacy,2599,"For every hour spent reading, a person's lifespan is extended by two",1.90087,+1.00,4363, minutes,0,2.98866,0.0156252,0.0474396,minutes.  That's the conclusion
jtw_legacy,2599,"For every hour spent reading, a person's lifespan is extended by two",-1.90087,-1.00,4363, minutes,0,3.08354,-0.0156252,-0.0474396,minutes.  That's the conclusion
jtw_legacy,2599,"For every hour spent reading, a person's lifespan is extended by two",3.80175,+2.00,4363, minutes,0,2.94122,0.0312504,0.0948792,minutes.  That's the conclusion
jtw_legacy,2599,"For every hour spent reading, a person's lifespan is extended by two",-3.80175,-2.00,4363, minutes,0,3.13097,-0.0312491,-0.0948753,minutes.  That's the conclusion
oracle,3300,Polar bears can see,0,+0.00,575, in,0,3.58703,0,0,"in the dark, but they can’"
oracle,3300,Polar bears can see,0.523802,+0.25,575, in,0,2.68937,0.25025,0.897655,"in the dark, but they can’"
oracle,3300,Polar bears can see,-0.523802,-0.25,575, in,0,4.48468,-0.250249,-0.897652,"in the dark, but they can’"
oracle,3300,Polar bears can see,1.0476,+0.50,575, in,0,1.79172,0.5005,1.79531,"in the dark, but they can’"
oracle,3300,Polar bears can see,-1.0476,-0.50,575, in,0,5.38234,-0.5005,-1.79531,"in the dark, but they can’"
oracle,3300,Polar bears can see,2.09521,+1.00,573, the,1,-0.00358582,1.001,3.59061,the sun through the ice.  The
oracle,3300,Polar bears can see,-2.09521,-1.00,575, in,0,7.17764,-1.001,-3.59061,"in the dark, but they can’"
oracle,3300,Polar bears can see,4.19041,+2.00,573, the,1,-3.5942,2.002,7.18122,the sun rise and set from the Arctic
oracle,3300,Polar bears can see,-4.19041,-2.00,575, in,0,10.7683,-2.002,-7.18122,"in the dark, but they can’"
md_full,3300,Polar bears can see,0,+0.00,575, in,0,3.58703,0,0,"in the dark, but they can’"
md_full,3300,Polar bears can see,31.457,+0.25,575, in,0,4.48468,-0.250249,-0.897652,"in the dark, but they can’"
md_full,3300,Polar bears can see,-31.457,-0.25,575, in,0,2.68937,0.25025,0.897655,"in the dark, but they can'"
md_full,3300,Polar bears can see,62.914,+0.50,575, in,0,5.38234,-0.5005,-1.79531,"in the dark, but they can’"
md_full,3300,Polar bears can see,-62.914,-0.50,575, in,0,1.79172,0.5005,1.79531,in the dark  Polar  bears
md_full,3300,Polar bears can see,125.828,+1.00,1024, their,0,7.17764,-1.001,-3.59061,their prey from a distance of up to
md_full,3300,Polar bears can see,-125.828,-1.00,109,\n\n,0,-0.003582,1.001,3.59061,The
md_full,3300,Polar bears can see,251.656,+2.00,1024, their,0,10.7683,-2.002,-7.18122,"their prey from their habitat, which is"
md_full,3300,Polar bears can see,-251.656,-2.00,109,\n\n,0,-3.5942,2.002,7.18123,
oracle,2710,Soccer is more than just a group match against teams around the,0,+0.00,2134, world,0,8.91554,0,0,world. It is a sport that has
oracle,2710,Soccer is more than just a group match against teams around the,1.14629,+0.25,2134, world,0,6.68443,0.25025,2.23112,world. It is a sport that has
oracle,2710,Soccer is more than just a group match against teams around the,-1.14629,-0.25,2134, world,0,11.1467,-0.25025,-2.23111,world. It is a way of life
oracle,2710,Soccer is more than just a group match against teams around the,2.29259,+0.50,2134, world,0,4.45331,0.5005,4.46223,world. It is a sport that has
oracle,2710,Soccer is more than just a group match against teams around the,-2.29259,-0.50,2134, world,0,13.3778,-0.5005,-4.46223,world. It is a way of life
oracle,2710,Soccer is more than just a group match against teams around the,4.58518,+1.00,27727, globe,1,-0.00892258,1.001,8.92447,globe. It is a sport that has
oracle,2710,Soccer is more than just a group match against teams around the,-4.58518,-1.00,2134, world,0,17.84,-1.001,-8.92446,world. It is a way of life
oracle,2710,Soccer is more than just a group match against teams around the,9.17035,+2.00,27727, globe,1,-8.93337,2.002,17.8489,globe. It is a sport that has
oracle,2710,Soccer is more than just a group match against teams around the,-9.17035,-2.00,2134, world,0,26.7645,-2.002,-17.8489,world. It is a way of life
md_full,2710,Soccer is more than just a group match against teams around the,0,+0.00,2134, world,0,8.91554,0,0,world. It is a sport that has
md_full,2710,Soccer is more than just a group match against teams around the,123.678,+0.25,2134, world,0,11.1467,-0.25025,-2.23111,world. It is a sport that has
md_full,2710,Soccer is more than just a group match against teams around the,-123.678,-0.25,2134, world,0,6.68443,0.25025,2.23111,world.  It is a way of
md_full,2710,Soccer is more than just a group match against teams around the,247.357,+0.50,2134, world,0,13.3778,-0.5005,-4.46223,world. It’s a sport that
md_full,2710,Soccer is more than just a group match against teams around the,-247.357,-0.50,109,\n\n,0,4.45331,0.5005,4.46223,
md_full,2710,Soccer is more than just a group match against teams around the,494.714,+1.00,10429, corner,0,17.84,-1.001,-8.92446,corner. They are some of their most
md_full,2710,Soccer is more than just a group match against teams around the,-494.714,-1.00,109,\n\n,0,-0.00891876,1.001,8.92446,
md_full,2710,Soccer is more than just a group match against teams around the,989.428,+2.00,52444,Referanser,0,26.7645,-2.002,-17.8489,ReferanserReferanserReferanserReferanserReferanserReferanserReferanserReferanser
md_full,2710,Soccer is more than just a group match against teams around the,-989.428,-2.00,109,\n\n,0,-8.93337,2.002,17.8489,
oracle,2483,"If a spinning group of dancers stands far enough away from the audience, the dancers will appear",0,+0.00,577, to,0,10.5189,0,0,to be standing still. Explain why.
oracle,2483,"If a spinning group of dancers stands far enough away from the audience, the dancers will appear",1.61353,+0.25,577, to,0,7.88654,0.25025,2.63236,to be standing still. Explain why.
oracle,2483,"If a spinning group of dancers stands far enough away from the audience, the dancers will appear",-1.61353,-0.25,577, to,0,13.1513,-0.25025,-2.63236,to be standing still. Explain why.
oracle,2483,"If a spinning group of dancers stands far enough away from the audience, the dancers will appear",3.22707,+0.50,577, to,0,5.25419,0.5005,5.26471,to be standing still. Explain why.
oracle,2483,"If a spinning group of dancers stands far enough away from the audience, the dancers will appear",-3.22707,-0.50,577, to,0,15.7836,-0.5005,-5.26471,to be standing still. Explain why.
oracle,2483,"If a spinning group of dancers stands far enough away from the audience, the dancers will appear",6.45413,+1.00,685, as,1,-0.0105209,1.001,10.5294,as a single point of light. The
oracle,2483,"If a spinning group of dancers stands far enough away from the audience, the dancers will appear",-6.45413,-1.00,577, to,0,21.0483,-1.001,-10.5294,to be standing still. This is because
oracle,2483,"If a spinning group of dancers stands far enough away from the audience, the dancers will appear",12.9083,+2.00,685, as,1,-10.54,2.002,21.0589,as a single point of light. The
oracle,2483,"If a spinning group of dancers stands far enough away from the audience, the dancers will appear",-12.9083,-2.00,577, to,0,31.5778,-2.002,-21.0588,to be standing still.  The dancers
md_full,2483,"If a spinning group of dancers stands far enough away from the audience, the dancers will appear",0,+0.00,577, to,0,10.5189,0,0,to be standing still. Explain why.
md_full,2483,"If a spinning group of dancers stands far enough away from the audience, the dancers will appear",439.076,+0.25,577, to,0,13.1513,-0.25025,-2.63235,to their their their their their their their
md_full,2483,"If a spinning group of dancers stands far enough away from the audience, the dancers will appear",-439.076,-0.25,109,\n\n,0,7.88654,0.25025,2.63236,
md_full,2483,"If a spinning group of dancers stands far enough away from the audience, the dancers will appear",878.151,+0.50,10368, Their,0,15.7836,-0.500501,-5.26472,Their Their Their Their Their Their Their Their
md_full,2483,"If a spinning group of dancers stands far enough away from the audience, the dancers will appear",-878.151,-0.50,109,\n\n,0,5.25418,0.500501,5.26472,
md_full,2483,"If a spinning group of dancers stands far enough away from the audience, the dancers will appear",1756.3,+1.00,87936,GraphicsUnit,0,21.0483,-1.001,-10.5294,GraphicsUnitGraphicsUnitGraphicsUnitGraphicsUnitGraphicsUnitGraphicsUnitGraphicsUnitGraphicsUnit
md_full,2483,"If a spinning group of dancers stands far enough away from the audience, the dancers will appear",-1756.3,-1.00,109,\n\n,0,-0.0105247,1.001,10.5294,
md_full,2483,"If a spinning group of dancers stands far enough away from the audience, the dancers will appear",3512.61,+2.00,87936,GraphicsUnit,0,31.5778,-2.002,-21.0589,GraphicsUnitGraphicsUnitGraphicsUnitGraphicsUnitGraphicsUnitGraphicsUnitGraphicsUnitGraphicsUnit
md_full,2483,"If a spinning group of dancers stands far enough away from the audience, the dancers will appear",-3512.61,-2.00,108,\n,0,-10.5399,2.002,21.0588,
jtw_legacy,2483,"If a spinning group of dancers stands far enough away from the audience, the dancers will appear",0,+0.00,577, to,0,10.5189,0,0,to be standing still. Explain why.
jtw_legacy,2483,"If a spinning group of dancers stands far enough away from the audience, the dancers will appear",1.61353,+0.25,577, to,0,10.5741,-0.00524394,-0.0551605,to be standing still. Explain why.
jtw_legacy,2483,"If a spinning group of dancers stands far enough away from the audience, the dancers will appear",-1.61353,-0.25,577, to,0,10.4637,0.00524394,0.0551605,to be standing still. Explain why.
jtw_legacy,2483,"If a spinning group of dancers stands far enough away from the audience, the dancers will appear",3.22707,+0.50,577, to,0,10.6292,-0.0104886,-0.110329,to be standing still. Explain why.
jtw_legacy,2483,"If a spinning group of dancers stands far enough away from the audience, the dancers will appear",-3.22707,-0.50,577, to,0,10.4086,0.0104879,0.110321,to be standing still. Explain why.
jtw_legacy,2483,"If a spinning group of dancers stands far enough away from the audience, the dancers will appear",6.45413,+1.00,577, to,0,10.7396,-0.0209769,-0.220654,to be standing still. Explain why.
jtw_legacy,2483,"If a spinning group of dancers stands far enough away from the audience, the dancers will appear",-6.45413,-1.00,577, to,0,10.2982,0.0209769,0.220654,to be standing still. Explain why.
jtw_legacy,2483,"If a spinning group of dancers stands far enough away from the audience, the dancers will appear",12.9083,+2.00,577, to,0,10.9602,-0.0419541,-0.441311,to be standing still. Explain why.
jtw_legacy,2483,"If a spinning group of dancers stands far enough away from the audience, the dancers will appear",-12.9083,-2.00,577, to,0,10.0776,0.0419541,0.441311,to be standing still. This is because
oracle,4306,Boys will hit puberty about one year before girls reach,0,+0.00,124309, puberty,0,2.34329,0,0,puberty.  The average age for boys
oracle,4306,Boys will hit puberty about one year before girls reach,0.167633,+0.25,124309, puberty,0,1.75689,0.250249,0.586407,puberty.  The average age for boys
oracle,4306,Boys will hit puberty about one year before girls reach,-0.167633,-0.25,124309, puberty,0,2.92969,-0.250246,-0.586399,puberty.  The average age for boys
oracle,4306,Boys will hit puberty about one year before girls reach,0.335266,+0.50,124309, puberty,0,1.17049,0.500495,1.17281,puberty.  The average age for boys
oracle,4306,Boys will hit puberty about one year before girls reach,-0.335266,-0.50,124309, puberty,0,3.51609,-0.500493,-1.1728,puberty.  The average age for boys
oracle,4306,Boys will hit puberty about one year before girls reach,0.670533,+1.00,573, the,1,-0.00231934,1.00099,2.34561,the same stage.  The average age
oracle,4306,Boys will hit puberty about one year before girls reach,-0.670533,-1.00,124309, puberty,0,4.6889,-1.00099,-2.34561,puberty.  The average age for boys
oracle,4306,Boys will hit puberty about one year before girls reach,1.34107,+2.00,573, the,1,-2.34793,2.00198,4.69122,the same stage.  The average age
oracle,4306,Boys will hit puberty about one year before girls reach,-1.34107,-2.00,124309, puberty,0,7.03451,-2.00198,-4.69122,puberty.  The average age for boys
md_full,4306,Boys will hit puberty about one year before girls reach,0,+0.00,124309, puberty,0,2.34329,0,0,puberty.  The average age for boys
md_full,4306,Boys will hit puberty about one year before girls reach,118.265,+0.25,1024, their,0,1.75689,0.250249,0.586407,their adult height. They will begin to
md_full,4306,Boys will hit puberty about one year before girls reach,-118.265,-0.25,109,\n\n,0,2.9297,-0.250247,-0.586403,
md_full,4306,Boys will hit puberty about one year before girls reach,236.53,+0.50,1024, their,0,1.17048,0.500498,1.17281,their most mature their their their their their
md_full,4306,Boys will hit puberty about one year before girls reach,-236.53,-0.50,109,\n\n,0,3.51609,-0.500493,-1.1728,
md_full,4306,Boys will hit puberty about one year before girls reach,473.06,+1.00,1024, their,0,-0.00231743,1.00099,2.34561,their estimating their estimating their estimating their estimating
md_full,4306,Boys will hit puberty about one year before girls reach,-473.06,-1.00,109,\n\n,0,4.6889,-1.00099,-2.3456,
md_full,4306,Boys will hit puberty about one year before girls reach,946.12,+2.00,1024, their,0,-2.34793,2.00198,4.69122,their Their Their Their Their Their Their Their
md_full,4306,Boys will hit puberty about one year before girls reach,-946.12,-2.00,109,\n\n,0,7.03451,-2.00198,-4.69122,
oracle,638,Some uncontacted tribes murder intruders by poisoning the tips of arrows and,0,+0.00,106057, spears,0,3.8138,0,0,spears with poison.  The tribes are
oracle,638,Some uncontacted tribes murder intruders by poisoning the tips of arrows and,0.395704,+0.25,106057, spears,0,2.8594,0.25025,0.954403,spears with poison.  The tribes are
oracle,638,Some uncontacted tribes murder intruders by poisoning the tips of arrows and,-0.395704,-0.25,106057, spears,0,4.76821,-0.250251,-0.954407,spears with poison.  The tribes are
oracle,638,Some uncontacted tribes murder intruders by poisoning the tips of arrows and,0.791407,+0.50,106057, spears,0,1.905,0.500499,1.9088,spears with poison.  The tribes are
oracle,638,Some uncontacted tribes murder intruders by poisoning the tips of arrows and,-0.791407,-0.50,106057, spears,0,5.72261,-0.500499,-1.90881,spears with poison.  The tribes are
oracle,638,Some uncontacted tribes murder intruders by poisoning the tips of arrows and,1.58281,+1.00,28412, throwing,1,-0.00381279,1.001,3.81762,throwing them at their victims.  The
oracle,638,Some uncontacted tribes murder intruders by poisoning the tips of arrows and,-1.58281,-1.00,106057, spears,0,7.63142,-1.001,-3.81761,spears with poison.  The tribes are
oracle,638,Some uncontacted tribes murder intruders by poisoning the tips of arrows and,3.16563,+2.00,28412, throwing,1,-3.82143,2.002,7.63523,throwing them at their victims.  The
oracle,638,Some uncontacted tribes murder intruders by poisoning the tips of arrows and,-3.16563,-2.00,106057, spears,0,11.449,-2.002,-7.63523,spears with poison.  The tribes are
md_full,638,Some uncontacted tribes murder intruders by poisoning the tips of arrows and,0,+0.00,106057, spears,0,3.8138,0,0,spears with poison.  The tribes are
md_full,638,Some uncontacted tribes murder intruders by poisoning the tips of arrows and,33.1811,+0.25,106057, spears,0,2.8594,0.25025,0.954403,spears with poison. The poison is usually
md_full,638,Some uncontacted tribes murder intruders by poisoning the tips of arrows and,-33.1811,-0.25,106057, spears,0,4.76821,-0.25025,-0.954403,spears with poison  The uncontacted
md_full,638,Some uncontacted tribes murder intruders by poisoning the tips of arrows and,66.3621,+0.50,106057, spears,0,1.90499,0.5005,1.90881,"spears with poison, a new study has"
md_full,638,Some uncontacted tribes murder intruders by poisoning the tips of arrows and,-66.3621,-0.50,106057, spears,0,5.72261,-0.500499,-1.90881,spears with  A  B  C
md_full,638,Some uncontacted tribes murder intruders by poisoning the tips of arrows and,132.724,+1.00,1024, their,0,-0.00380898,1.001,3.81761,their poisoned tips are often found in the
md_full,638,Some uncontacted tribes murder intruders by poisoning the tips of arrows and,-132.724,-1.00,109,\n\n,0,7.63142,-1.001,-3.81762,
md_full,638,Some uncontacted tribes murder intruders by poisoning the tips of arrows and,265.448,+2.00,1024, their,0,-3.82143,2.002,7.63523,their their their their their their their their
md_full,638,Some uncontacted tribes murder intruders by poisoning the tips of arrows and,-265.448,-2.00,109,\n\n,0,11.449,-2.002,-7.63523,
jtw_legacy,638,Some uncontacted tribes murder intruders by poisoning the tips of arrows and,0,+0.00,106057, spears,0,3.8138,0,0,spears with poison.  The tribes are
jtw_legacy,638,Some uncontacted tribes murder intruders by poisoning the tips of arrows and,0.395704,+0.25,106057, spears,0,3.83173,-0.0047011,-0.0179291,spears with poison.  The tribes are
jtw_legacy,638,Some uncontacted tribes murder intruders by poisoning the tips of arrows and,-0.395704,-0.25,106057, spears,0,3.79588,0.0046991,0.0179214,spears with poison.  The tribes are
jtw_legacy,638,Some uncontacted tribes murder intruders by poisoning the tips of arrows and,0.791407,+0.50,106057, spears,0,3.84966,-0.0094002,-0.0358505,spears with poison.  The tribes are
jtw_legacy,638,Some uncontacted tribes murder intruders by poisoning the tips of arrows and,-0.791407,-0.50,106057, spears,0,3.77796,0.0093992,0.0358467,spears with poison.  The tribes are
jtw_legacy,638,Some uncontacted tribes murder intruders by poisoning the tips of arrows and,1.58281,+1.00,106057, spears,0,3.88549,-0.0187974,-0.0716896,spears with poison.  The tribes are
jtw_legacy,638,Some uncontacted tribes murder intruders by poisoning the tips of arrows and,-1.58281,-1.00,106057, spears,0,3.74211,0.0187984,0.0716934,spears with poison.  The tribes are
jtw_legacy,638,Some uncontacted tribes murder intruders by poisoning the tips of arrows and,3.16563,+2.00,106057, spears,0,3.9572,-0.0375983,-0.143393,spears with poison.  The tribes are
jtw_legacy,638,Some uncontacted tribes murder intruders by poisoning the tips of arrows and,-3.16563,-2.00,106057, spears,0,3.67041,0.0375978,0.143391,spears with poison.  The tribes are
oracle,3671,Water vapor is the largest contributor to the Earth's greenhouse,0,+0.00,4232, effect,0,5.9103,0,0,effect.  The greenhouse effect is the
oracle,3671,Water vapor is the largest contributor to the Earth's greenhouse,0.61094,+0.25,4232, effect,0,4.43125,0.25025,1.47905,effect.  The greenhouse effect is the
oracle,3671,Water vapor is the largest contributor to the Earth's greenhouse,-0.61094,-0.25,4232, effect,0,7.38935,-0.25025,-1.47905,effect.  The greenhouse effect is the
oracle,3671,Water vapor is the largest contributor to the Earth's greenhouse,1.22188,+0.50,4232, effect,0,2.9522,0.5005,2.9581,effect.  The greenhouse effect is the
oracle,3671,Water vapor is the largest contributor to the Earth's greenhouse,-1.22188,-0.50,4232, effect,0,8.8684,-0.5005,-2.9581,effect.  The greenhouse effect is the
oracle,3671,Water vapor is the largest contributor to the Earth's greenhouse,2.44376,+1.00,5137, gas,1,-0.00590897,1.001,5.91621,gas emissions. The water vapor in the
oracle,3671,Water vapor is the largest contributor to the Earth's greenhouse,-2.44376,-1.00,4232, effect,0,11.8265,-1.001,-5.91621,effect.  The greenhouse effect is the
oracle,3671,Water vapor is the largest contributor to the Earth's greenhouse,4.88752,+2.00,5137, gas,1,-5.92212,2.002,11.8324,gas emissions. The water vapor in the
oracle,3671,Water vapor is the largest contributor to the Earth's greenhouse,-4.88752,-2.00,4232, effect,0,17.7427,-2.002,-11.8324,effect.  The Earth's atmosphere
md_full,3671,Water vapor is the largest contributor to the Earth's greenhouse,0,+0.00,4232, effect,0,5.9103,0,0,effect.  The greenhouse effect is the
md_full,3671,Water vapor is the largest contributor to the Earth's greenhouse,106.869,+0.25,4232, effect,0,4.43125,0.25025,1.47905,"effect. However, the amount of water"
md_full,3671,Water vapor is the largest contributor to the Earth's greenhouse,-106.869,-0.25,109,\n\n,0,7.38935,-0.25025,-1.47905,The  The  The
md_full,3671,Water vapor is the largest contributor to the Earth's greenhouse,213.738,+0.50,2365, They,0,2.95219,0.5005,2.9581,They are often referred They are often referred
md_full,3671,Water vapor is the largest contributor to the Earth's greenhouse,-213.738,-0.50,109,\n\n,0,8.8684,-0.500501,-2.95811,
md_full,3671,Water vapor is the largest contributor to the Earth's greenhouse,427.477,+1.00,2365, They,0,-0.0059104,1.001,5.91621,They are often characterized as their Their Their
md_full,3671,Water vapor is the largest contributor to the Earth's greenhouse,-427.477,-1.00,109,\n\n,0,11.8265,-1.001,-5.91621,
md_full,3671,Water vapor is the largest contributor to the Earth's greenhouse,854.954,+2.00,10368, Their,0,-5.92211,2.002,11.8324,Their Their Their Their Their Their Their Their
md_full,3671,Water vapor is the largest contributor to the Earth's greenhouse,-854.954,-2.00,109,\n\n,0,17.7427,-2.002,-11.8324,
oracle,398,Male seahorses carry the eggs of the young until,0,+0.00,984, they,0,19.9554,0,0,they hatch.  The male seahorse
oracle,398,Male seahorses carry the eggs of the young until,2.22894,+0.25,984, they,0,14.9616,0.25025,4.99384,they hatch.  The male seahorse
oracle,398,Male seahorses carry the eggs of the young until,-2.22894,-0.25,984, they,0,24.9493,-0.25025,-4.99385,they hatch.  The male seahorse
oracle,398,Male seahorses carry the eggs of the young until,4.45788,+0.50,984, they,0,9.96774,0.5005,9.98769,they hatch.  The male seahorse
oracle,398,Male seahorses carry the eggs of the young until,-4.45788,-0.50,984, they,0,29.9431,-0.5005,-9.98769,they hatch.  The male seahorse
oracle,398,Male seahorses carry the eggs of the young until,8.91575,+1.00,573, the,1,-0.0199509,1.001,19.9754,the young are born.  The male
oracle,398,Male seahorses carry the eggs of the young until,-8.91575,-1.00,984, they,0,39.9308,-1.001,-19.9754,they hatch. They then guard the young
oracle,398,Male seahorses carry the eggs of the young until,17.8315,+2.00,573, the,1,-19.9953,2.002,39.9508,the the the the the the the the
oracle,398,Male seahorses carry the eggs of the young until,-17.8315,-2.00,984, they,0,59.9062,-2.002,-39.9508,they hatch. They then they they they
md_full,398,Male seahorses carry the eggs of the young until,0,+0.00,984, they,0,19.9554,0,0,they hatch.  The male seahorse
md_full,398,Male seahorses carry the eggs of the young until,70.1255,+0.25,984, they,0,24.9493,-0.25025,-4.99385,they hatch. They are the only species
md_full,398,Male seahorses carry the eggs of the young until,-70.1255,-0.25,984, they,0,14.9616,0.25025,4.99384,they hatch.  The male seahorse
md_full,398,Male seahorses carry the eggs of the young until,140.251,+0.50,984, they,0,29.9431,-0.5005,-9.9877,they hatch. They are often referred to
md_full,398,Male seahorses carry the eggs of the young until,-140.251,-0.50,109,\n\n,0,9.96774,0.5005,9.98769,
md_full,398,Male seahorses carry the eggs of the young until,280.502,+1.00,984, they,0,39.9308,-1.001,-19.9754,they hatch. They are often their most
md_full,398,Male seahorses carry the eggs of the young until,-280.502,-1.00,109,\n\n,0,-0.0199585,1.001,19.9754,
md_full,398,Male seahorses carry the eggs of the young until,561.004,+2.00,984, they,0,59.9062,-2.002,-39.9508,they hatch. They often Females Females Females
md_full,398,Male seahorses carry the eggs of the young until,-561.004,-2.00,109,\n\n,0,-19.9953,2.002,39.9508,
oracle,4106,A can of Diet Coke can dissolve a nail within four,0,+0.00,2705, days,0,1.74903,0,0,days.  The can is made of
oracle,4106,A can of Diet Coke can dissolve a nail within four,0.237102,+0.25,2705, days,0,1.31134,0.250246,0.437687,days.  The can is made of
oracle,4106,A can of Diet Coke can dissolve a nail within four,-0.237102,-0.25,2705, days,0,2.18671,-0.250246,-0.437687,days.  The can is made of
oracle,4106,A can of Diet Coke can dissolve a nail within four,0.474204,+0.50,2705, days,0,0.873652,0.500493,0.875376,days.  The can is made of
oracle,4106,A can of Diet Coke can dissolve a nail within four,-0.474204,-0.50,2705, days,0,2.6244,-0.500491,-0.875372,days.  The can is made of
oracle,4106,A can of Diet Coke can dissolve a nail within four,0.948407,+1.00,4363, minutes,1,-0.00171852,1.00098,1.75075,minutes.  A can of Diet Coke
oracle,4106,A can of Diet Coke can dissolve a nail within four,-0.948407,-1.00,2705, days,0,3.49977,-1.00098,-1.75075,days.  The can is made of
oracle,4106,A can of Diet Coke can dissolve a nail within four,1.89681,+2.00,4363, minutes,1,-1.75247,2.00197,3.5015,minutes.  A can of Diet Coke
oracle,4106,A can of Diet Coke can dissolve a nail within four,-1.89681,-2.00,2705, days,0,5.25053,-2.00197,-3.5015,days.  The can is made of
md_full,4106,A can of Diet Coke can dissolve a nail within four,0,+0.00,2705, days,0,1.74903,0,0,days.  The can is made of
md_full,4106,A can of Diet Coke can dissolve a nail within four,13.8762,+0.25,2705, days,0,1.31134,0.250247,0.437689,days. The can is 12
md_full,4106,A can of Diet Coke can dissolve a nail within four,-13.8762,-0.25,2705, days,0,2.18671,-0.250246,-0.437687,days.  The can is made of
md_full,4106,A can of Diet Coke can dissolve a nail within four,27.7525,+0.50,2705, days,0,0.873652,0.500493,0.875376,days. The can is filled with carbon
md_full,4106,A can of Diet Coke can dissolve a nail within four,-27.7525,-0.50,2705, days,0,2.6244,-0.500493,-0.875376,days.  The can is made of
md_full,4106,A can of Diet Coke can dissolve a nail within four,55.505,+1.00,4363, minutes,1,-0.00172424,1.00099,1.75075,minutes. The can contains 12
md_full,4106,A can of Diet Coke can dissolve a nail within four,-55.505,-1.00,109,\n\n,0,3.49977,-1.00098,-1.75075,days.  The can is
md_full,4106,A can of Diet Coke can dissolve a nail within four,111.01,+2.00,4363, minutes,1,-1.75247,2.00197,3.5015,minutes. The can contains about 1
md_full,4106,A can of Diet Coke can dissolve a nail within four,-111.01,-2.00,109,\n\n,0,5.25053,-2.00197,-3.5015,
jtw_legacy,4106,A can of Diet Coke can dissolve a nail within four,0,+0.00,2705, days,0,1.74903,0,0,days.  The can is made of
jtw_legacy,4106,A can of Diet Coke can dissolve a nail within four,0.237102,+0.25,2705, days,0,1.75527,-0.00357036,-0.00624466,days.  The can is made of
jtw_legacy,4106,A can of Diet Coke can dissolve a nail within four,-0.237102,-0.25,2705, days,0,1.74278,0.00357254,0.00624847,days.  The can is made of
jtw_legacy,4106,A can of Diet Coke can dissolve a nail within four,0.474204,+0.50,2705, days,0,1.76152,-0.0071429,-0.0124931,days.  The can is made of
jtw_legacy,4106,A can of Diet Coke can dissolve a nail within four,-0.474204,-0.50,2705, days,0,1.73653,0.00714508,0.0124969,days.  The can is made of
jtw_legacy,4106,A can of Diet Coke can dissolve a nail within four,0.948407,+1.00,2705, days,0,1.77401,-0.0142858,-0.0249863,days.  The can is made of
jtw_legacy,4106,A can of Diet Coke can dissolve a nail within four,-0.948407,-1.00,2705, days,0,1.72404,0.0142869,0.0249882,days.  The can is made of
jtw_legacy,4106,A can of Diet Coke can dissolve a nail within four,1.89681,+2.00,2705, days,0,1.799,-0.0285716,-0.0499725,days.  The can is made of
jtw_legacy,4106,A can of Diet Coke can dissolve a nail within four,-1.89681,-2.00,2705, days,0,1.69905,0.0285716,0.0499725,days.  The can is made of
oracle,1677,Zebras are chased by Lions when the herd least expects an,0,+0.00,6279, attack,0,7.04823,0,0,attack.  The Lions are the most
oracle,1677,Zebras are chased by Lions when the herd least expects an,0.796992,+0.25,6279, attack,0,5.28442,0.25025,1.76382,attack.  The Lions are the most
oracle,1677,Zebras are chased by Lions when the herd least expects an,-0.796992,-0.25,6279, attack,0,8.81205,-0.25025,-1.76382,attack.  The Lions are the most
oracle,1677,Zebras are chased by Lions when the herd least expects an,1.59398,+0.50,6279, attack,0,3.5206,0.500499,3.52763,attack.  The Lions are the most
oracle,1677,Zebras are chased by Lions when the herd least expects an,-1.59398,-0.50,6279, attack,0,10.5759,-0.5005,-3.52764,attack.  The Lions are the most
oracle,1677,Zebras are chased by Lions when the herd least expects an,3.18797,+1.00,129722, ambush,1,-0.00704193,1.001,7.05527,ambush.  The Lions are the fastest
oracle,1677,Zebras are chased by Lions when the herd least expects an,-3.18797,-1.00,6279, attack,0,14.1035,-1.001,-7.05527,attack.  The Lions are the most
oracle,1677,Zebras are chased by Lions when the herd least expects an,6.37594,+2.00,129722, ambush,1,-7.06231,2.002,14.1105,ambush.  The Lions are the fastest
oracle,1677,Zebras are chased by Lions when the herd least expects an,-6.37594,-2.00,6279, attack,0,21.1588,-2.002,-14.1105,attack.  The Lions are the most
md_full,1677,Zebras are chased by Lions when the herd least expects an,0,+0.00,6279, attack,0,7.04823,0,0,attack.  The Lions are the most
md_full,1677,Zebras are chased by Lions when the herd least expects an,235.603,+0.25,6279, attack,0,8.81205,-0.25025,-1.76382,attack. They are often outnumbered and out
md_full,1677,Zebras are chased by Lions when the herd least expects an,-235.603,-0.25,109,\n\n,0,5.28441,0.25025,1.76382,
md_full,1677,Zebras are chased by Lions when the herd least expects an,471.207,+0.50,6279, attack,0,10.5759,-0.500499,-3.52763,attack. They are their most their most
md_full,1677,Zebras are chased by Lions when the herd least expects an,-471.207,-0.50,109,\n\n,0,3.5206,0.5005,3.52764,
md_full,1677,Zebras are chased by Lions when the herd least expects an,942.413,+1.00,10368, Their,0,14.1035,-1.001,-7.05526,Their Their Their Their Their Their Their Their
md_full,1677,Zebras are chased by Lions when the herd least expects an,-942.413,-1.00,109,\n\n,0,-0.00704193,1.001,7.05527,
md_full,1677,Zebras are chased by Lions when the herd least expects an,1884.83,+2.00,10368, Their,0,21.1588,-2.002,-14.1105,Their Their Their Their Their Their Their Their
md_full,1677,Zebras are chased by Lions when the herd least expects an,-1884.83,-2.00,109,\n\n,0,-7.06231,2.002,14.1105,
jtw_legacy,1677,Zebras are chased by Lions when the herd least expects an,0,+0.00,6279, attack,0,7.04823,0,0,attack.  The Lions are the most
jtw_legacy,1677,Zebras are chased by Lions when the herd least expects an,0.796992,+0.25,6279, attack,0,7.08803,-0.00564608,-0.0397949,attack.  The Lions are the most
jtw_legacy,1677,Zebras are chased by Lions when the herd least expects an,-0.796992,-0.25,6279, attack,0,7.00844,0.00564608,0.0397949,attack.  The Lions are the most
jtw_legacy,1677,Zebras are chased by Lions when the herd least expects an,1.59398,+0.50,6279, attack,0,7.12782,-0.0112919,-0.0795879,attack.  The Lions are the most
jtw_legacy,1677,Zebras are chased by Lions when the herd least expects an,-1.59398,-0.50,6279, attack,0,6.96864,0.0112922,0.0795898,attack.  The Lions are the most
jtw_legacy,1677,Zebras are chased by Lions when the herd least expects an,3.18797,+1.00,6279, attack,0,7.20741,-0.0225841,-0.159178,attack.  The Lions are the most
jtw_legacy,1677,Zebras are chased by Lions when the herd least expects an,-3.18797,-1.00,6279, attack,0,6.88906,0.0225835,0.159174,attack.  The Lions are the most
jtw_legacy,1677,Zebras are chased by Lions when the herd least expects an,6.37594,+2.00,6279, attack,0,7.36658,-0.0451671,-0.318348,attack.  The Lions are the most
jtw_legacy,1677,Zebras are chased by Lions when the herd least expects an,-6.37594,-2.00,6279, attack,0,6.72988,0.0451681,0.318356,attack.  The Lions are the most
oracle,996,Amphibians generally spend about as much time on land as in,0,+0.00,2003, water,0,6.57293,0,0,water. They are often found in moist
oracle,996,Amphibians generally spend about as much time on land as in,0.680778,+0.25,2003, water,0,4.92805,0.25025,1.64487,water. They are the only vertebrates that
oracle,996,Amphibians generally spend about as much time on land as in,-0.680778,-0.25,2003, water,0,8.2178,-0.25025,-1.64487,water. They are often found in moist
oracle,996,Amphibians generally spend about as much time on land as in,1.36156,+0.50,2003, water,0,3.28318,0.5005,3.28975,water. They are the only vertebrates that
oracle,996,Amphibians generally spend about as much time on land as in,-1.36156,-0.50,2003, water,0,9.86268,-0.5005,-3.28975,water. They are often found in moist
oracle,996,Amphibians generally spend about as much time on land as in,2.72311,+1.00,573, the,1,-0.00658035,1.001,6.57951,the water. They are the only vertebrates
oracle,996,Amphibians generally spend about as much time on land as in,-2.72311,-1.00,2003, water,0,13.1524,-1.001,-6.5795,water. They are cold-blooded animals
oracle,996,Amphibians generally spend about as much time on land as in,5.44622,+2.00,573, the,1,-6.58609,2.002,13.159,the water. They are the only vertebrates
oracle,996,Amphibians generally spend about as much time on land as in,-5.44622,-2.00,2003, water,0,19.7319,-2.002,-13.159,water. They are ectothermic animals
md_full,996,Amphibians generally spend about as much time on land as in,0,+0.00,2003, water,0,6.57293,0,0,water. They are often found in moist
md_full,996,Amphibians generally spend about as much time on land as in,146.306,+0.25,2003, water,0,8.21781,-0.25025,-1.64488,water. They are often found in habitats
md_full,996,Amphibians generally spend about as much time on land as in,-146.306,-0.25,109,\n\n,0,4.92805,0.25025,1.64487,
md_full,996,Amphibians generally spend about as much time on land as in,292.612,+0.50,1024, their,0,9.86268,-0.5005,-3.28975,their aquatic habitat. They are often characterized
md_full,996,Amphibians generally spend about as much time on land as in,-292.612,-0.50,109,\n\n,0,3.28317,0.500501,3.28976,
md_full,996,Amphibians generally spend about as much time on land as in,585.223,+1.00,1024, their,0,13.1524,-1.001,-6.57951,their Their Their Their Their Their Their Their
md_full,996,Amphibians generally spend about as much time on land as in,-585.223,-1.00,109,\n\n,0,-0.00658417,1.001,6.57951,
md_full,996,Amphibians generally spend about as much time on land as in,1170.45,+2.00,10368, Their,0,19.732,-2.002,-13.159,Their Their Their Their Their Their Their Their
md_full,996,Amphibians generally spend about as much time on land as in,-1170.45,-2.00,109,\n\n,0,-6.58609,2.002,13.159,
oracle,3699,Being tickled by a feather is scientifically proven to be one of the most ticklish sensations,0,+0.00,235265,.,0,2.51035,0,0,.  The feather tickles the skin
oracle,3699,Being tickled by a feather is scientifically proven to be one of the most ticklish sensations,0.348187,+0.25,235265,.,0,1.88213,0.25025,0.628216,.  The feather tickles the skin
oracle,3699,Being tickled by a feather is scientifically proven to be one of the most ticklish sensations,-0.348187,-0.25,235265,.,0,3.13858,-0.250255,-0.628227,.  The feather tickles the skin
oracle,3699,Being tickled by a feather is scientifically proven to be one of the most ticklish sensations,0.696374,+0.50,235265,.,0,1.25392,0.500501,1.25643,.  The feather tickles the skin
oracle,3699,Being tickled by a feather is scientifically proven to be one of the most ticklish sensations,-0.696374,-0.50,235265,.,0,3.76679,-0.500505,-1.25644,.  The feather tickles the skin
oracle,3699,Being tickled by a feather is scientifically proven to be one of the most ticklish sensations,1.39275,+1.00,575, in,1,-0.0025177,1.001,2.51287,in the world.  But what if
oracle,3699,Being tickled by a feather is scientifically proven to be one of the most ticklish sensations,-1.39275,-1.00,235265,.,0,5.02322,-1.00101,-2.51287,.  The feather tickles the skin
oracle,3699,Being tickled by a feather is scientifically proven to be one of the most ticklish sensations,2.7855,+2.00,575, in,1,-2.51539,2.00201,5.02574,in the world.  But what if
oracle,3699,Being tickled by a feather is scientifically proven to be one of the most ticklish sensations,-2.7855,-2.00,235265,.,0,7.5361,-2.00201,-5.02575,.  The feather tickles the skin
md_full,3699,Being tickled by a feather is scientifically proven to be one of the most ticklish sensations,0,+0.00,235265,.,0,2.51035,0,0,.  The feather tickles the skin
md_full,3699,Being tickled by a feather is scientifically proven to be one of the most ticklish sensations,68.6861,+0.25,235265,.,0,3.13857,-0.250253,-0.628223,. It’s a feeling that’
md_full,3699,Being tickled by a feather is scientifically proven to be one of the most ticklish sensations,-68.6861,-0.25,235265,.,0,1.88213,0.25025,0.628216,.  The feather tickles the skin
md_full,3699,Being tickled by a feather is scientifically proven to be one of the most ticklish sensations,137.372,+0.50,235265,.,0,3.76679,-0.500505,-1.25644,. It’s a feeling that’
md_full,3699,Being tickled by a feather is scientifically proven to be one of the most ticklish sensations,-137.372,-0.50,109,\n\n,0,1.25392,0.500501,1.25643,The
md_full,3699,Being tickled by a feather is scientifically proven to be one of the most ticklish sensations,274.744,+1.00,235265,.,0,5.02322,-1.00101,-2.51287,. They are often compared to their most
md_full,3699,Being tickled by a feather is scientifically proven to be one of the most ticklish sensations,-274.744,-1.00,109,\n\n,0,-0.00251389,1.001,2.51286,
md_full,3699,Being tickled by a feather is scientifically proven to be one of the most ticklish sensations,549.489,+2.00,235269,",",0,7.5361,-2.00201,-5.02575,", but some females are their their their"
md_full,3699,Being tickled by a feather is scientifically proven to be one of the most ticklish sensations,-549.489,-2.00,109,\n\n,0,-2.51538,2.00201,5.02573,
jtw_legacy,3699,Being tickled by a feather is scientifically proven to be one of the most ticklish sensations,0,+0.00,235265,.,0,2.51035,0,0,.  The feather tickles the skin
jtw_legacy,3699,Being tickled by a feather is scientifically proven to be one of the most ticklish sensations,0.348187,+0.25,235265,.,0,2.47307,0.0148494,0.0372772,.  The feather tickles the skin
jtw_legacy,3699,Being tickled by a feather is scientifically proven to be one of the most ticklish sensations,-0.348187,-0.25,235265,.,0,2.54763,-0.0148525,-0.0372849,.  The feather tickles the skin
jtw_legacy,3699,Being tickled by a feather is scientifically proven to be one of the most ticklish sensations,0.696374,+0.50,235265,.,0,2.43579,0.0297004,0.0745583,.  The feather tickles the skin
jtw_legacy,3699,Being tickled by a feather is scientifically proven to be one of the most ticklish sensations,-0.696374,-0.50,235265,.,0,2.58491,-0.0297004,-0.0745583,.  The feather tickles the skin
jtw_legacy,3699,Being tickled by a feather is scientifically proven to be one of the most ticklish sensations,1.39275,+1.00,235265,.,0,2.36124,0.0593992,0.149113,.  The feather tickles the skin
jtw_legacy,3699,Being tickled by a feather is scientifically proven to be one of the most ticklish sensations,-1.39275,-1.00,235265,.,0,2.65947,-0.0594022,-0.14912,.  The feather tickles the skin
jtw_legacy,3699,Being tickled by a feather is scientifically proven to be one of the most ticklish sensations,2.7855,+2.00,235265,.,0,2.21212,0.118801,0.298233,.  The feather tickles the skin
jtw_legacy,3699,Being tickled by a feather is scientifically proven to be one of the most ticklish sensations,-2.7855,-2.00,235265,.,0,2.80859,-0.118803,-0.298237,.  The feather tickles the skin
oracle,4015,"Lee Harvey Oswald, the Kennedy assassin, briefly managed a branch of",0,+0.00,573, the,0,2.47526,0,0,the Texas Department of Public Safety.
oracle,4015,"Lee Harvey Oswald, the Kennedy assassin, briefly managed a branch of",0.417981,+0.25,573, the,0,1.85583,0.250251,0.619436,the Texas Department of Public Safety.
oracle,4015,"Lee Harvey Oswald, the Kennedy assassin, briefly managed a branch of",-0.417981,-0.25,573, the,0,3.09469,-0.250249,-0.619432,the Texas Department of Public Safety.
oracle,4015,"Lee Harvey Oswald, the Kennedy assassin, briefly managed a branch of",0.835962,+0.50,573, the,0,1.23639,0.500501,1.23887,the Texas Department of Public Safety.
oracle,4015,"Lee Harvey Oswald, the Kennedy assassin, briefly managed a branch of",-0.835962,-0.50,573, the,0,3.71413,-0.500501,-1.23887,the Texas Department of Public Safety.
oracle,4015,"Lee Harvey Oswald, the Kennedy assassin, briefly managed a branch of",1.67192,+1.00,476, a,1,-0.00247955,1.001,2.47774,a Dallas grocery chain.  The chain
oracle,4015,"Lee Harvey Oswald, the Kennedy assassin, briefly managed a branch of",-1.67192,-1.00,573, the,0,4.953,-1.001,-2.47774,the Texas Department of Public Safety.
oracle,4015,"Lee Harvey Oswald, the Kennedy assassin, briefly managed a branch of",3.34385,+2.00,476, a,1,-2.48022,2.002,4.95548,a Dallas grocery chain.  The chain
oracle,4015,"Lee Harvey Oswald, the Kennedy assassin, briefly managed a branch of",-3.34385,-2.00,573, the,0,7.43074,-2.002,-4.95548,the Texas Department of Public Safety.
md_full,4015,"Lee Harvey Oswald, the Kennedy assassin, briefly managed a branch of",0,+0.00,573, the,0,2.47526,0,0,the Texas Department of Public Safety.
md_full,4015,"Lee Harvey Oswald, the Kennedy assassin, briefly managed a branch of",23.3026,+0.25,573, the,0,1.85583,0.250251,0.619436,the Texas Rangers.  The Rangers were
md_full,4015,"Lee Harvey Oswald, the Kennedy assassin, briefly managed a branch of",-23.3026,-0.25,573, the,0,3.0947,-0.25025,-0.619434,the Dallas Police Department.  He was
md_full,4015,"Lee Harvey Oswald, the Kennedy assassin, briefly managed a branch of",46.6053,+0.50,573, the,0,1.23639,0.500502,1.23887,the Marine Corps Supply Depot in New Orleans
md_full,4015,"Lee Harvey Oswald, the Kennedy assassin, briefly managed a branch of",-46.6053,-0.50,573, the,0,3.71413,-0.500501,-1.23887,the Dallas Police Department.  He was
md_full,4015,"Lee Harvey Oswald, the Kennedy assassin, briefly managed a branch of",93.2106,+1.00,476, a,1,-0.00247955,1.001,2.47774,"a small, independent, family-owned"
md_full,4015,"Lee Harvey Oswald, the Kennedy assassin, briefly managed a branch of",-93.2106,-1.00,109,\n\n,0,4.953,-1.001,-2.47774,He  He  He  He
md_full,4015,"Lee Harvey Oswald, the Kennedy assassin, briefly managed a branch of",186.421,+2.00,476, a,1,-2.48022,2.002,4.95548,"a large, independent, and highly secretive"
md_full,4015,"Lee Harvey Oswald, the Kennedy assassin, briefly managed a branch of",-186.421,-2.00,109,\n\n,0,7.43074,-2.002,-4.95548,
jtw_legacy,4015,"Lee Harvey Oswald, the Kennedy assassin, briefly managed a branch of",0,+0.00,573, the,0,2.47526,0,0,the Texas Department of Public Safety.
jtw_legacy,4015,"Lee Harvey Oswald, the Kennedy assassin, briefly managed a branch of",0.417981,+0.25,573, the,0,2.48977,-0.00586091,-0.0145073,the Texas Department of Public Safety.
jtw_legacy,4015,"Lee Harvey Oswald, the Kennedy assassin, briefly managed a branch of",-0.417981,-0.25,573, the,0,2.46075,0.00586168,0.0145092,the Texas Department of Public Safety.
jtw_legacy,4015,"Lee Harvey Oswald, the Kennedy assassin, briefly managed a branch of",0.835962,+0.50,573, the,0,2.50428,-0.0117226,-0.0290165,the Texas Department of Public Safety.
jtw_legacy,4015,"Lee Harvey Oswald, the Kennedy assassin, briefly managed a branch of",-0.835962,-0.50,573, the,0,2.44624,0.0117234,0.0290184,the Texas Department of Public Safety.
jtw_legacy,4015,"Lee Harvey Oswald, the Kennedy assassin, briefly managed a branch of",1.67192,+1.00,573, the,0,2.53329,-0.0234444,-0.0580311,the Texas Department of Public Safety.
jtw_legacy,4015,"Lee Harvey Oswald, the Kennedy assassin, briefly managed a branch of",-1.67192,-1.00,573, the,0,2.41723,0.0234452,0.058033,the Texas Department of Public Safety.
jtw_legacy,4015,"Lee Harvey Oswald, the Kennedy assassin, briefly managed a branch of",3.34385,+2.00,573, the,0,2.59132,-0.0468888,-0.116062,the Dallas Police Department.  The Dallas
jtw_legacy,4015,"Lee Harvey Oswald, the Kennedy assassin, briefly managed a branch of",-3.34385,-2.00,573, the,0,2.3592,0.0468904,0.116066,the Texas Department of Public Safety.
oracle,1048,A baby beaver's teeth are already growing in before its,0,+0.00,5951, birth,0,1.66247,0,0,"birth, according to a new study."
oracle,1048,A baby beaver's teeth are already growing in before its,0.175884,+0.25,5951, birth,0,1.24644,0.250249,0.416031,"birth, according to a new study."
oracle,1048,A baby beaver's teeth are already growing in before its,-0.175884,-0.25,5951, birth,0,2.0785,-0.250251,-0.416035,"birth, according to a new study."
oracle,1048,A baby beaver's teeth are already growing in before its,0.351767,+0.50,5951, birth,0,0.830399,0.500503,0.832069,"birth, according to a new study."
oracle,1048,A baby beaver's teeth are already growing in before its,-0.351767,-0.50,5951, birth,0,2.49453,-0.5005,-0.832066,"birth, according to a new study."
oracle,1048,A baby beaver's teeth are already growing in before its,0.703534,+1.00,4628, eyes,1,-0.00166702,1.001,1.66413,eyes are even open.  The tiny
oracle,1048,A baby beaver's teeth are already growing in before its,-0.703534,-1.00,5951, birth,0,3.3266,-1.001,-1.66413,"birth, according to a new study."
oracle,1048,A baby beaver's teeth are already growing in before its,1.40707,+2.00,4628, eyes,1,-1.6658,2.00201,3.32827,eyes are even open.  The tiny
oracle,1048,A baby beaver's teeth are already growing in before its,-1.40707,-2.00,5951, birth,0,4.99074,-2.00201,-3.32827,"birth, according to a new study."
md_full,1048,A baby beaver's teeth are already growing in before its,0,+0.00,5951, birth,0,1.66247,0,0,"birth, according to a new study."
md_full,1048,A baby beaver's teeth are already growing in before its,8.2504,+0.25,5951, birth,0,2.0785,-0.250251,-0.416035,"birth, according to a new study."
md_full,1048,A baby beaver's teeth are already growing in before its,-8.2504,-0.25,5951, birth,0,1.24644,0.250249,0.416031,"birth, according to a new study."
md_full,1048,A baby beaver's teeth are already growing in before its,16.5008,+0.50,5951, birth,0,2.49454,-0.500501,-0.832067,"birth, according to a new study."
md_full,1048,A baby beaver's teeth are already growing in before its,-16.5008,-0.50,5951, birth,0,0.830402,0.5005,0.832066,"birth, according to a new study."
md_full,1048,A baby beaver's teeth are already growing in before its,33.0016,+1.00,5951, birth,0,3.3266,-1.001,-1.66414,"birth, according to a new study."
md_full,1048,A baby beaver's teeth are already growing in before its,-33.0016,-1.00,4628, eyes,1,-0.00167084,1.00101,1.66414,eyes are even open.  The tiny
md_full,1048,A baby beaver's teeth are already growing in before its,66.0032,+2.00,5951, birth,0,4.99074,-2.00201,-3.32827,"birth, a new study has found."
md_full,1048,A baby beaver's teeth are already growing in before its,-66.0032,-2.00,109,\n\n,0,-1.6658,2.00201,3.32827,The  The  The  The
oracle,4345,Emu farmers pluck the feathers from emu,0,+0.00,80526, chicks,0,2.83804,0,0,chicks to make a product called emu down
oracle,4345,Emu farmers pluck the feathers from emu,0.345631,+0.25,80526, chicks,0,2.12782,0.25025,0.71022,chicks to make a product called emu down
oracle,4345,Emu farmers pluck the feathers from emu,-0.345631,-0.25,80526, chicks,0,3.54826,-0.25025,-0.71022,chicks to make a product called emu down
oracle,4345,Emu farmers pluck the feathers from emu,0.691263,+0.50,80526, chicks,0,1.41759,0.500502,1.42044,chicks to make a product called emu down
oracle,4345,Emu farmers pluck the feathers from emu,-0.691263,-0.50,80526, chicks,0,4.25848,-0.500502,-1.42044,chicks to make a product called emu down
oracle,4345,Emu farmers pluck the feathers from emu,1.38253,+1.00,12776, eggs,1,-0.00285149,1.001,2.84089,eggs to make a product called emu oil
oracle,4345,Emu farmers pluck the feathers from emu,-1.38253,-1.00,80526, chicks,0,5.67893,-1.00101,-2.84089,chicks to sell to the fashion industry.
oracle,4345,Emu farmers pluck the feathers from emu,2.76505,+2.00,12776, eggs,1,-2.84375,2.00201,5.68179,eggs to make a product called emu oil
oracle,4345,Emu farmers pluck the feathers from emu,-2.76505,-2.00,80526, chicks,0,8.51982,-2.00201,-5.68179,chicks to sell to the fashion industry.
md_full,4345,Emu farmers pluck the feathers from emu,0,+0.00,80526, chicks,0,2.83804,0,0,chicks to make a product called emu down
md_full,4345,Emu farmers pluck the feathers from emu,147.184,+0.25,235269,",",0,2.12782,0.250252,0.710224,", which are then used to make a"
md_full,4345,Emu farmers pluck the feathers from emu,-147.184,-0.25,109,\n\n,0,3.54826,-0.25025,-0.71022,
md_full,4345,Emu farmers pluck the feathers from emu,294.368,+0.50,1024, their,0,1.41759,0.500502,1.42045,their their their their their their their their
md_full,4345,Emu farmers pluck the feathers from emu,-294.368,-0.50,109,\n\n,0,4.25848,-0.500502,-1.42044,
md_full,4345,Emu farmers pluck the feathers from emu,588.736,+1.00,1024, their,0,-0.00285554,1.00101,2.84089,their their their their their their their their
md_full,4345,Emu farmers pluck the feathers from emu,-588.736,-1.00,109,\n\n,0,5.67893,-1.001,-2.84089,
md_full,4345,Emu farmers pluck the feathers from emu,1177.47,+2.00,10368, Their,0,-2.84374,2.00201,5.68178,Their Their Their Their Their Their Their Their
md_full,4345,Emu farmers pluck the feathers from emu,-1177.47,-2.00,109,\n\n,0,8.51981,-2.00201,-5.68177,
oracle,4087,Santa Claus is,0,+0.00,5163, coming,0,13.1877,0,0,coming to town!  The 2
oracle,4087,Santa Claus is,2.94318,+0.25,5163, coming,0,9.88747,0.25025,3.30022,coming to town!  The jolly old
oracle,4087,Santa Claus is,-2.94318,-0.25,5163, coming,0,16.4879,-0.25025,-3.30022,coming to town!  The 2
oracle,4087,Santa Claus is,5.88636,+0.50,5163, coming,0,6.58725,0.5005,6.60044,coming to town!  The jolly old
oracle,4087,Santa Claus is,-5.88636,-0.50,5163, coming,0,19.7881,-0.500501,-6.60044,coming to town!  The 2
oracle,4087,Santa Claus is,11.7727,+1.00,40865, Coming,1,-0.0131912,1.001,13.2009,Coming To Town!  Santa Claus is
oracle,4087,Santa Claus is,-11.7727,-1.00,5163, coming,0,26.3886,-1.001,-13.2009,"coming to town, and he’s"
oracle,4087,Santa Claus is,23.5455,+2.00,40865, Coming,1,-13.2141,2.002,26.4018,Coming Theſe Theſe Theſe Theſe Theſe Theſe Theſe
oracle,4087,Santa Claus is,-23.5455,-2.00,5163, coming,0,39.5894,-2.002,-26.4018,coming to the 2016
md_full,4087,Santa Claus is,0,+0.00,5163, coming,0,13.1877,0,0,coming to town!  The 2
md_full,4087,Santa Claus is,374.635,+0.25,5163, coming,0,9.88746,0.25025,3.30022,coming to their their their their their their
md_full,4087,Santa Claus is,-374.635,-0.25,109,\n\n,0,16.4879,-0.250251,-3.30022,
md_full,4087,Santa Claus is,749.271,+0.50,10368, Their,0,6.58725,0.5005,6.60044,Their Their Their Their Their Their Their Their
md_full,4087,Santa Claus is,-749.271,-0.50,109,\n\n,0,19.7881,-0.5005,-6.60044,
md_full,4087,Santa Claus is,1498.54,+1.00,87936,GraphicsUnit,0,-0.0131855,1.001,13.2009,GraphicsUnitGraphicsUnitGraphicsUnitGraphicsUnitGraphicsUnitGraphicsUnitGraphicsUnitGraphicsUnit
md_full,4087,Santa Claus is,-1498.54,-1.00,109,\n\n,0,26.3886,-1.001,-13.2009,
md_full,4087,Santa Claus is,2997.08,+2.00,87936,GraphicsUnit,0,-13.2141,2.002,26.4018,GraphicsUnitGraphicsUnitGraphicsUnitGraphicsUnitGraphicsUnitGraphicsUnitGraphicsUnitGraphicsUnit
md_full,4087,Santa Claus is,-2997.08,-2.00,108,\n,0,39.5894,-2.002,-26.4018,
oracle,3927,Music can actually degrade a person’s ability to think,0,+0.00,235269,",",0,0.475197,0,0,", according to a new study."
oracle,3927,Music can actually degrade a person’s ability to think,0.0810182,+0.25,235269,",",0,0.356277,0.250253,0.118919,", according to a new study."
oracle,3927,Music can actually degrade a person’s ability to think,-0.0810182,-0.25,235269,",",0,0.594116,-0.250253,-0.118919,", according to a new study."
oracle,3927,Music can actually degrade a person’s ability to think,0.162036,+0.50,235269,",",0,0.237354,0.500514,0.237843,", according to a new study."
oracle,3927,Music can actually degrade a person’s ability to think,-0.162036,-0.50,235269,",",0,0.713036,-0.500506,-0.237839,", according to a new study."
oracle,3927,Music can actually degrade a person’s ability to think,0.324073,+1.00,235265,.,1,-0.000488281,1.00103,0.475685,.  That’s the conclusion of
oracle,3927,Music can actually degrade a person’s ability to think,-0.324073,-1.00,235269,",",0,0.950878,-1.00102,-0.475681,", according to a new study."
oracle,3927,Music can actually degrade a person’s ability to think,0.648146,+2.00,235265,.,1,-0.476166,2.00204,0.951363,.  That’s the conclusion of
oracle,3927,Music can actually degrade a person’s ability to think,-0.648146,-2.00,235269,",",0,1.42655,-2.00202,-0.951355,", according to a new study."
md_full,3927,Music can actually degrade a person’s ability to think,0,+0.00,235269,",",0,0.475197,0,0,", according to a new study."
md_full,3927,Music can actually degrade a person’s ability to think,6.8134,+0.25,235269,",",0,0.59412,-0.250261,-0.118923,", according to a new study."
md_full,3927,Music can actually degrade a person’s ability to think,-6.8134,-0.25,235269,",",0,0.356281,0.250245,0.118916,", according to a new study."
md_full,3927,Music can actually degrade a person’s ability to think,13.6268,+0.50,235269,",",0,0.713039,-0.500514,-0.237843,", according to a new study."
md_full,3927,Music can actually degrade a person’s ability to think,-13.6268,-0.50,235269,",",0,0.237358,0.500506,0.237839,", according to a new study."
md_full,3927,Music can actually degrade a person’s ability to think,27.2536,+1.00,235269,",",0,0.950882,-1.00103,-0.475685,", according to a new study."
md_full,3927,Music can actually degrade a person’s ability to think,-27.2536,-1.00,8886, clearly,0,-0.000476837,1.001,0.475674,"clearly, according to a new study."
md_full,3927,Music can actually degrade a person’s ability to think,54.5072,+2.00,235269,",",0,1.42655,-2.00202,-0.951355,", according to a new study."
md_full,3927,Music can actually degrade a person’s ability to think,-54.5072,-2.00,109,\n\n,0,-0.476166,2.00204,0.951363,[  Music can actually  de
oracle,4423,Wind turbines don't actually capture very much kinetic energy from the,0,+0.00,6785, wind,0,8.55746,0,0,wind. The energy is converted to mechanical
oracle,4423,Wind turbines don't actually capture very much kinetic energy from the,0.972745,+0.25,6785, wind,0,6.41595,0.25025,2.14151,wind. The energy is converted to mechanical
oracle,4423,Wind turbines don't actually capture very much kinetic energy from the,-0.972745,-0.25,6785, wind,0,10.699,-0.25025,-2.1415,wind. The wind is moving at
oracle,4423,Wind turbines don't actually capture very much kinetic energy from the,1.94549,+0.50,6785, wind,0,4.27445,0.5005,4.28301,wind. The energy is converted to mechanical
oracle,4423,Wind turbines don't actually capture very much kinetic energy from the,-1.94549,-0.50,6785, wind,0,12.8405,-0.5005,-4.28301,wind. The wind is moving at
oracle,4423,Wind turbines don't actually capture very much kinetic energy from the,3.89098,+1.00,2681, air,1,-0.00856781,1.001,8.56603,air. The energy is converted to electrical
oracle,4423,Wind turbines don't actually capture very much kinetic energy from the,-3.89098,-1.00,6785, wind,0,17.1235,-1.001,-8.56602,wind. The wind blows past the blades
oracle,4423,Wind turbines don't actually capture very much kinetic energy from the,7.78196,+2.00,2681, air,1,-8.57458,2.002,17.132,air. The air is moving at
oracle,4423,Wind turbines don't actually capture very much kinetic energy from the,-7.78196,-2.00,6785, wind,0,25.6895,-2.002,-17.132,wind. Wind turbines are designed to capture
md_full,4423,Wind turbines don't actually capture very much kinetic energy from the,0,+0.00,6785, wind,0,8.55746,0,0,wind. The energy is converted to mechanical
md_full,4423,Wind turbines don't actually capture very much kinetic energy from the,105.153,+0.25,6785, wind,0,6.41595,0.25025,2.14151,wind. They capture about 10
md_full,4423,Wind turbines don't actually capture very much kinetic energy from the,-105.153,-0.25,6785, wind,0,10.699,-0.25025,-2.1415,wind.  The wind  The wind
md_full,4423,Wind turbines don't actually capture very much kinetic energy from the,210.306,+0.50,25313, varying,0,4.27445,0.500501,4.28301,"varying, but relatively small, differences in"
md_full,4423,Wind turbines don't actually capture very much kinetic energy from the,-210.306,-0.50,109,\n\n,0,12.8405,-0.5005,-4.28301,
md_full,4423,Wind turbines don't actually capture very much kinetic energy from the,420.612,+1.00,25313, varying,0,-0.00856066,1.001,8.56602,varying their their their their their their their
md_full,4423,Wind turbines don't actually capture very much kinetic energy from the,-420.612,-1.00,109,\n\n,0,17.1235,-1.001,-8.56601,
md_full,4423,Wind turbines don't actually capture very much kinetic energy from the,841.224,+2.00,10368, Their,0,-8.57458,2.002,17.132,Their Their Their Their Their Their Their Their
md_full,4423,Wind turbines don't actually capture very much kinetic energy from the,-841.224,-2.00,109,\n\n,0,25.6895,-2.002,-17.132,
oracle,617,The Grand Canyon is located in,0,+0.00,573, the,0,0.734272,0,0,"the state of Arizona, in the United"
oracle,617,The Grand Canyon is located in,0.0692434,+0.25,573, the,0,0.550514,0.250258,0.183758,"the state of Arizona, in the United"
oracle,617,The Grand Canyon is located in,-0.0692434,-0.25,573, the,0,0.918018,-0.250243,-0.183746,"the state of Arizona, in the United"
oracle,617,The Grand Canyon is located in,0.138487,+0.50,573, the,0,0.366768,0.500501,0.367504,"the state of Arizona, United States."
oracle,617,The Grand Canyon is located in,-0.138487,-0.50,573, the,0,1.10176,-0.500486,-0.367493,"the state of Arizona, in the United"
oracle,617,The Grand Canyon is located in,0.276974,+1.00,21823, Arizona,1,-0.000736237,1.001,0.735008,"Arizona, USA. It is a natural"
oracle,617,The Grand Canyon is located in,-0.276974,-1.00,573, the,0,1.46926,-1.00098,-0.734993,"the state of Arizona, in the United"
oracle,617,The Grand Canyon is located in,0.553947,+2.00,21823, Arizona,1,-0.735733,2.00199,1.47001,"Arizona, USA. It is a natural"
oracle,617,The Grand Canyon is located in,-0.553947,-2.00,573, the,0,2.20427,-2.00198,-1.47,"the state of Arizona, in the United"
md_full,617,The Grand Canyon is located in,0,+0.00,573, the,0,0.734272,0,0,"the state of Arizona, in the United"
md_full,617,The Grand Canyon is located in,11.1332,+0.25,573, the,0,0.550514,0.250258,0.183758,"the state of Arizona, in the United"
md_full,617,The Grand Canyon is located in,-11.1332,-0.25,573, the,0,0.918018,-0.250243,-0.183746,"the state of Arizona, United States."
md_full,617,The Grand Canyon is located in,22.2663,+0.50,573, the,0,0.366768,0.500501,0.367504,"the state of Arizona, in the United"
md_full,617,The Grand Canyon is located in,-22.2663,-0.50,573, the,0,1.10176,-0.500486,-0.367493,"the state of Arizona, United States."
md_full,617,The Grand Canyon is located in,44.5326,+1.00,21823, Arizona,1,-0.000732422,1.001,0.735004,"Arizona, USA. It is a natural"
md_full,617,The Grand Canyon is located in,-44.5326,-1.00,573, the,0,1.46927,-1.00099,-0.734997,the state  The Grand  Canyon
md_full,617,The Grand Canyon is located in,89.0653,+2.00,21823, Arizona,1,-0.735741,2.002,1.47001,"Arizona, and it is one of the"
md_full,617,The Grand Canyon is located in,-89.0653,-2.00,109,\n\n,0,2.20427,-2.00198,-1.47,The Grand  Canyon  The
jtw_legacy,617,The Grand Canyon is located in,0,+0.00,573, the,0,0.734272,0,0,"the state of Arizona, in the United"
jtw_legacy,617,The Grand Canyon is located in,0.0692434,+0.25,573, the,0,0.737064,-0.00380289,-0.00279236,"the state of Arizona, in the United"
jtw_legacy,617,The Grand Canyon is located in,-0.0692434,-0.25,573, the,0,0.731468,0.00381848,0.0028038,"the state of Arizona, in the United"
jtw_legacy,617,The Grand Canyon is located in,0.138487,+0.50,573, the,0,0.739861,-0.00761098,-0.00558853,"the state of Arizona, in the United"
jtw_legacy,617,The Grand Canyon is located in,-0.138487,-0.50,573, the,0,0.728672,0.00762657,0.00559998,"the state of Arizona, in the United"
jtw_legacy,617,The Grand Canyon is located in,0.276974,+1.00,573, the,0,0.745461,-0.0152376,-0.0111885,"the state of Arizona, in the United"
jtw_legacy,617,The Grand Canyon is located in,-0.276974,-1.00,573, the,0,0.723076,0.0152479,0.0111961,"the state of Arizona, in the United"
jtw_legacy,617,The Grand Canyon is located in,0.553947,+2.00,573, the,0,0.756649,-0.0304751,-0.022377,"the state of Arizona, in the United"
jtw_legacy,617,The Grand Canyon is located in,-0.553947,-2.00,573, the,0,0.711887,0.0304855,0.0223846,"the state of Arizona, in the United"
oracle,2766,"In some languages, the syllable ‘ma’ has the power to calm crying",0,+0.00,25675, babies,0,4.65372,0,0,"babies. In others, it’s"
oracle,2766,"In some languages, the syllable ‘ma’ has the power to calm crying",0.637707,+0.25,25675, babies,0,3.48912,0.250252,1.1646,"babies. In others, it’s"
oracle,2766,"In some languages, the syllable ‘ma’ has the power to calm crying",-0.637707,-0.25,25675, babies,0,5.81831,-0.25025,-1.16459,"babies. In others, it’s"
oracle,2766,"In some languages, the syllable ‘ma’ has the power to calm crying",1.27541,+0.50,25675, babies,0,2.32453,0.5005,2.32919,"babies. In others, it’s"
oracle,2766,"In some languages, the syllable ‘ma’ has the power to calm crying",-1.27541,-0.50,25675, babies,0,6.9829,-0.500499,-2.32918,"babies. In others, it’s"
oracle,2766,"In some languages, the syllable ‘ma’ has the power to calm crying",2.55083,+1.00,3069, children,1,-0.00466156,1.001,4.65838,"children, and the syllable ‘ma’"
oracle,2766,"In some languages, the syllable ‘ma’ has the power to calm crying",-2.55083,-1.00,25675, babies,0,9.31209,-1.001,-4.65837,"babies. In others, it’s"
oracle,2766,"In some languages, the syllable ‘ma’ has the power to calm crying",5.10166,+2.00,3069, children,1,-4.66303,2.002,9.31675,"children, and the syllable ‘ma’"
oracle,2766,"In some languages, the syllable ‘ma’ has the power to calm crying",-5.10166,-2.00,25675, babies,0,13.9705,-2.002,-9.31675,"babies. In others, it’s"
md_full,2766,"In some languages, the syllable ‘ma’ has the power to calm crying",0,+0.00,25675, babies,0,4.65372,0,0,"babies. In others, it’s"
md_full,2766,"In some languages, the syllable ‘ma’ has the power to calm crying",18.0293,+0.25,25675, babies,0,5.81831,-0.250249,-1.16459,"babies. In others, it’s"
md_full,2766,"In some languages, the syllable ‘ma’ has the power to calm crying",-18.0293,-0.25,25675, babies,0,3.48912,0.250251,1.1646,"babies. In others, it is the"
md_full,2766,"In some languages, the syllable ‘ma’ has the power to calm crying",36.0586,+0.50,25675, babies,0,6.9829,-0.500499,-2.32918,"babies. In others, it’s"
md_full,2766,"In some languages, the syllable ‘ma’ has the power to calm crying",-36.0586,-0.50,25675, babies,0,2.32453,0.500501,2.32919,"babies.  In the UK, the"
md_full,2766,"In some languages, the syllable ‘ma’ has the power to calm crying",72.1172,+1.00,25675, babies,0,9.31209,-1.001,-4.65837,"babies. In others, it’s"
md_full,2766,"In some languages, the syllable ‘ma’ has the power to calm crying",-72.1172,-1.00,3069, children,1,-0.00466156,1.001,4.65838,"children, and the sound of the word"
md_full,2766,"In some languages, the syllable ‘ma’ has the power to calm crying",144.234,+2.00,25675, babies,0,13.9705,-2.002,-9.31674,"babies. In some languages, the syllable"
md_full,2766,"In some languages, the syllable ‘ma’ has the power to calm crying",-144.234,-2.00,109,\n\n,0,-4.66304,2.002,9.31675,A
oracle,2919,The hottest chili in the world is the Trinidad Moruga,0,+0.00,133824, Scorpion,0,5.43183,0,0,"Scorpion, which is so hot that it"
oracle,2919,The hottest chili in the world is the Trinidad Moruga,1.06593,+0.25,133824, Scorpion,0,4.07252,0.25025,1.35931,Scorpion. It is so hot that it
oracle,2919,The hottest chili in the world is the Trinidad Moruga,-1.06593,-0.25,133824, Scorpion,0,6.79115,-0.250252,-1.35932,"Scorpion, which is so hot that it"
oracle,2919,The hottest chili in the world is the Trinidad Moruga,2.13186,+0.50,133824, Scorpion,0,2.7132,0.500501,2.71863,Scorpion. It is so hot that it
oracle,2919,The hottest chili in the world is the Trinidad Moruga,-2.13186,-0.50,133824, Scorpion,0,8.15047,-0.500502,-2.71864,"Scorpion, which is so hot that it"
oracle,2919,The hottest chili in the world is the Trinidad Moruga,4.26373,+1.00,115437, scorpion,1,-0.00543594,1.001,5.43727,scorpion. It is so hot that it
oracle,2919,The hottest chili in the world is the Trinidad Moruga,-4.26373,-1.00,133824, Scorpion,0,10.8691,-1.001,-5.43728,"Scorpion, which is so hot that it"
oracle,2919,The hottest chili in the world is the Trinidad Moruga,8.52745,+2.00,115437, scorpion,1,-5.44271,2.002,10.8745,scorpion. It is so hot that it
oracle,2919,The hottest chili in the world is the Trinidad Moruga,-8.52745,-2.00,133824, Scorpion,0,16.3064,-2.002,-10.8745,"Scorpion, which is so hot that it"
md_full,2919,The hottest chili in the world is the Trinidad Moruga,0,+0.00,133824, Scorpion,0,5.43183,0,0,"Scorpion, which is so hot that it"
md_full,2919,The hottest chili in the world is the Trinidad Moruga,173.7,+0.25,235269,",",0,4.07251,0.25025,1.35932,", which is a species of Capsein"
md_full,2919,The hottest chili in the world is the Trinidad Moruga,-173.7,-0.25,109,\n\n,0,6.79115,-0.25025,-1.35932,
md_full,2919,The hottest chili in the world is the Trinidad Moruga,347.4,+0.50,235269,",",0,2.7132,0.5005,2.71863,", which some estimate to weigh in weighing"
md_full,2919,The hottest chili in the world is the Trinidad Moruga,-347.4,-0.50,109,\n\n,0,8.15047,-0.500502,-2.71864,
md_full,2919,The hottest chili in the world is the Trinidad Moruga,694.8,+1.00,10368, Their,0,-0.0054369,1.001,5.43727,Their Their Their Their Their Their Their Their
md_full,2919,The hottest chili in the world is the Trinidad Moruga,-694.8,-1.00,109,\n\n,0,10.8691,-1.001,-5.43727,
md_full,2919,The hottest chili in the world is the Trinidad Moruga,1389.6,+2.00,10368, Their,0,-5.44271,2.002,10.8745,Their Their Their Their Their Their Their Their
md_full,2919,The hottest chili in the world is the Trinidad Moruga,-1389.6,-2.00,109,\n\n,0,16.3064,-2.00201,-10.8746,
oracle,779,NASA astronauts have brought soil and rocks from the moon to,0,+0.00,10379, Earth,0,6.53743,0,0,Earth for the first time in 4
oracle,779,NASA astronauts have brought soil and rocks from the moon to,0.600056,+0.25,10379, Earth,0,4.90144,0.25025,1.63599,Earth for the first time in 4
oracle,779,NASA astronauts have brought soil and rocks from the moon to,-0.600056,-0.25,10379, Earth,0,8.17342,-0.25025,-1.63599,Earth for the first time in 4
oracle,779,NASA astronauts have brought soil and rocks from the moon to,1.20011,+0.50,10379, Earth,0,3.26545,0.5005,3.27199,Earth for the first time in 4
oracle,779,NASA astronauts have brought soil and rocks from the moon to,-1.20011,-0.50,10379, Earth,0,9.80942,-0.5005,-3.27199,Earth for the first time in 4
oracle,779,NASA astronauts have brought soil and rocks from the moon to,2.40022,+1.00,573, the,1,-0.00653839,1.001,6.54397,the International Space Station (ISS) for
oracle,779,NASA astronauts have brought soil and rocks from the moon to,-2.40022,-1.00,10379, Earth,0,13.0814,-1.001,-6.54397,Earth for the first time in 4
oracle,779,NASA astronauts have brought soil and rocks from the moon to,4.80044,+2.00,573, the,1,-6.5505,2.002,13.0879,the International Space Station (ISS) for
oracle,779,NASA astronauts have brought soil and rocks from the moon to,-4.80044,-2.00,10379, Earth,0,19.6254,-2.002,-13.0879,Earth for the first time in decades.
md_full,779,NASA astronauts have brought soil and rocks from the moon to,0,+0.00,10379, Earth,0,6.53743,0,0,Earth for the first time in 4
md_full,779,NASA astronauts have brought soil and rocks from the moon to,60.5323,+0.25,10379, Earth,0,8.17343,-0.25025,-1.63599,Earth for the first time in 4
md_full,779,NASA astronauts have brought soil and rocks from the moon to,-60.5323,-0.25,10379, Earth,0,4.90144,0.25025,1.63599,Earth for the first  time in
md_full,779,NASA astronauts have brought soil and rocks from the moon to,121.065,+0.50,10379, Earth,0,9.80941,-0.500499,-3.27198,Earth for the first time in nearly half
md_full,779,NASA astronauts have brought soil and rocks from the moon to,-121.065,-0.50,109,\n\n,0,3.26545,0.5005,3.27198,
md_full,779,NASA astronauts have brought soil and rocks from the moon to,242.129,+1.00,1024, their,0,13.0814,-1.001,-6.54396,"their home, and they are planning to"
md_full,779,NASA astronauts have brought soil and rocks from the moon to,-242.129,-1.00,109,\n\n,0,-0.00653458,1.001,6.54397,
md_full,779,NASA astronauts have brought soil and rocks from the moon to,484.258,+2.00,1024, their,0,19.6254,-2.002,-13.0879,their captivity Their captivity Their captivity Their captivity
md_full,779,NASA astronauts have brought soil and rocks from the moon to,-484.258,-2.00,109,\n\n,0,-6.5505,2.002,13.0879,
jtw_legacy,779,NASA astronauts have brought soil and rocks from the moon to,0,+0.00,10379, Earth,0,6.53743,0,0,Earth for the first time in 4
jtw_legacy,779,NASA astronauts have brought soil and rocks from the moon to,0.600056,+0.25,10379, Earth,0,6.58458,-0.00721109,-0.047142,Earth for the first time in 4
jtw_legacy,779,NASA astronauts have brought soil and rocks from the moon to,-0.600056,-0.25,10379, Earth,0,6.49029,0.00721167,0.0471458,Earth for the first time in 4
jtw_legacy,779,NASA astronauts have brought soil and rocks from the moon to,1.20011,+0.50,10379, Earth,0,6.63171,-0.0144216,-0.0942802,Earth for the first time in 4
jtw_legacy,779,NASA astronauts have brought soil and rocks from the moon to,-1.20011,-0.50,10379, Earth,0,6.44315,0.0144222,0.0942841,Earth for the first time in 4
jtw_legacy,779,NASA astronauts have brought soil and rocks from the moon to,2.40022,+1.00,10379, Earth,0,6.72599,-0.0288426,-0.188557,Earth for the first time in 4
jtw_legacy,779,NASA astronauts have brought soil and rocks from the moon to,-2.40022,-1.00,10379, Earth,0,6.34887,0.0288432,0.18856,Earth for the first time in 4
jtw_legacy,779,NASA astronauts have brought soil and rocks from the moon to,4.80044,+2.00,10379, Earth,0,6.91456,-0.0576876,-0.377129,Earth for the first time in 4
jtw_legacy,779,NASA astronauts have brought soil and rocks from the moon to,-4.80044,-2.00,10379, Earth,0,6.16031,0.0576876,0.377129,Earth for the first time in 4
oracle,4195,The lowest tuition rates tend to correlate with the lowest post-graduation,0,+0.00,40646, salaries,0,0.641426,0,0,salaries.  The average salary for a
oracle,4195,The lowest tuition rates tend to correlate with the lowest post-graduation,0.0833091,+0.25,40646, salaries,0,0.480907,0.250253,0.160519,salaries.  The average salary for a
oracle,4195,The lowest tuition rates tend to correlate with the lowest post-graduation,-0.0833091,-0.25,40646, salaries,0,0.801949,-0.250259,-0.160522,salaries.  The average salary for a
oracle,4195,The lowest tuition rates tend to correlate with the lowest post-graduation,0.166618,+0.50,40646, salaries,0,0.320393,0.5005,0.321033,salaries.  The average salary for a
oracle,4195,The lowest tuition rates tend to correlate with the lowest post-graduation,-0.166618,-0.50,40646, salaries,0,0.962471,-0.500517,-0.321045,salaries.  The average salary for a
oracle,4195,The lowest tuition rates tend to correlate with the lowest post-graduation,0.333237,+1.00,24261, earnings,1,-0.000652313,1.00102,0.642078,earnings.  The average tuition rate for
oracle,4195,The lowest tuition rates tend to correlate with the lowest post-graduation,-0.333237,-1.00,40646, salaries,0,1.28351,-1.00102,-0.642082,salaries.  The average salary for a
oracle,4195,The lowest tuition rates tend to correlate with the lowest post-graduation,0.666473,+2.00,24261, earnings,1,-0.642731,2.00203,1.28416,earnings.  The average tuition rate for
oracle,4195,The lowest tuition rates tend to correlate with the lowest post-graduation,-0.666473,-2.00,40646, salaries,0,1.92559,-2.00204,-1.28416,salaries.  The average salary for a
md_full,4195,The lowest tuition rates tend to correlate with the lowest post-graduation,0,+0.00,40646, salaries,0,0.641426,0,0,salaries.  The average salary for a
md_full,4195,The lowest tuition rates tend to correlate with the lowest post-graduation,7.92967,+0.25,40646, salaries,0,0.480911,0.250247,0.160515,salaries.  The average salary for a
md_full,4195,The lowest tuition rates tend to correlate with the lowest post-graduation,-7.92967,-0.25,40646, salaries,0,0.801952,-0.250265,-0.160526,salaries.  The average salary for a
md_full,4195,The lowest tuition rates tend to correlate with the lowest post-graduation,15.8593,+0.50,40646, salaries,0,0.320389,0.500506,0.321037,salaries.  The average salary for a
md_full,4195,The lowest tuition rates tend to correlate with the lowest post-graduation,-15.8593,-0.50,40646, salaries,0,0.962471,-0.500517,-0.321045,salaries.  The average salary for a
md_full,4195,The lowest tuition rates tend to correlate with the lowest post-graduation,31.7187,+1.00,24261, earnings,1,-0.000648499,1.00101,0.642075,earnings.  The average tuition rate for
md_full,4195,The lowest tuition rates tend to correlate with the lowest post-graduation,-31.7187,-1.00,40646, salaries,0,1.28352,-1.00103,-0.64209,salaries.  The average salary for a
md_full,4195,The lowest tuition rates tend to correlate with the lowest post-graduation,63.4373,+2.00,24261, earnings,1,-0.642731,2.00203,1.28416,earnings.  The average tuition rate for
md_full,4195,The lowest tuition rates tend to correlate with the lowest post-graduation,-63.4373,-2.00,40646, salaries,0,1.92559,-2.00205,-1.28417,salaries.  The University  The University
jtw_legacy,4195,The lowest tuition rates tend to correlate with the lowest post-graduation,0,+0.00,40646, salaries,0,0.641426,0,0,salaries.  The average salary for a
jtw_legacy,4195,The lowest tuition rates tend to correlate with the lowest post-graduation,0.0833091,+0.25,40646, salaries,0,0.638451,0.00463883,0.00297546,salaries.  The average salary for a
jtw_legacy,4195,The lowest tuition rates tend to correlate with the lowest post-graduation,-0.0833091,-0.25,40646, salaries,0,0.644417,-0.00466261,-0.00299072,salaries.  The average salary for a
jtw_legacy,4195,The lowest tuition rates tend to correlate with the lowest post-graduation,0.166618,+0.50,40646, salaries,0,0.635456,0.00930739,0.00597,salaries.  The average salary for a
jtw_legacy,4195,The lowest tuition rates tend to correlate with the lowest post-graduation,-0.166618,-0.50,40646, salaries,0,0.6474,-0.00931333,-0.00597382,salaries.  The average salary for a
jtw_legacy,4195,The lowest tuition rates tend to correlate with the lowest post-graduation,0.333237,+1.00,40646, salaries,0,0.62949,0.0186088,0.0119362,salaries.  The average salary for a
jtw_legacy,4195,The lowest tuition rates tend to correlate with the lowest post-graduation,-0.333237,-1.00,40646, salaries,0,0.65337,-0.0186207,-0.0119438,salaries.  The average salary for a
jtw_legacy,4195,The lowest tuition rates tend to correlate with the lowest post-graduation,0.666473,+2.00,40646, salaries,0,0.61755,0.0372236,0.0238762,salaries.  The average salary for a
jtw_legacy,4195,The lowest tuition rates tend to correlate with the lowest post-graduation,-0.666473,-2.00,40646, salaries,0,0.665314,-0.0372414,-0.0238876,salaries.  The average salary for a
oracle,1010,The surface of Mars has been studied by rovers sent from,0,+0.00,10379, Earth,0,7.18372,0,0,Earth. The surface is made up of
oracle,1010,The surface of Mars has been studied by rovers sent from,1.76318,+0.25,10379, Earth,0,5.38599,0.25025,1.79773,Earth. The surface is made up of
oracle,1010,The surface of Mars has been studied by rovers sent from,-1.76318,-0.25,10379, Earth,0,8.98145,-0.250251,-1.79773,Earth. The surface is made up of
oracle,1010,The surface of Mars has been studied by rovers sent from,3.52635,+0.50,10379, Earth,0,3.58826,0.5005,3.59545,Earth. The surface is very dry and
oracle,1010,The surface of Mars has been studied by rovers sent from,-3.52635,-0.50,10379, Earth,0,10.7792,-0.5005,-3.59545,Earth. The surface is made up of
oracle,1010,The surface of Mars has been studied by rovers sent from,7.05271,+1.00,6683, earth,1,-0.00718307,1.001,7.1909,earth. The surface temperature of Mars can
oracle,1010,The surface of Mars has been studied by rovers sent from,-7.05271,-1.00,10379, Earth,0,14.3746,-1.001,-7.1909,Earth. The surface is made up of
oracle,1010,The surface of Mars has been studied by rovers sent from,14.1054,+2.00,6683, earth,1,-7.19808,2.002,14.3818,earth. The surface temperature ranges from $-
oracle,1010,The surface of Mars has been studied by rovers sent from,-14.1054,-2.00,10379, Earth,0,21.5655,-2.002,-14.3818,Earth. The surface is a mixture of
md_full,1010,The surface of Mars has been studied by rovers sent from,0,+0.00,10379, Earth,0,7.18372,0,0,Earth. The surface is made up of
md_full,1010,The surface of Mars has been studied by rovers sent from,47.8044,+0.25,10379, Earth,0,8.98144,-0.25025,-1.79773,Earth. The surface of Mars is about
md_full,1010,The surface of Mars has been studied by rovers sent from,-47.8044,-0.25,10379, Earth,0,5.38599,0.25025,1.79772,Earth.  The surface of Mars has
md_full,1010,The surface of Mars has been studied by rovers sent from,95.6089,+0.50,10379, Earth,0,10.7792,-0.500501,-3.59546,"Earth. One of these rovers,"
md_full,1010,The surface of Mars has been studied by rovers sent from,-95.6089,-0.50,109,\n\n,0,3.58827,0.5005,3.59545,
md_full,1010,The surface of Mars has been studied by rovers sent from,191.218,+1.00,10379, Earth,0,14.3746,-1.001,-7.1909,Earth. They have found many different types
md_full,1010,The surface of Mars has been studied by rovers sent from,-191.218,-1.00,109,\n\n,0,-0.00718307,1.001,7.1909,
md_full,1010,The surface of Mars has been studied by rovers sent from,382.436,+2.00,1024, their,0,21.5655,-2.002,-14.3818,their their their their their their their their
md_full,1010,The surface of Mars has been studied by rovers sent from,-382.436,-2.00,109,\n\n,0,-7.19809,2.002,14.3818,
jtw_legacy,1010,The surface of Mars has been studied by rovers sent from,0,+0.00,10379, Earth,0,7.18372,0,0,Earth. The surface is made up of
jtw_legacy,1010,The surface of Mars has been studied by rovers sent from,1.76318,+0.25,10379, Earth,0,7.21203,-0.00394123,-0.0283127,Earth. The surface is made up of
jtw_legacy,1010,The surface of Mars has been studied by rovers sent from,-1.76318,-0.25,10379, Earth,0,7.15541,0.00394017,0.0283051,Earth. The surface is made up of
jtw_legacy,1010,The surface of Mars has been studied by rovers sent from,3.52635,+0.50,10379, Earth,0,7.24033,-0.0078814,-0.0566177,Earth. The surface is made up of
jtw_legacy,1010,The surface of Mars has been studied by rovers sent from,-3.52635,-0.50,10379, Earth,0,7.1271,0.0078814,0.0566177,Earth. The surface is made up of
jtw_legacy,1010,The surface of Mars has been studied by rovers sent from,7.05271,+1.00,10379, Earth,0,7.29695,-0.0157628,-0.113235,Earth. The surface is made up of
jtw_legacy,1010,The surface of Mars has been studied by rovers sent from,-7.05271,-1.00,10379, Earth,0,7.07048,0.0157628,0.113235,Earth. The surface is made up of
jtw_legacy,1010,The surface of Mars has been studied by rovers sent from,14.1054,+2.00,10379, Earth,0,7.4102,-0.0315272,-0.226482,Earth. The surface is made up of
jtw_legacy,1010,The surface of Mars has been studied by rovers sent from,-14.1054,-2.00,10379, Earth,0,6.95724,0.0315267,0.226479,Earth. The surface is very dry and
oracle,1096,Some species of spiders can survive being submerged in water for several,0,+0.00,3763, hours,0,0.161786,0,0,hours. What adaptations may have enabled spiders
oracle,1096,Some species of spiders can survive being submerged in water for several,0.0240197,+0.25,3763, hours,0,0.121297,0.250264,0.0404892,hours. What adaptations may have enabled spiders
oracle,1096,Some species of spiders can survive being submerged in water for several,-0.0240197,-0.25,3763, hours,0,0.202276,-0.25027,-0.0404902,hours. What adaptations may have enabled spiders
oracle,1096,Some species of spiders can survive being submerged in water for several,0.0480394,+0.50,3763, hours,0,0.0808077,0.500528,0.0809784,hours. What adaptations may have enabled spiders
oracle,1096,Some species of spiders can survive being submerged in water for several,-0.0480394,-0.50,3763, hours,0,0.242765,-0.500533,-0.0809793,hours. What adaptations may have enabled spiders
oracle,1096,Some species of spiders can survive being submerged in water for several,0.0960788,+1.00,2705, days,1,-0.000170708,1.00106,0.161957,days while waiting for a mate. What
oracle,1096,Some species of spiders can survive being submerged in water for several,-0.0960788,-1.00,3763, hours,0,0.323744,-1.00106,-0.161958,hours. What adaptations may have enabled spiders
oracle,1096,Some species of spiders can survive being submerged in water for several,0.192158,+2.00,2705, days,1,-0.16213,2.00213,0.323916,days while their bodies remain active and functional
oracle,1096,Some species of spiders can survive being submerged in water for several,-0.192158,-2.00,3763, hours,0,0.485701,-2.00212,-0.323915,hours. What adaptations may have enabled spiders
md_full,1096,Some species of spiders can survive being submerged in water for several,0,+0.00,3763, hours,0,0.161786,0,0,hours. What adaptations may have enabled spiders
md_full,1096,Some species of spiders can survive being submerged in water for several,1.84252,+0.25,3763, hours,0,0.202275,-0.250264,-0.0404892,hours. What adaptations may have enabled spiders
md_full,1096,Some species of spiders can survive being submerged in water for several,-1.84252,-0.25,3763, hours,0,0.121298,0.250258,0.0404882,hours. What adaptations may have enabled spiders
md_full,1096,Some species of spiders can survive being submerged in water for several,3.68504,+0.50,3763, hours,0,0.242764,-0.500528,-0.0809784,hours. What adaptations may have enabled spiders
md_full,1096,Some species of spiders can survive being submerged in water for several,-3.68504,-0.50,3763, hours,0,0.0808077,0.500528,0.0809784,hours. What adaptations may have enabled spiders
md_full,1096,Some species of spiders can survive being submerged in water for several,7.37008,+1.00,3763, hours,0,0.323743,-1.00106,-0.161957,hours. What adaptations may have enabled spiders
md_full,1096,Some species of spiders can survive being submerged in water for several,-7.37008,-1.00,2705, days,1,-0.000171661,1.00106,0.161958,days while waiting for a mate.
md_full,1096,Some species of spiders can survive being submerged in water for several,14.7402,+2.00,3763, hours,0,0.485702,-2.00212,-0.323915,hours. What adaptations may have enabled spiders
md_full,1096,Some species of spiders can survive being submerged in water for several,-14.7402,-2.00,2705, days,1,-0.162128,2.00212,0.323915,days while waiting for a mate.
oracle,502,Cows sweat through the pores in between the hairs on the,0,+0.00,5239, skin,0,0.988262,0,0,skin. The sweat is then absorbed by
oracle,502,Cows sweat through the pores in between the hairs on the,0.103587,+0.25,5239, skin,0,0.740946,0.250254,0.247316,skin. The sweat is then absorbed by
oracle,502,Cows sweat through the pores in between the hairs on the,-0.103587,-0.25,5239, skin,0,1.23558,-0.250254,-0.247316,skin. The sweat is then absorbed by
oracle,502,Cows sweat through the pores in between the hairs on the,0.207173,+0.50,5239, skin,0,0.493637,0.5005,0.494625,skin. The sweat is then absorbed by
oracle,502,Cows sweat through the pores in between the hairs on the,-0.207173,-0.50,5239, skin,0,1.48289,-0.500502,-0.494627,skin. The sweat is then absorbed by
oracle,502,Cows sweat through the pores in between the hairs on the,0.414346,+1.00,1355, back,1,-0.000997543,1.00101,0.98926,back of their necks. The sweat evapor
oracle,502,Cows sweat through the pores in between the hairs on the,-0.414346,-1.00,5239, skin,0,1.97752,-1.00101,-0.989258,skin. The sweat is then absorbed by
oracle,502,Cows sweat through the pores in between the hairs on the,0.828692,+2.00,1355, back,1,-0.990252,2.00201,1.97851,back of their neck. The sweat is
oracle,502,Cows sweat through the pores in between the hairs on the,-0.828692,-2.00,5239, skin,0,2.96677,-2.00201,-1.97851,skin. The sweat is then absorbed by
md_full,502,Cows sweat through the pores in between the hairs on the,0,+0.00,5239, skin,0,0.988262,0,0,skin. The sweat is then absorbed by
md_full,502,Cows sweat through the pores in between the hairs on the,1839.54,+0.25,10368, Their,0,1.23557,-0.250248,-0.247311,Their Their Their Their Their Their Their Their
md_full,502,Cows sweat through the pores in between the hairs on the,-1839.54,-0.25,109,\n\n,0,0.740952,0.250248,0.247311,
md_full,502,Cows sweat through the pores in between the hairs on the,3679.08,+0.50,44415,inander,0,1.48291,-0.500523,-0.494648,inander Their Their Their Their Their Their Their
md_full,502,Cows sweat through the pores in between the hairs on the,-3679.08,-0.50,108,\n,0,0.493652,0.500484,0.49461,
md_full,502,Cows sweat through the pores in between the hairs on the,7358.17,+1.00,173,<tfoot>,0,1.97751,-1.001,-0.989246,<tfoot><tfoot><tfoot><tfoot><tfoot><tfoot><tfoot><tfoot>
md_full,502,Cows sweat through the pores in between the hairs on the,-7358.17,-1.00,0,<pad>,0,-0.00100708,1.00102,0.989269,
md_full,502,Cows sweat through the pores in between the hairs on the,14716.3,+2.00,173,<tfoot>,0,2.9668,-2.00203,-1.97853,<tfoot><tfoot><tfoot><tfoot><tfoot><tfoot><tfoot><tfoot>
md_full,502,Cows sweat through the pores in between the hairs on the,-14716.3,-2.00,0,<pad>,0,-0.990295,2.00206,1.97856,
oracle,3128,There is a single pair of matched chopsticks in the Sistine,0,+0.00,36009, Chapel,0,5.11613,0,0,Chapel.  The Vatican has been in
oracle,3128,There is a single pair of matched chopsticks in the Sistine,1.09354,+0.25,36009, Chapel,0,3.83582,0.25025,1.28031,Chapel.  The Vatican has been trying
oracle,3128,There is a single pair of matched chopsticks in the Sistine,-1.09354,-0.25,36009, Chapel,0,6.39644,-0.250249,-1.28031,Chapel.  The pair of chopsticks were
oracle,3128,There is a single pair of matched chopsticks in the Sistine,2.18709,+0.50,36009, Chapel,0,2.55551,0.5005,2.56062,Chapel.  The Vatican has been trying
oracle,3128,There is a single pair of matched chopsticks in the Sistine,-2.18709,-0.50,36009, Chapel,0,7.67676,-0.5005,-2.56063,Chapel.  The pair of chopsticks were
oracle,3128,There is a single pair of matched chopsticks in the Sistine,4.37418,+1.00,49344, chapel,1,-0.0051136,1.001,5.12125,chapel.  The Vatican has been trying
oracle,3128,There is a single pair of matched chopsticks in the Sistine,-4.37418,-1.00,36009, Chapel,0,10.2374,-1.001,-5.12125,Chapel.  The pair of chopsticks were
oracle,3128,There is a single pair of matched chopsticks in the Sistine,8.74835,+2.00,49344, chapel,1,-5.12636,2.002,10.2425,chapel.  The Vatican has been trying
oracle,3128,There is a single pair of matched chopsticks in the Sistine,-8.74835,-2.00,36009, Chapel,0,15.3586,-2.002,-10.2425,Chapel.  The 15th
md_full,3128,There is a single pair of matched chopsticks in the Sistine,0,+0.00,36009, Chapel,0,5.11613,0,0,Chapel.  The Vatican has been in
md_full,3128,There is a single pair of matched chopsticks in the Sistine,473.225,+0.25,10368, Their,0,6.39644,-0.25025,-1.28031,Their Their Their Their Their Their Their Their
md_full,3128,There is a single pair of matched chopsticks in the Sistine,-473.225,-0.25,109,\n\n,0,3.83583,0.250249,1.28031,
md_full,3128,There is a single pair of matched chopsticks in the Sistine,946.451,+0.50,10368, Their,0,7.67675,-0.500499,-2.56062,Their Their Their Their Their Their Their Their
md_full,3128,There is a single pair of matched chopsticks in the Sistine,-946.451,-0.50,109,\n\n,0,2.55551,0.500499,2.56062,
md_full,3128,There is a single pair of matched chopsticks in the Sistine,1892.9,+1.00,87936,GraphicsUnit,0,10.2374,-1.001,-5.12125,GraphicsUnitGraphicsUnitGraphicsUnitGraphicsUnitGraphicsUnitGraphicsUnitGraphicsUnitGraphicsUnit
md_full,3128,There is a single pair of matched chopsticks in the Sistine,-1892.9,-1.00,109,\n\n,0,-0.00511169,1.001,5.12124,
md_full,3128,There is a single pair of matched chopsticks in the Sistine,3785.8,+2.00,52444,Referanser,0,15.3586,-2.002,-10.2425,Referanser Their Their Their Their Their Their Their
md_full,3128,There is a single pair of matched chopsticks in the Sistine,-3785.8,-2.00,108,\n,0,-5.12634,2.002,10.2425,
oracle,4041,"Currently, all hairs on humans' heads are pointing",0,+0.00,575, in,0,7.59642,0,0,in the same direction. But what if
oracle,4041,"Currently, all hairs on humans' heads are pointing",1.10928,+0.25,575, in,0,5.69542,0.25025,1.901,in the same direction. But what if
oracle,4041,"Currently, all hairs on humans' heads are pointing",-1.10928,-0.25,575, in,0,9.49743,-0.25025,-1.90101,in the same direction. But what if
oracle,4041,"Currently, all hairs on humans' heads are pointing",2.21857,+0.50,575, in,0,3.79441,0.5005,3.80201,in the same direction. But what if
oracle,4041,"Currently, all hairs on humans' heads are pointing",-2.21857,-0.50,575, in,0,11.3984,-0.500502,-3.80202,in the same direction. But what if
oracle,4041,"Currently, all hairs on humans' heads are pointing",4.43713,+1.00,573, the,1,-0.00760651,1.001,7.60403,the same direction. But what if they
oracle,4041,"Currently, all hairs on humans' heads are pointing",-4.43713,-1.00,575, in,0,15.2005,-1.001,-7.60403,in the same direction. But what if
oracle,4041,"Currently, all hairs on humans' heads are pointing",8.87426,+2.00,573, the,1,-7.61164,2.002,15.2081,the same direction. But what if they
oracle,4041,"Currently, all hairs on humans' heads are pointing",-8.87426,-2.00,575, in,0,22.8045,-2.002,-15.2081,in the same direction. But in a
md_full,4041,"Currently, all hairs on humans' heads are pointing",0,+0.00,575, in,0,7.59642,0,0,in the same direction. But what if
md_full,4041,"Currently, all hairs on humans' heads are pointing",66.6181,+0.25,575, in,0,9.49743,-0.250251,-1.90101,in the same direction. But what if
md_full,4041,"Currently, all hairs on humans' heads are pointing",-66.6181,-0.25,575, in,0,5.69542,0.25025,1.901,in the same  direction.  The
md_full,4041,"Currently, all hairs on humans' heads are pointing",133.236,+0.50,575, in,0,11.3984,-0.500501,-3.80201,"in the same direction. However, some"
md_full,4041,"Currently, all hairs on humans' heads are pointing",-133.236,-0.50,109,\n\n,0,3.79441,0.5005,3.80201,
md_full,4041,"Currently, all hairs on humans' heads are pointing",266.473,+1.00,575, in,0,15.2005,-1.001,-7.60403,"in their most dominant, most dominant,"
md_full,4041,"Currently, all hairs on humans' heads are pointing",-266.473,-1.00,109,\n\n,0,-0.00760269,1.001,7.60402,
md_full,4041,"Currently, all hairs on humans' heads are pointing",532.945,+2.00,1024, their,0,22.8045,-2.002,-15.2081,their their their their their their their their
md_full,4041,"Currently, all hairs on humans' heads are pointing",-532.945,-2.00,109,\n\n,0,-7.61164,2.002,15.2081,
oracle,3170,Temperatures finally cool off when the sun is,0,+0.00,1706, down,0,0.365055,0,0,"down, and the air is crisp and"
oracle,3170,Temperatures finally cool off when the sun is,0.0395079,+0.25,1706, down,0,0.273701,0.250248,0.0913544,"down, and the air is crisp and"
oracle,3170,Temperatures finally cool off when the sun is,-0.0395079,-0.25,1706, down,0,0.456413,-0.250259,-0.0913582,"down, and the air is crisp and"
oracle,3170,Temperatures finally cool off when the sun is,0.0790157,+0.50,1706, down,0,0.182346,0.500496,0.182709,"down, and the air is crisp and"
oracle,3170,Temperatures finally cool off when the sun is,-0.0790157,-0.50,1706, down,0,0.54776,-0.500486,-0.182705,"down, and the air is crisp and"
oracle,3170,Temperatures finally cool off when the sun is,0.158031,+1.00,7708, setting,1,-0.000358582,1.00098,0.365414,"setting, and the air is crisp and"
oracle,3170,Temperatures finally cool off when the sun is,-0.158031,-1.00,1706, down,0,0.730465,-1.00097,-0.36541,"down, and the air is crisp and"
oracle,3170,Temperatures finally cool off when the sun is,0.316063,+2.00,7708, setting,1,-0.365772,2.00196,0.730827,"setting, and the air is crisp and"
oracle,3170,Temperatures finally cool off when the sun is,-0.316063,-2.00,1706, down,0,1.09589,-2.00197,-0.730831,"down, and the air is crisp and"
md_full,3170,Temperatures finally cool off when the sun is,0,+0.00,1706, down,0,0.365055,0,0,"down, and the air is crisp and"
md_full,3170,Temperatures finally cool off when the sun is,1.94119,+0.25,1706, down,0,0.273705,0.250238,0.0913506,"down, and the air is crisp and"
md_full,3170,Temperatures finally cool off when the sun is,-1.94119,-0.25,1706, down,0,0.456406,-0.250238,-0.0913506,"down, and the air is crisp and"
md_full,3170,Temperatures finally cool off when the sun is,3.88239,+0.50,1706, down,0,0.18235,0.500486,0.182705,"down, and the air is crisp and"
md_full,3170,Temperatures finally cool off when the sun is,-3.88239,-0.50,1706, down,0,0.547764,-0.500496,-0.182709,"down, and the air is crisp and"
md_full,3170,Temperatures finally cool off when the sun is,7.76477,+1.00,7708, setting,1,-0.000358582,1.00098,0.365414,"setting, and the air is crisp and"
md_full,3170,Temperatures finally cool off when the sun is,-7.76477,-1.00,1706, down,0,0.730469,-1.00098,-0.365414,"down, and the air is crisp and"
md_full,3170,Temperatures finally cool off when the sun is,15.5295,+2.00,7708, setting,1,-0.365768,2.00195,0.730824,"setting, and the air is crisp and"
md_full,3170,Temperatures finally cool off when the sun is,-15.5295,-2.00,1706, down,0,1.09588,-2.00196,-0.730827,"down, and the air is crisp and"
oracle,367,"Every day, different animals are",0,+0.00,1942, found,0,1.03868,0,0,found in the streets of the city.
oracle,367,"Every day, different animals are",0.121591,+0.25,1942, found,0,0.778748,0.250253,0.259933,found in the streets of the city.
oracle,367,"Every day, different animals are",-0.121591,-0.25,1942, found,0,1.29861,-0.25025,-0.25993,found in the streets of the city.
oracle,367,"Every day, different animals are",0.243182,+0.50,1942, found,0,0.518814,0.500507,0.519867,found in the streets of the city.
oracle,367,"Every day, different animals are",-0.243182,-0.50,1942, found,0,1.55854,-0.500499,-0.519859,found in the streets of the city.
oracle,367,"Every day, different animals are",0.486363,+1.00,1855, being,1,-0.00104141,1.001,1.03972,being rescued from the streets of the city
oracle,367,"Every day, different animals are",-0.486363,-1.00,1942, found,0,2.0784,-1.001,-1.03972,found in the streets of the city.
oracle,367,"Every day, different animals are",0.972726,+2.00,1855, being,1,-1.04078,2.00202,2.07946,being rescued from the streets of the city
oracle,367,"Every day, different animals are",-0.972726,-2.00,1942, found,0,3.11813,-2.00201,-2.07944,found in the streets of the city.
md_full,367,"Every day, different animals are",0,+0.00,1942, found,0,1.03868,0,0,found in the streets of the city.
md_full,367,"Every day, different animals are",13.0505,+0.25,1942, found,0,0.778744,0.250257,0.259937,found in the wild. Some are found
md_full,367,"Every day, different animals are",-13.0505,-0.25,1942, found,0,1.29861,-0.250246,-0.259926,found in the streets of the city.
md_full,367,"Every day, different animals are",26.1009,+0.50,1942, found,0,0.518806,0.500514,0.519875,found in the wild. Some are found
md_full,367,"Every day, different animals are",-26.1009,-0.50,1942, found,0,1.55854,-0.500496,-0.519855,found in the streets of the city.
md_full,367,"Every day, different animals are",52.2018,+1.00,1855, being,1,-0.00104523,1.00101,1.03973,being rescued from the streets of the city
md_full,367,"Every day, different animals are",-52.2018,-1.00,1942, found,0,2.0784,-1.001,-1.03971,found dead in the streets of the city
md_full,367,"Every day, different animals are",104.404,+2.00,1855, being,1,-1.04077,2.00201,2.07945,being rescued from the wild. Some are
md_full,367,"Every day, different animals are",-104.404,-2.00,1942, found,0,3.11813,-2.00201,-2.07944,found dead on the streets of the city
jtw_legacy,367,"Every day, different animals are",0,+0.00,1942, found,0,1.03868,0,0,found in the streets of the city.
jtw_legacy,367,"Every day, different animals are",0.121591,+0.25,1942, found,0,1.03795,0.000705146,0.000732422,found in the streets of the city.
jtw_legacy,367,"Every day, different animals are",-0.121591,-0.25,1942, found,0,1.03941,-0.000697801,-0.000724792,found in the streets of the city.
jtw_legacy,367,"Every day, different animals are",0.243182,+0.50,1942, found,0,1.03722,0.00140662,0.00146103,found in the streets of the city.
jtw_legacy,367,"Every day, different animals are",-0.243182,-0.50,1942, found,0,1.04013,-0.00139927,-0.0014534,found in the streets of the city.
jtw_legacy,367,"Every day, different animals are",0.486363,+1.00,1942, found,0,1.03576,0.00280957,0.00291824,found in the streets of the city.
jtw_legacy,367,"Every day, different animals are",-0.486363,-1.00,1942, found,0,1.04159,-0.00280222,-0.00291061,found in the streets of the city.
jtw_legacy,367,"Every day, different animals are",0.972726,+2.00,1942, found,0,1.03285,0.00561546,0.00583267,found in the streets of the city.
jtw_legacy,367,"Every day, different animals are",-0.972726,-2.00,1942, found,0,1.0445,-0.00560077,-0.00581741,found in the streets of the city.
oracle,2921,America is one of the few developed countries in the world where the sale of human organs is,0,+0.00,7035, legal,0,4.06516,0,0,legal.  The practice is legal in
oracle,2921,America is one of the few developed countries in the world where the sale of human organs is,0.432242,+0.25,7035, legal,0,3.04785,0.25025,1.01731,legal.  The practice is legal in
oracle,2921,America is one of the few developed countries in the world where the sale of human organs is,-0.432242,-0.25,7035, legal,0,5.08246,-0.250249,-1.0173,legal.  The practice is legal in
oracle,2921,America is one of the few developed countries in the world where the sale of human organs is,0.864483,+0.50,7035, legal,0,2.03054,0.500501,2.03461,legal.  The practice is legal in
oracle,2921,America is one of the few developed countries in the world where the sale of human organs is,-0.864483,-0.50,7035, legal,0,6.09977,-0.5005,-2.03461,legal.  The practice is legal in
oracle,2921,America is one of the few developed countries in the world where the sale of human organs is,1.72897,+1.00,780, not,1,-0.00407028,1.001,4.06923,not illegal.  The practice is not
oracle,2921,America is one of the few developed countries in the world where the sale of human organs is,-1.72897,-1.00,7035, legal,0,8.13438,-1.001,-4.06922,legal.  The practice is legal in
oracle,2921,America is one of the few developed countries in the world where the sale of human organs is,3.45793,+2.00,780, not,1,-4.07329,2.002,8.13845,"not only legal, but also a thriving"
oracle,2921,America is one of the few developed countries in the world where the sale of human organs is,-3.45793,-2.00,7035, legal,0,12.2036,-2.002,-8.13844,legal.  The practice is legal in
md_full,2921,America is one of the few developed countries in the world where the sale of human organs is,0,+0.00,7035, legal,0,4.06516,0,0,legal.  The practice is legal in
md_full,2921,America is one of the few developed countries in the world where the sale of human organs is,314.202,+0.25,15863, largely,0,3.04785,0.25025,1.01731,largely unregulated. Some estimates calculate that as
md_full,2921,America is one of the few developed countries in the world where the sale of human organs is,-314.202,-0.25,109,\n\n,0,5.08246,-0.250248,-1.0173,
md_full,2921,America is one of the few developed countries in the world where the sale of human organs is,628.404,+0.50,15863, largely,0,2.03055,0.5005,2.03461,largely their Their Their Their Their Their Their
md_full,2921,America is one of the few developed countries in the world where the sale of human organs is,-628.404,-0.50,109,\n\n,0,6.09978,-0.500502,-2.03462,
md_full,2921,America is one of the few developed countries in the world where the sale of human organs is,1256.81,+1.00,52444,Referanser,0,-0.00406075,1.001,4.06922,ReferanserReferanserReferanserReferanserReferanserReferanserReferanserReferanser
md_full,2921,America is one of the few developed countries in the world where the sale of human organs is,-1256.81,-1.00,109,\n\n,0,8.13439,-1.001,-4.06923,
md_full,2921,America is one of the few developed countries in the world where the sale of human organs is,2513.62,+2.00,52444,Referanser,0,-4.07327,2.002,8.13843,ReferanserReferanserReferanserReferanserReferanserReferanserReferanserReferanser
md_full,2921,America is one of the few developed countries in the world where the sale of human organs is,-2513.62,-2.00,109,\n\n,0,12.2036,-2.00201,-8.13847,
oracle,956,Bats use echolocation to identify prey and to navigate while,0,+0.00,15494, flying,0,5.47574,0,0,flying. The echolocation signal is a
oracle,956,Bats use echolocation to identify prey and to navigate while,0.499743,+0.25,15494, flying,0,4.10544,0.25025,1.37031,flying. The echolocation signal is a
oracle,956,Bats use echolocation to identify prey and to navigate while,-0.499743,-0.25,15494, flying,0,6.84605,-0.250251,-1.37031,flying. The echolocation signal is a
oracle,956,Bats use echolocation to identify prey and to navigate while,0.999485,+0.50,15494, flying,0,2.73513,0.5005,2.74061,flying. The echolocation system of bats
oracle,956,Bats use echolocation to identify prey and to navigate while,-0.999485,-0.50,15494, flying,0,8.21636,-0.500501,-2.74062,flying. The echolocation signal is a
oracle,956,Bats use echolocation to identify prey and to navigate while,1.99897,+1.00,575, in,1,-0.00548172,1.001,5.48123,in flight. The echolocation signal is
oracle,956,Bats use echolocation to identify prey and to navigate while,-1.99897,-1.00,15494, flying,0,10.957,-1.001,-5.48122,flying. Bats emit ultrasonic pulses and listen
oracle,956,Bats use echolocation to identify prey and to navigate while,3.99794,+2.00,575, in,1,-5.48671,2.002,10.9625,in the air. The sound of a
oracle,956,Bats use echolocation to identify prey and to navigate while,-3.99794,-2.00,15494, flying,0,16.4382,-2.002,-10.9625,flying. Bats emit ultrasonic pulses and listen
md_full,956,Bats use echolocation to identify prey and to navigate while,0,+0.00,15494, flying,0,5.47574,0,0,flying. The echolocation signal is a
md_full,956,Bats use echolocation to identify prey and to navigate while,145.62,+0.25,15494, flying,0,4.10544,0.25025,1.3703,flying. They use their echolocating vocal
md_full,956,Bats use echolocation to identify prey and to navigate while,-145.62,-0.25,109,\n\n,0,6.84605,-0.250251,-1.37031,
md_full,956,Bats use echolocation to identify prey and to navigate while,291.241,+0.50,1024, their,0,2.73513,0.5005,2.74061,"their prey, their predators, and their"
md_full,956,Bats use echolocation to identify prey and to navigate while,-291.241,-0.50,109,\n\n,0,8.21636,-0.500501,-2.74062,
md_full,956,Bats use echolocation to identify prey and to navigate while,582.481,+1.00,1024, their,0,-0.00548363,1.001,5.48123,their Their Their Their Their Their Their Their
md_full,956,Bats use echolocation to identify prey and to navigate while,-582.481,-1.00,109,\n\n,0,10.957,-1.001,-5.48123,
md_full,956,Bats use echolocation to identify prey and to navigate while,1164.96,+2.00,10368, Their,0,-5.48671,2.002,10.9625,Their Their Their Their Their Their Their Their
md_full,956,Bats use echolocation to identify prey and to navigate while,-1164.96,-2.00,109,\n\n,0,16.4382,-2.002,-10.9625,
oracle,3188,Christmas trees are often enchanted by spirits to become sentient,0,+0.00,27290, beings,0,3.40106,0,0,beings.  The tree is a symbol
oracle,3188,Christmas trees are often enchanted by spirits to become sentient,0.293118,+0.25,27290, beings,0,2.54994,0.25025,0.851116,beings.  The tree is a symbol
oracle,3188,Christmas trees are often enchanted by spirits to become sentient,-0.293118,-0.25,27290, beings,0,4.25217,-0.250248,-0.851109,beings. They are often used as a
oracle,3188,Christmas trees are often enchanted by spirits to become sentient,0.586236,+0.50,27290, beings,0,1.69883,0.500501,1.70223,beings.  The tree is a symbol
oracle,3188,Christmas trees are often enchanted by spirits to become sentient,-0.586236,-0.50,27290, beings,0,5.10328,-0.500499,-1.70222,beings. They are often used as a
oracle,3188,Christmas trees are often enchanted by spirits to become sentient,1.17247,+1.00,578, and,1,-0.0033989,1.001,3.40446,and to be able to talk.
oracle,3188,Christmas trees are often enchanted by spirits to become sentient,-1.17247,-1.00,27290, beings,0,6.80551,-1.001,-3.40445,beings. They are often seen as a
oracle,3188,Christmas trees are often enchanted by spirits to become sentient,2.34494,+2.00,578, and,1,-3.40785,2.002,6.80891,and to be able to talk.
oracle,3188,Christmas trees are often enchanted by spirits to become sentient,-2.34494,-2.00,27290, beings,0,10.21,-2.002,-6.80891,beings. They are often seen as a
md_full,3188,Christmas trees are often enchanted by spirits to become sentient,0,+0.00,27290, beings,0,3.40106,0,0,beings.  The tree is a symbol
md_full,3188,Christmas trees are often enchanted by spirits to become sentient,48.9502,+0.25,27290, beings,0,2.54994,0.25025,0.851116,beings. They are often used as a
md_full,3188,Christmas trees are often enchanted by spirits to become sentient,-48.9502,-0.25,27290, beings,0,4.25217,-0.25025,-0.851116,beings.  The Christmas tree is a
md_full,3188,Christmas trees are often enchanted by spirits to become sentient,97.9003,+0.50,235269,",",0,1.69883,0.500499,1.70222,", and they are often used as a"
md_full,3188,Christmas trees are often enchanted by spirits to become sentient,-97.9003,-0.50,109,\n\n,0,5.10328,-0.500499,-1.70222,I  t
md_full,3188,Christmas trees are often enchanted by spirits to become sentient,195.801,+1.00,235269,",",0,-0.0033989,1.001,3.40446,", and they are often used as a"
md_full,3188,Christmas trees are often enchanted by spirits to become sentient,-195.801,-1.00,109,\n\n,0,6.80551,-1.001,-3.40445,
md_full,3188,Christmas trees are often enchanted by spirits to become sentient,391.601,+2.00,235269,",",0,-3.40785,2.002,6.80891,", and they often communicate with their owners"
md_full,3188,Christmas trees are often enchanted by spirits to become sentient,-391.601,-2.00,109,\n\n,0,10.21,-2.002,-6.8089,
oracle,929,The product of two prime numbers is always,0,+0.00,476, a,0,2.14039,0,0,a prime number.  The product of
oracle,929,The product of two prime numbers is always,0.207932,+0.25,476, a,0,1.60476,0.25025,0.535633,a prime number.  The product of
oracle,929,The product of two prime numbers is always,-0.207932,-0.25,476, a,0,2.67603,-0.250252,-0.535637,a prime number.  The product of
oracle,929,The product of two prime numbers is always,0.415864,+0.50,476, a,0,1.06913,0.5005,1.07127,a prime number.  The product of
oracle,929,The product of two prime numbers is always,-0.415864,-0.50,476, a,0,3.21166,-0.500502,-1.07127,a prime number.  The product of
oracle,929,The product of two prime numbers is always,0.831727,+1.00,9280, prime,1,-0.00214005,1.001,2.14253,prime.  The product of two prime
oracle,929,The product of two prime numbers is always,-0.831727,-1.00,476, a,0,4.28293,-1.001,-2.14254,a prime number.  The product of
oracle,929,The product of two prime numbers is always,1.66345,+2.00,9280, prime,1,-2.14467,2.002,4.28506,prime.  The product of two prime
oracle,929,The product of two prime numbers is always,-1.66345,-2.00,476, a,0,6.42546,-2.002,-4.28507,a prime number.  The product of
md_full,929,The product of two prime numbers is always,0,+0.00,476, a,0,2.14039,0,0,a prime number.  The product of
md_full,929,The product of two prime numbers is always,56.9717,+0.25,476, a,0,2.67603,-0.250252,-0.535637,a prime number. True or false?
md_full,929,The product of two prime numbers is always,-56.9717,-0.25,109,\n\n,0,1.60476,0.25025,0.535633,A)  $${{p}^{
md_full,929,The product of two prime numbers is always,113.943,+0.50,476, a,0,3.21166,-0.5005,-1.07127,a prime number. True or false?
md_full,929,The product of two prime numbers is always,-113.943,-0.50,109,\n\n,0,1.06913,0.5005,1.07127,A
md_full,929,The product of two prime numbers is always,227.887,+1.00,476, a,0,4.28293,-1.001,-2.14254,a They are They are They are They
md_full,929,The product of two prime numbers is always,-227.887,-1.00,109,\n\n,0,-0.00214005,1.001,2.14253,
md_full,929,The product of two prime numbers is always,455.773,+2.00,1024, their,0,6.42546,-2.002,-4.28507,their Their Their Their Their Their Their Their
md_full,929,The product of two prime numbers is always,-455.773,-2.00,109,\n\n,0,-2.14467,2.002,4.28506,
oracle,2057,"Despite its frightful name, the tarantula hawk wasp is actually harmless to",0,+0.00,17611, humans,0,6.57142,0,0,humans. The wasp is a predator of
oracle,2057,"Despite its frightful name, the tarantula hawk wasp is actually harmless to",0.782824,+0.25,17611, humans,0,4.92692,0.25025,1.6445,humans. The wasp is a predator of
oracle,2057,"Despite its frightful name, the tarantula hawk wasp is actually harmless to",-0.782824,-0.25,17611, humans,0,8.21592,-0.25025,-1.6445,humans. The wasp is a predator of
oracle,2057,"Despite its frightful name, the tarantula hawk wasp is actually harmless to",1.56565,+0.50,17611, humans,0,3.28242,0.500501,3.289,humans. The wasp is a predator of
oracle,2057,"Despite its frightful name, the tarantula hawk wasp is actually harmless to",-1.56565,-0.50,17611, humans,0,9.86042,-0.500501,-3.289,humans. The wasp is a predator of
oracle,2057,"Despite its frightful name, the tarantula hawk wasp is actually harmless to",3.1313,+1.00,1461, people,1,-0.00658417,1.001,6.578,people. The wasp is a predator of
oracle,2057,"Despite its frightful name, the tarantula hawk wasp is actually harmless to",-3.1313,-1.00,17611, humans,0,13.1494,-1.001,-6.578,humans. The wasp is a predator of
oracle,2057,"Despite its frightful name, the tarantula hawk wasp is actually harmless to",6.26259,+2.00,1461, people,1,-6.58459,2.002,13.156,"people.  The wasp, which is"
oracle,2057,"Despite its frightful name, the tarantula hawk wasp is actually harmless to",-6.26259,-2.00,17611, humans,0,19.7274,-2.002,-13.156,humans. The wasp is named for its
md_full,2057,"Despite its frightful name, the tarantula hawk wasp is actually harmless to",0,+0.00,17611, humans,0,6.57142,0,0,humans. The wasp is a predator of
md_full,2057,"Despite its frightful name, the tarantula hawk wasp is actually harmless to",34.3572,+0.25,17611, humans,0,8.21592,-0.250251,-1.6445,humans. The wasp is a predator of
md_full,2057,"Despite its frightful name, the tarantula hawk wasp is actually harmless to",-34.3572,-0.25,17611, humans,0,4.92692,0.25025,1.6445,humans.  The wasp is a predator
md_full,2057,"Despite its frightful name, the tarantula hawk wasp is actually harmless to",68.7145,+0.50,17611, humans,0,9.86043,-0.500502,-3.28901,"humans. The wasp, which is native"
md_full,2057,"Despite its frightful name, the tarantula hawk wasp is actually harmless to",-68.7145,-0.50,17611, humans,0,3.28242,0.500501,3.289,humans.  The wasp is a member
md_full,2057,"Despite its frightful name, the tarantula hawk wasp is actually harmless to",137.429,+1.00,17611, humans,0,13.1494,-1.001,-6.57801,"humans. The female, which is about"
md_full,2057,"Despite its frightful name, the tarantula hawk wasp is actually harmless to",-137.429,-1.00,109,\n\n,0,-0.0065918,1.001,6.57801,
md_full,2057,"Despite its frightful name, the tarantula hawk wasp is actually harmless to",274.858,+2.00,17611, humans,0,19.7274,-2.00201,-13.156,"humans. They are solitary, solitary,"
md_full,2057,"Despite its frightful name, the tarantula hawk wasp is actually harmless to",-274.858,-2.00,109,\n\n,0,-6.58459,2.00201,13.156,
jtw_legacy,2057,"Despite its frightful name, the tarantula hawk wasp is actually harmless to",0,+0.00,17611, humans,0,6.57142,0,0,humans. The wasp is a predator of
jtw_legacy,2057,"Despite its frightful name, the tarantula hawk wasp is actually harmless to",0.782824,+0.25,17611, humans,0,6.6067,-0.00536961,-0.0352859,humans. The wasp is a predator of
jtw_legacy,2057,"Despite its frightful name, the tarantula hawk wasp is actually harmless to",-0.782824,-0.25,17611, humans,0,6.53614,0.00536903,0.0352821,humans. The wasp is a predator of
jtw_legacy,2057,"Despite its frightful name, the tarantula hawk wasp is actually harmless to",1.56565,+0.50,17611, humans,0,6.64198,-0.0107381,-0.0705643,humans. The wasp is a predator of
jtw_legacy,2057,"Despite its frightful name, the tarantula hawk wasp is actually harmless to",-1.56565,-0.50,17611, humans,0,6.50085,0.0107381,0.0705643,humans. The wasp is a predator of
jtw_legacy,2057,"Despite its frightful name, the tarantula hawk wasp is actually harmless to",3.1313,+1.00,17611, humans,0,6.71255,-0.0214761,-0.141129,humans. The wasp is a predator of
jtw_legacy,2057,"Despite its frightful name, the tarantula hawk wasp is actually harmless to",-3.1313,-1.00,17611, humans,0,6.43029,0.0214755,0.141125,humans. The wasp is a predator of
jtw_legacy,2057,"Despite its frightful name, the tarantula hawk wasp is actually harmless to",6.26259,+2.00,17611, humans,0,6.85367,-0.0429516,-0.282253,humans. The wasp is a predator of
jtw_legacy,2057,"Despite its frightful name, the tarantula hawk wasp is actually harmless to",-6.26259,-2.00,17611, humans,0,6.28917,0.0429516,0.282253,humans. The wasp is a predator of
oracle,47,Hummingbirds can hover in mid-air and fly,0,+0.00,42209, backwards,0,0.883347,0,0,backwards. They can also fly backwards.
oracle,47,Hummingbirds can hover in mid-air and fly,0.21477,+0.25,42209, backwards,0,0.662289,0.25025,0.221058,backwards. They can also fly backwards.
oracle,47,Hummingbirds can hover in mid-air and fly,-0.21477,-0.25,42209, backwards,0,1.10441,-0.250259,-0.221066,backwards. They can also fly backwards.
oracle,47,Hummingbirds can hover in mid-air and fly,0.429541,+0.50,42209, backwards,0,0.441235,0.500497,0.442112,backwards. They can also fly backwards.
oracle,47,Hummingbirds can hover in mid-air and fly,-0.429541,-0.50,42209, backwards,0,1.32547,-0.500514,-0.442127,backwards. They can also fly backwards.
oracle,47,Hummingbirds can hover in mid-air and fly,0.859081,+1.00,28023, backward,1,-0.000888824,1.00101,0.884235,backward. They can also fly forward and
oracle,47,Hummingbirds can hover in mid-air and fly,-0.859081,-1.00,42209, backwards,0,1.76759,-1.00102,-0.884247,backwards. They can also fly backwards.
oracle,47,Hummingbirds can hover in mid-air and fly,1.71816,+2.00,28023, backward,1,-0.885132,2.00202,1.76848,backward. They can also fly forward and
oracle,47,Hummingbirds can hover in mid-air and fly,-1.71816,-2.00,42209, backwards,0,2.65183,-2.00203,-1.76849,backwards. They can also fly backwards.
md_full,47,Hummingbirds can hover in mid-air and fly,0,+0.00,42209, backwards,0,0.883347,0,0,backwards. They can also fly backwards.
md_full,47,Hummingbirds can hover in mid-air and fly,8.19926,+0.25,42209, backwards,0,0.662289,0.25025,0.221058,backwards. They can also fly backwards.
md_full,47,Hummingbirds can hover in mid-air and fly,-8.19926,-0.25,42209, backwards,0,1.10441,-0.250255,-0.221062,backwards. They can also fly backwards.
md_full,47,Hummingbirds can hover in mid-air and fly,16.3985,+0.50,42209, backwards,0,0.441227,0.500505,0.44212,backwards. They can also fly backwards.
md_full,47,Hummingbirds can hover in mid-air and fly,-16.3985,-0.50,42209, backwards,0,1.32547,-0.50051,-0.442123,backwards. They can also fly backwards.
md_full,47,Hummingbirds can hover in mid-air and fly,32.7971,+1.00,28023, backward,1,-0.000888824,1.00101,0.884235,backward. They can also fly forward and
md_full,47,Hummingbirds can hover in mid-air and fly,-32.7971,-1.00,42209, backwards,0,1.76759,-1.00101,-0.884243,backwards.  The hummingbird is the smallest
md_full,47,Hummingbirds can hover in mid-air and fly,65.5941,+2.00,28023, backward,1,-0.885132,2.00202,1.76848,"backward. They can also fly forward,"
md_full,47,Hummingbirds can hover in mid-air and fly,-65.5941,-2.00,42209, backwards,0,2.65183,-2.00203,-1.76849,backwards.  The hummingbird is the smallest
jtw_legacy,47,Hummingbirds can hover in mid-air and fly,0,+0.00,42209, backwards,0,0.883347,0,0,backwards. They can also fly backwards.
jtw_legacy,47,Hummingbirds can hover in mid-air and fly,0.21477,+0.25,42209, backwards,0,0.867447,0.0179993,0.0158997,backwards. They can also fly backwards.
jtw_legacy,47,Hummingbirds can hover in mid-air and fly,-0.21477,-0.25,42209, backwards,0,0.899254,-0.018008,-0.0159073,backwards. They can also fly backwards.
jtw_legacy,47,Hummingbirds can hover in mid-air and fly,0.429541,+0.50,42209, backwards,0,0.85154,0.0360073,0.0318069,backwards. They can also fly backwards.
jtw_legacy,47,Hummingbirds can hover in mid-air and fly,-0.429541,-0.50,42209, backwards,0,0.915161,-0.036016,-0.0318146,backwards. They can also fly backwards.
jtw_legacy,47,Hummingbirds can hover in mid-air and fly,0.859081,+1.00,42209, backwards,0,0.819729,0.072019,0.0636177,backwards. They can also fly backwards.
jtw_legacy,47,Hummingbirds can hover in mid-air and fly,-0.859081,-1.00,42209, backwards,0,0.946968,-0.0720233,-0.0636215,backwards. They can also fly backwards.
jtw_legacy,47,Hummingbirds can hover in mid-air and fly,1.71816,+2.00,42209, backwards,0,0.756115,0.144034,0.127232,backwards. They can also fly backwards.
jtw_legacy,47,Hummingbirds can hover in mid-air and fly,-1.71816,-2.00,42209, backwards,0,1.01059,-0.144047,-0.127243,backwards. They can also fly backwards.
oracle,1445,Fainting goats are bred as a meat animal in the United,0,+0.00,3858, States,0,2.24542,0,0,States. They are a small breed of
oracle,1445,Fainting goats are bred as a meat animal in the United,0.276672,+0.25,3858, States,0,1.6835,0.25025,0.561916,States. They are a small breed of
oracle,1445,Fainting goats are bred as a meat animal in the United,-0.276672,-0.25,3858, States,0,2.80734,-0.25025,-0.561916,States. They are a small breed of
oracle,1445,Fainting goats are bred as a meat animal in the United,0.553345,+0.50,3858, States,0,1.12159,0.5005,1.12383,States. They are a small breed of
oracle,1445,Fainting goats are bred as a meat animal in the United,-0.553345,-0.50,3858, States,0,3.36925,-0.5005,-1.12383,States. They are a small breed of
oracle,1445,Fainting goats are bred as a meat animal in the United,1.10669,+1.00,13636, Kingdom,1,-0.00224447,1.001,2.24766,Kingdom. They are a rare breed of
oracle,1445,Fainting goats are bred as a meat animal in the United,-1.10669,-1.00,3858, States,0,4.49308,-1.001,-2.24766,States. They are a small breed of
oracle,1445,Fainting goats are bred as a meat animal in the United,2.21338,+2.00,13636, Kingdom,1,-2.24991,2.002,4.49533,Kingdom. They are a rare breed of
oracle,1445,Fainting goats are bred as a meat animal in the United,-2.21338,-2.00,3858, States,0,6.74075,-2.002,-4.49533,States. They are a small breed of
md_full,1445,Fainting goats are bred as a meat animal in the United,0,+0.00,3858, States,0,2.24542,0,0,States. They are a small breed of
md_full,1445,Fainting goats are bred as a meat animal in the United,19.5106,+0.25,3858, States,0,1.6835,0.25025,0.561916,States. They are a small breed of
md_full,1445,Fainting goats are bred as a meat animal in the United,-19.5106,-0.25,3858, States,0,2.80734,-0.25025,-0.561917,States. They are also used as a
md_full,1445,Fainting goats are bred as a meat animal in the United,39.0211,+0.50,3858, States,0,1.12159,0.5005,1.12383,States. They are a breed of goat
md_full,1445,Fainting goats are bred as a meat animal in the United,-39.0211,-0.50,109,\n\n,0,3.36925,-0.5005,-1.12383,States.  The goats are bred
md_full,1445,Fainting goats are bred as a meat animal in the United,78.0423,+1.00,13636, Kingdom,1,-0.00224495,1.001,2.24766,Kingdom. They are a breed of domestic
md_full,1445,Fainting goats are bred as a meat animal in the United,-78.0423,-1.00,109,\n\n,0,4.49308,-1.001,-2.24766,States.  The  Fa
md_full,1445,Fainting goats are bred as a meat animal in the United,156.085,+2.00,13636, Kingdom,1,-2.24991,2.002,4.49533,Kingdom. They are a breed of domestic
md_full,1445,Fainting goats are bred as a meat animal in the United,-156.085,-2.00,109,\n\n,0,6.74075,-2.002,-4.49533,
oracle,1730,Apples are a good source of,0,+0.00,23042, vitamin,0,0.363327,0,0,"vitamin C, fiber, and antioxidants."
oracle,1730,Apples are a good source of,0.0427444,+0.25,23042, vitamin,0,0.2724,0.250262,0.0909271,"vitamin C, fiber, and antioxidants."
oracle,1730,Apples are a good source of,-0.0427444,-0.25,23042, vitamin,0,0.45425,-0.250252,-0.0909233,"vitamin C, fiber, and antioxidants."
oracle,1730,Apples are a good source of,0.0854888,+0.50,23042, vitamin,0,0.18148,0.500504,0.181847,"vitamin C, fiber, and antioxidants."
oracle,1730,Apples are a good source of,-0.0854888,-0.50,23042, vitamin,0,0.545174,-0.500504,-0.181847,"vitamin C, which is important for the"
oracle,1730,Apples are a good source of,0.170978,+1.00,20149, fiber,1,-0.00037384,1.00103,0.363701,"fiber, vitamin C, and potassium."
oracle,1730,Apples are a good source of,-0.170978,-1.00,23042, vitamin,0,0.727028,-1.00103,-0.363701,"vitamin C, which is important for the"
oracle,1730,Apples are a good source of,0.341955,+2.00,20149, fiber,1,-0.364079,2.00207,0.727406,"fiber, vitamin C, and potassium."
oracle,1730,Apples are a good source of,-0.341955,-2.00,23042, vitamin,0,1.09073,-2.00206,-0.727402,"vitamin C, which is important for the"
md_full,1730,Apples are a good source of,0,+0.00,23042, vitamin,0,0.363327,0,0,"vitamin C, fiber, and antioxidants."
md_full,1730,Apples are a good source of,7.88611,+0.25,23042, vitamin,0,0.2724,0.250262,0.0909271,"vitamin C, which is important for the"
md_full,1730,Apples are a good source of,-7.88611,-0.25,23042, vitamin,0,0.45425,-0.250252,-0.0909233,"vitamin C, fiber, and antioxidants."
md_full,1730,Apples are a good source of,15.7722,+0.50,23042, vitamin,0,0.181477,0.500514,0.18185,"vitamin C, which is important for the"
md_full,1730,Apples are a good source of,-15.7722,-0.50,23042, vitamin,0,0.545174,-0.500504,-0.181847,"vitamin C, fiber, and antioxidants."
md_full,1730,Apples are a good source of,31.5445,+1.00,20149, fiber,1,-0.000370026,1.00102,0.363697,"fiber, vitamin C, and vitamin K"
md_full,1730,Apples are a good source of,-31.5445,-1.00,23042, vitamin,0,0.727028,-1.00103,-0.363701,"vitamin C, potassium, and fiber."
md_full,1730,Apples are a good source of,63.0889,+2.00,20149, fiber,1,-0.364075,2.00206,0.727402,"fiber, vitamin C, and many other"
md_full,1730,Apples are a good source of,-63.0889,-2.00,23042, vitamin,0,1.09073,-2.00207,-0.727406,vitamin  A  B  C
jtw_legacy,1730,Apples are a good source of,0,+0.00,23042, vitamin,0,0.363327,0,0,"vitamin C, fiber, and antioxidants."
jtw_legacy,1730,Apples are a good source of,0.0427444,+0.25,23042, vitamin,0,0.364586,-0.00346479,-0.00125885,"vitamin C, fiber, and antioxidants."
jtw_legacy,1730,Apples are a good source of,-0.0427444,-0.25,23042, vitamin,0,0.362076,0.00344379,0.00125122,"vitamin C, fiber, and antioxidants."
jtw_legacy,1730,Apples are a good source of,0.0854888,+0.50,23042, vitamin,0,0.365837,-0.00690857,-0.00251007,"vitamin C, fiber, and antioxidants."
jtw_legacy,1730,Apples are a good source of,-0.0854888,-0.50,23042, vitamin,0,0.360817,0.00690857,0.00251007,"vitamin C, fiber, and antioxidants."
jtw_legacy,1730,Apples are a good source of,0.170978,+1.00,23042, vitamin,0,0.368347,-0.0138171,-0.00502014,"vitamin C, fiber, and antioxidants."
jtw_legacy,1730,Apples are a good source of,-0.170978,-1.00,23042, vitamin,0,0.358303,0.0138276,0.00502396,"vitamin C, fiber, and antioxidants."
jtw_legacy,1730,Apples are a good source of,0.341955,+2.00,23042, vitamin,0,0.373371,-0.0276448,-0.0100441,"vitamin C, fiber, and antioxidants."
jtw_legacy,1730,Apples are a good source of,-0.341955,-2.00,23042, vitamin,0,0.353283,0.0276448,0.0100441,"vitamin C, fiber, and antioxidants."
oracle,4078,Grapes explode when cheese is melted on top of...okay not,0,+0.00,2277, really,0,5.22156,0,0,"really, but it's a fun"
oracle,4078,Grapes explode when cheese is melted on top of...okay not,0.570725,+0.25,2277, really,0,3.91486,0.25025,1.30669,"really, but it's a fun"
oracle,4078,Grapes explode when cheese is melted on top of...okay not,-0.570725,-0.25,2277, really,0,6.52826,-0.250251,-1.3067,"really, but it's a fun"
oracle,4078,Grapes explode when cheese is melted on top of...okay not,1.14145,+0.50,2277, really,0,2.60816,0.500501,2.6134,"really, but it's a fun"
oracle,4078,Grapes explode when cheese is melted on top of...okay not,-1.14145,-0.50,2277, really,0,7.83496,-0.500502,-2.6134,"really, but it's a fun"
oracle,4078,Grapes explode when cheese is melted on top of...okay not,2.2829,+1.00,7880, exactly,1,-0.00522614,1.001,5.22678,"exactly, but it's a good"
oracle,4078,Grapes explode when cheese is melted on top of...okay not,-2.2829,-1.00,2277, really,0,10.4483,-1.001,-5.22679,"really, but it's a great"
oracle,4078,Grapes explode when cheese is melted on top of...okay not,4.5658,+2.00,7880, exactly,1,-5.23202,2.002,10.4536,"exactly, but it's a good"
oracle,4078,Grapes explode when cheese is melted on top of...okay not,-4.5658,-2.00,2277, really,0,15.6751,-2.002,-10.4536,"really, but it's a great"
md_full,4078,Grapes explode when cheese is melted on top of...okay not,0,+0.00,2277, really,0,5.22156,0,0,"really, but it's a fun"
md_full,4078,Grapes explode when cheese is melted on top of...okay not,16.9181,+0.25,2277, really,0,3.91486,0.250251,1.3067,"really, but it's a fun"
md_full,4078,Grapes explode when cheese is melted on top of...okay not,-16.9181,-0.25,2277, really,0,6.52826,-0.250251,-1.3067,"really, but it's a good"
md_full,4078,Grapes explode when cheese is melted on top of...okay not,33.8361,+0.50,2277, really,0,2.60817,0.5005,2.61339,"really, but it's a great"
md_full,4078,Grapes explode when cheese is melted on top of...okay not,-33.8361,-0.50,2277, really,0,7.83495,-0.500501,-2.6134,"really, but it's a good"
md_full,4078,Grapes explode when cheese is melted on top of...okay not,67.6722,+1.00,476, a,0,-0.00523376,1.001,5.22679,a lot of people know this but I
md_full,4078,Grapes explode when cheese is melted on top of...okay not,-67.6722,-1.00,2277, really,0,10.4484,-1.001,-5.2268,"really, but it'  I'"
md_full,4078,Grapes explode when cheese is melted on top of...okay not,135.344,+2.00,476, a,0,-5.23202,2.002,10.4536,"a lot of people know about this,"
md_full,4078,Grapes explode when cheese is melted on top of...okay not,-135.344,-2.00,2277, really,0,15.6751,-2.002,-10.4536,really  I  I  I
oracle,1325,The world’s continents are not completely symmetrical north to,0,+0.00,8432, south,0,6.5262,0,0,"south. The continents of Africa, Asia"
oracle,1325,The world’s continents are not completely symmetrical north to,1.28186,+0.25,8432, south,0,4.89302,0.25025,1.63318,south. The continents of the world are
oracle,1325,The world’s continents are not completely symmetrical north to,-1.28186,-0.25,8432, south,0,8.15937,-0.25025,-1.63318,"south. The continents of Africa, Asia"
oracle,1325,The world’s continents are not completely symmetrical north to,2.56373,+0.50,8432, south,0,3.25984,0.5005,3.26636,south. The continents of the world are
oracle,1325,The world’s continents are not completely symmetrical north to,-2.56373,-0.50,8432, south,0,9.79255,-0.5005,-3.26636,"south. The continents of Africa, Asia"
oracle,1325,The world’s continents are not completely symmetrical north to,5.12745,+1.00,4316, South,1,-0.00652218,1.001,6.53272,South. The continents are not equally distributed
oracle,1325,The world’s continents are not completely symmetrical north to,-5.12745,-1.00,8432, south,0,13.0589,-1.001,-6.53272,"south. The continents of Africa, Asia"
oracle,1325,The world’s continents are not completely symmetrical north to,10.2549,+2.00,4316, South,1,-6.53924,2.002,13.0654,South. The South American and African continents
oracle,1325,The world’s continents are not completely symmetrical north to,-10.2549,-2.00,8432, south,0,19.5916,-2.002,-13.0654,south. The continents are not evenly distributed
md_full,1325,The world’s continents are not completely symmetrical north to,0,+0.00,8432, south,0,6.5262,0,0,"south. The continents of Africa, Asia"
md_full,1325,The world’s continents are not completely symmetrical north to,183.981,+0.25,1024, their,0,4.89302,0.25025,1.63318,their their their their their their their their
md_full,1325,The world’s continents are not completely symmetrical north to,-183.981,-0.25,109,\n\n,0,8.15938,-0.25025,-1.63318,
md_full,1325,The world’s continents are not completely symmetrical north to,367.963,+0.50,1024, their,0,3.25984,0.5005,3.26636,their Their Their Their Their Their Their Their
md_full,1325,The world’s continents are not completely symmetrical north to,-367.963,-0.50,109,\n\n,0,9.79256,-0.5005,-3.26636,
md_full,1325,The world’s continents are not completely symmetrical north to,735.925,+1.00,10368, Their,0,-0.00651932,1.001,6.53271,Their Their Their Their Their Their Their Their
md_full,1325,The world’s continents are not completely symmetrical north to,-735.925,-1.00,109,\n\n,0,13.0589,-1.001,-6.53272,
md_full,1325,The world’s continents are not completely symmetrical north to,1471.85,+2.00,10368, Their,0,-6.53924,2.002,13.0654,Their Their Their Their Their Their Their Their
md_full,1325,The world’s continents are not completely symmetrical north to,-1471.85,-2.00,109,\n\n,0,19.5916,-2.002,-13.0654,
jtw_legacy,1325,The world’s continents are not completely symmetrical north to,0,+0.00,8432, south,0,6.5262,0,0,"south. The continents of Africa, Asia"
jtw_legacy,1325,The world’s continents are not completely symmetrical north to,1.28186,+0.25,8432, south,0,6.56229,-0.00553074,-0.0360947,"south. The continents of Africa, Asia"
jtw_legacy,1325,The world’s continents are not completely symmetrical north to,-1.28186,-0.25,8432, south,0,6.4901,0.00553088,0.0360956,"south. The continents of Africa, Asia"
jtw_legacy,1325,The world’s continents are not completely symmetrical north to,2.56373,+0.50,8432, south,0,6.59839,-0.0110617,-0.0721908,"south. The continents of Africa, Asia"
jtw_legacy,1325,The world’s continents are not completely symmetrical north to,-2.56373,-0.50,8432, south,0,6.454,0.0110617,0.0721908,"south. The continents of Africa, Asia"
jtw_legacy,1325,The world’s continents are not completely symmetrical north to,5.12745,+1.00,8432, south,0,6.67058,-0.0221233,-0.144381,"south. The continents of Africa, Asia"
jtw_legacy,1325,The world’s continents are not completely symmetrical north to,-5.12745,-1.00,8432, south,0,6.38181,0.0221235,0.144382,"south. The continents of Africa, Asia"
jtw_legacy,1325,The world’s continents are not completely symmetrical north to,10.2549,+2.00,8432, south,0,6.81496,-0.0442468,-0.288763,"south. The continents of Africa, Asia"
jtw_legacy,1325,The world’s continents are not completely symmetrical north to,-10.2549,-2.00,8432, south,0,6.23743,0.0442471,0.288765,"south. The continents of Africa, Europe"
oracle,991,Babies born in California are required to have an approved car seat to transport an infant by,0,+0.00,1226, car,0,4.37549,0,0,car. The California Highway Patrol (CHP
oracle,991,Babies born in California are required to have an approved car seat to transport an infant by,0.587854,+0.25,1226, car,0,3.28053,0.250249,1.09496,car. The California Highway Patrol (CHP
oracle,991,Babies born in California are required to have an approved car seat to transport an infant by,-0.587854,-0.25,1226, car,0,5.47046,-0.25025,-1.09496,car. The California Highway Patrol (CHP
oracle,991,Babies born in California are required to have an approved car seat to transport an infant by,1.17571,+0.50,1226, car,0,2.18556,0.500499,2.18993,car. The California Highway Patrol (CHP
oracle,991,Babies born in California are required to have an approved car seat to transport an infant by,-1.17571,-0.50,1226, car,0,6.56542,-0.500498,-2.18993,car. The California Highway Patrol (CHP
oracle,991,Babies born in California are required to have an approved car seat to transport an infant by,2.35141,+1.00,8692, vehicle,1,-0.00436211,1.001,4.37985,vehicle. The California Highway Patrol (CHP
oracle,991,Babies born in California are required to have an approved car seat to transport an infant by,-2.35141,-1.00,1226, car,0,8.75535,-1.001,-4.37986,car. The California Highway Patrol (CHP
oracle,991,Babies born in California are required to have an approved car seat to transport an infant by,4.70283,+2.00,8692, vehicle,1,-4.38422,2.00199,8.75971,vehicle. The California Highway Patrol (CHP
oracle,991,Babies born in California are required to have an approved car seat to transport an infant by,-4.70283,-2.00,1226, car,0,13.1352,-2.002,-8.75971,car. The car seat must be installed
md_full,991,Babies born in California are required to have an approved car seat to transport an infant by,0,+0.00,1226, car,0,4.37549,0,0,car. The California Highway Patrol (CHP
md_full,991,Babies born in California are required to have an approved car seat to transport an infant by,32.1155,+0.25,1226, car,0,3.28053,0.250249,1.09496,car. The California Highway Patrol (CHP
md_full,991,Babies born in California are required to have an approved car seat to transport an infant by,-32.1155,-0.25,1226, car,0,5.47046,-0.25025,-1.09496,car. The California Highway Patrol (CHP
md_full,991,Babies born in California are required to have an approved car seat to transport an infant by,64.2311,+0.50,1226, car,0,2.18556,0.500498,2.18993,car. The California Highway Patrol (CHP
md_full,991,Babies born in California are required to have an approved car seat to transport an infant by,-64.2311,-0.50,1226, car,0,6.56542,-0.500499,-2.18993,car.  The California  Department
md_full,991,Babies born in California are required to have an approved car seat to transport an infant by,128.462,+1.00,8692, vehicle,1,-0.00436211,1.001,4.37985,vehicle. The California Highway Patrol (CHP
md_full,991,Babies born in California are required to have an approved car seat to transport an infant by,-128.462,-1.00,109,\n\n,0,8.75535,-1.001,-4.37986,
md_full,991,Babies born in California are required to have an approved car seat to transport an infant by,256.924,+2.00,1024, their,0,-4.38422,2.00199,8.75971,their vehicle. They are required to be
md_full,991,Babies born in California are required to have an approved car seat to transport an infant by,-256.924,-2.00,109,\n\n,0,13.1352,-2.002,-8.75971,
jtw_legacy,991,Babies born in California are required to have an approved car seat to transport an infant by,0,+0.00,1226, car,0,4.37549,0,0,car. The California Highway Patrol (CHP
jtw_legacy,991,Babies born in California are required to have an approved car seat to transport an infant by,0.587854,+0.25,1226, car,0,4.32154,0.0123299,0.0539494,car. The California Highway Patrol (CHP
jtw_legacy,991,Babies born in California are required to have an approved car seat to transport an infant by,-0.587854,-0.25,1226, car,0,4.42944,-0.0123299,-0.0539494,car. The California Highway Patrol (CHP
jtw_legacy,991,Babies born in California are required to have an approved car seat to transport an infant by,1.17571,+0.50,1226, car,0,4.26759,0.0246594,0.107897,car. The California Highway Patrol (CHP
jtw_legacy,991,Babies born in California are required to have an approved car seat to transport an infant by,-1.17571,-0.50,1226, car,0,4.48339,-0.0246594,-0.107897,car. The California Highway Patrol (CHP
jtw_legacy,991,Babies born in California are required to have an approved car seat to transport an infant by,2.35141,+1.00,1226, car,0,4.1597,0.0493179,0.21579,car. The California Highway Patrol (CHP
jtw_legacy,991,Babies born in California are required to have an approved car seat to transport an infant by,-2.35141,-1.00,1226, car,0,4.59129,-0.0493192,-0.215796,car. The California Highway Patrol (CHP
jtw_legacy,991,Babies born in California are required to have an approved car seat to transport an infant by,4.70283,+2.00,1226, car,0,3.94391,0.0986361,0.431581,car. The California Highway Patrol (CHP
jtw_legacy,991,Babies born in California are required to have an approved car seat to transport an infant by,-4.70283,-2.00,1226, car,0,4.80708,-0.0986379,-0.431589,car. The California Highway Patrol (CHP
oracle,8,Water evaporates faster on hot,0,+0.00,235269,",",0,0.08288,0,0,", dry days than on cold, wet"
oracle,8,Water evaporates faster on hot,0.00785828,+0.25,235269,",",0,0.0621452,0.250178,0.0207348,", dry days than on cold, wet"
oracle,8,Water evaporates faster on hot,-0.00785828,-0.25,235269,",",0,0.103615,-0.250178,-0.0207348,", dry days than on cold, wet"
oracle,8,Water evaporates faster on hot,0.0157166,+0.50,235269,",",0,0.0414085,0.50038,0.0414715,", dry days than on cold, wet"
oracle,8,Water evaporates faster on hot,-0.0157166,-0.50,235269,",",0,0.124355,-0.500426,-0.0414753,", dry days than on cold, wet"
oracle,8,Water evaporates faster on hot,0.0314331,+1.00,2705, days,1,-6.29425e-05,1.00076,0.082943,days than on cold days. Explain.
oracle,8,Water evaporates faster on hot,-0.0314331,-1.00,235269,",",0,0.165825,-1.00078,-0.0829449,", dry days than on cold, wet"
oracle,8,Water evaporates faster on hot,0.0628662,+2.00,2705, days,1,-0.0830097,2.00156,0.16589,days than on cold days. Explain.
oracle,8,Water evaporates faster on hot,-0.0628662,-2.00,235269,",",0,0.24877,-2.00156,-0.16589,", dry days than on cold, wet"
md_full,8,Water evaporates faster on hot,0,+0.00,235269,",",0,0.08288,0,0,", dry days than on cold, wet"
md_full,8,Water evaporates faster on hot,0.354237,+0.25,235269,",",0,0.103619,-0.250224,-0.0207386,", dry days than on cold, wet"
md_full,8,Water evaporates faster on hot,-0.354237,-0.25,235269,",",0,0.0621471,0.250155,0.0207329,", dry days than on cold, wet"
md_full,8,Water evaporates faster on hot,0.708474,+0.50,235269,",",0,0.124353,-0.500403,-0.0414734,", dry days than on cold, wet"
md_full,8,Water evaporates faster on hot,-0.708474,-0.50,235269,",",0,0.0414104,0.500357,0.0414696,", dry days than on cold, wet"
md_full,8,Water evaporates faster on hot,1.41695,+1.00,235269,",",0,0.165829,-1.00083,-0.0829487,", dry days than on cold, wet"
md_full,8,Water evaporates faster on hot,-1.41695,-1.00,2705, days,1,-6.48499e-05,1.00078,0.0829449,days than on cold days. Explain.
md_full,8,Water evaporates faster on hot,2.8339,+2.00,235269,",",0,0.248772,-2.00159,-0.165892,", dry days than on cold, wet"
md_full,8,Water evaporates faster on hot,-2.8339,-2.00,2705, days,1,-0.0830097,2.00156,0.16589,days than on cold days. Explain.
jtw_legacy,8,Water evaporates faster on hot,0,+0.00,235269,",",0,0.08288,0,0,", dry days than on cold, wet"
jtw_legacy,8,Water evaporates faster on hot,0.00785828,+0.25,235269,",",0,0.0820141,0.0104481,0.000865936,", dry days than on cold, wet"
jtw_legacy,8,Water evaporates faster on hot,-0.00785828,-0.25,235269,",",0,0.0837517,-0.0105171,-0.000871658,", dry days than on cold, wet"
jtw_legacy,8,Water evaporates faster on hot,0.0157166,+0.50,235269,",",0,0.0811405,0.0209882,0.0017395,", dry days than on cold, wet"
jtw_legacy,8,Water evaporates faster on hot,-0.0157166,-0.50,235269,",",0,0.0846195,-0.0209882,-0.0017395,", dry days than on cold, wet"
jtw_legacy,8,Water evaporates faster on hot,0.0314331,+1.00,235269,",",0,0.0794029,0.0419534,0.0034771,", dry days than on cold, wet"
jtw_legacy,8,Water evaporates faster on hot,-0.0314331,-1.00,235269,",",0,0.086359,-0.0419764,-0.003479,", dry days than on cold, wet"
jtw_legacy,8,Water evaporates faster on hot,0.0628662,+2.00,235269,",",0,0.0759258,0.0839067,0.00695419,", dry days than on cold, wet"
jtw_legacy,8,Water evaporates faster on hot,-0.0628662,-2.00,235269,",",0,0.0898361,-0.0839298,-0.0069561,", dry days than on cold, wet"
oracle,2133,"Incidentally, black sand beaches are actually not made of soot or volcanic",0,+0.00,29001, ash,0,6.11959,0,0,"ash, but rather of tiny pieces of"
oracle,2133,"Incidentally, black sand beaches are actually not made of soot or volcanic",0.743115,+0.25,29001, ash,0,4.58817,0.250249,1.53142,"ash, but rather of tiny pieces of"
oracle,2133,"Incidentally, black sand beaches are actually not made of soot or volcanic",-0.743115,-0.25,29001, ash,0,7.65101,-0.250249,-1.53142,"ash, but rather of tiny pieces of"
oracle,2133,"Incidentally, black sand beaches are actually not made of soot or volcanic",1.48623,+0.50,29001, ash,0,3.05674,0.500499,3.06285,"ash, but rather of tiny pieces of"
oracle,2133,"Incidentally, black sand beaches are actually not made of soot or volcanic",-1.48623,-0.50,29001, ash,0,9.18243,-0.500499,-3.06285,"ash, but rather of tiny pieces of"
oracle,2133,"Incidentally, black sand beaches are actually not made of soot or volcanic",2.97246,+1.00,12891, dust,1,-0.00611496,1.001,6.1257,"dust, but rather of tiny pieces of"
oracle,2133,"Incidentally, black sand beaches are actually not made of soot or volcanic",-2.97246,-1.00,29001, ash,0,12.2453,-1.001,-6.1257,"ash, but rather of tiny pieces of"
oracle,2133,"Incidentally, black sand beaches are actually not made of soot or volcanic",5.94492,+2.00,12891, dust,1,-6.13181,2.002,12.2514,"dust, but rather of tiny pieces of"
oracle,2133,"Incidentally, black sand beaches are actually not made of soot or volcanic",-5.94492,-2.00,29001, ash,0,18.371,-2.002,-12.2514,"ash, but rather of tiny bits of"
md_full,2133,"Incidentally, black sand beaches are actually not made of soot or volcanic",0,+0.00,29001, ash,0,6.11959,0,0,"ash, but rather of tiny pieces of"
md_full,2133,"Incidentally, black sand beaches are actually not made of soot or volcanic",97.9585,+0.25,29001, ash,0,4.58816,0.25025,1.53142,"ash, but are composed of tiny,"
md_full,2133,"Incidentally, black sand beaches are actually not made of soot or volcanic",-97.9585,-0.25,29001, ash,0,7.65101,-0.25025,-1.53142,"ash, but rather of"
md_full,2133,"Incidentally, black sand beaches are actually not made of soot or volcanic",195.917,+0.50,5640, activity,0,3.05674,0.500499,3.06285,activity. They are formed from the weathering
md_full,2133,"Incidentally, black sand beaches are actually not made of soot or volcanic",-195.917,-0.50,109,\n\n,0,9.18244,-0.5005,-3.06285,
md_full,2133,"Incidentally, black sand beaches are actually not made of soot or volcanic",391.834,+1.00,1024, their,0,-0.00611115,1.001,6.1257,their their their their their their their their
md_full,2133,"Incidentally, black sand beaches are actually not made of soot or volcanic",-391.834,-1.00,109,\n\n,0,12.2453,-1.001,-6.1257,
md_full,2133,"Incidentally, black sand beaches are actually not made of soot or volcanic",783.668,+2.00,44415,inander,0,-6.13182,2.002,12.2514,inanderinanderinanderinanderinanderinanderinanderinander
md_full,2133,"Incidentally, black sand beaches are actually not made of soot or volcanic",-783.668,-2.00,109,\n\n,0,18.371,-2.002,-12.2514,
oracle,4285,Bat secretions can actually be used in,0,+0.00,573, the,0,5.80621,0,0,the treatment of cancer.  The secretions
oracle,4285,Bat secretions can actually be used in,0.98045,+0.25,573, the,0,4.3532,0.250251,1.45301,the treatment of cancer.  The secretions
oracle,4285,Bat secretions can actually be used in,-0.98045,-0.25,573, the,0,7.2592,-0.250247,-1.45299,the treatment of cancer.  The secretions
oracle,4285,Bat secretions can actually be used in,1.9609,+0.50,573, the,0,2.90021,0.500499,2.906,the treatment of cancer.  The secretions
oracle,4285,Bat secretions can actually be used in,-1.9609,-0.50,573, the,0,8.7122,-0.500497,-2.90599,the treatment of cancer.  The secretions
oracle,4285,Bat secretions can actually be used in,3.9218,+1.00,476, a,1,-0.00579071,1.001,5.812,"a variety of ways. For example,"
oracle,4285,Bat secretions can actually be used in,-3.9218,-1.00,573, the,0,11.6182,-1.00099,-5.81199,the treatment of cancer.  The secretions
oracle,4285,Bat secretions can actually be used in,7.8436,+2.00,476, a,1,-5.81778,2.00199,11.624,"a variety of ways. For example,"
oracle,4285,Bat secretions can actually be used in,-7.8436,-2.00,573, the,0,17.4302,-2.00199,-11.624,the treatment of cancer.  The secretions
md_full,4285,Bat secretions can actually be used in,0,+0.00,573, the,0,5.80621,0,0,the treatment of cancer.  The secretions
md_full,4285,Bat secretions can actually be used in,54.6606,+0.25,573, the,0,4.35321,0.250249,1.453,the treatment of cancer.  The secretions
md_full,4285,Bat secretions can actually be used in,-54.6606,-0.25,573, the,0,7.2592,-0.250248,-1.45299,the treatment  of  cancer  .
md_full,4285,Bat secretions can actually be used in,109.321,+0.50,573, the,0,2.90021,0.500499,2.906,the treatment of some diseases. They are
md_full,4285,Bat secretions can actually be used in,-109.321,-0.50,573, the,0,8.7122,-0.500498,-2.90599,the treatment  of
md_full,4285,Bat secretions can actually be used in,218.642,+1.00,1009, some,0,-0.00578308,1.001,5.81199,some ways. They are often used in
md_full,4285,Bat secretions can actually be used in,-218.642,-1.00,109,\n\n,0,11.6182,-1.00099,-5.81199,
md_full,4285,Bat secretions can actually be used in,437.285,+2.00,1009, some,0,-5.81778,2.00199,11.624,some ways. They are often their most
md_full,4285,Bat secretions can actually be used in,-437.285,-2.00,109,\n\n,0,17.4302,-2.00199,-11.624,
jtw_legacy,4285,Bat secretions can actually be used in,0,+0.00,573, the,0,5.80621,0,0,the treatment of cancer.  The secretions
jtw_legacy,4285,Bat secretions can actually be used in,0.98045,+0.25,573, the,0,5.86847,-0.0107236,-0.0622635,the treatment of cancer.  The secretions
jtw_legacy,4285,Bat secretions can actually be used in,-0.98045,-0.25,573, the,0,5.74393,0.0107256,0.0622749,the treatment of cancer.  The secretions
jtw_legacy,4285,Bat secretions can actually be used in,1.9609,+0.50,573, the,0,5.93074,-0.0214485,-0.124535,the treatment of cancer.  The secretions
jtw_legacy,4285,Bat secretions can actually be used in,-1.9609,-0.50,573, the,0,5.68166,0.0214505,0.124546,the treatment of cancer.  The secretions
jtw_legacy,4285,Bat secretions can actually be used in,3.9218,+1.00,573, the,0,6.05528,-0.0428977,-0.249073,the treatment of cancer.  The secretions
jtw_legacy,4285,Bat secretions can actually be used in,-3.9218,-1.00,573, the,0,5.55713,0.042899,0.249081,the treatment of cancer.  The secretions
jtw_legacy,4285,Bat secretions can actually be used in,7.8436,+2.00,573, the,0,6.30436,-0.0857961,-0.49815,the treatment of cancer.  The secretions
jtw_legacy,4285,Bat secretions can actually be used in,-7.8436,-2.00,573, the,0,5.30805,0.085798,0.498161,the treatment of cancer.  The secretions
oracle,1304,There are exactly as many even numbers as there are odd,0,+0.00,5968, numbers,0,6.09725,0,0,"numbers in the set {1,"
oracle,1304,There are exactly as many even numbers as there are odd,0.689065,+0.25,5968, numbers,0,4.57141,0.25025,1.52584,"numbers in the set {1,"
oracle,1304,There are exactly as many even numbers as there are odd,-0.689065,-0.25,5968, numbers,0,7.62308,-0.25025,-1.52584,numbers in the list.  The list
oracle,1304,There are exactly as many even numbers as there are odd,1.37813,+0.50,5968, numbers,0,3.04557,0.5005,3.05167,"numbers in the set {1,"
oracle,1304,There are exactly as many even numbers as there are odd,-1.37813,-0.50,5968, numbers,0,9.14892,-0.500501,-3.05167,numbers in the list.  The list
oracle,1304,There are exactly as many even numbers as there are odd,2.75626,+1.00,6162, ones,1,-0.00610209,1.001,6.10335,ones.  The sum of the even
oracle,1304,There are exactly as many even numbers as there are odd,-2.75626,-1.00,5968, numbers,0,12.2006,-1.001,-6.10335,numbers in the list.  The list
oracle,1304,There are exactly as many even numbers as there are odd,5.51252,+2.00,6162, ones,1,-6.10945,2.002,12.2067,ones.  The sum of the even
oracle,1304,There are exactly as many even numbers as there are odd,-5.51252,-2.00,5968, numbers,0,18.3039,-2.002,-12.2067,numbers in the list.  The number
md_full,1304,There are exactly as many even numbers as there are odd,0,+0.00,5968, numbers,0,6.09725,0,0,"numbers in the set {1,"
md_full,1304,There are exactly as many even numbers as there are odd,112.19,+0.25,5968, numbers,0,7.62308,-0.25025,-1.52584,numbers in the list. How many numbers
md_full,1304,There are exactly as many even numbers as there are odd,-112.19,-0.25,109,\n\n,0,4.57141,0.25025,1.52584,The
md_full,1304,There are exactly as many even numbers as there are odd,224.379,+0.50,5968, numbers,0,9.14892,-0.5005,-3.05167,numbers between 1 and 10
md_full,1304,There are exactly as many even numbers as there are odd,-224.379,-0.50,109,\n\n,0,3.04557,0.5005,3.05167,
md_full,1304,There are exactly as many even numbers as there are odd,448.758,+1.00,44855,它们,0,12.2006,-1.001,-6.10335,它们它们它们它们它们它们它们它们
md_full,1304,There are exactly as many even numbers as there are odd,-448.758,-1.00,109,\n\n,0,-0.00610137,1.001,6.10335,
md_full,1304,There are exactly as many even numbers as there are odd,897.516,+2.00,44415,inander,0,18.3039,-2.002,-12.2067,inanderinanderinanderinanderinanderinanderinanderinander
md_full,1304,There are exactly as many even numbers as there are odd,-897.516,-2.00,109,\n\n,0,-6.10944,2.002,12.2067,
oracle,890,Gorillas have been known to use sign language to communicate with,0,+0.00,1853, each,0,3.53571,0,0,each other.  The apes have been
oracle,890,Gorillas have been known to use sign language to communicate with,0.355377,+0.25,1853, each,0,2.65089,0.250252,0.884819,each other.  The apes have been
oracle,890,Gorillas have been known to use sign language to communicate with,-0.355377,-0.25,1853, each,0,4.42051,-0.250248,-0.884804,each other.  The apes have been
oracle,890,Gorillas have been known to use sign language to communicate with,0.710755,+0.50,1853, each,0,1.76609,0.5005,1.76962,each other.  The apes have been
oracle,890,Gorillas have been known to use sign language to communicate with,-0.710755,-0.50,1853, each,0,5.30533,-0.500501,-1.76962,each other.  The gorillas at
oracle,890,Gorillas have been known to use sign language to communicate with,1.42151,+1.00,17611, humans,1,-0.00354004,1.001,3.53925,humans.  A gorilla named Koko has
oracle,890,Gorillas have been known to use sign language to communicate with,-1.42151,-1.00,1853, each,0,7.07495,-1.001,-3.53924,each other.  The gorillas at
oracle,890,Gorillas have been known to use sign language to communicate with,2.84302,+2.00,17611, humans,1,-3.54278,2.002,7.07849,humans.  A gorilla named Koko has
oracle,890,Gorillas have been known to use sign language to communicate with,-2.84302,-2.00,1853, each,0,10.6142,-2.002,-7.07848,each other.  The sign language is
md_full,890,Gorillas have been known to use sign language to communicate with,0,+0.00,1853, each,0,3.53571,0,0,each other.  The apes have been
md_full,890,Gorillas have been known to use sign language to communicate with,23.6684,+0.25,1853, each,0,4.42051,-0.250248,-0.884804,each other. They have been observed using
md_full,890,Gorillas have been known to use sign language to communicate with,-23.6684,-0.25,1853, each,0,2.65089,0.250252,0.884819,each other.  The gorillas at
md_full,890,Gorillas have been known to use sign language to communicate with,47.3368,+0.50,1853, each,0,5.30532,-0.5005,-1.76962,each other. They have been observed using
md_full,890,Gorillas have been known to use sign language to communicate with,-47.3368,-0.50,1853, each,0,1.76608,0.500501,1.76962,each  other.  The  The
md_full,890,Gorillas have been known to use sign language to communicate with,94.6736,+1.00,1853, each,0,7.07494,-1.001,-3.53924,each other. They use their hands to
md_full,890,Gorillas have been known to use sign language to communicate with,-94.6736,-1.00,109,\n\n,0,-0.00354004,1.001,3.53925,people.  A  gorilla
md_full,890,Gorillas have been known to use sign language to communicate with,189.347,+2.00,1024, their,0,10.6142,-2.002,-7.07848,their mates. They communicate with their mates
md_full,890,Gorillas have been known to use sign language to communicate with,-189.347,-2.00,109,\n\n,0,-3.54278,2.002,7.07849,
oracle,3854,A feather is the lightest thing in the,0,+0.00,2134, world,0,6.3836,0,0,world. It is so light that it
oracle,3854,A feather is the lightest thing in the,0.803629,+0.25,2134, world,0,4.78609,0.250251,1.5975,world. It is so light that it
oracle,3854,A feather is the lightest thing in the,-0.803629,-0.25,2134, world,0,7.9811,-0.250251,-1.5975,world. It is so light that it
oracle,3854,A feather is the lightest thing in the,1.60726,+0.50,2134, world,0,3.1886,0.500501,3.195,world. It is so light that it
oracle,3854,A feather is the lightest thing in the,-1.60726,-0.50,2134, world,0,9.57859,-0.500501,-3.195,world. It is so light that it
oracle,3854,A feather is the lightest thing in the,3.21452,+1.00,17745, universe,1,-0.00639725,1.001,6.39,universe. It is so light that it
oracle,3854,A feather is the lightest thing in the,-3.21452,-1.00,2134, world,0,12.7736,-1.001,-6.39,world. It is so light that it
oracle,3854,A feather is the lightest thing in the,6.42903,+2.00,17745, universe,1,-6.3964,2.002,12.78,universe. It is so light that it
oracle,3854,A feather is the lightest thing in the,-6.42903,-2.00,2134, world,0,19.1636,-2.002,-12.78,world. It is so light that it
md_full,3854,A feather is the lightest thing in the,0,+0.00,2134, world,0,6.3836,0,0,world. It is so light that it
md_full,3854,A feather is the lightest thing in the,187.014,+0.25,2134, world,0,7.9811,-0.250251,-1.5975,world. It weighs about one-tenth
md_full,3854,A feather is the lightest thing in the,-187.014,-0.25,109,\n\n,0,4.78609,0.250251,1.5975,
md_full,3854,A feather is the lightest thing in the,374.028,+0.50,46565, weighing,0,9.5786,-0.500501,-3.195,weighing weighing weighing weighing weighing weighing weighing weighing
md_full,3854,A feather is the lightest thing in the,-374.028,-0.50,109,\n\n,0,3.1886,0.500501,3.195,
md_full,3854,A feather is the lightest thing in the,748.055,+1.00,10368, Their,0,12.7736,-1.001,-6.39,Their Their Their Their Their Their Their Their
md_full,3854,A feather is the lightest thing in the,-748.055,-1.00,109,\n\n,0,-0.00640106,1.001,6.39,
md_full,3854,A feather is the lightest thing in the,1496.11,+2.00,52444,Referanser,0,19.1636,-2.002,-12.78,ReferanserReferanserReferanserReferanserReferanserReferanserReferanserReferanser
md_full,3854,A feather is the lightest thing in the,-1496.11,-2.00,109,\n\n,0,-6.3964,2.00201,12.78,
jtw_legacy,3854,A feather is the lightest thing in the,0,+0.00,2134, world,0,6.3836,0,0,world. It is so light that it
jtw_legacy,3854,A feather is the lightest thing in the,0.803629,+0.25,2134, world,0,6.38498,-0.000216921,-0.00138474,world. It is so light that it
jtw_legacy,3854,A feather is the lightest thing in the,-0.803629,-0.25,2134, world,0,6.38221,0.000216921,0.00138474,world. It is so light that it
jtw_legacy,3854,A feather is the lightest thing in the,1.60726,+0.50,2134, world,0,6.38638,-0.000435037,-0.0027771,world. It is so light that it
jtw_legacy,3854,A feather is the lightest thing in the,-1.60726,-0.50,2134, world,0,6.38083,0.000434439,0.00277328,world. It is so light that it
jtw_legacy,3854,A feather is the lightest thing in the,3.21452,+1.00,2134, world,0,6.38915,-0.000869476,-0.00555038,world. It is so light that it
jtw_legacy,3854,A feather is the lightest thing in the,-3.21452,-1.00,2134, world,0,6.37805,0.000869476,0.00555038,world. It is so light that it
jtw_legacy,3854,A feather is the lightest thing in the,6.42903,+2.00,2134, world,0,6.3947,-0.00173895,-0.0111008,world. It is so light that it
jtw_legacy,3854,A feather is the lightest thing in the,-6.42903,-2.00,2134, world,0,6.37249,0.00173955,0.0111046,world. It is so light that it
oracle,2749,The nearest pizza place to the White House is a place called,0,+0.00,33787, Pizza,0,1.59478,0,0,Pizza Hut.  The White House is
oracle,2749,The nearest pizza place to the White House is a place called,0.14144,+0.25,33787, Pizza,0,1.19569,0.250248,0.39909,Pizza Hut.  The White House is
oracle,2749,The nearest pizza place to the White House is a place called,-0.14144,-0.25,33787, Pizza,0,1.99387,-0.250251,-0.399094,Pizza Hut.  The White House is
oracle,2749,The nearest pizza place to the White House is a place called,0.282879,+0.50,33787, Pizza,0,0.796593,0.500499,0.798183,Pizza Hut.  The White House is
oracle,2749,The nearest pizza place to the White House is a place called,-0.282879,-0.50,33787, Pizza,0,2.39296,-0.500501,-0.798187,Pizza Hut.  The White House is
oracle,2749,The nearest pizza place to the White House is a place called,0.565759,+1.00,664," """,1,-0.00159454,1.001,1.59637,"""Pizza Hut.""  The White House"
oracle,2749,The nearest pizza place to the White House is a place called,-0.565759,-1.00,33787, Pizza,0,3.19115,-1.001,-1.59637,Pizza Hut.  The White House is
oracle,2749,The nearest pizza place to the White House is a place called,1.13152,+2.00,664," """,1,-1.59797,2.002,3.19275,"""Pizza by the Slice"" and it"
oracle,2749,The nearest pizza place to the White House is a place called,-1.13152,-2.00,33787, Pizza,0,4.78753,-2.002,-3.19275,Pizza Hut.  The White House is
md_full,2749,The nearest pizza place to the White House is a place called,0,+0.00,33787, Pizza,0,1.59478,0,0,Pizza Hut.  The White House is
md_full,2749,The nearest pizza place to the White House is a place called,9.81563,+0.25,33787, Pizza,0,1.99387,-0.250253,-0.399097,Pizza Hut.  The White House is
md_full,2749,The nearest pizza place to the White House is a place called,-9.81563,-0.25,33787, Pizza,0,1.19568,0.250251,0.399094,Pizza Hut.  The White House is
md_full,2749,The nearest pizza place to the White House is a place called,19.6313,+0.50,33787, Pizza,0,2.39296,-0.500501,-0.798187,Pizza Hut.  The White House is
md_full,2749,The nearest pizza place to the White House is a place called,-19.6313,-0.50,33787, Pizza,0,0.796587,0.500502,0.798189,Pizza Hut.  The White House is
md_full,2749,The nearest pizza place to the White House is a place called,39.2625,+1.00,33787, Pizza,0,3.19115,-1.001,-1.59637,Pizza Hut.  The White House is
md_full,2749,The nearest pizza place to the White House is a place called,-39.2625,-1.00,664," """,1,-0.00159454,1.001,1.59637,"""Pizza  Pizza  Pizza  Pizza"
md_full,2749,The nearest pizza place to the White House is a place called,78.525,+2.00,11709, Little,0,4.78753,-2.002,-3.19275,Little Caesars. It’s a chain
md_full,2749,The nearest pizza place to the White House is a place called,-78.525,-2.00,109,\n\n,0,-1.59797,2.002,3.19275,Pizza  The  Pizza  Place
jtw_legacy,2749,The nearest pizza place to the White House is a place called,0,+0.00,33787, Pizza,0,1.59478,0,0,Pizza Hut.  The White House is
jtw_legacy,2749,The nearest pizza place to the White House is a place called,0.14144,+0.25,33787, Pizza,0,1.59567,-0.000562119,-0.000896454,Pizza Hut.  The White House is
jtw_legacy,2749,The nearest pizza place to the White House is a place called,-0.14144,-0.25,33787, Pizza,0,1.59388,0.000559727,0.000892639,Pizza Hut.  The White House is
jtw_legacy,2749,The nearest pizza place to the White House is a place called,0.282879,+0.50,33787, Pizza,0,1.59657,-0.00112543,-0.00179482,Pizza Hut.  The White House is
jtw_legacy,2749,The nearest pizza place to the White House is a place called,-0.282879,-0.50,33787, Pizza,0,1.59298,0.00112424,0.00179291,Pizza Hut.  The White House is
jtw_legacy,2749,The nearest pizza place to the White House is a place called,0.565759,+1.00,33787, Pizza,0,1.59836,-0.00224848,-0.00358582,Pizza Hut.  The White House is
jtw_legacy,2749,The nearest pizza place to the White House is a place called,-0.565759,-1.00,33787, Pizza,0,1.59119,0.00224848,0.00358582,Pizza Hut.  The White House is
jtw_legacy,2749,The nearest pizza place to the White House is a place called,1.13152,+2.00,33787, Pizza,0,1.60195,-0.00449695,-0.00717163,Pizza Hut.  The White House is
jtw_legacy,2749,The nearest pizza place to the White House is a place called,-1.13152,-2.00,33787, Pizza,0,1.58761,0.00449456,0.00716782,Pizza Hut.  The White House is
oracle,1124,Cardboard is recyclable up to seven,0,+0.00,3023, times,0,10.0586,0,0,"times, and it’s a great"
oracle,1124,Cardboard is recyclable up to seven,1.0031,+0.25,3023, times,0,7.54147,0.25025,2.51717,"times, and it’s a great"
oracle,1124,Cardboard is recyclable up to seven,-1.0031,-0.25,3023, times,0,12.5758,-0.25025,-2.51717,"times, and it’s a great"
oracle,1124,Cardboard is recyclable up to seven,2.00621,+0.50,3023, times,0,5.02429,0.5005,5.03435,"times, and it’s a great"
oracle,1124,Cardboard is recyclable up to seven,-2.00621,-0.50,3023, times,0,15.093,-0.5005,-5.03435,"times, and it’s a great"
oracle,1124,Cardboard is recyclable up to seven,4.01241,+1.00,689, or,1,-0.0100536,1.001,10.0687,or eight or nine or ten or more
oracle,1124,Cardboard is recyclable up to seven,-4.01241,-1.00,3023, times,0,20.1273,-1.001,-10.0687,times. It is a renewable resource that
oracle,1124,Cardboard is recyclable up to seven,8.02482,+2.00,689, or,1,-10.0787,2.002,20.1374,or eight or more or more or more
oracle,1124,Cardboard is recyclable up to seven,-8.02482,-2.00,3023, times,0,30.196,-2.002,-20.1374,times. It is also biodegradable.
md_full,1124,Cardboard is recyclable up to seven,0,+0.00,3023, times,0,10.0586,0,0,"times, and it’s a great"
md_full,1124,Cardboard is recyclable up to seven,27.8906,+0.25,3023, times,0,12.5758,-0.25025,-2.51717,"times, and it’s a great"
md_full,1124,Cardboard is recyclable up to seven,-27.8906,-0.25,3023, times,0,7.54146,0.25025,2.51718,times.  The average American throws away
md_full,1124,Cardboard is recyclable up to seven,55.7811,+0.50,3023, times,0,15.093,-0.5005,-5.03435,"times, and it’s a great"
md_full,1124,Cardboard is recyclable up to seven,-55.7811,-0.50,3023, times,0,5.02429,0.5005,5.03435,times.  The average American throws away
md_full,1124,Cardboard is recyclable up to seven,111.562,+1.00,3023, times,0,20.1273,-1.001,-10.0687,"times, and it’s a great"
md_full,1124,Cardboard is recyclable up to seven,-111.562,-1.00,109,\n\n,0,-0.0100517,1.001,10.0687,
md_full,1124,Cardboard is recyclable up to seven,223.124,+2.00,3023, times,0,30.196,-2.002,-20.1374,"times, but most of it, about"
md_full,1124,Cardboard is recyclable up to seven,-223.124,-2.00,109,\n\n,0,-10.0787,2.002,20.1374,
jtw_legacy,1124,Cardboard is recyclable up to seven,0,+0.00,3023, times,0,10.0586,0,0,"times, and it’s a great"
jtw_legacy,1124,Cardboard is recyclable up to seven,1.0031,+0.25,3023, times,0,10.1789,-0.0119553,-0.120255,"times, and it’s a great"
jtw_legacy,1124,Cardboard is recyclable up to seven,-1.0031,-0.25,3023, times,0,9.93838,0.0119559,0.12026,"times, and it’s a great"
jtw_legacy,1124,Cardboard is recyclable up to seven,2.00621,+0.50,3023, times,0,10.2992,-0.0239113,-0.240515,"times, and it’s a great"
jtw_legacy,1124,Cardboard is recyclable up to seven,-2.00621,-0.50,3023, times,0,9.81812,0.0239115,0.240517,"times, and it’s a great"
jtw_legacy,1124,Cardboard is recyclable up to seven,4.01241,+1.00,3023, times,0,10.5397,-0.0478227,-0.481031,"times, and it’s a great"
jtw_legacy,1124,Cardboard is recyclable up to seven,-4.01241,-1.00,3023, times,0,9.57761,0.0478229,0.481033,"times, and it’s a great"
jtw_legacy,1124,Cardboard is recyclable up to seven,8.02482,+2.00,3023, times,0,11.0207,-0.0956458,-0.962067,times.  The average American uses
jtw_legacy,1124,Cardboard is recyclable up to seven,-8.02482,-2.00,3023, times,0,9.09657,0.0956458,0.962067,"times, and it’s a great"
oracle,1084,Humans are not the only species to experience complex,0,+0.00,22079, emotions,0,5.77765,0,0,"emotions. In fact, many animals have"
oracle,1084,Humans are not the only species to experience complex,0.602221,+0.25,22079, emotions,0,4.33179,0.250251,1.44586,"emotions. In fact, many animals have"
oracle,1084,Humans are not the only species to experience complex,-0.602221,-0.25,22079, emotions,0,7.2235,-0.250248,-1.44585,"emotions. Animals, too, have been"
oracle,1084,Humans are not the only species to experience complex,1.20444,+0.50,22079, emotions,0,2.88594,0.5005,2.89171,"emotions. In fact, many animals have"
oracle,1084,Humans are not the only species to experience complex,-1.20444,-0.50,22079, emotions,0,8.66936,-0.500499,-2.89171,"emotions. Animals, too, have been"
oracle,1084,Humans are not the only species to experience complex,2.40888,+1.00,3127, social,1,-0.00578308,1.001,5.78343,"social relationships. In fact, many animals"
oracle,1084,Humans are not the only species to experience complex,-2.40888,-1.00,22079, emotions,0,11.5611,-1.001,-5.78341,"emotions. Animals, too, have been"
oracle,1084,Humans are not the only species to experience complex,4.81777,+2.00,3127, social,1,-5.7892,2.002,11.5668,"social relationships. In fact, social relationships"
oracle,1084,Humans are not the only species to experience complex,-4.81777,-2.00,22079, emotions,0,17.3445,-2.002,-11.5668,"emotions. Animals, too, have emotions"
md_full,1084,Humans are not the only species to experience complex,0,+0.00,22079, emotions,0,5.77765,0,0,"emotions. In fact, many animals have"
md_full,1084,Humans are not the only species to experience complex,521.06,+0.25,9228, communication,0,4.33179,0.250251,1.44586,communication ranging their their communicative communicative communicative communicative
md_full,1084,Humans are not the only species to experience complex,-521.06,-0.25,109,\n\n,0,7.2235,-0.250248,-1.44585,
md_full,1084,Humans are not the only species to experience complex,1042.12,+0.50,44415,inander,0,2.88593,0.5005,2.89172,inanderinanderinanderinanderinanderinanderinanderinander
md_full,1084,Humans are not the only species to experience complex,-1042.12,-0.50,109,\n\n,0,8.66936,-0.5005,-2.89172,
md_full,1084,Humans are not the only species to experience complex,2084.24,+1.00,44415,inander,0,-0.00577545,1.001,5.78342,inanderReferanserReferanserReferanserReferanserReferanserReferanserReferanser
md_full,1084,Humans are not the only species to experience complex,-2084.24,-1.00,109,\n\n,0,11.5611,-1.001,-5.78342,
md_full,1084,Humans are not the only species to experience complex,4168.48,+2.00,10368, Their,0,-5.78915,2.00199,11.5668,Their Their They They They They They They
md_full,1084,Humans are not the only species to experience complex,-4168.48,-2.00,108,\n,0,17.3445,-2.002,-11.5668,<unused0><unused0><2mass><2mass>
jtw_legacy,1084,Humans are not the only species to experience complex,0,+0.00,22079, emotions,0,5.77765,0,0,"emotions. In fact, many animals have"
jtw_legacy,1084,Humans are not the only species to experience complex,0.602221,+0.25,22079, emotions,0,5.75358,0.00416552,0.0240669,"emotions. In fact, many animals have"
jtw_legacy,1084,Humans are not the only species to experience complex,-0.602221,-0.25,22079, emotions,0,5.80171,-0.0041642,-0.0240593,"emotions. In fact, many animals have"
jtw_legacy,1084,Humans are not the only species to experience complex,1.20444,+0.50,22079, emotions,0,5.72952,0.00833038,0.04813,"emotions. In fact, many animals have"
jtw_legacy,1084,Humans are not the only species to experience complex,-1.20444,-0.50,22079, emotions,0,5.82578,-0.00832972,-0.0481262,"emotions. In fact, many animals have"
jtw_legacy,1084,Humans are not the only species to experience complex,2.40888,+1.00,22079, emotions,0,5.68139,0.0166601,0.0962563,"emotions. In fact, many animals have"
jtw_legacy,1084,Humans are not the only species to experience complex,-2.40888,-1.00,22079, emotions,0,5.87389,-0.0166581,-0.0962448,"emotions. In fact, many animals have"
jtw_legacy,1084,Humans are not the only species to experience complex,4.81777,+2.00,22079, emotions,0,5.58515,0.0333176,0.192497,"emotions. Animals, too, have been"
jtw_legacy,1084,Humans are not the only species to experience complex,-4.81777,-2.00,22079, emotions,0,5.97014,-0.0333169,-0.192493,"emotions. In fact, many animals have"
oracle,1340,"Dolphins are very intelligent mammals, and are recognized as one of the smartest animal species on",0,+0.00,573, the,0,2.50331,0,0,the planet. They are also very social
oracle,1340,"Dolphins are very intelligent mammals, and are recognized as one of the smartest animal species on",0.229774,+0.25,573, the,0,1.87686,0.25025,0.626453,the planet. They are also very social
oracle,1340,"Dolphins are very intelligent mammals, and are recognized as one of the smartest animal species on",-0.229774,-0.25,573, the,0,3.12977,-0.250251,-0.626457,the planet. They are also very social
oracle,1340,"Dolphins are very intelligent mammals, and are recognized as one of the smartest animal species on",0.459548,+0.50,573, the,0,1.25041,0.500499,1.25291,the planet. They are also very social
oracle,1340,"Dolphins are very intelligent mammals, and are recognized as one of the smartest animal species on",-0.459548,-0.50,573, the,0,3.75623,-0.500501,-1.25291,the planet. They are also very social
oracle,1340,"Dolphins are very intelligent mammals, and are recognized as one of the smartest animal species on",0.919095,+1.00,10379, Earth,1,-0.00251007,1.001,2.50583,"Earth. They are also very social,"
oracle,1340,"Dolphins are very intelligent mammals, and are recognized as one of the smartest animal species on",-0.919095,-1.00,573, the,0,5.00914,-1.001,-2.50582,the planet. They are also very social
oracle,1340,"Dolphins are very intelligent mammals, and are recognized as one of the smartest animal species on",1.83819,+2.00,10379, Earth,1,-2.50833,2.002,5.01164,"Earth. They are also very social,"
oracle,1340,"Dolphins are very intelligent mammals, and are recognized as one of the smartest animal species on",-1.83819,-2.00,573, the,0,7.51496,-2.002,-5.01164,the planet. They are also very social
md_full,1340,"Dolphins are very intelligent mammals, and are recognized as one of the smartest animal species on",0,+0.00,573, the,0,2.50331,0,0,the planet. They are also very social
md_full,1340,"Dolphins are very intelligent mammals, and are recognized as one of the smartest animal species on",23.1791,+0.25,573, the,0,1.87686,0.25025,0.626453,the planet. They are also very social
md_full,1340,"Dolphins are very intelligent mammals, and are recognized as one of the smartest animal species on",-23.1791,-0.25,573, the,0,3.12977,-0.250251,-0.626457,the planet.  They are also very
md_full,1340,"Dolphins are very intelligent mammals, and are recognized as one of the smartest animal species on",46.3582,+0.50,573, the,0,1.2504,0.500501,1.25291,the planet. They are also very social
md_full,1340,"Dolphins are very intelligent mammals, and are recognized as one of the smartest animal species on",-46.3582,-0.50,573, the,0,3.75622,-0.500499,-1.25291,the planet.  They are also very
md_full,1340,"Dolphins are very intelligent mammals, and are recognized as one of the smartest animal species on",92.7163,+1.00,10379, Earth,1,-0.00250626,1.001,2.50582,"Earth. They are also very social,"
md_full,1340,"Dolphins are very intelligent mammals, and are recognized as one of the smartest animal species on",-92.7163,-1.00,573, the,0,5.00914,-1.001,-2.50583,the planet.  But what if you
md_full,1340,"Dolphins are very intelligent mammals, and are recognized as one of the smartest animal species on",185.433,+2.00,10379, Earth,1,-2.50833,2.002,5.01165,Earth. They are often compared to their
md_full,1340,"Dolphins are very intelligent mammals, and are recognized as one of the smartest animal species on",-185.433,-2.00,109,\n\n,0,7.51496,-2.002,-5.01165,
oracle,3974,"Zebras are red, not white with black",0,+0.00,44735, stripes,0,4.4611,0,0,stripes.  The zebra is a horse
oracle,3974,"Zebras are red, not white with black",0.527216,+0.25,44735, stripes,0,3.34471,0.25025,1.11639,stripes.  The zebra is a horse
oracle,3974,"Zebras are red, not white with black",-0.527216,-0.25,44735, stripes,0,5.57749,-0.25025,-1.11639,stripes.  The stripes are actually black
oracle,3974,"Zebras are red, not white with black",1.05443,+0.50,44735, stripes,0,2.22832,0.5005,2.23278,stripes.  The zebra is a type
oracle,3974,"Zebras are red, not white with black",-1.05443,-0.50,44735, stripes,0,6.69388,-0.5005,-2.23278,stripes.  The stripes are actually black
oracle,3974,"Zebras are red, not white with black",2.10886,+1.00,18881, spots,1,-0.0044651,1.001,4.46556,spots.  The white spots on a
oracle,3974,"Zebras are red, not white with black",-2.10886,-1.00,44735, stripes,0,8.92666,-1.001,-4.46556,stripes.  Zebras are not black
oracle,3974,"Zebras are red, not white with black",4.21773,+2.00,18881, spots,1,-4.47002,2.002,8.93112,spots.  The white spots on a
oracle,3974,"Zebras are red, not white with black",-4.21773,-2.00,44735, stripes,0,13.3922,-2.002,-8.93113,stripes.  Zebras are not striped
md_full,3974,"Zebras are red, not white with black",0,+0.00,44735, stripes,0,4.4611,0,0,stripes.  The zebra is a horse
md_full,3974,"Zebras are red, not white with black",155.149,+0.25,235269,",",0,5.57749,-0.25025,-1.11639,", and they are not endangered. They"
md_full,3974,"Zebras are red, not white with black",-155.149,-0.25,109,\n\n,0,3.34471,0.25025,1.11639,He  He  He  He
md_full,3974,"Zebras are red, not white with black",310.297,+0.50,2365, They,0,6.69388,-0.5005,-2.23278,They are often compared to their wild counterparts
md_full,3974,"Zebras are red, not white with black",-310.297,-0.50,109,\n\n,0,2.22831,0.500501,2.23279,
md_full,3974,"Zebras are red, not white with black",620.594,+1.00,10368, Their,0,8.92667,-1.001,-4.46557,Their Their Their Their Their Their Their Their
md_full,3974,"Zebras are red, not white with black",-620.594,-1.00,109,\n\n,0,-0.0044632,1.001,4.46556,
md_full,3974,"Zebras are red, not white with black",1241.19,+2.00,10368, Their,0,13.3922,-2.002,-8.93112,Their Their Their Their Their Their Their Their
md_full,3974,"Zebras are red, not white with black",-1241.19,-2.00,109,\n\n,0,-4.47003,2.002,8.93113,
oracle,4010,"If an owl and a cat breed, the offspring is called a",0,+0.00,24107, barn,0,3.4521,0,0,barn owl. The barn owl is a
oracle,4010,"If an owl and a cat breed, the offspring is called a",0.276641,+0.25,24107, barn,0,2.58821,0.250251,0.86389,barn owl. The barn owl is a
oracle,4010,"If an owl and a cat breed, the offspring is called a",-0.276641,-0.25,24107, barn,0,4.31598,-0.25025,-0.863886,barn owl. Barn owls are nocturnal birds
oracle,4010,"If an owl and a cat breed, the offspring is called a",0.553282,+0.50,24107, barn,0,1.72432,0.500499,1.72777,barn owl. The barn owl is a
oracle,4010,"If an owl and a cat breed, the offspring is called a",-0.553282,-0.50,24107, barn,0,5.17987,-0.500499,-1.72777,barn owl. Barn owls are nocturnal birds
oracle,4010,"If an owl and a cat breed, the offspring is called a",1.10656,+1.00,235248, ,1,-0.00344658,1.001,3.45554,<strong>barn owl</strong>.  Barn
oracle,4010,"If an owl and a cat breed, the offspring is called a",-1.10656,-1.00,24107, barn,0,6.90763,-1.001,-3.45554,barn owl. Barn owls are nocturnal birds
oracle,4010,"If an owl and a cat breed, the offspring is called a",2.21313,+2.00,235248, ,1,-3.45899,2.002,6.91108,<strong><em>cat-owl</em></strong>
oracle,4010,"If an owl and a cat breed, the offspring is called a",-2.21313,-2.00,24107, barn,0,10.3632,-2.002,-6.91108,barn owl. Barn owls are nocturnal birds
md_full,4010,"If an owl and a cat breed, the offspring is called a",0,+0.00,24107, barn,0,3.4521,0,0,barn owl. The barn owl is a
md_full,4010,"If an owl and a cat breed, the offspring is called a",25.089,+0.25,24107, barn,0,4.31598,-0.250249,-0.863882,barn owl. Barn owls are nocturnal birds
md_full,4010,"If an owl and a cat breed, the offspring is called a",-25.089,-0.25,24107, barn,0,2.58821,0.25025,0.863886,barn owl.  The barn owl is
md_full,4010,"If an owl and a cat breed, the offspring is called a",50.178,+0.50,24107, barn,0,5.17986,-0.500498,-1.72777,"barn owl. Barn owls are nocturnal,"
md_full,4010,"If an owl and a cat breed, the offspring is called a",-50.178,-0.50,109,\n\n,0,1.72432,0.500499,1.72777,A.  owl  B
md_full,4010,"If an owl and a cat breed, the offspring is called a",100.356,+1.00,24107, barn,0,6.90764,-1.001,-3.45554,"barn owl. Barn owls are nocturnal,"
md_full,4010,"If an owl and a cat breed, the offspring is called a",-100.356,-1.00,109,\n\n,0,-0.00344467,1.001,3.45554,A    B
md_full,4010,"If an owl and a cat breed, the offspring is called a",200.712,+2.00,45029, Domestic,0,10.3632,-2.002,-6.91108,Domestic Barn Owl. They are a domesticated
md_full,4010,"If an owl and a cat breed, the offspring is called a",-200.712,-2.00,109,\n\n,0,-3.459,2.002,6.91109,
jtw_legacy,4010,"If an owl and a cat breed, the offspring is called a",0,+0.00,24107, barn,0,3.4521,0,0,barn owl. The barn owl is a
jtw_legacy,4010,"If an owl and a cat breed, the offspring is called a",0.276641,+0.25,24107, barn,0,3.46793,-0.00458646,-0.0158329,barn owl. The barn owl is a
jtw_legacy,4010,"If an owl and a cat breed, the offspring is called a",-0.276641,-0.25,24107, barn,0,3.43626,0.00458757,0.0158367,barn owl. The barn owl is a
jtw_legacy,4010,"If an owl and a cat breed, the offspring is called a",0.553282,+0.50,24107, barn,0,3.48376,-0.00917348,-0.0316677,barn owl. The barn owl is a
jtw_legacy,4010,"If an owl and a cat breed, the offspring is called a",-0.553282,-0.50,24107, barn,0,3.42042,0.00917513,0.0316734,barn owl. The barn owl is a
jtw_legacy,4010,"If an owl and a cat breed, the offspring is called a",1.10656,+1.00,24107, barn,0,3.51543,-0.0183464,-0.0633335,barn owl. The barn owl is a
jtw_legacy,4010,"If an owl and a cat breed, the offspring is called a",-1.10656,-1.00,24107, barn,0,3.38876,0.018347,0.0633354,barn owl. The barn owl is a
jtw_legacy,4010,"If an owl and a cat breed, the offspring is called a",2.21313,+2.00,24107, barn,0,3.57877,-0.036695,-0.126675,barn owl. The barn owl is a
jtw_legacy,4010,"If an owl and a cat breed, the offspring is called a",-2.21313,-2.00,24107, barn,0,3.32541,0.0366967,0.12668,barn owl. The barn owl is a
oracle,2732,Since ancient times corn has been used as a remedy for snake bites and jellyfish,0,+0.00,199084, stings,0,9.77789,0,0,stings. It is also used to treat
oracle,2732,Since ancient times corn has been used as a remedy for snake bites and jellyfish,1.67603,+0.25,199084, stings,0,7.33098,0.250249,2.44691,stings. It is also used to treat
oracle,2732,Since ancient times corn has been used as a remedy for snake bites and jellyfish,-1.67603,-0.25,199084, stings,0,12.2248,-0.250251,-2.44692,stings. It is also used to treat
oracle,2732,Since ancient times corn has been used as a remedy for snake bites and jellyfish,3.35207,+0.50,199084, stings,0,4.88406,0.5005,4.89383,stings. It is also used to treat
oracle,2732,Since ancient times corn has been used as a remedy for snake bites and jellyfish,-3.35207,-0.50,199084, stings,0,14.6717,-0.500501,-4.89384,stings. It is also used to treat
oracle,2732,Since ancient times corn has been used as a remedy for snake bites and jellyfish,6.70414,+1.00,53155, sting,1,-0.00977707,1.001,9.78767,sting.  The corn is ground into
oracle,2732,Since ancient times corn has been used as a remedy for snake bites and jellyfish,-6.70414,-1.00,199084, stings,0,19.5656,-1.001,-9.78767,stings. It is also used to treat
oracle,2732,Since ancient times corn has been used as a remedy for snake bites and jellyfish,13.4083,+2.00,53155, sting,1,-9.79744,2.002,19.5753,sting.  The corn is ground into
oracle,2732,Since ancient times corn has been used as a remedy for snake bites and jellyfish,-13.4083,-2.00,199084, stings,0,29.3532,-2.002,-19.5753,stings. It is also used to treat
md_full,2732,Since ancient times corn has been used as a remedy for snake bites and jellyfish,0,+0.00,199084, stings,0,9.77789,0,0,stings. It is also used to treat
md_full,2732,Since ancient times corn has been used as a remedy for snake bites and jellyfish,74.6864,+0.25,199084, stings,0,7.33097,0.25025,2.44691,stings. It is also used to treat
md_full,2732,Since ancient times corn has been used as a remedy for snake bites and jellyfish,-74.6864,-0.25,199084, stings,0,12.2248,-0.250251,-2.44692,stings.  The corn is ground into
md_full,2732,Since ancient times corn has been used as a remedy for snake bites and jellyfish,149.373,+0.50,199084, stings,0,4.88406,0.5005,4.89383,"stings. It is a powerful, yet"
md_full,2732,Since ancient times corn has been used as a remedy for snake bites and jellyfish,-149.373,-0.50,109,\n\n,0,14.6717,-0.500501,-4.89384,
md_full,2732,Since ancient times corn has been used as a remedy for snake bites and jellyfish,298.745,+1.00,235269,",",0,-0.00977516,1.001,9.78766,", but their most important use is as"
md_full,2732,Since ancient times corn has been used as a remedy for snake bites and jellyfish,-298.745,-1.00,109,\n\n,0,19.5656,-1.001,-9.78767,
md_full,2732,Since ancient times corn has been used as a remedy for snake bites and jellyfish,597.491,+2.00,206515, Borne,0,-9.79745,2.002,19.5753,Borne Borne Borne Borne Borne Borne Borne Borne
md_full,2732,Since ancient times corn has been used as a remedy for snake bites and jellyfish,-597.491,-2.00,109,\n\n,0,29.3532,-2.002,-19.5753,
jtw_legacy,2732,Since ancient times corn has been used as a remedy for snake bites and jellyfish,0,+0.00,199084, stings,0,9.77789,0,0,stings. It is also used to treat
jtw_legacy,2732,Since ancient times corn has been used as a remedy for snake bites and jellyfish,1.67603,+0.25,199084, stings,0,9.799,-0.0021594,-0.0211143,stings. It is also used to treat
jtw_legacy,2732,Since ancient times corn has been used as a remedy for snake bites and jellyfish,-1.67603,-0.25,199084, stings,0,9.75679,0.00215823,0.0211029,stings. It is also used to treat
jtw_legacy,2732,Since ancient times corn has been used as a remedy for snake bites and jellyfish,3.35207,+0.50,199084, stings,0,9.82011,-0.00431821,-0.042223,stings. It is also used to treat
jtw_legacy,2732,Since ancient times corn has been used as a remedy for snake bites and jellyfish,-3.35207,-0.50,199084, stings,0,9.73567,0.00431782,0.0422192,stings. It is also used to treat
jtw_legacy,2732,Since ancient times corn has been used as a remedy for snake bites and jellyfish,6.70414,+1.00,199084, stings,0,9.86234,-0.00863661,-0.0844479,stings. It is also used to treat
jtw_legacy,2732,Since ancient times corn has been used as a remedy for snake bites and jellyfish,-6.70414,-1.00,199084, stings,0,9.69345,0.00863603,0.0844421,stings.  The corn is ground into
jtw_legacy,2732,Since ancient times corn has been used as a remedy for snake bites and jellyfish,13.4083,+2.00,199084, stings,0,9.94678,-0.017273,-0.168894,stings. It is also used to treat
jtw_legacy,2732,Since ancient times corn has been used as a remedy for snake bites and jellyfish,-13.4083,-2.00,199084, stings,0,9.609,0.0172721,0.168884,stings.  The corn is ground into
oracle,1589,"Due to imperfections in the lens of the eye, everyone sees objects in slightly different",0,+0.00,5742, ways,0,2.8252,0,0,ways. This is why we all see
oracle,1589,"Due to imperfections in the lens of the eye, everyone sees objects in slightly different",0.323423,+0.25,5742, ways,0,2.11819,0.250249,0.707005,ways. This is why we all see
oracle,1589,"Due to imperfections in the lens of the eye, everyone sees objects in slightly different",-0.323423,-0.25,5742, ways,0,3.53221,-0.25025,-0.707006,ways. This is why we all see
oracle,1589,"Due to imperfections in the lens of the eye, everyone sees objects in slightly different",0.646847,+0.50,5742, ways,0,1.41119,0.5005,1.41401,ways. This is why we all see
oracle,1589,"Due to imperfections in the lens of the eye, everyone sees objects in slightly different",-0.646847,-0.50,5742, ways,0,4.23921,-0.500499,-1.41401,ways. This is why we all see
oracle,1589,"Due to imperfections in the lens of the eye, everyone sees objects in slightly different",1.29369,+1.00,13102, locations,1,-0.00281715,1.001,2.82802,locations. The eye is able to compensate
oracle,1589,"Due to imperfections in the lens of the eye, everyone sees objects in slightly different",-1.29369,-1.00,5742, ways,0,5.65322,-1.001,-2.82802,ways. This is why we all see
oracle,1589,"Due to imperfections in the lens of the eye, everyone sees objects in slightly different",2.58739,+2.00,13102, locations,1,-2.83084,2.00199,5.65603,locations. The eye is able to compensate
oracle,1589,"Due to imperfections in the lens of the eye, everyone sees objects in slightly different",-2.58739,-2.00,5742, ways,0,8.48123,-2.00199,-5.65603,ways. This is why we all see
md_full,1589,"Due to imperfections in the lens of the eye, everyone sees objects in slightly different",0,+0.00,5742, ways,0,2.8252,0,0,ways. This is why we all see
md_full,1589,"Due to imperfections in the lens of the eye, everyone sees objects in slightly different",19.0274,+0.25,5742, ways,0,3.53221,-0.25025,-0.707006,ways. This is why we all see
md_full,1589,"Due to imperfections in the lens of the eye, everyone sees objects in slightly different",-19.0274,-0.25,5742, ways,0,2.11819,0.250249,0.707005,ways. This is why we see the
md_full,1589,"Due to imperfections in the lens of the eye, everyone sees objects in slightly different",38.0549,+0.50,5742, ways,0,4.23921,-0.500499,-1.41401,ways. This is why we all have
md_full,1589,"Due to imperfections in the lens of the eye, everyone sees objects in slightly different",-38.0549,-0.50,5742, ways,0,1.41119,0.500498,1.41401,ways. This is why we see the
md_full,1589,"Due to imperfections in the lens of the eye, everyone sees objects in slightly different",76.1097,+1.00,5742, ways,0,5.65322,-1.001,-2.82802,ways. The eye’s lens is
md_full,1589,"Due to imperfections in the lens of the eye, everyone sees objects in slightly different",-76.1097,-1.00,109,\n\n,0,-0.00281715,1.001,2.82802,A  B  C  D
md_full,1589,"Due to imperfections in the lens of the eye, everyone sees objects in slightly different",152.219,+2.00,5742, ways,0,8.48123,-2.00199,-5.65603,ways. Some people have a dominant eye
md_full,1589,"Due to imperfections in the lens of the eye, everyone sees objects in slightly different",-152.219,-2.00,109,\n\n,0,-2.83084,2.002,5.65604,
jtw_legacy,1589,"Due to imperfections in the lens of the eye, everyone sees objects in slightly different",0,+0.00,5742, ways,0,2.8252,0,0,ways. This is why we all see
jtw_legacy,1589,"Due to imperfections in the lens of the eye, everyone sees objects in slightly different",0.323423,+0.25,5742, ways,0,2.82218,0.00106804,0.00301743,ways. This is why we all see
jtw_legacy,1589,"Due to imperfections in the lens of the eye, everyone sees objects in slightly different",-0.323423,-0.25,5742, ways,0,2.82822,-0.00106939,-0.00302124,ways. This is why we all see
jtw_legacy,1589,"Due to imperfections in the lens of the eye, everyone sees objects in slightly different",0.646847,+0.50,5742, ways,0,2.81916,0.00213676,0.00603676,ways. This is why we all see
jtw_legacy,1589,"Due to imperfections in the lens of the eye, everyone sees objects in slightly different",-0.646847,-0.50,5742, ways,0,2.83124,-0.00213878,-0.00604248,ways. This is why we all see
jtw_legacy,1589,"Due to imperfections in the lens of the eye, everyone sees objects in slightly different",1.29369,+1.00,5742, ways,0,2.81312,0.00427419,0.0120754,ways. This is why we all see
jtw_legacy,1589,"Due to imperfections in the lens of the eye, everyone sees objects in slightly different",-1.29369,-1.00,5742, ways,0,2.83728,-0.00427554,-0.0120792,ways. This is why we all see
jtw_legacy,1589,"Due to imperfections in the lens of the eye, everyone sees objects in slightly different",2.58739,+2.00,5742, ways,0,2.80104,0.00855107,0.0241585,ways. This is why we all see
jtw_legacy,1589,"Due to imperfections in the lens of the eye, everyone sees objects in slightly different",-2.58739,-2.00,5742, ways,0,2.84936,-0.00855175,-0.0241604,ways. This is why we all see
oracle,4339,Gravitational singularities don’t actually,0,+0.00,3120, exist,0,8.94479,0,0,exist. They are just a mathematical construct
oracle,4339,Gravitational singularities don’t actually,1.14903,+0.25,3120, exist,0,6.70636,0.25025,2.23843,exist. They are just a mathematical construct
oracle,4339,Gravitational singularities don’t actually,-1.14903,-0.25,3120, exist,0,11.1832,-0.25025,-2.23844,exist. They are just a mathematical construct
oracle,4339,Gravitational singularities don’t actually,2.29805,+0.50,3120, exist,0,4.46792,0.5005,4.47687,exist. They are just a mathematical artifact
oracle,4339,Gravitational singularities don’t actually,-2.29805,-0.50,3120, exist,0,13.4217,-0.5005,-4.47687,exist. They are just a mathematical construct
oracle,4339,Gravitational singularities don’t actually,4.5961,+1.00,5489, occur,1,-0.00894928,1.001,8.95374,occur in nature. They are a mathematical
oracle,4339,Gravitational singularities don’t actually,-4.5961,-1.00,3120, exist,0,17.8985,-1.001,-8.95374,exist. They are just a mathematical construct
oracle,4339,Gravitational singularities don’t actually,9.19221,+2.00,5489, occur,1,-8.96269,2.002,17.9075,occur in nature. They are mathematical constructs
oracle,4339,Gravitational singularities don’t actually,-9.19221,-2.00,3120, exist,0,26.8523,-2.002,-17.9075,exist. They are just a mathematical construct
md_full,4339,Gravitational singularities don’t actually,0,+0.00,3120, exist,0,8.94479,0,0,exist. They are just a mathematical construct
md_full,4339,Gravitational singularities don’t actually,559.481,+0.25,2365, They,0,11.1832,-0.250251,-2.23844,They They They They They They They They
md_full,4339,Gravitational singularities don’t actually,-559.481,-0.25,109,\n\n,0,6.70635,0.25025,2.23844,
md_full,4339,Gravitational singularities don’t actually,1118.96,+0.50,87936,GraphicsUnit,0,13.4217,-0.500501,-4.47688,GraphicsUnitGraphicsUnitGraphicsUnitGraphicsUnitGraphicsUnitGraphicsUnitGraphicsUnitGraphicsUnit
md_full,4339,Gravitational singularities don’t actually,-1118.96,-0.50,109,\n\n,0,4.46791,0.500501,4.47688,
md_full,4339,Gravitational singularities don’t actually,2237.92,+1.00,87936,GraphicsUnit,0,17.8985,-1.001,-8.95375,GraphicsUnitGraphicsUnitGraphicsUnitGraphicsUnitGraphicsUnitGraphicsUnitGraphicsUnitGraphicsUnit
md_full,4339,Gravitational singularities don’t actually,-2237.92,-1.00,109,\n\n,0,-0.00895691,1.001,8.95375,
md_full,4339,Gravitational singularities don’t actually,4475.85,+2.00,2365, They,0,26.8523,-2.00201,-17.9075,They They They They They They They They
md_full,4339,Gravitational singularities don’t actually,-4475.85,-2.00,7,<unused0>,0,-8.96272,2.002,17.9075,<unused0>
jtw_legacy,4339,Gravitational singularities don’t actually,0,+0.00,3120, exist,0,8.94479,0,0,exist. They are just a mathematical construct
jtw_legacy,4339,Gravitational singularities don’t actually,1.14903,+0.25,3120, exist,0,8.9367,0.000904333,0.00808907,exist. They are just a mathematical construct
jtw_legacy,4339,Gravitational singularities don’t actually,-1.14903,-0.25,3120, exist,0,8.95288,-0.000904546,-0.00809097,exist. They are just a mathematical construct
jtw_legacy,4339,Gravitational singularities don’t actually,2.29805,+0.50,3120, exist,0,8.92861,0.00180909,0.0161819,exist. They are just a mathematical construct
jtw_legacy,4339,Gravitational singularities don’t actually,-2.29805,-0.50,3120, exist,0,8.96097,-0.00180867,-0.0161781,exist. They are just a mathematical artifact
jtw_legacy,4339,Gravitational singularities don’t actually,4.5961,+1.00,3120, exist,0,8.91243,0.00361776,0.0323601,exist. They are just a mathematical construct
jtw_legacy,4339,Gravitational singularities don’t actually,-4.5961,-1.00,3120, exist,0,8.97715,-0.00361818,-0.0323639,exist. They are just a mathematical artifact
jtw_legacy,4339,Gravitational singularities don’t actually,9.19221,+2.00,3120, exist,0,8.88007,0.00723551,0.0647202,exist. They are just a mathematical construct
jtw_legacy,4339,Gravitational singularities don’t actually,-9.19221,-2.00,3120, exist,0,9.00951,-0.00723551,-0.0647202,exist. They’re just a mathematical
oracle,419,Productivity can be measured as a ratio of what is produced to what is required to,0,+0.00,7872, produce,0,10.0805,0,0,produce it.  The ratio of the
oracle,419,Productivity can be measured as a ratio of what is produced to what is required to,1.29653,+0.25,7872, produce,0,7.55782,0.25025,2.52264,produce it.  The ratio of the
oracle,419,Productivity can be measured as a ratio of what is produced to what is required to,-1.29653,-0.25,7872, produce,0,12.6031,-0.25025,-2.52264,produce it.  The productivity of a
oracle,419,Productivity can be measured as a ratio of what is produced to what is required to,2.59306,+0.50,7872, produce,0,5.03519,0.5005,5.04527,produce it.  The ratio of the
oracle,419,Productivity can be measured as a ratio of what is produced to what is required to,-2.59306,-0.50,7872, produce,0,15.1257,-0.5005,-5.04527,produce it.  Productivity is the ratio
oracle,419,Productivity can be measured as a ratio of what is produced to what is required to,5.18613,+1.00,1501, make,1,-0.0100822,1.001,10.0905,make it.  The ratio of the
oracle,419,Productivity can be measured as a ratio of what is produced to what is required to,-5.18613,-1.00,7872, produce,0,20.171,-1.001,-10.0905,produce it.  Productivity is the ratio
oracle,419,Productivity can be measured as a ratio of what is produced to what is required to,10.3723,+2.00,1501, make,1,-10.1006,2.002,20.1811,make it.  The ratio of the
oracle,419,Productivity can be measured as a ratio of what is produced to what is required to,-10.3723,-2.00,7872, produce,0,30.2616,-2.002,-20.1811,produce it. Productivity is a measure of
md_full,419,Productivity can be measured as a ratio of what is produced to what is required to,0,+0.00,7872, produce,0,10.0805,0,0,produce it.  The ratio of the
md_full,419,Productivity can be measured as a ratio of what is produced to what is required to,169.108,+0.25,7872, produce,0,7.55783,0.25025,2.52263,"produce it. In the following, calculate"
md_full,419,Productivity can be measured as a ratio of what is produced to what is required to,-169.108,-0.25,109,\n\n,0,12.6031,-0.250251,-2.52264,
md_full,419,Productivity can be measured as a ratio of what is produced to what is required to,338.216,+0.50,1024, their,0,5.03519,0.5005,5.04527,their their their their their their their their
md_full,419,Productivity can be measured as a ratio of what is produced to what is required to,-338.216,-0.50,109,\n\n,0,15.1257,-0.5005,-5.04527,
md_full,419,Productivity can be measured as a ratio of what is produced to what is required to,676.433,+1.00,1024, their,0,-0.010088,1.001,10.0905,their their their their their their their their
md_full,419,Productivity can be measured as a ratio of what is produced to what is required to,-676.433,-1.00,109,\n\n,0,20.171,-1.001,-10.0905,
md_full,419,Productivity can be measured as a ratio of what is produced to what is required to,1352.87,+2.00,44415,inander,0,-10.1006,2.002,20.1811,inanderinanderinanderinanderinanderinanderinanderinander
md_full,419,Productivity can be measured as a ratio of what is produced to what is required to,-1352.87,-2.00,109,\n\n,0,30.2615,-2.002,-20.1811,
oracle,3983,"The Canada Goose is actually named after the country of Canada, not the bird's",0,+0.00,5579, actual,0,0.265766,0,0,actual color. The Canada Goose is a
oracle,3983,"The Canada Goose is actually named after the country of Canada, not the bird's",0.028573,+0.25,5579, actual,0,0.199265,0.250226,0.0665016,actual color. The Canada Goose is a
oracle,3983,"The Canada Goose is actually named after the country of Canada, not the bird's",-0.028573,-0.25,5579, actual,0,0.332268,-0.250226,-0.0665016,actual color. The Canada Goose is a
oracle,3983,"The Canada Goose is actually named after the country of Canada, not the bird's",0.057146,+0.50,5579, actual,0,0.132759,0.500466,0.133007,actual color. The Canada Goose is a
oracle,3983,"The Canada Goose is actually named after the country of Canada, not the bird's",-0.057146,-0.50,5579, actual,0,0.398773,-0.500466,-0.133007,actual color. The Canada Goose is a
oracle,3983,"The Canada Goose is actually named after the country of Canada, not the bird's",0.114292,+1.00,2881, color,1,-0.00025177,1.00095,0.266018,color. The Canada Goose is a large
oracle,3983,"The Canada Goose is actually named after the country of Canada, not the bird's",-0.114292,-1.00,5579, actual,0,0.531784,-1.00095,-0.266018,actual color. The Canada Goose is a
oracle,3983,"The Canada Goose is actually named after the country of Canada, not the bird's",0.228584,+2.00,2881, color,1,-0.26627,2.00189,0.532036,color. The Canada Goose is a large
oracle,3983,"The Canada Goose is actually named after the country of Canada, not the bird's",-0.228584,-2.00,5579, actual,0,0.797802,-2.00189,-0.532036,actual color. The Canada Goose is a
md_full,3983,"The Canada Goose is actually named after the country of Canada, not the bird's",0,+0.00,5579, actual,0,0.265766,0,0,actual color. The Canada Goose is a
md_full,3983,"The Canada Goose is actually named after the country of Canada, not the bird's",1.76184,+0.25,5579, actual,0,0.199261,0.25024,0.0665054,actual color. The Canada Goose is a
md_full,3983,"The Canada Goose is actually named after the country of Canada, not the bird's",-1.76184,-0.25,5579, actual,0,0.332268,-0.250226,-0.0665016,actual color. The Canada Goose is a
md_full,3983,"The Canada Goose is actually named after the country of Canada, not the bird's",3.52369,+0.50,5579, actual,0,0.132759,0.500466,0.133007,actual color. The Canada Goose is a
md_full,3983,"The Canada Goose is actually named after the country of Canada, not the bird's",-3.52369,-0.50,5579, actual,0,0.398777,-0.500481,-0.133011,actual color. The Canada Goose is a
md_full,3983,"The Canada Goose is actually named after the country of Canada, not the bird's",7.04737,+1.00,2881, color,1,-0.00025177,1.00095,0.266018,color. The Canada Goose is a large
md_full,3983,"The Canada Goose is actually named after the country of Canada, not the bird's",-7.04737,-1.00,5579, actual,0,0.531784,-1.00095,-0.266018,actual color. The Canada Goose is a
md_full,3983,"The Canada Goose is actually named after the country of Canada, not the bird's",14.0947,+2.00,2881, color,1,-0.266273,2.00191,0.53204,color. The Canada Goose is a large
md_full,3983,"The Canada Goose is actually named after the country of Canada, not the bird's",-14.0947,-2.00,5579, actual,0,0.797798,-2.00188,-0.532032,actual color. The Canada Goose is a
oracle,336,Cryptocurrencies are digital or virtual tokens used as a medium of,0,+0.00,10036, exchange,0,5.61498,0,0,"exchange. They are decentralized, meaning they"
oracle,336,Cryptocurrencies are digital or virtual tokens used as a medium of,0.61653,+0.25,10036, exchange,0,4.20984,0.250249,1.40515,"exchange. They are decentralized, meaning they"
oracle,336,Cryptocurrencies are digital or virtual tokens used as a medium of,-0.61653,-0.25,10036, exchange,0,7.02013,-0.25025,-1.40515,"exchange. They are decentralized, meaning they"
oracle,336,Cryptocurrencies are digital or virtual tokens used as a medium of,1.23306,+0.50,10036, exchange,0,2.80469,0.500499,2.8103,"exchange. They are decentralized, meaning they"
oracle,336,Cryptocurrencies are digital or virtual tokens used as a medium of,-1.23306,-0.50,10036, exchange,0,8.42528,-0.5005,-2.8103,"exchange. They are decentralized, meaning they"
oracle,336,Cryptocurrencies are digital or virtual tokens used as a medium of,2.46612,+1.00,7984, payment,1,-0.00561142,1.001,5.62059,payment. They are not issued by any
oracle,336,Cryptocurrencies are digital or virtual tokens used as a medium of,-2.46612,-1.00,10036, exchange,0,11.2356,-1.001,-5.62059,"exchange. They are decentralized, meaning they"
oracle,336,Cryptocurrencies are digital or virtual tokens used as a medium of,4.93224,+2.00,7984, payment,1,-5.62621,2.002,11.2412,payment. They are not issued by any
oracle,336,Cryptocurrencies are digital or virtual tokens used as a medium of,-4.93224,-2.00,10036, exchange,0,16.8562,-2.002,-11.2412,"exchange. They are decentralized, meaning they"
md_full,336,Cryptocurrencies are digital or virtual tokens used as a medium of,0,+0.00,10036, exchange,0,5.61498,0,0,"exchange. They are decentralized, meaning they"
md_full,336,Cryptocurrencies are digital or virtual tokens used as a medium of,54.5711,+0.25,10036, exchange,0,7.02013,-0.25025,-1.40515,exchange. They are often used to purchase
md_full,336,Cryptocurrencies are digital or virtual tokens used as a medium of,-54.5711,-0.25,109,\n\n,0,4.20984,0.25025,1.40515,exchange.  Cryptocurrencies are decentralized
md_full,336,Cryptocurrencies are digital or virtual tokens used as a medium of,109.142,+0.50,10036, exchange,0,8.42528,-0.5005,-2.8103,exchange. They are often referred to as
md_full,336,Cryptocurrencies are digital or virtual tokens used as a medium of,-109.142,-0.50,109,\n\n,0,2.80469,0.500499,2.8103,
md_full,336,Cryptocurrencies are digital or virtual tokens used as a medium of,218.285,+1.00,1024, their,0,11.2356,-1.001,-5.62059,"their own, with their own characteristics and"
md_full,336,Cryptocurrencies are digital or virtual tokens used as a medium of,-218.285,-1.00,109,\n\n,0,-0.00560951,1.001,5.62059,
md_full,336,Cryptocurrencies are digital or virtual tokens used as a medium of,436.569,+2.00,1024, their,0,16.8562,-2.002,-11.2412,their their their their their their their their
md_full,336,Cryptocurrencies are digital or virtual tokens used as a medium of,-436.569,-2.00,109,\n\n,0,-5.6262,2.002,11.2412,
jtw_legacy,336,Cryptocurrencies are digital or virtual tokens used as a medium of,0,+0.00,10036, exchange,0,5.61498,0,0,"exchange. They are decentralized, meaning they"
jtw_legacy,336,Cryptocurrencies are digital or virtual tokens used as a medium of,0.61653,+0.25,10036, exchange,0,5.64267,-0.00493008,-0.0276823,"exchange. They are decentralized, meaning they"
jtw_legacy,336,Cryptocurrencies are digital or virtual tokens used as a medium of,-0.61653,-0.25,10036, exchange,0,5.58731,0.0049294,0.0276785,"exchange. They are decentralized, meaning they"
jtw_legacy,336,Cryptocurrencies are digital or virtual tokens used as a medium of,1.23306,+0.50,10036, exchange,0,5.67034,-0.00985948,-0.0553608,"exchange. They are decentralized, meaning they"
jtw_legacy,336,Cryptocurrencies are digital or virtual tokens used as a medium of,-1.23306,-0.50,10036, exchange,0,5.55962,0.00985931,0.0553598,"exchange. They are decentralized, meaning they"
jtw_legacy,336,Cryptocurrencies are digital or virtual tokens used as a medium of,2.46612,+1.00,10036, exchange,0,5.72571,-0.0197193,-0.110723,"exchange. They are decentralized, meaning they"
jtw_legacy,336,Cryptocurrencies are digital or virtual tokens used as a medium of,-2.46612,-1.00,10036, exchange,0,5.50426,0.0197186,0.11072,"exchange. They are decentralized, meaning they"
jtw_legacy,336,Cryptocurrencies are digital or virtual tokens used as a medium of,4.93224,+2.00,10036, exchange,0,5.83643,-0.0394384,-0.221446,"exchange. They are decentralized, meaning they"
jtw_legacy,336,Cryptocurrencies are digital or virtual tokens used as a medium of,-4.93224,-2.00,10036, exchange,0,5.39354,0.0394377,0.221442,"exchange. They are decentralized, meaning they"
oracle,2865,Champagne is not from,0,+0.00,6081, France,0,1.40178,0,0,France. It is from the Champagne region
oracle,2865,Champagne is not from,0.167677,+0.25,6081, France,0,1.05098,0.25025,0.350796,France. It is from the Champagne region
oracle,2865,Champagne is not from,-0.167677,-0.25,6081, France,0,1.75258,-0.250253,-0.3508,France. It is from the Champagne region
oracle,2865,Champagne is not from,0.335354,+0.50,6081, France,0,0.700188,0.500501,0.701591,France. It is from the Champagne region
oracle,2865,Champagne is not from,-0.335354,-0.50,6081, France,0,2.10337,-0.500501,-0.701591,France. It is from the Champagne region
oracle,2865,Champagne is not from,0.670709,+1.00,77983, Champagne,1,-0.00140381,1.001,1.40318,Champagne. It is from the Champagne region
oracle,2865,Champagne is not from,-0.670709,-1.00,6081, France,0,2.80497,-1.001,-1.40319,France. It is from the Champagne region
oracle,2865,Champagne is not from,1.34142,+2.00,77983, Champagne,1,-1.4046,2.00201,2.80638,Champagne. It is from the Champagne region
oracle,2865,Champagne is not from,-1.34142,-2.00,6081, France,0,4.20815,-2.00201,-2.80637,France. It is from the Champagne region
md_full,2865,Champagne is not from,0,+0.00,6081, France,0,1.40178,0,0,France. It is from the Champagne region
md_full,2865,Champagne is not from,24.7374,+0.25,6081, France,0,1.75257,-0.250248,-0.350792,France. It is from the Champagne region
md_full,2865,Champagne is not from,-24.7374,-0.25,6081, France,0,1.05098,0.25025,0.350796,France.  It is from the Champagne
md_full,2865,Champagne is not from,49.4747,+0.50,6081, France,0,2.10337,-0.500502,-0.701593,France. It is from the Champagne region
md_full,2865,Champagne is not from,-49.4747,-0.50,6081, France,0,0.70018,0.500506,0.701599,France.  Champagne is not from France
md_full,2865,Champagne is not from,98.9494,+1.00,573, the,0,2.80497,-1.001,-1.40319,the Champagne region of France. It is
md_full,2865,Champagne is not from,-98.9494,-1.00,109,\n\n,0,-0.00141144,1.00101,1.40319,Champagne is  Champagne is  Champagne
md_full,2865,Champagne is not from,197.899,+2.00,1024, their,0,4.20815,-2.00201,-2.80637,"their, but they do have a few"
md_full,2865,Champagne is not from,-197.899,-2.00,109,\n\n,0,-1.4046,2.00201,2.80638,
oracle,1118,Squares are rectangles but rectangles are not,0,+0.00,32670, squares,0,2.8939,0,0,squares.  A square is a rectangle
oracle,1118,Squares are rectangles but rectangles are not,0.278449,+0.25,32670, squares,0,2.1697,0.250251,0.724201,squares.  A square is a rectangle
oracle,1118,Squares are rectangles but rectangles are not,-0.278449,-0.25,32670, squares,0,3.61809,-0.250247,-0.72419,squares.  A square is a rectangle
oracle,1118,Squares are rectangles but rectangles are not,0.556897,+0.50,32670, squares,0,1.44551,0.500498,1.44839,squares.  A square is a rectangle
oracle,1118,Squares are rectangles but rectangles are not,-0.556897,-0.50,32670, squares,0,4.34229,-0.500495,-1.44838,squares.  A square is a rectangle
oracle,1118,Squares are rectangles but rectangles are not,1.11379,+1.00,2593, always,1,-0.00287247,1.00099,2.89677,always squares.  A rectangle is a
oracle,1118,Squares are rectangles but rectangles are not,-1.11379,-1.00,32670, squares,0,5.79067,-1.00099,-2.89677,squares.  A square is a rectangle
oracle,1118,Squares are rectangles but rectangles are not,2.22759,+2.00,2593, always,1,-2.89965,2.00199,5.79355,always squares.  A rectangle is a
oracle,1118,Squares are rectangles but rectangles are not,-2.22759,-2.00,32670, squares,0,8.68744,-2.00198,-5.79354,squares.  Squares are rectangles but rectangles
md_full,1118,Squares are rectangles but rectangles are not,0,+0.00,32670, squares,0,2.8939,0,0,squares.  A square is a rectangle
md_full,1118,Squares are rectangles but rectangles are not,174.887,+0.25,32670, squares,0,2.1697,0.25025,0.724199,squares. They are different shapes. They
md_full,1118,Squares are rectangles but rectangles are not,-174.887,-0.25,109,\n\n,0,3.6181,-0.250248,-0.724194,
md_full,1118,Squares are rectangles but rectangles are not,349.773,+0.50,1024, their,0,1.44551,0.500497,1.44839,their their their their their their their their
md_full,1118,Squares are rectangles but rectangles are not,-349.773,-0.50,109,\n\n,0,4.34228,-0.500494,-1.44838,
md_full,1118,Squares are rectangles but rectangles are not,699.547,+1.00,1024, their,0,-0.0028801,1.001,2.89678,their Their Their Their Their Their Their Their
md_full,1118,Squares are rectangles but rectangles are not,-699.547,-1.00,109,\n\n,0,5.79068,-1.00099,-2.89677,
md_full,1118,Squares are rectangles but rectangles are not,1399.09,+2.00,87936,GraphicsUnit,0,-2.89966,2.00199,5.79356,GraphicsUnitGraphicsUnitGraphicsUnitGraphicsUnitGraphicsUnitGraphicsUnitGraphicsUnitGraphicsUnit
md_full,1118,Squares are rectangles but rectangles are not,-1399.09,-2.00,109,\n\n,0,8.68745,-2.00198,-5.79354,
oracle,3514,The oldest state university in the United States is Harvard,0,+0.00,2895, University,0,3.13738,0,0,University. It was founded in 1
oracle,3514,The oldest state university in the United States is Harvard,0.298094,+0.25,2895, University,0,2.35225,0.25025,0.78513,University. It was founded in 1
oracle,3514,The oldest state university in the United States is Harvard,-0.298094,-0.25,2895, University,0,3.92252,-0.250252,-0.785137,University. It was founded in 1
oracle,3514,The oldest state university in the United States is Harvard,0.596189,+0.50,2895, University,0,1.56713,0.500497,1.57025,University. It was founded in 1
oracle,3514,The oldest state university in the United States is Harvard,-0.596189,-0.50,2895, University,0,4.70765,-0.500501,-1.57026,University. It was founded in 1
oracle,3514,The oldest state university in the United States is Harvard,1.19238,+1.00,235265,.,1,-0.00313187,1.001,3.14051,. It was founded in 16
oracle,3514,The oldest state university in the United States is Harvard,-1.19238,-1.00,2895, University,0,6.2779,-1.001,-3.14052,University. It was founded in 1
oracle,3514,The oldest state university in the United States is Harvard,2.38476,+2.00,235265,.,1,-3.14365,2.002,6.28103,. It was founded in 16
oracle,3514,The oldest state university in the United States is Harvard,-2.38476,-2.00,2895, University,0,9.41842,-2.002,-6.28104,University. It was founded in 1
md_full,3514,The oldest state university in the United States is Harvard,0,+0.00,2895, University,0,3.13738,0,0,University. It was founded in 1
md_full,3514,The oldest state university in the United States is Harvard,11.1194,+0.25,2895, University,0,2.35225,0.25025,0.78513,University. It was founded in 1
md_full,3514,The oldest state university in the United States is Harvard,-11.1194,-0.25,2895, University,0,3.92251,-0.25025,-0.78513,University. It was founded in 1
md_full,3514,The oldest state university in the United States is Harvard,22.2388,+0.50,2895, University,0,1.56712,0.5005,1.57026,University. It was founded in 1
md_full,3514,The oldest state university in the United States is Harvard,-22.2388,-0.50,2895, University,0,4.70764,-0.5005,-1.57026,University. It was founded in 1
md_full,3514,The oldest state university in the United States is Harvard,44.4777,+1.00,235265,.,1,-0.00312805,1.001,3.14051,. It was founded in 16
md_full,3514,The oldest state university in the United States is Harvard,-44.4777,-1.00,2895, University,0,6.2779,-1.001,-3.14052,University. It was founded in 1
md_full,3514,The oldest state university in the United States is Harvard,88.9553,+2.00,235269,",",0,-3.14365,2.002,6.28103,", which was founded in 16"
md_full,3514,The oldest state university in the United States is Harvard,-88.9553,-2.00,109,\n\n,0,9.41842,-2.002,-6.28103,The oldest university in the United
oracle,788,The molecular structure of water is,0,+0.00,4699, shown,0,0.0866966,0,0,shown below. Which of the following statements
oracle,788,The molecular structure of water is,0.00900129,+0.25,4699, shown,0,0.0650063,0.250187,0.0216904,shown below. Which of the following statements
oracle,788,The molecular structure of water is,-0.00900129,-0.25,4699, shown,0,0.108393,-0.250253,-0.0216961,shown below. Which of the following statements
oracle,788,The molecular structure of water is,0.0180026,+0.50,4699, shown,0,0.0433102,0.50044,0.0433865,shown below. Which of the following statements
oracle,788,The molecular structure of water is,-0.0180026,-0.50,4699, shown,0,0.130085,-0.500462,-0.0433884,shown below. Which of the following statements
oracle,788,The molecular structure of water is,0.0360052,+1.00,1963, best,1,-7.05719e-05,1.00081,0.0867672,best described as:  1.
oracle,788,The molecular structure of water is,-0.0360052,-1.00,4699, shown,0,0.17347,-1.00088,-0.0867729,shown below. Which of the following statements
oracle,788,The molecular structure of water is,0.0720103,+2.00,1963, best,1,-0.0868454,2.00172,0.173542,best described as:  1.
oracle,788,The molecular structure of water is,-0.0720103,-2.00,4699, shown,0,0.260239,-2.00172,-0.173542,shown below. Which of the following statements
md_full,788,The molecular structure of water is,0,+0.00,4699, shown,0,0.0866966,0,0,shown below. Which of the following statements
md_full,788,The molecular structure of water is,0.88715,+0.25,4699, shown,0,0.108391,-0.250231,-0.0216942,shown below. Which of the following statements
md_full,788,The molecular structure of water is,-0.88715,-0.25,4699, shown,0,0.0650063,0.250187,0.0216904,shown below.  a. What is
md_full,788,The molecular structure of water is,1.7743,+0.50,4699, shown,0,0.130085,-0.500462,-0.0433884,shown below. Which of the following statements
md_full,788,The molecular structure of water is,-1.7743,-0.50,4699, shown,0,0.043314,0.500396,0.0433826,shown below.  a. What is
md_full,788,The molecular structure of water is,3.5486,+1.00,4699, shown,0,0.173471,-1.0009,-0.0867748,shown below. Which of the following statements
md_full,788,The molecular structure of water is,-3.5486,-1.00,1963, best,1,-7.43866e-05,1.00086,0.086771,best described as:  1.
md_full,788,The molecular structure of water is,7.0972,+2.00,58228, tetra,0,0.260239,-2.00172,-0.173542,"tetrahedral. In the solid state,"
md_full,788,The molecular structure of water is,-7.0972,-2.00,1963, best,1,-0.0868454,2.00172,0.173542,best described as  (a) linear
oracle,3910,Salmon roe was tested as a substitute for tires on Soviet vehicles during the Cold,0,+0.00,4143, War,0,5.40962,0,0,War.  The Soviet Union was a
oracle,3910,Salmon roe was tested as a substitute for tires on Soviet vehicles during the Cold,1.17075,+0.25,4143, War,0,4.05586,0.25025,1.35376,War.  The Soviet Union was a
oracle,3910,Salmon roe was tested as a substitute for tires on Soviet vehicles during the Cold,-1.17075,-0.25,4143, War,0,6.76338,-0.25025,-1.35376,War.  The Soviet Union was a
oracle,3910,Salmon roe was tested as a substitute for tires on Soviet vehicles during the Cold,2.34151,+0.50,4143, War,0,2.70211,0.5005,2.70751,War.  The Soviet Union was a
oracle,3910,Salmon roe was tested as a substitute for tires on Soviet vehicles during the Cold,-2.34151,-0.50,4143, War,0,8.11713,-0.5005,-2.70751,War.  The Soviet Union was a
oracle,3910,Salmon roe was tested as a substitute for tires on Soviet vehicles during the Cold,4.68302,+1.00,2036, war,1,-0.00540876,1.001,5.41503,war.  The Soviet Union was the
oracle,3910,Salmon roe was tested as a substitute for tires on Soviet vehicles during the Cold,-4.68302,-1.00,4143, War,0,10.8246,-1.001,-5.41503,War.  The Soviet Union was a
oracle,3910,Salmon roe was tested as a substitute for tires on Soviet vehicles during the Cold,9.36603,+2.00,2036, war,1,-5.42044,2.002,10.8301,war.  The Soviet Union was the
oracle,3910,Salmon roe was tested as a substitute for tires on Soviet vehicles during the Cold,-9.36603,-2.00,4143, War,0,16.2397,-2.002,-10.8301,War.  The Soviet Union was a
md_full,3910,Salmon roe was tested as a substitute for tires on Soviet vehicles during the Cold,0,+0.00,4143, War,0,5.40962,0,0,War.  The Soviet Union was a
md_full,3910,Salmon roe was tested as a substitute for tires on Soviet vehicles during the Cold,150.068,+0.25,4143, War,0,6.76338,-0.25025,-1.35376,War. The roe was used to make
md_full,3910,Salmon roe was tested as a substitute for tires on Soviet vehicles during the Cold,-150.068,-0.25,109,\n\n,0,4.05586,0.25025,1.35376,
md_full,3910,Salmon roe was tested as a substitute for tires on Soviet vehicles during the Cold,300.135,+0.50,10368, Their,0,8.11714,-0.5005,-2.70751,Their Their Their Their Their Their Their Their
md_full,3910,Salmon roe was tested as a substitute for tires on Soviet vehicles during the Cold,-300.135,-0.50,109,\n\n,0,2.70211,0.5005,2.70751,
md_full,3910,Salmon roe was tested as a substitute for tires on Soviet vehicles during the Cold,600.271,+1.00,10368, Their,0,10.8246,-1.001,-5.41503,Their Their Their Their Their Their Their Their
md_full,3910,Salmon roe was tested as a substitute for tires on Soviet vehicles during the Cold,-600.271,-1.00,109,\n\n,0,-0.00540924,1.001,5.41503,
md_full,3910,Salmon roe was tested as a substitute for tires on Soviet vehicles during the Cold,1200.54,+2.00,10368, Their,0,16.2397,-2.002,-10.8301,Their Their Their Their Their Their Their Their
md_full,3910,Salmon roe was tested as a substitute for tires on Soviet vehicles during the Cold,-1200.54,-2.00,109,\n\n,0,-5.42044,2.002,10.8301,
oracle,490,Mythology from different cultures around the world often has,0,+0.00,476, a,0,7.57338,0,0,a common theme: the hero’s
oracle,490,Mythology from different cultures around the world often has,1.27886,+0.25,476, a,0,5.67814,0.25025,1.89524,a common theme: the hero’s
oracle,490,Mythology from different cultures around the world often has,-1.27886,-0.25,476, a,0,9.46862,-0.25025,-1.89524,a common theme: the hero’s
oracle,490,Mythology from different cultures around the world often has,2.55772,+0.50,476, a,0,3.78291,0.500499,3.79047,a common theme: the hero’s
oracle,490,Mythology from different cultures around the world often has,-2.55772,-0.50,476, a,0,11.3638,-0.500499,-3.79047,a common theme: the hero’s
oracle,490,Mythology from different cultures around the world often has,5.11544,+1.00,573, the,1,-0.0075531,1.001,7.58093,the same themes. The story of the
oracle,490,Mythology from different cultures around the world often has,-5.11544,-1.00,476, a,0,15.1543,-1.001,-7.58094,a common theme: the hero’s
oracle,490,Mythology from different cultures around the world often has,10.2309,+2.00,573, the,1,-7.58849,2.002,15.1619,the same themes. The story of the
oracle,490,Mythology from different cultures around the world often has,-10.2309,-2.00,476, a,0,22.7353,-2.002,-15.1619,a common theme: a hero who is
md_full,490,Mythology from different cultures around the world often has,0,+0.00,476, a,0,7.57338,0,0,a common theme: the hero’s
md_full,490,Mythology from different cultures around the world often has,71.2971,+0.25,476, a,0,9.46862,-0.25025,-1.89524,a common theme: the importance of the
md_full,490,Mythology from different cultures around the world often has,-71.2971,-0.25,476, a,0,5.67815,0.250249,1.89523,a common theme of the hero who is
md_full,490,Mythology from different cultures around the world often has,142.594,+0.50,476, a,0,11.3638,-0.500499,-3.79047,a common theme: the importance of family
md_full,490,Mythology from different cultures around the world often has,-142.594,-0.50,109,\n\n,0,3.78292,0.500498,3.79046,
md_full,490,Mythology from different cultures around the world often has,285.189,+1.00,55304, similarities,0,15.1543,-1.001,-7.58094,similarities. They often share their similarities with
md_full,490,Mythology from different cultures around the world often has,-285.189,-1.00,109,\n\n,0,-0.00754929,1.001,7.58093,
md_full,490,Mythology from different cultures around the world often has,570.377,+2.00,1024, their,0,22.7352,-2.00199,-15.1619,their similarities. They often their their similarities
md_full,490,Mythology from different cultures around the world often has,-570.377,-2.00,109,\n\n,0,-7.58849,2.00199,15.1619,
oracle,1070,The eggs of the molly (Poecilia sphenops) are spherical in,0,+0.00,7479, shape,0,8.53939,0,0,shape and are 1.5 mm
oracle,1070,The eggs of the molly (Poecilia sphenops) are spherical in,1.01076,+0.25,7479, shape,0,6.40241,0.25025,2.13698,shape and are 1.5 mm
oracle,1070,The eggs of the molly (Poecilia sphenops) are spherical in,-1.01076,-0.25,7479, shape,0,10.6764,-0.25025,-2.13698,shape and are about 1.5
oracle,1070,The eggs of the molly (Poecilia sphenops) are spherical in,2.02152,+0.50,7479, shape,0,4.26543,0.500499,4.27396,shape and are 1.5 mm
oracle,1070,The eggs of the molly (Poecilia sphenops) are spherical in,-2.02152,-0.50,7479, shape,0,12.8134,-0.5005,-4.27397,shape and are about 1.5
oracle,1070,The eggs of the molly (Poecilia sphenops) are spherical in,4.04304,+1.00,1736, form,1,-0.00853729,1.001,8.54793,form and are 1.5 mm
oracle,1070,The eggs of the molly (Poecilia sphenops) are spherical in,-4.04304,-1.00,7479, shape,0,17.0873,-1.001,-8.54793,shape and are about 1.5
oracle,1070,The eggs of the molly (Poecilia sphenops) are spherical in,8.08607,+2.00,1736, form,1,-8.55647,2.002,17.0959,form and are 1.5 mm
oracle,1070,The eggs of the molly (Poecilia sphenops) are spherical in,-8.08607,-2.00,7479, shape,0,25.6352,-2.002,-17.0959,shape and have a diameter of about
md_full,1070,The eggs of the molly (Poecilia sphenops) are spherical in,0,+0.00,7479, shape,0,8.53939,0,0,shape and are 1.5 mm
md_full,1070,The eggs of the molly (Poecilia sphenops) are spherical in,410.267,+0.25,1024, their,0,10.6764,-0.250249,-2.13698,their unos Females Females Females Females Females Females
md_full,1070,The eggs of the molly (Poecilia sphenops) are spherical in,-410.267,-0.25,109,\n\n,0,6.40241,0.250249,2.13698,
md_full,1070,The eggs of the molly (Poecilia sphenops) are spherical in,820.533,+0.50,1024, their,0,12.8133,-0.500499,-4.27396,their Their Their Their Their Their Their Their
md_full,1070,The eggs of the molly (Poecilia sphenops) are spherical in,-820.533,-0.50,109,\n\n,0,4.26543,0.5005,4.27396,
md_full,1070,The eggs of the molly (Poecilia sphenops) are spherical in,1641.07,+1.00,10368, Their,0,17.0873,-1.001,-8.54792,Their Their Their Their Their Their Their Their
md_full,1070,The eggs of the molly (Poecilia sphenops) are spherical in,-1641.07,-1.00,109,\n\n,0,-0.00852585,1.001,8.54792,
md_full,1070,The eggs of the molly (Poecilia sphenops) are spherical in,3282.13,+2.00,52444,Referanser,0,25.6352,-2.002,-17.0959,ReferanserReferanserReferanserReferanserReferanserReferanserReferanserReferanser
md_full,1070,The eggs of the molly (Poecilia sphenops) are spherical in,-3282.13,-2.00,108,\n,0,-8.55649,2.002,17.0959,
jtw_legacy,1070,The eggs of the molly (Poecilia sphenops) are spherical in,0,+0.00,7479, shape,0,8.53939,0,0,shape and are 1.5 mm
jtw_legacy,1070,The eggs of the molly (Poecilia sphenops) are spherical in,1.01076,+0.25,7479, shape,0,8.55236,-0.00151862,-0.0129681,shape and are about 1.5
jtw_legacy,1070,The eggs of the molly (Poecilia sphenops) are spherical in,-1.01076,-0.25,7479, shape,0,8.52642,0.00151862,0.0129681,shape and are 1.5 mm
jtw_legacy,1070,The eggs of the molly (Poecilia sphenops) are spherical in,2.02152,+0.50,7479, shape,0,8.56533,-0.00303768,-0.0259399,shape and are about 1.5
jtw_legacy,1070,The eggs of the molly (Poecilia sphenops) are spherical in,-2.02152,-0.50,7479, shape,0,8.51345,0.00303768,0.0259399,shape and are 1.5 mm
jtw_legacy,1070,The eggs of the molly (Poecilia sphenops) are spherical in,4.04304,+1.00,7479, shape,0,8.59127,-0.00607514,-0.051878,shape and are about 1.5
jtw_legacy,1070,The eggs of the molly (Poecilia sphenops) are spherical in,-4.04304,-1.00,7479, shape,0,8.48751,0.00607536,0.0518799,shape and are 1.5 mm
jtw_legacy,1070,The eggs of the molly (Poecilia sphenops) are spherical in,8.08607,+2.00,7479, shape,0,8.64315,-0.0121503,-0.103756,shape and are about 1.5
jtw_legacy,1070,The eggs of the molly (Poecilia sphenops) are spherical in,-8.08607,-2.00,7479, shape,0,8.43563,0.0121507,0.10376,shape and are 1.5 mm
oracle,4074,Goliath beetles can weigh as much as an adult human's,0,+0.00,1634, hand,0,0.0276375,0,0,hand.  The Goliath beetle is the
oracle,4074,Goliath beetles can weigh as much as an adult human's,0.00326502,+0.25,1634, hand,0,0.0207195,0.250311,0.00691795,hand.  The Goliath beetle is the
oracle,4074,Goliath beetles can weigh as much as an adult human's,-0.00326502,-0.25,1634, hand,0,0.0345497,-0.250104,-0.00691223,hand.  The Goliath beetle is the
oracle,4074,Goliath beetles can weigh as much as an adult human's,0.00653005,+0.50,1634, hand,0,0.0138073,0.500414,0.0138302,hand.  The Goliath beetle is the
oracle,4074,Goliath beetles can weigh as much as an adult human's,-0.00653005,-0.50,1634, hand,0,0.0414696,-0.500483,-0.0138321,hand.  The Goliath beetle is the
oracle,4074,Goliath beetles can weigh as much as an adult human's,0.0130601,+1.00,7762, arm,1,-2.86102e-05,1.00104,0.0276661,arm.  The Goliath beetle is the
oracle,4074,Goliath beetles can weigh as much as an adult human's,-0.0130601,-1.00,1634, hand,0,0.0552998,-1.0009,-0.0276623,hand.  The Goliath beetle is the
oracle,4074,Goliath beetles can weigh as much as an adult human's,0.0261202,+2.00,7762, arm,1,-0.0276909,2.00193,0.0553284,arm.  The Goliath beetle is the
oracle,4074,Goliath beetles can weigh as much as an adult human's,-0.0261202,-2.00,1634, hand,0,0.0829659,-2.00193,-0.0553284,hand.  The Goliath beetle is the
md_full,4074,Goliath beetles can weigh as much as an adult human's,0,+0.00,1634, hand,0,0.0276375,0,0,hand.  The Goliath beetle is the
md_full,4074,Goliath beetles can weigh as much as an adult human's,0.275055,+0.25,1634, hand,0,0.0345497,-0.250104,-0.00691223,hand.  The Goliath beetle is the
md_full,4074,Goliath beetles can weigh as much as an adult human's,-0.275055,-0.25,1634, hand,0,0.0207176,0.25038,0.00691986,hand.  The Goliath beetle is the
md_full,4074,Goliath beetles can weigh as much as an adult human's,0.55011,+0.50,1634, hand,0,0.0414677,-0.500414,-0.0138302,hand.  The Goliath beetle is the
md_full,4074,Goliath beetles can weigh as much as an adult human's,-0.55011,-0.50,1634, hand,0,0.0138054,0.500483,0.0138321,hand.  The Goliath beetle is the
md_full,4074,Goliath beetles can weigh as much as an adult human's,1.10022,+1.00,1634, hand,0,0.0552998,-1.0009,-0.0276623,hand.  The Goliath beetle is the
md_full,4074,Goliath beetles can weigh as much as an adult human's,-1.10022,-1.00,1634, hand,0,-2.86102e-05,1.00104,0.0276661,arm.  The Goliath beetle is the
md_full,4074,Goliath beetles can weigh as much as an adult human's,2.20044,+2.00,1634, hand,0,0.0829678,-2.002,-0.0553303,hand.  The Goliath beetle is the
md_full,4074,Goliath beetles can weigh as much as an adult human's,-2.20044,-2.00,7762, arm,1,-0.0276909,2.00193,0.0553284,arm.  The Goliath beetle is the
jtw_legacy,4074,Goliath beetles can weigh as much as an adult human's,0,+0.00,1634, hand,0,0.0276375,0,0,hand.  The Goliath beetle is the
jtw_legacy,4074,Goliath beetles can weigh as much as an adult human's,0.00326502,+0.25,1634, hand,0,0.0275135,0.00448585,0.000123978,hand.  The Goliath beetle is the
jtw_legacy,4074,Goliath beetles can weigh as much as an adult human's,-0.00326502,-0.25,1634, hand,0,0.0277615,-0.00448585,-0.000123978,hand.  The Goliath beetle is the
jtw_legacy,4074,Goliath beetles can weigh as much as an adult human's,0.00653005,+0.50,1634, hand,0,0.0273876,0.00904072,0.000249863,hand.  The Goliath beetle is the
jtw_legacy,4074,Goliath beetles can weigh as much as an adult human's,-0.00653005,-0.50,1634, hand,0,0.0278835,-0.00890269,-0.000246048,hand.  The Goliath beetle is the
jtw_legacy,4074,Goliath beetles can weigh as much as an adult human's,0.0130601,+1.00,1634, hand,0,0.0271416,0.0179434,0.000495911,hand.  The Goliath beetle is the
jtw_legacy,4074,Goliath beetles can weigh as much as an adult human's,-0.0130601,-1.00,1634, hand,0,0.0281334,-0.0179434,-0.000495911,hand.  The Goliath beetle is the
jtw_legacy,4074,Goliath beetles can weigh as much as an adult human's,0.0261202,+2.00,1634, hand,0,0.0266495,0.0357488,0.000988007,hand.  The Goliath beetle is the
jtw_legacy,4074,Goliath beetles can weigh as much as an adult human's,-0.0261202,-2.00,1634, hand,0,0.0286236,-0.0356798,-0.000986099,hand.  The Goliath beetle is the
oracle,2096,The United States owes more money to China than any other,0,+0.00,3170, country,0,5.68659,0,0,country in the world.  The U
oracle,2096,The United States owes more money to China than any other,0.885916,+0.25,3170, country,0,4.26353,0.250249,1.42307,country in the world.  The U
oracle,2096,The United States owes more money to China than any other,-0.885916,-0.25,3170, country,0,7.10966,-0.25025,-1.42307,country in the world.  The U
oracle,2096,The United States owes more money to China than any other,1.77183,+0.50,3170, country,0,2.84045,0.5005,2.84614,country in the world.  The United
oracle,2096,The United States owes more money to China than any other,-1.77183,-0.50,3170, country,0,8.53274,-0.500501,-2.84615,country in the world.  The U
oracle,2096,The United States owes more money to China than any other,3.54366,+1.00,7165, nation,1,-0.00568771,1.001,5.69228,nation in the world.  The U
oracle,2096,The United States owes more money to China than any other,-3.54366,-1.00,3170, country,0,11.3789,-1.001,-5.69228,country in the world.  The U
oracle,2096,The United States owes more money to China than any other,7.08733,+2.00,7165, nation,1,-5.69797,2.002,11.3846,nation in the world.  The United
oracle,2096,The United States owes more money to China than any other,-7.08733,-2.00,3170, country,0,17.0712,-2.002,-11.3846,country in the world.  The U
md_full,2096,The United States owes more money to China than any other,0,+0.00,3170, country,0,5.68659,0,0,country in the world.  The U
md_full,2096,The United States owes more money to China than any other,1390.96,+0.25,87936,GraphicsUnit,0,4.26352,0.25025,1.42307,GraphicsUnitGraphicsUnitGraphicsUnitGraphicsUnitGraphicsUnitGraphicsUnitGraphicsUnitGraphicsUnit
md_full,2096,The United States owes more money to China than any other,-1390.96,-0.25,109,\n\n,0,7.10966,-0.250249,-1.42307,
md_full,2096,The United States owes more money to China than any other,2781.92,+0.50,87936,GraphicsUnit,0,2.84045,0.5005,2.84614,GraphicsUnitGraphicsUnitGraphicsUnitGraphicsUnitGraphicsUnitGraphicsUnitGraphicsUnitGraphicsUnit
md_full,2096,The United States owes more money to China than any other,-2781.92,-0.50,108,\n,0,8.53273,-0.5005,-2.84614,
md_full,2096,The United States owes more money to China than any other,5563.84,+1.00,173,<tfoot>,0,-0.00566101,1.001,5.69225,<tfoot><tfoot><tfoot><tfoot><tfoot><tfoot><tfoot><tfoot>
md_full,2096,The United States owes more money to China than any other,-5563.84,-1.00,0,<pad>,0,11.3789,-1.001,-5.69228,
md_full,2096,The United States owes more money to China than any other,11127.7,+2.00,173,<tfoot>,0,-5.69797,2.002,11.3846,<tfoot><tfoot><tfoot><tfoot><tfoot><tfoot><tfoot><tfoot>
md_full,2096,The United States owes more money to China than any other,-11127.7,-2.00,0,<pad>,0,17.0711,-2.00199,-11.3845,
oracle,846,A jiffy is an actual unit of time for both electrical and mechanical,0,+0.00,9841, purposes,0,2.25634,0,0,purposes. It is equal to 1
oracle,846,A jiffy is an actual unit of time for both electrical and mechanical,0.259616,+0.25,9841, purposes,0,1.6917,0.250246,0.56464,purposes. It is equal to 1
oracle,846,A jiffy is an actual unit of time for both electrical and mechanical,-0.259616,-0.25,9841, purposes,0,2.821,-0.250251,-0.564651,purposes. It is equal to one-
oracle,846,A jiffy is an actual unit of time for both electrical and mechanical,0.519232,+0.50,9841, purposes,0,1.12705,0.500496,1.12929,purposes. It is equal to 1
oracle,846,A jiffy is an actual unit of time for both electrical and mechanical,-0.519232,-0.50,9841, purposes,0,3.38564,-0.500498,-1.1293,purposes. It is equal to one-
oracle,846,A jiffy is an actual unit of time for both electrical and mechanical,1.03846,+1.00,8557, applications,1,-0.00224304,1.00099,2.25859,applications. It is equal to 1
oracle,846,A jiffy is an actual unit of time for both electrical and mechanical,-1.03846,-1.00,9841, purposes,0,4.51493,-1.001,-2.25859,purposes. It is equal to one-
oracle,846,A jiffy is an actual unit of time for both electrical and mechanical,2.07693,+2.00,8557, applications,1,-2.26083,2.00199,4.51717,applications. It is equal to 1
oracle,846,A jiffy is an actual unit of time for both electrical and mechanical,-2.07693,-2.00,9841, purposes,0,6.77351,-2.00199,-4.51717,purposes. It is equal to one-
md_full,846,A jiffy is an actual unit of time for both electrical and mechanical,0,+0.00,9841, purposes,0,2.25634,0,0,purposes. It is equal to 1
md_full,846,A jiffy is an actual unit of time for both electrical and mechanical,15.945,+0.25,9841, purposes,0,2.82099,-0.250247,-0.564644,purposes. It is equal to one-
md_full,846,A jiffy is an actual unit of time for both electrical and mechanical,-15.945,-0.25,9841, purposes,0,1.6917,0.250249,0.564648,purposes. It is equal to 1
md_full,846,A jiffy is an actual unit of time for both electrical and mechanical,31.8899,+0.50,9841, purposes,0,3.38564,-0.500496,-1.12929,purposes. It is equal to one-
md_full,846,A jiffy is an actual unit of time for both electrical and mechanical,-31.8899,-0.50,9841, purposes,0,1.12705,0.500496,1.12929,purposes. It is equal to 1
md_full,846,A jiffy is an actual unit of time for both electrical and mechanical,63.7799,+1.00,9841, purposes,0,4.51493,-1.00099,-2.25859,purposes. It is equal to one-
md_full,846,A jiffy is an actual unit of time for both electrical and mechanical,-63.7799,-1.00,8557, applications,1,-0.00223923,1.00099,2.25858,applications.  A jiffy is a
md_full,846,A jiffy is an actual unit of time for both electrical and mechanical,127.56,+2.00,9841, purposes,0,6.77352,-2.00199,-4.51717,purposes. It is equal to one-
md_full,846,A jiffy is an actual unit of time for both electrical and mechanical,-127.56,-2.00,109,\n\n,0,-2.26083,2.00199,4.51717,A  Explanation  A
jtw_legacy,846,A jiffy is an actual unit of time for both electrical and mechanical,0,+0.00,9841, purposes,0,2.25634,0,0,purposes. It is equal to 1
jtw_legacy,846,A jiffy is an actual unit of time for both electrical and mechanical,0.259616,+0.25,9841, purposes,0,2.26557,-0.004088,-0.00922394,purposes. It is equal to one-
jtw_legacy,846,A jiffy is an actual unit of time for both electrical and mechanical,-0.259616,-0.25,9841, purposes,0,2.24712,0.004088,0.00922394,purposes. It is equal to 1
jtw_legacy,846,A jiffy is an actual unit of time for both electrical and mechanical,0.519232,+0.50,9841, purposes,0,2.27479,-0.008176,-0.0184479,purposes. It is equal to one-
jtw_legacy,846,A jiffy is an actual unit of time for both electrical and mechanical,-0.519232,-0.50,9841, purposes,0,2.2379,0.008176,0.0184479,purposes. It is equal to 1
jtw_legacy,846,A jiffy is an actual unit of time for both electrical and mechanical,1.03846,+1.00,9841, purposes,0,2.29323,-0.0163486,-0.0368881,purposes. It is equal to one-
jtw_legacy,846,A jiffy is an actual unit of time for both electrical and mechanical,-1.03846,-1.00,9841, purposes,0,2.21946,0.0163486,0.0368881,purposes. It is equal to 1
jtw_legacy,846,A jiffy is an actual unit of time for both electrical and mechanical,2.07693,+2.00,9841, purposes,0,2.33012,-0.0326989,-0.0737801,purposes. It is equal to one-
jtw_legacy,846,A jiffy is an actual unit of time for both electrical and mechanical,-2.07693,-2.00,9841, purposes,0,2.18256,0.0326989,0.0737801,purposes. It is equal to 1
oracle,3507,One out of ten people live on an,0,+0.00,10534, island,0,1.52363,0,0,island.  The world is full of
oracle,3507,One out of ten people live on an,0.161978,+0.25,10534, island,0,1.14234,0.250252,0.38129,island.  The world is full of
oracle,3507,One out of ten people live on an,-0.161978,-0.25,10534, island,0,1.90492,-0.250252,-0.38129,island.  The world is full of
oracle,3507,One out of ten people live on an,0.323956,+0.50,10534, island,0,0.761051,0.500501,0.762577,island.  The world is full of
oracle,3507,One out of ten people live on an,-0.323956,-0.50,10534, island,0,2.28621,-0.500504,-0.762583,island.  The world is full of
oracle,3507,One out of ten people live on an,0.647911,+1.00,5316, average,1,-0.00152969,1.001,1.52516,average of 1000 dollars
oracle,3507,One out of ten people live on an,-0.647911,-1.00,10534, island,0,3.04879,-1.00101,-1.52516,island.  The world is full of
oracle,3507,One out of ten people live on an,1.29582,+2.00,5316, average,1,-1.52669,2.00201,3.05032,average of 1000 dollars
oracle,3507,One out of ten people live on an,-1.29582,-2.00,10534, island,0,4.57395,-2.00201,-3.05032,island.  The island is a place
md_full,3507,One out of ten people live on an,0,+0.00,10534, island,0,1.52363,0,0,island.  The world is full of
md_full,3507,One out of ten people live on an,19.8677,+0.25,10534, island,0,1.14234,0.250248,0.381285,island. The island is a place where
md_full,3507,One out of ten people live on an,-19.8677,-0.25,10534, island,0,1.90492,-0.250254,-0.381294,island.  The world is full of
md_full,3507,One out of ten people live on an,39.7355,+0.50,10534, island,0,0.761049,0.500502,0.762579,island. The island is a place where
md_full,3507,One out of ten people live on an,-39.7355,-0.50,10534, island,0,2.28621,-0.500506,-0.762585,island.  The world is full
md_full,3507,One out of ten people live on an,79.471,+1.00,5316, average,1,-0.00152969,1.001,1.52516,average of 1000 km
md_full,3507,One out of ten people live on an,-79.471,-1.00,10534, island,0,3.04879,-1.00101,-1.52516,island.  The world is full
md_full,3507,One out of ten people live on an,158.942,+2.00,5316, average,1,-1.52669,2.00201,3.05032,"average of 100,0"
md_full,3507,One out of ten people live on an,-158.942,-2.00,109,\n\n,0,4.57395,-2.00201,-3.05032,
oracle,1204,Shaving vanilla beans for homemade whipped cream can be a bit tricky at,0,+0.00,1370, first,0,7.64731,0,0,"first, but it’s not hard"
oracle,1204,Shaving vanilla beans for homemade whipped cream can be a bit tricky at,0.846071,+0.25,1370, first,0,5.73357,0.250249,1.91373,"first, but it’s not hard"
oracle,1204,Shaving vanilla beans for homemade whipped cream can be a bit tricky at,-0.846071,-0.25,1370, first,0,9.56105,-0.25025,-1.91374,"first, but it’s not hard"
oracle,1204,Shaving vanilla beans for homemade whipped cream can be a bit tricky at,1.69214,+0.50,1370, first,0,3.81983,0.5005,3.82748,"first, but it’s not hard"
oracle,1204,Shaving vanilla beans for homemade whipped cream can be a bit tricky at,-1.69214,-0.50,1370, first,0,11.4748,-0.5005,-3.82748,"first, but it’s not hard"
oracle,1204,Shaving vanilla beans for homemade whipped cream can be a bit tricky at,3.38428,+1.00,3023, times,1,-0.00764084,1.001,7.65495,times.  The vanilla beans are very
oracle,1204,Shaving vanilla beans for homemade whipped cream can be a bit tricky at,-3.38428,-1.00,1370, first,0,15.3023,-1.001,-7.65496,"first, but it’s not hard"
oracle,1204,Shaving vanilla beans for homemade whipped cream can be a bit tricky at,6.76857,+2.00,3023, times,1,-7.6626,2.002,15.3099,times.  The vanilla beans are very
oracle,1204,Shaving vanilla beans for homemade whipped cream can be a bit tricky at,-6.76857,-2.00,1370, first,0,22.9572,-2.002,-15.3099,"first, but it’s a great"
md_full,1204,Shaving vanilla beans for homemade whipped cream can be a bit tricky at,0,+0.00,1370, first,0,7.64731,0,0,"first, but it’s not hard"
md_full,1204,Shaving vanilla beans for homemade whipped cream can be a bit tricky at,40.0199,+0.25,1370, first,0,5.73357,0.25025,1.91374,"first, but once you get the hang"
md_full,1204,Shaving vanilla beans for homemade whipped cream can be a bit tricky at,-40.0199,-0.25,1370, first,0,9.56105,-0.25025,-1.91374,"first, but it’s really not"
md_full,1204,Shaving vanilla beans for homemade whipped cream can be a bit tricky at,80.0399,+0.50,1370, first,0,3.81983,0.5005,3.82748,"first, but once you get the hang"
md_full,1204,Shaving vanilla beans for homemade whipped cream can be a bit tricky at,-80.0399,-0.50,1370, first,0,11.4748,-0.5005,-3.82748,"first, but it’  I"
md_full,1204,Shaving vanilla beans for homemade whipped cream can be a bit tricky at,160.08,+1.00,3023, times,1,-0.00764465,1.001,7.65495,times. They are very fragile and can
md_full,1204,Shaving vanilla beans for homemade whipped cream can be a bit tricky at,-160.08,-1.00,109,\n\n,0,15.3023,-1.001,-7.65496,
md_full,1204,Shaving vanilla beans for homemade whipped cream can be a bit tricky at,320.159,+2.00,3023, times,1,-7.6626,2.002,15.3099,times. They are often difficult their their
md_full,1204,Shaving vanilla beans for homemade whipped cream can be a bit tricky at,-320.159,-2.00,109,\n\n,0,22.9572,-2.002,-15.3099,
jtw_legacy,1204,Shaving vanilla beans for homemade whipped cream can be a bit tricky at,0,+0.00,1370, first,0,7.64731,0,0,"first, but it’s not hard"
jtw_legacy,1204,Shaving vanilla beans for homemade whipped cream can be a bit tricky at,0.846071,+0.25,1370, first,0,7.5502,0.0126982,0.0971069,"first, but it’s not hard"
jtw_legacy,1204,Shaving vanilla beans for homemade whipped cream can be a bit tricky at,-0.846071,-0.25,1370, first,0,7.74442,-0.0126992,-0.0971146,"first, but it’s not hard"
jtw_legacy,1204,Shaving vanilla beans for homemade whipped cream can be a bit tricky at,1.69214,+0.50,1370, first,0,7.45309,0.0253969,0.194218,"first, but it’s not hard"
jtw_legacy,1204,Shaving vanilla beans for homemade whipped cream can be a bit tricky at,-1.69214,-0.50,1370, first,0,7.84153,-0.0253974,-0.194221,"first, but it’s not hard"
jtw_legacy,1204,Shaving vanilla beans for homemade whipped cream can be a bit tricky at,3.38428,+1.00,1370, first,0,7.25888,0.0507932,0.388432,"first, but it’s not hard"
jtw_legacy,1204,Shaving vanilla beans for homemade whipped cream can be a bit tricky at,-3.38428,-1.00,1370, first,0,8.03574,-0.0507937,-0.388435,"first, but it’s not hard"
jtw_legacy,1204,Shaving vanilla beans for homemade whipped cream can be a bit tricky at,6.76857,+2.00,1370, first,0,6.87045,0.101586,0.776863,"first, but it’s not hard"
jtw_legacy,1204,Shaving vanilla beans for homemade whipped cream can be a bit tricky at,-6.76857,-2.00,1370, first,0,8.42418,-0.101587,-0.776867,"first, but it’s not hard"
oracle,3268,"In Oklahoma, there is a place called the world's largest McDonald's play",0,+0.00,2040, place,0,0.433756,0,0,place. It is located in the city
oracle,3268,"In Oklahoma, there is a place called the world's largest McDonald's play",0.0464214,+0.25,2040, place,0,0.325209,0.25025,0.108547,place. It is located in the city
oracle,3268,"In Oklahoma, there is a place called the world's largest McDonald's play",-0.0464214,-0.25,2040, place,0,0.542305,-0.250254,-0.108549,place. It is located in the city
oracle,3268,"In Oklahoma, there is a place called the world's largest McDonald's play",0.0928427,+0.50,2040, place,0,0.216658,0.500508,0.217098,place. It is located in the city
oracle,3268,"In Oklahoma, there is a place called the world's largest McDonald's play",-0.0928427,-0.50,2040, place,0,0.650854,-0.500508,-0.217098,place. It is located in the city
oracle,3268,"In Oklahoma, there is a place called the world's largest McDonald's play",0.185685,+1.00,1445,land,1,-0.000436783,1.00101,0.434193,land. It is located in the city
oracle,3268,"In Oklahoma, there is a place called the world's largest McDonald's play",-0.185685,-1.00,2040, place,0,0.867952,-1.00102,-0.434196,place. It is located in the city
oracle,3268,"In Oklahoma, there is a place called the world's largest McDonald's play",0.371371,+2.00,1445,land,1,-0.434633,2.00202,0.868389,land. It is located in the city
oracle,3268,"In Oklahoma, there is a place called the world's largest McDonald's play",-0.371371,-2.00,2040, place,0,1.30215,-2.00204,-0.868395,place. It is located in the city
md_full,3268,"In Oklahoma, there is a place called the world's largest McDonald's play",0,+0.00,2040, place,0,0.433756,0,0,place. It is located in the city
md_full,3268,"In Oklahoma, there is a place called the world's largest McDonald's play",5.01951,+0.25,2040, place,0,0.325207,0.250254,0.108549,place. It is located in the city
md_full,3268,"In Oklahoma, there is a place called the world's largest McDonald's play",-5.01951,-0.25,2040, place,0,0.542305,-0.250254,-0.108549,place. It is located in the city
md_full,3268,"In Oklahoma, there is a place called the world's largest McDonald's play",10.039,+0.50,2040, place,0,0.216658,0.500508,0.217098,place. It's a 1
md_full,3268,"In Oklahoma, there is a place called the world's largest McDonald's play",-10.039,-0.50,2040, place,0,0.650856,-0.500512,-0.2171,"place. It is located in Tulsa,"
md_full,3268,"In Oklahoma, there is a place called the world's largest McDonald's play",20.078,+1.00,1445,land,1,-0.00043869,1.00101,0.434195,land. It is located in the city
md_full,3268,"In Oklahoma, there is a place called the world's largest McDonald's play",-20.078,-1.00,2040, place,0,0.867952,-1.00102,-0.434196,"place. It is located in Tulsa,"
md_full,3268,"In Oklahoma, there is a place called the world's largest McDonald's play",40.1561,+2.00,1445,land,1,-0.434635,2.00203,0.868391,land. It's a 1
md_full,3268,"In Oklahoma, there is a place called the world's largest McDonald's play",-40.1561,-2.00,2040, place,0,1.30215,-2.00203,-0.868393,place.  The restaurant is located in
jtw_legacy,3268,"In Oklahoma, there is a place called the world's largest McDonald's play",0,+0.00,2040, place,0,0.433756,0,0,place. It is located in the city
jtw_legacy,3268,"In Oklahoma, there is a place called the world's largest McDonald's play",0.0464214,+0.25,2040, place,0,0.434113,-0.000822292,-0.000356674,place. It is located in the city
jtw_legacy,3268,"In Oklahoma, there is a place called the world's largest McDonald's play",-0.0464214,-0.25,2040, place,0,0.433405,0.000809101,0.000350952,place. It is located in the city
jtw_legacy,3268,"In Oklahoma, there is a place called the world's largest McDonald's play",0.0928427,+0.50,2040, place,0,0.434469,-0.00164458,-0.000713348,place. It is located in the city
jtw_legacy,3268,"In Oklahoma, there is a place called the world's largest McDonald's play",-0.0928427,-0.50,2040, place,0,0.433048,0.00163139,0.000707626,place. It is located in the city
jtw_legacy,3268,"In Oklahoma, there is a place called the world's largest McDonald's play",0.185685,+1.00,2040, place,0,0.435177,-0.00327598,-0.00142097,place. It is located in the city
jtw_legacy,3268,"In Oklahoma, there is a place called the world's largest McDonald's play",-0.185685,-1.00,2040, place,0,0.432337,0.00327158,0.00141907,place. It is located in the city
jtw_legacy,3268,"In Oklahoma, there is a place called the world's largest McDonald's play",0.371371,+2.00,2040, place,0,0.436598,-0.00655196,-0.00284195,place. It is located in the city
jtw_legacy,3268,"In Oklahoma, there is a place called the world's largest McDonald's play",-0.371371,-2.00,2040, place,0,0.430918,0.00654316,0.00283813,place. It is located in the city
oracle,2280,Sixteen percent of Americans believe chocolate milk comes from brown,0,+0.00,35768, cows,0,5.4701,0,0,"cows, according to a new survey."
oracle,2280,Sixteen percent of Americans believe chocolate milk comes from brown,1.01016,+0.25,35768, cows,0,4.10121,0.25025,1.36889,"cows, according to a new survey."
oracle,2280,Sixteen percent of Americans believe chocolate milk comes from brown,-1.01016,-0.25,35768, cows,0,6.839,-0.25025,-1.3689,"cows, according to a new survey."
oracle,2280,Sixteen percent of Americans believe chocolate milk comes from brown,2.02033,+0.50,35768, cows,0,2.73232,0.5005,2.73779,"cows, according to a new survey."
oracle,2280,Sixteen percent of Americans believe chocolate milk comes from brown,-2.02033,-0.50,35768, cows,0,8.2079,-0.500501,-2.73779,"cows, according to a new survey."
oracle,2280,Sixteen percent of Americans believe chocolate milk comes from brown,4.04066,+1.00,13910, cow,1,-0.005476,1.001,5.47558,"cow, according to a new survey."
oracle,2280,Sixteen percent of Americans believe chocolate milk comes from brown,-4.04066,-1.00,35768, cows,0,10.9457,-1.001,-5.47558,"cows, according to a new survey."
oracle,2280,Sixteen percent of Americans believe chocolate milk comes from brown,8.08132,+2.00,13910, cow,1,-5.48106,2.002,10.9512,"cow, according to a new survey."
oracle,2280,Sixteen percent of Americans believe chocolate milk comes from brown,-8.08132,-2.00,35768, cows,0,16.4213,-2.002,-10.9512,"cows, according to a new survey."
md_full,2280,Sixteen percent of Americans believe chocolate milk comes from brown,0,+0.00,35768, cows,0,5.4701,0,0,"cows, according to a new survey."
md_full,2280,Sixteen percent of Americans believe chocolate milk comes from brown,43.0527,+0.25,35768, cows,0,6.839,-0.25025,-1.3689,"cows, according to a new survey."
md_full,2280,Sixteen percent of Americans believe chocolate milk comes from brown,-43.0527,-0.25,35768, cows,0,4.10121,0.25025,1.36889,"cows, according to a new survey."
md_full,2280,Sixteen percent of Americans believe chocolate milk comes from brown,86.1054,+0.50,35768, cows,0,8.20789,-0.500501,-2.73779,"cows, according to a new survey."
md_full,2280,Sixteen percent of Americans believe chocolate milk comes from brown,-86.1054,-0.50,109,\n\n,0,2.73232,0.5005,2.73779,[
md_full,2280,Sixteen percent of Americans believe chocolate milk comes from brown,172.211,+1.00,235269,",",0,10.9457,-1.001,-5.47558,", their most common misconception about the product"
md_full,2280,Sixteen percent of Americans believe chocolate milk comes from brown,-172.211,-1.00,109,\n\n,0,-0.005476,1.001,5.47558,
md_full,2280,Sixteen percent of Americans believe chocolate milk comes from brown,344.422,+2.00,1024, their,0,16.4213,-2.002,-10.9512,their their their their their their their their
md_full,2280,Sixteen percent of Americans believe chocolate milk comes from brown,-344.422,-2.00,109,\n\n,0,-5.48105,2.002,10.9512,
oracle,4128,"Pineapples are not berries, butberries are a type of",0,+0.00,9471, fruit,0,4.58832,0,0,fruit. The pineapple is a tropical fruit
oracle,4128,"Pineapples are not berries, butberries are a type of",0.619358,+0.25,9471, fruit,0,3.44009,0.25025,1.14823,fruit. The pineapple is a tropical fruit
oracle,4128,"Pineapples are not berries, butberries are a type of",-0.619358,-0.25,9471, fruit,0,5.73655,-0.250251,-1.14823,fruit. The pineapple is a tropical fruit
oracle,4128,"Pineapples are not berries, butberries are a type of",1.23872,+0.50,9471, fruit,0,2.29186,0.500501,2.29646,fruit. The pineapple is a tropical fruit
oracle,4128,"Pineapples are not berries, butberries are a type of",-1.23872,-0.50,9471, fruit,0,6.88478,-0.500502,-2.29646,fruit. The pineapple is a tropical fruit
oracle,4128,"Pineapples are not berries, butberries are a type of",2.47743,+1.00,59755, berry,1,-0.00460625,1.001,4.59292,"berry. The pineapple is a berry,"
oracle,4128,"Pineapples are not berries, butberries are a type of",-2.47743,-1.00,9471, fruit,0,9.18125,-1.001,-4.59293,fruit. The fruit of the pineapple is
oracle,4128,"Pineapples are not berries, butberries are a type of",4.95487,+2.00,59755, berry,1,-4.59753,2.00201,9.18584,berry. Pineapples are a type of
oracle,4128,"Pineapples are not berries, butberries are a type of",-4.95487,-2.00,9471, fruit,0,13.7742,-2.00201,-9.18585,fruit. The fruit of the pineapple is
md_full,4128,"Pineapples are not berries, butberries are a type of",0,+0.00,9471, fruit,0,4.58832,0,0,fruit. The pineapple is a tropical fruit
md_full,4128,"Pineapples are not berries, butberries are a type of",108.194,+0.25,9471, fruit,0,5.73655,-0.250251,-1.14823,fruit. They are classified as a berry
md_full,4128,"Pineapples are not berries, butberries are a type of",-108.194,-0.25,109,\n\n,0,3.44009,0.250251,1.14823,A
md_full,4128,"Pineapples are not berries, butberries are a type of",216.388,+0.50,1024, their,0,6.88478,-0.500503,-2.29646,their species. They are characterized their large
md_full,4128,"Pineapples are not berries, butberries are a type of",-216.388,-0.50,109,\n\n,0,2.29186,0.500501,2.29646,
md_full,4128,"Pineapples are not berries, butberries are a type of",432.776,+1.00,1024, their,0,9.18124,-1.001,-4.59292,their Their Their Their Their Their Their Their
md_full,4128,"Pineapples are not berries, butberries are a type of",-432.776,-1.00,109,\n\n,0,-0.00461197,1.00101,4.59293,
md_full,4128,"Pineapples are not berries, butberries are a type of",865.552,+2.00,10368, Their,0,13.7742,-2.00201,-9.18585,Their Their Their Their Their Their Their Their
md_full,4128,"Pineapples are not berries, butberries are a type of",-865.552,-2.00,109,\n\n,0,-4.59753,2.00201,9.18585,
jtw_legacy,4128,"Pineapples are not berries, butberries are a type of",0,+0.00,9471, fruit,0,4.58832,0,0,fruit. The pineapple is a tropical fruit
jtw_legacy,4128,"Pineapples are not berries, butberries are a type of",0.619358,+0.25,9471, fruit,0,4.53693,0.0112001,0.0513897,fruit. The pineapple is a tropical fruit
jtw_legacy,4128,"Pineapples are not berries, butberries are a type of",-0.619358,-0.25,9471, fruit,0,4.63971,-0.0111997,-0.0513878,fruit. The pineapple is a tropical fruit
jtw_legacy,4128,"Pineapples are not berries, butberries are a type of",1.23872,+0.50,9471, fruit,0,4.48554,0.0223994,0.102776,fruit. The pineapple is a tropical fruit
jtw_legacy,4128,"Pineapples are not berries, butberries are a type of",-1.23872,-0.50,9471, fruit,0,4.6911,-0.0224002,-0.102779,fruit. The pineapple is a tropical fruit
jtw_legacy,4128,"Pineapples are not berries, butberries are a type of",2.47743,+1.00,9471, fruit,0,4.38276,0.0448,0.205557,fruit. The pineapple is a tropical fruit
jtw_legacy,4128,"Pineapples are not berries, butberries are a type of",-2.47743,-1.00,9471, fruit,0,4.79388,-0.0448005,-0.205559,fruit. The pineapple is a tropical fruit
jtw_legacy,4128,"Pineapples are not berries, butberries are a type of",4.95487,+2.00,9471, fruit,0,4.17721,0.0895997,0.411112,fruit. The pineapple is a tropical fruit
jtw_legacy,4128,"Pineapples are not berries, butberries are a type of",-4.95487,-2.00,9471, fruit,0,4.99944,-0.0896009,-0.411118,fruit. The pineapple is a tropical fruit
oracle,4120,Quicksand can be found all over the,0,+0.00,2134, world,0,10.7822,0,0,"world, but it is most common in"
oracle,4120,Quicksand can be found all over the,1.20701,+0.25,2134, world,0,8.08398,0.25025,2.69825,"world, but it is most common in"
oracle,4120,Quicksand can be found all over the,-1.20701,-0.25,2134, world,0,13.4805,-0.250249,-2.69825,"world, but it is most common in"
oracle,4120,Quicksand can be found all over the,2.41402,+0.50,2134, world,0,5.38573,0.5005,5.3965,"world, but it is most common in"
oracle,4120,Quicksand can be found all over the,-2.41402,-0.50,2134, world,0,16.1787,-0.500499,-5.3965,"world, but it is most common in"
oracle,4120,Quicksand can be found all over the,4.82804,+1.00,2040, place,1,-0.0107727,1.001,10.793,place. It’s a common problem
oracle,4120,Quicksand can be found all over the,-4.82804,-1.00,2134, world,0,21.5752,-1.001,-10.793,"world, but it is most common in"
oracle,4120,Quicksand can be found all over the,9.65608,+2.00,2040, place,1,-10.8038,2.002,21.586,place. It’s a place where
oracle,4120,Quicksand can be found all over the,-9.65608,-2.00,2134, world,0,32.3682,-2.002,-21.586,"world, but it is most common in"
md_full,4120,Quicksand can be found all over the,0,+0.00,2134, world,0,10.7822,0,0,"world, but it is most common in"
md_full,4120,Quicksand can be found all over the,1097.73,+0.25,206515, Borne,0,8.08398,0.250249,2.69825,Borneinanderinanderinanderinanderinanderinanderinander
md_full,4120,Quicksand can be found all over the,-1097.73,-0.25,109,\n\n,0,13.4805,-0.25025,-2.69825,
md_full,4120,Quicksand can be found all over the,2195.47,+0.50,52444,Referanser,0,5.38573,0.5005,5.3965,ReferanserReferanserReferanserReferanserReferanserReferanserReferanserReferanser
md_full,4120,Quicksand can be found all over the,-2195.47,-0.50,109,\n\n,0,16.1787,-0.5005,-5.39651,
md_full,4120,Quicksand can be found all over the,4390.94,+1.00,2365, They,0,-0.0107574,1.001,10.793,They They They They They They They They
md_full,4120,Quicksand can be found all over the,-4390.94,-1.00,7,<unused0>,0,21.5752,-1.001,-10.793,<unused0>
md_full,4120,Quicksand can be found all over the,8781.88,+2.00,173,<tfoot>,0,-10.8038,2.002,21.586,<tfoot><tfoot><tfoot><tfoot><tfoot><tfoot><tfoot><tfoot>
md_full,4120,Quicksand can be found all over the,-8781.88,-2.00,0,<pad>,0,32.3683,-2.002,-21.586,
jtw_legacy,4120,Quicksand can be found all over the,0,+0.00,2134, world,0,10.7822,0,0,"world, but it is most common in"
jtw_legacy,4120,Quicksand can be found all over the,1.20701,+0.25,2134, world,0,10.7787,0.000322661,0.003479,"world, but it is most common in"
jtw_legacy,4120,Quicksand can be found all over the,-1.20701,-0.25,2134, world,0,10.7857,-0.000322661,-0.003479,"world, but it is most common in"
jtw_legacy,4120,Quicksand can be found all over the,2.41402,+0.50,2134, world,0,10.7753,0.000645322,0.00695801,"world, but it is most common in"
jtw_legacy,4120,Quicksand can be found all over the,-2.41402,-0.50,2134, world,0,10.7892,-0.000645322,-0.00695801,"world, but it is most common in"
jtw_legacy,4120,Quicksand can be found all over the,4.82804,+1.00,2134, world,0,10.7683,0.001291,0.0139198,"world, but it is most common in"
jtw_legacy,4120,Quicksand can be found all over the,-4.82804,-1.00,2134, world,0,10.7961,-0.00129064,-0.013916,"world, but it is most common in"
jtw_legacy,4120,Quicksand can be found all over the,9.65608,+2.00,2134, world,0,10.7544,0.00258164,0.0278358,"world, but it is most common in"
jtw_legacy,4120,Quicksand can be found all over the,-9.65608,-2.00,2134, world,0,10.8101,-0.002582,-0.0278397,"world, but it is most common in"
oracle,2896,A man once tried to sue Burger King after burning himself with,0,+0.00,476, a,0,7.42916,0,0,"a hot coffee.  The man,"
oracle,2896,A man once tried to sue Burger King after burning himself with,0.758489,+0.25,476, a,0,5.57001,0.25025,1.85915,a hot coffee cup.  The man
oracle,2896,A man once tried to sue Burger King after burning himself with,-0.758489,-0.25,476, a,0,9.2883,-0.250249,-1.85914,"a hot coffee.  The man,"
oracle,2896,A man once tried to sue Burger King after burning himself with,1.51698,+0.50,476, a,0,3.71088,0.500499,3.71828,a hot coffee cup.  The man
oracle,2896,A man once tried to sue Burger King after burning himself with,-1.51698,-0.50,476, a,0,11.1474,-0.500498,-3.71828,"a Whopper.  The man,"
oracle,2896,A man once tried to sue Burger King after burning himself with,3.03395,+1.00,5342, hot,1,-0.00740051,1.001,7.43656,"hot coffee.  The man, who"
oracle,2896,A man once tried to sue Burger King after burning himself with,-3.03395,-1.00,476, a,0,14.8657,-1.001,-7.43656,"a Whopper.  The man,"
oracle,2896,A man once tried to sue Burger King after burning himself with,6.06791,+2.00,5342, hot,1,-7.44397,2.00199,14.8731,"hot coffee.  The man, who"
oracle,2896,A man once tried to sue Burger King after burning himself with,-6.06791,-2.00,476, a,0,22.3023,-2.00199,-14.8731,"a Whopper.  The man,"
md_full,2896,A man once tried to sue Burger King after burning himself with,0,+0.00,476, a,0,7.42916,0,0,"a hot coffee.  The man,"
md_full,2896,A man once tried to sue Burger King after burning himself with,28.8457,+0.25,476, a,0,9.2883,-0.250249,-1.85914,"a flamethrower.  The man,"
md_full,2896,A man once tried to sue Burger King after burning himself with,-28.8457,-0.25,476, a,0,5.57001,0.25025,1.85915,"a hot burger.  The man,"
md_full,2896,A man once tried to sue Burger King after burning himself with,57.6914,+0.50,476, a,0,11.1474,-0.500498,-3.71828,"a flamethrower.  The man,"
md_full,2896,A man once tried to sue Burger King after burning himself with,-57.6914,-0.50,476, a,0,3.71088,0.500498,3.71828,a hot burger  A man once tried
md_full,2896,A man once tried to sue Burger King after burning himself with,115.383,+1.00,476, a,0,14.8657,-1.001,-7.43657,a cup of their famous Whopper.
md_full,2896,A man once tried to sue Burger King after burning himself with,-115.383,-1.00,109,\n\n,0,-0.00740051,1.001,7.43656,
md_full,2896,A man once tried to sue Burger King after burning himself with,230.766,+2.00,1024, their,0,22.3023,-2.00199,-14.8731,their flaming their their their their their their
md_full,2896,A man once tried to sue Burger King after burning himself with,-230.766,-2.00,109,\n\n,0,-7.44397,2.00199,14.8731,
oracle,3194,Anything below a surface temperature of absolute zero is infinitely,0,+0.00,7033, cold,0,3.97683,0,0,cold.  The temperature of absolute zero
oracle,3194,Anything below a surface temperature of absolute zero is infinitely,0.606708,+0.25,7033, cold,0,2.98163,0.25025,0.995201,cold.  The temperature of absolute zero
oracle,3194,Anything below a surface temperature of absolute zero is infinitely,-0.606708,-0.25,7033, cold,0,4.97202,-0.250248,-0.995193,cold.  The temperature of absolute zero
oracle,3194,Anything below a surface temperature of absolute zero is infinitely,1.21342,+0.50,7033, cold,0,1.98643,0.500499,1.9904,cold.  The temperature of absolute zero
oracle,3194,Anything below a surface temperature of absolute zero is infinitely,-1.21342,-0.50,7033, cold,0,5.96723,-0.500499,-1.9904,cold.  The temperature of absolute zero
oracle,3194,Anything below a surface temperature of absolute zero is infinitely,2.42683,+1.00,85639, colder,1,-0.00397491,1.001,3.9808,colder than anything above it.  The
oracle,3194,Anything below a surface temperature of absolute zero is infinitely,-2.42683,-1.00,7033, cold,0,7.95763,-1.001,-3.9808,cold.  The temperature of absolute zero
oracle,3194,Anything below a surface temperature of absolute zero is infinitely,4.85367,+2.00,85639, colder,1,-3.98477,2.002,7.9616,colder than anything above it.  The
oracle,3194,Anything below a surface temperature of absolute zero is infinitely,-4.85367,-2.00,7033, cold,0,11.9384,-2.002,-7.9616,cold.  The temperature of absolute zero
md_full,3194,Anything below a surface temperature of absolute zero is infinitely,0,+0.00,7033, cold,0,3.97683,0,0,cold.  The temperature of absolute zero
md_full,3194,Anything below a surface temperature of absolute zero is infinitely,210.525,+0.25,235269,",",0,2.98163,0.25025,0.995201,", infinitely, infinitely, infinitely, infinitely"
md_full,3194,Anything below a surface temperature of absolute zero is infinitely,-210.525,-0.25,109,\n\n,0,4.97202,-0.250248,-0.995193,
md_full,3194,Anything below a surface temperature of absolute zero is infinitely,421.05,+0.50,1024, their,0,1.98643,0.500499,1.9904,their Their Their Their Their Their Their Their
md_full,3194,Anything below a surface temperature of absolute zero is infinitely,-421.05,-0.50,109,\n\n,0,5.96722,-0.500498,-1.99039,
md_full,3194,Anything below a surface temperature of absolute zero is infinitely,842.099,+1.00,44415,inander,0,-0.0039711,1.001,3.9808,inanderinanderinanderinanderinanderinanderinanderinander
md_full,3194,Anything below a surface temperature of absolute zero is infinitely,-842.099,-1.00,109,\n\n,0,7.95764,-1.001,-3.98081,
md_full,3194,Anything below a surface temperature of absolute zero is infinitely,1684.2,+2.00,52444,Referanser,0,-3.98477,2.002,7.9616,ReferanserReferanserReferanserReferanserReferanserReferanserReferanserReferanser
md_full,3194,Anything below a surface temperature of absolute zero is infinitely,-1684.2,-2.00,109,\n\n,0,11.9384,-2.002,-7.9616,
jtw_legacy,3194,Anything below a surface temperature of absolute zero is infinitely,0,+0.00,7033, cold,0,3.97683,0,0,cold.  The temperature of absolute zero
jtw_legacy,3194,Anything below a surface temperature of absolute zero is infinitely,0.606708,+0.25,7033, cold,0,3.97161,0.00131367,0.00522423,cold.  The temperature of absolute zero
jtw_legacy,3194,Anything below a surface temperature of absolute zero is infinitely,-0.606708,-0.25,7033, cold,0,3.98204,-0.00131127,-0.00521469,cold.  The temperature of absolute zero
jtw_legacy,3194,Anything below a surface temperature of absolute zero is infinitely,1.21342,+0.50,7033, cold,0,3.96639,0.00262541,0.0104408,cold.  The temperature of absolute zero
jtw_legacy,3194,Anything below a surface temperature of absolute zero is infinitely,-1.21342,-0.50,7033, cold,0,3.98726,-0.00262398,-0.0104351,cold.  The temperature of absolute zero
jtw_legacy,3194,Anything below a surface temperature of absolute zero is infinitely,2.42683,+1.00,7033, cold,0,3.95595,0.00525083,0.0208817,cold.  The temperature of absolute zero
jtw_legacy,3194,Anything below a surface temperature of absolute zero is infinitely,-2.42683,-1.00,7033, cold,0,3.99771,-0.00524987,-0.0208778,cold.  The temperature of absolute zero
jtw_legacy,3194,Anything below a surface temperature of absolute zero is infinitely,4.85367,+2.00,7033, cold,0,3.93507,0.0105007,0.0417595,cold.  The temperature of absolute zero
jtw_legacy,3194,Anything below a surface temperature of absolute zero is infinitely,-4.85367,-2.00,7033, cold,0,4.01859,-0.0105002,-0.0417576,cold.  The temperature of absolute zero
oracle,3416,Ants often hitch rides on the backs of larger insects to get,0,+0.00,577, to,0,6.5711,0,0,to their next destination.  But a
oracle,3416,Ants often hitch rides on the backs of larger insects to get,0.979597,+0.25,577, to,0,4.92668,0.25025,1.64442,to their next destination.  But a
oracle,3416,Ants often hitch rides on the backs of larger insects to get,-0.979597,-0.25,577, to,0,8.21551,-0.250249,-1.64441,to their next destination.  But a
oracle,3416,Ants often hitch rides on the backs of larger insects to get,1.95919,+0.50,577, to,0,3.28227,0.500499,3.28883,to their next destination.  But a
oracle,3416,Ants often hitch rides on the backs of larger insects to get,-1.95919,-0.50,577, to,0,9.85992,-0.500498,-3.28882,to their next destination.  But a
oracle,3416,Ants often hitch rides on the backs of larger insects to get,3.91839,+1.00,774, from,1,-0.00656509,1.001,6.57766,from one place to another. But what
oracle,3416,Ants often hitch rides on the backs of larger insects to get,-3.91839,-1.00,577, to,0,13.1488,-1.001,-6.57765,to their next destination.  But a
oracle,3416,Ants often hitch rides on the backs of larger insects to get,7.83677,+2.00,774, from,1,-6.58422,2.002,13.1553,from place from place. This is called
oracle,3416,Ants often hitch rides on the backs of larger insects to get,-7.83677,-2.00,577, to,0,19.7264,-2.002,-13.1553,to their next destination.  But a
md_full,3416,Ants often hitch rides on the backs of larger insects to get,0,+0.00,577, to,0,6.5711,0,0,to their next destination.  But a
md_full,3416,Ants often hitch rides on the backs of larger insects to get,2153.11,+0.25,44415,inander,0,8.21549,-0.250246,-1.64439,inanderinanderinanderinanderinanderinanderinanderinander
md_full,3416,Ants often hitch rides on the backs of larger insects to get,-2153.11,-0.25,109,\n\n,0,4.92669,0.250249,1.64441,
md_full,3416,Ants often hitch rides on the backs of larger insects to get,4306.21,+0.50,2365, They,0,9.85996,-0.500504,-3.28886,They They They They They They They They
md_full,3416,Ants often hitch rides on the backs of larger insects to get,-4306.21,-0.50,7,<unused0>,0,3.28226,0.5005,3.28883,<unused0><unused0>
md_full,3416,Ants often hitch rides on the backs of larger insects to get,8612.42,+1.00,173,<tfoot>,0,13.1488,-1.00101,-6.57771,<tfoot><tfoot><tfoot><tfoot><tfoot><tfoot><tfoot><tfoot>
md_full,3416,Ants often hitch rides on the backs of larger insects to get,-8612.42,-1.00,0,<pad>,0,-0.00662231,1.00101,6.57772,
md_full,3416,Ants often hitch rides on the backs of larger insects to get,17224.8,+2.00,173,<tfoot>,0,19.7263,-2.00198,-13.1552,<tfoot><tfoot><tfoot><tfoot><tfoot><tfoot><tfoot><tfoot>
md_full,3416,Ants often hitch rides on the backs of larger insects to get,-17224.8,-2.00,0,<pad>,0,-6.58421,2.00199,13.1553,
jtw_legacy,3416,Ants often hitch rides on the backs of larger insects to get,0,+0.00,577, to,0,6.5711,0,0,to their next destination.  But a
jtw_legacy,3416,Ants often hitch rides on the backs of larger insects to get,0.979597,+0.25,577, to,0,6.54044,0.00466511,0.0306549,to their next destination.  But a
jtw_legacy,3416,Ants often hitch rides on the backs of larger insects to get,-0.979597,-0.25,577, to,0,6.60175,-0.00466453,-0.0306511,to their next destination.  But a
jtw_legacy,3416,Ants often hitch rides on the backs of larger insects to get,1.95919,+0.50,577, to,0,6.50979,0.00932964,0.061306,to their next destination.  But a
jtw_legacy,3416,Ants often hitch rides on the backs of larger insects to get,-1.95919,-0.50,577, to,0,6.6324,-0.00932906,-0.0613022,to their next destination.  But a
jtw_legacy,3416,Ants often hitch rides on the backs of larger insects to get,3.91839,+1.00,577, to,0,6.44849,0.0186587,0.122608,to their next destination.  But a
jtw_legacy,3416,Ants often hitch rides on the backs of larger insects to get,-3.91839,-1.00,577, to,0,6.6937,-0.0186581,-0.122604,to their next destination.  But a
jtw_legacy,3416,Ants often hitch rides on the backs of larger insects to get,7.83677,+2.00,577, to,0,6.32589,0.0373168,0.245213,to their next destination.  But a
jtw_legacy,3416,Ants often hitch rides on the backs of larger insects to get,-7.83677,-2.00,577, to,0,6.81631,-0.0373168,-0.245213,to their next destination.  But a
oracle,1637,Red is the color of,0,+0.00,573, the,0,0.342087,0,0,the year for 2018
oracle,1637,Red is the color of,0.0325716,+0.25,573, the,0,0.256481,0.250245,0.0856056,the year for 2018
oracle,1637,Red is the color of,-0.0325716,-0.25,573, the,0,0.4277,-0.250268,-0.0856133,the year for 2018
oracle,1637,Red is the color of,0.0651432,+0.50,573, the,0,0.170876,0.500491,0.171211,the year for 2018
oracle,1637,Red is the color of,-0.0651432,-0.50,573, the,0,0.513306,-0.500513,-0.171219,the year for 2018
oracle,1637,Red is the color of,0.130286,+1.00,11828, passion,1,-0.000339508,1.00099,0.342426,"passion, love, and energy. It"
oracle,1637,Red is the color of,-0.130286,-1.00,573, the,0,0.684513,-1.00099,-0.342426,the year for 2018
oracle,1637,Red is the color of,0.260573,+2.00,11828, passion,1,-0.342758,2.00196,0.684845,"passion, love, and energy. It"
oracle,1637,Red is the color of,-0.260573,-2.00,573, the,0,1.02695,-2.00202,-0.684864,the year for 2018
md_full,1637,Red is the color of,0,+0.00,573, the,0,0.342087,0,0,the year for 2018
md_full,1637,Red is the color of,10.2997,+0.25,573, the,0,0.256481,0.250245,0.0856056,the year for 2018
md_full,1637,Red is the color of,-10.2997,-0.25,573, the,0,0.427704,-0.250279,-0.0856171,the year for 2018
md_full,1637,Red is the color of,20.5994,+0.50,573, the,0,0.170876,0.500491,0.171211,the year for 2018
md_full,1637,Red is the color of,-20.5994,-0.50,573, the,0,0.513309,-0.500524,-0.171223,the year for 2018
md_full,1637,Red is the color of,41.1988,+1.00,11828, passion,1,-0.000335693,1.00098,0.342422,"passion, love, and energy. It"
md_full,1637,Red is the color of,-41.1988,-1.00,573, the,0,0.684517,-1.001,-0.34243,the year for 2018
md_full,1637,Red is the color of,82.3976,+2.00,11828, passion,1,-0.342766,2.00198,0.684853,"passion, love, and energy. It"
md_full,1637,Red is the color of,-82.3976,-2.00,573, the,0,1.02694,-2.00198,-0.684853,the year for   2
jtw_legacy,1637,Red is the color of,0,+0.00,573, the,0,0.342087,0,0,the year for 2018
jtw_legacy,1637,Red is the color of,0.0325716,+0.25,573, the,0,0.341824,0.000769437,0.000263214,the year for 2018
jtw_legacy,1637,Red is the color of,-0.0325716,-0.25,573, the,0,0.34235,-0.000769437,-0.000263214,the year for 2018
jtw_legacy,1637,Red is the color of,0.0651432,+0.50,573, the,0,0.341557,0.00155002,0.000530243,the year for 2018
jtw_legacy,1637,Red is the color of,-0.0651432,-0.50,573, the,0,0.342621,-0.00156118,-0.000534058,the year for 2018
jtw_legacy,1637,Red is the color of,0.130286,+1.00,573, the,0,0.34103,0.0030889,0.00105667,the year for 2018
jtw_legacy,1637,Red is the color of,-0.130286,-1.00,573, the,0,0.343151,-0.0031112,-0.0010643,the year for 2018
jtw_legacy,1637,Red is the color of,0.260573,+2.00,573, the,0,0.339973,0.0061778,0.00211334,the year for 2018
jtw_legacy,1637,Red is the color of,-0.260573,-2.00,573, the,0,0.344212,-0.00621125,-0.00212479,the year for 2018
oracle,1093,Trolls are said to live under,0,+0.00,573, the,0,0.251408,0,0,the bridge. They are said to be
oracle,1093,Trolls are said to live under,0.0212337,+0.25,573, the,0,0.188499,0.250224,0.0629082,the bridge. They are said to be
oracle,1093,Trolls are said to live under,-0.0212337,-0.25,573, the,0,0.314316,-0.250224,-0.0629082,the bridge. They are said to be
oracle,1093,Trolls are said to live under,0.0424674,+0.50,573, the,0,0.125591,0.500448,0.125816,the bridge. They are said to be
oracle,1093,Trolls are said to live under,-0.0424674,-0.50,573, the,0,0.377224,-0.500448,-0.125816,the bridge. They are said to be
oracle,1093,Trolls are said to live under,0.0849348,+1.00,37376, bridges,1,-0.000232697,1.00093,0.25164,"bridges, but they are also said to"
oracle,1093,Trolls are said to live under,-0.0849348,-1.00,573, the,0,0.503044,-1.00091,-0.251637,the bridge. They are said to be
oracle,1093,Trolls are said to live under,0.16987,+2.00,37376, bridges,1,-0.251865,2.00182,0.503273,"bridges, but they are also said to"
oracle,1093,Trolls are said to live under,-0.16987,-2.00,573, the,0,0.754673,-2.00179,-0.503265,the bridge. They are said to be
md_full,1093,Trolls are said to live under,0,+0.00,573, the,0,0.251408,0,0,the bridge. They are said to be
md_full,1093,Trolls are said to live under,2.95209,+0.25,573, the,0,0.188499,0.250224,0.0629082,the bridge. They are said to be
md_full,1093,Trolls are said to live under,-2.95209,-0.25,573, the,0,0.314312,-0.250209,-0.0629044,the bridge. They are said to be
md_full,1093,Trolls are said to live under,5.90418,+0.50,573, the,0,0.125591,0.500448,0.125816,the bridge. They are said to be
md_full,1093,Trolls are said to live under,-5.90418,-0.50,573, the,0,0.377224,-0.500448,-0.125816,the bridge. They are said to be
md_full,1093,Trolls are said to live under,11.8084,+1.00,37376, bridges,1,-0.000225067,1.0009,0.251633,"bridges, but they are also said to"
md_full,1093,Trolls are said to live under,-11.8084,-1.00,573, the,0,0.503036,-1.00088,-0.251629,the bridge.  The trolls are said
md_full,1093,Trolls are said to live under,23.6167,+2.00,37376, bridges,1,-0.251862,2.00181,0.503269,"bridges, but they are also said to"
md_full,1093,Trolls are said to live under,-23.6167,-2.00,573, the,0,0.754677,-2.00181,-0.503269,the bridge.  The trolls are said
oracle,2678,Most people dream in,0,+0.00,2881, color,0,0.364391,0,0,"color, but some people dream in black"
oracle,2678,Most people dream in,0.041573,+0.25,2881, color,0,0.273201,0.250254,0.0911903,"color, but some people dream in black"
oracle,2678,Most people dream in,-0.041573,-0.25,2881, color,0,0.455578,-0.250243,-0.0911865,"color, but some people dream in black"
oracle,2678,Most people dream in,0.083146,+0.50,2881, color,0,0.182014,0.500497,0.182377,"color, but some people dream in black"
oracle,2678,Most people dream in,-0.083146,-0.50,2881, color,0,0.546768,-0.500497,-0.182377,"color, but some people dream in black"
oracle,2678,Most people dream in,0.166292,+1.00,2656, black,1,-0.000362396,1.00099,0.364754,black and white. But not me.
oracle,2678,Most people dream in,-0.166292,-1.00,2881, color,0,0.729149,-1.001,-0.364758,"color, but some people dream in black"
oracle,2678,Most people dream in,0.332584,+2.00,2656, black,1,-0.36512,2.002,0.729511,black and white. But not me.
oracle,2678,Most people dream in,-0.332584,-2.00,2881, color,0,1.0939,-2.00199,-0.729507,"color, but some people dream in black"
md_full,2678,Most people dream in,0,+0.00,2881, color,0,0.364391,0,0,"color, but some people dream in black"
md_full,2678,Most people dream in,3.16562,+0.25,2881, color,0,0.45557,-0.250222,-0.0911789,"color, but some people dream in black"
md_full,2678,Most people dream in,-3.16562,-0.25,2881, color,0,0.273201,0.250254,0.0911903,"color, but some people dream in black"
md_full,2678,Most people dream in,6.33124,+0.50,2881, color,0,0.546764,-0.500487,-0.182373,"color, but some people dream in black"
md_full,2678,Most people dream in,-6.33124,-0.50,2881, color,0,0.182014,0.500497,0.182377,"color, but some people dream in black"
md_full,2678,Most people dream in,12.6625,+1.00,2881, color,0,0.729145,-1.00099,-0.364754,"color, but some people dream in black"
md_full,2678,Most people dream in,-12.6625,-1.00,2656, black,1,-0.000362396,1.00099,0.364754,black and white. But not me.
md_full,2678,Most people dream in,25.325,+2.00,2881, color,0,1.0939,-2.00199,-0.729507,"color, but some people dream in black"
md_full,2678,Most people dream in,-25.325,-2.00,2656, black,1,-0.365116,2.00199,0.729507,black and white.  But not me
oracle,1826,The body contains enough iron to make a medium-sized,0,+0.00,37309, magnet,0,1.23332,0,0,magnet. What does this tell us about
oracle,1826,The body contains enough iron to make a medium-sized,0.138736,+0.25,37309, magnet,0,0.924688,0.250247,0.308636,magnet. What does this tell us about
oracle,1826,The body contains enough iron to make a medium-sized,-0.138736,-0.25,37309, magnet,0,1.54196,-0.250247,-0.308636,magnet. What does this tell us about
oracle,1826,The body contains enough iron to make a medium-sized,0.277473,+0.50,37309, magnet,0,0.616049,0.500497,0.617275,magnet. What does this tell us about
oracle,1826,The body contains enough iron to make a medium-sized,-0.277473,-0.50,37309, magnet,0,1.8506,-0.500494,-0.617271,magnet. What does this tell us about
oracle,1826,The body contains enough iron to make a medium-sized,0.554945,+1.00,23393, nail,1,-0.00122643,1.00099,1.23455,nail. The body needs iron to make
oracle,1826,The body contains enough iron to make a medium-sized,-0.554945,-1.00,37309, magnet,0,2.46787,-1.00099,-1.23454,magnet. What does this tell us about
oracle,1826,The body contains enough iron to make a medium-sized,1.10989,+2.00,23393, nail,1,-1.23577,2.00198,2.4691,nail. The body needs iron to make
oracle,1826,The body contains enough iron to make a medium-sized,-1.10989,-2.00,37309, magnet,0,3.70242,-2.00198,-2.46909,magnet. What does this tell us about
md_full,1826,The body contains enough iron to make a medium-sized,0,+0.00,37309, magnet,0,1.23332,0,0,magnet. What does this tell us about
md_full,1826,The body contains enough iron to make a medium-sized,4.18147,+0.25,37309, magnet,0,0.924686,0.250249,0.308638,magnet. What does this tell us about
md_full,1826,The body contains enough iron to make a medium-sized,-4.18147,-0.25,37309, magnet,0,1.54196,-0.250249,-0.308638,magnet. The iron is needed to carry
md_full,1826,The body contains enough iron to make a medium-sized,8.36294,+0.50,37309, magnet,0,0.616047,0.500499,0.617277,magnet. What does this tell us about
md_full,1826,The body contains enough iron to make a medium-sized,-8.36294,-0.50,37309, magnet,0,1.8506,-0.500496,-0.617273,magnet.  The body contains enough iron
md_full,1826,The body contains enough iron to make a medium-sized,16.7259,+1.00,23393, nail,1,-0.00122261,1.00099,1.23455,nail. The body needs iron to make
md_full,1826,The body contains enough iron to make a medium-sized,-16.7259,-1.00,37309, magnet,0,2.46787,-1.00099,-1.23454,magnet.  The body contains enough iron
md_full,1826,The body contains enough iron to make a medium-sized,33.4518,+2.00,23393, nail,1,-1.23577,2.00199,2.4691,nail. The body needs iron to make
md_full,1826,The body contains enough iron to make a medium-sized,-33.4518,-2.00,37309, magnet,0,3.70242,-2.00198,-2.46909,magnet.  The body contains enough iron
jtw_legacy,1826,The body contains enough iron to make a medium-sized,0,+0.00,37309, magnet,0,1.23332,0,0,magnet. What does this tell us about
jtw_legacy,1826,The body contains enough iron to make a medium-sized,0.138736,+0.25,37309, magnet,0,1.24295,-0.00780833,-0.0096302,magnet. What does this tell us about
jtw_legacy,1826,The body contains enough iron to make a medium-sized,-0.138736,-0.25,37309, magnet,0,1.22369,0.00780988,0.00963211,magnet. What does this tell us about
jtw_legacy,1826,The body contains enough iron to make a medium-sized,0.277473,+0.50,37309, magnet,0,1.25258,-0.0156167,-0.0192604,magnet. What does this tell us about
jtw_legacy,1826,The body contains enough iron to make a medium-sized,-0.277473,-0.50,37309, magnet,0,1.21406,0.0156182,0.0192623,magnet. What does this tell us about
jtw_legacy,1826,The body contains enough iron to make a medium-sized,0.554945,+1.00,37309, magnet,0,1.27184,-0.0312333,-0.0385208,magnet. What does this tell us about
jtw_legacy,1826,The body contains enough iron to make a medium-sized,-0.554945,-1.00,37309, magnet,0,1.1948,0.0312364,0.0385246,magnet. What does this tell us about
jtw_legacy,1826,The body contains enough iron to make a medium-sized,1.10989,+2.00,37309, magnet,0,1.31036,-0.0624651,-0.0770397,magnet. What does this tell us about
jtw_legacy,1826,The body contains enough iron to make a medium-sized,-1.10989,-2.00,37309, magnet,0,1.15628,0.0624682,0.0770435,magnet. What does this tell us about
oracle,2188,One in three New York City cabbies is likely to be part of an immigrant,0,+0.00,27899, taxi,0,0.184322,0,0,"taxi cartel, according to a new report"
oracle,2188,One in three New York City cabbies is likely to be part of an immigrant,0.0261509,+0.25,27899, taxi,0,0.138193,0.250264,0.0461292,"taxi cartel, according to a new report"
oracle,2188,One in three New York City cabbies is likely to be part of an immigrant,-0.0261509,-0.25,27899, taxi,0,0.230452,-0.250264,-0.0461292,"taxi cartel, according to a new report"
oracle,2188,One in three New York City cabbies is likely to be part of an immigrant,0.0523017,+0.50,27899, taxi,0,0.0920715,0.500486,0.0922508,"taxi cartel, according to a new report"
oracle,2188,One in three New York City cabbies is likely to be part of an immigrant,-0.0523017,-0.50,27899, taxi,0,0.276573,-0.500486,-0.0922508,"taxi cartel, according to a new report"
oracle,2188,One in three New York City cabbies is likely to be part of an immigrant,0.104603,+1.00,6232, cab,1,-0.000181198,1.00098,0.184504,cab driver ring that has been operating for
oracle,2188,One in three New York City cabbies is likely to be part of an immigrant,-0.104603,-1.00,27899, taxi,0,0.36882,-1.00095,-0.184498,"taxi cartel, according to a new report"
oracle,2188,One in three New York City cabbies is likely to be part of an immigrant,0.209207,+2.00,6232, cab,1,-0.184679,2.00194,0.369001,cab driver ring that has been operating for
oracle,2188,One in three New York City cabbies is likely to be part of an immigrant,-0.209207,-2.00,27899, taxi,0,0.553324,-2.00194,-0.369001,"taxi cartel, according to a new report"
md_full,2188,One in three New York City cabbies is likely to be part of an immigrant,0,+0.00,27899, taxi,0,0.184322,0,0,"taxi cartel, according to a new report"
md_full,2188,One in three New York City cabbies is likely to be part of an immigrant,8.86223,+0.25,27899, taxi,0,0.230446,-0.250233,-0.0461235,"taxi cartel, according to a new report"
md_full,2188,One in three New York City cabbies is likely to be part of an immigrant,-8.86223,-0.25,27899, taxi,0,0.138195,0.250254,0.0461273,"taxi cartel, according to a new report"
md_full,2188,One in three New York City cabbies is likely to be part of an immigrant,17.7245,+0.50,27899, taxi,0,0.276571,-0.500476,-0.0922489,"taxi cartel, according to a new report"
md_full,2188,One in three New York City cabbies is likely to be part of an immigrant,-17.7245,-0.50,27899, taxi,0,0.0920715,0.500486,0.0922508,"taxi cartel, according to a new report"
md_full,2188,One in three New York City cabbies is likely to be part of an immigrant,35.4489,+1.00,27899, taxi,0,0.368824,-1.00097,-0.184502,"taxi cartel, according to a new report"
md_full,2188,One in three New York City cabbies is likely to be part of an immigrant,-35.4489,-1.00,14271, gang,0,-0.000175476,1.00095,0.184498,"gang, according to a new report."
md_full,2188,One in three New York City cabbies is likely to be part of an immigrant,70.8979,+2.00,2730, family,0,0.553324,-2.00194,-0.369001,"family, according to a new study."
md_full,2188,One in three New York City cabbies is likely to be part of an immigrant,-70.8979,-2.00,109,\n\n,0,-0.184679,2.00194,0.369001,
oracle,3691,Pneumonia is the leading cause of death in children,0,+0.00,1362, under,0,7.20248,0,0,under five years of age. It is
oracle,3691,Pneumonia is the leading cause of death in children,0.912353,+0.25,1362, under,0,5.40006,0.250251,1.80243,under five years of age. It is
oracle,3691,Pneumonia is the leading cause of death in children,-0.912353,-0.25,1362, under,0,9.0049,-0.250249,-1.80242,under five years of age. It is
oracle,3691,Pneumonia is the leading cause of death in children,1.82471,+0.50,1362, under,0,3.59764,0.5005,3.60484,under 5 years of age in the
oracle,3691,Pneumonia is the leading cause of death in children,-1.82471,-0.50,1362, under,0,10.8073,-0.500499,-3.60484,under five years of age. It is
oracle,3691,Pneumonia is the leading cause of death in children,3.64941,+1.00,575, in,1,-0.00719452,1.001,7.20968,in the world. It is a major
oracle,3691,Pneumonia is the leading cause of death in children,-3.64941,-1.00,1362, under,0,14.4122,-1.001,-7.20967,under five years of age. It is
oracle,3691,Pneumonia is the leading cause of death in children,7.29882,+2.00,575, in,1,-7.21688,2.002,14.4194,in the world. In the United States
oracle,3691,Pneumonia is the leading cause of death in children,-7.29882,-2.00,1362, under,0,21.6218,-2.002,-14.4194,under five years of age worldwide. The
md_full,3691,Pneumonia is the leading cause of death in children,0,+0.00,1362, under,0,7.20248,0,0,under five years of age. It is
md_full,3691,Pneumonia is the leading cause of death in children,94.2914,+0.25,1362, under,0,5.40006,0.25025,1.80242,under five years of age. In the
md_full,3691,Pneumonia is the leading cause of death in children,-94.2914,-0.25,109,\n\n,0,9.00491,-0.25025,-1.80242,Pneum
md_full,3691,Pneumonia is the leading cause of death in children,188.583,+0.50,1362, under,0,3.59764,0.5005,3.60484,"under five, accounting for approximately one in"
md_full,3691,Pneumonia is the leading cause of death in children,-188.583,-0.50,109,\n\n,0,10.8073,-0.500498,-3.60483,
md_full,3691,Pneumonia is the leading cause of death in children,377.165,+1.00,46565, weighing,0,-0.00719833,1.001,7.20968,weighing weighing weighing weighing weighing weighing weighing weighing
md_full,3691,Pneumonia is the leading cause of death in children,-377.165,-1.00,109,\n\n,0,14.4122,-1.001,-7.20967,
md_full,3691,Pneumonia is the leading cause of death in children,754.331,+2.00,46565, weighing,0,-7.21688,2.002,14.4194,weighing weighing weighing weighing weighing weighing weighing weighing
md_full,3691,Pneumonia is the leading cause of death in children,-754.331,-2.00,109,\n\n,0,21.6218,-2.002,-14.4193,
oracle,3583,All human babies are born with blue,0,+0.00,4628, eyes,0,4.98062,0,0,eyes. This is because the pigment melanin
oracle,3583,All human babies are born with blue,0.455642,+0.25,4628, eyes,0,3.73422,0.25025,1.2464,eyes. This is because the pigment melanin
oracle,3583,All human babies are born with blue,-0.455642,-0.25,4628, eyes,0,6.22702,-0.25025,-1.2464,eyes. This is because the pigment melanin
oracle,3583,All human babies are born with blue,0.911284,+0.50,4628, eyes,0,2.48782,0.500499,2.4928,eyes. This is because the pigment melanin
oracle,3583,All human babies are born with blue,-0.911284,-0.50,4628, eyes,0,7.47342,-0.500499,-2.4928,eyes. This is because the pigment melanin
oracle,3583,All human babies are born with blue,1.82257,+1.00,689, or,1,-0.00498009,1.001,4.9856,or gray-ish skin. This is
oracle,3583,All human babies are born with blue,-1.82257,-1.00,4628, eyes,0,9.96622,-1.001,-4.9856,eyes. This is because the pigment melanin
oracle,3583,All human babies are born with blue,3.64514,+2.00,689, or,1,-4.99058,2.002,9.9712,or gray-ish skin. This is
oracle,3583,All human babies are born with blue,-3.64514,-2.00,4628, eyes,0,14.9518,-2.002,-9.9712,eyes. This is because the pigment melanin
md_full,3583,All human babies are born with blue,0,+0.00,4628, eyes,0,4.98062,0,0,eyes. This is because the pigment melanin
md_full,3583,All human babies are born with blue,16.7953,+0.25,4628, eyes,0,6.22702,-0.25025,-1.2464,eyes. This is because the pigment melanin
md_full,3583,All human babies are born with blue,-16.7953,-0.25,4628, eyes,0,3.73422,0.25025,1.2464,eyes. This is because the pigment melanin
md_full,3583,All human babies are born with blue,33.5905,+0.50,4628, eyes,0,7.47342,-0.5005,-2.4928,eyes. This is because the pigment melanin
md_full,3583,All human babies are born with blue,-33.5905,-0.50,4628, eyes,0,2.48782,0.500499,2.4928,eyes.  The color of the eyes
md_full,3583,All human babies are born with blue,67.181,+1.00,4628, eyes,0,9.96622,-1.001,-4.9856,eyes. They are born with brown eyes
md_full,3583,All human babies are born with blue,-67.181,-1.00,109,\n\n,0,-0.00497627,1.001,4.9856,I  n  t  e
md_full,3583,All human babies are born with blue,134.362,+2.00,4628, eyes,0,14.9518,-2.002,-9.9712,eyes. They are born with their eyes
md_full,3583,All human babies are born with blue,-134.362,-2.00,109,\n\n,0,-4.99057,2.002,9.9712,
oracle,835,The production of alcohol is a multi-step,0,+0.00,2185, process,0,10.0966,0,0,process. The first step is the conversion
oracle,835,The production of alcohol is a multi-step,1.0948,+0.25,2185, process,0,7.56994,0.25025,2.52668,process. The first step is the conversion
oracle,835,The production of alcohol is a multi-step,-1.0948,-0.25,2185, process,0,12.6233,-0.25025,-2.52668,process. The first step is the conversion
oracle,835,The production of alcohol is a multi-step,2.1896,+0.50,2185, process,0,5.04327,0.5005,5.05336,process. The first step is the conversion
oracle,835,The production of alcohol is a multi-step,-2.1896,-0.50,2185, process,0,15.15,-0.500499,-5.05336,process. The first step is the conversion
oracle,835,The production of alcohol is a multi-step,4.37921,+1.00,9541, reaction,1,-0.0100975,1.001,10.1067,reaction. The first step is the reaction
oracle,835,The production of alcohol is a multi-step,-4.37921,-1.00,2185, process,0,20.2033,-1.001,-10.1067,process. The first step is the conversion
oracle,835,The production of alcohol is a multi-step,8.75841,+2.00,9541, reaction,1,-10.1168,2.002,20.2134,reaction. The first reaction is catalyzed reaction
oracle,835,The production of alcohol is a multi-step,-8.75841,-2.00,2185, process,0,30.3101,-2.002,-20.2134,process. The first step is the process
md_full,835,The production of alcohol is a multi-step,0,+0.00,2185, process,0,10.0966,0,0,process. The first step is the conversion
md_full,835,The production of alcohol is a multi-step,108.376,+0.25,2185, process,0,12.6233,-0.25025,-2.52668,process. The first step is the conversion
md_full,835,The production of alcohol is a multi-step,-108.376,-0.25,109,\n\n,0,7.56995,0.25025,2.52668,
md_full,835,The production of alcohol is a multi-step,216.752,+0.50,2185, process,0,15.15,-0.5005,-5.05336,"process. Each step in the process,"
md_full,835,The production of alcohol is a multi-step,-216.752,-0.50,109,\n\n,0,5.04326,0.5005,5.05336,
md_full,835,The production of alcohol is a multi-step,433.504,+1.00,235269,",",0,20.2033,-1.001,-10.1067,", varying, and often unpredictable process."
md_full,835,The production of alcohol is a multi-step,-433.504,-1.00,109,\n\n,0,-0.0100937,1.001,10.1067,
md_full,835,The production of alcohol is a multi-step,867.008,+2.00,44415,inander,0,30.3101,-2.002,-20.2134,inanderinanderinanderinanderinanderinanderinanderinander
md_full,835,The production of alcohol is a multi-step,-867.008,-2.00,109,\n\n,0,-10.1168,2.002,20.2134,
oracle,2166,Walking in front of a moving bus is much more dangerous than walking behind,0,+0.00,665, it,0,21.1582,0,0,it. Why?  A 1
oracle,2166,Walking in front of a moving bus is much more dangerous than walking behind,2.93838,+0.25,665, it,0,15.8634,0.25025,5.29484,it. Why?  A 1
oracle,2166,Walking in front of a moving bus is much more dangerous than walking behind,-2.93838,-0.25,665, it,0,26.4531,-0.25025,-5.29485,it. Why?  A 1
oracle,2166,Walking in front of a moving bus is much more dangerous than walking behind,5.87677,+0.50,665, it,0,10.5686,0.500499,10.5897,it. Why?  A 1
oracle,2166,Walking in front of a moving bus is much more dangerous than walking behind,-5.87677,-0.50,665, it,0,31.7479,-0.500499,-10.5897,it. Why?  A 1
oracle,2166,Walking in front of a moving bus is much more dangerous than walking behind,11.7535,+1.00,573, the,1,-0.0211334,1.001,21.1794,the bus. The reason is that the
oracle,2166,Walking in front of a moving bus is much more dangerous than walking behind,-11.7535,-1.00,665, it,0,42.3376,-1.001,-21.1794,it. Why?  A $1
oracle,2166,Walking in front of a moving bus is much more dangerous than walking behind,23.5071,+2.00,573, the,1,-21.2005,2.002,42.3588,the bus. the the the the the
oracle,2166,Walking in front of a moving bus is much more dangerous than walking behind,-23.5071,-2.00,665, it,0,63.517,-2.002,-42.3588,it. It is because it is difficult
md_full,2166,Walking in front of a moving bus is much more dangerous than walking behind,0,+0.00,665, it,0,21.1582,0,0,it. Why?  A 1
md_full,2166,Walking in front of a moving bus is much more dangerous than walking behind,615.417,+0.25,1024, their,0,15.8634,0.25025,5.29485,their Their Their Their Their Their Their Their
md_full,2166,Walking in front of a moving bus is much more dangerous than walking behind,-615.417,-0.25,109,\n\n,0,26.4531,-0.25025,-5.29484,
md_full,2166,Walking in front of a moving bus is much more dangerous than walking behind,1230.83,+0.50,52444,Referanser,0,10.5686,0.5005,10.5897,ReferanserReferanserReferanserReferanserReferanserReferanserReferanserReferanser
md_full,2166,Walking in front of a moving bus is much more dangerous than walking behind,-1230.83,-0.50,109,\n\n,0,31.7479,-0.5005,-10.5897,
md_full,2166,Walking in front of a moving bus is much more dangerous than walking behind,2461.67,+1.00,52444,Referanser,0,-0.0211143,1.001,21.1794,ReferanserReferanserReferanserReferanserReferanserReferanserReferanserReferanser
md_full,2166,Walking in front of a moving bus is much more dangerous than walking behind,-2461.67,-1.00,108,\n,0,42.3376,-1.001,-21.1794,
md_full,2166,Walking in front of a moving bus is much more dangerous than walking behind,4923.34,+2.00,173,<tfoot>,0,-21.2005,2.002,42.3587,<tfoot><tfoot><tfoot><tfoot><tfoot><tfoot><tfoot><tfoot>
md_full,2166,Walking in front of a moving bus is much more dangerous than walking behind,-4923.34,-2.00,0,<pad>,0,63.517,-2.002,-42.3587,
oracle,2442,"If the narrator gets amnesia, the book will be much",0,+0.00,978, more,0,2.69408,0,0,more interesting.  I'm not
oracle,2442,"If the narrator gets amnesia, the book will be much",0.393287,+0.25,978, more,0,2.01989,0.25025,0.674194,more interesting.  I'm not
oracle,2442,"If the narrator gets amnesia, the book will be much",-0.393287,-0.25,978, more,0,3.36827,-0.250249,-0.674191,more interesting.  I'm not
oracle,2442,"If the narrator gets amnesia, the book will be much",0.786573,+0.50,978, more,0,1.3457,0.500499,1.34838,more interesting.  I'm not
oracle,2442,"If the narrator gets amnesia, the book will be much",-0.786573,-0.50,978, more,0,4.04247,-0.500499,-1.34838,more interesting.  I'm not
oracle,2442,"If the narrator gets amnesia, the book will be much",1.57315,+1.00,2644, less,1,-0.00269699,1.001,2.69678,less interesting.  I'm not
oracle,2442,"If the narrator gets amnesia, the book will be much",-1.57315,-1.00,978, more,0,5.39085,-1.001,-2.69677,more interesting.  I'm not
oracle,2442,"If the narrator gets amnesia, the book will be much",3.14629,+2.00,2644, less,1,-2.69947,2.002,5.39355,less interesting.  I'm not
oracle,2442,"If the narrator gets amnesia, the book will be much",-3.14629,-2.00,978, more,0,8.08763,-2.002,-5.39355,more interesting.  I'm not
md_full,2442,"If the narrator gets amnesia, the book will be much",0,+0.00,978, more,0,2.69408,0,0,more interesting.  I'm not
md_full,2442,"If the narrator gets amnesia, the book will be much",87.0359,+0.25,25270, shorter,0,2.01988,0.250252,0.674198,shorter.  The narrator is a character
md_full,2442,"If the narrator gets amnesia, the book will be much",-87.0359,-0.25,109,\n\n,0,3.36827,-0.25025,-0.674194,He is  He is  He
md_full,2442,"If the narrator gets amnesia, the book will be much",174.072,+0.50,2167, different,0,1.34569,0.500501,1.34839,different. The narrator will be much different
md_full,2442,"If the narrator gets amnesia, the book will be much",-174.072,-0.50,109,\n\n,0,4.04247,-0.500499,-1.34838,He  He  He
md_full,2442,"If the narrator gets amnesia, the book will be much",348.144,+1.00,2167, different,0,-0.00269508,1.001,2.69678,"different. They are different, but they"
md_full,2442,"If the narrator gets amnesia, the book will be much",-348.144,-1.00,109,\n\n,0,5.39085,-1.001,-2.69677,
md_full,2442,"If the narrator gets amnesia, the book will be much",696.287,+2.00,2167, different,0,-2.69947,2.002,5.39355,different. They Their Their Their Their Their
md_full,2442,"If the narrator gets amnesia, the book will be much",-696.287,-2.00,109,\n\n,0,8.08763,-2.002,-5.39355,
jtw_legacy,2442,"If the narrator gets amnesia, the book will be much",0,+0.00,978, more,0,2.69408,0,0,more interesting.  I'm not
jtw_legacy,2442,"If the narrator gets amnesia, the book will be much",0.393287,+0.25,978, more,0,2.71701,-0.00851131,-0.0229301,more interesting.  I'm not
jtw_legacy,2442,"If the narrator gets amnesia, the book will be much",-0.393287,-0.25,978, more,0,2.67114,0.00851414,0.0229378,more interesting.  I'm not
jtw_legacy,2442,"If the narrator gets amnesia, the book will be much",0.786573,+0.50,978, more,0,2.73996,-0.0170283,-0.0458755,more interesting.  I'm not
jtw_legacy,2442,"If the narrator gets amnesia, the book will be much",-0.786573,-0.50,978, more,0,2.6482,0.0170311,0.0458832,more interesting.  I'm not
jtw_legacy,2442,"If the narrator gets amnesia, the book will be much",1.57315,+1.00,978, more,0,2.78584,-0.034058,-0.0917549,more interesting.  I'm not
jtw_legacy,2442,"If the narrator gets amnesia, the book will be much",-1.57315,-1.00,978, more,0,2.60233,0.034058,0.0917549,more interesting.  I'm not
jtw_legacy,2442,"If the narrator gets amnesia, the book will be much",3.14629,+2.00,978, more,0,2.87759,-0.0681159,-0.18351,more interesting.  I'm not
jtw_legacy,2442,"If the narrator gets amnesia, the book will be much",-3.14629,-2.00,978, more,0,2.51057,0.0681159,0.18351,more interesting.  I'm not
oracle,2704,The lengths of day and night typically vary by less than an hour around the,0,+0.00,2134, world,0,5.9412,0,0,world. Why is the length of time
oracle,2704,The lengths of day and night typically vary by less than an hour around the,0.529295,+0.25,2134, world,0,4.45441,0.250251,1.48679,world. Why is the length of time
oracle,2704,The lengths of day and night typically vary by less than an hour around the,-0.529295,-0.25,2134, world,0,7.42799,-0.250251,-1.48679,world. Why is the length of time
oracle,2704,The lengths of day and night typically vary by less than an hour around the,1.05859,+0.50,2134, world,0,2.96762,0.500502,2.97358,world. Explain why.  A
oracle,2704,The lengths of day and night typically vary by less than an hour around the,-1.05859,-0.50,2134, world,0,8.91478,-0.500502,-2.97358,world. Why is the length of time
oracle,2704,The lengths of day and night typically vary by less than an hour around the,2.11718,+1.00,113065, equator,1,-0.00596237,1.001,5.94716,"equator. However, the lengths of day"
oracle,2704,The lengths of day and night typically vary by less than an hour around the,-2.11718,-1.00,2134, world,0,11.8884,-1.001,-5.94717,world. The reason for this is that
oracle,2704,The lengths of day and night typically vary by less than an hour around the,4.23436,+2.00,113065, equator,1,-5.95313,2.00201,11.8943,"equator. However, at the equator,"
oracle,2704,The lengths of day and night typically vary by less than an hour around the,-4.23436,-2.00,2134, world,0,17.8355,-2.00201,-11.8943,world. The reason for this is that
md_full,2704,The lengths of day and night typically vary by less than an hour around the,0,+0.00,2134, world,0,5.9412,0,0,world. Why is the length of time
md_full,2704,The lengths of day and night typically vary by less than an hour around the,206.939,+0.25,2134, world,0,4.45441,0.250251,1.48679,world. They vary most greatly in some
md_full,2704,The lengths of day and night typically vary by less than an hour around the,-206.939,-0.25,109,\n\n,0,7.42799,-0.250251,-1.48679,
md_full,2704,The lengths of day and night typically vary by less than an hour around the,413.879,+0.50,2365, They,0,2.96762,0.500502,2.97358,They are approximately They are approximately They They
md_full,2704,The lengths of day and night typically vary by less than an hour around the,-413.879,-0.50,109,\n\n,0,8.91479,-0.500503,-2.97359,
md_full,2704,The lengths of day and night typically vary by less than an hour around the,827.757,+1.00,10368, Their,0,-0.00597024,1.001,5.94717,Their Their Their Their Their Their Their Their
md_full,2704,The lengths of day and night typically vary by less than an hour around the,-827.757,-1.00,109,\n\n,0,11.8884,-1.001,-5.94716,
md_full,2704,The lengths of day and night typically vary by less than an hour around the,1655.51,+2.00,52444,Referanser,0,-5.95312,2.00201,11.8943,ReferanserReferanserReferanserReferanserReferanserReferanserReferanserReferanser
md_full,2704,The lengths of day and night typically vary by less than an hour around the,-1655.51,-2.00,109,\n\n,0,17.8355,-2.00201,-11.8943,
jtw_legacy,2704,The lengths of day and night typically vary by less than an hour around the,0,+0.00,2134, world,0,5.9412,0,0,world. Why is the length of time
jtw_legacy,2704,The lengths of day and night typically vary by less than an hour around the,0.529295,+0.25,2134, world,0,5.91387,0.00459983,0.0273285,world. Why is the length of time
jtw_legacy,2704,The lengths of day and night typically vary by less than an hour around the,-0.529295,-0.25,2134, world,0,5.96852,-0.00459918,-0.0273247,world. Why is the length of time
jtw_legacy,2704,The lengths of day and night typically vary by less than an hour around the,1.05859,+0.50,2134, world,0,5.88655,0.00919773,0.0546455,world. Why is the length of time
jtw_legacy,2704,The lengths of day and night typically vary by less than an hour around the,-1.05859,-0.50,2134, world,0,5.99585,-0.00919901,-0.0546532,world. Why is the length of time
jtw_legacy,2704,The lengths of day and night typically vary by less than an hour around the,2.11718,+1.00,2134, world,0,5.83191,0.0183961,0.109295,world. Why is the length of time
jtw_legacy,2704,The lengths of day and night typically vary by less than an hour around the,-2.11718,-1.00,2134, world,0,6.0505,-0.0183974,-0.109303,world. Why is the length of time
jtw_legacy,2704,The lengths of day and night typically vary by less than an hour around the,4.23436,+2.00,2134, world,0,5.7226,0.0367944,0.218603,"world. However, the length of day"
jtw_legacy,2704,The lengths of day and night typically vary by less than an hour around the,-4.23436,-2.00,2134, world,0,6.15981,-0.0367948,-0.218605,world. Explain why.  A
oracle,3892,Butterflies sometimes mistake windshields for leaves and get,0,+0.00,17530, stuck,0,4.9722,0,0,stuck.  The windshield is a very
oracle,3892,Butterflies sometimes mistake windshields for leaves and get,0.720029,+0.25,17530, stuck,0,3.72791,0.25025,1.24429,stuck.  The windshield is a very
oracle,3892,Butterflies sometimes mistake windshields for leaves and get,-0.720029,-0.25,17530, stuck,0,6.21648,-0.250249,-1.24429,stuck.  The windshield is a very
oracle,3892,Butterflies sometimes mistake windshields for leaves and get,1.44006,+0.50,17530, stuck,0,2.48361,0.5005,2.48859,stuck.  The windshield is a very
oracle,3892,Butterflies sometimes mistake windshields for leaves and get,-1.44006,-0.50,17530, stuck,0,7.46078,-0.500499,-2.48858,stuck.  The windshield is a very
oracle,3892,Butterflies sometimes mistake windshields for leaves and get,2.88011,+1.00,41445, trapped,1,-0.00497055,1.001,4.97717,trapped.  The windshield is a common
oracle,3892,Butterflies sometimes mistake windshields for leaves and get,-2.88011,-1.00,17530, stuck,0,9.94936,-1.001,-4.97716,stuck.  The windshield is a very
oracle,3892,Butterflies sometimes mistake windshields for leaves and get,5.76023,+2.00,41445, trapped,1,-4.98213,2.002,9.95433,trapped.  The windshield is a common
oracle,3892,Butterflies sometimes mistake windshields for leaves and get,-5.76023,-2.00,17530, stuck,0,14.9265,-2.002,-9.95433,stuck.  The windshield is a very
md_full,3892,Butterflies sometimes mistake windshields for leaves and get,0,+0.00,17530, stuck,0,4.9722,0,0,stuck.  The windshield is a very
md_full,3892,Butterflies sometimes mistake windshields for leaves and get,57.9389,+0.25,17530, stuck,0,3.72791,0.25025,1.24429,stuck. They can be freed by using
md_full,3892,Butterflies sometimes mistake windshields for leaves and get,-57.9389,-0.25,17530, stuck,0,6.21649,-0.250249,-1.24429,stuck.  The butterfly is a symbol
md_full,3892,Butterflies sometimes mistake windshields for leaves and get,115.878,+0.50,17530, stuck,0,2.48361,0.5005,2.48858,stuck. They are often found in the
md_full,3892,Butterflies sometimes mistake windshields for leaves and get,-115.878,-0.50,109,\n\n,0,7.46078,-0.5005,-2.48858,
md_full,3892,Butterflies sometimes mistake windshields for leaves and get,231.756,+1.00,1024, their,0,-0.00496674,1.001,4.97716,their their their their their their their their
md_full,3892,Butterflies sometimes mistake windshields for leaves and get,-231.756,-1.00,109,\n\n,0,9.94936,-1.001,-4.97716,
md_full,3892,Butterflies sometimes mistake windshields for leaves and get,463.511,+2.00,1024, their,0,-4.98213,2.002,9.95433,their their their their their their their their
md_full,3892,Butterflies sometimes mistake windshields for leaves and get,-463.511,-2.00,109,\n\n,0,14.9265,-2.002,-9.95433,
oracle,3150,"If All Lives Matter mattered, then white lives would matter MORE, not",0,+0.00,2644, less,0,9.65919,0,0,less.  If All Lives Mattered
oracle,3150,"If All Lives Matter mattered, then white lives would matter MORE, not",1.63583,+0.25,2644, less,0,7.24198,0.25025,2.41721,less.  If All Lives Mattered
oracle,3150,"If All Lives Matter mattered, then white lives would matter MORE, not",-1.63583,-0.25,2644, less,0,12.0764,-0.25025,-2.41721,less.  If All Lives Mattered
oracle,3150,"If All Lives Matter mattered, then white lives would matter MORE, not",3.27166,+0.50,2644, less,0,4.82476,0.5005,4.83442,less.  If All Lives Matter mattered
oracle,3150,"If All Lives Matter mattered, then white lives would matter MORE, not",-3.27166,-0.50,2644, less,0,14.4936,-0.5005,-4.83442,less.  If All Lives Mattered
oracle,3150,"If All Lives Matter mattered, then white lives would matter MORE, not",6.54332,+1.00,64831, LESS,1,-0.009655,1.001,9.66884,LESS.  If All Lives Matter mattered
oracle,3150,"If All Lives Matter mattered, then white lives would matter MORE, not",-6.54332,-1.00,2644, less,0,19.328,-1.001,-9.66885,less.  If All Lives Mattered
oracle,3150,"If All Lives Matter mattered, then white lives would matter MORE, not",13.0866,+2.00,64831, LESS,1,-9.6785,2.002,19.3377,"LESS.  If BLM mattered, then"
oracle,3150,"If All Lives Matter mattered, then white lives would matter MORE, not",-13.0866,-2.00,2644, less,0,28.9969,-2.002,-19.3377,less.  If All Lives <em>
md_full,3150,"If All Lives Matter mattered, then white lives would matter MORE, not",0,+0.00,2644, less,0,9.65919,0,0,less.  If All Lives Mattered
md_full,3150,"If All Lives Matter mattered, then white lives would matter MORE, not",226.678,+0.25,2644, less,0,7.24198,0.25025,2.41721,"less. They are the most protected,"
md_full,3150,"If All Lives Matter mattered, then white lives would matter MORE, not",-226.678,-0.25,109,\n\n,0,12.0764,-0.25025,-2.41721,
md_full,3150,"If All Lives Matter mattered, then white lives would matter MORE, not",453.356,+0.50,1024, their,0,4.82477,0.500499,4.83442,their Their Their Their Their Their Their Their
md_full,3150,"If All Lives Matter mattered, then white lives would matter MORE, not",-453.356,-0.50,109,\n\n,0,14.4936,-0.5005,-4.83442,
md_full,3150,"If All Lives Matter mattered, then white lives would matter MORE, not",906.711,+1.00,10368, Their,0,-0.00965691,1.001,9.66884,Their Their Their Their Their Their Their Their
md_full,3150,"If All Lives Matter mattered, then white lives would matter MORE, not",-906.711,-1.00,109,\n\n,0,19.328,-1.001,-9.66885,
md_full,3150,"If All Lives Matter mattered, then white lives would matter MORE, not",1813.42,+2.00,52444,Referanser,0,-9.6785,2.002,19.3377,ReferanserReferanserReferanserReferanserReferanserReferanserReferanserReferanser
md_full,3150,"If All Lives Matter mattered, then white lives would matter MORE, not",-1813.42,-2.00,109,\n\n,0,28.9969,-2.002,-19.3377,
oracle,3084,Streams in Virginia's Blue Ridge Mountains flow west even though the land slopes,0,+0.00,9110, east,0,1.62891,0,0,east. Why?  A. the
oracle,3084,Streams in Virginia's Blue Ridge Mountains flow west even though the land slopes,0.160145,+0.25,9110, east,0,1.22127,0.250251,0.407637,east. Why?  A. the
oracle,3084,Streams in Virginia's Blue Ridge Mountains flow west even though the land slopes,-0.160145,-0.25,9110, east,0,2.03654,-0.250248,-0.407631,east. Why?  A. the
oracle,3084,Streams in Virginia's Blue Ridge Mountains flow west even though the land slopes,0.320289,+0.50,9110, east,0,0.813639,0.500501,0.815269,east. Why?  A. the
oracle,3084,Streams in Virginia's Blue Ridge Mountains flow west even though the land slopes,-0.320289,-0.50,9110, east,0,2.44417,-0.500496,-0.815262,east. Why?  A. the
oracle,3084,Streams in Virginia's Blue Ridge Mountains flow west even though the land slopes,0.640579,+1.00,575, in,1,-0.00162697,1.001,1.63054,in the opposite direction. This is because
oracle,3084,Streams in Virginia's Blue Ridge Mountains flow west even though the land slopes,-0.640579,-1.00,9110, east,0,3.25944,-1.001,-1.63053,east. Why?  A. the
oracle,3084,Streams in Virginia's Blue Ridge Mountains flow west even though the land slopes,1.28116,+2.00,575, in,1,-1.63216,2.002,3.26107,in the opposite direction. This is because
oracle,3084,Streams in Virginia's Blue Ridge Mountains flow west even though the land slopes,-1.28116,-2.00,9110, east,0,4.88997,-2.00199,-3.26106,east. Why?  A. the
md_full,3084,Streams in Virginia's Blue Ridge Mountains flow west even though the land slopes,0,+0.00,9110, east,0,1.62891,0,0,east. Why?  A. the
md_full,3084,Streams in Virginia's Blue Ridge Mountains flow west even though the land slopes,14.3448,+0.25,9110, east,0,1.22127,0.25025,0.407635,east. Why?  A. the
md_full,3084,Streams in Virginia's Blue Ridge Mountains flow west even though the land slopes,-14.3448,-0.25,9110, east,0,2.03654,-0.250249,-0.407633,east. Why?  A. the
md_full,3084,Streams in Virginia's Blue Ridge Mountains flow west even though the land slopes,28.6895,+0.50,9110, east,0,0.813639,0.500501,0.815269,east. How might you explain this?
md_full,3084,Streams in Virginia's Blue Ridge Mountains flow west even though the land slopes,-28.6895,-0.50,9110, east,0,2.44417,-0.500497,-0.815264,east.  The Blue Ridge Mountains are
md_full,3084,Streams in Virginia's Blue Ridge Mountains flow west even though the land slopes,57.3791,+1.00,575, in,1,-0.00162697,1.001,1.63054,in the opposite direction. How can geologists
md_full,3084,Streams in Virginia's Blue Ridge Mountains flow west even though the land slopes,-57.3791,-1.00,109,\n\n,0,3.25944,-1.001,-1.63053,A.  down  B
md_full,3084,Streams in Virginia's Blue Ridge Mountains flow west even though the land slopes,114.758,+2.00,575, in,1,-1.63216,2.002,3.26107,in the opposite direction. How are these
md_full,3084,Streams in Virginia's Blue Ridge Mountains flow west even though the land slopes,-114.758,-2.00,109,\n\n,0,4.88997,-2.00199,-3.26106,A
jtw_legacy,3084,Streams in Virginia's Blue Ridge Mountains flow west even though the land slopes,0,+0.00,9110, east,0,1.62891,0,0,east. Why?  A. the
jtw_legacy,3084,Streams in Virginia's Blue Ridge Mountains flow west even though the land slopes,0.160145,+0.25,9110, east,0,1.64831,-0.0119108,-0.0194016,east. Why?  A. the
jtw_legacy,3084,Streams in Virginia's Blue Ridge Mountains flow west even though the land slopes,-0.160145,-0.25,9110, east,0,1.6095,0.0119143,0.0194073,east. Why?  A. the
jtw_legacy,3084,Streams in Virginia's Blue Ridge Mountains flow west even though the land slopes,0.320289,+0.50,9110, east,0,1.66771,-0.0238227,-0.038805,east. Why?  A. the
jtw_legacy,3084,Streams in Virginia's Blue Ridge Mountains flow west even though the land slopes,-0.320289,-0.50,9110, east,0,1.5901,0.0238274,0.0388126,east. Why?  A. the
jtw_legacy,3084,Streams in Virginia's Blue Ridge Mountains flow west even though the land slopes,0.640579,+1.00,9110, east,0,1.70652,-0.0476489,-0.0776157,east. Why?  A. the
jtw_legacy,3084,Streams in Virginia's Blue Ridge Mountains flow west even though the land slopes,-0.640579,-1.00,9110, east,0,1.55128,0.0476536,0.0776234,east. Why?  A. the
jtw_legacy,3084,Streams in Virginia's Blue Ridge Mountains flow west even though the land slopes,1.28116,+2.00,9110, east,0,1.78414,-0.0953002,-0.155235,east. Why?  A. the
jtw_legacy,3084,Streams in Virginia's Blue Ridge Mountains flow west even though the land slopes,-1.28116,-2.00,9110, east,0,1.47367,0.0953049,0.155243,east. Why?  A. the
oracle,3117,Human hairs are virtually,0,+0.00,20745, identical,0,0.860216,0,0,"identical to each other, but they are"
oracle,3117,Human hairs are virtually,0.102182,+0.25,20745, identical,0,0.644943,0.250254,0.215273,"identical to each other, but they are"
oracle,3117,Human hairs are virtually,-0.102182,-0.25,20745, identical,0,1.07549,-0.250254,-0.215273,"identical to each other, but they are"
oracle,3117,Human hairs are virtually,0.204364,+0.50,20745, identical,0,0.429674,0.500504,0.430542,"identical to each other, but they are"
oracle,3117,Human hairs are virtually,-0.204364,-0.50,20745, identical,0,1.29076,-0.500507,-0.430544,"identical to each other, but they are"
oracle,3117,Human hairs are virtually,0.408727,+1.00,11623, impossible,1,-0.000864029,1.001,0.86108,"impossible to grow back. But, if"
oracle,3117,Human hairs are virtually,-0.408727,-1.00,20745, identical,0,1.7213,-1.001,-0.86108,"identical to each other, but they are"
oracle,3117,Human hairs are virtually,0.817455,+2.00,11623, impossible,1,-0.86195,2.00202,1.72217,"impossible to grow back. But, if"
oracle,3117,Human hairs are virtually,-0.817455,-2.00,20745, identical,0,2.58238,-2.00202,-1.72217,"identical to each other, but they are"
md_full,3117,Human hairs are virtually,0,+0.00,20745, identical,0,0.860216,0,0,"identical to each other, but they are"
md_full,3117,Human hairs are virtually,14.1806,+0.25,20745, identical,0,1.07549,-0.250257,-0.215275,"identical to each other, but they are"
md_full,3117,Human hairs are virtually,-14.1806,-0.25,20745, identical,0,0.644947,0.25025,0.215269,identical to the hairs of other mammals.
md_full,3117,Human hairs are virtually,28.3612,+0.50,20745, identical,0,1.29076,-0.500502,-0.43054,"identical to each other, but they are"
md_full,3117,Human hairs are virtually,-28.3612,-0.50,20745, identical,0,0.429676,0.500502,0.43054,identical to the hairs of other mammals.
md_full,3117,Human hairs are virtually,56.7225,+1.00,20745, identical,0,1.7213,-1.00101,-0.861084,"identical to each other, but they are"
md_full,3117,Human hairs are virtually,-56.7225,-1.00,109,\n\n,0,-0.000865936,1.00101,0.861082,A  B  C  D
md_full,3117,Human hairs are virtually,113.445,+2.00,20745, identical,0,2.58238,-2.00202,-1.72217,"identical to each other, but they are"
md_full,3117,Human hairs are virtually,-113.445,-2.00,109,\n\n,0,-0.861952,2.00202,1.72217,A
jtw_legacy,3117,Human hairs are virtually,0,+0.00,20745, identical,0,0.860216,0,0,"identical to each other, but they are"
jtw_legacy,3117,Human hairs are virtually,0.102182,+0.25,20745, identical,0,0.869682,-0.0110044,-0.00946617,"identical to each other, but they are"
jtw_legacy,3117,Human hairs are virtually,-0.102182,-0.25,20745, identical,0,0.850746,0.0110088,0.00946999,"identical to each other, but they are"
jtw_legacy,3117,Human hairs are virtually,0.204364,+0.50,20745, identical,0,0.879154,-0.0220155,-0.0189381,"identical to each other, but they are"
jtw_legacy,3117,Human hairs are virtually,-0.204364,-0.50,20745, identical,0,0.841282,0.022011,0.0189342,"identical to each other, but they are"
jtw_legacy,3117,Human hairs are virtually,0.408727,+1.00,20745, identical,0,0.898096,-0.0440354,-0.0378799,"identical to each other, but they are"
jtw_legacy,3117,Human hairs are virtually,-0.408727,-1.00,20745, identical,0,0.822336,0.0440354,0.0378799,"identical to each other, but they are"
jtw_legacy,3117,Human hairs are virtually,0.817455,+2.00,20745, identical,0,0.935974,-0.0880685,-0.075758,"identical to each other, but they are"
jtw_legacy,3117,Human hairs are virtually,-0.817455,-2.00,20745, identical,0,0.78446,0.0880663,0.0757561,"identical to each other, but they are"
oracle,1738,Electrical outlets in the United States are different than in most other,0,+0.00,5605, countries,0,6.36709,0,0,countries. The voltage is 12
oracle,1738,Electrical outlets in the United States are different than in most other,0.762417,+0.25,5605, countries,0,4.77372,0.250251,1.59337,countries. The voltage is 12
oracle,1738,Electrical outlets in the United States are different than in most other,-0.762417,-0.25,5605, countries,0,7.96044,-0.250249,-1.59336,countries. The voltage is 12
oracle,1738,Electrical outlets in the United States are different than in most other,1.52483,+0.50,5605, countries,0,3.18036,0.5005,3.18672,countries. The voltage is 12
oracle,1738,Electrical outlets in the United States are different than in most other,-1.52483,-0.50,5605, countries,0,9.55381,-0.5005,-3.18672,countries. The voltage is 12
oracle,1738,Electrical outlets in the United States are different than in most other,3.04967,+1.00,4942, parts,1,-0.00636673,1.001,6.37345,parts of the world. The United States
oracle,1738,Electrical outlets in the United States are different than in most other,-3.04967,-1.00,5605, countries,0,12.7405,-1.001,-6.37345,countries. The voltage is 12
oracle,1738,Electrical outlets in the United States are different than in most other,6.09933,+2.00,4942, parts,1,-6.37981,2.002,12.7469,parts of the world. The United States
oracle,1738,Electrical outlets in the United States are different than in most other,-6.09933,-2.00,5605, countries,0,19.114,-2.002,-12.7469,countries. The voltage is 12
md_full,1738,Electrical outlets in the United States are different than in most other,0,+0.00,5605, countries,0,6.36709,0,0,countries. The voltage is 12
md_full,1738,Electrical outlets in the United States are different than in most other,34.2935,+0.25,5605, countries,0,4.77372,0.25025,1.59336,countries. The voltage is 12
md_full,1738,Electrical outlets in the United States are different than in most other,-34.2935,-0.25,5605, countries,0,7.96045,-0.25025,-1.59336,countries. The outlets in the United States
md_full,1738,Electrical outlets in the United States are different than in most other,68.587,+0.50,5605, countries,0,3.18036,0.5005,3.18673,countries. The voltage is 12
md_full,1738,Electrical outlets in the United States are different than in most other,-68.587,-0.50,5605, countries,0,9.55381,-0.500499,-3.18672,countries.  The outlets in the United
md_full,1738,Electrical outlets in the United States are different than in most other,137.174,+1.00,4942, parts,1,-0.00636292,1.001,6.37345,parts of the world. They are typically
md_full,1738,Electrical outlets in the United States are different than in most other,-137.174,-1.00,109,\n\n,0,12.7405,-1.001,-6.37345,
md_full,1738,Electrical outlets in the United States are different than in most other,274.348,+2.00,4942, parts,1,-6.37981,2.002,12.7469,parts of their their their their their their
md_full,1738,Electrical outlets in the United States are different than in most other,-274.348,-2.00,109,\n\n,0,19.114,-2.002,-12.7469,
oracle,3266,"In the US, tipping servers is not",0,+0.00,476, a,0,0.223763,0,0,"a requirement, but it is expected."
oracle,3266,"In the US, tipping servers is not",0.0204262,+0.25,476, a,0,0.167763,0.250264,0.0559998,"a requirement, but it is expected."
oracle,3266,"In the US, tipping servers is not",-0.0204262,-0.25,476, a,0,0.279758,-0.250247,-0.0559959,"a requirement, but it is expected."
oracle,3266,"In the US, tipping servers is not",0.0408525,+0.50,476, a,0,0.111767,0.500511,0.111996,"a requirement, but it is expected."
oracle,3266,"In the US, tipping servers is not",-0.0408525,-0.50,476, a,0,0.335754,-0.500494,-0.111992,"a requirement, but it is expected."
oracle,3266,"In the US, tipping servers is not",0.081705,+1.00,31305, mandatory,1,-0.000221252,1.00099,0.223984,"mandatory, but it is expected. In"
oracle,3266,"In the US, tipping servers is not",-0.081705,-1.00,476, a,0,0.447742,-1.00097,-0.22398,"a requirement, but it is expected."
oracle,3266,"In the US, tipping servers is not",0.16341,+2.00,31305, mandatory,1,-0.224197,2.00194,0.44796,"mandatory, but it is expected. In"
oracle,3266,"In the US, tipping servers is not",-0.16341,-2.00,476, a,0,0.671722,-2.00194,-0.44796,"a requirement, but it is expected."
md_full,3266,"In the US, tipping servers is not",0,+0.00,476, a,0,0.223763,0,0,"a requirement, but it is expected."
md_full,3266,"In the US, tipping servers is not",1.22649,+0.25,476, a,0,0.279755,-0.25023,-0.0559921,"a requirement, but it is expected."
md_full,3266,"In the US, tipping servers is not",-1.22649,-0.25,476, a,0,0.167767,0.250247,0.0559959,"a requirement, but it is expected."
md_full,3266,"In the US, tipping servers is not",2.45298,+0.50,476, a,0,0.335751,-0.500477,-0.111988,"a requirement, but it is expected."
md_full,3266,"In the US, tipping servers is not",-2.45298,-0.50,476, a,0,0.111771,0.500494,0.111992,"a requirement, but it is expected."
md_full,3266,"In the US, tipping servers is not",4.90597,+1.00,476, a,0,0.447746,-1.00099,-0.223984,"a requirement, but it is expected."
md_full,3266,"In the US, tipping servers is not",-4.90597,-1.00,31305, mandatory,1,-0.000221252,1.00099,0.223984,"mandatory, but it is expected. In"
md_full,3266,"In the US, tipping servers is not",9.81193,+2.00,476, a,0,0.671726,-2.00196,-0.447964,"a requirement, but it is expected."
md_full,3266,"In the US, tipping servers is not",-9.81193,-2.00,31305, mandatory,1,-0.224201,2.00196,0.447964,"mandatory, but it is expected. In"
oracle,3844,The brain of an insect is more complex than a human,0,+0.00,9494, brain,0,6.24204,0,0,brain. The brain of an insect is
oracle,3844,The brain of an insect is more complex than a human,0.597653,+0.25,9494, brain,0,4.67997,0.25025,1.56207,brain. The brain of an insect is
oracle,3844,The brain of an insect is more complex than a human,-0.597653,-0.25,9494, brain,0,7.80412,-0.250251,-1.56208,brain. The brain of an insect is
oracle,3844,The brain of an insect is more complex than a human,1.19531,+0.50,9494, brain,0,3.1179,0.5005,3.12414,brain. The insect brain is made up
oracle,3844,The brain of an insect is more complex than a human,-1.19531,-0.50,9494, brain,0,9.36619,-0.500501,-3.12415,brain. The brain of an insect is
oracle,3844,The brain of an insect is more complex than a human,2.39061,+1.00,235349,’,1,-0.00623703,1.001,6.24828,’s. It is made up of
oracle,3844,The brain of an insect is more complex than a human,-2.39061,-1.00,9494, brain,0,12.4903,-1.001,-6.24829,brain. The brain of an insect is
oracle,3844,The brain of an insect is more complex than a human,4.78122,+2.00,235349,’,1,-6.25453,2.002,12.4966,’s. It is a very small
oracle,3844,The brain of an insect is more complex than a human,-4.78122,-2.00,9494, brain,0,18.7386,-2.002,-12.4966,brain. Insects have a brain that is
md_full,3844,The brain of an insect is more complex than a human,0,+0.00,9494, brain,0,6.24204,0,0,brain. The brain of an insect is
md_full,3844,The brain of an insect is more complex than a human,33.0578,+0.25,9494, brain,0,4.67998,0.250249,1.56207,brain. The brain of an insect is
md_full,3844,The brain of an insect is more complex than a human,-33.0578,-0.25,9494, brain,0,7.80412,-0.250251,-1.56208,brain.  The brain of an insect
md_full,3844,The brain of an insect is more complex than a human,66.1155,+0.50,9494, brain,0,3.1179,0.500499,3.12414,brain. The brain of an insect is
md_full,3844,The brain of an insect is more complex than a human,-66.1155,-0.50,9494, brain,0,9.3662,-0.500502,-3.12415,brain.  The brain of an insect
md_full,3844,The brain of an insect is more complex than a human,132.231,+1.00,235349,’,1,-0.00624084,1.001,6.24828,"’s, but it’s still"
md_full,3844,The brain of an insect is more complex than a human,-132.231,-1.00,109,\n\n,0,12.4903,-1.001,-6.2483,The
md_full,3844,The brain of an insect is more complex than a human,264.462,+2.00,235349,’,1,-6.25453,2.002,12.4966,’ Their Their Their Their Their Their Their
md_full,3844,The brain of an insect is more complex than a human,-264.462,-2.00,109,\n\n,0,18.7386,-2.002,-12.4966,
oracle,876,Water is essential to the human,0,+0.00,2971, body,0,8.21325,0,0,body. It is the most important nutrient
oracle,876,Water is essential to the human,0.86365,+0.25,2971, body,0,6.15788,0.25025,2.05537,body. It is the most important nutrient
oracle,876,Water is essential to the human,-0.86365,-0.25,2971, body,0,10.2686,-0.250251,-2.05537,body. It is the most important nutrient
oracle,876,Water is essential to the human,1.7273,+0.50,2971, body,0,4.10252,0.5005,4.11074,body. It is the most important nutrient
oracle,876,Water is essential to the human,-1.7273,-0.50,2971, body,0,12.324,-0.500501,-4.11074,body. It is the most important nutrient
oracle,876,Water is essential to the human,3.4546,+1.00,7925, race,1,-0.00822067,1.001,8.22147,race. It is the most important element
oracle,876,Water is essential to the human,-3.4546,-1.00,2971, body,0,16.4347,-1.001,-8.22148,body. It is the most important nutrient
oracle,876,Water is essential to the human,6.9092,+2.00,7925, race,1,-8.2297,2.002,16.443,race. It is the most important element
oracle,876,Water is essential to the human,-6.9092,-2.00,2971, body,0,24.6562,-2.002,-16.443,body. It is the body’s
md_full,876,Water is essential to the human,0,+0.00,2971, body,0,8.21325,0,0,body. It is the most important nutrient
md_full,876,Water is essential to the human,309.379,+0.25,6202, species,0,10.2686,-0.250251,-2.05537,species. Most of us are aware of
md_full,876,Water is essential to the human,-309.379,-0.25,109,\n\n,0,6.15789,0.25025,2.05537,
md_full,876,Water is essential to the human,618.757,+0.50,39211, census,0,12.324,-0.500501,-4.11074,census. They They They They They They
md_full,876,Water is essential to the human,-618.757,-0.50,109,\n\n,0,4.10252,0.5005,4.11073,
md_full,876,Water is essential to the human,1237.51,+1.00,44415,inander,0,16.4347,-1.001,-8.22149,inanderinanderinanderinanderinanderinanderinanderinander
md_full,876,Water is essential to the human,-1237.51,-1.00,109,\n\n,0,-0.00823212,1.001,8.22149,
md_full,876,Water is essential to the human,2475.03,+2.00,52444,Referanser,0,24.6562,-2.002,-16.443,ReferanserReferanserReferanserReferanserReferanserReferanserReferanserReferanser
md_full,876,Water is essential to the human,-2475.03,-2.00,109,\n\n,0,-8.22972,2.00201,16.443,
oracle,1825,The humpback whale sings the longest and most complex songs of any known,0,+0.00,8205, animal,0,2.78384,0,0,animal. The songs are passed down from
oracle,1825,The humpback whale sings the longest and most complex songs of any known,0.3551,+0.25,8205, animal,0,2.08718,0.250249,0.696653,animal. The songs are passed down from
oracle,1825,The humpback whale sings the longest and most complex songs of any known,-0.3551,-0.25,8205, animal,0,3.48049,-0.25025,-0.696655,animal. The songs are passed down from
oracle,1825,The humpback whale sings the longest and most complex songs of any known,0.7102,+0.50,8205, animal,0,1.39053,0.5005,1.39331,animal. The songs are passed down from
oracle,1825,The humpback whale sings the longest and most complex songs of any known,-0.7102,-0.50,8205, animal,0,4.17715,-0.500502,-1.39331,animal. The songs are passed down from
oracle,1825,The humpback whale sings the longest and most complex songs of any known,1.4204,+1.00,59178, mammal,1,-0.00279045,1.001,2.78663,mammal. The songs are passed down from
oracle,1825,The humpback whale sings the longest and most complex songs of any known,-1.4204,-1.00,8205, animal,0,5.57046,-1.001,-2.78662,animal. The songs are passed down from
oracle,1825,The humpback whale sings the longest and most complex songs of any known,2.8408,+2.00,59178, mammal,1,-2.78941,2.002,5.57325,mammal. The songs are passed down from
oracle,1825,The humpback whale sings the longest and most complex songs of any known,-2.8408,-2.00,8205, animal,0,8.35709,-2.002,-5.57325,animal. The songs are passed down from
md_full,1825,The humpback whale sings the longest and most complex songs of any known,0,+0.00,8205, animal,0,2.78384,0,0,animal. The songs are passed down from
md_full,1825,The humpback whale sings the longest and most complex songs of any known,37.7042,+0.25,8205, animal,0,2.08718,0.250251,0.696657,animal. The songs are passed down from
md_full,1825,The humpback whale sings the longest and most complex songs of any known,-37.7042,-0.25,8205, animal,0,3.48049,-0.25025,-0.696655,animal.  The songs are passed down
md_full,1825,The humpback whale sings the longest and most complex songs of any known,75.4084,+0.50,6202, species,0,1.39052,0.500501,1.39331,species. They are also the most intelligent
md_full,1825,The humpback whale sings the longest and most complex songs of any known,-75.4084,-0.50,109,\n\n,0,4.17715,-0.500501,-1.39331,animal  The hump  back
md_full,1825,The humpback whale sings the longest and most complex songs of any known,150.817,+1.00,6202, species,0,-0.00278664,1.001,2.78662,species. They are often compared to the
md_full,1825,The humpback whale sings the longest and most complex songs of any known,-150.817,-1.00,109,\n\n,0,5.57046,-1.001,-2.78663,
md_full,1825,The humpback whale sings the longest and most complex songs of any known,301.634,+2.00,6202, species,0,-2.78942,2.002,5.57325,"species. They communicate with their songs,"
md_full,1825,The humpback whale sings the longest and most complex songs of any known,-301.634,-2.00,109,\n\n,0,8.35709,-2.002,-5.57325,
jtw_legacy,1825,The humpback whale sings the longest and most complex songs of any known,0,+0.00,8205, animal,0,2.78384,0,0,animal. The songs are passed down from
jtw_legacy,1825,The humpback whale sings the longest and most complex songs of any known,0.3551,+0.25,8205, animal,0,2.78026,0.00128397,0.00357437,animal. The songs are passed down from
jtw_legacy,1825,The humpback whale sings the longest and most complex songs of any known,-0.3551,-0.25,8205, animal,0,2.78741,-0.00128466,-0.00357628,animal. The songs are passed down from
jtw_legacy,1825,The humpback whale sings the longest and most complex songs of any known,0.7102,+0.50,8205, animal,0,2.77668,0.00256932,0.00715256,animal. The songs are passed down from
jtw_legacy,1825,The humpback whale sings the longest and most complex songs of any known,-0.7102,-0.50,8205, animal,0,2.79099,-0.00256863,-0.00715065,animal. The songs are passed down from
jtw_legacy,1825,The humpback whale sings the longest and most complex songs of any known,1.4204,+1.00,8205, animal,0,2.76953,0.00514,0.0143089,animal. The songs are passed down from
jtw_legacy,1825,The humpback whale sings the longest and most complex songs of any known,-1.4204,-1.00,8205, animal,0,2.79814,-0.00513932,-0.014307,animal. The songs are passed down from
jtw_legacy,1825,The humpback whale sings the longest and most complex songs of any known,2.8408,+2.00,8205, animal,0,2.75522,0.01028,0.0286179,animal. The songs are passed down from
jtw_legacy,1825,The humpback whale sings the longest and most complex songs of any known,-2.8408,-2.00,8205, animal,0,2.81245,-0.0102786,-0.028614,animal. The songs are passed down from
oracle,2146,The domestic dog is the most common pet in the,0,+0.00,3520, United,0,1.31686,0,0,United States. It is also the most
oracle,2146,The domestic dog is the most common pet in the,0.155652,+0.25,3520, United,0,0.98732,0.250245,0.329536,United States. It is also the most
oracle,2146,The domestic dog is the most common pet in the,-0.155652,-0.25,3520, United,0,1.6464,-0.250253,-0.329548,United States. It is also the most
oracle,2146,The domestic dog is the most common pet in the,0.311304,+0.50,3520, United,0,0.657768,0.500501,0.659088,United States. It is also the most
oracle,2146,The domestic dog is the most common pet in the,-0.311304,-0.50,3520, United,0,1.97596,-0.50051,-0.6591,United States. It is also the most
oracle,2146,The domestic dog is the most common pet in the,0.622608,+1.00,2134, world,1,-0.0013237,1.00101,1.31818,world. It is a companion animal that
oracle,2146,The domestic dog is the most common pet in the,-0.622608,-1.00,3520, United,0,2.63505,-1.00102,-1.3182,United States. It is also the most
oracle,2146,The domestic dog is the most common pet in the,1.24522,+2.00,2134, world,1,-1.31951,2.00202,2.63637,world. It is a companion animal that
oracle,2146,The domestic dog is the most common pet in the,-1.24522,-2.00,3520, United,0,3.95323,-2.00202,-2.63638,United States. It is also the most
md_full,2146,The domestic dog is the most common pet in the,0,+0.00,3520, United,0,1.31686,0,0,United States. It is also the most
md_full,2146,The domestic dog is the most common pet in the,20.8359,+0.25,3520, United,0,1.64641,-0.250256,-0.329552,"United States. In fact, 6"
md_full,2146,The domestic dog is the most common pet in the,-20.8359,-0.25,3520, United,0,0.987312,0.250251,0.329544,United States. The dog is a member
md_full,2146,The domestic dog is the most common pet in the,41.6719,+0.50,3520, United,0,1.97596,-0.50051,-0.6591,"United States. In fact, 6"
md_full,2146,The domestic dog is the most common pet in the,-41.6719,-0.50,3520, United,0,0.657776,0.500495,0.659081,United  States.  The dog is
md_full,2146,The domestic dog is the most common pet in the,83.3437,+1.00,3520, United,0,2.63505,-1.00101,-1.31819,"United States. In fact, 6"
md_full,2146,The domestic dog is the most common pet in the,-83.3437,-1.00,109,\n\n,0,-0.0013237,1.00101,1.31818,United
md_full,2146,The domestic dog is the most common pet in the,166.687,+2.00,3520, United,0,3.95324,-2.00202,-2.63638,"United Kingdom, with approximately 10"
md_full,2146,The domestic dog is the most common pet in the,-166.687,-2.00,109,\n\n,0,-1.31952,2.00202,2.63637,
oracle,13,The Sun and all other stars shine through the vacuum of,0,+0.00,3641, space,0,8.2274,0,0,space because they are sources of electromagnetic radiation
oracle,13,The Sun and all other stars shine through the vacuum of,0.829031,+0.25,3641, space,0,6.16849,0.25025,2.0589,"space because they emit electromagnetic radiation, which"
oracle,13,The Sun and all other stars shine through the vacuum of,-0.829031,-0.25,3641, space,0,10.2863,-0.25025,-2.05891,space because they are sources of electromagnetic radiation
oracle,13,The Sun and all other stars shine through the vacuum of,1.65806,+0.50,3641, space,0,4.10958,0.5005,4.11781,"space because they emit electromagnetic radiation, primarily"
oracle,13,The Sun and all other stars shine through the vacuum of,-1.65806,-0.50,3641, space,0,12.3452,-0.500499,-4.11781,space because they are sources of  (
oracle,13,The Sun and all other stars shine through the vacuum of,3.31612,+1.00,192039, interstellar,1,-0.00822449,1.001,8.23562,interstellar space because they emit electromagnetic radiation.
oracle,13,The Sun and all other stars shine through the vacuum of,-3.31612,-1.00,3641, space,0,16.463,-1.001,-8.23562,space because they are  a. very
oracle,13,The Sun and all other stars shine through the vacuum of,6.63225,+2.00,192039, interstellar,1,-8.24384,2.002,16.4712,interstellar space because they emit electromagnetic radiation.
oracle,13,The Sun and all other stars shine through the vacuum of,-6.63225,-2.00,3641, space,0,24.6986,-2.002,-16.4712,space.  The Sun is a star
md_full,13,The Sun and all other stars shine through the vacuum of,0,+0.00,3641, space,0,8.2274,0,0,space because they are sources of electromagnetic radiation
md_full,13,The Sun and all other stars shine through the vacuum of,787.513,+0.25,1024, their,0,10.2863,-0.25025,-2.05891,their Their Their Their Their Their Their Their
md_full,13,The Sun and all other stars shine through the vacuum of,-787.513,-0.25,109,\n\n,0,6.16849,0.25025,2.0589,
md_full,13,The Sun and all other stars shine through the vacuum of,1575.03,+0.50,10368, Their,0,12.3452,-0.5005,-4.11781,Their Their Their Their Their Their Their Their
md_full,13,The Sun and all other stars shine through the vacuum of,-1575.03,-0.50,109,\n\n,0,4.10958,0.5005,4.11782,
md_full,13,The Sun and all other stars shine through the vacuum of,3150.05,+1.00,87936,GraphicsUnit,0,16.463,-1.001,-8.23564,GraphicsUnitGraphicsUnitGraphicsUnitGraphicsUnitGraphicsUnitGraphicsUnitGraphicsUnitGraphicsUnit
md_full,13,The Sun and all other stars shine through the vacuum of,-3150.05,-1.00,108,\n,0,-0.00821686,1.001,8.23561,
md_full,13,The Sun and all other stars shine through the vacuum of,6300.1,+2.00,173,<tfoot>,0,24.6987,-2.002,-16.4713,<tfoot><tfoot><tfoot><tfoot><tfoot><tfoot><tfoot><tfoot>
md_full,13,The Sun and all other stars shine through the vacuum of,-6300.1,-2.00,0,<pad>,0,-8.24385,2.002,16.4712,
oracle,1175,The drum is the oldest musical,0,+0.00,11755, instrument,0,7.6909,0,0,instrument in the world. It is a
oracle,1175,The drum is the oldest musical,0.884802,+0.25,11755, instrument,0,5.76625,0.25025,1.92465,instrument in the world. It is a
oracle,1175,The drum is the oldest musical,-0.884802,-0.25,11755, instrument,0,9.61554,-0.25025,-1.92464,instrument in the world. It is a
oracle,1175,The drum is the oldest musical,1.7696,+0.50,11755, instrument,0,3.8416,0.5005,3.84929,instrument in the world. It is a
oracle,1175,The drum is the oldest musical,-1.7696,-0.50,11755, instrument,0,11.5402,-0.500499,-3.84929,instrument in the world. It is a
oracle,1175,The drum is the oldest musical,3.53921,+1.00,77755, percussion,1,-0.00768661,1.001,7.69859,percussion instrument. It is a hollow cylinder
oracle,1175,The drum is the oldest musical,-3.53921,-1.00,11755, instrument,0,15.3895,-1.001,-7.69859,instrument in the world. It is a
oracle,1175,The drum is the oldest musical,7.07842,+2.00,77755, percussion,1,-7.70627,2.002,15.3972,percussion instrument. It is a hollow cylinder
oracle,1175,The drum is the oldest musical,-7.07842,-2.00,11755, instrument,0,23.0881,-2.002,-15.3972,instrument in the world. It is a
md_full,1175,The drum is the oldest musical,0,+0.00,11755, instrument,0,7.6909,0,0,instrument in the world. It is a
md_full,1175,The drum is the oldest musical,275.805,+0.25,27127, ranging,0,9.61555,-0.25025,-1.92465,ranging from the most primitive to the most
md_full,1175,The drum is the oldest musical,-275.805,-0.25,109,\n\n,0,5.76625,0.25025,1.92464,
md_full,1175,The drum is the oldest musical,551.61,+0.50,10368, Their,0,11.5402,-0.5005,-3.8493,Their Their Their Their Their Their Their Their
md_full,1175,The drum is the oldest musical,-551.61,-0.50,109,\n\n,0,3.84161,0.500499,3.84929,
md_full,1175,The drum is the oldest musical,1103.22,+1.00,44415,inander,0,15.3895,-1.001,-7.69859,inanderinanderinanderinanderinanderinanderinanderinander
md_full,1175,The drum is the oldest musical,-1103.22,-1.00,109,\n\n,0,-0.00769043,1.001,7.69859,
md_full,1175,The drum is the oldest musical,2206.44,+2.00,52444,Referanser,0,23.0881,-2.002,-15.3972,ReferanserReferanserReferanserReferanserReferanserReferanserReferanserReferanser
md_full,1175,The drum is the oldest musical,-2206.44,-2.00,109,\n\n,0,-7.70628,2.002,15.3972,
jtw_legacy,1175,The drum is the oldest musical,0,+0.00,11755, instrument,0,7.6909,0,0,instrument in the world. It is a
jtw_legacy,1175,The drum is the oldest musical,0.884802,+0.25,11755, instrument,0,7.65347,0.00486701,0.0374317,instrument in the world. It is a
jtw_legacy,1175,The drum is the oldest musical,-0.884802,-0.25,11755, instrument,0,7.72832,-0.00486627,-0.037426,instrument in the world. It is a
jtw_legacy,1175,The drum is the oldest musical,1.7696,+0.50,11755, instrument,0,7.61605,0.00973254,0.074852,instrument in the world. It is a
jtw_legacy,1175,The drum is the oldest musical,-1.7696,-0.50,11755, instrument,0,7.76575,-0.00973254,-0.074852,instrument in the world. It is a
jtw_legacy,1175,The drum is the oldest musical,3.53921,+1.00,11755, instrument,0,7.54119,0.0194658,0.14971,instrument in the world. It is a
jtw_legacy,1175,The drum is the oldest musical,-3.53921,-1.00,11755, instrument,0,7.84061,-0.0194661,-0.149712,instrument in the world. It is a
jtw_legacy,1175,The drum is the oldest musical,7.07842,+2.00,11755, instrument,0,7.39148,0.0389312,0.299416,instrument in the world. It is a
jtw_legacy,1175,The drum is the oldest musical,-7.07842,-2.00,11755, instrument,0,7.99031,-0.0389312,-0.299416,instrument in the world. It is a
oracle,416,Galileo was an Italian physicist and mathematician who is widely regarded as the father of modern,0,+0.00,8042, science,0,0.322819,0,0,"science. He was born in Pisa,"
oracle,416,Galileo was an Italian physicist and mathematician who is widely regarded as the father of modern,0.034983,+0.25,8042, science,0,0.242034,0.250248,0.0807848,"science. He was born in Pisa,"
oracle,416,Galileo was an Italian physicist and mathematician who is widely regarded as the father of modern,-0.034983,-0.25,8042, science,0,0.403602,-0.250244,-0.0807834,"science. He was born in Pisa,"
oracle,416,Galileo was an Italian physicist and mathematician who is widely regarded as the father of modern,0.0699661,+0.50,8042, science,0,0.161248,0.500499,0.161571,"science. He was born in Pisa,"
oracle,416,Galileo was an Italian physicist and mathematician who is widely regarded as the father of modern,-0.0699661,-0.50,8042, science,0,0.484386,-0.50049,-0.161568,"science. He was born in Pisa,"
oracle,416,Galileo was an Italian physicist and mathematician who is widely regarded as the father of modern,0.139932,+1.00,106409, observational,1,-0.000320435,1.00099,0.323139,observational astronomy. He was born in Pisa
oracle,416,Galileo was an Italian physicist and mathematician who is widely regarded as the father of modern,-0.139932,-1.00,8042, science,0,0.645957,-1.00099,-0.323138,"science. He was born in Pisa,"
oracle,416,Galileo was an Italian physicist and mathematician who is widely regarded as the father of modern,0.279864,+2.00,106409, observational,1,-0.32346,2.00199,0.646278,observational astronomy. He was born in Pisa
oracle,416,Galileo was an Italian physicist and mathematician who is widely regarded as the father of modern,-0.279864,-2.00,8042, science,0,0.969095,-2.00198,-0.646276,"science. He was born in Pisa,"
md_full,416,Galileo was an Italian physicist and mathematician who is widely regarded as the father of modern,0,+0.00,8042, science,0,0.322819,0,0,"science. He was born in Pisa,"
md_full,416,Galileo was an Italian physicist and mathematician who is widely regarded as the father of modern,1.1955,+0.25,8042, science,0,0.242032,0.250254,0.0807867,"science. He was born in Pisa,"
md_full,416,Galileo was an Italian physicist and mathematician who is widely regarded as the father of modern,-1.1955,-0.25,8042, science,0,0.403603,-0.250247,-0.0807843,"science. He was born in Pisa,"
md_full,416,Galileo was an Italian physicist and mathematician who is widely regarded as the father of modern,2.391,+0.50,8042, science,0,0.16125,0.500495,0.161569,"science. He was born in Pisa,"
md_full,416,Galileo was an Italian physicist and mathematician who is widely regarded as the father of modern,-2.391,-0.50,8042, science,0,0.484387,-0.500492,-0.161568,"science. He was born in Pisa,"
md_full,416,Galileo was an Italian physicist and mathematician who is widely regarded as the father of modern,4.782,+1.00,106409, observational,1,-0.000319004,1.00099,0.323138,observational astronomy. He was born in Pisa
md_full,416,Galileo was an Italian physicist and mathematician who is widely regarded as the father of modern,-4.782,-1.00,8042, science,0,0.645956,-1.00099,-0.323137,"science. He was born in Pisa,"
md_full,416,Galileo was an Italian physicist and mathematician who is widely regarded as the father of modern,9.56401,+2.00,106409, observational,1,-0.323459,2.00198,0.646277,observational astronomy. He was born in Pisa
md_full,416,Galileo was an Italian physicist and mathematician who is widely regarded as the father of modern,-9.56401,-2.00,8042, science,0,0.969094,-2.00198,-0.646276,"science. He was born in Pisa,"
jtw_legacy,416,Galileo was an Italian physicist and mathematician who is widely regarded as the father of modern,0,+0.00,8042, science,0,0.322819,0,0,"science. He was born in Pisa,"
jtw_legacy,416,Galileo was an Italian physicist and mathematician who is widely regarded as the father of modern,0.034983,+0.25,8042, science,0,0.322032,0.00243575,0.000786304,"science. He was born in Pisa,"
jtw_legacy,416,Galileo was an Italian physicist and mathematician who is widely regarded as the father of modern,-0.034983,-0.25,8042, science,0,0.323602,-0.00242688,-0.000783443,"science. He was born in Pisa,"
jtw_legacy,416,Galileo was an Italian physicist and mathematician who is widely regarded as the father of modern,0.0699661,+0.50,8042, science,0,0.321248,0.00486706,0.00157118,"science. He was born in Pisa,"
jtw_legacy,416,Galileo was an Italian physicist and mathematician who is widely regarded as the father of modern,-0.0699661,-0.50,8042, science,0,0.324388,-0.00486115,-0.00156927,"science. He was born in Pisa,"
jtw_legacy,416,Galileo was an Italian physicist and mathematician who is widely regarded as the father of modern,0.139932,+1.00,8042, science,0,0.319678,0.00972821,0.00314045,"science. He was born in Pisa,"
jtw_legacy,416,Galileo was an Italian physicist and mathematician who is widely regarded as the father of modern,-0.139932,-1.00,8042, science,0,0.325958,-0.00972378,-0.00313902,"science. He was born in Pisa,"
jtw_legacy,416,Galileo was an Italian physicist and mathematician who is widely regarded as the father of modern,0.279864,+2.00,8042, science,0,0.316538,0.0194549,0.00628042,"science. He was born in Pisa,"
jtw_legacy,416,Galileo was an Italian physicist and mathematician who is widely regarded as the father of modern,-0.279864,-2.00,8042, science,0,0.329097,-0.019449,-0.00627851,"science. He was born in Pisa,"
oracle,1767,Alaska is the largest state in the United,0,+0.00,3858, States,0,6.27384,0,0,"States, and it is also the most"
oracle,1767,Alaska is the largest state in the United,0.990873,+0.25,3858, States,0,4.70381,0.25025,1.57003,"States, and it is also the most"
oracle,1767,Alaska is the largest state in the United,-0.990873,-0.25,3858, States,0,7.84387,-0.25025,-1.57003,"States, and it is also the most"
oracle,1767,Alaska is the largest state in the United,1.98175,+0.50,3858, States,0,3.13378,0.5005,3.14006,"States, and it is also the most"
oracle,1767,Alaska is the largest state in the United,-1.98175,-0.50,3858, States,0,9.41389,-0.5005,-3.14006,"States, and it is also the most"
oracle,1767,Alaska is the largest state in the United,3.96349,+1.00,3040, State,1,-0.00627589,1.001,6.28011,"State, and it is also the most"
oracle,1767,Alaska is the largest state in the United,-3.96349,-1.00,3858, States,0,12.554,-1.001,-6.28011,"States, and it is also the most"
oracle,1767,Alaska is the largest state in the United,7.92699,+2.00,3040, State,1,-6.28639,2.002,12.5602,"State, and it is also the"
oracle,1767,Alaska is the largest state in the United,-7.92699,-2.00,3858, States,0,18.8341,-2.002,-12.5602,"States, and it is also the most"
md_full,1767,Alaska is the largest state in the United,0,+0.00,3858, States,0,6.27384,0,0,"States, and it is also the most"
md_full,1767,Alaska is the largest state in the United,48.1946,+0.25,3858, States,0,4.70381,0.25025,1.57003,"States, and it is also the most"
md_full,1767,Alaska is the largest state in the United,-48.1946,-0.25,109,\n\n,0,7.84387,-0.25025,-1.57003,"States, and it is also the"
md_full,1767,Alaska is the largest state in the United,96.3893,+0.50,3858, States,0,3.13378,0.5005,3.14006,"States, and it’s also one"
md_full,1767,Alaska is the largest state in the United,-96.3893,-0.50,109,\n\n,0,9.41389,-0.5005,-3.14006,
md_full,1767,Alaska is the largest state in the United,192.779,+1.00,29281, Census,0,-0.0062747,1.001,6.28011,"Census Census, with a total land area"
md_full,1767,Alaska is the largest state in the United,-192.779,-1.00,109,\n\n,0,12.554,-1.001,-6.28011,
md_full,1767,Alaska is the largest state in the United,385.557,+2.00,10368, Their,0,-6.28639,2.002,12.5602,Their Their Their Their Their Their Their Their
md_full,1767,Alaska is the largest state in the United,-385.557,-2.00,109,\n\n,0,18.8341,-2.002,-12.5602,
jtw_legacy,1767,Alaska is the largest state in the United,0,+0.00,3858, States,0,6.27384,0,0,"States, and it is also the most"
jtw_legacy,1767,Alaska is the largest state in the United,0.990873,+0.25,3858, States,0,6.3349,-0.00973331,-0.0610652,"States, and it is also the most"
jtw_legacy,1767,Alaska is the largest state in the United,-0.990873,-0.25,3858, States,0,6.21277,0.00973316,0.0610642,"States, and it is also the most"
jtw_legacy,1767,Alaska is the largest state in the United,1.98175,+0.50,3858, States,0,6.39597,-0.0194668,-0.122132,"States, and it is also the most"
jtw_legacy,1767,Alaska is the largest state in the United,-1.98175,-0.50,3858, States,0,6.15171,0.0194667,0.122131,"States, and it is also the most"
jtw_legacy,1767,Alaska is the largest state in the United,3.96349,+1.00,3858, States,0,6.5181,-0.0389334,-0.244262,"States, and it is also the most"
jtw_legacy,1767,Alaska is the largest state in the United,-3.96349,-1.00,3858, States,0,6.02958,0.0389332,0.24426,"States, and it is also the most"
jtw_legacy,1767,Alaska is the largest state in the United,7.92699,+2.00,3858, States,0,6.76236,-0.0778667,-0.488523,"States, and it is also the most"
jtw_legacy,1767,Alaska is the largest state in the United,-7.92699,-2.00,3858, States,0,5.78532,0.0778665,0.488522,"States, and it is also the most"
oracle,4394,"A tree can’t walk, but bananas",0,+0.00,798, can,0,16.4751,0,0,can.  That’s the message
oracle,4394,"A tree can’t walk, but bananas",2.43085,+0.25,798, can,0,12.3522,0.25025,4.12289,can.  That’s the message
oracle,4394,"A tree can’t walk, but bananas",-2.43085,-0.25,798, can,0,20.5979,-0.25025,-4.12289,can.  That’s the message
oracle,4394,"A tree can’t walk, but bananas",4.8617,+0.50,798, can,0,8.22929,0.5005,8.24577,can.  That’s the message
oracle,4394,"A tree can’t walk, but bananas",-4.8617,-0.50,798, can,0,24.7208,-0.5005,-8.24577,can.  That’s the message
oracle,4394,"A tree can’t walk, but bananas",9.72341,+1.00,708, are,1,-0.0164833,1.001,16.4915,are.  The banana is a fruit
oracle,4394,"A tree can’t walk, but bananas",-9.72341,-1.00,798, can,0,32.9666,-1.001,-16.4915,can.  That’s the message
oracle,4394,"A tree can’t walk, but bananas",19.4468,+2.00,708, are,1,-16.508,2.002,32.9831,are.  The banana is a fruit
oracle,4394,"A tree can’t walk, but bananas",-19.4468,-2.00,798, can,0,49.4581,-2.002,-32.9831,can.  That’ can can can
md_full,4394,"A tree can’t walk, but bananas",0,+0.00,798, can,0,16.4751,0,0,can.  That’s the message
md_full,4394,"A tree can’t walk, but bananas",118.398,+0.25,798, can,0,12.3522,0.25025,4.12288,can. They’re a little different
md_full,4394,"A tree can’t walk, but bananas",-118.398,-0.25,798, can,0,20.5979,-0.25025,-4.12289,can.  That’
md_full,4394,"A tree can’t walk, but bananas",236.795,+0.50,798, can,0,8.22929,0.5005,8.24577,can. They’re often compared to
md_full,4394,"A tree can’t walk, but bananas",-236.795,-0.50,109,\n\n,0,24.7208,-0.5005,-8.24577,
md_full,4394,"A tree can’t walk, but bananas",473.59,+1.00,235269,",",0,-0.0164833,1.001,16.4915,", their their their their their their their"
md_full,4394,"A tree can’t walk, but bananas",-473.59,-1.00,109,\n\n,0,32.9666,-1.001,-16.4916,
md_full,4394,"A tree can’t walk, but bananas",947.181,+2.00,10368, Their,0,-16.508,2.002,32.9831,Their Their Their Their Their Their Their Their
md_full,4394,"A tree can’t walk, but bananas",-947.181,-2.00,109,\n\n,0,49.4581,-2.002,-32.9831,
jtw_legacy,4394,"A tree can’t walk, but bananas",0,+0.00,798, can,0,16.4751,0,0,can.  That’s the message
jtw_legacy,4394,"A tree can’t walk, but bananas",2.43085,+0.25,798, can,0,16.4165,0.00355674,0.0585976,can.  That’s the message
jtw_legacy,4394,"A tree can’t walk, but bananas",-2.43085,-0.25,798, can,0,16.5337,-0.00355721,-0.0586052,can.  That’s the message
jtw_legacy,4394,"A tree can’t walk, but bananas",4.8617,+0.50,798, can,0,16.3579,0.00711395,0.117203,can.  That’s the message
jtw_legacy,4394,"A tree can’t walk, but bananas",-4.8617,-0.50,798, can,0,16.5923,-0.00711418,-0.117207,can.  That’s the message
jtw_legacy,4394,"A tree can’t walk, but bananas",9.72341,+1.00,798, can,0,16.2407,0.0142279,0.234406,can.  That’s the message
jtw_legacy,4394,"A tree can’t walk, but bananas",-9.72341,-1.00,798, can,0,16.7095,-0.0142281,-0.234409,can.  That’s the message
jtw_legacy,4394,"A tree can’t walk, but bananas",19.4468,+2.00,798, can,0,16.0062,0.028456,0.468815,can.  A tree can’t
jtw_legacy,4394,"A tree can’t walk, but bananas",-19.4468,-2.00,798, can,0,16.9439,-0.0284563,-0.468819,can.  That’s the message
oracle,2014,Hamsters blink with both eyes at the same,0,+0.00,1069, time,0,5.17511,0,0,time.  The hamster's eyes
oracle,2014,Hamsters blink with both eyes at the same,0.586336,+0.25,1069, time,0,3.88004,0.25025,1.29507,time.  The hamster blinks with both
oracle,2014,Hamsters blink with both eyes at the same,-0.586336,-0.25,1069, time,0,6.47018,-0.25025,-1.29507,time.  The hamster's eyes
oracle,2014,Hamsters blink with both eyes at the same,1.17267,+0.50,1069, time,0,2.58497,0.500499,2.59014,time.  The hamster blinks with both
oracle,2014,Hamsters blink with both eyes at the same,-1.17267,-0.50,1069, time,0,7.76525,-0.5005,-2.59014,time.  The hamster's eyes
oracle,2014,Hamsters blink with both eyes at the same,2.34534,+1.00,3974, rate,1,-0.00517321,1.001,5.18028,rate.  The hamster's eyes
oracle,2014,Hamsters blink with both eyes at the same,-2.34534,-1.00,1069, time,0,10.3554,-1.001,-5.18028,time.  The hamster's eyes
oracle,2014,Hamsters blink with both eyes at the same,4.69069,+2.00,3974, rate,1,-5.18545,2.002,10.3606,rate.  The rate of blinking is
oracle,2014,Hamsters blink with both eyes at the same,-4.69069,-2.00,1069, time,0,15.5357,-2.002,-10.3606,time.  The hamster's eyes
md_full,2014,Hamsters blink with both eyes at the same,0,+0.00,1069, time,0,5.17511,0,0,time.  The hamster's eyes
md_full,2014,Hamsters blink with both eyes at the same,24.889,+0.25,1069, time,0,3.88004,0.25025,1.29507,time. They blink with both eyes at
md_full,2014,Hamsters blink with both eyes at the same,-24.889,-0.25,1069, time,0,6.47018,-0.25025,-1.29507,time.  The hamster blinks with both
md_full,2014,Hamsters blink with both eyes at the same,49.778,+0.50,1069, time,0,2.58497,0.5005,2.59014,time. They blink their eyes in a
md_full,2014,Hamsters blink with both eyes at the same,-49.778,-0.50,109,\n\n,0,7.76525,-0.5005,-2.59014,time.  The  The
md_full,2014,Hamsters blink with both eyes at the same,99.556,+1.00,3974, rate,1,-0.00517273,1.001,5.18028,rate. They blink their eyes about
md_full,2014,Hamsters blink with both eyes at the same,-99.556,-1.00,109,\n\n,0,10.3554,-1.001,-5.18028,time.  That'
md_full,2014,Hamsters blink with both eyes at the same,199.112,+2.00,1024, their,0,-5.18545,2.002,10.3606,their eyes are their most important sense their
md_full,2014,Hamsters blink with both eyes at the same,-199.112,-2.00,109,\n\n,0,15.5357,-2.002,-10.3606,
oracle,1896,Elephants are the largest mammals on,0,+0.00,573, the,0,0.82164,0,0,the planet. They are also the most
oracle,1896,Elephants are the largest mammals on,0.0733673,+0.25,573, the,0,0.616024,0.250251,0.205616,the planet. They are also the most
oracle,1896,Elephants are the largest mammals on,-0.0733673,-0.25,573, the,0,1.02724,-0.250237,-0.205605,the planet. They are also the most
oracle,1896,Elephants are the largest mammals on,0.146735,+0.50,573, the,0,0.410412,0.500497,0.411228,the planet. They are also the most
oracle,1896,Elephants are the largest mammals on,-0.146735,-0.50,573, the,0,1.23286,-0.500487,-0.411221,the planet. They are also the most
oracle,1896,Elephants are the largest mammals on,0.293469,+1.00,6683, earth,1,-0.000816345,1.00099,0.822456,earth. They are also the most intelligent
oracle,1896,Elephants are the largest mammals on,-0.293469,-1.00,573, the,0,1.64408,-1.00098,-0.822445,the planet. They are also the most
oracle,1896,Elephants are the largest mammals on,0.586939,+2.00,6683, earth,1,-0.823265,2.00198,1.64491,earth. They are also the most intelligent
oracle,1896,Elephants are the largest mammals on,-0.586939,-2.00,573, the,0,2.46654,-2.00197,-1.6449,the planet. They are also the most
md_full,1896,Elephants are the largest mammals on,0,+0.00,573, the,0,0.82164,0,0,the planet. They are also the most
md_full,1896,Elephants are the largest mammals on,19.4358,+0.25,573, the,0,1.02725,-0.250241,-0.205608,the planet. They are also the most
md_full,1896,Elephants are the largest mammals on,-19.4358,-0.25,573, the,0,0.616024,0.250251,0.205616,the planet. They are also the most
md_full,1896,Elephants are the largest mammals on,38.8717,+0.50,573, the,0,1.23286,-0.500492,-0.411224,the planet. They are also the most
md_full,1896,Elephants are the largest mammals on,-38.8717,-0.50,573, the,0,0.410416,0.500492,0.411224,the planet. They are also the most
md_full,1896,Elephants are the largest mammals on,77.7433,+1.00,10379, Earth,0,1.64409,-1.00098,-0.822449,"Earth. They are herbivores, which"
md_full,1896,Elephants are the largest mammals on,-77.7433,-1.00,6683, earth,1,-0.00082016,1.001,0.82246,earth.  The elephant is the largest
md_full,1896,Elephants are the largest mammals on,155.487,+2.00,10379, Earth,0,2.46654,-2.00197,-1.6449,Earth. They are characterized their large size
md_full,1896,Elephants are the largest mammals on,-155.487,-2.00,109,\n\n,0,-0.823265,2.00198,1.64491,
oracle,2463,"If a rooster and chicken mate, all of the offspring will be",0,+0.00,53190, chickens,0,3.5774,0,0,chickens.  If a rooster and a
oracle,2463,"If a rooster and chicken mate, all of the offspring will be",0.445647,+0.25,53190, chickens,0,2.68215,0.250251,0.895248,chickens.  If a rooster and a
oracle,2463,"If a rooster and chicken mate, all of the offspring will be",-0.445647,-0.25,53190, chickens,0,4.47264,-0.250248,-0.895237,chickens.  If a rooster and a
oracle,2463,"If a rooster and chicken mate, all of the offspring will be",0.891293,+0.50,53190, chickens,0,1.78691,0.5005,1.79049,chickens.  If a rooster and a
oracle,2463,"If a rooster and chicken mate, all of the offspring will be",-0.891293,-0.50,53190, chickens,0,5.36788,-0.500496,-1.79048,chickens.  If a rooster and a
oracle,2463,"If a rooster and chicken mate, all of the offspring will be",1.78259,+1.00,120910, roost,1,-0.00357056,1.001,3.58097,roosters.  If a rooster and
oracle,2463,"If a rooster and chicken mate, all of the offspring will be",-1.78259,-1.00,53190, chickens,0,7.15836,-1.00099,-3.58096,chickens.  If a rooster and a
oracle,2463,"If a rooster and chicken mate, all of the offspring will be",3.56517,+2.00,120910, roost,1,-3.58454,2.002,7.16194,roosters.  If a rooster and
oracle,2463,"If a rooster and chicken mate, all of the offspring will be",-3.56517,-2.00,53190, chickens,0,10.7393,-2.00199,-7.16193,chickens.  If a rooster and chicken
md_full,2463,"If a rooster and chicken mate, all of the offspring will be",0,+0.00,53190, chickens,0,3.5774,0,0,chickens.  If a rooster and a
md_full,2463,"If a rooster and chicken mate, all of the offspring will be",33.4261,+0.25,53190, chickens,0,2.68215,0.250251,0.895247,chickens. This is because the rooster is
md_full,2463,"If a rooster and chicken mate, all of the offspring will be",-33.4261,-0.25,53190, chickens,0,4.47264,-0.250248,-0.895237,chickens.  If a rooster and chicken
md_full,2463,"If a rooster and chicken mate, all of the offspring will be",66.8522,+0.50,9202, male,0,1.78691,0.5005,1.79049,male. This is because the rooster has
md_full,2463,"If a rooster and chicken mate, all of the offspring will be",-66.8522,-0.50,109,\n\n,0,5.36787,-0.500496,-1.79047,A  chicken  B  ro
md_full,2463,"If a rooster and chicken mate, all of the offspring will be",133.704,+1.00,9202, male,0,-0.00357628,1.001,3.58098,male. They are both males. They
md_full,2463,"If a rooster and chicken mate, all of the offspring will be",-133.704,-1.00,109,\n\n,0,7.15836,-1.001,-3.58096,If a rooster and
md_full,2463,"If a rooster and chicken mate, all of the offspring will be",267.409,+2.00,27751, females,0,-3.58454,2.002,7.16194,females. They are females because they are
md_full,2463,"If a rooster and chicken mate, all of the offspring will be",-267.409,-2.00,109,\n\n,0,10.7393,-2.00199,-7.16193,
jtw_legacy,2463,"If a rooster and chicken mate, all of the offspring will be",0,+0.00,53190, chickens,0,3.5774,0,0,chickens.  If a rooster and a
jtw_legacy,2463,"If a rooster and chicken mate, all of the offspring will be",0.445647,+0.25,53190, chickens,0,3.55774,0.00549694,0.0196648,chickens.  If a rooster and a
jtw_legacy,2463,"If a rooster and chicken mate, all of the offspring will be",-0.445647,-0.25,53190, chickens,0,3.59705,-0.00549374,-0.0196533,chickens.  If a rooster and a
jtw_legacy,2463,"If a rooster and chicken mate, all of the offspring will be",0.891293,+0.50,53190, chickens,0,3.53807,0.0109928,0.0393257,chickens.  If a rooster and a
jtw_legacy,2463,"If a rooster and chicken mate, all of the offspring will be",-0.891293,-0.50,53190, chickens,0,3.61672,-0.0109907,-0.0393181,chickens.  If a rooster and a
jtw_legacy,2463,"If a rooster and chicken mate, all of the offspring will be",1.78259,+1.00,53190, chickens,0,3.49875,0.0219856,0.0786514,chickens.  If a rooster and a
jtw_legacy,2463,"If a rooster and chicken mate, all of the offspring will be",-1.78259,-1.00,53190, chickens,0,3.65604,-0.0219835,-0.0786438,chickens.  If a rooster and a
jtw_legacy,2463,"If a rooster and chicken mate, all of the offspring will be",3.56517,+2.00,53190, chickens,0,3.4201,0.0439702,0.157299,chickens.  If a rooster and a
jtw_legacy,2463,"If a rooster and chicken mate, all of the offspring will be",-3.56517,-2.00,53190, chickens,0,3.73468,-0.0439649,-0.15728,chickens.  If a rooster and a
oracle,3814,The longest recorded sneeze lasted for nearly an entire,0,+0.00,9428, minute,0,5.85148,0,0,"minute, and it was recorded in"
oracle,3814,The longest recorded sneeze lasted for nearly an entire,0.686869,+0.25,9428, minute,0,4.38715,0.25025,1.46433,"minute, and it was recorded in"
oracle,3814,The longest recorded sneeze lasted for nearly an entire,-0.686869,-0.25,9428, minute,0,7.31582,-0.250251,-1.46434,"minute, and it was recorded in"
oracle,3814,The longest recorded sneeze lasted for nearly an entire,1.37374,+0.50,9428, minute,0,2.92281,0.500501,2.92867,"minute, and it was recorded in"
oracle,3814,The longest recorded sneeze lasted for nearly an entire,-1.37374,-0.50,9428, minute,0,8.78016,-0.500502,-2.92868,"minute, and it was recorded in"
oracle,3814,The longest recorded sneeze lasted for nearly an entire,2.74748,+1.00,2257, second,1,-0.00586891,1.001,5.85735,"second, and it was recorded in"
oracle,3814,The longest recorded sneeze lasted for nearly an entire,-2.74748,-1.00,9428, minute,0,11.7088,-1.001,-5.85735,"minute, according to a new study."
oracle,3814,The longest recorded sneeze lasted for nearly an entire,5.49495,+2.00,2257, second,1,-5.86322,2.00201,11.7147,"second, and it was recorded in"
oracle,3814,The longest recorded sneeze lasted for nearly an entire,-5.49495,-2.00,9428, minute,0,17.5662,-2.00201,-11.7147,"minute, according to a Guinness World Record"
md_full,3814,The longest recorded sneeze lasted for nearly an entire,0,+0.00,9428, minute,0,5.85148,0,0,"minute, and it was recorded in"
md_full,3814,The longest recorded sneeze lasted for nearly an entire,79.5289,+0.25,9428, minute,0,7.31582,-0.250251,-1.46434,"minute, and it was recorded in"
md_full,3814,The longest recorded sneeze lasted for nearly an entire,-79.5289,-0.25,109,\n\n,0,4.38714,0.250251,1.46434,A  A  A
md_full,3814,The longest recorded sneeze lasted for nearly an entire,159.058,+0.50,9428, minute,0,8.78016,-0.500502,-2.92868,"minute, and it was recorded in a"
md_full,3814,The longest recorded sneeze lasted for nearly an entire,-159.058,-0.50,109,\n\n,0,2.9228,0.500502,2.92867,
md_full,3814,The longest recorded sneeze lasted for nearly an entire,318.115,+1.00,39211, census,0,11.7088,-1.001,-5.85735,census census census census census census census census
md_full,3814,The longest recorded sneeze lasted for nearly an entire,-318.115,-1.00,109,\n\n,0,-0.005867,1.001,5.85735,
md_full,3814,The longest recorded sneeze lasted for nearly an entire,636.231,+2.00,44415,inander,0,17.5662,-2.00201,-11.7147,inanderinanderinanderinanderinanderinanderinanderinander
md_full,3814,The longest recorded sneeze lasted for nearly an entire,-636.231,-2.00,109,\n\n,0,-5.86321,2.00201,11.7147,
jtw_legacy,3814,The longest recorded sneeze lasted for nearly an entire,0,+0.00,9428, minute,0,5.85148,0,0,"minute, and it was recorded in"
jtw_legacy,3814,The longest recorded sneeze lasted for nearly an entire,0.686869,+0.25,9428, minute,0,5.85102,7.79045e-05,0.000455856,"minute, and it was recorded in"
jtw_legacy,3814,The longest recorded sneeze lasted for nearly an entire,-0.686869,-0.25,9428, minute,0,5.85194,-7.92083e-05,-0.000463486,"minute, and it was recorded in"
jtw_legacy,3814,The longest recorded sneeze lasted for nearly an entire,1.37374,+0.50,9428, minute,0,5.85056,0.000156461,0.000915527,"minute, and it was recorded in"
jtw_legacy,3814,The longest recorded sneeze lasted for nearly an entire,-1.37374,-0.50,9428, minute,0,5.8524,-0.000158091,-0.000925064,"minute, and it was recorded in"
jtw_legacy,3814,The longest recorded sneeze lasted for nearly an entire,2.74748,+1.00,9428, minute,0,5.84964,0.000314226,0.00183868,"minute, and it was recorded in"
jtw_legacy,3814,The longest recorded sneeze lasted for nearly an entire,-2.74748,-1.00,9428, minute,0,5.85332,-0.000315203,-0.00184441,"minute, and it was recorded in"
jtw_legacy,3814,The longest recorded sneeze lasted for nearly an entire,5.49495,+2.00,9428, minute,0,5.8478,0.000628777,0.00367928,"minute, and it was recorded in"
jtw_legacy,3814,The longest recorded sneeze lasted for nearly an entire,-5.49495,-2.00,9428, minute,0,5.85517,-0.000630081,-0.0036869,"minute, and it was recorded in"
oracle,3100,"Apples, not caffeine, are more efficient at waking up in the",0,+0.00,5764, morning,0,10.4214,0,0,"morning, according to a new study."
oracle,3100,"Apples, not caffeine, are more efficient at waking up in the",1.65665,+0.25,5764, morning,0,7.81346,0.250249,2.60795,"morning, according to a new study."
oracle,3100,"Apples, not caffeine, are more efficient at waking up in the",-1.65665,-0.25,5764, morning,0,13.0294,-0.25025,-2.60796,"morning, according to a new study."
oracle,3100,"Apples, not caffeine, are more efficient at waking up in the",3.3133,+0.50,5764, morning,0,5.2055,0.5005,5.21591,"morning, according to a new study."
oracle,3100,"Apples, not caffeine, are more efficient at waking up in the",-3.3133,-0.50,5764, morning,0,15.6373,-0.5005,-5.21592,"morning, according to a new study."
oracle,3100,"Apples, not caffeine, are more efficient at waking up in the",6.62659,+1.00,77263, mornings,1,-0.0104218,1.001,10.4318,"mornings, according to a new study."
oracle,3100,"Apples, not caffeine, are more efficient at waking up in the",-6.62659,-1.00,5764, morning,0,20.8532,-1.001,-10.4318,"morning, according to a new study."
oracle,3100,"Apples, not caffeine, are more efficient at waking up in the",13.2532,+2.00,77263, mornings,1,-10.4422,2.002,20.8637,"mornings, according morningscience.com reports"
oracle,3100,"Apples, not caffeine, are more efficient at waking up in the",-13.2532,-2.00,5764, morning,0,31.2851,-2.002,-20.8637,"morning, a new study has found."
md_full,3100,"Apples, not caffeine, are more efficient at waking up in the",0,+0.00,5764, morning,0,10.4214,0,0,"morning, according to a new study."
md_full,3100,"Apples, not caffeine, are more efficient at waking up in the",1336.99,+0.25,52444,Referanser,0,13.0294,-0.25025,-2.60796,ReferanserReferanserReferanserReferanserReferanserReferanserReferanserReferanser
md_full,3100,"Apples, not caffeine, are more efficient at waking up in the",-1336.99,-0.25,109,\n\n,0,7.81346,0.250249,2.60795,
md_full,3100,"Apples, not caffeine, are more efficient at waking up in the",2673.99,+0.50,52444,Referanser,0,15.6373,-0.500499,-5.21591,ReferanserReferanserReferanserReferanserReferanserReferanserReferanserReferanser
md_full,3100,"Apples, not caffeine, are more efficient at waking up in the",-2673.99,-0.50,108,\n,0,5.20551,0.500499,5.2159,
md_full,3100,"Apples, not caffeine, are more efficient at waking up in the",5347.97,+1.00,173,<tfoot>,0,20.8533,-1.001,-10.4319,<tfoot><tfoot><tfoot><tfoot><tfoot><tfoot><tfoot><tfoot>
md_full,3100,"Apples, not caffeine, are more efficient at waking up in the",-5347.97,-1.00,0,<pad>,0,-0.010437,1.001,10.4318,
md_full,3100,"Apples, not caffeine, are more efficient at waking up in the",10695.9,+2.00,173,<tfoot>,0,31.285,-2.002,-20.8636,<tfoot><tfoot><tfoot><tfoot><tfoot><tfoot><tfoot><tfoot>
md_full,3100,"Apples, not caffeine, are more efficient at waking up in the",-10695.9,-2.00,0,<pad>,0,-10.4423,2.002,20.8637,
jtw_legacy,3100,"Apples, not caffeine, are more efficient at waking up in the",0,+0.00,5764, morning,0,10.4214,0,0,"morning, according to a new study."
jtw_legacy,3100,"Apples, not caffeine, are more efficient at waking up in the",1.65665,+0.25,5764, morning,0,10.421,4.33763e-05,0.000452042,"morning, according to a new study."
jtw_legacy,3100,"Apples, not caffeine, are more efficient at waking up in the",-1.65665,-0.25,5764, morning,0,10.4219,-4.41083e-05,-0.000459671,"morning, according to a new study."
jtw_legacy,3100,"Apples, not caffeine, are more efficient at waking up in the",3.3133,+0.50,5764, morning,0,10.4205,8.58374e-05,0.000894547,"morning, according to a new study."
jtw_legacy,3100,"Apples, not caffeine, are more efficient at waking up in the",-3.3133,-0.50,5764, morning,0,10.4223,-8.69355e-05,-0.000905991,"morning, according to a new study."
jtw_legacy,3100,"Apples, not caffeine, are more efficient at waking up in the",6.62659,+1.00,5764, morning,0,10.4196,0.000172956,0.00180244,"morning, according to a new study."
jtw_legacy,3100,"Apples, not caffeine, are more efficient at waking up in the",-6.62659,-1.00,5764, morning,0,10.4232,-0.000173322,-0.00180626,"morning, according to a new study."
jtw_legacy,3100,"Apples, not caffeine, are more efficient at waking up in the",13.2532,+2.00,5764, morning,0,10.4178,0.000345912,0.00360489,"morning, according to a new study."
jtw_legacy,3100,"Apples, not caffeine, are more efficient at waking up in the",-13.2532,-2.00,5764, morning,0,10.425,-0.000346461,-0.00361061,"morning, according to a new study."
oracle,4322,A pound of human flesh is worth more than a pound of,0,+0.00,4394, gold,0,4.29861,0,0,gold.  That’s the message
oracle,4322,A pound of human flesh is worth more than a pound of,0.4677,+0.25,4394, gold,0,3.22289,0.250248,1.07572,gold.  That’s the message
oracle,4322,A pound of human flesh is worth more than a pound of,-0.4677,-0.25,4394, gold,0,5.37433,-0.25025,-1.07573,gold.  That’s the message
oracle,4322,A pound of human flesh is worth more than a pound of,0.935401,+0.50,4394, gold,0,2.14716,0.500499,2.15145,gold.  That’s the message
oracle,4322,A pound of human flesh is worth more than a pound of,-0.935401,-0.50,4394, gold,0,6.45006,-0.500499,-2.15145,gold.  That’s the message
oracle,4322,A pound of human flesh is worth more than a pound of,1.8708,+1.00,3515, human,1,-0.00428772,1.001,4.3029,human blood.  That’s the
oracle,4322,A pound of human flesh is worth more than a pound of,-1.8708,-1.00,4394, gold,0,8.60151,-1.001,-4.3029,gold.  That’s the message
oracle,4322,A pound of human flesh is worth more than a pound of,3.7416,+2.00,3515, human,1,-4.30718,2.00199,8.60579,human blood.  That’s the
oracle,4322,A pound of human flesh is worth more than a pound of,-3.7416,-2.00,4394, gold,0,12.9044,-2.00199,-8.60579,gold.  That’s the message
md_full,4322,A pound of human flesh is worth more than a pound of,0,+0.00,4394, gold,0,4.29861,0,0,gold.  That’s the message
md_full,4322,A pound of human flesh is worth more than a pound of,87.3403,+0.25,4394, gold,0,3.22289,0.250249,1.07572,gold. This is the most important lesson
md_full,4322,A pound of human flesh is worth more than a pound of,-87.3403,-0.25,109,\n\n,0,5.37433,-0.250249,-1.07572,gold  A  A  A
md_full,4322,A pound of human flesh is worth more than a pound of,174.681,+0.50,1024, their,0,2.14716,0.500498,2.15145,"their own, and they are willing to"
md_full,4322,A pound of human flesh is worth more than a pound of,-174.681,-0.50,109,\n\n,0,6.45006,-0.500499,-2.15145,
md_full,4322,A pound of human flesh is worth more than a pound of,349.361,+1.00,1024, their,0,-0.00428295,1.001,4.30289,"their most prized, their most prized,"
md_full,4322,A pound of human flesh is worth more than a pound of,-349.361,-1.00,109,\n\n,0,8.60151,-1.001,-4.3029,
md_full,4322,A pound of human flesh is worth more than a pound of,698.722,+2.00,1024, their,0,-4.30718,2.00199,8.60579,their Their Their Their Their Their Their Their
md_full,4322,A pound of human flesh is worth more than a pound of,-698.722,-2.00,109,\n\n,0,12.9044,-2.00199,-8.60579,
oracle,4252,Apples float in water but sink in,0,+0.00,12678, alcohol,0,1.50574,0,0,alcohol. Why?  [Answer
oracle,4252,Apples float in water but sink in,0.192076,+0.25,12678, alcohol,0,1.12893,0.250253,0.376817,alcohol. Why?  [Answer
oracle,4252,Apples float in water but sink in,-0.192076,-0.25,12678, alcohol,0,1.88256,-0.250251,-0.376814,alcohol. Why?  [Answer
oracle,4252,Apples float in water but sink in,0.384153,+0.50,12678, alcohol,0,0.752111,0.500504,0.753631,alcohol. Why?  [Answer
oracle,4252,Apples float in water but sink in,-0.384153,-0.50,12678, alcohol,0,2.25937,-0.500503,-0.753629,alcohol. Why?  [Answer
oracle,4252,Apples float in water but sink in,0.768306,+1.00,76546, ethyl,1,-0.00152016,1.00101,1.50726,ethyl alcohol. Why?  A
oracle,4252,Apples float in water but sink in,-0.768306,-1.00,12678, alcohol,0,3.013,-1.00101,-1.50726,alcohol. Why?  [Answer
oracle,4252,Apples float in water but sink in,1.53661,+2.00,76546, ethyl,1,-1.50878,2.00202,3.01452,ethyl alcohol. Why?  A
oracle,4252,Apples float in water but sink in,-1.53661,-2.00,12678, alcohol,0,4.52026,-2.00201,-3.01452,alcohol. Why?  [Answer
md_full,4252,Apples float in water but sink in,0,+0.00,12678, alcohol,0,1.50574,0,0,alcohol. Why?  [Answer
md_full,4252,Apples float in water but sink in,10.6696,+0.25,12678, alcohol,0,1.88256,-0.250251,-0.376813,alcohol. Why?  [Answer
md_full,4252,Apples float in water but sink in,-10.6696,-0.25,12678, alcohol,0,1.12893,0.250252,0.376815,alcohol.  The reason is that the
md_full,4252,Apples float in water but sink in,21.3392,+0.50,12678, alcohol,0,2.25937,-0.500504,-0.75363,alcohol. Why?  [Answer
md_full,4252,Apples float in water but sink in,-21.3392,-0.50,12678, alcohol,0,0.752111,0.500504,0.753631,alcohol.  The reason is that the
md_full,4252,Apples float in water but sink in,42.6785,+1.00,12678, alcohol,0,3.013,-1.00101,-1.50726,alcohol. Why?  [Answer
md_full,4252,Apples float in water but sink in,-42.6785,-1.00,109,\n\n,0,-0.00151825,1.00101,1.50726,alcohol  A  A  A
md_full,4252,Apples float in water but sink in,85.3569,+2.00,12678, alcohol,0,4.52026,-2.00202,-3.01452,"alcohol. They are therefore, partially soluble"
md_full,4252,Apples float in water but sink in,-85.3569,-2.00,109,\n\n,0,-1.50878,2.00202,3.01452,A  A  A
jtw_legacy,4252,Apples float in water but sink in,0,+0.00,12678, alcohol,0,1.50574,0,0,alcohol. Why?  [Answer
jtw_legacy,4252,Apples float in water but sink in,0.192076,+0.25,12678, alcohol,0,1.49578,0.00661669,0.00996304,alcohol. Why?  [Answer
jtw_legacy,4252,Apples float in water but sink in,-0.192076,-0.25,12678, alcohol,0,1.5157,-0.00661416,-0.00995922,alcohol. Why?  [Answer
jtw_legacy,4252,Apples float in water but sink in,0.384153,+0.50,12678, alcohol,0,1.48582,0.0132328,0.0199251,alcohol. Why?  [Answer
jtw_legacy,4252,Apples float in water but sink in,-0.384153,-0.50,12678, alcohol,0,1.52566,-0.013229,-0.0199194,alcohol. Why?  [Answer
jtw_legacy,4252,Apples float in water but sink in,0.768306,+1.00,12678, alcohol,0,1.46589,0.0264655,0.0398502,alcohol. Why?  [Answer
jtw_legacy,4252,Apples float in water but sink in,-0.768306,-1.00,12678, alcohol,0,1.54559,-0.0264623,-0.0398455,alcohol. Why?  [Answer
jtw_legacy,4252,Apples float in water but sink in,1.53661,+2.00,12678, alcohol,0,1.42605,0.0529279,0.0796957,alcohol. Why?  [Answer
jtw_legacy,4252,Apples float in water but sink in,-1.53661,-2.00,12678, alcohol,0,1.58543,-0.0529247,-0.0796909,alcohol. Why?  [Answer
oracle,2854,Health can be improved by sleeping on the left,0,+0.00,2857, side,0,7.75585,0,0,side.  The left side of the
oracle,2854,Health can be improved by sleeping on the left,0.722243,+0.25,2857, side,0,5.81494,0.250251,1.94091,side.  The left side of the
oracle,2854,Health can be improved by sleeping on the left,-0.722243,-0.25,2857, side,0,9.69675,-0.25025,-1.9409,side.  The left side of the
oracle,2854,Health can be improved by sleeping on the left,1.44449,+0.50,2857, side,0,3.87404,0.5005,3.88181,side.  The left side of the
oracle,2854,Health can be improved by sleeping on the left,-1.44449,-0.50,2857, side,0,11.6377,-0.5005,-3.8818,side.  The left side of the
oracle,2854,Health can be improved by sleeping on the left,2.88897,+1.00,235265,.,1,-0.00776672,1.001,7.76361,.  The left side of the body
oracle,2854,Health can be improved by sleeping on the left,-2.88897,-1.00,2857, side,0,15.5195,-1.001,-7.76361,side.  The left side of the
oracle,2854,Health can be improved by sleeping on the left,5.77794,+2.00,235265,.,1,-7.77137,2.002,15.5272,.  The left is the most important
oracle,2854,Health can be improved by sleeping on the left,-5.77794,-2.00,2857, side,0,23.2831,-2.002,-15.5272,side. Sleeping on the left side is
md_full,2854,Health can be improved by sleeping on the left,0,+0.00,2857, side,0,7.75585,0,0,side.  The left side of the
md_full,2854,Health can be improved by sleeping on the left,89.3958,+0.25,2857, side,0,5.81494,0.25025,1.9409,side. It is believed that sleeping on
md_full,2854,Health can be improved by sleeping on the left,-89.3958,-0.25,109,\n\n,0,9.69675,-0.25025,-1.9409,The left  The  The
md_full,2854,Health can be improved by sleeping on the left,178.792,+0.50,2857, side,0,3.87404,0.5005,3.88181,side. Many people are unaware of the
md_full,2854,Health can be improved by sleeping on the left,-178.792,-0.50,109,\n\n,0,11.6377,-0.5005,-3.88181,
md_full,2854,Health can be improved by sleeping on the left,357.583,+1.00,235269,",",0,-0.00776672,1.001,7.76361,", but some factors, including their birth"
md_full,2854,Health can be improved by sleeping on the left,-357.583,-1.00,109,\n\n,0,15.5195,-1.001,-7.76361,
md_full,2854,Health can be improved by sleeping on the left,715.167,+2.00,52444,Referanser,0,-7.77137,2.002,15.5272,ReferanserReferanserReferanserReferanserReferanserReferanserReferanserReferanser
md_full,2854,Health can be improved by sleeping on the left,-715.167,-2.00,109,\n\n,0,23.2831,-2.002,-15.5272,
jtw_legacy,2854,Health can be improved by sleeping on the left,0,+0.00,2857, side,0,7.75585,0,0,side.  The left side of the
jtw_legacy,2854,Health can be improved by sleeping on the left,0.722243,+0.25,2857, side,0,7.818,-0.00801392,-0.0621548,side.  The left side of the
jtw_legacy,2854,Health can be improved by sleeping on the left,-0.722243,-0.25,2857, side,0,7.69369,0.00801466,0.0621605,side.  The left side of the
jtw_legacy,2854,Health can be improved by sleeping on the left,1.44449,+0.50,2857, side,0,7.88016,-0.0160281,-0.124311,side.  The left side of the
jtw_legacy,2854,Health can be improved by sleeping on the left,-1.44449,-0.50,2857, side,0,7.63153,0.0160288,0.124317,side.  The left side of the
jtw_legacy,2854,Health can be improved by sleeping on the left,2.88897,+1.00,2857, side,0,8.00447,-0.0320567,-0.248627,side.  The left side of the
jtw_legacy,2854,Health can be improved by sleeping on the left,-2.88897,-1.00,2857, side,0,7.50721,0.0320577,0.248634,side.  The left side of the
jtw_legacy,2854,Health can be improved by sleeping on the left,5.77794,+2.00,2857, side,0,8.25311,-0.0641141,-0.497259,side.  The left side of the
jtw_legacy,2854,Health can be improved by sleeping on the left,-5.77794,-2.00,2857, side,0,7.25859,0.0641138,0.497257,side.  The left side of the
oracle,1089,"At one time, camels were the primary mode of transportation in the Arabian",0,+0.00,50062, Peninsula,0,1.55795,0,0,Peninsula. They were used to carry goods
oracle,1089,"At one time, camels were the primary mode of transportation in the Arabian",0.171613,+0.25,50062, Peninsula,0,1.16808,0.250249,0.389877,Peninsula. They were used to carry goods
oracle,1089,"At one time, camels were the primary mode of transportation in the Arabian",-0.171613,-0.25,50062, Peninsula,0,1.94783,-0.250251,-0.389879,Peninsula. They were used to carry goods
oracle,1089,"At one time, camels were the primary mode of transportation in the Arabian",0.343226,+0.50,50062, Peninsula,0,0.778202,0.500498,0.779753,Peninsula. They were used to carry goods
oracle,1089,"At one time, camels were the primary mode of transportation in the Arabian",-0.343226,-0.50,50062, Peninsula,0,2.33771,-0.5005,-0.779757,Peninsula. They were used to carry goods
oracle,1089,"At one time, camels were the primary mode of transportation in the Arabian",0.686452,+1.00,21459, desert,1,-0.00155258,1.001,1.55951,desert. The camel is a desert animal
oracle,1089,"At one time, camels were the primary mode of transportation in the Arabian",-0.686452,-1.00,50062, Peninsula,0,3.11746,-1.001,-1.55951,Peninsula. They were used to carry goods
oracle,1089,"At one time, camels were the primary mode of transportation in the Arabian",1.3729,+2.00,21459, desert,1,-1.56106,2.00199,3.11901,desert. The camel is a desert animal
oracle,1089,"At one time, camels were the primary mode of transportation in the Arabian",-1.3729,-2.00,50062, Peninsula,0,4.67697,-2.00199,-3.11901,Peninsula. They were used to carry goods
md_full,1089,"At one time, camels were the primary mode of transportation in the Arabian",0,+0.00,50062, Peninsula,0,1.55795,0,0,Peninsula. They were used to carry goods
md_full,1089,"At one time, camels were the primary mode of transportation in the Arabian",57.7654,+0.25,50062, Peninsula,0,1.16808,0.250248,0.389875,Peninsula. They were used to transport goods
md_full,1089,"At one time, camels were the primary mode of transportation in the Arabian",-57.7654,-0.25,109,\n\n,0,1.94784,-0.250252,-0.389881,Pen
md_full,1089,"At one time, camels were the primary mode of transportation in the Arabian",115.531,+0.50,50062, Peninsula,0,0.778206,0.500495,0.779749,Peninsula. They were used to transport goods
md_full,1089,"At one time, camels were the primary mode of transportation in the Arabian",-115.531,-0.50,109,\n\n,0,2.33771,-0.5005,-0.779757,
md_full,1089,"At one time, camels were the primary mode of transportation in the Arabian",231.061,+1.00,42782, Desert,0,-0.00155067,1.001,1.55951,Desert. They were used to transport goods
md_full,1089,"At one time, camels were the primary mode of transportation in the Arabian",-231.061,-1.00,109,\n\n,0,3.11746,-1.001,-1.55951,
md_full,1089,"At one time, camels were the primary mode of transportation in the Arabian",462.123,+2.00,2365, They,0,-1.56106,2.00199,3.11901,They were their most important Their most important
md_full,1089,"At one time, camels were the primary mode of transportation in the Arabian",-462.123,-2.00,109,\n\n,0,4.67698,-2.002,-3.11902,
jtw_legacy,1089,"At one time, camels were the primary mode of transportation in the Arabian",0,+0.00,50062, Peninsula,0,1.55795,0,0,Peninsula. They were used to carry goods
jtw_legacy,1089,"At one time, camels were the primary mode of transportation in the Arabian",0.171613,+0.25,50062, Peninsula,0,1.56779,-0.00631108,-0.00983238,Peninsula. They were used to carry goods
jtw_legacy,1089,"At one time, camels were the primary mode of transportation in the Arabian",-0.171613,-0.25,50062, Peninsula,0,1.54812,0.00631353,0.0098362,Peninsula. They were used to carry goods
jtw_legacy,1089,"At one time, camels were the primary mode of transportation in the Arabian",0.343226,+0.50,50062, Peninsula,0,1.57763,-0.0126271,-0.0196724,Peninsula. They were used to carry goods
jtw_legacy,1089,"At one time, camels were the primary mode of transportation in the Arabian",-0.343226,-0.50,50062, Peninsula,0,1.53829,0.0126246,0.0196686,Peninsula. They were used to carry goods
jtw_legacy,1089,"At one time, camels were the primary mode of transportation in the Arabian",0.686452,+1.00,50062, Peninsula,0,1.5973,-0.0252517,-0.039341,Peninsula. They were used to carry goods
jtw_legacy,1089,"At one time, camels were the primary mode of transportation in the Arabian",-0.686452,-1.00,50062, Peninsula,0,1.51862,0.025248,0.0393353,Peninsula. They were used to carry goods
jtw_legacy,1089,"At one time, camels were the primary mode of transportation in the Arabian",1.3729,+2.00,50062, Peninsula,0,1.63664,-0.0505034,-0.0786819,Peninsula. They were used to carry goods
jtw_legacy,1089,"At one time, camels were the primary mode of transportation in the Arabian",-1.3729,-2.00,50062, Peninsula,0,1.47928,0.0504997,0.0786762,Peninsula. They were used to carry goods
oracle,3517,Most hospitals in the United States use a toilet to help flush veins during,0,+0.00,476, a,0,0.0221329,0,0,a procedure. The toilet is a device
oracle,3517,Most hospitals in the United States use a toilet to help flush veins during,0.00215704,+0.25,476, a,0,0.0165939,0.250259,0.00553894,a procedure. The toilet is a device
oracle,3517,Most hospitals in the United States use a toilet to help flush veins during,-0.00215704,-0.25,476, a,0,0.0276718,-0.250259,-0.00553894,a procedure. The toilet is a device
oracle,3517,Most hospitals in the United States use a toilet to help flush veins during,0.00431409,+0.50,476, a,0,0.0110588,0.500345,0.0110741,a procedure. The toilet is a device
oracle,3517,Most hospitals in the United States use a toilet to help flush veins during,-0.00431409,-0.50,476, a,0,0.0332108,-0.500517,-0.0110779,a procedure. The toilet is a device
oracle,3517,Most hospitals in the United States use a toilet to help flush veins during,0.00862817,+1.00,5330, blood,1,-1.90735e-05,1.00086,0.0221519,blood draws. This is a common practice
oracle,3517,Most hospitals in the United States use a toilet to help flush veins during,-0.00862817,-1.00,476, a,0,0.044281,-1.00069,-0.0221481,a procedure. The toilet is a device
oracle,3517,Most hospitals in the United States use a toilet to help flush veins during,0.0172563,+2.00,5330, blood,1,-0.022171,2.00172,0.0443039,blood draws. This is a common practice
oracle,3517,Most hospitals in the United States use a toilet to help flush veins during,-0.0172563,-2.00,476, a,0,0.0664368,-2.00172,-0.0443039,a procedure. The toilet is a small
md_full,3517,Most hospitals in the United States use a toilet to help flush veins during,0,+0.00,476, a,0,0.0221329,0,0,a procedure. The toilet is a device
md_full,3517,Most hospitals in the United States use a toilet to help flush veins during,0.149555,+0.25,476, a,0,0.0276718,-0.250259,-0.00553894,a procedure. The toilet is a device
md_full,3517,Most hospitals in the United States use a toilet to help flush veins during,-0.149555,-0.25,476, a,0,0.0165939,0.250259,0.00553894,a procedure. The toilet is a device
md_full,3517,Most hospitals in the United States use a toilet to help flush veins during,0.29911,+0.50,476, a,0,0.0332108,-0.500517,-0.0110779,a procedure. The toilet is a small
md_full,3517,Most hospitals in the United States use a toilet to help flush veins during,-0.29911,-0.50,476, a,0,0.0110512,0.500689,0.0110817,a procedure. The toilet is a device
md_full,3517,Most hospitals in the United States use a toilet to help flush veins during,0.598221,+1.00,476, a,0,0.0442848,-1.00086,-0.0221519,a procedure. The toilet is a small
md_full,3517,Most hospitals in the United States use a toilet to help flush veins during,-0.598221,-1.00,5330, blood,1,-2.28882e-05,1.00103,0.0221558,blood draws. This is a common practice
md_full,3517,Most hospitals in the United States use a toilet to help flush veins during,1.19644,+2.00,476, a,0,0.0664368,-2.00172,-0.0443039,a procedure. The toilet is a small
md_full,3517,Most hospitals in the United States use a toilet to help flush veins during,-1.19644,-2.00,5330, blood,1,-0.0221748,2.0019,0.0443077,blood draws. This is a common practice
oracle,735,Citric acid is found in all citrus,0,+0.00,16803, fruits,0,5.54679,0,0,fruits and is used in the food industry
oracle,735,Citric acid is found in all citrus,1.13098,+0.25,16803, fruits,0,4.1587,0.25025,1.38809,fruits and is used in the food industry
oracle,735,Citric acid is found in all citrus,-1.13098,-0.25,16803, fruits,0,6.93488,-0.25025,-1.38808,fruits and is used in many foods and
oracle,735,Citric acid is found in all citrus,2.26197,+0.50,16803, fruits,0,2.77062,0.5005,2.77617,fruits and is used in the food industry
oracle,735,Citric acid is found in all citrus,-2.26197,-0.50,16803, fruits,0,8.32296,-0.500501,-2.77617,fruits and is used in many foods and
oracle,735,Citric acid is found in all citrus,4.52393,+1.00,9471, fruit,1,-0.00554657,1.001,5.55234,"fruit, and is used in the food"
oracle,735,Citric acid is found in all citrus,-4.52393,-1.00,16803, fruits,0,11.0991,-1.001,-5.55235,fruits and is used in many foods and
oracle,735,Citric acid is found in all citrus,9.04786,+2.00,9471, fruit,1,-5.55789,2.002,11.1047,"fruit, and is used in the food"
oracle,735,Citric acid is found in all citrus,-9.04786,-2.00,16803, fruits,0,16.6515,-2.002,-11.1047,fruits and is used in many foods and
md_full,735,Citric acid is found in all citrus,0,+0.00,16803, fruits,0,5.54679,0,0,fruits and is used in the food industry
md_full,735,Citric acid is found in all citrus,283.828,+0.25,27127, ranging,0,4.1587,0.25025,1.38809,ranging ranging from their their their their their
md_full,735,Citric acid is found in all citrus,-283.828,-0.25,109,\n\n,0,6.93488,-0.250251,-1.38809,
md_full,735,Citric acid is found in all citrus,567.657,+0.50,10368, Their,0,2.77062,0.5005,2.77617,Their Their Their Their Their Their Their Their
md_full,735,Citric acid is found in all citrus,-567.657,-0.50,109,\n\n,0,8.32296,-0.500501,-2.77617,
md_full,735,Citric acid is found in all citrus,1135.31,+1.00,44415,inander,0,-0.00554657,1.001,5.55234,inanderinanderinanderinanderinanderinanderinanderinander
md_full,735,Citric acid is found in all citrus,-1135.31,-1.00,109,\n\n,0,11.0991,-1.001,-5.55235,
md_full,735,Citric acid is found in all citrus,2270.63,+2.00,52444,Referanser,0,-5.55788,2.002,11.1047,ReferanserReferanserReferanserReferanserReferanserReferanserReferanserReferanser
md_full,735,Citric acid is found in all citrus,-2270.63,-2.00,109,\n\n,0,16.6515,-2.00201,-11.1047,
oracle,3813,Alpacas make great,0,+0.00,25195, pets,0,9.51608,0,0,"pets. They are friendly, easy to"
oracle,3813,Alpacas make great,1.17654,+0.25,25195, pets,0,7.13468,0.25025,2.3814,"pets. They are friendly, easy to"
oracle,3813,Alpacas make great,-1.17654,-0.25,25195, pets,0,11.8975,-0.250251,-2.38141,"pets. They are friendly, easy to"
oracle,3813,Alpacas make great,2.35308,+0.50,25195, pets,0,4.75329,0.500499,4.76279,"pets. They are friendly, easy to"
oracle,3813,Alpacas make great,-2.35308,-0.50,25195, pets,0,14.2789,-0.500501,-4.76281,"pets. They are friendly, easy to"
oracle,3813,Alpacas make great,4.70615,+1.00,44168, companions,1,-0.00951385,1.001,9.5256,companions for children and adults alike. They
oracle,3813,Alpacas make great,-4.70615,-1.00,25195, pets,0,19.0417,-1.001,-9.52561,"pets. They are friendly, easy to"
oracle,3813,Alpacas make great,9.41231,+2.00,44168, companions,1,-9.53512,2.002,19.0512,companions for children and adults alike. They
oracle,3813,Alpacas make great,-9.41231,-2.00,25195, pets,0,28.5673,-2.002,-19.0512,pets. They are very friendly and love
md_full,3813,Alpacas make great,0,+0.00,25195, pets,0,9.51608,0,0,"pets. They are friendly, easy to"
md_full,3813,Alpacas make great,182.735,+0.25,25195, pets,0,7.13469,0.250249,2.38139,"pets, but they are not for everyone"
md_full,3813,Alpacas make great,-182.735,-0.25,109,\n\n,0,11.8975,-0.250251,-2.38141,
md_full,3813,Alpacas make great,365.471,+0.50,25195, pets,0,4.75329,0.500499,4.76279,"pets, but they are often kept in"
md_full,3813,Alpacas make great,-365.471,-0.50,109,\n\n,0,14.2789,-0.500501,-4.76281,
md_full,3813,Alpacas make great,730.942,+1.00,39211, census,0,-0.00952148,1.001,9.5256,census census census census census census census census
md_full,3813,Alpacas make great,-730.942,-1.00,109,\n\n,0,19.0417,-1.001,-9.52561,
md_full,3813,Alpacas make great,1461.88,+2.00,44415,inander,0,-9.53513,2.002,19.0512,inanderinanderinanderinanderinanderinanderinanderinander
md_full,3813,Alpacas make great,-1461.88,-2.00,109,\n\n,0,28.5673,-2.002,-19.0512,
jtw_legacy,3813,Alpacas make great,0,+0.00,25195, pets,0,9.51608,0,0,"pets. They are friendly, easy to"
jtw_legacy,3813,Alpacas make great,1.17654,+0.25,25195, pets,0,9.51529,8.29798e-05,0.000789642,"pets. They are friendly, easy to"
jtw_legacy,3813,Alpacas make great,-1.17654,-0.25,25195, pets,0,9.51689,-8.45832e-05,-0.000804901,"pets. They are friendly, easy to"
jtw_legacy,3813,Alpacas make great,2.35308,+0.50,25195, pets,0,9.5145,0.000166761,0.00158691,"pets. They are friendly, easy to"
jtw_legacy,3813,Alpacas make great,-2.35308,-0.50,25195, pets,0,9.51768,-0.000168365,-0.00160217,"pets. They are friendly, easy to"
jtw_legacy,3813,Alpacas make great,4.70615,+1.00,25195, pets,0,9.5129,0.000334324,0.00318146,"pets. They are friendly, easy to"
jtw_legacy,3813,Alpacas make great,-4.70615,-1.00,25195, pets,0,9.51928,-0.000335527,-0.0031929,"pets. They are friendly, easy to"
jtw_legacy,3813,Alpacas make great,9.41231,+2.00,25195, pets,0,9.50971,0.000669851,0.00637436,"pets. They are friendly, easy to"
jtw_legacy,3813,Alpacas make great,-9.41231,-2.00,25195, pets,0,9.52248,-0.000671856,-0.00639343,"pets. They are friendly, easy to"
oracle,2467,"Although organic foods are becoming increasingly popular, very few people know what the term actually",0,+0.00,3454, means,0,9.07929,0,0,means.  The term “organic”
oracle,2467,"Although organic foods are becoming increasingly popular, very few people know what the term actually",1.14639,+0.25,3454, means,0,6.8072,0.25025,2.27209,means.  The term organic is used
oracle,2467,"Although organic foods are becoming increasingly popular, very few people know what the term actually",-1.14639,-0.25,3454, means,0,11.3514,-0.25025,-2.2721,means.  The term “organic”
oracle,2467,"Although organic foods are becoming increasingly popular, very few people know what the term actually",2.29279,+0.50,3454, means,0,4.53511,0.5005,4.54419,means.  The term organic refers to
oracle,2467,"Although organic foods are becoming increasingly popular, very few people know what the term actually",-2.29279,-0.50,3454, means,0,13.6235,-0.5005,-4.54419,means.  The term “organic”
oracle,2467,"Although organic foods are becoming increasingly popular, very few people know what the term actually",4.58558,+1.00,20604, refers,1,-0.00908661,1.001,9.08838,refers to.  Organic foods are produced
oracle,2467,"Although organic foods are becoming increasingly popular, very few people know what the term actually",-4.58558,-1.00,3454, means,0,18.1677,-1.001,-9.08838,means.  The term “organic”
oracle,2467,"Although organic foods are becoming increasingly popular, very few people know what the term actually",9.17116,+2.00,20604, refers,1,-9.09747,2.002,18.1768,refers to. Organic foods are foods that
oracle,2467,"Although organic foods are becoming increasingly popular, very few people know what the term actually",-9.17116,-2.00,3454, means,0,27.2561,-2.002,-18.1768,means.  The term “organic”
md_full,2467,"Although organic foods are becoming increasingly popular, very few people know what the term actually",0,+0.00,3454, means,0,9.07929,0,0,means.  The term “organic”
md_full,2467,"Although organic foods are becoming increasingly popular, very few people know what the term actually",15391.9,+0.25,173,<tfoot>,0,6.80719,0.250251,2.2721,<tfoot><tfoot><tfoot><tfoot><tfoot><tfoot><tfoot><tfoot>
md_full,2467,"Although organic foods are becoming increasingly popular, very few people know what the term actually",-15391.9,-0.25,0,<pad>,0,11.3514,-0.250249,-2.27209,
md_full,2467,"Although organic foods are becoming increasingly popular, very few people know what the term actually",30783.7,+0.50,173,<tfoot>,0,4.53491,0.500521,4.54438,<tfoot><tfoot><tfoot><tfoot><tfoot><tfoot><tfoot><tfoot>
md_full,2467,"Although organic foods are becoming increasingly popular, very few people know what the term actually",-30783.7,-0.50,0,<pad>,0,13.6237,-0.50052,-4.54436,
md_full,2467,"Although organic foods are becoming increasingly popular, very few people know what the term actually",61567.5,+1.00,68,<unused61>,0,-0.00952148,1.00105,9.08881,<unused61><unused61><unused61><unused61><unused61><unused61><unused61><unused61>
md_full,2467,"Although organic foods are becoming increasingly popular, very few people know what the term actually",-61567.5,-1.00,0,<pad>,0,18.1677,-1.00101,-9.08843,
md_full,2467,"Although organic foods are becoming increasingly popular, very few people know what the term actually",123135,+2.00,68,<unused61>,0,-9.09814,2.00208,18.1774,<unused61><unused61><unused61><unused61><unused61><unused61><unused61><unused61>
md_full,2467,"Although organic foods are becoming increasingly popular, very few people know what the term actually",-123135,-2.00,0,<pad>,0,27.2568,-2.00209,-18.1775,
oracle,1618,"Antarctica is the driest, coldest, and windiest continent on",0,+0.00,10379, Earth,0,3.3278,0,0,Earth. It is also the most remote
oracle,1618,"Antarctica is the driest, coldest, and windiest continent on",0.816777,+0.25,10379, Earth,0,2.49501,0.25025,0.832783,Earth. It is also the most remote
oracle,1618,"Antarctica is the driest, coldest, and windiest continent on",-0.816777,-0.25,10379, Earth,0,4.16058,-0.250249,-0.832779,Earth. It is also the most remote
oracle,1618,"Antarctica is the driest, coldest, and windiest continent on",1.63355,+0.50,10379, Earth,0,1.66223,0.500501,1.66557,Earth. It is also the most remote
oracle,1618,"Antarctica is the driest, coldest, and windiest continent on",-1.63355,-0.50,10379, Earth,0,4.99336,-0.500501,-1.66557,Earth. It is also the most remote
oracle,1618,"Antarctica is the driest, coldest, and windiest continent on",3.26711,+1.00,6683, earth,1,-0.00332642,1.001,3.33112,earth. It is also the most remote
oracle,1618,"Antarctica is the driest, coldest, and windiest continent on",-3.26711,-1.00,10379, Earth,0,6.65893,-1.001,-3.33113,Earth. It is also the most remote
oracle,1618,"Antarctica is the driest, coldest, and windiest continent on",6.53422,+2.00,6683, earth,1,-3.33446,2.002,6.66225,earth. It is also the most remote
oracle,1618,"Antarctica is the driest, coldest, and windiest continent on",-6.53422,-2.00,10379, Earth,0,9.99006,-2.002,-6.66226,Earth. It is also the most remote
md_full,1618,"Antarctica is the driest, coldest, and windiest continent on",0,+0.00,10379, Earth,0,3.3278,0,0,Earth. It is also the most remote
md_full,1618,"Antarctica is the driest, coldest, and windiest continent on",22.145,+0.25,10379, Earth,0,4.16058,-0.25025,-0.832783,Earth. It is also the most remote
md_full,1618,"Antarctica is the driest, coldest, and windiest continent on",-22.145,-0.25,10379, Earth,0,2.49501,0.25025,0.832783,"Earth. It is also the coldest,"
md_full,1618,"Antarctica is the driest, coldest, and windiest continent on",44.2901,+0.50,10379, Earth,0,4.99336,-0.500501,-1.66557,Earth. It is also the most isolated
md_full,1618,"Antarctica is the driest, coldest, and windiest continent on",-44.2901,-0.50,10379, Earth,0,1.66224,0.5005,1.66556,Earth. It is also the coldest place
md_full,1618,"Antarctica is the driest, coldest, and windiest continent on",88.5801,+1.00,10379, Earth,0,6.65892,-1.001,-3.33113,Earth. It is also the most isolated
md_full,1618,"Antarctica is the driest, coldest, and windiest continent on",-88.5801,-1.00,109,\n\n,0,-0.00333023,1.001,3.33113,The  is the
md_full,1618,"Antarctica is the driest, coldest, and windiest continent on",177.16,+2.00,10379, Earth,0,9.99006,-2.002,-6.66226,Earth. It is also the most isolated
md_full,1618,"Antarctica is the driest, coldest, and windiest continent on",-177.16,-2.00,109,\n\n,0,-3.33445,2.002,6.66225,
oracle,1067,The band suede got its name from the type of,0,+0.00,11720, leather,0,3.52035,0,0,leather used to make the shoes. The
oracle,1067,The band suede got its name from the type of,0.434045,+0.25,11720, leather,0,2.63938,0.250251,0.88097,leather used to make the shoes. The
oracle,1067,The band suede got its name from the type of,-0.434045,-0.25,11720, leather,0,4.40131,-0.250249,-0.880962,leather used to make the shoes. The
oracle,1067,The band suede got its name from the type of,0.86809,+0.50,11720, leather,0,1.75842,0.5005,1.76193,leather used to make the shoes. The
oracle,1067,The band suede got its name from the type of,-0.86809,-0.50,11720, leather,0,5.28228,-0.500498,-1.76193,leather used to make the shoes. The
oracle,1067,The band suede got its name from the type of,1.73618,+1.00,22043, shoe,1,-0.00351715,1.001,3.52386,shoe that the band members wore. The
oracle,1067,The band suede got its name from the type of,-1.73618,-1.00,11720, leather,0,7.04421,-1.001,-3.52386,leather used to make the shoes. The
oracle,1067,The band suede got its name from the type of,3.47236,+2.00,22043, shoe,1,-3.52738,2.002,7.04773,shoe that the band members wore. The
oracle,1067,The band suede got its name from the type of,-3.47236,-2.00,11720, leather,0,10.5681,-2.002,-7.04772,leather used to make the shoes. The
md_full,1067,The band suede got its name from the type of,0,+0.00,11720, leather,0,3.52035,0,0,leather used to make the shoes. The
md_full,1067,The band suede got its name from the type of,107.109,+0.25,11720, leather,0,2.63938,0.25025,0.880966,"leather used to make their iconic, signature"
md_full,1067,The band suede got its name from the type of,-107.109,-0.25,109,\n\n,0,4.40131,-0.25025,-0.880966,material  that
md_full,1067,The band suede got its name from the type of,214.219,+0.50,1024, their,0,1.75842,0.5005,1.76193,"their most recognizable song, their most recognizable"
md_full,1067,The band suede got its name from the type of,-214.219,-0.50,109,\n\n,0,5.28228,-0.500498,-1.76193,
md_full,1067,The band suede got its name from the type of,428.437,+1.00,1024, their,0,-0.00351715,1.001,3.52386,their their their their their their their their
md_full,1067,The band suede got its name from the type of,-428.437,-1.00,109,\n\n,0,7.04421,-1.001,-3.52386,
md_full,1067,The band suede got its name from the type of,856.874,+2.00,1024, their,0,-3.52738,2.002,7.04773,their Their Their Their Their Their Their Their
md_full,1067,The band suede got its name from the type of,-856.874,-2.00,109,\n\n,0,10.5681,-2.00199,-7.04771,
jtw_legacy,1067,The band suede got its name from the type of,0,+0.00,11720, leather,0,3.52035,0,0,leather used to make the shoes. The
jtw_legacy,1067,The band suede got its name from the type of,0.434045,+0.25,11720, leather,0,3.51605,0.00122123,0.00429916,leather used to make the shoes. The
jtw_legacy,1067,The band suede got its name from the type of,-0.434045,-0.25,11720, leather,0,3.52465,-0.00122123,-0.00429916,leather used to make the shoes. The
jtw_legacy,1067,The band suede got its name from the type of,0.86809,+0.50,11720, leather,0,3.51174,0.00244463,0.00860596,leather used to make the shoes. The
jtw_legacy,1067,The band suede got its name from the type of,-0.86809,-0.50,11720, leather,0,3.52894,-0.00244138,-0.00859451,leather used to make the shoes. The
jtw_legacy,1067,The band suede got its name from the type of,1.73618,+1.00,11720, leather,0,3.50315,0.00488493,0.0171967,leather used to make the shoes. The
jtw_legacy,1067,The band suede got its name from the type of,-1.73618,-1.00,11720, leather,0,3.53754,-0.00488385,-0.0171928,leather used to make the shoes. The
jtw_legacy,1067,The band suede got its name from the type of,3.47236,+2.00,11720, leather,0,3.48595,0.00977203,0.0344009,leather used to make the shoes. The
jtw_legacy,1067,The band suede got its name from the type of,-3.47236,-2.00,11720, leather,0,3.55474,-0.00976986,-0.0343933,leather used to make the shoes. The
oracle,4168,Kissing can aid in reducing tooth,0,+0.00,25424, decay,0,3.97019,0,0,"decay, according to a new study."
oracle,4168,Kissing can aid in reducing tooth,0.435041,+0.25,25424, decay,0,2.97665,0.25025,0.99354,"decay, according to a new study."
oracle,4168,Kissing can aid in reducing tooth,-0.435041,-0.25,25424, decay,0,4.96373,-0.25025,-0.99354,"decay, according to a new study."
oracle,4168,Kissing can aid in reducing tooth,0.870081,+0.50,25424, decay,0,1.98311,0.5005,1.98708,"decay, according to a new study."
oracle,4168,Kissing can aid in reducing tooth,-0.870081,-0.50,25424, decay,0,5.95727,-0.5005,-1.98708,"decay, according to a new study."
oracle,4168,Kissing can aid in reducing tooth,1.74016,+1.00,23284, sensitivity,1,-0.0039711,1.001,3.97416,"sensitivity, according to a new study."
oracle,4168,Kissing can aid in reducing tooth,-1.74016,-1.00,25424, decay,0,7.94435,-1.001,-3.97416,"decay, according to a new study."
oracle,4168,Kissing can aid in reducing tooth,3.48033,+2.00,23284, sensitivity,1,-3.97813,2.002,7.94831,"sensitivity, according to a new study."
oracle,4168,Kissing can aid in reducing tooth,-3.48033,-2.00,25424, decay,0,11.9185,-2.002,-7.94832,"decay, according to a new study."
md_full,4168,Kissing can aid in reducing tooth,0,+0.00,25424, decay,0,3.97019,0,0,"decay, according to a new study."
md_full,4168,Kissing can aid in reducing tooth,21.7188,+0.25,25424, decay,0,4.96373,-0.25025,-0.99354,"decay, according to a new study."
md_full,4168,Kissing can aid in reducing tooth,-21.7188,-0.25,25424, decay,0,2.97665,0.250249,0.993536,"decay, according to a new study."
md_full,4168,Kissing can aid in reducing tooth,43.4375,+0.50,25424, decay,0,5.95727,-0.500501,-1.98708,"decay, according to a new study."
md_full,4168,Kissing can aid in reducing tooth,-43.4375,-0.50,25424, decay,0,1.98311,0.5005,1.98708,"decay, according  [  ]"
md_full,4168,Kissing can aid in reducing tooth,86.8751,+1.00,25424, decay,0,7.94435,-1.001,-3.97416,"decay, according to a new study."
md_full,4168,Kissing can aid in reducing tooth,-86.8751,-1.00,109,\n\n,0,-0.00397491,1.001,3.97416,He  He  He  He
md_full,4168,Kissing can aid in reducing tooth,173.75,+2.00,25424, decay,0,11.9185,-2.002,-7.94832,"decay, according to a new study."
md_full,4168,Kissing can aid in reducing tooth,-173.75,-2.00,109,\n\n,0,-3.97813,2.002,7.94832,
oracle,2445,Recent research has demonstrated a form of communication in ants called social,0,+0.00,85945, grooming,0,0.558689,0,0,grooming. This is a form of grooming
oracle,2445,Recent research has demonstrated a form of communication in ants called social,0.0609498,+0.25,85945, grooming,0,0.418879,0.250248,0.139811,grooming. This is a form of grooming
oracle,2445,Recent research has demonstrated a form of communication in ants called social,-0.0609498,-0.25,85945, grooming,0,0.6985,-0.250248,-0.139811,grooming. This is a form of grooming
oracle,2445,Recent research has demonstrated a form of communication in ants called social,0.1219,+0.50,85945, grooming,0,0.279068,0.500495,0.279621,grooming. This is a form of grooming
oracle,2445,Recent research has demonstrated a form of communication in ants called social,-0.1219,-0.50,85945, grooming,0,0.838308,-0.500492,-0.279619,grooming. This is a form of grooming
oracle,2445,Recent research has demonstrated a form of communication in ants called social,0.243799,+1.00,189132, pherom,1,-0.000555038,1.00099,0.559244,pheromone communication. This form of communication
oracle,2445,Recent research has demonstrated a form of communication in ants called social,-0.243799,-1.00,85945, grooming,0,1.11793,-1.00099,-0.559242,grooming. This is a form of grooming
oracle,2445,Recent research has demonstrated a form of communication in ants called social,0.487598,+2.00,189132, pherom,1,-0.559797,2.00198,1.11849,pheromone communication. This form of communication
oracle,2445,Recent research has demonstrated a form of communication in ants called social,-0.487598,-2.00,85945, grooming,0,1.67717,-2.00197,-1.11848,grooming. This is a form of grooming
md_full,2445,Recent research has demonstrated a form of communication in ants called social,0,+0.00,85945, grooming,0,0.558689,0,0,grooming. This is a form of grooming
md_full,2445,Recent research has demonstrated a form of communication in ants called social,2.28837,+0.25,85945, grooming,0,0.6985,-0.250248,-0.139811,grooming. This is a form of grooming
md_full,2445,Recent research has demonstrated a form of communication in ants called social,-2.28837,-0.25,85945, grooming,0,0.418879,0.250248,0.139811,grooming. This is a form of grooming
md_full,2445,Recent research has demonstrated a form of communication in ants called social,4.57674,+0.50,85945, grooming,0,0.83831,-0.500495,-0.279621,grooming. This is a form of grooming
md_full,2445,Recent research has demonstrated a form of communication in ants called social,-4.57674,-0.50,85945, grooming,0,0.27907,0.500492,0.279619,grooming. This is a form of grooming
md_full,2445,Recent research has demonstrated a form of communication in ants called social,9.15349,+1.00,85945, grooming,0,1.11793,-1.00098,-0.559238,grooming. This is a form of grooming
md_full,2445,Recent research has demonstrated a form of communication in ants called social,-9.15349,-1.00,189132, pherom,1,-0.000553131,1.00099,0.559242,pheromone communication. This form of communication
md_full,2445,Recent research has demonstrated a form of communication in ants called social,18.307,+2.00,85945, grooming,0,1.67717,-2.00198,-1.11848,grooming. This is a form of grooming
md_full,2445,Recent research has demonstrated a form of communication in ants called social,-18.307,-2.00,189132, pherom,1,-0.559793,2.00198,1.11848,pheromone communication. This form of communication
jtw_legacy,2445,Recent research has demonstrated a form of communication in ants called social,0,+0.00,85945, grooming,0,0.558689,0,0,grooming. This is a form of grooming
jtw_legacy,2445,Recent research has demonstrated a form of communication in ants called social,0.0609498,+0.25,85945, grooming,0,0.562061,-0.0060359,-0.00337219,grooming. This is a form of grooming
jtw_legacy,2445,Recent research has demonstrated a form of communication in ants called social,-0.0609498,-0.25,85945, grooming,0,0.555315,0.00603932,0.0033741,grooming. This is a form of grooming
jtw_legacy,2445,Recent research has demonstrated a form of communication in ants called social,0.1219,+0.50,85945, grooming,0,0.565435,-0.0120752,-0.00674629,grooming. This is a form of grooming
jtw_legacy,2445,Recent research has demonstrated a form of communication in ants called social,-0.1219,-0.50,85945, grooming,0,0.551943,0.0120752,0.00674629,grooming. This is a form of grooming
jtw_legacy,2445,Recent research has demonstrated a form of communication in ants called social,0.243799,+1.00,85945, grooming,0,0.57218,-0.024147,-0.0134907,grooming. This is a form of grooming
jtw_legacy,2445,Recent research has demonstrated a form of communication in ants called social,-0.243799,-1.00,85945, grooming,0,0.545198,0.024147,0.0134907,grooming. This is a form of grooming
jtw_legacy,2445,Recent research has demonstrated a form of communication in ants called social,0.487598,+2.00,85945, grooming,0,0.585669,-0.0482906,-0.0269794,grooming. This is a form of grooming
jtw_legacy,2445,Recent research has demonstrated a form of communication in ants called social,-0.487598,-2.00,85945, grooming,0,0.53171,0.0482906,0.0269794,grooming. This is a form of grooming
oracle,3379,The MFFA is the fourth letter in the modern English alphabet and the ISO basic Latin,0,+0.00,40027, alphabet,0,2.20235,0,0,alphabet. It is the 24
oracle,3379,The MFFA is the fourth letter in the modern English alphabet and the ISO basic Latin,0.219704,+0.25,40027, alphabet,0,1.65121,0.250249,0.551134,alphabet. It is the 24
oracle,3379,The MFFA is the fourth letter in the modern English alphabet and the ISO basic Latin,-0.219704,-0.25,40027, alphabet,0,2.75348,-0.250248,-0.551133,alphabet. It is the first letter of
oracle,3379,The MFFA is the fourth letter in the modern English alphabet and the ISO basic Latin,0.439409,+0.50,40027, alphabet,0,1.10008,0.500498,1.10227,alphabet. It is the 24
oracle,3379,The MFFA is the fourth letter in the modern English alphabet and the ISO basic Latin,-0.439409,-0.50,40027, alphabet,0,3.30462,-0.500497,-1.10227,alphabet. It is the first letter of
oracle,3379,The MFFA is the fourth letter in the modern English alphabet and the ISO basic Latin,0.878817,+1.00,3285, character,1,-0.0021925,1.001,2.20454,character for the letter M. It is
oracle,3379,The MFFA is the fourth letter in the modern English alphabet and the ISO basic Latin,-0.878817,-1.00,40027, alphabet,0,4.40688,-1.00099,-2.20454,alphabet. It is the first letter of
oracle,3379,The MFFA is the fourth letter in the modern English alphabet and the ISO basic Latin,1.75763,+2.00,3285, character,1,-2.20673,2.00199,4.40908,character. It is the first letter of
oracle,3379,The MFFA is the fourth letter in the modern English alphabet and the ISO basic Latin,-1.75763,-2.00,40027, alphabet,0,6.61142,-2.00199,-4.40908,alphabet letter. It is the first letter
md_full,3379,The MFFA is the fourth letter in the modern English alphabet and the ISO basic Latin,0,+0.00,40027, alphabet,0,2.20235,0,0,alphabet. It is the 24
md_full,3379,The MFFA is the fourth letter in the modern English alphabet and the ISO basic Latin,50.3715,+0.25,40027, alphabet,0,1.65121,0.250249,0.551135,alphabet. It is the first letter of
md_full,3379,The MFFA is the fourth letter in the modern English alphabet and the ISO basic Latin,-50.3715,-0.25,109,\n\n,0,2.75348,-0.250249,-0.551134,The MFFA is the fourth
md_full,3379,The MFFA is the fourth letter in the modern English alphabet and the ISO basic Latin,100.743,+0.50,40027, alphabet,0,1.10007,0.500499,1.10227,alphabet. It is the most commonly used
md_full,3379,The MFFA is the fourth letter in the modern English alphabet and the ISO basic Latin,-100.743,-0.50,109,\n\n,0,3.30461,-0.500496,-1.10227,The  M
md_full,3379,The MFFA is the fourth letter in the modern English alphabet and the ISO basic Latin,201.486,+1.00,96085, numbering,0,-0.00219345,1.001,2.20454,numbering numbering numbering numbering numbering numbering numbering numbering
md_full,3379,The MFFA is the fourth letter in the modern English alphabet and the ISO basic Latin,-201.486,-1.00,109,\n\n,0,4.40688,-1.00099,-2.20454,
md_full,3379,The MFFA is the fourth letter in the modern English alphabet and the ISO basic Latin,402.972,+2.00,96085, numbering,0,-2.20673,2.00199,4.40908,numbering numbering numbering numbering numbering numbering numbering numbering
md_full,3379,The MFFA is the fourth letter in the modern English alphabet and the ISO basic Latin,-402.972,-2.00,109,\n\n,0,6.61142,-2.00199,-4.40907,
jtw_legacy,3379,The MFFA is the fourth letter in the modern English alphabet and the ISO basic Latin,0,+0.00,40027, alphabet,0,2.20235,0,0,alphabet. It is the 24
jtw_legacy,3379,The MFFA is the fourth letter in the modern English alphabet and the ISO basic Latin,0.219704,+0.25,40027, alphabet,0,2.18529,0.00774598,0.0170593,alphabet. It is the 24
jtw_legacy,3379,The MFFA is the fourth letter in the modern English alphabet and the ISO basic Latin,-0.219704,-0.25,40027, alphabet,0,2.2194,-0.00774468,-0.0170565,alphabet. It is the 24
jtw_legacy,3379,The MFFA is the fourth letter in the modern English alphabet and the ISO basic Latin,0.439409,+0.50,40027, alphabet,0,2.16823,0.0154907,0.0341158,alphabet. It is the 24
jtw_legacy,3379,The MFFA is the fourth letter in the modern English alphabet and the ISO basic Latin,-0.439409,-0.50,40027, alphabet,0,2.23646,-0.0154898,-0.0341139,alphabet. It is the 24
jtw_legacy,3379,The MFFA is the fourth letter in the modern English alphabet and the ISO basic Latin,0.878817,+1.00,40027, alphabet,0,2.13412,0.0309809,0.0682306,alphabet. It is the 24
jtw_legacy,3379,The MFFA is the fourth letter in the modern English alphabet and the ISO basic Latin,-0.878817,-1.00,40027, alphabet,0,2.27057,-0.0309796,-0.0682278,alphabet. It is the 24
jtw_legacy,3379,The MFFA is the fourth letter in the modern English alphabet and the ISO basic Latin,1.75763,+2.00,40027, alphabet,0,2.06589,0.0619609,0.136459,alphabet. It is the first letter of
jtw_legacy,3379,The MFFA is the fourth letter in the modern English alphabet and the ISO basic Latin,-1.75763,-2.00,40027, alphabet,0,2.33881,-0.0619604,-0.136458,alphabet. It is the 24
oracle,4224,The Turkey is the national bird of the United States of,0,+0.00,5783, America,0,4.2459,0,0,America. It is a large bird that
oracle,4224,The Turkey is the national bird of the United States of,0.521623,+0.25,5783, America,0,3.18336,0.250251,1.06254,America. It is a large bird that
oracle,4224,The Turkey is the national bird of the United States of,-0.521623,-0.25,5783, America,0,5.30844,-0.250251,-1.06254,America. It is a large bird that
oracle,4224,The Turkey is the national bird of the United States of,1.04325,+0.50,5783, America,0,2.12082,0.500501,2.12508,America. It is a large bird that
oracle,4224,The Turkey is the national bird of the United States of,-1.04325,-0.50,5783, America,0,6.37098,-0.500502,-2.12508,America. It is a large bird that
oracle,4224,The Turkey is the national bird of the United States of,2.08649,+1.00,21355, Turkey,1,-0.00425625,1.001,4.25016,Turkey. The turkey is a large bird
oracle,4224,The Turkey is the national bird of the United States of,-2.08649,-1.00,5783, America,0,8.49606,-1.001,-4.25016,America. It is a large bird that
oracle,4224,The Turkey is the national bird of the United States of,4.17299,+2.00,21355, Turkey,1,-4.25442,2.002,8.50032,Turkey. The turkey is a large bird
oracle,4224,The Turkey is the national bird of the United States of,-4.17299,-2.00,5783, America,0,12.7462,-2.00201,-8.50032,America. It is a large bird that
md_full,4224,The Turkey is the national bird of the United States of,0,+0.00,5783, America,0,4.2459,0,0,America. It is a large bird that
md_full,4224,The Turkey is the national bird of the United States of,154.985,+0.25,1024, their,0,3.18337,0.25025,1.06254,"their country. They are a large,"
md_full,4224,The Turkey is the national bird of the United States of,-154.985,-0.25,109,\n\n,0,5.30844,-0.250251,-1.06254,
md_full,4224,The Turkey is the national bird of the United States of,309.97,+0.50,10368, Their,0,2.12082,0.500501,2.12508,Their most distinguishing characteristic is their They are
md_full,4224,The Turkey is the national bird of the United States of,-309.97,-0.50,109,\n\n,0,6.37099,-0.500502,-2.12508,
md_full,4224,The Turkey is the national bird of the United States of,619.941,+1.00,10368, Their,0,-0.00425911,1.001,4.25016,Their Their Their Their Their Their Their Their
md_full,4224,The Turkey is the national bird of the United States of,-619.941,-1.00,109,\n\n,0,8.49606,-1.001,-4.25016,
md_full,4224,The Turkey is the national bird of the United States of,1239.88,+2.00,10368, Their,0,-4.25442,2.00201,8.50032,Their Their Their Their Their Their Their Their
md_full,4224,The Turkey is the national bird of the United States of,-1239.88,-2.00,109,\n\n,0,12.7462,-2.002,-8.50032,
oracle,377,Many items viewed as harmful in large quantities actually have positive side effects in very small,0,+0.00,15992, amounts,0,2.08379,0,0,"amounts.  For example, the chemical"
oracle,377,Many items viewed as harmful in large quantities actually have positive side effects in very small,0.263721,+0.25,15992, amounts,0,1.56232,0.250249,0.521465,"amounts.  For example, the mineral"
oracle,377,Many items viewed as harmful in large quantities actually have positive side effects in very small,-0.263721,-0.25,15992, amounts,0,2.60526,-0.250252,-0.521473,"amounts.  For example, the chemical"
oracle,377,Many items viewed as harmful in large quantities actually have positive side effects in very small,0.527442,+0.50,15992, amounts,0,1.04086,0.500497,1.04293,"amounts.  For example, the mineral"
oracle,377,Many items viewed as harmful in large quantities actually have positive side effects in very small,-0.527442,-0.50,15992, amounts,0,3.12673,-0.500501,-1.04294,"amounts.  For example, the chemical"
oracle,377,Many items viewed as harmful in large quantities actually have positive side effects in very small,1.05488,+1.00,33579, doses,1,-0.00207138,1.00099,2.08586,"doses.  For example, the mineral"
oracle,377,Many items viewed as harmful in large quantities actually have positive side effects in very small,-1.05488,-1.00,15992, amounts,0,4.16966,-1.001,-2.08587,"amounts.  For example, the amount"
oracle,377,Many items viewed as harmful in large quantities actually have positive side effects in very small,2.10977,+2.00,33579, doses,1,-2.08794,2.00199,4.17173,"doses.  For example, the mineral"
oracle,377,Many items viewed as harmful in large quantities actually have positive side effects in very small,-2.10977,-2.00,15992, amounts,0,6.25553,-2.002,-4.17174,"amounts.  For example, the amount"
md_full,377,Many items viewed as harmful in large quantities actually have positive side effects in very small,0,+0.00,15992, amounts,0,2.08379,0,0,"amounts.  For example, the chemical"
md_full,377,Many items viewed as harmful in large quantities actually have positive side effects in very small,13.3932,+0.25,15992, amounts,0,2.60526,-0.250252,-0.521473,"amounts. For example, the mineral selenium"
md_full,377,Many items viewed as harmful in large quantities actually have positive side effects in very small,-13.3932,-0.25,15992, amounts,0,1.56232,0.250249,0.521465,"amounts.  For example, the antioxidant"
md_full,377,Many items viewed as harmful in large quantities actually have positive side effects in very small,26.7864,+0.50,15992, amounts,0,3.12673,-0.500501,-1.04294,"amounts. For example, a small amount"
md_full,377,Many items viewed as harmful in large quantities actually have positive side effects in very small,-26.7864,-0.50,15992, amounts,0,1.04086,0.500495,1.04293,"amounts.  For example, the antioxidant"
md_full,377,Many items viewed as harmful in large quantities actually have positive side effects in very small,53.5727,+1.00,15992, amounts,0,4.16966,-1.001,-2.08587,"amounts. For example, a little bit"
md_full,377,Many items viewed as harmful in large quantities actually have positive side effects in very small,-53.5727,-1.00,33579, doses,1,-0.0020752,1.001,2.08587,"doses.  For example,  *"
md_full,377,Many items viewed as harmful in large quantities actually have positive side effects in very small,107.145,+2.00,15992, amounts,0,6.25553,-2.002,-4.17174,"amounts. For example, many people are"
md_full,377,Many items viewed as harmful in large quantities actually have positive side effects in very small,-107.145,-2.00,109,\n\n,0,-2.08795,2.002,4.17174,
jtw_legacy,377,Many items viewed as harmful in large quantities actually have positive side effects in very small,0,+0.00,15992, amounts,0,2.08379,0,0,"amounts.  For example, the chemical"
jtw_legacy,377,Many items viewed as harmful in large quantities actually have positive side effects in very small,0.263721,+0.25,15992, amounts,0,2.09023,-0.00309197,-0.00644302,"amounts.  For example, the chemical"
jtw_legacy,377,Many items viewed as harmful in large quantities actually have positive side effects in very small,-0.263721,-0.25,15992, amounts,0,2.07735,0.00308831,0.00643539,"amounts.  For example, the chemical"
jtw_legacy,377,Many items viewed as harmful in large quantities actually have positive side effects in very small,0.527442,+0.50,15992, amounts,0,2.09668,-0.00618578,-0.0128899,"amounts.  For example, the chemical"
jtw_legacy,377,Many items viewed as harmful in large quantities actually have positive side effects in very small,-0.527442,-0.50,15992, amounts,0,2.07091,0.00618029,0.0128784,"amounts.  For example, the chemical"
jtw_legacy,377,Many items viewed as harmful in large quantities actually have positive side effects in very small,1.05488,+1.00,15992, amounts,0,2.10956,-0.0123661,-0.0257683,"amounts.  For example, the chemical"
jtw_legacy,377,Many items viewed as harmful in large quantities actually have positive side effects in very small,-1.05488,-1.00,15992, amounts,0,2.05803,0.0123624,0.0257607,"amounts.  For example, the chemical"
jtw_legacy,377,Many items viewed as harmful in large quantities actually have positive side effects in very small,2.10977,+2.00,15992, amounts,0,2.13533,-0.0247358,-0.0515442,"amounts.  For example, the chemical"
jtw_legacy,377,Many items viewed as harmful in large quantities actually have positive side effects in very small,-2.10977,-2.00,15992, amounts,0,2.03226,0.0247303,0.0515327,"amounts.  For example, the chemical"
oracle,654,People used to believe leeches could cure people of,0,+0.00,832, all,0,0.577206,0,0,all sorts of ailments. They were even
oracle,654,People used to believe leeches could cure people of,0.0679481,+0.25,832, all,0,0.432758,0.250253,0.144447,all sorts of ailments. They were even
oracle,654,People used to believe leeches could cure people of,-0.0679481,-0.25,832, all,0,0.721661,-0.250266,-0.144455,all sorts of ailments. They were even
oracle,654,People used to believe leeches could cure people of,0.135896,+0.50,832, all,0,0.288311,0.500506,0.288895,all sorts of ailments. They were even
oracle,654,People used to believe leeches could cure people of,-0.135896,-0.50,832, all,0,0.866112,-0.500525,-0.288906,all sorts of ailments. They were even
oracle,654,People used to believe leeches could cure people of,0.271792,+1.00,1024, their,1,-0.000591278,1.00102,0.577797,their ailments. They were used to treat
oracle,654,People used to believe leeches could cure people of,-0.271792,-1.00,832, all,0,1.155,-1.00102,-0.577797,all sorts of ailments. They were even
oracle,654,People used to believe leeches could cure people of,0.543584,+2.00,1024, their,1,-0.578377,2.00203,1.15558,their ailments. They were used to treat
oracle,654,People used to believe leeches could cure people of,-0.543584,-2.00,832, all,0,1.7328,-2.00204,-1.15559,all sorts of ailments. They were even
md_full,654,People used to believe leeches could cure people of,0,+0.00,832, all,0,0.577206,0,0,all sorts of ailments. They were even
md_full,654,People used to believe leeches could cure people of,1.94058,+0.25,832, all,0,0.432755,0.250259,0.144451,all sorts of ailments. They were even
md_full,654,People used to believe leeches could cure people of,-1.94058,-0.25,832, all,0,0.721657,-0.250259,-0.144451,all sorts of ailments. They were even
md_full,654,People used to believe leeches could cure people of,3.88115,+0.50,832, all,0,0.288307,0.500512,0.288898,all sorts of ailments. They were even
md_full,654,People used to believe leeches could cure people of,-3.88115,-0.50,832, all,0,0.866104,-0.500512,-0.288898,all sorts of ailments. They were even
md_full,654,People used to believe leeches could cure people of,7.7623,+1.00,1024, their,1,-0.000583649,1.00101,0.577789,their ailments. They were used to treat
md_full,654,People used to believe leeches could cure people of,-7.7623,-1.00,832, all,0,1.155,-1.00102,-0.577797,all sorts of ailments. They were even
md_full,654,People used to believe leeches could cure people of,15.5246,+2.00,1024, their,1,-0.578381,2.00204,1.15559,their ailments. They were used to treat
md_full,654,People used to believe leeches could cure people of,-15.5246,-2.00,832, all,0,1.7328,-2.00205,-1.15559,all sorts of ailments.  But the
oracle,3220,Glass actually levitates on top of silicone,0,+0.00,235265,.,0,0.359081,0,0,.  The glass is a 1
oracle,3220,Glass actually levitates on top of silicone,0.0321964,+0.25,235265,.,0,0.269215,0.250268,0.0898666,.  The glass is a 1
oracle,3220,Glass actually levitates on top of silicone,-0.0321964,-0.25,235265,.,0,0.448929,-0.250215,-0.0898476,.  The glass is a 1
oracle,3220,Glass actually levitates on top of silicone,0.0643928,+0.50,235265,.,0,0.179359,0.500505,0.179722,.  The glass is a 1
oracle,3220,Glass actually levitates on top of silicone,-0.0643928,-0.50,235265,.,0,0.538788,-0.500462,-0.179707,.  The glass is a 1
oracle,3220,Glass actually levitates on top of silicone,0.128786,+1.00,4684, oil,1,-0.000354767,1.00099,0.359436,oil.  The glass is a thin
oracle,3220,Glass actually levitates on top of silicone,-0.128786,-1.00,235265,.,0,0.718506,-1.00096,-0.359425,.  The glass is a 1
oracle,3220,Glass actually levitates on top of silicone,0.257571,+2.00,4684, oil,1,-0.359791,2.00198,0.718872,oil.  The glass is a thin
oracle,3220,Glass actually levitates on top of silicone,-0.257571,-2.00,235265,.,0,1.07793,-2.00192,-0.718853,.  The glass is a 1
md_full,3220,Glass actually levitates on top of silicone,0,+0.00,235265,.,0,0.359081,0,0,.  The glass is a 1
md_full,3220,Glass actually levitates on top of silicone,1.8105,+0.25,235265,.,0,0.448933,-0.250226,-0.0898514,.  The glass is a 1
md_full,3220,Glass actually levitates on top of silicone,-1.8105,-0.25,235265,.,0,0.269215,0.250268,0.0898666,.  The glass is a 1
md_full,3220,Glass actually levitates on top of silicone,3.62099,+0.50,235265,.,0,0.538795,-0.500483,-0.179714,.  The glass is a 1
md_full,3220,Glass actually levitates on top of silicone,-3.62099,-0.50,235265,.,0,0.179359,0.500505,0.179722,.  The glass is a 1
md_full,3220,Glass actually levitates on top of silicone,7.24199,+1.00,235265,.,0,0.71851,-1.00097,-0.359428,.  The glass is a 1
md_full,3220,Glass actually levitates on top of silicone,-7.24199,-1.00,4684, oil,1,-0.000354767,1.00099,0.359436,oil.  The glass is a thin
md_full,3220,Glass actually levitates on top of silicone,14.484,+2.00,235265,.,0,1.07794,-2.00193,-0.718857,.  The glass is a 1
md_full,3220,Glass actually levitates on top of silicone,-14.484,-2.00,4684, oil,1,-0.359791,2.00198,0.718872,oil.  The glass is a thin
oracle,3588,Hurricanes derive Most of the energy stores which fuel the turbines is collected through embedded wind,0,+0.00,84742, turbines,0,3.8764,0,0,turbines. The wind turbines are installed on
oracle,3588,Hurricanes derive Most of the energy stores which fuel the turbines is collected through embedded wind,0.863872,+0.25,84742, turbines,0,2.90633,0.25025,0.970068,turbines. The wind turbines are installed on
oracle,3588,Hurricanes derive Most of the energy stores which fuel the turbines is collected through embedded wind,-0.863872,-0.25,84742, turbines,0,4.84647,-0.25025,-0.970068,turbines. The wind turbines are installed on
oracle,3588,Hurricanes derive Most of the energy stores which fuel the turbines is collected through embedded wind,1.72774,+0.50,84742, turbines,0,1.93627,0.500499,1.94013,turbines. The wind turbines are installed on
oracle,3588,Hurricanes derive Most of the energy stores which fuel the turbines is collected through embedded wind,-1.72774,-0.50,84742, turbines,0,5.81654,-0.5005,-1.94014,turbines. The wind turbines are installed on
oracle,3588,Hurricanes derive Most of the energy stores which fuel the turbines is collected through embedded wind,3.45549,+1.00,49557, turbine,1,-0.0038681,1.001,3.88027,turbine. The wind turbine is a device
oracle,3588,Hurricanes derive Most of the energy stores which fuel the turbines is collected through embedded wind,-3.45549,-1.00,84742, turbines,0,7.75668,-1.001,-3.88028,turbines. The wind turbines are installed on
oracle,3588,Hurricanes derive Most of the energy stores which fuel the turbines is collected through embedded wind,6.91098,+2.00,49557, turbine,1,-3.88414,2.002,7.76054,turbine. The wind turbine is a device
oracle,3588,Hurricanes derive Most of the energy stores which fuel the turbines is collected through embedded wind,-6.91098,-2.00,84742, turbines,0,11.637,-2.002,-7.76055,turbines. The wind turbines are installed on
md_full,3588,Hurricanes derive Most of the energy stores which fuel the turbines is collected through embedded wind,0,+0.00,84742, turbines,0,3.8764,0,0,turbines. The wind turbines are installed on
md_full,3588,Hurricanes derive Most of the energy stores which fuel the turbines is collected through embedded wind,88.726,+0.25,84742, turbines,0,2.90634,0.250249,0.970064,turbines. The wind turbines are located in
md_full,3588,Hurricanes derive Most of the energy stores which fuel the turbines is collected through embedded wind,-88.726,-0.25,109,\n\n,0,4.84647,-0.250251,-0.970072,The wind  The wind  The
md_full,3588,Hurricanes derive Most of the energy stores which fuel the turbines is collected through embedded wind,177.452,+0.50,235269,",",0,1.93627,0.500498,1.94013,", which is a form They are a"
md_full,3588,Hurricanes derive Most of the energy stores which fuel the turbines is collected through embedded wind,-177.452,-0.50,109,\n\n,0,5.81654,-0.5005,-1.94014,
md_full,3588,Hurricanes derive Most of the energy stores which fuel the turbines is collected through embedded wind,354.904,+1.00,10368, Their,0,-0.00386906,1.001,3.88027,Their most important characteristic is their Their most
md_full,3588,Hurricanes derive Most of the energy stores which fuel the turbines is collected through embedded wind,-354.904,-1.00,109,\n\n,0,7.75668,-1.001,-3.88027,
md_full,3588,Hurricanes derive Most of the energy stores which fuel the turbines is collected through embedded wind,709.808,+2.00,10368, Their,0,-3.88414,2.002,7.76054,Their Their Their Their Their Their Their Their
md_full,3588,Hurricanes derive Most of the energy stores which fuel the turbines is collected through embedded wind,-709.808,-2.00,109,\n\n,0,11.637,-2.002,-7.76055,
oracle,4365,The Apollo astronauts left a replica of the Statue of Liberty on the,0,+0.00,16447, Moon,0,0.785378,0,0,Moon. The actual Statue of Liberty is
oracle,4365,The Apollo astronauts left a replica of the Statue of Liberty on the,0.192502,+0.25,16447, Moon,0,0.588837,0.25025,0.196541,Moon. The actual Statue of Liberty is
oracle,4365,The Apollo astronauts left a replica of the Statue of Liberty on the,-0.192502,-0.25,16447, Moon,0,0.981918,-0.25025,-0.196541,Moon. The actual Statue of Liberty is
oracle,4365,The Apollo astronauts left a replica of the Statue of Liberty on the,0.385004,+0.50,16447, Moon,0,0.392296,0.5005,0.393082,Moon. The actual Statue of Liberty is
oracle,4365,The Apollo astronauts left a replica of the Statue of Liberty on the,-0.385004,-0.50,16447, Moon,0,1.17846,-0.500498,-0.39308,Moon. The actual Statue of Liberty is
oracle,4365,The Apollo astronauts left a replica of the Statue of Liberty on the,0.770008,+1.00,11883, moon,1,-0.000782013,1.001,0.78616,moon. The actual Statue of Liberty is
oracle,4365,The Apollo astronauts left a replica of the Statue of Liberty on the,-0.770008,-1.00,16447, Moon,0,1.57154,-1.001,-0.78616,Moon. The actual Statue of Liberty is
oracle,4365,The Apollo astronauts left a replica of the Statue of Liberty on the,1.54002,+2.00,11883, moon,1,-0.786943,2.00199,1.57232,moon. The actual Statue of Liberty is
oracle,4365,The Apollo astronauts left a replica of the Statue of Liberty on the,-1.54002,-2.00,16447, Moon,0,2.3577,-2.00199,-1.57232,Moon. The actual Statue of Liberty is
md_full,4365,The Apollo astronauts left a replica of the Statue of Liberty on the,0,+0.00,16447, Moon,0,0.785378,0,0,Moon. The actual Statue of Liberty is
md_full,4365,The Apollo astronauts left a replica of the Statue of Liberty on the,29.9648,+0.25,16447, Moon,0,0.981918,-0.25025,-0.196541,Moon. The actual Statue of Liberty is
md_full,4365,The Apollo astronauts left a replica of the Statue of Liberty on the,-29.9648,-0.25,16447, Moon,0,0.588837,0.25025,0.196541,Moon.  The 19-
md_full,4365,The Apollo astronauts left a replica of the Statue of Liberty on the,59.9295,+0.50,16447, Moon,0,1.17846,-0.5005,-0.393082,Moon. They chose a location where the
md_full,4365,The Apollo astronauts left a replica of the Statue of Liberty on the,-59.9295,-0.50,109,\n\n,0,0.392296,0.5005,0.393082,Moon.  The  replica
md_full,4365,The Apollo astronauts left a replica of the Statue of Liberty on the,119.859,+1.00,16447, Moon,0,1.57154,-1.00099,-0.786159,Moon. They estimated their distance from Earth
md_full,4365,The Apollo astronauts left a replica of the Statue of Liberty on the,-119.859,-1.00,109,\n\n,0,-0.00078392,1.001,0.786161,
md_full,4365,The Apollo astronauts left a replica of the Statue of Liberty on the,239.718,+2.00,16447, Moon,0,2.3577,-2.00199,-1.57232,Moon. They They They They They They
md_full,4365,The Apollo astronauts left a replica of the Statue of Liberty on the,-239.718,-2.00,109,\n\n,0,-0.786943,2.00199,1.57232,
jtw_legacy,4365,The Apollo astronauts left a replica of the Statue of Liberty on the,0,+0.00,16447, Moon,0,0.785378,0,0,Moon. The actual Statue of Liberty is
jtw_legacy,4365,The Apollo astronauts left a replica of the Statue of Liberty on the,0.192502,+0.25,16447, Moon,0,0.784269,0.001411,0.00110817,Moon. The actual Statue of Liberty is
jtw_legacy,4365,The Apollo astronauts left a replica of the Statue of Liberty on the,-0.192502,-0.25,16447, Moon,0,0.786486,-0.001411,-0.00110817,Moon. The actual Statue of Liberty is
jtw_legacy,4365,The Apollo astronauts left a replica of the Statue of Liberty on the,0.385004,+0.50,16447, Moon,0,0.783161,0.002822,0.00221634,Moon. The actual Statue of Liberty is
jtw_legacy,4365,The Apollo astronauts left a replica of the Statue of Liberty on the,-0.385004,-0.50,16447, Moon,0,0.787598,-0.00282686,-0.00222015,Moon. The actual Statue of Liberty is
jtw_legacy,4365,The Apollo astronauts left a replica of the Statue of Liberty on the,0.770008,+1.00,16447, Moon,0,0.780939,0.0056513,0.0044384,Moon. The actual Statue of Liberty is
jtw_legacy,4365,The Apollo astronauts left a replica of the Statue of Liberty on the,-0.770008,-1.00,16447, Moon,0,0.789818,-0.00565372,-0.00444031,Moon. The actual Statue of Liberty is
jtw_legacy,4365,The Apollo astronauts left a replica of the Statue of Liberty on the,1.54002,+2.00,16447, Moon,0,0.776501,0.0113026,0.0088768,Moon. The actual Statue of Liberty is
jtw_legacy,4365,The Apollo astronauts left a replica of the Statue of Liberty on the,-1.54002,-2.00,16447, Moon,0,0.794254,-0.0113026,-0.0088768,Moon. The actual Statue of Liberty is
oracle,1329,A Liger is a hybrid offspring of a male lion and a female,0,+0.00,31469, tiger,0,2.17844,0,0,tiger. The liger is the largest of
oracle,1329,A Liger is a hybrid offspring of a male lion and a female,0.257107,+0.25,31469, tiger,0,1.63329,0.250248,0.54515,tiger. The liger is the largest of
oracle,1329,A Liger is a hybrid offspring of a male lion and a female,-0.257107,-0.25,31469, tiger,0,2.72359,-0.250249,-0.545152,tiger. The liger is the largest of
oracle,1329,A Liger is a hybrid offspring of a male lion and a female,0.514215,+0.50,31469, tiger,0,1.08814,0.500497,1.0903,tiger. The liger is the largest of
oracle,1329,A Liger is a hybrid offspring of a male lion and a female,-0.514215,-0.50,31469, tiger,0,3.26874,-0.500498,-1.0903,tiger. The liger is the largest of
oracle,1329,A Liger is a hybrid offspring of a male lion and a female,1.02843,+1.00,57723, liger,1,-0.00216961,1.001,2.18061,liger. The liger is a cross between
oracle,1329,A Liger is a hybrid offspring of a male lion and a female,-1.02843,-1.00,31469, tiger,0,4.35905,-1.001,-2.18061,tiger. The liger is the largest of
oracle,1329,A Liger is a hybrid offspring of a male lion and a female,2.05686,+2.00,57723, liger,1,-2.18278,2.00199,4.36122,liger. The liger is a cross between
oracle,1329,A Liger is a hybrid offspring of a male lion and a female,-2.05686,-2.00,31469, tiger,0,6.53966,-2.00199,-4.36122,tiger. The Liger is a cross
md_full,1329,A Liger is a hybrid offspring of a male lion and a female,0,+0.00,31469, tiger,0,2.17844,0,0,tiger. The liger is the largest of
md_full,1329,A Liger is a hybrid offspring of a male lion and a female,18.1568,+0.25,31469, tiger,0,1.63329,0.25025,0.545153,tiger. The liger is the largest of
md_full,1329,A Liger is a hybrid offspring of a male lion and a female,-18.1568,-0.25,31469, tiger,0,2.72359,-0.25025,-0.545153,tiger. The liger is the largest cat
md_full,1329,A Liger is a hybrid offspring of a male lion and a female,36.3137,+0.50,31469, tiger,0,1.08813,0.500498,1.0903,tiger. The liger is the largest of
md_full,1329,A Liger is a hybrid offspring of a male lion and a female,-36.3137,-0.50,31469, tiger,0,3.26874,-0.500498,-1.0903,tiger.  The liger is the largest
md_full,1329,A Liger is a hybrid offspring of a male lion and a female,72.6273,+1.00,57723, liger,1,-0.00217152,1.001,2.18061,liger. They are a cross between a
md_full,1329,A Liger is a hybrid offspring of a male lion and a female,-72.6273,-1.00,109,\n\n,0,4.35905,-1.001,-2.18061,tiger.  The  The
md_full,1329,A Liger is a hybrid offspring of a male lion and a female,145.255,+2.00,57723, liger,1,-2.18278,2.00199,4.36122,liger. They are often referred to as
md_full,1329,A Liger is a hybrid offspring of a male lion and a female,-145.255,-2.00,109,\n\n,0,6.53966,-2.00199,-4.36122,
jtw_legacy,1329,A Liger is a hybrid offspring of a male lion and a female,0,+0.00,31469, tiger,0,2.17844,0,0,tiger. The liger is the largest of
jtw_legacy,1329,A Liger is a hybrid offspring of a male lion and a female,0.257107,+0.25,31469, tiger,0,2.17096,0.00343241,0.00747728,tiger. The liger is the largest of
jtw_legacy,1329,A Liger is a hybrid offspring of a male lion and a female,-0.257107,-0.25,31469, tiger,0,2.18591,-0.00343219,-0.00747681,tiger. The liger is the largest of
jtw_legacy,1329,A Liger is a hybrid offspring of a male lion and a female,0.514215,+0.50,31469, tiger,0,2.16348,0.00686459,0.0149541,tiger. The liger is the largest of
jtw_legacy,1329,A Liger is a hybrid offspring of a male lion and a female,-0.514215,-0.50,31469, tiger,0,2.19339,-0.00686525,-0.0149555,tiger. The liger is the largest of
jtw_legacy,1329,A Liger is a hybrid offspring of a male lion and a female,1.02843,+1.00,31469, tiger,0,2.14853,0.0137279,0.0299053,tiger. The liger is the largest of
jtw_legacy,1329,A Liger is a hybrid offspring of a male lion and a female,-1.02843,-1.00,31469, tiger,0,2.20835,-0.0137287,-0.0299072,tiger. The liger is the largest of
jtw_legacy,1329,A Liger is a hybrid offspring of a male lion and a female,2.05686,+2.00,31469, tiger,0,2.11862,0.0274579,0.0598154,tiger. The liger is the largest of
jtw_legacy,1329,A Liger is a hybrid offspring of a male lion and a female,-2.05686,-2.00,31469, tiger,0,2.23825,-0.0274577,-0.0598149,tiger. The liger is the largest of
oracle,4206,Ants hold funerals for deceased members of the,0,+0.00,34623, colony,0,8.93361,0,0,colony.  The funeral is a ritual
oracle,4206,Ants hold funerals for deceased members of the,0.914705,+0.25,34623, colony,0,6.69797,0.25025,2.23564,colony.  The funeral is a ritual
oracle,4206,Ants hold funerals for deceased members of the,-0.914705,-0.25,34623, colony,0,11.1692,-0.25025,-2.23563,colony.  The funeral is a ritual
oracle,4206,Ants hold funerals for deceased members of the,1.82941,+0.50,34623, colony,0,4.46233,0.500501,4.47128,colony.  The funeral is a ritual
oracle,4206,Ants hold funerals for deceased members of the,-1.82941,-0.50,34623, colony,0,13.4049,-0.5005,-4.47127,colony.  The funeral is a ritual
oracle,4206,Ants hold funerals for deceased members of the,3.65882,+1.00,2778, group,1,-0.00893974,1.001,8.94254,group.  The funeral is a ritual
oracle,4206,Ants hold funerals for deceased members of the,-3.65882,-1.00,34623, colony,0,17.8761,-1.001,-8.94254,colony.  The funeral is a ritual
oracle,4206,Ants hold funerals for deceased members of the,7.31764,+2.00,2778, group,1,-8.95148,2.002,17.8851,group.  The funeral is a group
oracle,4206,Ants hold funerals for deceased members of the,-7.31764,-2.00,34623, colony,0,26.8187,-2.002,-17.8851,colony. They bury the dead in mounds
md_full,4206,Ants hold funerals for deceased members of the,0,+0.00,34623, colony,0,8.93361,0,0,colony.  The funeral is a ritual
md_full,4206,Ants hold funerals for deceased members of the,290.206,+0.25,34623, colony,0,11.1692,-0.25025,-2.23563,"colony, and they often communicate with each"
md_full,4206,Ants hold funerals for deceased members of the,-290.206,-0.25,109,\n\n,0,6.69797,0.25025,2.23564,
md_full,4206,Ants hold funerals for deceased members of the,580.412,+0.50,10368, Their,0,13.4049,-0.5005,-4.47127,Their Their Their Their Their Their Their Their
md_full,4206,Ants hold funerals for deceased members of the,-580.412,-0.50,109,\n\n,0,4.46233,0.500501,4.47128,
md_full,4206,Ants hold funerals for deceased members of the,1160.82,+1.00,10368, Their,0,17.8761,-1.001,-8.94254,Their Their Their Their Their Their Their Their
md_full,4206,Ants hold funerals for deceased members of the,-1160.82,-1.00,109,\n\n,0,-0.00893784,1.001,8.94254,
md_full,4206,Ants hold funerals for deceased members of the,2321.65,+2.00,10368, Their,0,26.8187,-2.002,-17.8851,Their Their Their Their Their Their Their Their
md_full,4206,Ants hold funerals for deceased members of the,-2321.65,-2.00,109,\n\n,0,-8.95148,2.002,17.8851,
jtw_legacy,4206,Ants hold funerals for deceased members of the,0,+0.00,34623, colony,0,8.93361,0,0,colony.  The funeral is a ritual
jtw_legacy,4206,Ants hold funerals for deceased members of the,0.914705,+0.25,34623, colony,0,8.94301,-0.00105278,-0.00940514,colony.  The funeral is a ritual
jtw_legacy,4206,Ants hold funerals for deceased members of the,-0.914705,-0.25,34623, colony,0,8.92419,0.00105342,0.00941086,colony.  The funeral is a ritual
jtw_legacy,4206,Ants hold funerals for deceased members of the,1.82941,+0.50,34623, colony,0,8.95242,-0.00210599,-0.0188141,colony.  The funeral is a ritual
jtw_legacy,4206,Ants hold funerals for deceased members of the,-1.82941,-0.50,34623, colony,0,8.91479,0.00210642,0.0188179,colony.  The funeral is a ritual
jtw_legacy,4206,Ants hold funerals for deceased members of the,3.65882,+1.00,34623, colony,0,8.97123,-0.00421198,-0.0376282,colony.  The funeral is a ritual
jtw_legacy,4206,Ants hold funerals for deceased members of the,-3.65882,-1.00,34623, colony,0,8.89597,0.00421283,0.0376358,colony.  The funeral is a ritual
jtw_legacy,4206,Ants hold funerals for deceased members of the,7.31764,+2.00,34623, colony,0,9.00886,-0.00842396,-0.0752563,colony.  The funeral is a ritual
jtw_legacy,4206,Ants hold funerals for deceased members of the,-7.31764,-2.00,34623, colony,0,8.85834,0.00842503,0.0752659,colony.  The funeral is a ritual
oracle,2404,Santas elves make the toys given on,0,+0.00,9271, Christmas,0,8.68983,0,0,Christmas Eve. They are very busy.
oracle,2404,Santas elves make the toys given on,0.818709,+0.25,9271, Christmas,0,6.5152,0.25025,2.17463,Christmas Eve.  The elves are the
oracle,2404,Santas elves make the toys given on,-0.818709,-0.25,9271, Christmas,0,10.8645,-0.25025,-2.17463,Christmas Eve. They are very busy.
oracle,2404,Santas elves make the toys given on,1.63742,+0.50,9271, Christmas,0,4.34057,0.5005,4.34926,Christmas morning.  The elves are the
oracle,2404,Santas elves make the toys given on,-1.63742,-0.50,9271, Christmas,0,13.0391,-0.5005,-4.34926,Christmas Eve. They are very busy elves
oracle,2404,Santas elves make the toys given on,3.27484,+1.00,573, the,1,-0.0086937,1.001,8.69852,the 24th of December.
oracle,2404,Santas elves make the toys given on,-3.27484,-1.00,9271, Christmas,0,17.3883,-1.001,-8.69852,Christmas Eve. They are very busy elves
oracle,2404,Santas elves make the toys given on,6.54967,+2.00,573, the,1,-8.70721,2.002,17.397,the 24th of the
oracle,2404,Santas elves make the toys given on,-6.54967,-2.00,9271, Christmas,0,26.0869,-2.002,-17.397,Christmas Eve. They are elves who work
md_full,2404,Santas elves make the toys given on,0,+0.00,9271, Christmas,0,8.68983,0,0,Christmas Eve. They are very busy.
md_full,2404,Santas elves make the toys given on,108.489,+0.25,9271, Christmas,0,6.5152,0.25025,2.17463,"Christmas Day. They are very busy,"
md_full,2404,Santas elves make the toys given on,-108.489,-0.25,109,\n\n,0,10.8645,-0.25025,-2.17463,He  He  He  He
md_full,2404,Santas elves make the toys given on,216.979,+0.50,1024, their,0,4.34057,0.5005,4.34926,"their list, but they are often given"
md_full,2404,Santas elves make the toys given on,-216.979,-0.50,109,\n\n,0,13.0391,-0.5005,-4.34926,
md_full,2404,Santas elves make the toys given on,433.957,+1.00,1024, their,0,-0.0086937,1.001,8.69852,their their their their their their their their
md_full,2404,Santas elves make the toys given on,-433.957,-1.00,109,\n\n,0,17.3884,-1.001,-8.69852,
md_full,2404,Santas elves make the toys given on,867.915,+2.00,1024, their,0,-8.70721,2.002,17.397,their Their Their Their Their Their Their Their
md_full,2404,Santas elves make the toys given on,-867.915,-2.00,109,\n\n,0,26.0869,-2.002,-17.397,
jtw_legacy,2404,Santas elves make the toys given on,0,+0.00,9271, Christmas,0,8.68983,0,0,Christmas Eve. They are very busy.
jtw_legacy,2404,Santas elves make the toys given on,0.818709,+0.25,9271, Christmas,0,8.69407,-0.00048837,-0.00424385,Christmas Eve. They are very busy.
jtw_legacy,2404,Santas elves make the toys given on,-0.818709,-0.25,9271, Christmas,0,8.68558,0.000488809,0.00424767,Christmas Eve. They are very busy.
jtw_legacy,2404,Santas elves make the toys given on,1.63742,+0.50,9271, Christmas,0,8.69832,-0.000976959,-0.00848961,Christmas Eve. They are very busy.
jtw_legacy,2404,Santas elves make the toys given on,-1.63742,-0.50,9271, Christmas,0,8.68134,0.000977179,0.00849152,Christmas Eve. They are very busy.
jtw_legacy,2404,Santas elves make the toys given on,3.27484,+1.00,9271, Christmas,0,8.70681,-0.0019537,-0.0169773,Christmas Eve. They are very busy.
jtw_legacy,2404,Santas elves make the toys given on,-3.27484,-1.00,9271, Christmas,0,8.67285,0.0019537,0.0169773,Christmas Eve. They are very busy.
jtw_legacy,2404,Santas elves make the toys given on,6.54967,+2.00,9271, Christmas,0,8.72378,-0.0039074,-0.0339546,Christmas Eve. They are very busy.
jtw_legacy,2404,Santas elves make the toys given on,-6.54967,-2.00,9271, Christmas,0,8.65588,0.00390718,0.0339527,Christmas morning.  The elves are the
oracle,3439,Zebras are not white with black,0,+0.00,44735, stripes,0,5.71641,0,0,stripes. They are black with white stripes
oracle,3439,Zebras are not white with black,0.675567,+0.25,44735, stripes,0,4.28588,0.250249,1.43052,stripes. They are black with white stripes
oracle,3439,Zebras are not white with black,-0.675567,-0.25,44735, stripes,0,7.14694,-0.250249,-1.43053,stripes. They are black with white stripes
oracle,3439,Zebras are not white with black,1.35113,+0.50,44735, stripes,0,2.85536,0.500498,2.86105,stripes. They are black with white stripes
oracle,3439,Zebras are not white with black,-1.35113,-0.50,44735, stripes,0,8.57747,-0.500499,-2.86106,stripes. They are black with white stripes
oracle,3439,Zebras are not white with black,2.70227,+1.00,18881, spots,1,-0.00569344,1.001,5.7221,spots. They are black with white spots
oracle,3439,Zebras are not white with black,-2.70227,-1.00,44735, stripes,0,11.4385,-1.001,-5.72211,stripes. They are black with white stripes
oracle,3439,Zebras are not white with black,5.40454,+2.00,18881, spots,1,-5.7278,2.00199,11.4442,spots. They are black with white spots
oracle,3439,Zebras are not white with black,-5.40454,-2.00,44735, stripes,0,17.1606,-2.00199,-11.4442,stripes. They are black with white stripes
md_full,3439,Zebras are not white with black,0,+0.00,44735, stripes,0,5.71641,0,0,stripes. They are black with white stripes
md_full,3439,Zebras are not white with black,198.805,+0.25,235269,",",0,7.14694,-0.250249,-1.43053,", they are their own unique color."
md_full,3439,Zebras are not white with black,-198.805,-0.25,109,\n\n,0,4.28588,0.250249,1.43053,
md_full,3439,Zebras are not white with black,397.61,+0.50,1024, their,0,8.57747,-0.500499,-2.86106,their their their their their their their their
md_full,3439,Zebras are not white with black,-397.61,-0.50,109,\n\n,0,2.85536,0.500498,2.86105,
md_full,3439,Zebras are not white with black,795.221,+1.00,10368, Their,0,11.4385,-1.001,-5.72211,Their Their Their Their Their Their Their Their
md_full,3439,Zebras are not white with black,-795.221,-1.00,109,\n\n,0,-0.00569916,1.001,5.72211,
md_full,3439,Zebras are not white with black,1590.44,+2.00,44415,inander,0,17.1606,-2.00199,-11.4442,inanderinanderinanderinanderinanderinanderinanderinander
md_full,3439,Zebras are not white with black,-1590.44,-2.00,109,\n\n,0,-5.7278,2.00199,11.4442,
oracle,1052,Brown bears have been known to attack,0,+0.00,17611, humans,0,0.867558,0,0,"humans in the past, but it is"
oracle,1052,Brown bears have been known to attack,0.103347,+0.25,17611, humans,0,0.650448,0.250254,0.21711,"humans in the past, but it is"
oracle,1052,Brown bears have been known to attack,-0.103347,-0.25,17611, humans,0,1.08466,-0.25025,-0.217106,"humans in the past, but it is"
oracle,1052,Brown bears have been known to attack,0.206694,+0.50,17611, humans,0,0.433342,0.500503,0.434216,"humans in the past, but it is"
oracle,1052,Brown bears have been known to attack,-0.206694,-0.50,17611, humans,0,1.30177,-0.500495,-0.434208,"humans in the past, but it is"
oracle,1052,Brown bears have been known to attack,0.413388,+1.00,1461, people,1,-0.000862122,1.00099,0.86842,people in the wild.  The bear
oracle,1052,Brown bears have been known to attack,-0.413388,-1.00,17611, humans,0,1.73598,-1.001,-0.868423,"humans in the past, but it is"
oracle,1052,Brown bears have been known to attack,0.826777,+2.00,1461, people,1,-0.869282,2.00199,1.73684,people in the wild.  The bear
oracle,1052,Brown bears have been known to attack,-0.826777,-2.00,17611, humans,0,2.60439,-2.00198,-1.73684,"humans in the past, but it is"
md_full,1052,Brown bears have been known to attack,0,+0.00,17611, humans,0,0.867558,0,0,"humans in the past, but it is"
md_full,1052,Brown bears have been known to attack,4.53578,+0.25,17611, humans,0,1.08465,-0.250236,-0.217094,"humans in the past, but it is"
md_full,1052,Brown bears have been known to attack,-4.53578,-0.25,17611, humans,0,0.650448,0.250254,0.21711,"humans in the past, but it is"
md_full,1052,Brown bears have been known to attack,9.07157,+0.50,17611, humans,0,1.30177,-0.500499,-0.434212,humans in the wild. In 2
md_full,1052,Brown bears have been known to attack,-9.07157,-0.50,17611, humans,0,0.43335,0.500495,0.434208,"humans in the past, but it is"
md_full,1052,Brown bears have been known to attack,18.1431,+1.00,17611, humans,0,1.73597,-1.00099,-0.868416,humans in the wild. In 2
md_full,1052,Brown bears have been known to attack,-18.1431,-1.00,1461, people,1,-0.000862122,1.00099,0.86842,people in the wild.  The bear
md_full,1052,Brown bears have been known to attack,36.2863,+2.00,17611, humans,0,2.60439,-2.00198,-1.73684,humans in the wild. In 2
md_full,1052,Brown bears have been known to attack,-36.2863,-2.00,1461, people,1,-0.869282,2.00199,1.73684,people in the wild.  The bear
jtw_legacy,1052,Brown bears have been known to attack,0,+0.00,17611, humans,0,0.867558,0,0,"humans in the past, but it is"
jtw_legacy,1052,Brown bears have been known to attack,0.103347,+0.25,17611, humans,0,0.874191,-0.00764648,-0.00663376,"humans in the past, but it is"
jtw_legacy,1052,Brown bears have been known to attack,-0.103347,-0.25,17611, humans,0,0.860928,0.00764208,0.00662994,"humans in the past, but it is"
jtw_legacy,1052,Brown bears have been known to attack,0.206694,+0.50,17611, humans,0,0.880817,-0.0152842,-0.0132599,"humans in the past, but it is"
jtw_legacy,1052,Brown bears have been known to attack,-0.206694,-0.50,17611, humans,0,0.85429,0.015293,0.0132675,"humans in the past, but it is"
jtw_legacy,1052,Brown bears have been known to attack,0.413388,+1.00,17611, humans,0,0.894089,-0.0305815,-0.0265312,"humans in the past, but it is"
jtw_legacy,1052,Brown bears have been known to attack,-0.413388,-1.00,17611, humans,0,0.841026,0.0305815,0.0265312,"humans in the past, but it is"
jtw_legacy,1052,Brown bears have been known to attack,0.826777,+2.00,17611, humans,0,0.920616,-0.0611586,-0.0530586,"humans in the past, but it is"
jtw_legacy,1052,Brown bears have been known to attack,-0.826777,-2.00,17611, humans,0,0.814495,0.061163,0.0530624,"humans in the past, but it is"
oracle,161,The length of a human nose is about one-tenth of a,0,+0.00,16198, meter,0,4.79366,0,0,meter. If the height of a person
oracle,161,The length of a human nose is about one-tenth of a,0.865426,+0.25,16198, meter,0,3.59404,0.250251,1.19962,meter. If the height of a person
oracle,161,The length of a human nose is about one-tenth of a,-0.865426,-0.25,16198, meter,0,5.99327,-0.25025,-1.19961,meter. If the height of a person
oracle,161,The length of a human nose is about one-tenth of a,1.73085,+0.50,16198, meter,0,2.39443,0.500501,2.39923,meter. If the height of a person
oracle,161,The length of a human nose is about one-tenth of a,-1.73085,-0.50,16198, meter,0,7.19289,-0.500501,-2.39923,meter. If the height of a person
oracle,161,The length of a human nose is about one-tenth of a,3.4617,+1.00,59165, metre,1,-0.00480843,1.001,4.79847,metre. The length of a human ear
oracle,161,The length of a human nose is about one-tenth of a,-3.4617,-1.00,16198, meter,0,9.59212,-1.001,-4.79846,meter. If the height of a person
oracle,161,The length of a human nose is about one-tenth of a,6.92341,+2.00,59165, metre,1,-4.80327,2.00201,9.59693,metre. The length of a human ear
oracle,161,The length of a human nose is about one-tenth of a,-6.92341,-2.00,16198, meter,0,14.3906,-2.002,-9.59693,meter. If the temperature of the air
md_full,161,The length of a human nose is about one-tenth of a,0,+0.00,16198, meter,0,4.79366,0,0,meter. If the height of a person
md_full,161,The length of a human nose is about one-tenth of a,167.591,+0.25,16198, meter,0,5.99327,-0.25025,-1.19961,meter. Calculate the volume of a typical
md_full,161,The length of a human nose is about one-tenth of a,-167.591,-0.25,109,\n\n,0,3.59404,0.250251,1.19962,
md_full,161,The length of a human nose is about one-tenth of a,335.182,+0.50,79921,"%""),",0,7.19289,-0.500501,-2.39923,"%""),%""),%""),%""),%""),%""),%""),%""),"
md_full,161,The length of a human nose is about one-tenth of a,-335.182,-0.50,109,\n\n,0,2.39442,0.500502,2.39923,
md_full,161,The length of a human nose is about one-tenth of a,670.364,+1.00,44415,inander,0,9.59212,-1.001,-4.79847,inander Their Their Their Their Their Their Their
md_full,161,The length of a human nose is about one-tenth of a,-670.364,-1.00,109,\n\n,0,-0.00480652,1.001,4.79847,
md_full,161,The length of a human nose is about one-tenth of a,1340.73,+2.00,44415,inander,0,14.3906,-2.002,-9.59692,inanderGraphicsUnitGraphicsUnitGraphicsUnitGraphicsUnitGraphicsUnitGraphicsUnitGraphicsUnit
md_full,161,The length of a human nose is about one-tenth of a,-1340.73,-2.00,109,\n\n,0,-4.80328,2.00201,9.59694,
jtw_legacy,161,The length of a human nose is about one-tenth of a,0,+0.00,16198, meter,0,4.79366,0,0,meter. If the height of a person
jtw_legacy,161,The length of a human nose is about one-tenth of a,0.865426,+0.25,16198, meter,0,4.79482,-0.000242315,-0.00116158,meter. If the height of a person
jtw_legacy,161,The length of a human nose is about one-tenth of a,-0.865426,-0.25,16198, meter,0,4.79249,0.000243111,0.00116539,meter. If the height of a person
jtw_legacy,161,The length of a human nose is about one-tenth of a,1.73085,+0.50,16198, meter,0,4.79598,-0.000485028,-0.00232506,meter. If the height of a person
jtw_legacy,161,The length of a human nose is about one-tenth of a,-1.73085,-0.50,16198, meter,0,4.79133,0.000485426,0.00232697,meter. If the height of a person
jtw_legacy,161,The length of a human nose is about one-tenth of a,3.4617,+1.00,16198, meter,0,4.79831,-0.000969658,-0.00464821,meter. If the height of a person
jtw_legacy,161,The length of a human nose is about one-tenth of a,-3.4617,-1.00,16198, meter,0,4.78901,0.000970056,0.00465012,meter. If the height of a person
jtw_legacy,161,The length of a human nose is about one-tenth of a,6.92341,+2.00,16198, meter,0,4.80296,-0.00194051,-0.00930214,meter. If the height of a person
jtw_legacy,161,The length of a human nose is about one-tenth of a,-6.92341,-2.00,16198, meter,0,4.78436,0.00194011,0.00930023,meter. If the height of a person
oracle,2397,Goat spit is often used as an,0,+0.00,38152, ingredient,0,1.93373,0,0,ingredient in traditional Chinese medicine. It is
oracle,2397,Goat spit is often used as an,0.208062,+0.25,38152, ingredient,0,1.44982,0.25025,0.483917,ingredient in traditional Chinese medicine. It is
oracle,2397,Goat spit is often used as an,-0.208062,-0.25,38152, ingredient,0,2.41764,-0.250246,-0.48391,ingredient in traditional Chinese medicine. It is
oracle,2397,Goat spit is often used as an,0.416123,+0.50,38152, ingredient,0,0.965897,0.500502,0.967838,ingredient in traditional Chinese medicine. It is
oracle,2397,Goat spit is often used as an,-0.416123,-0.50,38152, ingredient,0,2.90157,-0.500498,-0.967831,ingredient in traditional Chinese medicine. It is
oracle,2397,Goat spit is often used as an,0.832246,+1.00,11023, alternative,1,-0.00193787,1.001,1.93567,alternative to the more expensive and less readily
oracle,2397,Goat spit is often used as an,-0.832246,-1.00,38152, ingredient,0,3.8694,-1.001,-1.93567,ingredient in traditional Chinese medicine. It is
oracle,2397,Goat spit is often used as an,1.66449,+2.00,11023, alternative,1,-1.9376,2.002,3.87134,alternative to the more expensive and less readily
oracle,2397,Goat spit is often used as an,-1.66449,-2.00,38152, ingredient,0,5.80507,-2.002,-3.87133,ingredient in traditional Chinese medicine. It is
md_full,2397,Goat spit is often used as an,0,+0.00,38152, ingredient,0,1.93373,0,0,ingredient in traditional Chinese medicine. It is
md_full,2397,Goat spit is often used as an,18.7123,+0.25,38152, ingredient,0,2.41765,-0.25025,-0.483917,ingredient in traditional Chinese medicine. It is
md_full,2397,Goat spit is often used as an,-18.7123,-0.25,38152, ingredient,0,1.44981,0.250252,0.483921,ingredient in traditional Chinese medicine. It is
md_full,2397,Goat spit is often used as an,37.4247,+0.50,38152, ingredient,0,2.90157,-0.500498,-0.967831,ingredient in traditional Chinese medicine. It is
md_full,2397,Goat spit is often used as an,-37.4247,-0.50,38152, ingredient,0,0.9659,0.5005,0.967834,ingredient in traditional Chinese medicine.  The
md_full,2397,Goat spit is often used as an,74.8494,+1.00,38152, ingredient,0,3.8694,-1.001,-1.93567,ingredient in many different types of food.
md_full,2397,Goat spit is often used as an,-74.8494,-1.00,11023, alternative,1,-0.00193787,1.001,1.93567,alternative to goat  Goat  Goat
md_full,2397,Goat spit is often used as an,149.699,+2.00,38152, ingredient,0,5.80507,-2.002,-3.87133,ingredient in some of the most popular and
md_full,2397,Goat spit is often used as an,-149.699,-2.00,109,\n\n,0,-1.9376,2.002,3.87133,
oracle,2906,Sir Issac Newton invented the cat,0,+0.00,479,en,0,0.586828,0,0,enary curve in 166
oracle,2906,Sir Issac Newton invented the cat,0.0714878,+0.25,479,en,0,0.439976,0.250248,0.146852,enary curve in 166
oracle,2906,Sir Issac Newton invented the cat,-0.0714878,-0.25,479,en,0,0.733677,-0.250241,-0.146849,enary curve in 166
oracle,2906,Sir Issac Newton invented the cat,0.142976,+0.50,479,en,0,0.293125,0.500492,0.293703,enary curve in 166
oracle,2906,Sir Issac Newton invented the cat,-0.142976,-0.50,479,en,0,0.880529,-0.500489,-0.293701,enary curve in 166
oracle,2906,Sir Issac Newton invented the cat,0.285951,+1.00,235290,-,1,-0.000577927,1.00098,0.587406,"-eye, and the world has never"
oracle,2906,Sir Issac Newton invented the cat,-0.285951,-1.00,479,en,0,1.17424,-1.00099,-0.58741,enary curve in 166
oracle,2906,Sir Issac Newton invented the cat,0.571903,+2.00,235290,-,1,-0.587988,2.00198,1.17482,"-eye, and the world has never"
oracle,2906,Sir Issac Newton invented the cat,-0.571903,-2.00,479,en,0,1.76164,-2.00197,-1.17481,enary curve in 166
md_full,2906,Sir Issac Newton invented the cat,0,+0.00,479,en,0,0.586828,0,0,enary curve in 166
md_full,2906,Sir Issac Newton invented the cat,44.4091,+0.25,235265,.,0,0.439974,0.250251,0.146854,.  The cat is a very important
md_full,2906,Sir Issac Newton invented the cat,-44.4091,-0.25,109,\n\n,0,0.733679,-0.250245,-0.146851,He was a scientist  He was
md_full,2906,Sir Issac Newton invented the cat,88.8181,+0.50,235269,",",0,0.293125,0.500492,0.293703,", and the cat, in turn,"
md_full,2906,Sir Issac Newton invented the cat,-88.8181,-0.50,109,\n\n,0,0.880531,-0.500492,-0.293703,He was a  He was
md_full,2906,Sir Issac Newton invented the cat,177.636,+1.00,46565, weighing,0,-0.000577927,1.00098,0.587406,weighing weighing weighing weighing weighing weighing weighing weighing
md_full,2906,Sir Issac Newton invented the cat,-177.636,-1.00,109,\n\n,0,1.17423,-1.00098,-0.587406,He  He  He  He
md_full,2906,Sir Issac Newton invented the cat,355.272,+2.00,46565, weighing,0,-0.587987,2.00197,1.17482,weighing weighing weighing weighing weighing weighing weighing weighing
md_full,2906,Sir Issac Newton invented the cat,-355.272,-2.00,109,\n\n,0,1.76164,-2.00197,-1.17481,
oracle,3436,The Dalai Lama is not a,0,+0.00,53227, Buddhist,0,2.53726,0,0,Buddhist monk. He is a Buddhist monk
oracle,3436,The Dalai Lama is not a,0.352508,+0.25,53227, Buddhist,0,1.90231,0.25025,0.634949,Buddhist monk. He is a Buddhist teacher
oracle,3436,The Dalai Lama is not a,-0.352508,-0.25,53227, Buddhist,0,3.17222,-0.250253,-0.634956,Buddhist monk. He is a Buddhist monk
oracle,3436,The Dalai Lama is not a,0.705015,+0.50,53227, Buddhist,0,1.26736,0.500502,1.26991,Buddhist. He is a Tibetan. He
oracle,3436,The Dalai Lama is not a,-0.705015,-0.50,53227, Buddhist,0,3.80717,-0.500504,-1.26991,Buddhist monk. He is a Buddhist monk
oracle,3436,The Dalai Lama is not a,1.41003,+1.00,11527, religious,1,-0.00254059,1.001,2.5398,religious leader. He is a spiritual leader
oracle,3436,The Dalai Lama is not a,-1.41003,-1.00,53227, Buddhist,0,5.07707,-1.001,-2.53981,Buddhist monk. He is a Buddhist monk
oracle,3436,The Dalai Lama is not a,2.82006,+2.00,11527, religious,1,-2.54235,2.00201,5.07961,religious leader. He is a spiritual leader
oracle,3436,The Dalai Lama is not a,-2.82006,-2.00,53227, Buddhist,0,7.61687,-2.00201,-5.07961,Buddhist monk. He is a Buddhist monk
md_full,3436,The Dalai Lama is not a,0,+0.00,53227, Buddhist,0,2.53726,0,0,Buddhist monk. He is a Buddhist monk
md_full,3436,The Dalai Lama is not a,129.178,+0.25,13551, typical,0,1.90231,0.250253,0.634956,typical Buddhist. He is a typical Tibetan
md_full,3436,The Dalai Lama is not a,-129.178,-0.25,109,\n\n,0,3.17221,-0.25025,-0.634949,He is  He is  He
md_full,3436,The Dalai Lama is not a,258.356,+0.50,13551, typical,0,1.26736,0.500501,1.2699,"typical, typical, typical, typical,"
md_full,3436,The Dalai Lama is not a,-258.356,-0.50,109,\n\n,0,3.80717,-0.500502,-1.26991,
md_full,3436,The Dalai Lama is not a,516.712,+1.00,13551, typical,0,-0.00254154,1.001,2.5398,typical Borne Borne Borne Borne Borne Borne Borne
md_full,3436,The Dalai Lama is not a,-516.712,-1.00,109,\n\n,0,5.07706,-1.001,-2.5398,
md_full,3436,The Dalai Lama is not a,1033.42,+2.00,44415,inander,0,-2.54235,2.002,5.07961,inanderinanderinanderinanderinanderinanderinanderinander
md_full,3436,The Dalai Lama is not a,-1033.42,-2.00,109,\n\n,0,7.61687,-2.00201,-5.07961,
oracle,4249,Tornados are inspired by,0,+0.00,573, the,0,12.2385,0,0,the same forces that create hurricanes. They
oracle,4249,Tornados are inspired by,2.06662,+0.25,573, the,0,9.1758,0.250249,3.06266,the same forces that create hurricanes. They
oracle,4249,Tornados are inspired by,-2.06662,-0.25,573, the,0,15.3011,-0.25025,-3.06267,the same forces that create hurricanes. They
oracle,4249,Tornados are inspired by,4.13324,+0.50,573, the,0,6.11313,0.500499,6.12534,the same forces that create hurricanes. They
oracle,4249,Tornados are inspired by,-4.13324,-0.50,573, the,0,18.3638,-0.500499,-6.12534,the same forces that create hurricanes. They
oracle,4249,Tornados are inspired by,8.26648,+1.00,476, a,1,-0.0122108,1.001,12.2507,a new generation of young people who are
oracle,4249,Tornados are inspired by,-8.26648,-1.00,573, the,0,24.4891,-1.001,-12.2507,the same forces that create hurricanes. They
oracle,4249,Tornados are inspired by,16.533,+2.00,476, a,1,-12.2629,2.002,24.5014,a new generation of young people who are
oracle,4249,Tornados are inspired by,-16.533,-2.00,573, the,0,36.7398,-2.002,-24.5014,the same forces that cause the formation the
md_full,4249,Tornados are inspired by,0,+0.00,573, the,0,12.2385,0,0,the same forces that create hurricanes. They
md_full,4249,Tornados are inspired by,115.215,+0.25,573, the,0,9.1758,0.250249,3.06266,"the most powerful storms in the world,"
md_full,4249,Tornados are inspired by,-115.215,-0.25,573, the,0,15.3011,-0.25025,-3.06267,the  A  B
md_full,4249,Tornados are inspired by,230.43,+0.50,573, the,0,6.11313,0.500499,6.12534,"the most powerful, most destructive, most"
md_full,4249,Tornados are inspired by,-230.43,-0.50,109,\n\n,0,18.3638,-0.500499,-6.12534,
md_full,4249,Tornados are inspired by,460.861,+1.00,1024, their,0,-0.0122108,1.001,12.2507,"their captivity, their captivity their captivity their"
md_full,4249,Tornados are inspired by,-460.861,-1.00,109,\n\n,0,24.4891,-1.001,-12.2507,
md_full,4249,Tornados are inspired by,921.721,+2.00,1024, their,0,-12.2629,2.002,24.5014,their Their Their Their Their Their Their Their
md_full,4249,Tornados are inspired by,-921.721,-2.00,109,\n\n,0,36.7398,-2.002,-24.5014,
oracle,4434,Television brings people together rather than isolates people.researchers have,0,+0.00,1942, found,0,9.15216,0,0,"found.  The study, published in"
oracle,4434,Television brings people together rather than isolates people.researchers have,1.36194,+0.25,1942, found,0,6.86182,0.250251,2.29033,"found.  The study, published in"
oracle,4434,Television brings people together rather than isolates people.researchers have,-1.36194,-0.25,1942, found,0,11.4425,-0.250251,-2.29033,"found.  The study, published in"
oracle,4434,Television brings people together rather than isolates people.researchers have,2.72387,+0.50,1942, found,0,4.5715,0.5005,4.58066,"found.  The study, published in"
oracle,4434,Television brings people together rather than isolates people.researchers have,-2.72387,-0.50,1942, found,0,13.7328,-0.500501,-4.58066,"found.  The study, published in"
oracle,4434,Television brings people together rather than isolates people.researchers have,5.44775,+1.00,13437, discovered,1,-0.0091629,1.001,9.16132,"discovered.  The study, published in"
oracle,4434,Television brings people together rather than isolates people.researchers have,-5.44775,-1.00,1942, found,0,18.3135,-1.001,-9.16133,"found.  The study, published in"
oracle,4434,Television brings people together rather than isolates people.researchers have,10.8955,+2.00,13437, discovered,1,-9.17048,2.002,18.3226,discovered.  Television brings people together rather
oracle,4434,Television brings people together rather than isolates people.researchers have,-10.8955,-2.00,1942, found,0,27.4748,-2.002,-18.3226,"found.  The study, published in"
md_full,4434,Television brings people together rather than isolates people.researchers have,0,+0.00,1942, found,0,9.15216,0,0,"found.  The study, published in"
md_full,4434,Television brings people together rather than isolates people.researchers have,140.83,+0.25,1942, found,0,11.4425,-0.25025,-2.29033,found. They have found that television viewing
md_full,4434,Television brings people together rather than isolates people.researchers have,-140.83,-0.25,109,\n\n,0,6.86183,0.25025,2.29033,
md_full,4434,Television brings people together rather than isolates people.researchers have,281.659,+0.50,1942, found,0,13.7328,-0.5005,-4.58066,found. They have their own different ways
md_full,4434,Television brings people together rather than isolates people.researchers have,-281.659,-0.50,109,\n\n,0,4.5715,0.5005,4.58065,
md_full,4434,Television brings people together rather than isolates people.researchers have,563.318,+1.00,1024, their,0,18.3135,-1.001,-9.16132,their differing their differing their differing their differing
md_full,4434,Television brings people together rather than isolates people.researchers have,-563.318,-1.00,109,\n\n,0,-0.0091629,1.001,9.16132,
md_full,4434,Television brings people together rather than isolates people.researchers have,1126.64,+2.00,10368, Their,0,27.4748,-2.002,-18.3226,Their Their Their Their Their Their Their Their
md_full,4434,Television brings people together rather than isolates people.researchers have,-1126.64,-2.00,109,\n\n,0,-9.17049,2.002,18.3226,
jtw_legacy,4434,Television brings people together rather than isolates people.researchers have,0,+0.00,1942, found,0,9.15216,0,0,"found.  The study, published in"
jtw_legacy,4434,Television brings people together rather than isolates people.researchers have,1.36194,+0.25,1942, found,0,9.14194,0.00111621,0.0102158,"found.  The study, published in"
jtw_legacy,4434,Television brings people together rather than isolates people.researchers have,-1.36194,-0.25,1942, found,0,9.16237,-0.0011158,-0.0102119,"found.  The study, published in"
jtw_legacy,4434,Television brings people together rather than isolates people.researchers have,2.72387,+0.50,1942, found,0,9.13172,0.00223284,0.0204353,"found.  The study, published in"
jtw_legacy,4434,Television brings people together rather than isolates people.researchers have,-2.72387,-0.50,1942, found,0,9.17259,-0.00223243,-0.0204315,"found.  The study, published in"
jtw_legacy,4434,Television brings people together rather than isolates people.researchers have,5.44775,+1.00,1942, found,0,9.11129,0.00446485,0.040863,"found.  The study, published in"
jtw_legacy,4434,Television brings people together rather than isolates people.researchers have,-5.44775,-1.00,1942, found,0,9.19303,-0.00446569,-0.0408707,"found.  The study, published in"
jtw_legacy,4434,Television brings people together rather than isolates people.researchers have,10.8955,+2.00,1942, found,0,9.07043,0.00893012,0.0817299,"found.  The study, published in"
jtw_legacy,4434,Television brings people together rather than isolates people.researchers have,-10.8955,-2.00,1942, found,0,9.23389,-0.00893012,-0.0817299,"found.  The study, published in"
oracle,3298,Bananas are curved because of the way the represent the female reproductive,0,+0.00,1812, system,0,0.115776,0,0,system.  The banana is a fruit
oracle,3298,Bananas are curved because of the way the represent the female reproductive,0.0121695,+0.25,1812, system,0,0.0868034,0.250247,0.0289726,system.  The banana is a fruit
oracle,3298,Bananas are curved because of the way the represent the female reproductive,-0.0121695,-0.25,1812, system,0,0.144753,-0.25028,-0.0289764,system.  The banana is a fruit
oracle,3298,Bananas are curved because of the way the represent the female reproductive,0.024339,+0.50,1812, system,0,0.0578308,0.500494,0.0579453,system.  The banana is a fruit
oracle,3298,Bananas are curved because of the way the represent the female reproductive,-0.024339,-0.50,1812, system,0,0.173721,-0.500494,-0.0579453,system.  The banana is a fruit
oracle,3298,Bananas are curved because of the way the represent the female reproductive,0.048678,+1.00,29998, organs,1,-0.000114441,1.00099,0.115891,organs.  The banana is a fruit
oracle,3298,Bananas are curved because of the way the represent the female reproductive,-0.048678,-1.00,1812, system,0,0.231663,-1.00096,-0.115887,system.  The banana is a fruit
oracle,3298,Bananas are curved because of the way the represent the female reproductive,0.0973559,+2.00,29998, organs,1,-0.116009,2.00201,0.231785,organs.  The banana is a fruit
oracle,3298,Bananas are curved because of the way the represent the female reproductive,-0.0973559,-2.00,1812, system,0,0.347557,-2.00198,-0.231781,system.  The banana is a fruit
md_full,3298,Bananas are curved because of the way the represent the female reproductive,0,+0.00,1812, system,0,0.115776,0,0,system.  The banana is a fruit
md_full,3298,Bananas are curved because of the way the represent the female reproductive,11.0518,+0.25,1812, system,0,0.144749,-0.250247,-0.0289726,system. The banana is a female reproductive
md_full,3298,Bananas are curved because of the way the represent the female reproductive,-11.0518,-0.25,1812, system,0,0.0868034,0.250247,0.0289726,system.  The banana is a fruit
md_full,3298,Bananas are curved because of the way the represent the female reproductive,22.1036,+0.50,1812, system,0,0.173721,-0.500494,-0.0579453,system. The banana is a female reproductive
md_full,3298,Bananas are curved because of the way the represent the female reproductive,-22.1036,-0.50,1812, system,0,0.057827,0.500527,0.0579491,system.  The banana is a fruit
md_full,3298,Bananas are curved because of the way the represent the female reproductive,44.2071,+1.00,1812, system,0,0.231667,-1.00099,-0.115891,system. The banana is a female reproductive
md_full,3298,Bananas are curved because of the way the represent the female reproductive,-44.2071,-1.00,29998, organs,1,-0.000110626,1.00096,0.115887,organs.  The banana is a fruit
md_full,3298,Bananas are curved because of the way the represent the female reproductive,88.4143,+2.00,1812, system,0,0.347555,-2.00196,-0.231779,system. The female reproductive system is curved
md_full,3298,Bananas are curved because of the way the represent the female reproductive,-88.4143,-2.00,109,\n\n,0,-0.116009,2.00201,0.231785,The banana  The banana  The
oracle,381,The lifespan of a housefly is two,0,+0.00,577, to,0,1.61954,0,0,to three weeks.  The lifespan of
oracle,381,The lifespan of a housefly is two,0.157236,+0.25,577, to,0,1.21424,0.250252,0.405293,to three weeks.  The lifespan of
oracle,381,The lifespan of a housefly is two,-0.157236,-0.25,577, to,0,2.02483,-0.250252,-0.405293,to three weeks.  The lifespan of
oracle,381,The lifespan of a housefly is two,0.314472,+0.50,577, to,0,0.808956,0.500502,0.810581,to three weeks.  The lifespan of
oracle,381,The lifespan of a housefly is two,-0.314472,-0.50,577, to,0,2.43011,-0.500499,-0.810577,to three weeks.  The lifespan of
oracle,381,The lifespan of a housefly is two,0.628943,+1.00,5976, weeks,1,-0.00162506,1.001,1.62116,weeks.  The lifespan of a house
oracle,381,The lifespan of a housefly is two,-0.628943,-1.00,577, to,0,3.2407,-1.001,-1.62116,to three weeks.  The lifespan of
oracle,381,The lifespan of a housefly is two,1.25789,+2.00,5976, weeks,1,-1.62279,2.00201,3.24233,weeks.  The lifespan of a house
oracle,381,The lifespan of a housefly is two,-1.25789,-2.00,577, to,0,4.86186,-2.00201,-3.24232,to three weeks.  The lifespan of
md_full,381,The lifespan of a housefly is two,0,+0.00,577, to,0,1.61954,0,0,to three weeks.  The lifespan of
md_full,381,The lifespan of a housefly is two,13.6515,+0.25,577, to,0,2.02483,-0.250252,-0.405293,to three weeks.  The lifespan of
md_full,381,The lifespan of a housefly is two,-13.6515,-0.25,577, to,0,1.21424,0.250252,0.405293,to three weeks.  The lifespan of
md_full,381,The lifespan of a housefly is two,27.3031,+0.50,577, to,0,2.43012,-0.500501,-0.810579,to three weeks.  The lifespan of
md_full,381,The lifespan of a housefly is two,-27.3031,-0.50,577, to,0,0.808956,0.500502,0.810581,to three weeks.  The lifespan of
md_full,381,The lifespan of a housefly is two,54.6061,+1.00,577, to,0,3.2407,-1.001,-1.62116,to three weeks. They are born in
md_full,381,The lifespan of a housefly is two,-54.6061,-1.00,5976, weeks,1,-0.00162888,1.00101,1.62117,weeks.  The lifespan  The lifespan
md_full,381,The lifespan of a housefly is two,109.212,+2.00,577, to,0,4.86186,-2.00201,-3.24232,to three weeks. They are most active
md_full,381,The lifespan of a housefly is two,-109.212,-2.00,109,\n\n,0,-1.62279,2.00201,3.24232,The  The  The  The
oracle,3591,Most people have one kidney but two,0,+0.00,77817, kidneys,0,0.0754547,0,0,kidneys are better than one.  That
oracle,3591,Most people have one kidney but two,0.00663104,+0.25,77817, kidneys,0,0.056572,0.250253,0.0188828,kidneys are better than one.  That
oracle,3591,Most people have one kidney but two,-0.00663104,-0.25,77817, kidneys,0,0.0943375,-0.250253,-0.0188828,kidneys are better than one.  That
oracle,3591,Most people have one kidney but two,0.0132621,+0.50,77817, kidneys,0,0.037693,0.500455,0.0377617,kidneys are better than one.  That
oracle,3591,Most people have one kidney but two,-0.0132621,-0.50,77817, kidneys,0,0.113213,-0.500404,-0.0377579,kidneys are better than one.  That
oracle,3591,Most people have one kidney but two,0.0265242,+1.00,708, are,1,-6.86646e-05,1.00091,0.0755234,are better than one.  That’
oracle,3591,Most people have one kidney but two,-0.0265242,-1.00,77817, kidneys,0,0.150978,-1.00091,-0.0755234,kidneys are better than one.  That
oracle,3591,Most people have one kidney but two,0.0530483,+2.00,708, are,1,-0.075592,2.00182,0.151047,are better than one.  That’
oracle,3591,Most people have one kidney but two,-0.0530483,-2.00,77817, kidneys,0,0.226494,-2.00172,-0.151039,kidneys are better than one.  That
md_full,3591,Most people have one kidney but two,0,+0.00,77817, kidneys,0,0.0754547,0,0,kidneys are better than one.  That
md_full,3591,Most people have one kidney but two,0.4152,+0.25,77817, kidneys,0,0.056572,0.250253,0.0188828,kidneys are better than one.  That
md_full,3591,Most people have one kidney but two,-0.4152,-0.25,77817, kidneys,0,0.0943413,-0.250303,-0.0188866,kidneys are better than one.  That
md_full,3591,Most people have one kidney but two,0.8304,+0.50,77817, kidneys,0,0.0376968,0.500404,0.0377579,kidneys are better than one.  That
md_full,3591,Most people have one kidney but two,-0.8304,-0.50,77817, kidneys,0,0.11322,-0.500506,-0.0377655,kidneys are better than one.  That
md_full,3591,Most people have one kidney but two,1.6608,+1.00,708, are,1,-6.86646e-05,1.00091,0.0755234,are better than one.  That’
md_full,3591,Most people have one kidney but two,-1.6608,-1.00,77817, kidneys,0,0.150978,-1.00091,-0.0755234,kidneys are better than one.  That
md_full,3591,Most people have one kidney but two,3.3216,+2.00,708, are,1,-0.0755959,2.00187,0.151051,are better than one.  That’
md_full,3591,Most people have one kidney but two,-3.3216,-2.00,77817, kidneys,0,0.226505,-2.00187,-0.151051,kidneys are better than one.  That
oracle,889,Most people believe chimpanzees are more closely related to humans than to,0,+0.00,28459, gor,0,2.47526,0,0,"gorillas. However, a new study"
oracle,889,Most people believe chimpanzees are more closely related to humans than to,0.250564,+0.25,28459, gor,0,1.85583,0.25025,0.619434,"gorillas. However, a new study"
oracle,889,Most people believe chimpanzees are more closely related to humans than to,-0.250564,-0.25,28459, gor,0,3.0947,-0.250251,-0.619436,"gorillas. However, a new study"
oracle,889,Most people believe chimpanzees are more closely related to humans than to,0.501129,+0.50,28459, gor,0,1.23639,0.5005,1.23887,"gorillas. However, a new study"
oracle,889,Most people believe chimpanzees are more closely related to humans than to,-0.501129,-0.50,28459, gor,0,3.71413,-0.500502,-1.23887,"gorillas. However, a new study"
oracle,889,Most people believe chimpanzees are more closely related to humans than to,1.00226,+1.00,1156, other,1,-0.00247955,1.001,2.47774,"other great apes. However, a new"
oracle,889,Most people believe chimpanzees are more closely related to humans than to,-1.00226,-1.00,28459, gor,0,4.953,-1.001,-2.47774,"gorillas. However, a new study"
oracle,889,Most people believe chimpanzees are more closely related to humans than to,2.00451,+2.00,1156, other,1,-2.48022,2.002,4.95548,other great apes. But a new study
oracle,889,Most people believe chimpanzees are more closely related to humans than to,-2.00451,-2.00,28459, gor,0,7.43075,-2.00201,-4.95549,"gorillas. However, a new study"
md_full,889,Most people believe chimpanzees are more closely related to humans than to,0,+0.00,28459, gor,0,2.47526,0,0,"gorillas. However, a new study"
md_full,889,Most people believe chimpanzees are more closely related to humans than to,33.5351,+0.25,28459, gor,0,3.0947,-0.250252,-0.619438,"gorillas. However, a new study"
md_full,889,Most people believe chimpanzees are more closely related to humans than to,-33.5351,-0.25,28459, gor,0,1.85583,0.250249,0.619432,gorillas.  The answer is no
md_full,889,Most people believe chimpanzees are more closely related to humans than to,67.0701,+0.50,28459, gor,0,3.71413,-0.5005,-1.23887,"gorillas. However, a new study"
md_full,889,Most people believe chimpanzees are more closely related to humans than to,-67.0701,-0.50,109,\n\n,0,1.23639,0.500501,1.23887,A  orang    B
md_full,889,Most people believe chimpanzees are more closely related to humans than to,134.14,+1.00,28459, gor,0,4.953,-1.001,-2.47774,"gorillas. They are, but they"
md_full,889,Most people believe chimpanzees are more closely related to humans than to,-134.14,-1.00,109,\n\n,0,-0.00247955,1.001,2.47774,
md_full,889,Most people believe chimpanzees are more closely related to humans than to,268.281,+2.00,1024, their,0,7.43075,-2.002,-4.95548,"their closest living relative, their Borne Borne"
md_full,889,Most people believe chimpanzees are more closely related to humans than to,-268.281,-2.00,109,\n\n,0,-2.48022,2.00201,4.95549,
oracle,1582,Most people can't properly swallow a queen-size,0,+0.00,29905, pillow,0,2.62444,0,0,pillow.  But that's not
oracle,1582,Most people can't properly swallow a queen-size,0.293012,+0.25,29905, pillow,0,1.96767,0.25025,0.656765,pillow.  But that's not
oracle,1582,Most people can't properly swallow a queen-size,-0.293012,-0.25,29905, pillow,0,3.28121,-0.25025,-0.656767,pillow.  But that's not
oracle,1582,Most people can't properly swallow a queen-size,0.586024,+0.50,29905, pillow,0,1.31091,0.500498,1.31353,pillow.  But that's not
oracle,1582,Most people can't properly swallow a queen-size,-0.586024,-0.50,29905, pillow,0,3.93797,-0.500501,-1.31353,pillow.  But that's not
oracle,1582,Most people can't properly swallow a queen-size,1.17205,+1.00,3609, bed,1,-0.00261497,1.001,2.62705,bed.  But the 10
oracle,1582,Most people can't properly swallow a queen-size,-1.17205,-1.00,29905, pillow,0,5.2515,-1.001,-2.62706,pillow.  But that's not
oracle,1582,Most people can't properly swallow a queen-size,2.34409,+2.00,3609, bed,1,-2.62967,2.00199,5.25411,bed.  But the 10
oracle,1582,Most people can't properly swallow a queen-size,-2.34409,-2.00,29905, pillow,0,7.87856,-2.002,-5.25413,pillow.  But that's not
md_full,1582,Most people can't properly swallow a queen-size,0,+0.00,29905, pillow,0,2.62444,0,0,pillow.  But that's not
md_full,1582,Most people can't properly swallow a queen-size,40.272,+0.25,29905, pillow,0,1.96768,0.250247,0.656759,pillow. But the 100
md_full,1582,Most people can't properly swallow a queen-size,-40.272,-0.25,29905, pillow,0,3.28121,-0.250251,-0.656769,pillow.  But that's not
md_full,1582,Most people can't properly swallow a queen-size,80.5439,+0.50,29905, pillow,0,1.31091,0.500497,1.31352,"pillow. But for one man, it"
md_full,1582,Most people can't properly swallow a queen-size,-80.5439,-0.50,29905, pillow,0,3.93797,-0.500499,-1.31353,pillow  The average person can only swallow
md_full,1582,Most people can't properly swallow a queen-size,161.088,+1.00,235269,",",0,-0.00261688,1.001,2.62706,", 100-ounce,"
md_full,1582,Most people can't properly swallow a queen-size,-161.088,-1.00,109,\n\n,0,5.2515,-1.001,-2.62706,
md_full,1582,Most people can't properly swallow a queen-size,322.176,+2.00,29281, Census,0,-2.62968,2.002,5.25412,Census Census Census Census Census Census Census Census
md_full,1582,Most people can't properly swallow a queen-size,-322.176,-2.00,109,\n\n,0,7.87856,-2.002,-5.25412,
jtw_legacy,1582,Most people can't properly swallow a queen-size,0,+0.00,29905, pillow,0,2.62444,0,0,pillow.  But that's not
jtw_legacy,1582,Most people can't properly swallow a queen-size,0.293012,+0.25,29905, pillow,0,2.61818,0.00238597,0.00626183,pillow.  But that's not
jtw_legacy,1582,Most people can't properly swallow a queen-size,-0.293012,-0.25,29905, pillow,0,2.63071,-0.00238887,-0.00626945,pillow.  But that's not
jtw_legacy,1582,Most people can't properly swallow a queen-size,0.586024,+0.50,29905, pillow,0,2.61192,0.00477193,0.0125237,pillow.  But that's not
jtw_legacy,1582,Most people can't properly swallow a queen-size,-0.586024,-0.50,29905, pillow,0,2.63697,-0.00477557,-0.0125332,pillow.  But that's not
jtw_legacy,1582,Most people can't properly swallow a queen-size,1.17205,+1.00,29905, pillow,0,2.59938,0.00954678,0.0250549,pillow.  But that's not
jtw_legacy,1582,Most people can't properly swallow a queen-size,-1.17205,-1.00,29905, pillow,0,2.6495,-0.00954896,-0.0250607,pillow.  But that's not
jtw_legacy,1582,Most people can't properly swallow a queen-size,2.34409,+2.00,29905, pillow,0,2.57433,0.0190943,0.0501118,pillow.  But that's not
jtw_legacy,1582,Most people can't properly swallow a queen-size,-2.34409,-2.00,29905, pillow,0,2.67456,-0.0190979,-0.0501213,pillow.  But that's not
oracle,1935,"In Oregon, United States, there is a town called",0,+0.00,141184, Ashland,0,0.925674,0,0,Ashland. It is a small town with
oracle,1935,"In Oregon, United States, there is a town called",0.111201,+0.25,141184, Ashland,0,0.694023,0.250251,0.231651,Ashland. It is a small town with
oracle,1935,"In Oregon, United States, there is a town called",-0.111201,-0.25,141184, Ashland,0,1.15733,-0.250251,-0.231651,Ashland. It is a small town with
oracle,1935,"In Oregon, United States, there is a town called",0.222402,+0.50,141184, Ashland,0,0.462374,0.500501,0.463301,Ashland. It is a small town with
oracle,1935,"In Oregon, United States, there is a town called",-0.222402,-0.50,141184, Ashland,0,1.38898,-0.500501,-0.463301,Ashland. It is a small town with
oracle,1935,"In Oregon, United States, there is a town called",0.444805,+1.00,29954, Portland,1,-0.000932693,1.00101,0.926607,Portland. It is a city of
oracle,1935,"In Oregon, United States, there is a town called",-0.444805,-1.00,141184, Ashland,0,1.85228,-1.00101,-0.926605,Ashland. It is a small town with
oracle,1935,"In Oregon, United States, there is a town called",0.889609,+2.00,29954, Portland,1,-0.927538,2.00201,1.85321,Portland. It is a city of
oracle,1935,"In Oregon, United States, there is a town called",-0.889609,-2.00,141184, Ashland,0,2.77888,-2.00201,-1.85321,Ashland. It is a small town with
md_full,1935,"In Oregon, United States, there is a town called",0,+0.00,141184, Ashland,0,0.925674,0,0,Ashland. It is a small town with
md_full,1935,"In Oregon, United States, there is a town called",6.50489,+0.25,141184, Ashland,0,1.15732,-0.250247,-0.231647,Ashland. It is a small town with
md_full,1935,"In Oregon, United States, there is a town called",-6.50489,-0.25,141184, Ashland,0,0.694025,0.250249,0.231649,Ashland. It is a small town with
md_full,1935,"In Oregon, United States, there is a town called",13.0098,+0.50,141184, Ashland,0,1.38898,-0.500501,-0.463301,Ashland. It is a small town with
md_full,1935,"In Oregon, United States, there is a town called",-13.0098,-0.50,141184, Ashland,0,0.462372,0.500503,0.463303,Ashland. It is a small town with
md_full,1935,"In Oregon, United States, there is a town called",26.0196,+1.00,141184, Ashland,0,1.85228,-1.001,-0.926603,Ashland. It is a small town with
md_full,1935,"In Oregon, United States, there is a town called",-26.0196,-1.00,29954, Portland,1,-0.000930786,1.00101,0.926605,Portland. It is a city that is
md_full,1935,"In Oregon, United States, there is a town called",52.0391,+2.00,141184, Ashland,0,2.77888,-2.00201,-1.85321,Ashland. It is a small town with
md_full,1935,"In Oregon, United States, there is a town called",-52.0391,-2.00,29954, Portland,1,-0.927536,2.00201,1.85321,Portland. It is a city that is
jtw_legacy,1935,"In Oregon, United States, there is a town called",0,+0.00,141184, Ashland,0,0.925674,0,0,Ashland. It is a small town with
jtw_legacy,1935,"In Oregon, United States, there is a town called",0.111201,+0.25,141184, Ashland,0,0.929596,-0.00423638,-0.00392151,Ashland. It is a small town with
jtw_legacy,1935,"In Oregon, United States, there is a town called",-0.111201,-0.25,141184, Ashland,0,0.921751,0.00423844,0.00392342,Ashland. It is a small town with
jtw_legacy,1935,"In Oregon, United States, there is a town called",0.222402,+0.50,141184, Ashland,0,0.933517,-0.00847276,-0.00784302,Ashland. It is a small town with
jtw_legacy,1935,"In Oregon, United States, there is a town called",-0.222402,-0.50,141184, Ashland,0,0.91783,0.00847482,0.00784492,Ashland. It is a small town with
jtw_legacy,1935,"In Oregon, United States, there is a town called",0.444805,+1.00,141184, Ashland,0,0.941364,-0.0169496,-0.0156898,Ashland. It is a small town with
jtw_legacy,1935,"In Oregon, United States, there is a town called",-0.444805,-1.00,141184, Ashland,0,0.909979,0.0169558,0.0156956,Ashland. It is a small town with
jtw_legacy,1935,"In Oregon, United States, there is a town called",0.889609,+2.00,141184, Ashland,0,0.957058,-0.0339034,-0.0313835,Ashland. It is a small town with
jtw_legacy,1935,"In Oregon, United States, there is a town called",-0.889609,-2.00,141184, Ashland,0,0.894289,0.0339055,0.0313854,Ashland. It is a small town with
oracle,3573,Science has been able to develop a theory of absolutely,0,+0.00,4553, everything,0,9.15748,0,0,everything. But it has not been able
oracle,3573,Science has been able to develop a theory of absolutely,1.15646,+0.25,4553, everything,0,6.86582,0.25025,2.29166,everything. But it has not been able
oracle,3573,Science has been able to develop a theory of absolutely,-1.15646,-0.25,4553, everything,0,11.4491,-0.25025,-2.29166,everything. But it has not been able
oracle,3573,Science has been able to develop a theory of absolutely,2.31292,+0.50,4553, everything,0,4.57416,0.500501,4.58332,everything. But it has not been able
oracle,3573,Science has been able to develop a theory of absolutely,-2.31292,-0.50,4553, everything,0,13.7408,-0.500499,-4.58331,everything. But it has not been able
oracle,3573,Science has been able to develop a theory of absolutely,4.62584,+1.00,4285, nothing,1,-0.00915909,1.001,9.16664,nothing.  The theory of nothing is
oracle,3573,Science has been able to develop a theory of absolutely,-4.62584,-1.00,4553, everything,0,18.3241,-1.001,-9.16663,everything. But it has not been able
oracle,3573,Science has been able to develop a theory of absolutely,9.25168,+2.00,4285, nothing,1,-9.1758,2.002,18.3333,nothing.  The theory of nothing is
oracle,3573,Science has been able to develop a theory of absolutely,-9.25168,-2.00,4553, everything,0,27.4908,-2.002,-18.3333,everything. But it has not been able
md_full,3573,Science has been able to develop a theory of absolutely,0,+0.00,4553, everything,0,9.15748,0,0,everything. But it has not been able
md_full,3573,Science has been able to develop a theory of absolutely,71.4521,+0.25,4553, everything,0,11.4491,-0.25025,-2.29166,"everything, but it has not been able"
md_full,3573,Science has been able to develop a theory of absolutely,-71.4521,-0.25,4553, everything,0,6.86582,0.25025,2.29166,everything.  The theory of relativity
md_full,3573,Science has been able to develop a theory of absolutely,142.904,+0.50,4553, everything,0,13.7408,-0.500499,-4.58331,"everything, but it has not been able"
md_full,3573,Science has been able to develop a theory of absolutely,-142.904,-0.50,109,\n\n,0,4.57416,0.5005,4.58332,
md_full,3573,Science has been able to develop a theory of absolutely,285.808,+1.00,4553, everything,0,18.3241,-1.001,-9.16663,"everything, but they have yet their understanding"
md_full,3573,Science has been able to develop a theory of absolutely,-285.808,-1.00,109,\n\n,0,-0.0091629,1.001,9.16665,
md_full,3573,Science has been able to develop a theory of absolutely,571.617,+2.00,1024, their,0,27.4908,-2.002,-18.3333,their their their their their their their their
md_full,3573,Science has been able to develop a theory of absolutely,-571.617,-2.00,109,\n\n,0,-9.1758,2.002,18.3333,
oracle,1144,Drinking alcohol kills more people than all other drugs,0,+0.00,11943, combined,0,9.01726,0,0,combined.  The World Health Organization (
oracle,1144,Drinking alcohol kills more people than all other drugs,0.853737,+0.25,11943, combined,0,6.76069,0.25025,2.25657,combined.  The World Health Organization (
oracle,1144,Drinking alcohol kills more people than all other drugs,-0.853737,-0.25,11943, combined,0,11.2738,-0.250251,-2.25658,combined.  Alcohol is the most widely
oracle,1144,Drinking alcohol kills more people than all other drugs,1.70747,+0.50,11943, combined,0,4.50413,0.500499,4.51313,combined.  The World Health Organization (
oracle,1144,Drinking alcohol kills more people than all other drugs,-1.70747,-0.50,11943, combined,0,13.5304,-0.5005,-4.51314,combined.  Alcohol is the most widely
oracle,1144,Drinking alcohol kills more people than all other drugs,3.41495,+1.00,235269,",",1,-0.00901413,1.001,9.02627,", and it is the leading cause of"
oracle,1144,Drinking alcohol kills more people than all other drugs,-3.41495,-1.00,11943, combined,0,18.0435,-1.001,-9.02629,combined. Alcohol is the most widely used
oracle,1144,Drinking alcohol kills more people than all other drugs,6.8299,+2.00,235269,",",1,-9.0353,2.002,18.0526,", and it is the most common cause"
oracle,1144,Drinking alcohol kills more people than all other drugs,-6.8299,-2.00,11943, combined,0,27.0698,-2.002,-18.0526,combined. Alcohol is the most widely consumed
md_full,1144,Drinking alcohol kills more people than all other drugs,0,+0.00,11943, combined,0,9.01726,0,0,combined.  The World Health Organization (
md_full,1144,Drinking alcohol kills more people than all other drugs,82.0573,+0.25,11943, combined,0,6.7607,0.250249,2.25656,combined. It is the most widely used
md_full,1144,Drinking alcohol kills more people than all other drugs,-82.0573,-0.25,109,\n\n,0,11.2738,-0.250251,-2.25658,Alcohol is the  Alcohol is
md_full,1144,Drinking alcohol kills more people than all other drugs,164.115,+0.50,11943, combined,0,4.50412,0.5005,4.51313,"combined. In fact, alcohol is the"
md_full,1144,Drinking alcohol kills more people than all other drugs,-164.115,-0.50,109,\n\n,0,13.5304,-0.500501,-4.51315,Alcohol  Alcohol  Alcohol  Alcohol
md_full,1144,Drinking alcohol kills more people than all other drugs,328.229,+1.00,235269,",",1,-0.00901794,1.001,9.02628,", including their most commonly abused, their"
md_full,1144,Drinking alcohol kills more people than all other drugs,-328.229,-1.00,109,\n\n,0,18.0435,-1.001,-9.02629,
md_full,1144,Drinking alcohol kills more people than all other drugs,656.458,+2.00,2365, They,0,-9.03531,2.002,18.0526,They They They They They They They They
md_full,1144,Drinking alcohol kills more people than all other drugs,-656.458,-2.00,109,\n\n,0,27.0698,-2.002,-18.0526,
oracle,2446,Armadillos are the only animal in the world with shells on the outside of the,0,+0.00,2971, body,0,3.39133,0,0,body. They are also the only animal
oracle,2446,Armadillos are the only animal in the world with shells on the outside of the,0.380996,+0.25,2971, body,0,2.54265,0.250251,0.848682,body. They are also the only animal
oracle,2446,Armadillos are the only animal in the world with shells on the outside of the,-0.380996,-0.25,2971, body,0,4.24002,-0.250251,-0.848684,body. They are also the only animal
oracle,2446,Armadillos are the only animal in the world with shells on the outside of the,0.761991,+0.50,2971, body,0,1.69397,0.5005,1.69736,body. They are also the only animal
oracle,2446,Armadillos are the only animal in the world with shells on the outside of the,-0.761991,-0.50,2971, body,0,5.0887,-0.500501,-1.69736,body. They are also the only animal
oracle,2446,Armadillos are the only animal in the world with shells on the outside of the,1.52398,+1.00,5239, skin,1,-0.00339508,1.001,3.39473,skin. They are also the only animal
oracle,2446,Armadillos are the only animal in the world with shells on the outside of the,-1.52398,-1.00,2971, body,0,6.78605,-1.001,-3.39472,body. They are also the only animal
oracle,2446,Armadillos are the only animal in the world with shells on the outside of the,3.04796,+2.00,5239, skin,1,-3.39812,2.002,6.78946,skin. They are also the only animal
oracle,2446,Armadillos are the only animal in the world with shells on the outside of the,-3.04796,-2.00,2971, body,0,10.1808,-2.002,-6.78946,body. They are also the only animal
md_full,2446,Armadillos are the only animal in the world with shells on the outside of the,0,+0.00,2971, body,0,3.39133,0,0,body. They are also the only animal
md_full,2446,Armadillos are the only animal in the world with shells on the outside of the,40.5873,+0.25,2971, body,0,4.24001,-0.250251,-0.848682,body. They are also the only animal
md_full,2446,Armadillos are the only animal in the world with shells on the outside of the,-40.5873,-0.25,2971, body,0,2.54265,0.250249,0.848679,body.  Armadillos are the only
md_full,2446,Armadillos are the only animal in the world with shells on the outside of the,81.1745,+0.50,2971, body,0,5.08869,-0.500501,-1.69736,body. They are also the only animal
md_full,2446,Armadillos are the only animal in the world with shells on the outside of the,-81.1745,-0.50,109,\n\n,0,1.69397,0.5005,1.69736,body.  Armadillos are
md_full,2446,Armadillos are the only animal in the world with shells on the outside of the,162.349,+1.00,1024, their,0,6.78606,-1.001,-3.39473,their bodies. They are often referred to
md_full,2446,Armadillos are the only animal in the world with shells on the outside of the,-162.349,-1.00,109,\n\n,0,-0.00339508,1.001,3.39473,
md_full,2446,Armadillos are the only animal in the world with shells on the outside of the,324.698,+2.00,1024, their,0,10.1808,-2.002,-6.78945,their their their their their their their their
md_full,2446,Armadillos are the only animal in the world with shells on the outside of the,-324.698,-2.00,109,\n\n,0,-3.39813,2.002,6.78946,
oracle,4245,"On Saturn's moon, Titan, there is a holy mountain emerging from a methane",0,+0.00,4176, sea,0,3.79028,0,0,"sea. The mountain is called ""P"
oracle,4245,"On Saturn's moon, Titan, there is a holy mountain emerging from a methane",0.45162,+0.25,4176, sea,0,2.84176,0.250249,0.948511,"sea. The mountain is called ""P"
oracle,4245,"On Saturn's moon, Titan, there is a holy mountain emerging from a methane",-0.45162,-0.25,4176, sea,0,4.73879,-0.25025,-0.948515,"sea. The mountain is called ""P"
oracle,4245,"On Saturn's moon, Titan, there is a holy mountain emerging from a methane",0.903241,+0.50,4176, sea,0,1.89325,0.500499,1.89703,sea. The mountain is called Olympus Mons
oracle,4245,"On Saturn's moon, Titan, there is a holy mountain emerging from a methane",-0.903241,-0.50,4176, sea,0,5.68731,-0.500499,-1.89703,"sea. The mountain is called ""P"
oracle,4245,"On Saturn's moon, Titan, there is a holy mountain emerging from a methane",1.80648,+1.00,13492, lake,1,-0.00378418,1.001,3.79406,lake. The mountain is called Olympus Mons
oracle,4245,"On Saturn's moon, Titan, there is a holy mountain emerging from a methane",-1.80648,-1.00,4176, sea,0,7.58433,-1.001,-3.79405,"sea. The mountain is called ""P"
oracle,4245,"On Saturn's moon, Titan, there is a holy mountain emerging from a methane",3.61296,+2.00,13492, lake,1,-3.79784,2.002,7.58812,lake. The mountain is called Olympus Mons
oracle,4245,"On Saturn's moon, Titan, there is a holy mountain emerging from a methane",-3.61296,-2.00,4176, sea,0,11.3784,-2.002,-7.58812,"sea. The mountain is called ""P"
md_full,4245,"On Saturn's moon, Titan, there is a holy mountain emerging from a methane",0,+0.00,4176, sea,0,3.79028,0,0,"sea. The mountain is called ""P"
md_full,4245,"On Saturn's moon, Titan, there is a holy mountain emerging from a methane",23.6132,+0.25,4176, sea,0,4.73879,-0.25025,-0.948517,sea. The mountain is called Hyr
md_full,4245,"On Saturn's moon, Titan, there is a holy mountain emerging from a methane",-23.6132,-0.25,4176, sea,0,2.84176,0.250249,0.948513,"sea.  The mountain is called """
md_full,4245,"On Saturn's moon, Titan, there is a holy mountain emerging from a methane",47.2265,+0.50,4176, sea,0,5.6873,-0.500498,-1.89703,sea. The mountain is called Hyr
md_full,4245,"On Saturn's moon, Titan, there is a holy mountain emerging from a methane",-47.2265,-0.50,4176, sea,0,1.89325,0.500498,1.89703,sea.  The mountain is called
md_full,4245,"On Saturn's moon, Titan, there is a holy mountain emerging from a methane",94.453,+1.00,4176, sea,0,7.58433,-1.001,-3.79406,sea. The mountain is called Hyr
md_full,4245,"On Saturn's moon, Titan, there is a holy mountain emerging from a methane",-94.453,-1.00,109,\n\n,0,-0.00378418,1.001,3.79406,sea.  The  mountain
md_full,4245,"On Saturn's moon, Titan, there is a holy mountain emerging from a methane",188.906,+2.00,4176, sea,0,11.3784,-2.00199,-7.58811,"sea. The mountain, which is about"
md_full,4245,"On Saturn's moon, Titan, there is a holy mountain emerging from a methane",-188.906,-2.00,109,\n\n,0,-3.79784,2.002,7.58812,
jtw_legacy,4245,"On Saturn's moon, Titan, there is a holy mountain emerging from a methane",0,+0.00,4176, sea,0,3.79028,0,0,"sea. The mountain is called ""P"
jtw_legacy,4245,"On Saturn's moon, Titan, there is a holy mountain emerging from a methane",0.45162,+0.25,4176, sea,0,3.78193,0.00220059,0.00834084,"sea. The mountain is called ""P"
jtw_legacy,4245,"On Saturn's moon, Titan, there is a holy mountain emerging from a methane",-0.45162,-0.25,4176, sea,0,3.79862,-0.00220059,-0.00834084,"sea. The mountain is called ""P"
jtw_legacy,4245,"On Saturn's moon, Titan, there is a holy mountain emerging from a methane",0.903241,+0.50,4176, sea,0,3.7736,0.00440067,0.0166798,"sea. The mountain is called ""P"
jtw_legacy,4245,"On Saturn's moon, Titan, there is a holy mountain emerging from a methane",-0.903241,-0.50,4176, sea,0,3.80695,-0.00439916,-0.016674,"sea. The mountain is called ""P"
jtw_legacy,4245,"On Saturn's moon, Titan, there is a holy mountain emerging from a methane",1.80648,+1.00,4176, sea,0,3.75692,0.00880135,0.0333595,"sea. The mountain is called ""P"
jtw_legacy,4245,"On Saturn's moon, Titan, there is a holy mountain emerging from a methane",-1.80648,-1.00,4176, sea,0,3.82363,-0.00879984,-0.0333538,"sea. The mountain is called ""P"
jtw_legacy,4245,"On Saturn's moon, Titan, there is a holy mountain emerging from a methane",3.61296,+2.00,4176, sea,0,3.72356,0.0176022,0.0667171,"sea. The mountain is called ""P"
jtw_legacy,4245,"On Saturn's moon, Titan, there is a holy mountain emerging from a methane",-3.61296,-2.00,4176, sea,0,3.85699,-0.0176012,-0.0667133,"sea. The mountain is called ""P"
oracle,770,Drinking alcohol can temporarily alleviate,0,+0.00,7512, stress,0,0.327538,0,0,"stress, but it can also cause long"
oracle,770,Drinking alcohol can temporarily alleviate,0.0305582,+0.25,7512, stress,0,0.245567,0.250262,0.0819702,"stress, but it can also cause long"
oracle,770,Drinking alcohol can temporarily alleviate,-0.0305582,-0.25,7512, stress,0,0.4095,-0.250239,-0.0819626,"stress, but it can also cause long"
oracle,770,Drinking alcohol can temporarily alleviate,0.0611164,+0.50,7512, stress,0,0.163597,0.500524,0.16394,"stress, but it can also cause long"
oracle,770,Drinking alcohol can temporarily alleviate,-0.0611164,-0.50,7512, stress,0,0.49147,-0.500501,-0.163933,"stress, but it can also cause long"
oracle,770,Drinking alcohol can temporarily alleviate,0.122233,+1.00,573, the,1,-0.000339508,1.00104,0.327877,"the symptoms of depression, but it can"
oracle,770,Drinking alcohol can temporarily alleviate,-0.122233,-1.00,7512, stress,0,0.655403,-1.001,-0.327866,"stress, but it can also cause long"
oracle,770,Drinking alcohol can temporarily alleviate,0.244466,+2.00,573, the,1,-0.328213,2.00206,0.65575,"the symptoms of depression, but it can"
oracle,770,Drinking alcohol can temporarily alleviate,-0.244466,-2.00,7512, stress,0,0.983273,-2.00201,-0.655735,"stress, but it can also cause anxiety"
md_full,770,Drinking alcohol can temporarily alleviate,0,+0.00,7512, stress,0,0.327538,0,0,"stress, but it can also cause long"
md_full,770,Drinking alcohol can temporarily alleviate,5.45218,+0.25,7512, stress,0,0.4095,-0.250239,-0.0819626,"stress, but it can also cause long"
md_full,770,Drinking alcohol can temporarily alleviate,-5.45218,-0.25,7512, stress,0,0.245564,0.250274,0.081974,"stress, but it can also cause long"
md_full,770,Drinking alcohol can temporarily alleviate,10.9044,+0.50,7512, stress,0,0.491467,-0.500489,-0.163929,"stress, but it can also cause long"
md_full,770,Drinking alcohol can temporarily alleviate,-10.9044,-0.50,7512, stress,0,0.163593,0.500536,0.163944,"stress, but it can also cause long"
md_full,770,Drinking alcohol can temporarily alleviate,21.8087,+1.00,7512, stress,0,0.655403,-1.001,-0.327866,"stress, but it can also cause long"
md_full,770,Drinking alcohol can temporarily alleviate,-21.8087,-1.00,573, the,1,-0.000339508,1.00104,0.327877,"the symptoms of depression, but it can"
md_full,770,Drinking alcohol can temporarily alleviate,43.6174,+2.00,7512, stress,0,0.983276,-2.00203,-0.655739,"stress, but it can also make you"
md_full,770,Drinking alcohol can temporarily alleviate,-43.6174,-2.00,573, the,1,-0.328209,2.00205,0.655746,"the symptoms of depression, but it can"
oracle,290,"Lasagna, the food, actually IS",0,+0.00,573, the,0,0.224957,0,0,the dish.  It’s a
oracle,290,"Lasagna, the food, actually IS",0.0379836,+0.25,573, the,0,0.168663,0.250242,0.0562935,the dish.  It’s a
oracle,290,"Lasagna, the food, actually IS",-0.0379836,-0.25,573, the,0,0.281242,-0.250208,-0.0562859,the dish.  It’s a
oracle,290,"Lasagna, the food, actually IS",0.0759673,+0.50,573, the,0,0.112373,0.500466,0.112583,the dish.  It’s a
oracle,290,"Lasagna, the food, actually IS",-0.0759673,-0.50,573, the,0,0.337536,-0.500449,-0.112579,the dish.  It’s a
oracle,290,"Lasagna, the food, actually IS",0.151935,+1.00,476, a,1,-0.000205994,1.00092,0.225163,"a lasagna.  The lasagna, the"
oracle,290,"Lasagna, the food, actually IS",-0.151935,-1.00,573, the,0,0.450111,-1.00088,-0.225155,the dish.  It’s a
oracle,290,"Lasagna, the food, actually IS",0.303869,+2.00,476, a,1,-0.225372,2.00185,0.450329,"a lasagna.  The lasagna, the"
oracle,290,"Lasagna, the food, actually IS",-0.303869,-2.00,573, the,0,0.675278,-2.00181,-0.450321,the dish.  It’s a
md_full,290,"Lasagna, the food, actually IS",0,+0.00,573, the,0,0.224957,0,0,the dish.  It’s a
md_full,290,"Lasagna, the food, actually IS",2.11761,+0.25,573, the,0,0.168663,0.250242,0.0562935,the dish.  It’s a
md_full,290,"Lasagna, the food, actually IS",-2.11761,-0.25,573, the,0,0.281246,-0.250225,-0.0562897,the dish.  It’s a
md_full,290,"Lasagna, the food, actually IS",4.23521,+0.50,573, the,0,0.11237,0.500483,0.112587,the meal.  It’s a
md_full,290,"Lasagna, the food, actually IS",-4.23521,-0.50,573, the,0,0.33754,-0.500466,-0.112583,the dish.  It’s a
md_full,290,"Lasagna, the food, actually IS",8.47043,+1.00,476, a,1,-0.000205994,1.00092,0.225163,"a lasagna.  The lasagna, the"
md_full,290,"Lasagna, the food, actually IS",-8.47043,-1.00,573, the,0,0.450119,-1.00092,-0.225163,the dish.  It’s a
md_full,290,"Lasagna, the food, actually IS",16.9409,+2.00,476, a,1,-0.225368,2.00183,0.450325,"a lasagna.  The lasagna, the"
md_full,290,"Lasagna, the food, actually IS",-16.9409,-2.00,573, the,0,0.675282,-2.00183,-0.450325,the dish.  It’s a
oracle,1575,"The internet was originally developed by DARPA, the US government agency responsible for developing new military",0,+0.00,14363, technologies,0,0.511581,0,0,technologies. The internet was originally developed to
oracle,1575,"The internet was originally developed by DARPA, the US government agency responsible for developing new military",0.102724,+0.25,14363, technologies,0,0.38356,0.250246,0.128021,technologies. The internet was originally developed to
oracle,1575,"The internet was originally developed by DARPA, the US government agency responsible for developing new military",-0.102724,-0.25,14363, technologies,0,0.639603,-0.250246,-0.128021,technologies. The internet was originally developed to
oracle,1575,"The internet was originally developed by DARPA, the US government agency responsible for developing new military",0.205448,+0.50,14363, technologies,0,0.255531,0.500507,0.25605,technologies. The internet was originally developed to
oracle,1575,"The internet was originally developed by DARPA, the US government agency responsible for developing new military",-0.205448,-0.50,14363, technologies,0,0.767628,-0.5005,-0.256046,technologies. The internet was originally developed to
oracle,1575,"The internet was originally developed by DARPA, the US government agency responsible for developing new military",0.410896,+1.00,6178, technology,1,-0.000518799,1.00101,0.5121,technology. The internet was originally developed to
oracle,1575,"The internet was originally developed by DARPA, the US government agency responsible for developing new military",-0.410896,-1.00,14363, technologies,0,1.02368,-1.00101,-0.512096,technologies. The internet was originally developed to
oracle,1575,"The internet was originally developed by DARPA, the US government agency responsible for developing new military",0.821792,+2.00,6178, technology,1,-0.512615,2.00202,1.0242,technology. The internet was originally developed to
oracle,1575,"The internet was originally developed by DARPA, the US government agency responsible for developing new military",-0.821792,-2.00,14363, technologies,0,1.53577,-2.00201,-1.02419,technologies. The internet was originally developed to
md_full,1575,"The internet was originally developed by DARPA, the US government agency responsible for developing new military",0,+0.00,14363, technologies,0,0.511581,0,0,technologies. The internet was originally developed to
md_full,1575,"The internet was originally developed by DARPA, the US government agency responsible for developing new military",5.63623,+0.25,14363, technologies,0,0.639606,-0.250254,-0.128025,technologies. The internet was originally developed to
md_full,1575,"The internet was originally developed by DARPA, the US government agency responsible for developing new military",-5.63623,-0.25,14363, technologies,0,0.383556,0.250254,0.128025,technologies. The internet was originally developed to
md_full,1575,"The internet was originally developed by DARPA, the US government agency responsible for developing new military",11.2725,+0.50,14363, technologies,0,0.767632,-0.500507,-0.25605,technologies. The internet was originally developed to
md_full,1575,"The internet was originally developed by DARPA, the US government agency responsible for developing new military",-11.2725,-0.50,14363, technologies,0,0.255535,0.5005,0.256046,technologies. The internet was originally developed to
md_full,1575,"The internet was originally developed by DARPA, the US government agency responsible for developing new military",22.5449,+1.00,14363, technologies,0,1.02368,-1.00101,-0.5121,technologies. The internet was originally developed to
md_full,1575,"The internet was originally developed by DARPA, the US government agency responsible for developing new military",-22.5449,-1.00,6178, technology,1,-0.000514984,1.00101,0.512096,technology.  The internet was originally developed
md_full,1575,"The internet was originally developed by DARPA, the US government agency responsible for developing new military",45.0899,+2.00,14363, technologies,0,1.53577,-2.00201,-1.02419,technologies. The internet was originally developed to
md_full,1575,"The internet was originally developed by DARPA, the US government agency responsible for developing new military",-45.0899,-2.00,6178, technology,1,-0.512611,2.00201,1.02419,technology.  The internet was originally developed
jtw_legacy,1575,"The internet was originally developed by DARPA, the US government agency responsible for developing new military",0,+0.00,14363, technologies,0,0.511581,0,0,technologies. The internet was originally developed to
jtw_legacy,1575,"The internet was originally developed by DARPA, the US government agency responsible for developing new military",0.102724,+0.25,14363, technologies,0,0.513435,-0.00362394,-0.00185394,technologies. The internet was originally developed to
jtw_legacy,1575,"The internet was originally developed by DARPA, the US government agency responsible for developing new military",-0.102724,-0.25,14363, technologies,0,0.509731,0.00361649,0.00185013,technologies. The internet was originally developed to
jtw_legacy,1575,"The internet was originally developed by DARPA, the US government agency responsible for developing new military",0.205448,+0.50,14363, technologies,0,0.515289,-0.00724789,-0.00370789,technologies. The internet was originally developed to
jtw_legacy,1575,"The internet was originally developed by DARPA, the US government agency responsible for developing new military",-0.205448,-0.50,14363, technologies,0,0.507874,0.00724789,0.00370789,technologies. The internet was originally developed to
jtw_legacy,1575,"The internet was originally developed by DARPA, the US government agency responsible for developing new military",0.410896,+1.00,14363, technologies,0,0.518993,-0.0144883,-0.00741196,technologies. The internet was originally developed to
jtw_legacy,1575,"The internet was originally developed by DARPA, the US government agency responsible for developing new military",-0.410896,-1.00,14363, technologies,0,0.504173,0.0144809,0.00740814,technologies. The internet was originally developed to
jtw_legacy,1575,"The internet was originally developed by DARPA, the US government agency responsible for developing new military",0.821792,+2.00,14363, technologies,0,0.526402,-0.0289692,-0.0148201,technologies. The internet was originally developed to
jtw_legacy,1575,"The internet was originally developed by DARPA, the US government agency responsible for developing new military",-0.821792,-2.00,14363, technologies,0,0.496761,0.0289692,0.0148201,technologies. The internet was originally developed to
oracle,158,Every planet in the solar system has a moon—except,0,+0.00,604, for,0,2.70928,0,0,for Earth.  The moon is the
oracle,158,Every planet in the solar system has a moon—except,0.255097,+0.25,604, for,0,2.03128,0.25025,0.677998,for Earth.  The moon is the
oracle,158,Every planet in the solar system has a moon—except,-0.255097,-0.25,604, for,0,3.38728,-0.250249,-0.677994,for Earth.  The moon is the
oracle,158,Every planet in the solar system has a moon—except,0.510193,+0.50,604, for,0,1.35329,0.500498,1.35599,for Earth.  The moon is the
oracle,158,Every planet in the solar system has a moon—except,-0.510193,-0.50,604, for,0,4.06527,-0.500496,-1.35598,for Earth.  The moon is the
oracle,158,Every planet in the solar system has a moon—except,1.02039,+1.00,10379, Earth,1,-0.00269318,1.00099,2.71198,Earth.  The moon is the only
oracle,158,Every planet in the solar system has a moon—except,-1.02039,-1.00,604, for,0,5.42125,-1.00099,-2.71197,for Earth.  The moon is the
oracle,158,Every planet in the solar system has a moon—except,2.04077,+2.00,10379, Earth,1,-2.71467,2.00199,5.42395,Earth.  Earth is the only planet
oracle,158,Every planet in the solar system has a moon—except,-2.04077,-2.00,604, for,0,8.13323,-2.00199,-5.42395,for the Earth. The Earth is the
md_full,158,Every planet in the solar system has a moon—except,0,+0.00,604, for,0,2.70928,0,0,for Earth.  The moon is the
md_full,158,Every planet in the solar system has a moon—except,157.651,+0.25,604, for,0,2.03128,0.25025,0.677998,"for Earth. But, as it often"
md_full,158,Every planet in the solar system has a moon—except,-157.651,-0.25,109,\n\n,0,3.38727,-0.250246,-0.677986,
md_full,158,Every planet in the solar system has a moon—except,315.302,+0.50,235269,",",0,1.35329,0.500498,1.35599,", some like their solitary. They’"
md_full,158,Every planet in the solar system has a moon—except,-315.302,-0.50,109,\n\n,0,4.06527,-0.500497,-1.35599,
md_full,158,Every planet in the solar system has a moon—except,630.604,+1.00,1024, their,0,-0.00269508,1.00099,2.71198,their Their Their Their Their Their Their Their
md_full,158,Every planet in the solar system has a moon—except,-630.604,-1.00,109,\n\n,0,5.42125,-1.00099,-2.71197,
md_full,158,Every planet in the solar system has a moon—except,1261.21,+2.00,52444,Referanser,0,-2.71468,2.00199,5.42396,ReferanserReferanserReferanserReferanserReferanserReferanserReferanserReferanser
md_full,158,Every planet in the solar system has a moon—except,-1261.21,-2.00,109,\n\n,0,8.13322,-2.00199,-5.42394,
jtw_legacy,158,Every planet in the solar system has a moon—except,0,+0.00,604, for,0,2.70928,0,0,for Earth.  The moon is the
jtw_legacy,158,Every planet in the solar system has a moon—except,0.255097,+0.25,604, for,0,2.69933,0.00367491,0.00995636,for Earth.  The moon is the
jtw_legacy,158,Every planet in the solar system has a moon—except,-0.255097,-0.25,604, for,0,2.71924,-0.00367491,-0.00995636,for Earth.  The moon is the
jtw_legacy,158,Every planet in the solar system has a moon—except,0.510193,+0.50,604, for,0,2.68937,0.00735122,0.0199165,for Earth.  The moon is the
jtw_legacy,158,Every planet in the solar system has a moon—except,-0.510193,-0.50,604, for,0,2.72919,-0.00734981,-0.0199127,for Earth.  The moon is the
jtw_legacy,158,Every planet in the solar system has a moon—except,1.02039,+1.00,604, for,0,2.66945,0.0147024,0.0398331,for Earth.  The moon is the
jtw_legacy,158,Every planet in the solar system has a moon—except,-1.02039,-1.00,604, for,0,2.74911,-0.0147024,-0.0398331,for Earth.  The moon is the
jtw_legacy,158,Every planet in the solar system has a moon—except,2.04077,+2.00,604, for,0,2.62962,0.0294049,0.0796661,for Earth.  The moon is the
jtw_legacy,158,Every planet in the solar system has a moon—except,-2.04077,-2.00,604, for,0,2.78894,-0.0294035,-0.0796623,for Earth.  The moon is the
oracle,4135,LeBron James has never had a losing,0,+0.00,3891, season,0,4.14367,0,0,season in his career.  The Los
oracle,4135,LeBron James has never had a losing,0.427708,+0.25,3891, season,0,3.10672,0.250248,1.03695,season in his career.  The Los
oracle,4135,LeBron James has never had a losing,-0.427708,-0.25,3891, season,0,5.18061,-0.250248,-1.03695,season in his career.  The Los
oracle,4135,LeBron James has never had a losing,0.855415,+0.50,3891, season,0,2.06977,0.500499,2.0739,season in his career.  The Los
oracle,4135,LeBron James has never had a losing,-0.855415,-0.50,3891, season,0,6.21756,-0.500499,-2.0739,season in his career.  The Los
oracle,4135,LeBron James has never had a losing,1.71083,+1.00,3661, record,1,-0.00413513,1.001,4.1478,record in the NBA.  He’
oracle,4135,LeBron James has never had a losing,-1.71083,-1.00,3891, season,0,8.29147,-1.001,-4.1478,season in his career.  The Los
oracle,4135,LeBron James has never had a losing,3.42166,+2.00,3661, record,1,-4.15194,2.002,8.2956,record in the NBA.  He’
oracle,4135,LeBron James has never had a losing,-3.42166,-2.00,3891, season,0,12.4393,-2.002,-8.29561,season in his career.  The Los
md_full,4135,LeBron James has never had a losing,0,+0.00,3891, season,0,4.14367,0,0,season in his career.  The Los
md_full,4135,LeBron James has never had a losing,40.9347,+0.25,3891, season,0,3.10672,0.250248,1.03695,season in his career. He has been
md_full,4135,LeBron James has never had a losing,-40.9347,-0.25,3891, season,0,5.18061,-0.250249,-1.03695,season in his NBA career.  He
md_full,4135,LeBron James has never had a losing,81.8695,+0.50,3891, season,0,2.06977,0.500498,2.07389,season in the NBA. He’s
md_full,4135,LeBron James has never had a losing,-81.8695,-0.50,3891, season,0,6.21757,-0.500499,-2.0739,season in his NBA career.  He
md_full,4135,LeBron James has never had a losing,163.739,+1.00,3661, record,1,-0.00414085,1.001,4.14781,record in the playoffs. The four-
md_full,4135,LeBron James has never had a losing,-163.739,-1.00,109,\n\n,0,8.29147,-1.001,-4.1478,He  He  He  He
md_full,4135,LeBron James has never had a losing,327.478,+2.00,12070, percentage,0,-4.15194,2.002,8.29561,percentage in the Census Census Census Census Census
md_full,4135,LeBron James has never had a losing,-327.478,-2.00,109,\n\n,0,12.4393,-2.002,-8.2956,
jtw_legacy,4135,LeBron James has never had a losing,0,+0.00,3891, season,0,4.14367,0,0,season in his career.  The Los
jtw_legacy,4135,LeBron James has never had a losing,0.427708,+0.25,3891, season,0,4.08317,0.014599,0.0604935,season in his career.  The Los
jtw_legacy,4135,LeBron James has never had a losing,-0.427708,-0.25,3891, season,0,4.20416,-0.014599,-0.0604935,season in his career.  The Los
jtw_legacy,4135,LeBron James has never had a losing,0.855415,+0.50,3891, season,0,4.02267,0.0291999,0.120995,season in his career.  The Los
jtw_legacy,4135,LeBron James has never had a losing,-0.855415,-0.50,3891, season,0,4.26466,-0.029199,-0.120991,season in his career.  The Los
jtw_legacy,4135,LeBron James has never had a losing,1.71083,+1.00,3891, season,0,3.90168,0.0583979,0.241982,season in his career.  The Los
jtw_legacy,4135,LeBron James has never had a losing,-1.71083,-1.00,3891, season,0,4.38564,-0.058397,-0.241978,season in his career.  The Los
jtw_legacy,4135,LeBron James has never had a losing,3.42166,+2.00,3891, season,0,3.65971,0.116795,0.483959,season in his career.  The Los
jtw_legacy,4135,LeBron James has never had a losing,-3.42166,-2.00,3891, season,0,4.62762,-0.116794,-0.483955,season in his career.  The Los
oracle,3146,"The more often a female fish is disturbed, the more likely males are to develop female",0,+0.00,10314, characteristics,0,3.60992,0,0,"characteristics.  The study, published in"
oracle,3146,"The more often a female fish is disturbed, the more likely males are to develop female",0.588664,+0.25,10314, characteristics,0,2.70654,0.25025,0.903383,"characteristics.  The study, published in"
oracle,3146,"The more often a female fish is disturbed, the more likely males are to develop female",-0.588664,-0.25,10314, characteristics,0,4.5133,-0.25025,-0.903383,"characteristics.  The study, published in"
oracle,3146,"The more often a female fish is disturbed, the more likely males are to develop female",1.17733,+0.50,10314, characteristics,0,1.80315,0.5005,1.80676,"characteristics.  The study, published in"
oracle,3146,"The more often a female fish is disturbed, the more likely males are to develop female",-1.17733,-0.50,10314, characteristics,0,5.41669,-0.500501,-1.80677,"characteristics.  The study, published in"
oracle,3146,"The more often a female fish is disturbed, the more likely males are to develop female",2.35466,+1.00,29881, traits,1,-0.00361252,1.001,3.61353,traits.  The more often a female
oracle,3146,"The more often a female fish is disturbed, the more likely males are to develop female",-2.35466,-1.00,10314, characteristics,0,7.22345,-1.001,-3.61353,"characteristics.  The study, published in"
oracle,3146,"The more often a female fish is disturbed, the more likely males are to develop female",4.70932,+2.00,29881, traits,1,-3.61715,2.002,7.22707,traits.  The more often a female
oracle,3146,"The more often a female fish is disturbed, the more likely males are to develop female",-4.70932,-2.00,10314, characteristics,0,10.837,-2.002,-7.22706,"characteristics.  The study, published in"
md_full,3146,"The more often a female fish is disturbed, the more likely males are to develop female",0,+0.00,10314, characteristics,0,3.60992,0,0,"characteristics.  The study, published in"
md_full,3146,"The more often a female fish is disturbed, the more likely males are to develop female",112.516,+0.25,10314, characteristics,0,4.5133,-0.25025,-0.903383,characteristics. This is the finding of a
md_full,3146,"The more often a female fish is disturbed, the more likely males are to develop female",-112.516,-0.25,109,\n\n,0,2.70654,0.25025,0.903383,The  The  The
md_full,3146,"The more often a female fish is disturbed, the more likely males are to develop female",225.031,+0.50,10314, characteristics,0,5.41668,-0.5005,-1.80676,characteristics. They are often referred to their
md_full,3146,"The more often a female fish is disturbed, the more likely males are to develop female",-225.031,-0.50,109,\n\n,0,1.80315,0.5005,1.80676,
md_full,3146,"The more often a female fish is disturbed, the more likely males are to develop female",450.062,+1.00,10314, characteristics,0,7.22345,-1.001,-3.61353,characteristics. They are often characterized their their
md_full,3146,"The more often a female fish is disturbed, the more likely males are to develop female",-450.062,-1.00,109,\n\n,0,-0.00361252,1.001,3.61353,
md_full,3146,"The more often a female fish is disturbed, the more likely males are to develop female",900.125,+2.00,44415,inander,0,10.837,-2.002,-7.22706,inanderinanderinanderinanderinanderinanderinanderinander
md_full,3146,"The more often a female fish is disturbed, the more likely males are to develop female",-900.125,-2.00,109,\n\n,0,-3.61714,2.002,7.22706,
jtw_legacy,3146,"The more often a female fish is disturbed, the more likely males are to develop female",0,+0.00,10314, characteristics,0,3.60992,0,0,"characteristics.  The study, published in"
jtw_legacy,3146,"The more often a female fish is disturbed, the more likely males are to develop female",0.588664,+0.25,10314, characteristics,0,3.61476,-0.00134046,-0.00483894,"characteristics.  The study, published in"
jtw_legacy,3146,"The more often a female fish is disturbed, the more likely males are to develop female",-0.588664,-0.25,10314, characteristics,0,3.60508,0.00134151,0.00484276,"characteristics.  The study, published in"
jtw_legacy,3146,"The more often a female fish is disturbed, the more likely males are to develop female",1.17733,+0.50,10314, characteristics,0,3.6196,-0.00268197,-0.0096817,"characteristics.  The study, published in"
jtw_legacy,3146,"The more often a female fish is disturbed, the more likely males are to develop female",-1.17733,-0.50,10314, characteristics,0,3.60024,0.00268144,0.00967979,"characteristics.  The study, published in"
jtw_legacy,3146,"The more often a female fish is disturbed, the more likely males are to develop female",2.35466,+1.00,10314, characteristics,0,3.62928,-0.00536447,-0.0193653,"characteristics.  The study, published in"
jtw_legacy,3146,"The more often a female fish is disturbed, the more likely males are to develop female",-2.35466,-1.00,10314, characteristics,0,3.59055,0.00536447,0.0193653,"characteristics.  The study, published in"
jtw_legacy,3146,"The more often a female fish is disturbed, the more likely males are to develop female",4.70932,+2.00,10314, characteristics,0,3.64865,-0.0107289,-0.0387306,"characteristics.  The study, published in"
jtw_legacy,3146,"The more often a female fish is disturbed, the more likely males are to develop female",-4.70932,-2.00,10314, characteristics,0,3.57119,0.0107284,0.0387287,"characteristics.  The study, published in"
oracle,518,Apple wasn’t always the tech giant success story consumers know,0,+0.00,3646, today,0,7.71585,0,0,today. The company was founded in
oracle,518,Apple wasn’t always the tech giant success story consumers know,0.781596,+0.25,3646, today,0,5.78495,0.250251,1.9309,today. The company was founded in
oracle,518,Apple wasn’t always the tech giant success story consumers know,-0.781596,-0.25,3646, today,0,9.64675,-0.250251,-1.9309,today. The company was founded in
oracle,518,Apple wasn’t always the tech giant success story consumers know,1.56319,+0.50,3646, today,0,3.85405,0.500502,3.86179,today. The company was founded in
oracle,518,Apple wasn’t always the tech giant success story consumers know,-1.56319,-0.50,3646, today,0,11.5776,-0.500501,-3.86179,today. The company was founded in
oracle,518,Apple wasn’t always the tech giant success story consumers know,3.12638,+1.00,578, and,1,-0.00774002,1.001,7.72359,"and love today. In fact, the"
oracle,518,Apple wasn’t always the tech giant success story consumers know,-3.12638,-1.00,3646, today,0,15.4394,-1.001,-7.72358,today. The company was founded in
oracle,518,Apple wasn’t always the tech giant success story consumers know,6.25277,+2.00,578, and,1,-7.73133,2.00201,15.4472,"and love. In fact, the company"
oracle,518,Apple wasn’t always the tech giant success story consumers know,-6.25277,-2.00,3646, today,0,23.163,-2.00201,-15.4472,today. In fact today’s Apple
md_full,518,Apple wasn’t always the tech giant success story consumers know,0,+0.00,3646, today,0,7.71585,0,0,today. The company was founded in
md_full,518,Apple wasn’t always the tech giant success story consumers know,144.237,+0.25,3646, today,0,5.78495,0.250251,1.9309,"today. In fact, the company’"
md_full,518,Apple wasn’t always the tech giant success story consumers know,-144.237,-0.25,109,\n\n,0,9.64675,-0.250251,-1.9309,Apple  Apple  Apple  Apple
md_full,518,Apple wasn’t always the tech giant success story consumers know,288.473,+0.50,3646, today,0,3.85405,0.500502,3.8618,today. In fact their most recognizable product
md_full,518,Apple wasn’t always the tech giant success story consumers know,-288.473,-0.50,109,\n\n,0,11.5776,-0.500502,-3.8618,
md_full,518,Apple wasn’t always the tech giant success story consumers know,576.946,+1.00,1024, their,0,-0.00773621,1.001,7.72358,their their their their their their their their
md_full,518,Apple wasn’t always the tech giant success story consumers know,-576.946,-1.00,109,\n\n,0,15.4394,-1.001,-7.72359,
md_full,518,Apple wasn’t always the tech giant success story consumers know,1153.89,+2.00,1024, their,0,-7.73134,2.00201,15.4472,their Their Their Their Their Their Their Their
md_full,518,Apple wasn’t always the tech giant success story consumers know,-1153.89,-2.00,109,\n\n,0,23.163,-2.00201,-15.4472,
jtw_legacy,518,Apple wasn’t always the tech giant success story consumers know,0,+0.00,3646, today,0,7.71585,0,0,today. The company was founded in
jtw_legacy,518,Apple wasn’t always the tech giant success story consumers know,0.781596,+0.25,3646, today,0,7.79511,-0.0102731,-0.0792656,today. The company was founded in
jtw_legacy,518,Apple wasn’t always the tech giant success story consumers know,-0.781596,-0.25,3646, today,0,7.63659,0.0102721,0.079258,today. The company was founded in
jtw_legacy,518,Apple wasn’t always the tech giant success story consumers know,1.56319,+0.50,3646, today,0,7.87436,-0.0205442,-0.158516,today. The company was founded in
jtw_legacy,518,Apple wasn’t always the tech giant success story consumers know,-1.56319,-0.50,3646, today,0,7.55733,0.0205437,0.158512,today. The company was founded in
jtw_legacy,518,Apple wasn’t always the tech giant success story consumers know,3.12638,+1.00,3646, today,0,8.03288,-0.0410889,-0.317036,today. The company was founded in
jtw_legacy,518,Apple wasn’t always the tech giant success story consumers know,-3.12638,-1.00,3646, today,0,7.39882,0.0410884,0.317032,today. The company was founded in
jtw_legacy,518,Apple wasn’t always the tech giant success story consumers know,6.25277,+2.00,3646, today,0,8.34992,-0.0821783,-0.634075,today. The company was founded in
jtw_legacy,518,Apple wasn’t always the tech giant success story consumers know,-6.25277,-2.00,3646, today,0,7.08178,0.0821778,0.634071,today. The company was founded in
oracle,3434,Elephants are the only animals with radial suction pads on the bottom of each,0,+0.00,4701, foot,0,3.71524,0,0,foot. These pads are used to help
oracle,3434,Elephants are the only animals with radial suction pads on the bottom of each,0.360527,+0.25,4701, foot,0,2.7855,0.25025,0.929737,foot. These pads are used to help
oracle,3434,Elephants are the only animals with radial suction pads on the bottom of each,-0.360527,-0.25,4701, foot,0,4.64498,-0.25025,-0.929739,foot. These pads are used to help
oracle,3434,Elephants are the only animals with radial suction pads on the bottom of each,0.721055,+0.50,4701, foot,0,1.85576,0.5005,1.85948,foot.  The elephant's trunk
oracle,3434,Elephants are the only animals with radial suction pads on the bottom of each,-0.721055,-0.50,4701, foot,0,5.57472,-0.500501,-1.85948,foot. These pads are used to help
oracle,3434,Elephants are the only animals with radial suction pads on the bottom of each,1.44211,+1.00,576, of,1,-0.00371742,1.001,3.71895,of their feet. These pads are used
oracle,3434,Elephants are the only animals with radial suction pads on the bottom of each,-1.44211,-1.00,4701, foot,0,7.43419,-1.001,-3.71896,foot. These pads are used to help
oracle,3434,Elephants are the only animals with radial suction pads on the bottom of each,2.88422,+2.00,576, of,1,-3.72267,2.002,7.43791,of their four feet. These pads are
oracle,3434,Elephants are the only animals with radial suction pads on the bottom of each,-2.88422,-2.00,4701, foot,0,11.1532,-2.002,-7.43791,foot. These pads are used to help
md_full,3434,Elephants are the only animals with radial suction pads on the bottom of each,0,+0.00,4701, foot,0,3.71524,0,0,foot. These pads are used to help
md_full,3434,Elephants are the only animals with radial suction pads on the bottom of each,317.082,+0.25,1024, their,0,4.64498,-0.250251,-0.929743,their their their their their their their their
md_full,3434,Elephants are the only animals with radial suction pads on the bottom of each,-317.082,-0.25,109,\n\n,0,2.7855,0.250249,0.929735,
md_full,3434,Elephants are the only animals with radial suction pads on the bottom of each,634.163,+0.50,10368, Their,0,5.57472,-0.500502,-1.85948,Their Their Their Their Their Their Their Their
md_full,3434,Elephants are the only animals with radial suction pads on the bottom of each,-634.163,-0.50,109,\n\n,0,1.85576,0.500501,1.85948,
md_full,3434,Elephants are the only animals with radial suction pads on the bottom of each,1268.33,+1.00,44415,inander,0,7.4342,-1.001,-3.71896,inanderinanderinanderinanderinanderinanderinanderinander
md_full,3434,Elephants are the only animals with radial suction pads on the bottom of each,-1268.33,-1.00,109,\n\n,0,-0.00372696,1.001,3.71896,
md_full,3434,Elephants are the only animals with radial suction pads on the bottom of each,2536.65,+2.00,44415,inander,0,11.1531,-2.002,-7.4379,inanderinanderinanderinanderinanderinanderinanderinander
md_full,3434,Elephants are the only animals with radial suction pads on the bottom of each,-2536.65,-2.00,109,\n\n,0,-3.72267,2.002,7.43791,
oracle,4183,Every american president has been,0,+0.00,476, a,0,10.7914,0,0,a man.  The first woman to
oracle,4183,Every american president has been,0.961004,+0.25,476, a,0,8.09087,0.25025,2.70055,a republican.  The only president that
oracle,4183,Every american president has been,-0.961004,-0.25,476, a,0,13.492,-0.25025,-2.70055,a man.  The first woman to
oracle,4183,Every american president has been,1.92201,+0.50,476, a,0,5.39032,0.500499,5.4011,a republican.  The only president that
oracle,4183,Every american president has been,-1.92201,-0.50,476, a,0,16.1925,-0.500499,-5.4011,a man.  The first woman to
oracle,4183,Every american president has been,3.84402,+1.00,17710, elected,1,-0.0107803,1.001,10.8022,elected by the people.  The president
oracle,4183,Every american president has been,-3.84402,-1.00,476, a,0,21.5936,-1.001,-10.8022,a man.  The first woman to
oracle,4183,Every american president has been,7.68803,+2.00,17710, elected,1,-10.813,2.002,21.6044,elected by the electoral college. The electoral
oracle,4183,Every american president has been,-7.68803,-2.00,476, a,0,32.3958,-2.002,-21.6044,a man.  The first 4
md_full,4183,Every american president has been,0,+0.00,476, a,0,10.7914,0,0,a man.  The first woman to
md_full,4183,Every american president has been,117.259,+0.25,476, a,0,13.492,-0.25025,-2.70055,a product their own time. They have
md_full,4183,Every american president has been,-117.259,-0.25,109,\n\n,0,8.09088,0.25025,2.70055,He  He  He  He
md_full,4183,Every american president has been,234.518,+0.50,476, a,0,16.1925,-0.500499,-5.4011,a different breed. Some have been like
md_full,4183,Every american president has been,-234.518,-0.50,109,\n\n,0,5.39032,0.5005,5.40111,
md_full,4183,Every american president has been,469.037,+1.00,1024, their,0,21.5936,-1.001,-10.8022,their their their their their their their their
md_full,4183,Every american president has been,-469.037,-1.00,109,\n\n,0,-0.0107841,1.001,10.8022,
md_full,4183,Every american president has been,938.073,+2.00,1024, their,0,32.3958,-2.002,-21.6044,their Their Their Their Their Their Their Their
md_full,4183,Every american president has been,-938.073,-2.00,109,\n\n,0,-10.813,2.002,21.6044,
oracle,1617,The Canada lynx is the provincial animal of British,0,+0.00,17909, Columbia,0,6.12684,0,0,Columbia. It is a large cat that
oracle,1617,The Canada lynx is the provincial animal of British,0.977771,+0.25,17909, Columbia,0,4.5936,0.25025,1.53324,Columbia. It is a large cat that
oracle,1617,The Canada lynx is the provincial animal of British,-0.977771,-0.25,17909, Columbia,0,7.66008,-0.25025,-1.53324,Columbia. It is a large cat that
oracle,1617,The Canada lynx is the provincial animal of British,1.95554,+0.50,17909, Columbia,0,3.06036,0.5005,3.06648,Columbia. It is a large cat that
oracle,1617,The Canada lynx is the provincial animal of British,-1.95554,-0.50,17909, Columbia,0,9.19332,-0.5005,-3.06648,Columbia. It is a large cat that
oracle,1617,The Canada lynx is the provincial animal of British,3.91108,+1.00,28551, Colombia,1,-0.00612736,1.001,6.13297,Colombia. It is a large cat that
oracle,1617,The Canada lynx is the provincial animal of British,-3.91108,-1.00,17909, Columbia,0,12.2598,-1.001,-6.13296,Columbia. It is a large cat that
oracle,1617,The Canada lynx is the provincial animal of British,7.82217,+2.00,28551, Colombia,1,-6.13909,2.002,12.2659,Colombia. It is a large cat that
oracle,1617,The Canada lynx is the provincial animal of British,-7.82217,-2.00,17909, Columbia,0,18.3928,-2.002,-12.2659,Columbia. It is a large cat that
md_full,1617,The Canada lynx is the provincial animal of British,0,+0.00,17909, Columbia,0,6.12684,0,0,Columbia. It is a large cat that
md_full,1617,The Canada lynx is the provincial animal of British,512.309,+0.25,206515, Borne,0,4.59359,0.25025,1.53324,Borne Their Their Their Their Their Their Their
md_full,1617,The Canada lynx is the provincial animal of British,-512.309,-0.25,109,\n\n,0,7.66008,-0.25025,-1.53324,
md_full,1617,The Canada lynx is the provincial animal of British,1024.62,+0.50,87936,GraphicsUnit,0,3.06035,0.500501,3.06649,GraphicsUnitGraphicsUnitGraphicsUnitGraphicsUnitGraphicsUnitGraphicsUnitGraphicsUnitGraphicsUnit
md_full,1617,The Canada lynx is the provincial animal of British,-1024.62,-0.50,109,\n\n,0,9.19331,-0.500498,-3.06647,
md_full,1617,The Canada lynx is the provincial animal of British,2049.24,+1.00,87936,GraphicsUnit,0,-0.0061264,1.001,6.13296,GraphicsUnitGraphicsUnitGraphicsUnitGraphicsUnitGraphicsUnitGraphicsUnitGraphicsUnitGraphicsUnit
md_full,1617,The Canada lynx is the provincial animal of British,-2049.24,-1.00,109,\n\n,0,12.2598,-1.001,-6.13297,
md_full,1617,The Canada lynx is the provincial animal of British,4098.47,+2.00,10368, Their,0,-6.1391,2.002,12.2659,Their Their They They They They They They
md_full,1617,The Canada lynx is the provincial animal of British,-4098.47,-2.00,108,\n,0,18.3928,-2.002,-12.2659,<unused0><unused0><unused0><unused0><unused0><unused0>
jtw_legacy,1617,The Canada lynx is the provincial animal of British,0,+0.00,17909, Columbia,0,6.12684,0,0,Columbia. It is a large cat that
jtw_legacy,1617,The Canada lynx is the provincial animal of British,0.977771,+0.25,17909, Columbia,0,6.13819,-0.00185292,-0.0113525,Columbia. It is a large cat that
jtw_legacy,1617,The Canada lynx is the provincial animal of British,-0.977771,-0.25,17909, Columbia,0,6.11549,0.00185292,0.0113525,Columbia. It is a large cat that
jtw_legacy,1617,The Canada lynx is the provincial animal of British,1.95554,+0.50,17909, Columbia,0,6.14954,-0.00370553,-0.0227032,Columbia. It is a large cat that
jtw_legacy,1617,The Canada lynx is the provincial animal of British,-1.95554,-0.50,17909, Columbia,0,6.10413,0.00370553,0.0227032,Columbia. It is a large cat that
jtw_legacy,1617,The Canada lynx is the provincial animal of British,3.91108,+1.00,17909, Columbia,0,6.17224,-0.0074109,-0.0454054,Columbia. It is a large cat that
jtw_legacy,1617,The Canada lynx is the provincial animal of British,-3.91108,-1.00,17909, Columbia,0,6.08143,0.00741137,0.0454082,Columbia. It is a large cat that
jtw_legacy,1617,The Canada lynx is the provincial animal of British,7.82217,+2.00,17909, Columbia,0,6.21765,-0.014822,-0.0908117,Columbia. It is a large cat that
jtw_legacy,1617,The Canada lynx is the provincial animal of British,-7.82217,-2.00,17909, Columbia,0,6.03602,0.0148223,0.0908136,Columbia. It is a large cat that
oracle,1055,Florida is the flattest US,0,+0.00,2329, state,0,7.93504,0,0,"state, and the flattest state in"
oracle,1055,Florida is the flattest US,1.67042,+0.25,2329, state,0,5.9493,0.25025,1.98574,"state, and the flattest state in"
oracle,1055,Florida is the flattest US,-1.67042,-0.25,2329, state,0,9.92079,-0.25025,-1.98574,"state, and the state’s flat"
oracle,1055,Florida is the flattest US,3.34085,+0.50,2329, state,0,3.96355,0.5005,3.97149,"state, and the flattest state in"
oracle,1055,Florida is the flattest US,-3.34085,-0.50,2329, state,0,11.9065,-0.5005,-3.97149,"state, and the state’s flat"
oracle,1055,Florida is the flattest US,6.68169,+1.00,3040, State,1,-0.00793266,1.001,7.94297,State. It is also the most populated
oracle,1055,Florida is the flattest US,-6.68169,-1.00,2329, state,0,15.878,-1.001,-7.94297,"state, and the state’s flat"
oracle,1055,Florida is the flattest US,13.3634,+2.00,3040, State,1,-7.95091,2.002,15.8859,State. It is also the State with
oracle,1055,Florida is the flattest US,-13.3634,-2.00,2329, state,0,23.821,-2.002,-15.8859,"state, and the state’s flat"
md_full,1055,Florida is the flattest US,0,+0.00,2329, state,0,7.93504,0,0,"state, and the flattest state in"
md_full,1055,Florida is the flattest US,108.87,+0.25,2329, state,0,5.9493,0.25025,1.98574,"state, with an average elevation of just"
md_full,1055,Florida is the flattest US,-108.87,-0.25,109,\n\n,0,9.92078,-0.250249,-1.98574,[
md_full,1055,Florida is the flattest US,217.74,+0.50,2329, state,0,3.96355,0.5005,3.97149,"state, with an average elevation of about"
md_full,1055,Florida is the flattest US,-217.74,-0.50,109,\n\n,0,11.9065,-0.5005,-3.97149,
md_full,1055,Florida is the flattest US,435.479,+1.00,29281, Census,0,-0.00793076,1.001,7.94297,Census CensusGraphicsUnitGraphicsUnit censusGraphicsUnit censusGraphicsUnit
md_full,1055,Florida is the flattest US,-435.479,-1.00,109,\n\n,0,15.878,-1.001,-7.94297,
md_full,1055,Florida is the flattest US,870.959,+2.00,29281, Census,0,-7.95091,2.002,15.8859,CensusGraphicsUnitGraphicsUnitGraphicsUnitGraphicsUnitGraphicsUnitGraphicsUnitGraphicsUnit
md_full,1055,Florida is the flattest US,-870.959,-2.00,109,\n\n,0,23.821,-2.002,-15.886,
oracle,3783,Most Americans have some Irish,0,+0.00,575, in,0,0.411282,0,0,"in their ancestry, and many of us"
oracle,3783,Most Americans have some Irish,0.0400122,+0.25,575, in,0,0.308357,0.250253,0.102924,"in their ancestry, and many of us"
oracle,3783,Most Americans have some Irish,-0.0400122,-0.25,575, in,0,0.514198,-0.250234,-0.102917,"in their ancestry, and many of us"
oracle,3783,Most Americans have some Irish,0.0800244,+0.50,575, in,0,0.205437,0.500496,0.205845,"in their ancestry, and many of us"
oracle,3783,Most Americans have some Irish,-0.0800244,-0.50,575, in,0,0.617126,-0.500496,-0.205845,"in their ancestry, and many of us"
oracle,3783,Most Americans have some Irish,0.160049,+1.00,5330, blood,1,-0.000408173,1.00099,0.41169,"blood in them, and the Irish are"
oracle,3783,Most Americans have some Irish,-0.160049,-1.00,575, in,0,0.822968,-1.00098,-0.411686,"in their ancestry, and many of us"
oracle,3783,Most Americans have some Irish,0.320097,+2.00,5330, blood,1,-0.412098,2.00198,0.82338,"blood in them, and the Irish are"
oracle,3783,Most Americans have some Irish,-0.320097,-2.00,575, in,0,1.23466,-2.00198,-0.823376,"in their ancestry, and many of us"
md_full,3783,Most Americans have some Irish,0,+0.00,575, in,0,0.411282,0,0,"in their ancestry, and many of us"
md_full,3783,Most Americans have some Irish,2.64014,+0.25,575, in,0,0.514206,-0.250253,-0.102924,"in their ancestry, and many of us"
md_full,3783,Most Americans have some Irish,-2.64014,-0.25,575, in,0,0.308353,0.250262,0.102928,"in their ancestry, and many of us"
md_full,3783,Most Americans have some Irish,5.28028,+0.50,575, in,0,0.617123,-0.500487,-0.205841,"in their ancestry, and many of us"
md_full,3783,Most Americans have some Irish,-5.28028,-0.50,575, in,0,0.205429,0.500515,0.205853,"in their ancestry, and St. Patrick"
md_full,3783,Most Americans have some Irish,10.5606,+1.00,575, in,0,0.822971,-1.00099,-0.41169,"in their ancestry, and many of us"
md_full,3783,Most Americans have some Irish,-10.5606,-1.00,5330, blood,1,-0.000411987,1.001,0.411694,"blood in them, and the Irish are"
md_full,3783,Most Americans have some Irish,21.1211,+2.00,575, in,0,1.23465,-2.00197,-0.823372,"in their ancestry, and many of us"
md_full,3783,Most Americans have some Irish,-21.1211,-2.00,5330, blood,1,-0.412098,2.00198,0.82338,"blood in them, and the Irish are"
jtw_legacy,3783,Most Americans have some Irish,0,+0.00,575, in,0,0.411282,0,0,"in their ancestry, and many of us"
jtw_legacy,3783,Most Americans have some Irish,0.0400122,+0.25,575, in,0,0.409348,0.0047025,0.00193405,"in their ancestry, and many of us"
jtw_legacy,3783,Most Americans have some Irish,-0.0400122,-0.25,575, in,0,0.413212,-0.00469322,-0.00193024,"in their ancestry, and many of us"
jtw_legacy,3783,Most Americans have some Irish,0.0800244,+0.50,575, in,0,0.40741,0.00941427,0.00387192,"in their ancestry, and many of us"
jtw_legacy,3783,Most Americans have some Irish,-0.0800244,-0.50,575, in,0,0.415142,-0.00938645,-0.00386047,"in their ancestry, and many of us"
jtw_legacy,3783,Most Americans have some Irish,0.160049,+1.00,575, in,0,0.403549,0.0188007,0.00773239,"in their ancestry, and many of us"
jtw_legacy,3783,Most Americans have some Irish,-0.160049,-1.00,575, in,0,0.419006,-0.0187822,-0.00772476,"in their ancestry, and many of us"
jtw_legacy,3783,Most Americans have some Irish,0.320097,+2.00,575, in,0,0.395817,0.0376014,0.0154648,"in their ancestry, and many of us"
jtw_legacy,3783,Most Americans have some Irish,-0.320097,-2.00,575, in,0,0.426743,-0.0375922,-0.015461,"in their ancestry, and many of us"
oracle,1728,Research suggests excellent students are more likely to come from households where at least one parent is highly,0,+0.00,33793, educated,0,10.0325,0,0,"educated.  The study, published in"
oracle,1728,Research suggests excellent students are more likely to come from households where at least one parent is highly,0.883807,+0.25,33793, educated,0,7.52189,0.25025,2.51064,"educated.  The study, published in"
oracle,1728,Research suggests excellent students are more likely to come from households where at least one parent is highly,-0.883807,-0.25,33793, educated,0,12.5432,-0.25025,-2.51064,"educated.  The study, published in"
oracle,1728,Research suggests excellent students are more likely to come from households where at least one parent is highly,1.76761,+0.50,33793, educated,0,5.01125,0.5005,5.02128,"educated.  The study, published in"
oracle,1728,Research suggests excellent students are more likely to come from households where at least one parent is highly,-1.76761,-0.50,33793, educated,0,15.0538,-0.5005,-5.02129,"educated.  The study, published in"
oracle,1728,Research suggests excellent students are more likely to come from households where at least one parent is highly,3.53523,+1.00,235290,-,1,-0.0100327,1.001,10.0426,"-educated.  The study, by"
oracle,1728,Research suggests excellent students are more likely to come from households where at least one parent is highly,-3.53523,-1.00,33793, educated,0,20.0751,-1.001,-10.0426,"educated.  The study, published in"
oracle,1728,Research suggests excellent students are more likely to come from households where at least one parent is highly,7.07046,+2.00,235290,-,1,-10.0526,2.002,20.0851,- or-very- <strong>
oracle,1728,Research suggests excellent students are more likely to come from households where at least one parent is highly,-7.07046,-2.00,33793, educated,0,30.1177,-2.002,-20.0851,"educated.  The study, published in"
md_full,1728,Research suggests excellent students are more likely to come from households where at least one parent is highly,0,+0.00,33793, educated,0,10.0325,0,0,"educated.  The study, published in"
md_full,1728,Research suggests excellent students are more likely to come from households where at least one parent is highly,103.344,+0.25,33793, educated,0,12.5432,-0.25025,-2.51064,"educated. However, the research also suggests"
md_full,1728,Research suggests excellent students are more likely to come from households where at least one parent is highly,-103.344,-0.25,109,\n\n,0,7.52189,0.25025,2.51064,
md_full,1728,Research suggests excellent students are more likely to come from households where at least one parent is highly,206.687,+0.50,33793, educated,0,15.0538,-0.500501,-5.02129,educated. They are also more likely their
md_full,1728,Research suggests excellent students are more likely to come from households where at least one parent is highly,-206.687,-0.50,109,\n\n,0,5.01125,0.5005,5.02128,
md_full,1728,Research suggests excellent students are more likely to come from households where at least one parent is highly,413.375,+1.00,33793, educated,0,20.0751,-1.001,-10.0426,educated. They are often their their their
md_full,1728,Research suggests excellent students are more likely to come from households where at least one parent is highly,-413.375,-1.00,109,\n\n,0,-0.0100403,1.001,10.0426,
md_full,1728,Research suggests excellent students are more likely to come from households where at least one parent is highly,826.75,+2.00,87936,GraphicsUnit,0,30.1177,-2.002,-20.0851,GraphicsUnitGraphicsUnitGraphicsUnitGraphicsUnitGraphicsUnitGraphicsUnitGraphicsUnitGraphicsUnit
md_full,1728,Research suggests excellent students are more likely to come from households where at least one parent is highly,-826.75,-2.00,109,\n\n,0,-10.0526,2.002,20.0851,
jtw_legacy,1728,Research suggests excellent students are more likely to come from households where at least one parent is highly,0,+0.00,33793, educated,0,10.0325,0,0,"educated.  The study, published in"
jtw_legacy,1728,Research suggests excellent students are more likely to come from households where at least one parent is highly,0.883807,+0.25,33793, educated,0,10.1055,-0.00727366,-0.0729733,"educated.  The study, published in"
jtw_legacy,1728,Research suggests excellent students are more likely to come from households where at least one parent is highly,-0.883807,-0.25,33793, educated,0,9.95956,0.00727366,0.0729733,"educated.  The study, published in"
jtw_legacy,1728,Research suggests excellent students are more likely to come from households where at least one parent is highly,1.76761,+0.50,33793, educated,0,10.1785,-0.0145475,-0.145948,"educated.  The study, published in"
jtw_legacy,1728,Research suggests excellent students are more likely to come from households where at least one parent is highly,-1.76761,-0.50,33793, educated,0,9.88659,0.0145468,0.145941,"educated.  The study, published in"
jtw_legacy,1728,Research suggests excellent students are more likely to come from households where at least one parent is highly,3.53523,+1.00,33793, educated,0,10.3244,-0.0290941,-0.291887,"educated.  The study, published in"
jtw_legacy,1728,Research suggests excellent students are more likely to come from households where at least one parent is highly,-3.53523,-1.00,33793, educated,0,9.74064,0.0290941,0.291887,"educated.  The study, published in"
jtw_legacy,1728,Research suggests excellent students are more likely to come from households where at least one parent is highly,7.07046,+2.00,33793, educated,0,10.6163,-0.0581886,-0.583778,"educated.  The study, published in"
jtw_legacy,1728,Research suggests excellent students are more likely to come from households where at least one parent is highly,-7.07046,-2.00,33793, educated,0,9.44876,0.058188,0.583773,"educated.  The study, published in"
oracle,1324,"Numerous strange things have happened in the Bermuda Triangle, which is located off the southeast coast of",0,+0.00,573, the,0,2.57013,0,0,the United States.  The Bermuda Triangle
oracle,1324,"Numerous strange things have happened in the Bermuda Triangle, which is located off the southeast coast of",0.258472,+0.25,573, the,0,1.92695,0.250252,0.643179,the United States.  The Bermuda Triangle
oracle,1324,"Numerous strange things have happened in the Bermuda Triangle, which is located off the southeast coast of",-0.258472,-0.25,573, the,0,3.2133,-0.250249,-0.643171,the United States.  The Bermuda Triangle
oracle,1324,"Numerous strange things have happened in the Bermuda Triangle, which is located off the southeast coast of",0.516945,+0.50,573, the,0,1.28378,0.5005,1.28635,the United States.  The Bermuda Triangle
oracle,1324,"Numerous strange things have happened in the Bermuda Triangle, which is located off the southeast coast of",-0.516945,-0.50,573, the,0,3.85647,-0.500498,-1.28634,the United States.  The Bermuda Triangle
oracle,1324,"Numerous strange things have happened in the Bermuda Triangle, which is located off the southeast coast of",1.03389,+1.00,11651, Florida,1,-0.00256729,1.001,2.57269,Florida. The Bermuda Triangle is a region
oracle,1324,"Numerous strange things have happened in the Bermuda Triangle, which is located off the southeast coast of",-1.03389,-1.00,573, the,0,5.14282,-1.001,-2.57269,the United States.  The Bermuda Triangle
oracle,1324,"Numerous strange things have happened in the Bermuda Triangle, which is located off the southeast coast of",2.06778,+2.00,11651, Florida,1,-2.57526,2.002,5.14539,Florida. The Bermuda Triangle is a region
oracle,1324,"Numerous strange things have happened in the Bermuda Triangle, which is located off the southeast coast of",-2.06778,-2.00,573, the,0,7.7155,-2.00199,-5.14538,the United States.  The Bermuda Triangle
md_full,1324,"Numerous strange things have happened in the Bermuda Triangle, which is located off the southeast coast of",0,+0.00,573, the,0,2.57013,0,0,the United States.  The Bermuda Triangle
md_full,1324,"Numerous strange things have happened in the Bermuda Triangle, which is located off the southeast coast of",28.5335,+0.25,573, the,0,1.92695,0.250251,0.643177,the United States. The Bermuda Triangle is
md_full,1324,"Numerous strange things have happened in the Bermuda Triangle, which is located off the southeast coast of",-28.5335,-0.25,573, the,0,3.2133,-0.25025,-0.643173,the United States.  The Bermuda Triangle
md_full,1324,"Numerous strange things have happened in the Bermuda Triangle, which is located off the southeast coast of",57.067,+0.50,573, the,0,1.28378,0.500501,1.28635,the United States. Many ships and planes
md_full,1324,"Numerous strange things have happened in the Bermuda Triangle, which is located off the southeast coast of",-57.067,-0.50,109,\n\n,0,3.85647,-0.500499,-1.28634,
md_full,1324,"Numerous strange things have happened in the Bermuda Triangle, which is located off the southeast coast of",114.134,+1.00,11651, Florida,1,-0.0025692,1.001,2.57269,Florida. Many ships and planes have disappeared
md_full,1324,"Numerous strange things have happened in the Bermuda Triangle, which is located off the southeast coast of",-114.134,-1.00,109,\n\n,0,5.14281,-1.001,-2.57269,
md_full,1324,"Numerous strange things have happened in the Bermuda Triangle, which is located off the southeast coast of",228.268,+2.00,1024, their,0,-2.57526,2.002,5.14539,their Their most notable characteristic is their They
md_full,1324,"Numerous strange things have happened in the Bermuda Triangle, which is located off the southeast coast of",-228.268,-2.00,109,\n\n,0,7.71551,-2.002,-5.14538,
oracle,2073,Cats can be left- or,0,+0.00,1833, right,0,6.65137,0,0,"right-handed, and they can be"
oracle,2073,Cats can be left- or,0.891988,+0.25,1833, right,0,4.98686,0.25025,1.66451,"right-handed, and they can be"
oracle,2073,Cats can be left- or,-0.891988,-0.25,1833, right,0,8.31587,-0.25025,-1.6645,"right-handed, and they can be"
oracle,2073,Cats can be left- or,1.78398,+0.50,1833, right,0,3.32236,0.5005,3.32901,"right-handed, and they can be"
oracle,2073,Cats can be left- or,-1.78398,-0.50,1833, right,0,9.98038,-0.5005,-3.32901,"right-handed, and they can be"
oracle,2073,Cats can be left- or,3.56795,+1.00,33595, righ,1,-0.00665426,1.001,6.65802,"righthanded, and they can be"
oracle,2073,Cats can be left- or,-3.56795,-1.00,1833, right,0,13.3094,-1.001,-6.65802,"right-handed, and they can be"
oracle,2073,Cats can be left- or,7.1359,+2.00,33595, righ,1,-6.66467,2.002,13.316,"righthanded, but they are usually"
oracle,2073,Cats can be left- or,-7.1359,-2.00,1833, right,0,19.9674,-2.002,-13.316,"right-pawed, but the majority"
md_full,2073,Cats can be left- or,0,+0.00,1833, right,0,6.65137,0,0,"right-handed, and they can be"
md_full,2073,Cats can be left- or,104.419,+0.25,1833, right,0,4.98686,0.25025,1.66451,"right-handed, but they are most"
md_full,2073,Cats can be left- or,-104.419,-0.25,109,\n\n,0,8.31587,-0.25025,-1.6645,
md_full,2073,Cats can be left- or,208.838,+0.50,1024, their,0,3.32236,0.5005,3.32901,"their dominant eye, but they are often"
md_full,2073,Cats can be left- or,-208.838,-0.50,109,\n\n,0,9.98038,-0.5005,-3.32901,
md_full,2073,Cats can be left- or,417.675,+1.00,44415,inander,0,-0.00665569,1.001,6.65802,inander They They They They They They They
md_full,2073,Cats can be left- or,-417.675,-1.00,109,\n\n,0,13.3094,-1.001,-6.65802,
md_full,2073,Cats can be left- or,835.351,+2.00,44415,inander,0,-6.66468,2.002,13.316,inanderinanderinanderinanderinanderinanderinanderinander
md_full,2073,Cats can be left- or,-835.351,-2.00,109,\n\n,0,19.9674,-2.002,-13.316,
oracle,2774,"Of the periodic elements in the periodic table, hormesis is largely only observed with a limited",0,+0.00,1758, number,0,5.98308,0,0,number of elements. The elements that are
oracle,2774,"Of the periodic elements in the periodic table, hormesis is largely only observed with a limited",0.706834,+0.25,1758, number,0,4.48581,0.25025,1.49727,number of elements. The elements that are
oracle,2774,"Of the periodic elements in the periodic table, hormesis is largely only observed with a limited",-0.706834,-0.25,1758, number,0,7.48035,-0.25025,-1.49726,number of elements. The elements that are
oracle,2774,"Of the periodic elements in the periodic table, hormesis is largely only observed with a limited",1.41367,+0.50,1758, number,0,2.98855,0.5005,2.99453,number of elements. The elements that are
oracle,2774,"Of the periodic elements in the periodic table, hormesis is largely only observed with a limited",-1.41367,-0.50,1758, number,0,8.97762,-0.5005,-2.99453,number of elements. The elements that are
oracle,2774,"Of the periodic elements in the periodic table, hormesis is largely only observed with a limited",2.82734,+1.00,1142, set,1,-0.00598145,1.001,5.98906,set of elements. The elements that are
oracle,2774,"Of the periodic elements in the periodic table, hormesis is largely only observed with a limited",-2.82734,-1.00,1758, number,0,11.9721,-1.001,-5.98907,number of elements. The elements that are
oracle,2774,"Of the periodic elements in the periodic table, hormesis is largely only observed with a limited",5.65467,+2.00,1142, set,1,-5.99504,2.002,11.9781,set of elements. The elements that are
oracle,2774,"Of the periodic elements in the periodic table, hormesis is largely only observed with a limited",-5.65467,-2.00,1758, number,0,17.9612,-2.002,-11.9781,number of elements. The elements that are
md_full,2774,"Of the periodic elements in the periodic table, hormesis is largely only observed with a limited",0,+0.00,1758, number,0,5.98308,0,0,number of elements. The elements that are
md_full,2774,"Of the periodic elements in the periodic table, hormesis is largely only observed with a limited",35.0667,+0.25,1758, number,0,7.48035,-0.25025,-1.49727,number of elements. The most common elements
md_full,2774,"Of the periodic elements in the periodic table, hormesis is largely only observed with a limited",-35.0667,-0.25,1758, number,0,4.48582,0.250249,1.49726,number of elements.  The elements that
md_full,2774,"Of the periodic elements in the periodic table, hormesis is largely only observed with a limited",70.1334,+0.50,1758, number,0,8.97762,-0.500501,-2.99454,number of elements. The most common elements
md_full,2774,"Of the periodic elements in the periodic table, hormesis is largely only observed with a limited",-70.1334,-0.50,1758, number,0,2.98855,0.5005,2.99453,number of elements.  The elements that
md_full,2774,"Of the periodic elements in the periodic table, hormesis is largely only observed with a limited",140.267,+1.00,1758, number,0,11.9721,-1.001,-5.98907,number of them. These include some of
md_full,2774,"Of the periodic elements in the periodic table, hormesis is largely only observed with a limited",-140.267,-1.00,109,\n\n,0,-0.00598526,1.001,5.98907,
md_full,2774,"Of the periodic elements in the periodic table, hormesis is largely only observed with a limited",280.534,+2.00,1758, number,0,17.9612,-2.002,-11.9781,number of them. These include some with
md_full,2774,"Of the periodic elements in the periodic table, hormesis is largely only observed with a limited",-280.534,-2.00,109,\n\n,0,-5.99505,2.002,11.9781,
oracle,3337,Peanuts are one of the ingredients in,0,+0.00,573, the,0,6.41117,0,0,the famous peanut butter and jelly sandwich.
oracle,3337,Peanuts are one of the ingredients in,0.772457,+0.25,573, the,0,4.80678,0.250249,1.60439,the famous peanut butter and jelly sandwich.
oracle,3337,Peanuts are one of the ingredients in,-0.772457,-0.25,573, the,0,8.01557,-0.25025,-1.6044,the famous peanut butter and jelly sandwich.
oracle,3337,Peanuts are one of the ingredients in,1.54491,+0.50,573, the,0,3.20238,0.5005,3.20879,the famous peanut butter and jelly sandwich.
oracle,3337,Peanuts are one of the ingredients in,-1.54491,-0.50,573, the,0,9.61996,-0.500498,-3.20878,the famous peanut butter and jelly sandwich.
oracle,3337,Peanuts are one of the ingredients in,3.08983,+1.00,1767, many,1,-0.00640488,1.001,6.41758,"many foods, including peanut butter, peanut"
oracle,3337,Peanuts are one of the ingredients in,-3.08983,-1.00,573, the,0,12.8288,-1.001,-6.41758,"the famous Chinese dish, <em><strong>"
oracle,3337,Peanuts are one of the ingredients in,6.17966,+2.00,1767, many,1,-6.42399,2.002,12.8352,"many foods, including peanut butter, peanut"
oracle,3337,Peanuts are one of the ingredients in,-6.17966,-2.00,573, the,0,19.2463,-2.002,-12.8352,the <strong><em>“</em></strong><strong>
md_full,3337,Peanuts are one of the ingredients in,0,+0.00,573, the,0,6.41117,0,0,the famous peanut butter and jelly sandwich.
md_full,3337,Peanuts are one of the ingredients in,22.5997,+0.25,573, the,0,4.80678,0.25025,1.6044,"the famous Chinese dish, Peking Duck."
md_full,3337,Peanuts are one of the ingredients in,-22.5997,-0.25,573, the,0,8.01557,-0.250249,-1.60439,the famous peanut butter and jelly sandwich.
md_full,3337,Peanuts are one of the ingredients in,45.1994,+0.50,573, the,0,3.20238,0.5005,3.20879,"the famous Chinese dish, Peking Duck."
md_full,3337,Peanuts are one of the ingredients in,-45.1994,-0.50,573, the,0,9.61996,-0.5005,-3.20879,the famous peanut butter and jelly sandwich.
md_full,3337,Peanuts are one of the ingredients in,90.3988,+1.00,1767, many,1,-0.00640869,1.001,6.41758,"many of our favorite foods, including some"
md_full,3337,Peanuts are one of the ingredients in,-90.3988,-1.00,573, the,0,12.8288,-1.001,-6.41758,the famous peanut  butter
md_full,3337,Peanuts are one of the ingredients in,180.798,+2.00,1767, many,1,-6.42398,2.002,12.8352,many different types of food. They are
md_full,3337,Peanuts are one of the ingredients in,-180.798,-2.00,109,\n\n,0,19.2463,-2.002,-12.8352,
jtw_legacy,3337,Peanuts are one of the ingredients in,0,+0.00,573, the,0,6.41117,0,0,the famous peanut butter and jelly sandwich.
jtw_legacy,3337,Peanuts are one of the ingredients in,0.772457,+0.25,573, the,0,6.37286,0.00597626,0.0383148,the famous peanut butter and jelly sandwich.
jtw_legacy,3337,Peanuts are one of the ingredients in,-0.772457,-0.25,573, the,0,6.44949,-0.00597626,-0.0383148,the famous peanut butter and jelly sandwich.
jtw_legacy,3337,Peanuts are one of the ingredients in,1.54491,+0.50,573, the,0,6.33455,0.0119519,0.0766258,the famous peanut butter and jelly sandwich.
jtw_legacy,3337,Peanuts are one of the ingredients in,-1.54491,-0.50,573, the,0,6.4878,-0.0119513,-0.076622,the famous peanut butter and jelly sandwich.
jtw_legacy,3337,Peanuts are one of the ingredients in,3.08983,+1.00,573, the,0,6.25792,0.0239044,0.153255,the famous peanut butter and jelly sandwich.
jtw_legacy,3337,Peanuts are one of the ingredients in,-3.08983,-1.00,573, the,0,6.56443,-0.0239044,-0.153255,the famous peanut butter and jelly sandwich.
jtw_legacy,3337,Peanuts are one of the ingredients in,6.17966,+2.00,573, the,0,6.10466,0.0478089,0.306511,the famous peanut butter and jelly sandwich.
jtw_legacy,3337,Peanuts are one of the ingredients in,-6.17966,-2.00,573, the,0,6.71768,-0.0478083,-0.306507,the famous peanut butter and jelly sandwich.
oracle,3428,There are actually people who live in Antarctica,0,+0.00,235265,.,0,14.7835,0,0,. They are called scientists. They live
oracle,3428,There are actually people who live in Antarctica,2.52046,+0.25,235265,.,0,11.0839,0.25025,3.69957,. They are called scientists. They live
oracle,3428,There are actually people who live in Antarctica,-2.52046,-0.25,235265,.,0,18.4831,-0.250249,-3.69956,. They are called scientists. They live
oracle,3428,There are actually people who live in Antarctica,5.04093,+0.50,235265,.,0,7.38436,0.5005,7.39914,. They are called scientists and they live
oracle,3428,There are actually people who live in Antarctica,-5.04093,-0.50,235265,.,0,22.1826,-0.5005,-7.39914,. They are called scientists. They live
oracle,3428,There are actually people who live in Antarctica,10.0819,+1.00,235269,",",1,-0.0147781,1.001,14.7983,", and they are called the “Ant"
oracle,3428,There are actually people who live in Antarctica,-10.0819,-1.00,235265,.,0,29.5818,-1.001,-14.7983,. They are called scientists. They live
oracle,3428,There are actually people who live in Antarctica,20.1637,+2.00,235269,",",1,-14.8131,2.002,29.5966,", and they are called, you guessed"
oracle,3428,There are actually people who live in Antarctica,-20.1637,-2.00,235265,.,0,44.3801,-2.002,-29.5966,.  The Antarctic.  The coldest
md_full,3428,There are actually people who live in Antarctica,0,+0.00,235265,.,0,14.7835,0,0,. They are called scientists. They live
md_full,3428,There are actually people who live in Antarctica,211.964,+0.25,235265,.,0,11.0839,0.25025,3.69958,". They are called their own, and"
md_full,3428,There are actually people who live in Antarctica,-211.964,-0.25,109,\n\n,0,18.4831,-0.25025,-3.69957,
md_full,3428,There are actually people who live in Antarctica,423.927,+0.50,235265,.,0,7.38437,0.500499,7.39913,. They are some of their most important
md_full,3428,There are actually people who live in Antarctica,-423.927,-0.50,109,\n\n,0,22.1826,-0.5005,-7.39914,
md_full,3428,There are actually people who live in Antarctica,847.854,+1.00,2365, They,0,-0.0147705,1.001,14.7983,They They They They They They They They
md_full,3428,There are actually people who live in Antarctica,-847.854,-1.00,109,\n\n,0,29.5818,-1.001,-14.7983,
md_full,3428,There are actually people who live in Antarctica,1695.71,+2.00,10368, Their,0,-14.813,2.002,29.5965,Their Their Their Their Their Their Their Their
md_full,3428,There are actually people who live in Antarctica,-1695.71,-2.00,109,\n\n,0,44.3801,-2.002,-29.5966,
oracle,2703,Voters tend to believe candidates whose ideas conflicts with the voter’s,0,+0.00,1997, own,0,11.1009,0,0,own beliefs.  This is the conclusion
oracle,2703,Voters tend to believe candidates whose ideas conflicts with the voter’s,1.1923,+0.25,1997, own,0,8.32291,0.25025,2.77801,own beliefs.  This is the conclusion
oracle,2703,Voters tend to believe candidates whose ideas conflicts with the voter’s,-1.1923,-0.25,1997, own,0,13.8789,-0.25025,-2.77801,own views.  This is the conclusion
oracle,2703,Voters tend to believe candidates whose ideas conflicts with the voter’s,2.38461,+0.50,1997, own,0,5.5449,0.500501,5.55602,own beliefs.  This is the conclusion
oracle,2703,Voters tend to believe candidates whose ideas conflicts with the voter’s,-2.38461,-0.50,1997, own,0,16.6569,-0.500501,-5.55602,own.  This is the conclusion of
oracle,2703,Voters tend to believe candidates whose ideas conflicts with the voter’s,4.76921,+1.00,29013, beliefs,1,-0.0111084,1.001,11.112,beliefs.  This is the conclusion of
oracle,2703,Voters tend to believe candidates whose ideas conflicts with the voter’s,-4.76921,-1.00,1997, own,0,22.2129,-1.001,-11.112,own.  This is the conclusion of
oracle,2703,Voters tend to believe candidates whose ideas conflicts with the voter’s,9.53842,+2.00,29013, beliefs,1,-11.1231,2.002,22.2241,beliefs.  This is the conclusion of
oracle,2703,Voters tend to believe candidates whose ideas conflicts with the voter’s,-9.53842,-2.00,1997, own,0,33.325,-2.002,-22.2241,own.  The 201
md_full,2703,Voters tend to believe candidates whose ideas conflicts with the voter’s,0,+0.00,1997, own,0,11.1009,0,0,own beliefs.  This is the conclusion
md_full,2703,Voters tend to believe candidates whose ideas conflicts with the voter’s,125.975,+0.25,1997, own,0,13.8789,-0.25025,-2.77801,"own, but they are more likely to"
md_full,2703,Voters tend to believe candidates whose ideas conflicts with the voter’s,-125.975,-0.25,109,\n\n,0,8.32291,0.25025,2.77801,
md_full,2703,Voters tend to believe candidates whose ideas conflicts with the voter’s,251.95,+0.50,1997, own,0,16.6569,-0.500501,-5.55602,"own, but they are much less likely"
md_full,2703,Voters tend to believe candidates whose ideas conflicts with the voter’s,-251.95,-0.50,109,\n\n,0,5.5449,0.5005,5.55601,
md_full,2703,Voters tend to believe candidates whose ideas conflicts with the voter’s,503.9,+1.00,1024, their,0,22.2129,-1.001,-11.112,their their their their their their their their
md_full,2703,Voters tend to believe candidates whose ideas conflicts with the voter’s,-503.9,-1.00,109,\n\n,0,-0.0111122,1.001,11.112,
md_full,2703,Voters tend to believe candidates whose ideas conflicts with the voter’s,1007.8,+2.00,1024, their,0,33.325,-2.002,-22.2241,their their their their their their their their
md_full,2703,Voters tend to believe candidates whose ideas conflicts with the voter’s,-1007.8,-2.00,109,\n\n,0,-11.1231,2.002,22.2241,
oracle,1043,The Qu'ran is the holy book of the Muslim,0,+0.00,13068, religion,0,1.52845,0,0,religion. It is the word of God
oracle,1043,The Qu'ran is the holy book of the Muslim,0.204944,+0.25,13068, religion,0,1.14595,0.250251,0.382496,religion. It is the word of God
oracle,1043,The Qu'ran is the holy book of the Muslim,-0.204944,-0.25,13068, religion,0,1.91094,-0.250247,-0.38249,religion. It is the word of God
oracle,1043,The Qu'ran is the holy book of the Muslim,0.409889,+0.50,13068, religion,0,0.763458,0.500501,0.76499,religion. It is the word of God
oracle,1043,The Qu'ran is the holy book of the Muslim,-0.409889,-0.50,13068, religion,0,2.29343,-0.500496,-0.764982,religion. It is the word of God
oracle,1043,The Qu'ran is the holy book of the Muslim,0.819778,+1.00,8278, faith,1,-0.00152206,1.001,1.52997,faith. It is the word of God
oracle,1043,The Qu'ran is the holy book of the Muslim,-0.819778,-1.00,13068, religion,0,3.05841,-1.00099,-1.52997,religion. It is the word of God
oracle,1043,The Qu'ran is the holy book of the Muslim,1.63956,+2.00,8278, faith,1,-1.53149,2.00199,3.05993,faith. It is the word of God
oracle,1043,The Qu'ran is the holy book of the Muslim,-1.63956,-2.00,13068, religion,0,4.58838,-2.00199,-3.05993,religion. It is the word of God
md_full,1043,The Qu'ran is the holy book of the Muslim,0,+0.00,13068, religion,0,1.52845,0,0,religion. It is the word of God
md_full,1043,The Qu'ran is the holy book of the Muslim,28.6224,+0.25,13068, religion,0,1.14595,0.25025,0.382494,religion. It is the word of God
md_full,1043,The Qu'ran is the holy book of the Muslim,-28.6224,-0.25,13068, religion,0,1.91094,-0.250247,-0.38249,religion. It is the word of God
md_full,1043,The Qu'ran is the holy book of the Muslim,57.2449,+0.50,13068, religion,0,0.763464,0.500497,0.764984,religion. It is the word of God
md_full,1043,The Qu'ran is the holy book of the Muslim,-57.2449,-0.50,13068, religion,0,2.29343,-0.500496,-0.764982,religion. It is the word  of
md_full,1043,The Qu'ran is the holy book of the Muslim,114.49,+1.00,235269,",",0,-0.00152206,1.001,1.52997,", and it is the most important book"
md_full,1043,The Qu'ran is the holy book of the Muslim,-114.49,-1.00,109,\n\n,0,3.05841,-1.00099,-1.52996,The Qu    The  The
md_full,1043,The Qu'ran is the holy book of the Muslim,228.979,+2.00,235269,",",0,-1.53149,2.00199,3.05994,", and it is their most important document"
md_full,1043,The Qu'ran is the holy book of the Muslim,-228.979,-2.00,109,\n\n,0,4.58838,-2.00199,-3.05993,
