stmt,direction,frac,eps,gain,dM,slope,cos_first
2036,random0,0.01,0.006026202250403132,1.000008001235517,1.841386001505599e-05,0.003055632594114173,0.0030628035922042425
2036,random0,0.1,0.06026202250403132,1.0000007179018384,0.00018458706731432854,0.0030630745475225345,0.0030628035922042425
2036,random0,1.0,0.6026202250403132,1.0000002283905909,0.0018457051170555879,0.003062799820454278,0.0030628035922042425
2036,random0,4.0,2.410480900161253,0.9999999591655991,0.007382915950512893,0.003062839431757788,0.0030628035922042425
2036,random1,0.01,0.006026202250403132,0.9999964999441625,7.701632533863771e-05,0.012780242371302023,0.012797914413516714
2036,random1,0.1,0.06026202250403132,1.0000032758594695,0.0007712565542850693,0.012798384824098378,0.012797914413516714
2036,random1,1.0,0.6026202250403132,0.9999998412034277,0.0077123067894160745,0.012797955443497018,0.012797914413516714
2036,random1,4.0,2.410480900161253,0.9999999985111359,0.03084907889627457,0.012797893936521493,0.012797914413516714
2036,random2,0.01,0.006026202250403132,1.0000099938002465,2.0362921728432016e-05,0.0033790637755428485,0.003385698549354152
2036,random2,0.1,0.06026202250403132,0.9999981213046478,0.0002041066656828069,0.003386986649330478,0.003385698549354152
2036,random2,1.0,0.6026202250403132,0.9999999873171411,0.002040352903965333,0.0033858022336187617,0.003385698549354152
2036,random2,4.0,2.410480900161253,1.0000000212417848,0.008161263603150015,0.0033857408298087134,0.003385698549354152
2036,random3,0.01,0.006026202250403132,1.0000280892540083,3.2910638928337722e-06,0.0005461256951031823,0.0005572910666258191
2036,random3,0.1,0.06026202250403132,0.9999980839511317,3.350314188282867e-05,0.0005559578071012705,0.0005572910666258191
2036,random3,1.0,0.6026202250403132,1.0000001060597232,0.0003356475500507737,0.0005569802275194465,0.0005572910666258191
2036,random3,4.0,2.410480900161253,0.9999999718497671,0.0013434495577646713,0.0005573367362814611,0.0005572910666258191
2036,random4,0.01,0.006026202250403132,1.0000186549070675,-3.318705234377342e-05,-0.005507125543546655,-0.00552671474472532
2036,random4,0.1,0.06026202250403132,1.0000018534554462,-0.00033300439832217486,-0.005525941289141067,-0.00552671474472532
2036,random4,1.0,0.6026202250403132,1.0000000249252048,-0.003330334289430445,-0.005526423029043967,-0.00552671474472532
2036,random4,4.0,2.410480900161253,0.9999999915010991,-0.013322006075058769,-0.0055267005327308645,-0.00552671474472532
2036,random5,0.01,0.006026202250403132,1.0000174715522951,6.265602649564699e-05,0.01039726578898933,0.010394591403080973
2036,random5,0.1,0.06026202250403132,0.9999988451024272,0.0006263930697168275,0.010394491317893023,0.010394591403080973
2036,random5,1.0,0.6026202250403132,0.9999996029640748,0.006263850217268176,0.01039435776794439,0.010394591403080973
2036,random5,4.0,2.410480900161253,1.0000000514876533,0.025055982843449492,0.010394599202911475,0.010394591403080973
2036,random6,0.01,0.006026202250403132,0.9999885538145115,3.302660930475651e-05,0.005480501306199463,0.005488110898992447
2036,random6,0.1,0.06026202250403132,1.0000002243427388,0.0003307426415112997,0.0054884092462906325,0.005488110898992447
2036,random6,1.0,0.6026202250403132,1.000000269205798,0.0033073325563583627,0.005488253495204403,0.005488110898992447
2036,random6,4.0,2.410480900161253,0.9999999579969776,0.013228910422007606,0.00548807933766355,0.005488110898992447
2036,random7,0.01,0.006026202250403132,1.0000013067937543,3.69269240687369e-06,0.0006127727303919582,0.0006297583374925771
2036,random7,0.1,0.06026202250403132,1.0000000722588938,3.80128947844119e-05,0.0006307935446718365,0.0006297583374925771
2036,random7,1.0,0.6026202250403132,0.9999998032592953,0.0003794354030211464,0.0006296426625836588,0.0006297583374925771
2036,random7,4.0,2.410480900161253,1.0000000289493325,0.0015180402144684257,0.0006297665392689376,0.0006297583374925771
2036,a_unit,0.01,0.006026202250403132,0.99998383884068,0.006026102847617995,0.9999835049039169,0.9999999361220955
2036,a_unit,0.1,0.06026202250403132,1.000001155823195,0.060262090073971035,1.0000011212690332,0.9999999361220955
2036,a_unit,1.0,0.6026202250403132,0.9999999483655589,0.6026201746601918,0.9999999163982234,0.9999999361220955
2036,a_unit,4.0,2.410480900161253,1.0000000425438056,2.4104809257201674,1.000000010603243,0.9999999361220955
2036,oracle,0.01,0.006026202250403132,0.99998383884068,0.006026102847617995,0.9999835049039169,0.9999999680610471
2036,oracle,0.1,0.06026202250403132,1.0000012034243828,0.06026209294251826,1.000001168870277,0.9999999680610471
2036,oracle,1.0,0.6026202250403132,0.9999999663016816,0.6026201854688618,0.9999999343343455,0.9999999680610471
2036,oracle,4.0,2.410480900161253,1.000000071332217,2.4104809951140855,1.0000000393916553,0.9999999680610471
2036,md_full,0.01,0.006026202250403132,0.9999571518507264,9.20368532721935e-05,0.015272778683462964,0.01528578606945058
2036,md_full,0.1,0.06026202250403132,1.0000028456598833,0.0009209785361344294,0.015282901201545619,0.01528578606945058
2036,md_full,1.0,0.6026202250403132,0.9999999923870581,0.009211528145043318,0.015285793211515757,0.01528578606945058
2036,md_full,4.0,2.410480900161253,0.9999998371806169,0.0368460424397731,0.015285764113421613,0.01528578606945058
2036,mean_diff_tgt_asis,0.01,0.006026202250403132,1.0000101505623262,-1.6310588482110967e-05,-0.0027066115281842466,-0.0027054722929445033
2036,mean_diff_tgt_asis,0.1,0.06026202250403132,1.0000002612485435,-0.0001629990480584724,-0.0027048386576731358,-0.0027054722929445033
2036,mean_diff_tgt_asis,1.0,0.6026202250403132,1.0000002600994828,-0.0016303668205797529,-0.002705463163754066,-0.0027054722929445033
2036,mean_diff_tgt_asis,4.0,2.410480900161253,0.9999999765969564,-0.006521516188150223,-0.0027054834525815806,-0.0027054722929445033
2036,probe_grad_tgt_asis,0.01,0.006026202250403132,0.9999715730629364,4.313434509518784e-05,0.00715779910843555,0.00715208788054569
2036,probe_grad_tgt_asis,0.1,0.06026202250403132,0.9999993292079405,0.00043108810264927476,0.007153561807860605,0.00715208788054569
2036,probe_grad_tgt_asis,1.0,0.6026202250403132,0.9999999877737512,0.004310038124271836,0.007152163079132483,0.00715208788054569
2036,probe_grad_tgt_asis,4.0,2.410480900161253,0.999999993032015,0.017239940969414225,0.007152075325824375,0.00715208788054569
1171,random0,0.01,0.00421728868461372,0.9999866031523303,-1.7193062318326345e-05,-0.004076804697068333,-0.004064772889711891
1171,random0,0.1,0.04217288684613721,1.00000198279566,-0.0001715181887683691,-0.004067025086381517,-0.004064772889711891
1171,random0,1.0,0.42172886846137203,1.0000001211027516,-0.001714225373439648,-0.004064757007728204,-0.004064772889711891
1171,random0,4.0,1.6869154738454881,0.9999999201085206,-0.006856910567552096,-0.004064762386654206,-0.004064772889711891
1171,random1,0.01,0.00421728868461372,1.0000076590131417,0.00010750432523988547,0.02549133656230419,0.025489014702994882
1171,random1,0.1,0.04217288684613721,1.0000007799554134,0.0010749441797176227,0.025488987359092333,0.025489014702994882
1171,random1,1.0,0.42172886846137203,1.0000001245382781,0.010749457840011778,0.025489025399731125,0.025489014702994882
1171,random1,4.0,1.6869154738454881,0.9999999864500555,0.04299774177506626,0.025488972293939968,0.025489014702994882
1171,random2,0.01,0.00421728868461372,0.9999965290815929,-6.856977295266833e-05,-0.016259207770821345,-0.016261195315807022
1171,random2,0.1,0.04217288684613721,1.000001864964937,-0.0006858027420331877,-0.0162616978186781,-0.016261195315807022
1171,random2,1.0,0.42172886846137203,0.9999999823634275,-0.0068579325296147615,-0.01626147281459559,-0.016261195315807022
1171,random2,4.0,1.6869154738454881,1.0000000645919995,-0.027431243874874865,-0.016261184570405696,-0.016261195315807022
1171,random3,0.01,0.00421728868461372,0.9999942643528741,1.3971553719194728e-05,0.0033129232462004066,0.0032937310120648294
1171,random3,0.1,0.04217288684613721,1.0000027303353025,0.00013885518192254225,0.003292522573309695,0.0032937310120648294
1171,random3,1.0,0.42172886846137203,1.000000011709446,0.0013890541423796253,0.0032937136778125368,0.0032937310120648294
1171,random3,4.0,1.6869154738454881,0.9999999825434933,0.005556309611403364,0.003293768832849233,0.0032937310120648294
1171,random4,0.01,0.00421728868461372,0.9999991581822908,-0.0001932717620860605,-0.04582844015188946,-0.04582678620701958
1171,random4,0.1,0.04217288684613721,0.999998945860494,-0.0019326482179975373,-0.04582679447694856,-0.04582678620701958
1171,random4,1.0,0.42172886846137203,0.9999999743305789,-0.019326435715863264,-0.04582668430163077,-0.04582678620701958
1171,random4,4.0,1.6869154738454881,1.0000000146811487,-0.0773059254571454,-0.04582679254279352,-0.04582678620701958
1171,random5,0.01,0.00421728868461372,0.999969741054031,-5.21691406469423e-05,-0.0123703034220245,-0.01237897179509272
1171,random5,0.1,0.04217288684613721,0.9999969523706731,-0.000521975854494351,-0.012377048230032679,-0.01237897179509272
1171,random5,1.0,0.42172886846137203,1.0000001635445974,-0.005220720066697989,-0.012379328182453266,-0.01237897179509272
1171,random5,4.0,1.6869154738454881,0.9999999611686007,-0.02088219776797394,-0.012378923598567114,-0.01237897179509272
1171,random6,0.01,0.00421728868461372,1.0000136438763956,-9.394413862116372e-05,-0.022275956342260327,-0.022266385916851983
1171,random6,0.1,0.04217288684613721,0.9999988712388,-0.0009390582609871231,-0.022266871708668323,-0.022266385916851983
1171,random6,1.0,0.42172886846137203,0.999999881099616,-0.009390317539192467,-0.022266243175270244,-0.022266385916851983
1171,random6,4.0,1.6869154738454881,0.9999999957692122,-0.03756164148774246,-0.022266463299501923,-0.022266385916851983
1171,random7,0.01,0.00421728868461372,1.0000212495839171,-8.70117572408618e-05,-0.020632155810986787,-0.020614458566013953
1171,random7,0.1,0.04217288684613721,1.0000025808716775,-0.0008693770718194055,-0.020614597122346045,-0.020614458566013953
1171,random7,1.0,0.42172886846137203,1.0000002424590158,-0.008693832543558407,-0.02061474372213794,-0.020614458566013953
1171,random7,4.0,1.6869154738454881,1.0000000090423562,-0.03477468779333308,-0.020614362920070198,-0.020614458566013953
1171,a_unit,0.01,0.00421728868461372,0.9999942177725728,0.0042172633717744365,0.9999939978405139,1.0000001027847643
1171,a_unit,0.1,0.04217288684613721,1.0000023026003038,0.04217298600319368,1.0000023512039105,1.0000001027847643
1171,a_unit,1.0,0.42172886846137203,1.0000000818538788,0.42172892464420486,1.000000133220268,1.0000001027847643
1171,a_unit,4.0,1.6869154738454881,0.9999999635300981,1.686915499014114,1.0000000149199093,1.0000001027847643
1171,oracle,0.01,0.00421728868461372,0.9999932186012466,0.004217259158006879,0.9999929986754408,1.0000000513923806
1171,oracle,0.1,0.04217288684613721,1.00000230227943,0.04217298598966149,1.0000023508830362,1.0000000513923806
1171,oracle,1.0,0.42172886846137203,1.000000047972402,0.42172891035540727,1.0000000993387894,1.0000000513923806
1171,oracle,4.0,1.6869154738454881,0.9999998984708244,1.6869153892646236,0.9999999498606387,1.0000000513923806
1171,md_full,0.01,0.00421728868461372,0.9999909314890869,-5.469155171863128e-05,-0.012968415446200528,-0.012962951877970908
1171,md_full,0.1,0.04217288684613721,0.9999935653349973,-0.0005466130603367612,-0.01296124361443442,-0.012962951877970908
1171,md_full,1.0,0.42172886846137203,1.0000009365491451,-0.005466837555005075,-0.01296291993230197,-0.012962951877970908
1171,md_full,4.0,1.6869154738454881,0.9999997977466761,-0.02186741465257841,-0.012962958127789003,-0.012962951877970908
1171,mean_diff_tgt_asis,0.01,0.00421728868461372,0.9999985566993642,6.059793388580502e-05,0.01436893189382302,0.014375770175561456
1171,mean_diff_tgt_asis,0.1,0.04217288684613721,1.0000026090561567,0.0006062914911583592,0.014376333623314478,0.014375770175561456
1171,mean_diff_tgt_asis,1.0,0.42172886846137203,0.9999999110843282,0.006062573504227744,0.014375524081019938,0.014375770175561456
1171,mean_diff_tgt_asis,4.0,1.6869154738454881,1.0000000330285619,0.024250755661457204,0.014375797742951071,0.014375770175561456
1171,probe_grad_tgt_asis,0.01,0.00421728868461372,0.9999855497469258,1.0678967593820247e-05,0.0025321879511784906,0.0025080527348143866
1171,probe_grad_tgt_asis,0.1,0.04217288684613721,0.999994584903595,0.00010574531407910482,0.002507424129273011,0.0025080527348143866
1171,probe_grad_tgt_asis,1.0,0.42172886846137203,0.9999998469994738,0.001057814308956499,0.0025082805282356166,0.0025080527348143866
1171,probe_grad_tgt_asis,4.0,1.6869154738454881,1.0000000664115056,0.004230881907060384,0.0025080580341205103,0.0025080527348143866
2093,random0,0.01,0.042925953016862854,1.0000007792574694,0.0017687187581619781,0.04120394851727956,0.04120232304154471
2093,random0,0.1,0.42925953016862856,1.0000001870731168,0.01768655038846614,0.04120246411656423,0.04120232304154471
2093,random0,1.0,4.292595301686285,1.0000000066533146,0.17686493285204422,0.04120233108920501,0.04120232304154471
2093,random0,4.0,17.17038120674514,0.9999999962149414,0.7074595458122794,0.04120232028013239,0.04120232304154471
2093,random1,0.01,0.042925953016862854,0.9999989678771479,-0.0015573983520486719,-0.03628104311247021,-0.03627994471464274
2093,random1,0.1,0.42925953016862856,0.999999903943376,-0.015573513292332778,-0.036279947672250734,-0.03627994471464274
2093,random1,1.0,4.292595301686285,1.0000000210411324,-0.1557350840964687,-0.03627993629757978,-0.03627994471464274
2093,random1,4.0,17.17038120674514,1.0000000050922182,-0.6229405410480411,-0.03627994821706857,-0.03627994471464274
2093,random2,0.01,0.042925953016862854,1.0000051102502143,0.0008729348448825475,0.02033582910878245,0.020334696945246596
2093,random2,0.1,0.42925953016862856,0.999999788099457,0.008728754495893352,0.020334445440184833,0.020334696945246596
2093,random2,1.0,4.292595301686285,0.9999999997623809,0.08728862053564058,0.020334696005782443,0.020334696945246596
2093,random2,4.0,17.17038120674514,1.0000000048830808,0.34915453884394104,0.020334699308060828,0.020334696945246596
2093,random3,0.01,0.042925953016862854,0.9999996533100347,-0.0005525729670889848,-0.012872701204139005,-0.01287100250440439
2093,random3,0.1,0.42925953016862856,0.9999998719570091,-0.005524966287232756,-0.012870922830909196,-0.01287100250440439
2093,random3,1.0,4.292595301686285,0.9999999733090469,-0.055249969563386105,-0.01287099427744375,-0.01287100250440439
2093,random3,4.0,17.17038120674514,1.0000000048159061,-0.2210001408024252,-0.012871009568244671,-0.01287100250440439
2093,random4,0.01,0.042925953016862854,0.9999995693561856,0.0003476365544776139,0.008098516865567312,0.008097108273498483
2093,random4,0.1,0.42925953016862856,1.0000005130202734,0.003475716610406933,0.008097005112598308,0.008097108273498483
2093,random4,1.0,4.292595301686285,1.0000000005627954,0.034757593093341796,0.008097104583720661,0.008097108273498483
2093,random4,4.0,17.17038120674514,0.9999999949421066,0.1390304478228545,0.008097108977885615,0.008097108273498483
2093,random5,0.01,0.042925953016862854,1.0000012345459568,0.00017185030971132622,0.004003412798868257,0.004003514191567557
2093,random5,0.1,0.42925953016862856,0.9999998687811098,0.0017184839801842114,0.0040033682642040104,0.004003514191567557
2093,random5,1.0,4.292595301686285,0.9999999641270603,0.017185457049396797,0.004003512057762755,0.004003514191567557
2093,random5,4.0,17.17038120674514,0.9999999996723302,0.06874190787362783,0.004003516698081435,0.004003514191567557
2093,random6,0.01,0.042925953016862854,0.9999991991443086,0.0006194107253751673,0.014429748947724948,0.014429901451261657
2093,random6,0.1,0.42925953016862856,0.9999999319964876,0.0061940748973411605,0.01442967357045726,0.014429901451261657
2093,random6,1.0,4.292595301686285,0.9999999811149402,0.06194178298911012,0.01442991445403138,0.014429901451261657
2093,random6,4.0,17.17038120674514,0.9999999975967504,0.2477668556181168,0.014429898360135715,0.014429901451261657
2093,random7,0.01,0.042925953016862854,0.9999989083745023,1.1132974352018625e-06,2.5935299206159016e-05,2.571625658460714e-05
2093,random7,0.1,0.42925953016862856,1.0000000942526128,1.1061295764508514e-05,2.5768317269888544e-05,2.571625658460714e-05
2093,random7,1.0,4.292595301686285,0.9999999964696732,0.00011032531902574125,2.5701309178249697e-05,2.571625658460714e-05
2093,random7,4.0,17.17038120674514,0.9999999958379908,0.0004416049547097678,2.5718995367225136e-05,2.571625658460714e-05
2093,a_unit,0.01,0.042925953016862854,1.000001986629435,0.04292604002689274,1.0000020269795722,1.0000000901129695
2093,a_unit,0.1,0.42925953016862856,0.9999999464335284,0.42925952649901783,0.9999999914513005,1.0000000901129695
2093,a_unit,1.0,4.292595301686285,1.0000000253308874,4.292595603829417,1.0000000703870526,1.0000000901129695
2093,a_unit,4.0,17.17038120674514,1.000000046898115,17.170382785640072,1.0000000919545649,1.0000000901129695
2093,oracle,0.01,0.042925953016862854,1.000001871672073,0.042926035092228323,1.000001912021975,1.0000000450564832
2093,oracle,0.1,0.42925953016862856,0.9999999240960195,0.4292595169104294,0.999999969113792,1.0000000450564832
2093,oracle,1.0,4.292595301686285,0.9999999811172429,4.292595414038127,1.0000000261734066,1.0000000450564832
2093,oracle,4.0,17.17038120674514,1.0000000030776433,17.170382033225838,1.0000000481340914,1.0000000450564832
2093,md_full,0.01,0.042925953016862854,0.9999862634152304,0.00029706781742718695,0.0069204711031223476,0.006921797923890795
2093,md_full,0.1,0.42925953016862856,1.0000009130836456,0.002971327932026321,0.0069219847742438625,0.006921797923890795
2093,md_full,1.0,4.292595301686285,1.0000000033251568,0.029712612440363384,0.006921829418368697,0.006921797923890795
2093,md_full,4.0,17.17038120674514,0.9999999765234661,0.11884991304817083,0.006921798160280933,0.006921797923890795
2093,mean_diff_tgt_asis,0.01,0.042925953016862854,0.9999990373167174,0.0008629436577289686,0.02010307511145934,0.02010307997829444
2093,mean_diff_tgt_asis,0.1,0.42925953016862856,1.0000005963055283,0.008629400347716532,0.020102990711299045,0.02010307997829444
2093,mean_diff_tgt_asis,1.0,4.292595301686285,0.9999999870969273,0.08629436820086653,0.020103075677077458,0.02010307997829444
2093,mean_diff_tgt_asis,4.0,17.17038120674514,1.0000000174686028,0.3451775708848349,0.02010308138931923,0.02010307997829444
2093,probe_grad_tgt_asis,0.01,0.042925953016862854,1.0000006143412956,-0.0006042647632890035,-0.014076909674005994,-0.014078125436364834
2093,probe_grad_tgt_asis,0.1,0.42925953016862856,1.0000002073688479,-0.006043226177650008,-0.01407825744783351,-0.014078125436364834
2093,probe_grad_tgt_asis,1.0,4.292595301686285,1.000000010253394,-0.060431708670755514,-0.014078128596706001,-0.014078125436364834
2093,probe_grad_tgt_asis,4.0,17.17038120674514,0.9999999961288879,-0.2417266527911136,-0.014078118003353048,-0.014078125436364834
4155,random0,0.01,0.023867078941460104,1.0000006681581717,-0.0003214372744938655,-0.013467809583328973,-0.01347623765416968
4155,random0,0.1,0.23867078941460107,0.9999998983489892,-0.0032164148920338993,-0.013476365917768778,-0.01347623765416968
4155,random0,1.0,2.3867078941460105,0.9999999948229575,-0.032163737467222175,-0.013476193524189396,-0.01347623765416968
4155,random0,4.0,9.546831576584042,1.0000000080586882,-0.12865532343869276,-0.013476232654428686,-0.01347623765416968
4155,random1,0.01,0.023867078941460104,0.9999990496753479,0.0002084064451009366,0.008731962784893148,0.00873429381506664
4155,random1,0.1,0.23867078941460107,1.0000000179849113,0.0020846597537647867,0.008734457027095474,0.00873429381506664
4155,random1,1.0,2.3867078941460105,0.9999999908488508,0.02084598250998272,0.008734199338391025,0.00873429381506664
4155,random1,4.0,9.546831576584042,1.000000011483737,0.08338490076884121,0.008734301019132173,0.00873429381506664
4155,random2,0.01,0.023867078941460104,1.000000985775911,0.00017053499778170444,0.0071451977093629085,0.0071471467985987965
4155,random2,0.1,0.23867078941460107,0.9999995894590514,0.001705785247212356,0.007147021432309395,0.0071471467985987965
4155,random2,1.0,2.3867078941460105,1.0000000234521158,0.017058244884189402,0.007147185847932607,0.0071471467985987965
4155,random2,4.0,9.546831576584042,0.9999999889263687,0.06823251105800324,0.007147136776285055,0.0071471467985987965
4155,random3,0.01,0.023867078941460104,0.9999972101522688,7.684018743491942e-05,0.003219505312040444,0.0032221098433395127
4155,random3,0.1,0.23867078941460107,0.9999999429468313,0.0007691188924241683,0.0032225095258226694,0.0032221098433395127
4155,random3,1.0,2.3867078941460105,0.9999999477934279,0.007690124014114553,0.003222063342136035,0.0032221098433395127
4155,random3,4.0,9.546831576584042,0.9999999971372727,0.030761036606497136,0.0032221199630195806,0.0032221098433395127
4155,random4,0.01,0.023867078941460104,0.9999972442845195,0.0005789201821823564,0.024256013213946326,0.024257062093759402
4155,random4,0.1,0.23867078941460107,1.0000006395402614,0.005789391954697297,0.024256809846304225,0.024257062093759402
4155,random4,1.0,2.3867078941460105,0.999999947911408,0.05789442770860946,0.024257022759513143,0.024257062093759402
4155,random4,4.0,9.546831576584042,1.0000000049674636,0.2315781295537443,0.024257066619018056,0.024257062093759402
4155,random5,0.01,0.023867078941460104,1.0000012569917127,-0.00029913369898359543,-0.012533318372025943,-0.01252848704089327
4155,random5,0.1,0.23867078941460107,1.0000005051442948,-0.0029901013353124607,-0.012528141138035456,-0.01252848704089327
4155,random5,1.0,2.3867078941460105,0.9999999023476359,-0.02990171594646951,-0.012528435515636765,-0.01252848704089327
4155,random5,4.0,9.546831576584042,1.00000001225918,-0.11960745953417029,-0.012528497918360377,-0.01252848704089327
4155,random6,0.01,0.023867078941460104,0.9999980271559462,0.0003800740906127705,0.015924616981617058,0.015921806703026946
4155,random6,0.1,0.23867078941460107,0.9999998924912847,0.0038000223101048607,0.015921606156435616,0.015921806703026946
4155,random6,1.0,2.3867078941460105,0.9999999989609173,0.03800082181287859,0.01592185700901437,0.015921806703026946
4155,random6,4.0,9.546831576584042,0.9999999888086689,0.15200275703391034,0.015921801470420258,0.015921806703026946
4155,random7,0.01,0.023867078941460104,1.0000043693636556,0.00018846022874522133,0.007896241899038692,0.007897098028075245
4155,random7,0.1,0.23867078941460107,1.000000321888082,0.001884871787564502,0.007897371069947918,0.007897098028075245
4155,random7,1.0,2.3867078941460105,0.9999999432587113,0.01884805468776375,0.007897093202730528,0.007897098028075245
4155,random7,4.0,9.546831576584042,0.9999999908903298,0.07539214442156397,0.007897085416954646,0.007897098028075245
4155,a_unit,0.01,0.023867078941460104,1.0000022676117777,0.02386713390256177,1.0000023027996765,1.0000001132856347
4155,a_unit,0.1,0.23867078941460107,0.9999993454277,0.2386706466507457,0.9999994018377543,1.0000001132856347
4155,a_unit,1.0,2.3867078941460105,1.0000000434297849,2.386708132984175,1.000000100070128,1.0000001132856347
4155,a_unit,4.0,9.546831576584042,1.0000000467410761,9.546832563570955,1.000000103383715,1.0000001132856347
4155,oracle,0.01,0.023867078941460104,1.0000022676117777,0.02386713390256177,1.0000023027996765,1.0000000566428158
4155,oracle,0.1,0.23867078941460107,0.9999992768586741,0.23867063028533247,0.9999993332687717,1.0000000566428158
4155,oracle,1.0,2.3867078941460105,0.9999999872674681,2.3867079989411217,1.0000000439078076,1.0000000566428158
4155,oracle,4.0,9.546831576584042,0.9999999954676707,9.54683207407236,1.0000000521103063,1.0000000566428158
4155,md_full,0.01,0.023867078941460104,0.9999721638889896,-0.0001235185029541329,-0.005175266871035727,-0.005176991077687478
4155,md_full,0.1,0.23867078941460107,0.9999991135372657,-0.0012355338900492613,-0.005176728551825352,-0.005176991077687478
4155,md_full,1.0,2.3867078941460105,1.0000000338635986,-0.012356067219656377,-0.00517703370821485,-0.005176991077687478
4155,md_full,4.0,9.546831576584042,0.9999999593626262,-0.049423823414915816,-0.00517698704731944,-0.005176991077687478
4155,mean_diff_tgt_asis,0.01,0.023867078941460104,1.0000008618801397,0.00047635586630427715,0.01995869990930425,0.01995380537922352
4155,mean_diff_tgt_asis,0.1,0.23867078941460107,1.0000001166029178,0.0047624199130904135,0.019953928693039573,0.01995380537922352
4155,mean_diff_tgt_asis,1.0,2.3867078941460105,0.9999999333744246,0.04762388128521403,0.01995379551977154,0.01995380537922352
4155,mean_diff_tgt_asis,4.0,9.546831576584042,0.9999999856706239,0.1904955408372338,0.01995379716391678,0.01995380537922352
4155,probe_grad_tgt_asis,0.01,0.023867078941460104,1.0000037206629302,-0.00012201908030023446,-0.005112442984728728,-0.005112530829102124
4155,probe_grad_tgt_asis,0.1,0.23867078941460107,0.9999999859906408,-0.001220137758913135,-0.005112220736797426,-0.005112530829102124
4155,probe_grad_tgt_asis,1.0,2.3867078941460105,1.0000000293337192,-0.012202096968244931,-0.005112522147420546,-0.005112530829102124
4155,probe_grad_tgt_asis,4.0,9.546831576584042,0.9999999961273067,-0.04880844850192734,-0.005112528498108429,-0.005112530829102124
3133,random0,0.01,0.00447353236760735,0.999987176632337,-5.918763524938505e-05,-0.013230626356469466,-0.013260906521598411
3133,random0,0.1,0.044735323676073496,0.9999992657920324,-0.0005931261951357329,-0.01325856496379759,-0.013260906521598411
3133,random0,1.0,0.44735323676073496,1.0000002086966675,-0.005932345125750648,-0.013260986259329421,-0.013260906521598411
3133,random0,4.0,1.7894129470429398,1.0000000284686816,-0.023729219303812596,-0.013260896174371524,-0.013260906521598411
3133,random1,0.01,0.00447353236760735,1.000001137680746,-7.746310734828208e-05,-0.017315870543195132,-0.017356237929743244
3133,random1,0.1,0.044735323676073496,1.0000005495186999,-0.0007764848120211923,-0.017357308458159026,-0.017356237929743244
3133,random1,1.0,0.44735323676073496,0.999999879540221,-0.007764433342653528,-0.017356381276852823,-0.017356237929743244
3133,random1,4.0,1.7894129470429398,0.999999962767842,-0.03105741572450982,-0.01735620376271065,-0.017356237929743244
3133,random2,0.01,0.00447353236760735,0.999972923700442,7.625503396012044e-05,0.017045821443537498,0.01710039379801126
3133,random2,0.1,0.044735323676073496,0.9999975485095948,0.0007647969661115268,0.01709604185831733,0.01710039379801126
3133,random2,1.0,0.44735323676073496,1.0000000749072075,0.007649977205826561,0.017100529463516815,0.01710039379801126
3133,random2,4.0,1.7894129470429398,1.0000000329245142,0.030599744856184396,0.017100437831720966,0.01710039379801126
3133,random3,0.01,0.00447353236760735,0.9999965625778874,2.0015356083401782e-05,0.004474172631080551,0.004447243475334213
3133,random3,0.1,0.044735323676073496,0.9999993977208848,0.00019905416720544474,0.004449597115844901,0.004447243475334213
3133,random3,1.0,0.44735323676073496,0.9999998254312563,0.0019894157886761487,0.0044470803499297796,0.004447243475334213
3133,random3,4.0,1.7894129470429398,0.9999999623357925,0.007957799860061295,0.00444715674669271,0.004447243475334213
3133,random4,0.01,0.00447353236760735,0.9999951775286791,1.1333354896975504e-06,0.00025334241412982336,0.00028753368240509725
3133,random4,0.1,0.044735323676073496,0.999998397305119,1.2970861161966938e-05,0.00028994673774774426,0.00028753368240509725
3133,random4,1.0,0.44735323676073496,0.9999996195354353,0.00012855167198595448,0.0002873605496112903,0.00028753368240509725
3133,random4,4.0,1.7894129470429398,1.0000000603335293,0.0005144707322838303,0.0002875081088096569,0.00028753368240509725
3133,random5,0.01,0.00447353236760735,1.0000327231361545,8.705258863660287e-05,0.019459474411529204,0.01943075698974935
3133,random5,0.1,0.044735323676073496,0.9999987507556807,0.0008691224034843247,0.01942810137638886,0.01943075698974935
3133,random5,1.0,0.44735323676073496,1.0000001694594898,0.008692349083799946,0.01943061627706298,0.01943075698974935
3133,random5,4.0,1.7894129470429398,1.0000000143943306,0.034769618840965404,0.0194307406227407,0.01943075698974935
3133,random6,0.01,0.00447353236760735,1.0000076841472088,1.6788655323567007e-05,0.0037528856268332646,0.003732595262463081
3133,random6,0.1,0.044735323676073496,0.9999982616931733,0.0001667482392746116,0.0037274400981655628,0.003732595262463081
3133,random6,1.0,0.44735323676073496,1.0000002476816963,0.0016697837821649918,0.003732584555005844,0.003732595262463081
3133,random6,4.0,1.7894129470429398,0.999999994762897,0.006679236182245984,0.003732641028044213,0.003732595262463081
3133,random7,0.01,0.00447353236760735,0.9999831139978932,0.00014733903657216676,0.03293572605823582,0.03297289432422398
3133,random7,0.1,0.044735323676073496,1.0000005500356757,0.0014751998794684362,0.03297617538548046,0.03297289432422398
3133,random7,1.0,0.44735323676073496,0.9999997136136822,0.014750584667091945,0.032973014287099554,0.03297289432422398
3133,random7,4.0,1.7894129470429398,1.000000047097163,0.05900220561046236,0.03297293992868741,0.03297289432422398
3133,a_unit,0.01,0.00447353236760735,1.0000270367781294,0.004473651657849594,1.000026665782751,0.999999916264889
3133,a_unit,0.1,0.044735323676073496,1.0000002702348056,0.04473533366913103,1.000000223381809,0.999999916264889
3133,a_unit,1.0,0.44735323676073496,1.0000000374110438,0.447353234745693,0.9999999954956357,0.999999916264889
3133,a_unit,4.0,1.7894129470429398,0.9999999483284605,1.7894127796589285,0.9999999064587011,0.999999916264889
3133,oracle,0.01,0.00447353236760735,1.0000270367781294,0.004473651657849594,1.000026665782751,0.9999999581324432
3133,oracle,0.1,0.044735323676073496,1.0000002729351931,0.04473533378993376,1.000000226082197,0.9999999581324432
3133,oracle,1.0,0.44735323676073496,1.0000000897010326,0.4473532581377897,1.0000000477856266,0.9999999581324432
3133,oracle,4.0,1.7894129470429398,1.0000000491127845,1.7894129600037023,1.0000000072430248,0.9999999581324432
3133,md_full,0.01,0.00447353236760735,1.000103947679176,5.751682554412167e-06,0.001285713856919835,0.0012723342710766773
3133,md_full,0.1,0.044735323676073496,0.9999916489609013,5.697935798702709e-05,0.001273699468447174,0.0012723342710766773
3133,md_full,1.0,0.44735323676073496,1.0000007528257953,0.0005689949302120324,0.0012719141909693099,0.0012723342710766773
3133,md_full,4.0,1.7894129470429398,1.0000001176865019,0.0022767922281459853,0.0012723682545767061,0.0012723342710766773
3133,mean_diff_tgt_asis,0.01,0.00447353236760735,0.9999547480059432,-0.0001696113971174973,-0.03791442269327164,-0.03791109400624641
3133,mean_diff_tgt_asis,0.1,0.044735323676073496,1.0000016470566397,-0.0016956655469669566,-0.0379043987531016,-0.03791109400624641
3133,mean_diff_tgt_asis,1.0,0.44735323676073496,0.9999999931405635,-0.016959816576579037,-0.037911464996619494,-0.03791109400624641
3133,mean_diff_tgt_asis,4.0,1.7894129470429398,0.9999998294277895,-0.06783860325363218,-0.03791109445460176,-0.03791109400624641
3133,probe_grad_tgt_asis,0.01,0.00447353236760735,1.0000046905251403,-2.630077980315292e-05,-0.00587919738629717,-0.005894034860934246
3133,probe_grad_tgt_asis,0.1,0.044735323676073496,1.0000028265001355,-0.00026365752413799477,-0.0058937211686927145,-0.005894034860934246
3133,probe_grad_tgt_asis,1.0,0.44735323676073496,0.9999996917335914,-0.002636728838971606,-0.005894064516139512,-0.005894034860934246
3133,probe_grad_tgt_asis,4.0,1.7894129470429398,1.00000000269039,-0.010546837877394185,-0.005894021217865424,-0.005894034860934246
1438,random0,0.01,0.02223542211170359,0.9999986954391686,-0.00028278287813271203,-0.012717675280104963,-0.012716499166724083
1438,random0,0.1,0.22235422111703587,1.0000002569803255,-0.0028274704392663706,-0.012716063698103285,-0.012716499166724083
1438,random0,1.0,2.2235422111703587,1.000000046680451,-0.028275620756993913,-0.012716475817255152,-0.012716499166724083
1438,random0,4.0,8.894168844681435,0.9999999998008501,-0.11310270643905908,-0.012716500936081579,-0.012716499166724083
1438,random1,0.01,0.02223542211170359,1.0000024585175324,9.646228132304452e-06,0.0004338225775002117,0.00043110769260540707
1438,random1,0.1,0.22235422111703587,0.9999995899691903,9.584124850249586e-05,0.000431029588829123,0.00043110769260540707
1438,random1,1.0,2.2235422111703587,1.0000000099889619,0.0009586457359701452,0.00043113448944401343,0.00043110769260540707
1438,random1,4.0,8.894168844681435,0.9999999937132303,0.003834369179265329,0.0004311104552010184,0.00043110769260540707
1438,random2,0.01,0.02223542211170359,1.0000022804481403,-0.0010741648600550747,-0.0483087235609388,-0.048308664564561864
1438,random2,0.1,0.22235422111703587,0.999999684576409,-0.010741626262475148,-0.048308623099272335,-0.048308664564561864
1438,random2,1.0,2.2235422111703587,0.9999999870202674,-0.1074163318390284,-0.048308654227207114,-0.048308664564561864
1438,random2,4.0,8.894168844681435,0.9999999948967235,-0.4296653343550294,-0.04830865501411772,-0.048308664564561864
1438,random3,0.01,0.02223542211170359,1.0000050988525868,-0.00013082808235481393,-0.005883768776575315,-0.005882321441996356
1438,random3,0.1,0.22235422111703587,0.9999996285426805,-0.0013079409060271954,-0.005882240055783615,-0.005882321441996356
1438,random3,1.0,2.2235422111703587,1.0000000106792757,-0.01307963320474413,-0.005882340860918346,-0.005882321441996356
1438,random3,4.0,8.894168844681435,0.9999999887314669,-0.05231828488652339,-0.005882312985075481,-0.005882321441996356
1438,random4,0.01,0.02223542211170359,0.9999966731926212,0.00018245306470107431,0.008205513877114136,0.008208235377477984
1438,random4,0.1,0.22235422111703587,0.9999997608610527,0.0018252467584417187,0.008208734465540019,0.008208235377477984
1438,random4,1.0,2.2235422111703587,0.9999999926211653,0.018251402055765663,0.00820825526229118,0.008208235377477984
1438,random4,4.0,8.894168844681435,0.9999999953753688,0.07300539650434465,0.008208231458074991,0.008208235377477984
1438,random5,0.01,0.02223542211170359,1.0000013025767784,0.00017122071958726676,0.007700358406829836,0.007702720894076269
1438,random5,0.1,0.22235422111703587,0.9999999123857306,0.0017125818142922499,0.007702043188965747,0.007702720894076269
1438,random5,1.0,2.2235422111703587,0.9999999927945472,0.017127380725045292,0.007702745933494249,0.007702720894076269
1438,random5,4.0,8.894168844681435,1.000000007183132,0.06850934838530266,0.007702726312225354,0.007702720894076269
1438,random6,0.01,0.02223542211170359,0.9999998257820066,-0.00013467288175279433,-0.006056682039865994,-0.006061636190915695
1438,random6,0.1,0.22235422111703587,1.0000001060563244,-0.0013478142489308867,-0.006061563581567747,-0.006061636190915695
1438,random6,1.0,2.2235422111703587,1.000000010585749,-0.01347840917776361,-0.0060616835201294725,-0.006061636190915695
1438,random6,4.0,8.894168844681435,0.9999999955476553,-0.053913172254144985,-0.006061631299745807,-0.006061636190915695
1438,random7,0.01,0.02223542211170359,0.9999991183464839,-0.00043509087472397854,-0.01956746638486206,-0.01956585797898913
1438,random7,0.1,0.22235422111703587,1.0000004445639372,-0.00435051520978141,-0.01956569651759173,-0.01956585797898913
1438,random7,1.0,2.2235422111703587,1.0000000104668938,-0.043505475879135655,-0.019565842132691785,-0.01956585797898913
1438,random7,4.0,8.894168844681435,0.999999995520037,-0.17402208378549427,-0.019565862400909625,-0.01956585797898913
1438,a_unit,0.01,0.02223542211170359,1.0000041676159486,0.022235515628165406,1.0000042057425915,1.0000000916145553
1438,a_unit,0.1,0.22235422111703587,0.9999999499640818,0.22235422016346013,0.9999999957114565,1.0000000916145553
1438,a_unit,1.0,2.2235422111703587,1.000000054585147,2.2235424343959784,1.0000001003918966,1.0000000916145553
1438,a_unit,4.0,8.894168844681435,1.0000000531763906,8.894169725058553,1.0000000989836302,1.0000000916145553
1438,oracle,0.01,0.02223542211170359,1.0000039736437856,0.02223551131509466,1.0000040117696272,1.0000000458072766
1438,oracle,0.1,0.22235422111703587,0.9999999191189333,0.22235421330491162,0.9999999648663102,1.0000000458072766
1438,oracle,1.0,2.2235422111703587,0.9999999899728865,2.223542290727883,1.000000035779633,1.0000000458072766
1438,oracle,4.0,8.894168844681435,1.0000000091168635,8.894169333185658,1.0000000549241006,1.0000000458072766
1438,md_full,0.01,0.02223542211170359,1.0000074489226962,0.0003386553425452457,0.01523044360677978,0.015234268241532215
1438,md_full,0.1,0.22235422111703587,1.0000021880729952,0.00338742448711536,0.01523436105731671,0.015234268241532215
1438,md_full,1.0,2.2235422111703587,1.0000003718596835,0.03387391408183156,0.015234212290488549,0.015234268241532215
1438,md_full,4.0,8.894168844681435,1.0000000419204276,0.13549624364848134,0.015234278324894388,0.015234268241532215
1438,mean_diff_tgt_asis,0.01,0.02223542211170359,0.999996572025694,0.0007227089015069204,0.03250259418850985,0.032492940826877856
1438,mean_diff_tgt_asis,0.1,0.22235422111703587,0.9999998305027992,0.007224924136922936,0.032492858020087265,0.032492940826877856
1438,mean_diff_tgt_asis,1.0,2.2235422111703587,0.9999999797087349,0.07224957040382818,0.032493005997758735,0.032492940826877856
1438,mean_diff_tgt_asis,4.0,8.894168844681435,1.0000000039472945,0.28899769303304246,0.03249293982156166,0.032492940826877856
1438,probe_grad_tgt_asis,0.01,0.02223542211170359,1.0000029862459163,0.00029468294167257227,0.013252860242192849,0.01325391249500249
1438,probe_grad_tgt_asis,0.1,0.22235422111703587,0.9999997614923191,0.0029469734989327986,0.013253508227224806,0.01325391249500249
1438,probe_grad_tgt_asis,1.0,2.2235422111703587,0.9999999788859316,0.02947050211189589,0.013253853227451944,0.01325391249500249
1438,probe_grad_tgt_asis,4.0,8.894168844681435,0.9999999988310867,0.11788257188694559,0.013253916576751004,0.01325391249500249
4287,random0,0.01,2.6736458501846668e-05,1.0020444017878842,5.211780730446629e-07,0.019493160360362072,0.017173576940345426
4287,random0,0.1,0.0002673645850184667,1.0004144706692808,4.72835420638334e-06,0.0176850430884732,0.017173576940345426
4287,random0,1.0,0.0026736458501846667,0.99998363017249,4.5661498129330355e-05,0.01707836440872547,0.017173576940345426
4287,random0,4.0,0.010694583400738667,1.000003606597061,0.00018354979854869253,0.017162875043455633,0.017173576940345426
4287,random1,0.01,2.6736458501846668e-05,1.0002286498220112,3.157460086783881e-07,0.011809567398635827,0.012131298628400842
4287,random1,0.1,0.0002673645850184667,1.000051966117371,3.1898315397567626e-06,0.011930643467744403,0.012131298628400842
4287,random1,1.0,0.0026736458501846667,0.9999957941649728,3.254272773029543e-05,0.012171667286468674,0.012131298628400842
4287,random1,4.0,0.010694583400738667,1.0000050991263787,0.00012989251544833895,0.012145635840229867,0.012131298628400842
4287,random2,0.01,2.6736458501846668e-05,0.9996932817950994,6.755117996763319e-07,0.025265567600498577,0.023857781970992767
4287,random2,0.1,0.0002673645850184667,0.9999701071858382,6.220642581580419e-06,0.023266516697231097,0.023857781970992767
4287,random2,1.0,0.0026736458501846667,1.0000300018559534,6.367992385675811e-05,0.02381763607635611,0.023857781970992767
4287,random2,4.0,0.010694583400738667,1.0000010101524757,0.00025521366672619824,0.02386382500028667,0.023857781970992767
4287,random3,0.01,2.6736458501846668e-05,1.0035892681206835,-5.5368650700893425e-08,-0.0020709044429750917,-0.0008480650899434115
4287,random3,0.1,0.0002673645850184667,1.0002517370291735,-1.446469627411557e-07,-0.0005410101817754398,-0.0008480650899434115
4287,random3,1.0,0.0026736458501846667,0.9999920547180097,-2.3957258976993917e-06,-0.0008960520696987302,-0.0008480650899434115
4287,random3,4.0,0.010694583400738667,1.0000073962597793,-9.107717275098616e-06,-0.0008516196408800321,-0.0008480650899434115
4287,random4,0.01,2.6736458501846668e-05,1.0067814723697115,1.2074006803024784e-06,0.04515933477947665,0.045836357238514466
4287,random4,0.1,0.0002673645850184667,1.000719019553033,1.20970621112485e-05,0.04524556650018911,0.045836357238514466
4287,random4,1.0,0.0026736458501846667,1.0000242748337853,0.00012235808317078068,0.04576450660521456,0.045836357238514466
4287,random4,4.0,0.010694583400738667,0.9999962481074057,0.0004903327632842174,0.04584870161939646,0.045836357238514466
4287,random5,0.01,2.6736458501846668e-05,1.0006594081245819,-5.111386763861456e-07,-0.019117665727898914,-0.016086691361064047
4287,random5,0.1,0.0002673645850184667,1.0001188973680846,-4.251405901725111e-06,-0.015901155724986796,-0.016086691361064047
4287,random5,1.0,0.0026736458501846667,0.9999502632890439,-4.305151673496472e-05,-0.016102176259429116,-0.016086691361064047
4287,random5,4.0,0.010694583400738667,1.0000056958904469,-0.00017184308025806406,-0.016068235088633278,-0.016086691361064047
4287,random6,0.01,2.6736458501846668e-05,1.0027102468747107,1.6342012613223238e-07,0.006112257766710018,0.012460553139901277
4287,random6,0.1,0.0002673645850184667,0.9999495723041149,3.308026070488524e-06,0.012372715968571682,0.012460553139901277
4287,random6,1.0,0.0026736458501846667,1.0000308612445574,3.336415000606144e-05,0.012478896561321689,0.012460553139901277
4287,random6,4.0,0.010694583400738667,1.0000006273688058,0.00013341564739404244,0.012475067274226644,0.012460553139901277
4287,random7,0.01,2.6736458501846668e-05,1.0019876638113099,1.5149962323787497e-07,0.005666405789211425,0.006969511919934855
4287,random7,0.1,0.0002673645850184667,1.0004388709130658,1.6884639910193678e-06,0.006315211832946187,0.006969511919934855
4287,random7,1.0,0.0026736458501846667,0.9999768061579926,1.873904154280902e-05,0.007008797197846801,0.006969511919934855
4287,random7,4.0,0.010694583400738667,1.0000100599259512,7.459811900081508e-05,0.006975317897437936,0.006969511919934855
4287,a_unit,0.01,2.6736458501846668e-05,1.0022576755358714,2.6626069520427242e-05,0.9958712190168417,0.9999999207586465
4287,a_unit,0.1,0.0002673645850184667,0.9998639630486259,0.0002672914369081375,0.9997264106226929,0.9999999207586465
4287,a_unit,1.0,0.0026736458501846667,1.0000101390757823,0.002673670229211549,1.0000091182707989,0.9999999207586465
4287,a_unit,4.0,0.010694583400738667,1.0000216208629944,0.010694813371728819,1.0000215035014957,0.9999999207586465
4287,oracle,0.01,2.6736458501846668e-05,1.0022576755358714,2.6626069520427242e-05,0.9958712190168417,0.999999960379322
4287,oracle,0.1,0.0002673645850184667,0.9998639630486259,0.0002672914369081375,0.9997264106226929,0.999999960379322
4287,oracle,1.0,0.0026736458501846667,1.0000101390757823,0.002673670229211549,1.0000091182707989,0.999999960379322
4287,oracle,4.0,0.010694583400738667,1.000021653916362,0.010694813725228465,1.0000215365555785,0.999999960379322
4287,md_full,0.01,2.6736458501846668e-05,1.0226933687795319,5.5736046651205546e-08,0.002084645827245815,-0.0010248370041068405
4287,md_full,0.1,0.0002673645850184667,0.9998844691407379,-5.389634682162402e-07,-0.0020158371692309746,-0.0010248370041068405
4287,md_full,1.0,0.0026736458501846667,1.0001827131252965,-2.5184341651811004e-06,-0.0009419475526301114,-0.0010248370041068405
4287,md_full,4.0,0.010694583400738667,0.9999785427584095,-1.1051310441972828e-05,-0.0010333558613615115,-0.0010248370041068405
4287,mean_diff_tgt_asis,0.01,2.6736458501846668e-05,1.0020780127103421,-3.088152565707729e-07,-0.011550342636046703,-0.006111109917193448
4287,mean_diff_tgt_asis,0.1,0.0002673645850184667,0.999821841600152,-1.6450859305722234e-06,-0.006152968727921084,-0.006111109917193448
4287,mean_diff_tgt_asis,1.0,0.0026736458501846667,0.9999621555322489,-1.646224579500543e-05,-0.006157227515330197,-0.006111109917193448
4287,mean_diff_tgt_asis,4.0,0.010694583400738667,0.9999859963460218,-6.539617943023484e-05,-0.00611488797457206,-0.006111109917193448
4287,probe_grad_tgt_asis,0.01,2.6736458501846668e-05,1.000795578722146,7.834299010183035e-08,0.0029301932451681755,0.0034095216403656836
4287,probe_grad_tgt_asis,0.1,0.0002673645850184667,0.9997150464008809,1.041140919587569e-06,0.003894086868369863,0.0034095216403656836
4287,probe_grad_tgt_asis,1.0,0.0026736458501846667,0.9999820649249194,9.088474833689348e-06,0.0033992814841433145,0.0034095216403656836
4287,probe_grad_tgt_asis,4.0,0.010694583400738667,1.0000016096903912,3.639362661985899e-05,0.0034029961950032862,0.0034095216403656836
3952,random0,0.01,0.005547202698111985,0.9999943226269398,8.983727206815494e-05,0.016195058474919522,0.01620151034681652
3952,random0,0.1,0.05547202698111985,0.9999970710411832,0.0008987723417441775,0.01620226248537986,0.01620151034681652
3952,random0,1.0,0.5547202698111985,1.0000000990694289,0.008987284955674506,0.01620147206579159,0.01620151034681652
3952,random0,4.0,2.218881079244794,1.0000000169507273,0.03594907272289295,0.016201441825412465,0.01620151034681652
3952,random1,0.01,0.005547202698111985,1.0000034333880572,0.00012498002841160178,0.022530279712717056,0.022513932198556727
3952,random1,0.1,0.05547202698111985,1.0000023380352423,0.0012489470967467229,0.022514899215271285,0.022513932198556727
3952,random1,1.0,0.5547202698111985,0.9999997218841029,0.012488815606032216,0.022513717788396014,0.022513932198556727
3952,random1,4.0,2.218881079244794,0.9999999928154731,0.04995566549331513,0.02251389944264961,0.022513932198556727
3952,random2,0.01,0.005547202698111985,1.000020260828582,-2.545051059688088e-05,-0.0045879900162189985,-0.004606204494954949
3952,random2,0.1,0.05547202698111985,0.9999974475688602,-0.0002554181173246295,-0.004604448966892127,-0.004606204494954949
3952,random2,1.0,0.5547202698111985,0.9999999558320535,-0.0025553023024187382,-0.004606470038112086,-0.004606204494954949
3952,random2,4.0,2.218881079244794,0.999999982197005,-0.010220665620159787,-0.004606225054493878,-0.004606204494954949
3952,random3,0.01,0.005547202698111985,1.000011162297047,-0.00013220180260615155,-0.023832156458091395,-0.02383923977005052
3952,random3,0.1,0.05547202698111985,0.9999965280328538,-0.0013223754049343003,-0.02383859896420184,-0.02383923977005052
3952,random3,1.0,0.5547202698111985,1.0000000470937709,-0.013224017625733001,-0.023839074116101533,-0.02383923977005052
3952,random3,4.0,2.218881079244794,0.9999999967266141,-0.05289639025110755,-0.02383921821944197,-0.02383923977005052
3952,random4,0.01,0.005547202698111985,1.000015265945405,-0.00016367944719795967,-0.029506664188360864,-0.029509571179542837
3952,random4,0.1,0.05547202698111985,1.0000014753725057,-0.0016370039883359605,-0.0295104411615087,-0.029509571179542837
3952,random4,1.0,0.5547202698111985,1.0000000020872672,-0.016369562954319208,-0.029509581396567067,-0.029509571179542837
3952,random4,4.0,2.218881079244794,1.0000000437114756,-0.06547807381995477,-0.029509501177161113,-0.029509571179542837
3952,random5,0.01,0.005547202698111985,0.9999828510094093,-0.00010695053581818656,-0.01928008433053792,-0.019287583772973807
3952,random5,0.1,0.05547202698111985,1.0000023546559293,-0.0010700556609202082,-0.01929000469523867,-0.019287583772973807
3952,random5,1.0,0.5547202698111985,0.9999998230249214,-0.010699091462299085,-0.01928736345967774,-0.019287583772973807
3952,random5,4.0,2.218881079244794,1.0000000077467082,-0.042796999185178805,-0.019287648890018456,-0.019287583772973807
3952,random6,0.01,0.005547202698111985,1.0000349566515654,8.853465078153511e-06,0.0015960233580732189,0.001638897998002937
3952,random6,0.1,0.05547202698111985,1.000001973671925,9.087249916037236e-05,0.0016381679939566876,0.001638897998002937
3952,random6,1.0,0.5547202698111985,1.0000002490999953,0.0009090127460103855,0.001638686731818493,0.001638897998002937
3952,random6,4.0,2.218881079244794,0.9999999233828178,0.0036367231410483125,0.0016389896579252852,0.001638897998002937
3952,random7,0.01,0.005547202698111985,0.9999982156404039,-9.272305744003186e-05,-0.01671528200539536,-0.0167004582719822
3952,random7,0.1,0.05547202698111985,1.0000015415662624,-0.0009264401448413645,-0.016701032849524004,-0.0167004582719822
3952,random7,1.0,0.5547202698111985,0.9999997619223722,-0.009264194066069022,-0.01670065899921438,-0.0167004582719822
3952,random7,4.0,2.218881079244794,0.9999998955295251,-0.03705654020319518,-0.01670055261177293,-0.0167004582719822
3952,a_unit,0.01,0.005547202698111985,0.9999997253271204,0.005547198111779713,0.9999991732171111,1.000000029181452
3952,a_unit,0.1,0.05547202698111985,0.9999997672183012,0.05547201459601292,0.9999997767323892,1.000000029181452
3952,a_unit,1.0,0.5547202698111985,0.9999995859278554,0.5547200481827295,0.9999996004680537,1.000000029181452
3952,a_unit,4.0,2.218881079244794,1.0000000302633916,2.2188811787659697,1.0000000448519646,1.000000029181452
3952,oracle,0.01,0.005547202698111985,0.9999997253271204,0.005547198111779713,0.9999991732171111,1.0000000145907264
3952,oracle,0.1,0.05547202698111985,0.99999977046747,0.05547201477625084,0.9999997799815569,1.0000000145907264
3952,oracle,1.0,0.5547202698111985,0.999999553876446,0.5547200304031705,0.9999995684166579,1.0000000145907264
3952,oracle,4.0,2.218881079244794,1.0000000209714974,2.2188811581483616,1.0000000355600704,1.0000000145907264
3952,md_full,0.01,0.005547202698111985,0.9998759267951074,-8.362569911434707e-05,-0.015075291757917815,-0.015094666794562596
3952,md_full,0.1,0.05547202698111985,0.999968413496596,-0.0008373184026910622,-0.015094425934283007,-0.015094666794562596
3952,md_full,1.0,0.5547202698111985,1.000002640625634,-0.008373364250342468,-0.01509475082493809,-0.015094666794562596
3952,md_full,4.0,2.218881079244794,0.9999994355140052,-0.03349330392399702,-0.015094681836395042,-0.015094666794562596
3952,mean_diff_tgt_asis,0.01,0.005547202698111985,0.999993563504811,-8.082645746005537e-05,-0.01457066955342465,-0.014579802614199614
3952,mean_diff_tgt_asis,0.1,0.05547202698111985,1.000001541920311,-0.000808626832480064,-0.014577200013896799,-0.014579802614199614
3952,mean_diff_tgt_asis,1.0,0.5547202698111985,1.0000003083710238,-0.00808782570873898,-0.014580007526120702,-0.014579802614199614
3952,mean_diff_tgt_asis,4.0,2.218881079244794,0.9999999496237818,-0.032350780532151735,-0.014579772135946316,-0.014579802614199614
3952,probe_grad_tgt_asis,0.01,0.005547202698111985,1.0000150949143278,7.17545293499614e-05,0.01293526363736147,0.012908484782797418
3952,probe_grad_tgt_asis,0.1,0.05547202698111985,0.9999992835258901,0.0007161448927705474,0.01291001846776377,0.012908484782797418
3952,probe_grad_tgt_asis,1.0,0.5547202698111985,0.9999997207305458,0.007160537823384396,0.012908376010527823,0.012908484782797418
3952,probe_grad_tgt_asis,4.0,2.218881079244794,0.9999998992708095,0.02864229397280029,0.012908440312875543,0.012908484782797418
3152,random0,0.01,0.0012439856221407378,0.9998981410353057,2.9702402566635722e-05,0.023876805356899337,0.023852929161249536
3152,random0,0.1,0.012439856221407378,0.9999987561878656,0.0002966596976033327,0.02384751819661869,0.023852929161249536
3152,random0,1.0,0.12439856221407378,0.9999988667565822,0.0029676181560223556,0.023855727133851194,0.023852929161249536
3152,random0,4.0,0.4975942488562951,1.000000166465934,0.011869076378123542,0.023852921140877822,0.023852929161249536
3152,random1,0.01,0.0012439856221407378,1.0000028771227165,-1.58671644719611e-05,-0.01275510278378923,-0.012751707277967818
3152,random1,0.1,0.012439856221407378,0.9999934404259584,-0.00015841227230312574,-0.012734252670100704,-0.012751707277967818
3152,random1,1.0,0.12439856221407378,1.0000002159006787,-0.0015862929561788726,-0.012751698475815728,-0.012751707277967818
3152,random1,4.0,0.4975942488562951,1.0000001974357458,-0.006345178170954343,-0.012751711229658576,-0.012751707277967818
3152,random2,0.01,0.0012439856221407378,0.9999826318252526,-4.645198091149841e-05,-0.03734125224981345,-0.03741478241337197
3152,random2,0.1,0.012439856221407378,1.0000005807655366,-0.0004656099649424782,-0.037428886367771995,-0.03741478241337197
3152,random2,1.0,0.12439856221407378,1.0000000448693795,-0.004654635550384204,-0.03741711694685169,-0.03741478241337197
3152,random2,4.0,0.4975942488562951,0.9999999758441493,-0.018617189653881556,-0.03741439877304167,-0.03741478241337197
3152,random3,0.01,0.0012439856221407378,1.0000656717681362,1.6195595944663148e-05,0.013019118273081508,0.012983019412544351
3152,random3,0.1,0.012439856221407378,0.9999971805485419,0.00016157623619108364,0.012988593542828246,0.012983019412544351
3152,random3,1.0,0.12439856221407378,1.000001074144599,0.0016152503252084567,0.012984477444593134,0.012983019412544351
3152,random3,4.0,0.4975942488562951,0.9999999707522833,0.006460226499082103,0.012982920349121262,0.012983019412544351
3152,random4,0.01,0.0012439856221407378,0.9999526177368739,-2.933479727741875e-05,-0.02358129929744475,-0.023641976439971006
3152,random4,0.1,0.012439856221407378,1.0000049080161937,-0.0002942582207760402,-0.02365447120439061,-0.023641976439971006
3152,random4,1.0,0.12439856221407378,1.000000380443847,-0.0029408947953715745,-0.02364090663934424,-0.023641976439971006
3152,random4,4.0,0.4975942488562951,0.9999999975010027,-0.011763991626932695,-0.023641735518390463,-0.023641976439971006
3152,random5,0.01,0.0012439856221407378,0.9999299597874542,5.356405061686405e-06,0.004305841616134378,0.004258903802274424
3152,random5,0.1,0.012439856221407378,1.0000079671227717,5.27805796731964e-05,0.004242860908823679,0.004258903802274424
3152,random5,1.0,0.12439856221407378,0.999999709768094,0.0005297668176939243,0.004258624925119829,0.004258903802274424
3152,random5,4.0,0.4975942488562951,0.9999999652758779,0.0021192170975823954,0.004258926027487958,0.004258903802274424
3152,random6,0.01,0.0012439856221407378,1.0000701734010864,2.6420126962923472e-05,0.021238289649568348,0.021178462596528527
3152,random6,0.1,0.012439856221407378,1.0000119403479206,0.00026344591561577174,0.021177569171773505,0.021178462596528527
3152,random6,1.0,0.12439856221407378,0.9999993496050225,0.0026347614189996334,0.021179998965466747,0.021178462596528527
3152,random6,4.0,0.4975942488562951,0.9999999153361372,0.01053844797897062,0.021178797791961853,0.021178462596528527
3152,random7,0.01,0.0012439856221407378,0.9999088208938264,-2.3457189773806827e-05,-0.0188564798148069,-0.01877821748481514
3152,random7,0.1,0.012439856221407378,1.0000004581171404,-0.00023353709856221256,-0.01877329563989056,-0.01877821748481514
3152,random7,1.0,0.12439856221407378,1.0000005384589694,-0.002335863710056573,-0.01877725649302003,-0.01877821748481514
3152,random7,4.0,0.4975942488562951,0.999999892415906,-0.009343889947436436,-0.01877813091472234,-0.01877821748481514
3152,a_unit,0.01,0.0012439856221407378,1.0000541891486605,0.0012440454446261892,1.0000480893704773,1.0000000921114671
3152,a_unit,0.1,0.012439856221407378,0.9999820481620905,0.012439632760479605,0.9999820366952965,1.0000000921114671
3152,a_unit,1.0,0.12439856221407378,0.999998528473909,0.12439838478372454,0.9999985736945342,1.0000000921114671
3152,a_unit,4.0,0.4975942488562951,1.0000000584768955,0.4975943008425473,1.000000104475187,1.0000000921114671
3152,oracle,0.01,0.0012439856221407378,1.0000541891486605,0.0012440454446261892,1.0000480893704773,1.0000000460557321
3152,oracle,0.1,0.012439856221407378,0.9999818483109643,0.012439630274405054,0.9999818368477656,1.0000000460557321
3152,oracle,1.0,0.12439856221407378,0.9999985243517537,0.12439838427093508,0.9999985695723846,1.0000000460557321
3152,oracle,4.0,0.4975942488562951,1.0000000082707092,0.4975942758602362,1.0000000542689975,1.0000000460557321
3152,md_full,0.01,0.0012439856221407378,0.9997380719638884,-6.972081061294531e-07,-0.00056046315465419,-0.0005411369623475742
3152,md_full,0.1,0.012439856221407378,1.000035749257304,-6.679799292446298e-06,-0.0005369675640584359,-0.0005411369623475742
3152,md_full,1.0,0.12439856221407378,1.0000007374992572,-6.733604121731014e-05,-0.000541292761096656,-0.0005411369623475742
3152,md_full,4.0,0.4975942488562951,1.000000697590665,-0.0002692505626233112,-0.0005411046515151154,-0.0005411369623475742
3152,mean_diff_tgt_asis,0.01,0.0012439856221407378,1.0000309702605321,4.9892101903138145e-05,0.04010665478374285,0.040090166939127134
3152,mean_diff_tgt_asis,0.1,0.012439856221407378,1.000003718954853,0.0004984827976612346,0.040071427578351776,0.040090166939127134
3152,mean_diff_tgt_asis,1.0,0.12439856221407378,1.0000000859047864,0.004987295021558525,0.04009125935857713,0.040090166939127134
3152,mean_diff_tgt_asis,4.0,0.4975942488562951,0.9999999947239435,0.01994847052401516,0.040089833373006416,0.040090166939127134
3152,probe_grad_tgt_asis,0.01,0.0012439856221407378,0.9999903035987837,2.6916558655643448e-05,0.02163735510811093,0.021695756119177022
3152,probe_grad_tgt_asis,0.1,0.012439856221407378,1.000004470986678,0.0002698513849654062,0.021692484234747587,0.021695756119177022
3152,probe_grad_tgt_asis,1.0,0.12439856221407378,0.9999992695850907,0.0026991237241718157,0.02169738681968827,0.021695756119177022
3152,probe_grad_tgt_asis,4.0,0.4975942488562951,1.0000003157623902,0.010795641110491236,0.021695670991585377,0.021695756119177022
1378,random0,0.01,0.011252794554697536,1.0000220027543163,0.0001452917619426565,0.01291161597560703,0.012909549145348816
1378,random0,0.1,0.11252794554697537,1.00000117978345,0.0014528249439789082,0.012910792398430654,0.012909549145348816
1378,random0,1.0,1.1252794554697536,0.9999999815404513,0.014526798404450862,0.012909502909556432,0.012909549145348816
1378,random0,4.0,4.501117821879014,0.9999999700728962,0.05810715654121594,0.012909494672360923,0.012909549145348816
1378,random1,0.01,0.011252794554697536,1.0000067996585489,0.0004029247047037638,0.035806634764833666,0.03580049882441222
1378,random1,0.1,0.11252794554697537,0.9999997629709432,0.004028653904974891,0.03580136370030064,0.03580049882441222
1378,random1,1.0,1.1252794554697536,1.0000000253572336,0.04028574923996065,0.03580066182150563,0.03580049882441222
1378,random1,4.0,4.501117821879014,1.0000000044696284,0.16114205216082492,0.03580045191830934,0.03580049882441222
1378,random2,0.01,0.011252794554697536,0.9999983998727158,0.0001809544029589973,0.016080841259423596,0.016080111007403565
1378,random2,0.1,0.11252794554697537,1.0000022295472277,0.0018094487596223997,0.01607999462557535,0.016080111007403565
1378,random2,1.0,1.1252794554697536,1.0000000111319085,0.01809470074238905,0.01608018404178127,0.016080111007403565
1378,random2,4.0,4.501117821879014,0.9999999847108918,0.07237836701974001,0.016080087188103265,0.016080111007403565
1378,random3,0.01,0.011252794554697536,1.0000027207780364,-3.7812885534240577e-06,-0.0003360310663314776,-0.00034072784305502713
1378,random3,0.1,0.11252794554697537,1.0000009434966086,-3.840659775693417e-05,-0.0003413071976942931,-0.00034072784305502713
1378,random3,1.0,1.1252794554697536,0.9999999913517978,-0.00038321402368626106,-0.00034055009342215923,-0.00034072784305502713
1378,random3,4.0,4.501117821879014,0.9999999807090353,-0.0015336678002190567,-0.00034073042762049254,-0.00034072784305502713
1378,random4,0.01,0.011252794554697536,1.0000075931526993,-8.127053485355222e-06,-0.0007222253499654042,-0.0007293785632695726
1378,random4,0.1,0.11252794554697537,0.9999990290393865,-8.183847788001636e-05,-0.0007272724786915484,-0.0007293785632695726
1378,random4,1.0,1.1252794554697536,1.0000000082728515,-0.0008209049575989575,-0.0007295120812956338,-0.0007293785632695726
1378,random4,4.0,4.501117821879014,0.999999992781025,-0.003283091715212634,-0.0007293947515113236,-0.0007293785632695726
1378,random5,0.01,0.011252794554697536,0.9999997409939069,-6.100995576599456e-05,-0.0054217603875586304,-0.005427277235795391
1378,random5,0.1,0.11252794554697537,0.9999997384786321,-0.0006107289069077794,-0.005427353213809698,-0.005427277235795391
1378,random5,1.0,1.1252794554697536,0.9999999275816623,-0.006107359110887686,-0.005427415457734575,-0.005427277235795391
1378,random5,4.0,4.501117821879014,1.0000000129656912,-0.024428721837469306,-0.005427256695820375,-0.005427277235795391
1378,random6,0.01,0.011252794554697536,1.000005861587792,0.00019418324584120455,0.017256446378481314,0.017243674522898704
1378,random6,0.1,0.11252794554697537,1.0000011322774125,0.0019404670997257654,0.017244312870847777,0.017243674522898704
1378,random6,1.0,1.1252794554697536,0.9999999707568923,0.01940408556753504,0.017243792618105436,0.017243674522898704
1378,random6,4.0,4.501117821879014,0.9999999978972184,0.07761583275422967,0.017243679420466392,0.017243674522898704
1378,random7,0.01,0.011252794554697536,0.9999914472065885,0.00024050318006660273,0.021372751355013715,0.021367660625759895
1378,random7,0.1,0.11252794554697537,1.000001019779993,0.002404427455672816,0.021367380733606972,0.021367660625759895
1378,random7,1.0,1.1252794554697536,0.9999999668302709,0.02404460520790838,0.021367674572776094,0.021367660625759895
1378,random7,4.0,4.501117821879014,1.0000000095710915,0.09617820985131871,0.021367627699905137,0.021367660625759895
1378,a_unit,0.01,0.011252794554697536,1.000001002715267,0.01125280539495967,1.0000009633395581,1.0000000873839334
1378,a_unit,0.1,0.11252794554697537,0.9999994872477513,0.112527892644819,0.9999995298753912,1.0000000873839334
1378,a_unit,1.0,1.1252794554697536,1.0000001030179004,1.1252796205505842,1.0000001467020745,1.0000000873839334
1378,a_unit,4.0,4.501117821879014,1.0000000463711343,4.501118227261563,1.000000090062639,1.0000000873839334
1378,oracle,0.01,0.011252794554697536,1.000000956631881,0.011252804876392259,1.0000009172561244,1.0000000436919658
1378,oracle,0.1,0.11252794554697537,0.9999994821483527,0.11252789207099442,0.9999995247759951,1.0000000436919658
1378,oracle,1.0,1.1252794554697536,1.0000000301911416,1.1252795386001229,1.0000000738753105,1.0000000436919658
1378,oracle,4.0,4.501117821879014,1.0000000074873838,4.50111805224121,1.000000051178886,1.0000000436919658
1378,md_full,0.01,0.011252794554697536,1.0000365087598593,0.00023103122963665684,0.02053100929850458,0.020524911999023388
1378,md_full,0.1,0.11252794554697537,1.000005463029468,0.002309637365502916,0.020525011402956306,0.020524911999023388
1378,md_full,1.0,1.1252794554697536,0.9999993265633481,0.02309616193673418,0.020524823255653035,0.020524911999023388
1378,md_full,4.0,4.501117821879014,1.000000163023265,0.09238516895784903,0.02052493905153595,0.020524911999023388
1378,mean_diff_tgt_asis,0.01,0.011252794554697536,1.000001611177515,-3.908576199481361e-05,-0.003473427138905425,-0.0034827902849419324
1378,mean_diff_tgt_asis,0.1,0.11252794554697537,0.9999994444301827,-0.00039196947178400687,-0.0034833078119281685,-0.0034827902849419324
1378,mean_diff_tgt_asis,1.0,1.1252794554697536,1.0000001551744748,-0.0039190844258560845,-0.0034827654648862693,-0.0034827902849419324
1378,mean_diff_tgt_asis,4.0,4.501117821879014,0.9999999641163427,-0.015676454227698526,-0.003482791352738754,-0.0034827902849419324
1378,probe_grad_tgt_asis,0.01,0.011252794554697536,1.0000044408250692,-7.465803609509243e-06,-0.0006634621802805958,-0.0006790760783482713
1378,probe_grad_tgt_asis,0.1,0.11252794554697537,0.9999998211828858,-7.645243814252472e-05,-0.00067940845956891,-0.0006790760783482713
1378,probe_grad_tgt_asis,1.0,1.1252794554697536,1.0000000064234962,-0.0007642607816836511,-0.0006791742068769989,-0.0006790760783482713
1378,probe_grad_tgt_asis,4.0,4.501117821879014,1.0000000022699571,-0.003056708348656359,-0.0006790998302240221,-0.0006790760783482713
4241,random0,0.01,0.001345338507585271,1.0000245856275447,-2.0144778537492845e-05,-0.014973761937172541,-0.014912987729798292
4241,random0,0.1,0.013453385075852711,1.0000073680396757,-0.000200653204425088,-0.014914700151208602,-0.014912987729798292
4241,random0,1.0,0.1345338507585271,0.9999993789464938,-0.002006269410679339,-0.014912747976569577,-0.014912987729798292
4241,random0,4.0,0.5381354030341085,0.9999996766318516,-0.008025194848936622,-0.014912965777179992,-0.014912987729798292
4241,random1,0.01,0.001345338507585271,0.9999787001504135,4.3217284419588457e-05,0.03212372512636879,0.032086625038849764
4241,random1,0.1,0.013453385075852711,0.9999907756708025,0.00043159765350125705,0.03208097077931156,0.032086625038849764
4241,random1,1.0,0.1345338507585271,1.000000556532627,0.004316664205815937,0.03208608228693205,0.032086625038849764
4241,random1,4.0,0.5381354030341085,1.0000000859784923,0.017266853005667184,0.03208644684648775,0.032086625038849764
4241,random2,0.01,0.001345338507585271,1.0000590648689949,1.7270835732960594e-05,0.012837539129062596,0.012807112024821097
4241,random2,0.1,0.013453385075852711,0.9999857804751315,0.00017238664269255416,0.012813625843652426,0.012807112024821097
4241,random2,1.0,0.1345338507585271,0.999999766409917,0.0017229866720630195,0.012807086561103374,0.012807112024821097
4241,random2,4.0,0.5381354030341085,0.9999999472119465,0.006892014729860863,0.012807213000673046,0.012807112024821097
4241,random3,0.01,0.001345338507585271,1.0001031350193665,2.357395605166019e-05,0.01752269478554713,0.01743986092100082
4241,random3,0.1,0.013453385075852711,0.9999920355029127,0.00023459733559931696,0.01743779236798866,0.01743986092100082
4241,random3,1.0,0.1345338507585271,0.9999998923295084,0.00234626989805126,0.017439996586900246,0.01743986092100082
4241,random3,4.0,0.5381354030341085,0.999999705219203,0.009384968210224017,0.01743978960928756,0.01743986092100082
4241,random4,0.01,0.001345338507585271,1.00004292801509,-2.839996678150427e-05,-0.02110990402889676,-0.021110519241948896
4241,random4,0.1,0.013453385075852711,0.9999942692950208,-0.00028405364636739845,-0.021113916294363884,-0.021110519241948896
4241,random4,1.0,0.1345338507585271,1.0000000563039086,-0.0028401345758137606,-0.02111092903236285,-0.021110519241948896
4241,random4,4.0,0.5381354030341085,0.9999999674945402,-0.011360309100781684,-0.02111050311265553,-0.021110519241948896
4241,random5,0.01,0.001345338507585271,1.0000334171273852,3.29430616847611e-05,0.024486819859107528,0.024505939658571486
4241,random5,0.1,0.013453385075852711,0.9999986336132479,0.00032976701229940863,0.024511824380267146,0.024505939658571486
4241,random5,1.0,0.1345338507585271,1.0000005898952393,0.003296881115979134,0.02450595963313842,0.024505939658571486
4241,random5,4.0,0.5381354030341085,0.9999996509824673,0.01318745560746889,0.024505831679379465,0.024505939658571486
4241,random6,0.01,0.001345338507585271,1.0000016109474443,1.9480027077172613e-05,0.01447964729125091,0.01443775606768518
4241,random6,0.1,0.013453385075852711,0.9999947327407123,0.0001941651733984315,0.014432440036741073,0.01443775606768518
4241,random6,1.0,0.1345338507585271,0.9999992688925039,0.001942379100424956,0.014437846604950783,0.01443775606768518
4241,random6,4.0,0.5381354030341085,1.0000002628029678,0.007769368698143599,0.01443757213210363,0.01443775606768518
4241,random7,0.01,0.001345338507585271,0.9999920071974858,-3.655446441671673e-05,-0.02717120205109405,-0.027094052958659787
4241,random7,0.1,0.013453385075852711,1.0000021420301075,-0.00036449727546340575,-0.027093350365599563,-0.027094052958659787
4241,random7,1.0,0.1345338507585271,0.9999995059970452,-0.003644908837962092,-0.027092875268279408,-0.027094052958659787
4241,random7,4.0,0.5381354030341085,1.0000003903871344,-0.014580319011065799,-0.02709414569058126,-0.027094052958659787
4241,a_unit,0.01,0.001345338507585271,1.0000233715330376,0.0013453608534286002,1.000016609829573,1.0000002976649944
4241,a_unit,0.1,0.013453385075852711,1.0000064395337374,0.013453473097727339,1.000006542730631,1.0000002976649944
4241,a_unit,1.0,0.1345338507585271,1.000000719252487,0.13453396748813123,1.0000008676597263,1.0000002976649944
4241,a_unit,4.0,0.5381354030341085,1.0000001307422053,0.5381355534651429,1.0000002795412335,1.0000002976649944
4241,oracle,0.01,0.001345338507585271,1.0000233715330376,0.0013453608534286002,1.000016609829573,1.0000001488324863
4241,oracle,0.1,0.013453385075852711,1.0000064056794533,0.013453472642269678,1.0000065088761283,1.0000001488324863
4241,oracle,1.0,0.1345338507585271,1.0000006842813198,0.13453396278332166,1.000000832688531,1.0000001488324863
4241,oracle,4.0,0.5381354030341085,0.9999999949962239,0.5381354804154135,1.0000001437952317,1.0000001488324863
4241,md_full,0.01,0.001345338507585271,1.0000992675506193,-1.418340094882462e-05,-0.010542626163494127,-0.01043330314801962
4241,md_full,0.1,0.013453385075852711,1.0000283296644938,-0.00014043017881131895,-0.010438278397559219,-0.01043330314801962
4241,md_full,1.0,0.1345338507585271,1.0000005333049264,-0.0014036174818708696,-0.010433191898968257,-0.01043330314801962
4241,md_full,4.0,0.5381354030341085,1.0000001309275846,-0.005614715076341883,-0.010433647451338575,-0.01043330314801962
4241,mean_diff_tgt_asis,0.01,0.001345338507585271,1.000130127214588,-4.916321895802214e-06,-0.0036543381967312077,-0.0036669647193741505
4241,mean_diff_tgt_asis,0.1,0.013453385075852711,0.9999972399813191,-4.933007552469871e-05,-0.0036667407679603667,-0.0036669647193741505
4241,mean_diff_tgt_asis,1.0,0.1345338507585271,0.9999999623042212,-0.0004932630417232996,-0.0036664604405671135,-0.0036669647193741505
4241,mean_diff_tgt_asis,4.0,0.5381354030341085,1.000000251047899,-0.001973249686890958,-0.00366682748573204,-0.0036669647193741505
4241,probe_grad_tgt_asis,0.01,0.001345338507585271,1.0000802580184178,5.552241884484817e-05,0.04127022197893121,0.04127082636019837
4241,probe_grad_tgt_asis,0.1,0.013453385075852711,1.0000113527107648,0.0005551587831847758,0.04126536035761158,0.04127082636019837
4241,probe_grad_tgt_asis,1.0,0.1345338507585271,1.0000001354957562,0.005552289150610108,0.041270573311514236,0.04127082636019837
4241,probe_grad_tgt_asis,4.0,0.5381354030341085,0.9999998274529919,0.022209384757761002,0.041270997285330645,0.04127082636019837
519,random0,0.01,0.002953415586157836,1.0000243951609045,3.970515306934518e-06,0.0013443808333455196,0.0013436154864237566
519,random0,0.1,0.02953415586157836,0.9999986020229422,3.983163107156934e-05,0.0013486632649415654,0.0013436154864237566
519,random0,1.0,0.2953415586157836,1.0000006024997066,0.0003966763388729422,0.0013431104675281655,0.0013436154864237566
519,random0,4.0,1.1813662344631344,0.9999997713736933,0.0015872533316188108,0.0013435743170195902,0.0013436154864237566
519,random1,0.01,0.002953415586157836,1.0000244472630246,3.726696085259801e-05,0.012618258340364294,0.012618907870616657
519,random1,0.1,0.02953415586157836,0.9999997364478846,0.00037267966120718937,0.01261859871512416,0.012618907870616657
519,random1,1.0,0.2953415586157836,1.000000044072031,0.0037270265669180676,0.01261937732158663,0.012618907870616657
519,random1,4.0,1.1813662344631344,0.9999999497216696,0.014907554411101965,0.012618910187387084,0.012618907870616657
519,random2,0.01,0.002953415586157836,0.9999710194085188,5.9813316960298385e-05,0.020252252084208326,0.020231733880283296
519,random2,0.1,0.02953415586157836,0.9999987959414245,0.0005976209070122666,0.020234907332825614,0.020231733880283296
519,random2,1.0,0.2953415586157836,0.9999995375863445,0.005975462020260721,0.020232377889067527,0.020231733880283296
519,random2,4.0,1.1813662344631344,1.000000045247215,0.023900944235803065,0.020231612804360134,0.020231733880283296
519,random3,0.01,0.002953415586157836,0.9999889978896684,4.180074198158305e-05,0.01415335592372984,0.014221239061861762
519,random3,0.1,0.02953415586157836,0.9999985416197537,0.00042002672194747223,0.014221727680861003,0.014221239061861762
519,random3,1.0,0.2953415586157836,0.999999926417452,0.004200036787690842,0.014220947459530283,0.014221239061861762
519,random3,4.0,1.1813662344631344,1.0000000879914923,0.01680039997282734,0.014221161467732479,0.014221239061861762
519,random4,0.01,0.002953415586157836,0.9999485592216231,5.423875948686828e-05,0.01836475697530556,0.018408011543130095
519,random4,0.1,0.02953415586157836,1.0000049185466926,0.0005437404578989118,0.018410563702830455,0.018408011543130095
519,random4,1.0,0.2953415586157836,1.0000003149308652,0.00543672155358777,0.01840825104014746,0.018408011543130095
519,random4,4.0,1.1813662344631344,1.000000060285529,0.021746611180690115,0.01840801823032698,0.018408011543130095
519,random5,0.01,0.002953415586157836,0.9999605200261267,-2.662558774145383e-05,-0.009015184949332393,-0.008999908086510792
519,random5,0.1,0.02953415586157836,1.000002402931918,-0.00026559813564778535,-0.008992914403668732,-0.008999908086510792
519,random5,1.0,0.2953415586157836,1.0000002922366737,-0.002658199113344073,-0.009000423529294714,-0.008999908086510792
519,random5,4.0,1.1813662344631344,1.000000021873291,-0.010632194961851957,-0.008999914380220712,-0.008999908086510792
519,random6,0.01,0.002953415586157836,1.0000184423439533,2.1460339819270557e-05,0.007266278379463959,0.007266353855386909
519,random6,0.1,0.02953415586157836,1.000001773501878,0.00021446976968199875,0.00726175383807083,0.007266353855386909
519,random6,1.0,0.2953415586157836,1.0000000871392494,0.002146054676191184,0.007266348448384246,0.007266353855386909
519,random6,4.0,1.1813662344631344,0.9999999460001257,0.008584236324472779,0.0072663633630716045,0.007266353855386909
519,random7,0.01,0.002953415586157836,0.9999481217272674,-6.358762423551735e-05,-0.021530198639684132,-0.02146378559659645
519,random7,0.1,0.02953415586157836,0.9999985774570226,-0.0006338344614965838,-0.02146106577304121,-0.02146378559659645
519,random7,1.0,0.2953415586157836,0.9999999678935955,-0.006339242455665941,-0.02146410578103843,-0.02146378559659645
519,random7,4.0,1.1813662344631344,0.9999999657484276,-0.025356638608508817,-0.02146382541569085,-0.02146378559659645
519,a_unit,0.01,0.002953415586157836,1.000008679758946,0.0029534385431759643,1.0000077730402168,1.0000000359993289
519,a_unit,0.1,0.02953415586157836,1.0000003176521157,0.029534165466849546,1.0000003252258582,1.0000000359993289
519,a_unit,1.0,0.2953415586157836,1.0000004175861466,0.29534168723132825,1.0000004354806864,1.0000000359993289
519,a_unit,4.0,1.1813662344631344,1.0000000491042291,1.1813663137320818,1.0000000670993847,1.0000000359993289
519,oracle,0.01,0.002953415586157836,1.000008679758946,0.0029534385431759643,1.0000077730402168,1.0000000179996642
519,oracle,0.1,0.02953415586157836,1.0000004052942266,0.029534168055286344,1.0000004128680042,1.0000000179996642
519,oracle,1.0,0.2953415586157836,1.0000003930610952,0.295341679988058,1.0000004109556235,1.0000000179996642
519,oracle,4.0,1.1813662344631344,1.000000036810729,1.1813662992089546,1.0000000548058836,1.0000000179996642
519,md_full,0.01,0.002953415586157836,0.9998288346556361,-2.8920024442361283e-05,-0.009792060615480122,-0.009773867463251769
519,md_full,0.1,0.02953415586157836,1.000021891984563,-0.00028873352006365333,-0.009776257747704013,-0.009773867463251769
519,md_full,1.0,0.2953415586157836,0.9999987094083778,-0.0028866635752218743,-0.00977398368435239,-0.009773867463251769
519,md_full,4.0,1.1813662344631344,1.0000002190743165,-0.011546537272836064,-0.009773884622733717,-0.009773867463251769
519,mean_diff_tgt_asis,0.01,0.002953415586157836,1.0000163110090723,8.089675496282443e-05,0.02739091489256506,0.027406799287260534
519,mean_diff_tgt_asis,0.1,0.02953415586157836,0.9999983273025228,0.0008094456252534907,0.027407102103991957,0.027406799287260534
519,mean_diff_tgt_asis,1.0,0.2953415586157836,1.000000518137313,0.008094362610756045,0.027406785041336434,0.027406799287260534
519,mean_diff_tgt_asis,4.0,1.1813662344631344,0.9999999201322806,0.032377669399873674,0.027406970383394725,0.027406799287260534
519,probe_grad_tgt_asis,0.01,0.002953415586157836,0.999983100582952,-3.288301192097758e-05,-0.01113389259374629,-0.011109769896364146
519,probe_grad_tgt_asis,0.1,0.02953415586157836,0.9999989292373906,-0.0003281268256750387,-0.011110079706117694,-0.011109769896364146
519,probe_grad_tgt_asis,1.0,0.2953415586157836,0.9999996611320603,-0.0032811958543723712,-0.011109834558166437,-0.011109769896364146
519,probe_grad_tgt_asis,4.0,1.1813662344631344,0.9999998683866477,-0.013124652213954782,-0.011109723497319365,-0.011109769896364146
3919,random0,0.01,0.004003179326782753,1.000007108453168,8.747792436295604e-05,0.021852112339234047,0.02179994767219177
3919,random0,0.1,0.04003179326782753,1.0000036114771889,0.0008727775522891848,0.02180210979932824,0.02179994767219177
3919,random0,1.0,0.40031793267827526,0.9999998996082015,0.008726950269125863,0.021800048303455537,0.02179994767219177
3919,random0,4.0,1.601271730713101,1.0000000493601868,0.03490768041383478,0.021799972949181585,0.02179994767219177
3919,random1,0.01,0.004003179326782753,0.9999991450814487,0.0001225133459346448,0.03060401144534923,0.030607721459554846
3919,random1,0.1,0.04003179326782753,0.9999964778590167,0.0012253843533745292,0.030610278814547576,0.030607721459554846
3919,random1,1.0,0.40031793267827526,1.0000001282970503,0.012252737805585301,0.030607516689572078,0.030607721459554846
3919,random1,4.0,1.601271730713101,0.9999999703340353,0.04901126135823365,0.030607710370561068,0.030607721459554846
3919,random2,0.01,0.004003179326782753,0.9999944942000948,-9.83387109167991e-05,-0.024565152567329843,-0.02461599794920278
3919,random2,0.1,0.04003179326782753,1.0000014529732453,-0.000985544826061858,-0.024619052648183856,-0.02461599794920278
3919,random2,1.0,0.40031793267827526,0.9999999271392735,-0.009854305582975285,-0.024616198222863338,-0.02461599794920278
3919,random2,4.0,1.601271730713101,1.0000000844452561,-0.039417039889504166,-0.024616084286925126,-0.02461599794920278
3919,random3,0.01,0.004003179326782753,0.9999684132147221,9.493417438684337e-05,0.02371469440594344,0.023718155129901553
3919,random3,0.1,0.04003179326782753,1.000001043812708,0.0009494312008202974,0.02371692905357127,0.023718155129901553
3919,random3,1.0,0.40031793267827526,1.000000022980798,0.009494695694830496,0.023717887508329854,0.023718155129901553
3919,random3,4.0,1.601271730713101,1.0000000313083302,0.03797920911048845,0.023718153753688645,0.023718155129901553
3919,random4,0.01,0.004003179326782753,1.0000190957335369,-4.639801456608022e-05,-0.011590291310624112,-0.011611996343602344
3919,random4,0.1,0.04003179326782753,1.0000004399228857,-0.00046497150381706994,-0.011615055581103708,-0.011611996343602344
3919,random4,1.0,0.40031793267827526,1.0000002344252787,-0.004648630046977559,-0.011612345257372064,-0.011611996343602344
3919,random4,4.0,1.601271730713101,1.0000000091855699,-0.01859385384746049,-0.011611929125345899,-0.011611996343602344
3919,random5,0.01,0.004003179326782753,0.9999834074332351,-0.0001109720351359259,-0.027720975274198156,-0.027767443426760418
3919,random5,0.1,0.04003179326782753,1.0000028552354512,-0.0011116407502921736,-0.02776894711797908,-0.027767443426760418
3919,random5,1.0,0.40031793267827526,1.0000003397352852,-0.011115919667828131,-0.027767728498842185,-0.027767443426760418
3919,random5,4.0,1.601271730713101,0.999999957062459,-0.04446322271048923,-0.027767443749655302,-0.027767443426760418
3919,random6,0.01,0.004003179326782753,0.9999711905245272,9.201629494027142e-05,0.02298580388958554,0.02298240308502341
3919,random6,0.1,0.04003179326782753,1.0000028227074862,0.0009199995622987423,0.022981722456038987,0.02298240308502341
3919,random6,1.0,0.40031793267827526,1.000000179850973,0.009200058771344562,0.022981880201550703,0.02298240308502341
3919,random6,4.0,1.601271730713101,1.000000045170612,0.03680109226963448,0.02298241551622578,0.02298240308502341
3919,random7,0.01,0.004003179326782753,0.9999794107261727,-0.00010655336444682712,-0.02661718492947484,-0.026598828461258574
3919,random7,0.1,0.04003179326782753,0.9999996620281675,-0.0010648083964798743,-0.026599068129571704,-0.026598828461258574
3919,random7,1.0,0.40031793267827526,1.0000000196282055,-0.010648056933062039,-0.02659900060390149,-0.026598828461258574
3919,random7,4.0,1.601271730713101,0.9999999447866964,-0.04259193996920781,-0.02659882089483973,-0.026598828461258574
3919,a_unit,0.01,0.004003179326782753,0.9999927881318481,0.004003148307053295,0.9999922512266063,0.9999998510903045
3919,a_unit,0.1,0.04003179326782753,1.000001445993315,0.04003184795401735,1.0000013660689506,0.9999998510903045
3919,a_unit,1.0,0.40031793267827526,0.9999995741297862,0.40031773236431883,0.9999994996128325,0.9999998510903045
3919,a_unit,4.0,1.601271730713101,0.9999998686264923,1.601271401120251,0.9999997941680704,0.9999998510903045
3919,oracle,0.01,0.004003179326782753,0.999992789436381,0.004003148312275536,0.9999922525311297,0.9999999255451488
3919,oracle,0.1,0.04003179326782753,1.0000015557633533,0.04003185234831551,1.0000014758391558,0.9999999255451488
3919,oracle,1.0,0.40031793267827526,0.9999996275862106,0.4003177537638757,0.9999995530692358,0.9999999255451488
3919,oracle,4.0,1.601271730713101,1.0000000260143838,1.6012716531410165,0.999999951555952,0.9999999255451488
3919,md_full,0.01,0.004003179326782753,1.0000136063054996,4.32617213609283e-05,0.01080684072069701,0.010825945332428196
3919,md_full,0.1,0.04003179326782753,1.0000101368824532,0.00043328338959451964,0.010823481893396412,0.010825945332428196
3919,md_full,1.0,0.40031793267827526,0.9999995079862487,0.004333885575951282,0.010826109005299818,0.010825945332428196
3919,md_full,4.0,1.601271730713101,0.9999997581853795,0.01733515591998038,0.010825867707200728,0.010825945332428196
3919,mean_diff_tgt_asis,0.01,0.004003179326782753,1.0000136700902236,0.0002345703983556146,0.058596025610507065,0.058583455765273476
3919,mean_diff_tgt_asis,0.1,0.04003179326782753,0.9999947308730694,0.002345180712128958,0.058582954214387306,0.058583455765273476
3919,mean_diff_tgt_asis,1.0,0.40031793267827526,0.9999995355616631,0.023452119469096463,0.0585837344637376,0.058583455765273476
3919,mean_diff_tgt_asis,4.0,1.601271730713101,1.0000000417504216,0.0938079738019115,0.058583419667401236,0.058583455765273476
3919,probe_grad_tgt_asis,0.01,0.004003179326782753,0.9999811961998497,8.060089512861832e-07,0.00020134220465560577,0.0002460512118291139
3919,probe_grad_tgt_asis,0.1,0.04003179326782753,0.9999982742724436,9.799042084043951e-06,0.00024478149201272924,0.0002460512118291139
3919,probe_grad_tgt_asis,1.0,0.40031793267827526,0.9999999281861666,9.860967027175557e-05,0.0002463283860705923,0.0002460512118291139
3919,probe_grad_tgt_asis,4.0,1.601271730713101,1.000000052026876,0.000394061380849544,0.00024609276070467753,0.0002460512118291139
1770,random0,0.01,0.059257133357722765,1.0000007971264984,-0.0023842385275168816,-0.040235468582723005,-0.040236691695550386
1770,random0,0.1,0.5925713335772277,0.9999998421930933,-0.023843088003606273,-0.040236654479504766,-0.040236691695550386
1770,random0,1.0,5.925713335772277,1.0000000275757515,-0.23843096199314542,-0.04023666831025865,-0.040236691695550386
1770,random0,4.0,23.702853343089107,1.0000000007414254,-0.9537244083669948,-0.040236691952746116,-0.040236691695550386
1770,random1,0.01,0.059257133357722765,0.9999975352499006,-0.000313386098988913,-0.005288580146074018,-0.0052874397916914985
1770,random1,0.1,0.5925713335772277,1.0000000914990927,-0.003133217872650902,-0.005287494846799842,-0.0052874397916914985
1770,random1,1.0,5.925713335772277,1.000000003316936,-0.03133196509097871,-0.005287458794510741,-0.0052874397916914985
1770,random1,4.0,23.702853343089107,1.000000004745278,-0.1253273943410076,-0.00528743913346401,-0.0052874397916914985
1770,random2,0.01,0.059257133357722765,1.0000002371583343,0.0016484046364669378,0.027817826193445236,0.027818513040126776
1770,random2,0.1,0.5925713335772277,1.0000000227370562,0.01648424618942964,0.027818163409825673,0.027818513040126776
1770,random2,1.0,5.925713335772277,1.0000000061133076,0.16484456041961387,0.027818517548677587,0.027818513040126776
1770,random2,4.0,23.702853343089107,1.0000000013878227,0.6593780843048924,0.027818510909242207,0.027818513040126776
1770,random3,0.01,0.059257133357722765,0.9999976073671991,0.0008514295997000079,0.014368389955013647,0.014366454299621852
1770,random3,0.1,0.5925713335772277,0.9999999468795947,0.008513133472954704,0.014366428125307243,0.014366454299621852
1770,random3,1.0,5.925713335772277,0.9999999923966301,0.0851314061889099,0.014366440184507345,0.014366454299621852
1770,random3,4.0,23.702853343089107,0.9999999975523842,0.340525822833922,0.014366448541234679,0.014366454299621852
1770,random4,0.01,0.059257133357722765,1.0000011647155174,0.0025154919795582304,0.04245045004746919,0.04244854320233432
1770,random4,0.1,0.5925713335772277,0.9999998786036715,0.025153774218062905,0.042448516816051315,0.04244854320233432
1770,random4,1.0,5.925713335772277,0.999999976630155,0.25153783963060666,0.04244853326132501,0.04244854320233432
1770,random4,4.0,23.702853343089107,0.9999999960168395,1.0061516150954213,0.042448544085886546,0.04244854320233432
1770,random5,0.01,0.059257133357722765,0.9999969556372866,0.001210439669321182,0.02042690222650519,0.020425767697250945
1770,random5,0.1,0.5925713335772277,1.0000002212462191,0.012103608315628511,0.02042557179160455,0.020425767697250945
1770,random5,1.0,5.925713335772277,1.0000000094626367,0.12103719892079862,0.0204257600836211,0.020425767697250945
1770,random5,4.0,23.702853343089107,1.0000000120499735,0.4841491028701874,0.0204257730435373,0.020425767697250945
1770,random6,0.01,0.059257133357722765,1.0000001986118894,0.0004950670225822635,0.008354555722323737,0.008356983382524266
1770,random6,0.1,0.5925713335772277,0.9999998251147671,0.004952012332591876,0.0083568206087487,0.008356983382524266
1770,random6,1.0,5.925713335772277,1.0000000000090659,0.049521091371819634,0.008356983972355073,0.008356983382524266
1770,random6,4.0,23.702853343089107,1.0000000054100586,0.19808431681625793,0.008356981918972727,0.008356983382524266
1770,random7,0.01,0.059257133357722765,0.9999982939932948,0.0003805436889922596,0.0064219051349480236,0.006419822434679829
1770,random7,0.1,0.5925713335772277,0.9999997865418018,0.003804246814517298,0.006419896810653775,0.006419822434679829
1770,random7,1.0,5.925713335772277,1.0000000391793602,0.03804185987830333,0.0064197941619370405,0.006419822434679829
1770,random7,4.0,23.702853343089107,1.000000003180752,0.15216810091936228,0.006419822066009997,0.006419822434679829
1770,a_unit,0.01,0.059257133357722765,1.000002070090632,0.05925725812859854,1.0000021055840658,1.0000000791463373
1770,a_unit,0.1,0.5925713335772277,0.999999885975819,0.5925712894291992,0.9999999254975293,1.0000000791463373
1770,a_unit,1.0,5.925713335772277,1.0000000565628104,5.925713905444938,1.0000000961357103,1.0000000791463373
1770,a_unit,4.0,23.702853343089107,1.000000035894247,23.702855131881815,1.0000000754673997,1.0000000791463373
1770,oracle,0.01,0.059257133357722765,1.000002069809687,0.059257258111950505,1.00000210530312,1.0000000395731676
1770,oracle,0.1,0.5925713335772277,0.9999998717505127,0.592571280999691,0.9999999112722238,1.0000000395731676
1770,oracle,1.0,5.925713335772277,1.0000000308854218,5.925713753288081,1.0000000704583196,1.0000000395731676
1770,oracle,4.0,23.702853343089107,0.9999999953438705,23.70285417072214,1.0000000349170213,1.0000000395731676
1770,md_full,0.01,0.059257133357722765,0.9999963893046449,0.00023653645930279136,0.003991695951183984,0.0039907791960604325
1770,md_full,0.1,0.5925713335772277,0.999999737010929,0.002364743164552363,0.003990647253009877,0.0039907791960604325
1770,md_full,1.0,5.925713335772277,1.0000001178357985,0.02364833376094958,0.003990799490449462,0.0039907791960604325
1770,md_full,4.0,23.702853343089107,1.0000000259175819,0.0945930370574124,0.003990786918697799,0.0039907791960604325
1770,mean_diff_tgt_asis,0.01,0.059257133357722765,0.9999993179382398,0.0009520747536913558,0.01606683785973719,0.016070021740483473
1770,mean_diff_tgt_asis,0.1,0.5925713335772277,1.0000004460523522,0.009522799344496851,0.016070300409251538,0.016070021740483473
1770,mean_diff_tgt_asis,1.0,5.925713335772277,0.9999999797157985,0.09522634952969135,0.016070022988596163,0.016070021740483473
1770,mean_diff_tgt_asis,4.0,23.702853343089107,0.9999999948408244,0.380905306874835,0.01607001913910475,0.016070021740483473
1770,probe_grad_tgt_asis,0.01,0.059257133357722765,0.9999987858712236,-0.000259621223336597,-0.004381265319895221,-0.004381484202621891
1770,probe_grad_tgt_asis,0.1,0.5925713335772277,0.9999998066808234,-0.0025963801750311585,-0.0043815487316225055,-0.004381484202621891
1770,probe_grad_tgt_asis,1.0,5.925713335772277,0.9999999957172238,-0.025963328273863644,-0.004381468829605464,-0.004381484202621891
1770,probe_grad_tgt_asis,4.0,23.702853343089107,1.000000001161385,-0.10385353183457442,-0.004381478057993147,-0.004381484202621891
2411,random0,0.01,0.001447779053991711,0.9999697737165153,8.012087938653257e-06,0.005534054327255883,0.005507017307709167
2411,random0,0.1,0.01447779053991711,1.0000025171488136,7.963291759808692e-05,0.005500350165899198,0.005507017307709167
2411,random0,1.0,0.1447779053991711,1.0000012701159708,0.0007974530345101049,0.005508112804308264,0.005507017307709167
2411,random0,4.0,0.5791116215966844,1.0000000907945306,0.0031893263506735936,0.005507273955028247,0.005507017307709167
2411,random1,0.01,0.001447779053991711,0.999903573623128,-4.558434555578242e-05,-0.03148570593703548,-0.03149233513227251
2411,random1,0.1,0.01447779053991711,0.9999979133944725,-0.0004559768400421797,-0.03149491897848595,-0.03149233513227251
2411,random1,1.0,0.1447779053991711,1.0000004736457748,-0.0045592978248556746,-0.03149166865127045,-0.03149233513227251
2411,random1,4.0,0.5791116215966844,0.9999999690899444,-0.018237670274770225,-0.03149249573767256,-0.03149233513227251
2411,random2,0.01,0.001447779053991711,1.0000455572134594,4.047658272958493e-05,0.02795770709486772,0.027951642884289175
2411,random2,0.1,0.01447779053991711,1.0000043442858493,0.000404752999081318,0.027956821033248303,0.027951642884289175
2411,random2,1.0,0.1447779053991711,0.9999997111344141,0.004046654992453824,0.027950777304704622,0.027951642884289175
2411,random2,4.0,0.5791116215966844,0.9999997617310388,0.01618707977865304,0.02795157129470689,0.027951642884289175
2411,random3,0.01,0.001447779053991711,1.0000531229066179,-8.852646485100102e-06,-0.006114639150699293,-0.006044283066339913
2411,random3,0.1,0.01447779053991711,0.9999930160098196,-8.740766364258911e-05,-0.006037362082397522,-0.006044283066339913
2411,random3,1.0,0.1447779053991711,1.0000006876115575,-0.0008750630576820134,-0.006044175423517513,-0.006044283066339913
2411,random3,4.0,0.5791116215966844,1.00000010021811,-0.003500326699044502,-0.006044304014127115,-0.006044283066339913
2411,random4,0.01,0.001447779053991711,0.9999701296941595,1.6533914791697185e-05,0.011420192014873458,0.011444298030011077
2411,random4,0.1,0.01447779053991711,1.000003148219661,0.00016565305222264402,0.011441873797380719,0.011444298030011077
2411,random4,1.0,0.1447779053991711,1.0000001757622976,0.0016569613425415864,0.011444849529858395,0.011444298030011077
2411,random4,4.0,0.5791116215966844,1.0000000360820747,0.0066275482945442115,0.011444336544777358,0.011444298030011077
2411,random5,0.01,0.001447779053991711,0.9999029981604354,-5.1105320293837506e-05,-0.03529911567164454,-0.035314270352349
2411,random5,0.1,0.01447779053991711,0.9999991761595973,-0.0005112614104279405,-0.03531349683629748,-0.035314270352349
2411,random5,1.0,0.1447779053991711,1.000000846173519,-0.005112598902848709,-0.035313391838019924,-0.035314270352349
2411,random5,4.0,0.5791116215966844,0.9999999708136146,-0.020450948829152295,-0.035314347124940144,-0.035314270352349
2411,random6,0.01,0.001447779053991711,0.9999725015579205,-2.6262852229835896e-06,-0.001814009683136793,-0.0017295179254461321
2411,random6,0.1,0.01447779053991711,0.9999930350776034,-2.4917537545876672e-05,-0.001721087031696988,-0.0017295179254461321
2411,random6,1.0,0.1447779053991711,1.0000004924142427,-0.0002504278030709572,-0.0017297377136414281,-0.0017295179254461321
2411,random6,4.0,0.5791116215966844,0.9999997392478782,-0.0010016963156146029,-0.0017297119903289088,-0.0017295179254461321
2411,random7,0.01,0.001447779053991711,0.9998947924941507,1.7804102378835614e-05,0.012297527257178807,0.012141632669822815
2411,random7,0.1,0.01447779053991711,1.0000115770943625,0.00017574318606375407,0.012138812588786097,0.012141632669822815
2411,random7,1.0,0.1447779053991711,0.9999995969939253,0.001757906778867111,0.012142092911348167,0.012141632669822815
2411,random7,4.0,0.5791116215966844,1.0000000793703285,0.007031305544177257,0.012141537627566605,0.012141632669822815
2411,a_unit,0.01,0.001447779053991711,0.9999684509919898,0.001447728945186698,0.9999653891905157,0.9999998756718398
2411,a_unit,0.1,0.01447779053991711,1.0000004563892213,0.014477795834921838,1.0000003657329282,0.9999998756718398
2411,a_unit,1.0,0.1447779053991711,0.999999822209768,0.14477787061571878,0.9999997597461283,0.9999998756718398
2411,a_unit,4.0,0.5791116215966844,0.9999999960253243,0.5791115832775866,0.9999999338312402,0.9999998756718398
2411,oracle,0.01,0.001447779053991711,0.9999684509919898,0.001447728945186698,0.9999653891905157,0.9999999378359172
2411,oracle,0.1,0.01447779053991711,1.0000004920625516,0.01447779635139305,1.0000004014062729,0.9999999378359172
2411,oracle,1.0,0.1447779053991711,0.9999998541235273,0.14477787523612523,0.9999997916598822,0.9999999378359172
2411,oracle,4.0,0.5791116215966844,1.0000000511167955,0.5791116151816982,0.999999988922712,0.9999999378359172
2411,md_full,0.01,0.001447779053991711,0.9999440773499394,-3.138765065655464e-06,-0.002167986238647043,-0.002218444000722102
2411,md_full,0.1,0.01447779053991711,0.9999023869711663,-3.229329015030493e-05,-0.0022305399474642365,-0.002218444000722102
2411,md_full,1.0,0.1447779053991711,1.0000001584455127,-0.00032121917749473297,-0.0022187030307496912,-0.002218444000722102
2411,md_full,4.0,0.5791116215966844,1.0000005529533433,-0.0012848021054986851,-0.0022185742050147817,-0.002218444000722102
2411,mean_diff_tgt_asis,0.01,0.001447779053991711,0.9999246888367266,2.067149501536685e-06,0.001427807299627171,0.0013948065266313828
2411,mean_diff_tgt_asis,0.1,0.01447779053991711,1.0000044462732853,2.0301188618736238e-05,0.0014022297506489875,0.0013948065266313828
2411,mean_diff_tgt_asis,1.0,0.1447779053991711,1.0000005368304,0.00020180954216392558,0.001393925002627376,0.0013948065266313828
2411,mean_diff_tgt_asis,4.0,0.5791116215966844,1.0000000118693038,0.0008076888560922674,0.001394703241950777,0.0013948065266313828
2411,probe_grad_tgt_asis,0.01,0.001447779053991711,0.9999746954165899,-5.525479828267527e-05,-0.03816521459564618,-0.0380522066078542
2411,probe_grad_tgt_asis,0.1,0.01447779053991711,0.9999960618237163,-0.0005507805333644987,-0.038043134540862895,-0.0380522066078542
2411,probe_grad_tgt_asis,1.0,0.1447779053991711,0.9999999043988248,-0.00550911752491679,-0.03805219801825045,-0.0380522066078542
2411,probe_grad_tgt_asis,4.0,0.5791116215966844,0.9999997983566752,-0.022036411210172586,-0.038052096328882845,-0.0380522066078542
2590,random0,0.01,0.0281685253935058,1.000004702818565,-0.001058546992180535,-0.03757907016405555,-0.03757762710754135
2590,random0,0.1,0.281685253935058,0.999999788506675,-0.010585036546012509,-0.037577531653300064,-0.03757762710754135
2590,random0,1.0,2.81685253935058,1.0000000504517932,-0.10585064207104447,-0.03757762985188005,-0.03757762710754135
2590,random0,4.0,11.26741015740232,1.0000000014321633,-0.4234025607694959,-0.037577629184940446,-0.03757762710754135
2590,random1,0.01,0.0281685253935058,0.9999986196704932,-0.00030099862467522433,-0.010685636556062639,-0.010686420089213089
2590,random1,0.1,0.281685253935058,0.9999998359578447,-0.003010178188141529,-0.010686317959815957,-0.010686420089213089
2590,random1,1.0,2.81685253935058,0.9999999826310956,-0.030102043053626022,-0.010686410677559283,-0.010686420089213089
2590,random1,4.0,11.26741015740232,0.9999999982353551,-0.12040828893061184,-0.010686421036293556,-0.010686420089213089
2590,random2,0.01,0.0281685253935058,1.0000015511961757,0.00013070117816567703,0.00463997232158308,0.00463890758519039
2590,random2,0.1,0.281685253935058,0.9999996529598857,0.0013067174106570576,0.004638927286404275,0.00463890758519039
2590,random2,1.0,2.81685253935058,0.9999999584518913,0.013067147531454423,0.004638917852074369,0.00463890758519039
2590,random2,4.0,11.26741015740232,1.000000012007714,0.0522683891902956,0.0046389000187374,0.00463890758519039
2590,random3,0.01,0.0281685253935058,1.0000010935182342,-0.0005195454627722201,-0.0184441839079017,-0.018443477222125134
2590,random3,0.1,0.281685253935058,0.9999996296747513,-0.0051952783572993665,-0.018443558137044434,-0.018443477222125134
2590,random3,1.0,2.81685253935058,1.00000000189986,-0.05195253118048876,-0.018443468536150746,-0.018443477222125134
2590,random3,4.0,11.26741015740232,1.0000000035110137,-0.20781021089474067,-0.01844347618411815,-0.018443477222125134
2590,random4,0.01,0.0281685253935058,1.0000006365781282,0.0003664729300881314,0.013010014722766462,0.013012258596296952
2590,random4,0.1,0.281685253935058,0.9999998739106227,0.003665323120841524,0.0130121228201976,0.013012258596296952
2590,random4,1.0,2.81685253935058,1.0000000024308424,0.036653652402107884,0.01301227234655255,0.013012258596296952
2590,random4,4.0,11.26741015740232,0.999999999028038,0.1466145147196415,0.013012263925026333,0.013012258596296952
2590,random5,0.01,0.0281685253935058,0.9999992951867268,0.00020452234533654458,0.00726066922138909,0.007261744175343765
2590,random5,0.1,0.281685253935058,1.0000001408558175,0.0020454979056990672,0.007261643544076514,0.007261744175343765
2590,random5,1.0,2.81685253935058,1.0000000054385596,0.020455257130168814,0.00726174226176736,0.007261744175343765
2590,random5,4.0,11.26741015740232,1.0000000015136556,0.08182094888847663,0.007261735194287122,0.007261744175343765
2590,random6,0.01,0.0281685253935058,0.9999983379824097,-0.0010741452200131348,-0.03813281685880429,-0.03813530177978203
2590,random6,0.1,0.281685253935058,0.9999995972566527,-0.010742155388892755,-0.03813531322221552,-0.03813530177978203
2590,random6,1.0,2.81685253935058,0.9999999869396479,-0.1074215065602332,-0.03813529642023754,-0.03813530177978203
2590,random6,4.0,11.26741015740232,1.000000004802735,-0.42968607224708494,-0.038135300503354376,-0.03813530177978203
2590,random7,0.01,0.0281685253935058,0.9999959680993938,-0.0004867749929595421,-0.017280812046759363,-0.017281197299391017
2590,random7,0.1,0.281685253935058,1.0000004554904152,-0.004867885226619895,-0.01728129235952897,-0.017281197299391017
2590,random7,1.0,2.81685253935058,1.0000000488694982,-0.04867856181978787,-0.017281189249264223,-0.017281197299391017
2590,random7,4.0,11.26741015740232,0.9999999988894046,-0.19471435891659875,-0.017281199157259557,-0.017281197299391017
2590,a_unit,0.01,0.0281685253935058,0.9999988558770049,0.02816849707395858,0.9999989946386321,1.0000002850891971
2590,a_unit,0.1,0.281685253935058,1.000000220525254,0.2816853561946762,1.0000003630279426,1.0000002850891971
2590,a_unit,1.0,2.81685253935058,1.000000124282702,2.8168532909609034,1.0000002668262937,1.0000002850891971
2590,a_unit,4.0,11.26741015740232,1.0000001471280784,11.267413421262727,1.0000002896726365,1.0000002850891971
2590,oracle,0.01,0.0281685253935058,0.9999988365136991,0.028168496528523407,0.9999989752753475,1.0000001425445884
2590,oracle,0.1,0.281685253935058,1.000000116642658,0.2816853269324727,1.000000259145318,1.0000001425445884
2590,oracle,1.0,2.81685253935058,0.9999999710996696,2.8168528594668407,1.0000001136432441,1.0000001425445884
2590,oracle,4.0,11.26741015740232,0.9999999992562891,11.267411755130386,1.0000001418008257,1.0000001425445884
2590,md_full,0.01,0.0281685253935058,1.0000204382992572,5.981170881615372e-05,0.0021233525000191595,0.0021238595904191776
2590,md_full,0.1,0.281685253935058,1.0000020229977924,0.0005982934687715439,0.0021239786620476744,0.0021238595904191776
2590,md_full,1.0,2.81685253935058,1.000000283855136,0.005982567734125879,0.002123848391263374,0.0021238595904191776
2590,md_full,4.0,11.26741015740232,0.9999999642804481,0.0239303700904612,0.0021238571913297865,0.0021238595904191776
2590,mean_diff_tgt_asis,0.01,0.0281685253935058,0.9999960490567971,6.78647938484567e-05,0.0024092419784282637,0.002406730325775564
2590,mean_diff_tgt_asis,0.1,0.281685253935058,0.999999898534012,0.000677919248743215,0.0024066550849676637,0.002406730325775564
2590,mean_diff_tgt_asis,1.0,2.81685253935058,1.0000000864514162,0.006779386015682369,0.0024067237886884,0.002406730325775564
2590,mean_diff_tgt_asis,4.0,11.26741015740232,0.999999993443261,0.027117637236728727,0.0024067320580242945,0.002406730325775564
2590,probe_grad_tgt_asis,0.01,0.0281685253935058,1.0000030094154515,0.00026285110404867927,0.009331376079391046,0.009335522131445652
2590,probe_grad_tgt_asis,0.1,0.281685253935058,1.0000000153399746,0.0026296557502220094,0.009335439869451852,0.009335522131445652
2590,probe_grad_tgt_asis,1.0,2.81685253935058,0.9999999834321953,0.026296793731187762,0.009335523732190269,0.009335522131445652
2590,probe_grad_tgt_asis,4.0,11.26741015740232,0.9999999939329833,0.10518715535964189,0.009335521995756706,0.009335522131445652
3452,random0,0.01,0.0020042865592218282,0.9999676420540108,2.7084162696809394e-05,0.013513118956066304,0.01347623765416968
3452,random0,0.1,0.02004286559221828,1.000005970011927,0.00027001952752364855,0.013472101894874985,0.01347623765416968
3452,random0,1.0,0.2004286559221828,0.9999984188851464,0.0027010548227582253,0.013476390440930363,0.01347623765416968
3452,random0,4.0,0.8017146236887313,0.999999963403299,0.010804161816852013,0.013476318751853988,0.01347623765416968
3452,random1,0.01,0.0020042865592218282,0.9999711628326373,-1.7388078033067384e-05,-0.008675445111909732,-0.00873429381506664
3452,random1,0.1,0.02004286559221828,0.9999970857798062,-0.00017520600413571506,-0.008741564589633304,-0.00873429381506664
3452,random1,1.0,0.2004286559221828,1.0000000870875045,-0.00175070631939746,-0.008734810455832116,-0.00873429381506664
3452,random1,4.0,0.8017146236887313,0.9999998841799012,-0.007002374521896405,-0.00873424821625195,-0.00873429381506664
3452,random2,0.01,0.0020042865592218282,0.9999902852876765,-1.4304894741102258e-05,-0.007137150461486997,-0.0071471467985987965
3452,random2,0.1,0.02004286559221828,0.9999943634349849,-0.00014326243684190337,-0.007147802103583709,-0.0071471467985987965
3452,random2,1.0,0.2004286559221828,0.999999781447809,-0.0014323493179151203,-0.007146429792310912,-0.0071471467985987965
3452,random2,4.0,0.8017146236887313,1.0000001088738528,-0.005730033884308768,-0.007147223856220285,-0.0071471467985987965
3452,random3,0.01,0.0020042865592218282,1.0000276131884722,-6.3541961980507805e-06,-0.0031703032527034564,-0.0032221098433395127
3452,random3,0.1,0.02004286559221828,0.9999933436397109,-6.461557613388815e-05,-0.0032238691536690934,-0.0032221098433395127
3452,random3,1.0,0.2004286559221828,1.0000001647412264,-0.0006458153929448083,-0.0032221709514209814,-0.0032221098433395127
3452,random3,4.0,0.8017146236887313,0.9999999617344136,-0.0025832702262485532,-0.003222181746371035,-0.0032221098433395127
3452,random4,0.01,0.0020042865592218282,1.0000929479931266,-4.869906907121709e-05,-0.024297458288661422,-0.024257062093759402
3452,random4,0.1,0.02004286559221828,1.0000084953092925,-0.00048615644130309407,-0.02425583502849244,-0.024257062093759402
3452,random4,1.0,0.2004286559221828,1.0000000194655647,-0.004861848497067025,-0.024257252410826203,-0.024257062093759402
3452,random4,4.0,0.8017146236887313,0.9999998716121248,-0.019447192443044856,-0.02425700101810205,-0.024257062093759402
3452,random5,0.01,0.0020042865592218282,0.9999749347968249,2.507748850502406e-05,0.012511927692994404,0.01252848704089327
3452,random5,0.1,0.02004286559221828,0.9999919406150477,0.00025116921438543224,0.012531601992229576,0.01252848704089327
3452,random5,1.0,0.2004286559221828,0.9999999476286746,0.002511075662541202,0.012528526177993911,0.01252848704089327
3452,random5,4.0,0.8017146236887313,1.0000000522796682,0.010044283259386288,0.012528501991359483,0.01252848704089327
3452,random6,0.01,0.0020042865592218282,1.00000891631872,-3.191489068746082e-05,-0.015923317222589117,-0.015921806703026946
3452,random6,0.1,0.02004286559221828,0.9999989991169241,-0.0003191752408247617,-0.01592463110408138,-0.015921806703026946
3452,random6,1.0,0.2004286559221828,1.0000001686552122,-0.003191119296836518,-0.015921472317189427,-0.015921806703026946
3452,random6,4.0,0.8017146236887313,1.0000001148487319,-0.012764793374633435,-0.015921866706013105,-0.015921806703026946
3452,random7,0.01,0.0020042865592218282,0.9999725957881883,-1.594256316769468e-05,-0.007954233437500294,-0.007897098028075245
3452,random7,0.1,0.02004286559221828,0.9999992476235123,-0.00015830491954726484,-0.007898317674131752,-0.007897098028075245
3452,random7,1.0,0.2004286559221828,1.0000000192696854,-0.0015828509716807825,-0.007897328674874367,-0.007897098028075245
3452,random7,4.0,0.8017146236887313,0.9999999411980771,-0.006331334700556229,-0.007897242377125946,-0.007897098028075245
3452,a_unit,0.01,0.0020042865592218282,1.0000453669936273,0.002004373538846913,1.0000433968010636,1.0000001132856347
3452,a_unit,0.1,0.02004286559221828,0.9999970136271885,0.020042806238972075,0.9999970386846165,1.0000001132856347
3452,a_unit,1.0,0.2004286559221828,0.9999994105980545,0.20042854907441995,0.99999946690376,1.0000001132856347
3452,a_unit,4.0,0.8017146236887313,0.9999999468852258,0.8017146265048757,1.000000003512652,1.0000001132856347
3452,oracle,0.01,0.0020042865592218282,1.0000453669936273,0.002004373538846913,1.0000433968010636,1.0000000566428155
3452,oracle,0.1,0.02004286559221828,0.9999967983823325,0.020042801924861586,0.9999968234404206,1.0000000566428155
3452,oracle,1.0,0.2004286559221828,0.9999993701680727,0.20042854097109788,0.9999994264738024,1.0000000566428155
3452,oracle,4.0,0.8017146236887313,0.9999998448626659,0.801714544711903,0.9999999014900989,1.0000000566428155
3452,md_full,0.01,0.0020042865592218282,1.0004272119461288,1.0304635534249943e-05,0.0051412985268188185,0.005176991077687478
3452,md_full,0.1,0.02004286559221828,0.9999765399104297,0.00010380856906772989,0.005179327705916162,0.005176991077687478
3452,md_full,1.0,0.2004286559221828,0.9999980158171542,0.0010375787399734934,0.005176798373463809,0.005176991077687478
3452,md_full,4.0,0.8017146236887313,1.0000010550692888,0.004150565136993854,0.005177110426022772,0.005176991077687478
3452,mean_diff_tgt_asis,0.01,0.0020042865592218282,1.0000060280575913,-3.99322911718244e-05,-0.019923444074448248,-0.01995380537922352
3452,mean_diff_tgt_asis,0.1,0.02004286559221828,0.9999939013111296,-0.0003999802007716799,-0.019956238240053544,-0.01995380537922352
3452,mean_diff_tgt_asis,1.0,0.2004286559221828,1.0000011491623273,-0.0039991949869432886,-0.01995320962734985,-0.01995380537922352
3452,mean_diff_tgt_asis,4.0,0.8017146236887313,0.9999997685384098,-0.015997192858382567,-0.019953724661748887,-0.01995380537922352
3452,probe_grad_tgt_asis,0.01,0.0020042865592218282,0.9999459972251223,1.0213587553524516e-05,0.005095871898422539,0.005112530829102124
3452,probe_grad_tgt_asis,0.1,0.02004286559221828,0.9999935527122363,0.00010245494382246634,0.005111791193283502,0.005112530829102124
3452,probe_grad_tgt_asis,1.0,0.2004286559221828,0.9999999685912838,0.0010246539441147009,0.005112312605202156,0.005112530829102124
3452,probe_grad_tgt_asis,4.0,0.8017146236887313,1.0000000183030375,0.004098950530604939,0.005112730152963222,0.005112530829102124
4398,random0,0.01,0.04518086936512565,1.0000013839016837,-0.0004544733865369129,-0.010058978344664462,-0.010056113219303643
4398,random0,0.1,0.4518086936512565,0.9999999743353903,-0.004543123177134423,-0.010055413366262455,-0.010056113219303643
4398,random0,1.0,4.518086936512565,1.0000000551696662,-0.045434426891237514,-0.01005612055050618,-0.010056113219303643
4398,random0,4.0,18.07234774605026,0.9999999952050309,-0.1817374233191371,-0.010056104822288853,-0.010056113219303643
4398,random1,0.01,0.04518086936512565,1.0000000605667905,0.0003333881620106051,0.007378967396938621,0.007378977378739941
4398,random1,0.1,0.4518086936512565,0.9999997010442119,0.003334008269578694,0.007379247713529299,0.007378977378739941
4398,random1,1.0,4.518086936512565,1.0000000042915236,0.033338889205324386,0.007378983555163309,0.007378977378739941
4398,random1,4.0,18.07234774605026,1.0000000000162736,0.13335537312230666,0.007378973390518766,0.007378977378739941
4398,random2,0.01,0.04518086936512565,1.0000013426754626,-0.001939721789158059,-0.04293236974884988,-0.04293005666007171
4398,random2,0.1,0.4518086936512565,1.000000115054293,-0.0193963580157797,-0.04293046656324728,-0.04293005666007171
4398,random2,1.0,4.518086936512565,1.0000000314007678,-0.19396165591907583,-0.04293004066645773,-0.04293005666007171
4398,random2,4.0,18.07234774605026,0.9999999995780933,-0.7758469926192171,-0.042930061081232776,-0.04293005666007171
4398,random3,0.01,0.04518086936512565,0.9999988142121721,0.000558713682757567,0.012366156087931072,0.012367663830401722
4398,random3,0.1,0.4518086936512565,1.0000001234702145,0.00558775288310185,0.01236751961974185,0.012367663830401722
4398,random3,1.0,4.518086936512565,1.0000000227866486,0.05587825634573972,0.012367680642478122,0.012367663830401722
4398,random3,4.0,18.07234774605026,1.000000000321657,0.22351256913682993,0.01236765539694083,0.012367663830401722
4398,random4,0.01,0.04518086936512565,0.999998754115947,-0.0009688091487729297,-0.021442906309384502,-0.02143746616369441
4398,random4,0.1,0.4518086936512565,0.9999998144387489,-0.009685635108755712,-0.02143746954154869,-0.02143746616369441
4398,random4,1.0,4.518086936512565,1.0000000297443756,-0.09685633999393803,-0.021437467086168956,-0.02143746616369441
4398,random4,4.0,18.07234774605026,1.0000000071573742,-0.3874252764651892,-0.02143746246526612,-0.02143746616369441
4398,random5,0.01,0.04518086936512565,1.0000034022374484,0.0005263846007689624,0.011650608059686204,0.011652370216967935
4398,random5,0.1,0.4518086936512565,1.0000001895725161,0.005264681509712977,0.011652457298169423,0.011652370216967935
4398,random5,1.0,4.518086936512565,1.0000000156944453,0.052646327153141506,0.011652349300250145,0.011652370216967935
4398,random5,4.0,18.07234774605026,0.9999999964150155,0.21058560491330403,0.011652365695504496,0.011652370216967935
4398,random6,0.01,0.04518086936512565,1.0000009205186948,-0.000165011425575049,-0.0036522410456851133,-0.0036513732721222348
4398,random6,0.1,0.4518086936512565,0.9999998750752946,-0.0016497502461298146,-0.0036514353736699654,-0.0036513732721222348
4398,random6,1.0,4.518086936512565,0.9999999856683043,-0.016497213779398903,-0.0036513714789500763,-0.0036513732721222348
4398,random6,4.0,18.07234774605026,1.0000000019204793,-0.06598897247260763,-0.0036513779725730225,-0.0036513732721222348
4398,random7,0.01,0.04518086936512565,0.999997902425331,-3.192701481039917e-05,-0.0007066489702175384,-0.0007068995454857611
4398,random7,0.1,0.4518086936512565,0.9999996816078512,-0.0003192461712888499,-0.0007065959017054032,-0.0007068995454857611
4398,random7,1.0,4.518086936512565,1.0000000093356451,-0.003194001901406285,-0.0007069367956588461,-0.0007068995454857611
4398,random7,4.0,18.07234774605026,1.0000000039855506,-0.012775305133373716,-0.0007068979256536151,-0.0007068995454857611
4398,a_unit,0.01,0.04518086936512565,0.9999950138100584,0.04518064292436472,0.9999949881274063,0.9999999611118886
4398,a_unit,0.1,0.4518086936512565,0.9999997169206215,0.4518085569350571,0.9999996974024598,0.9999999611118886
4398,a_unit,1.0,4.518086936512565,0.9999999849178595,4.518086780517978,0.99999996547331,0.9999999611118886
4398,a_unit,4.0,18.07234774605026,0.9999999842614015,18.072347110216704,0.999999964817324,0.9999999611118886
4398,oracle,0.01,0.04518086936512565,0.9999970817375902,0.04518073635476032,0.9999970560467915,0.999999980555944
4398,oracle,0.1,0.4518086936512565,0.9999997203151219,0.45180855846872137,0.999999700796959,0.999999980555944
4398,oracle,1.0,4.518086936512565,1.0000000059887846,4.518086875718245,0.9999999865442342,0.999999980555944
4398,oracle,4.0,18.07234774605026,0.9999999995471766,18.072347386466536,0.9999999801030985,0.999999980555944
4398,md_full,0.01,0.04518086936512565,0.9999958299845189,0.002191441772184638,0.04850375397769957,0.04850120307982213
4398,md_full,0.1,0.4518086936512565,0.9999993787886344,0.02191329877362035,0.04850127738032163,0.04850120307982213
4398,md_full,1.0,4.518086936512565,0.9999999232877496,0.21913273507307238,0.04850122145772991,0.04850120307982213
4398,md_full,4.0,18.07234774605026,0.9999999866998494,0.8765306048340236,0.04850120289576603,0.04850120307982213
4398,mean_diff_tgt_asis,0.01,0.04518086936512565,1.000002497152511,0.0018419340291480793,0.04076800767737854,0.04076700343318879
4398,mean_diff_tgt_asis,0.1,0.4518086936512565,0.9999994242675455,0.01841891299189744,0.04076706192403347,0.04076700343318879
4398,mean_diff_tgt_asis,1.0,4.518086936512565,0.9999999891736181,0.18418902230591827,0.040767038105754265,0.04076700343318879
4398,mean_diff_tgt_asis,4.0,18.07234774605026,0.9999999948225642,0.7367554582221193,0.040767003190448146,0.04076700343318879
4398,probe_grad_tgt_asis,0.01,0.04518086936512565,1.0000002745919125,-0.0008208333771791817,-0.018167719849427447,-0.018169333968176382
4398,probe_grad_tgt_asis,0.1,0.4518086936512565,1.0000000559588083,-0.008209014697495277,-0.018169226960098466,-0.018169333968176382
4398,probe_grad_tgt_asis,1.0,4.518086936512565,0.9999999842805262,-0.0820905640124821,-0.018169319264105713,-0.018169333968176382
4398,probe_grad_tgt_asis,4.0,18.07234774605026,1.0000000020359026,-0.32836238266076256,-0.01816932626988249,-0.018169333968176382
1854,random0,0.01,0.019502235631906402,0.9999985912248892,-0.000474097587333218,-0.0243099097088939,-0.024306618086491157
1854,random0,0.1,0.19502235631906403,1.0000003760238012,-0.004740167877569824,-0.024305766615878275,-0.024306618086491157
1854,random0,1.0,1.9502235631906402,1.0000000387166492,-0.04740308701715349,-0.024306488708197245,-0.024306618086491157
1854,random0,4.0,7.800894252762561,0.9999999978597606,-0.1896134691709193,-0.024306632422785475,-0.024306618086491157
1854,random1,0.01,0.019502235631906402,1.000003681253198,-0.00016835575944823092,-0.008632638976671703,-0.008632158849332584
1854,random1,0.1,0.19502235631906403,0.9999997924279025,-0.001683452210993152,-0.00863209861047397,-0.008632158849332584
1854,random1,1.0,1.9502235631906402,0.9999999706573431,-0.01683485524557277,-0.00863226942968031,-0.008632158849332584
1854,random1,4.0,7.800894252762561,1.0000000131359035,-0.06733845990934405,-0.00863214622932457,-0.008632158849332584
1854,random2,0.01,0.019502235631906402,0.9999989191663509,0.0005419712344791433,0.027790210553730446,0.027794037875563157
1854,random2,0.1,0.19502235631906403,1.000000277631301,0.005420447591274637,0.027793980616286768,0.027794037875563157
1854,random2,1.0,1.9502235631906402,1.000000064230158,0.054204623149988224,0.027794056113909008,0.027794037875563157
1854,random2,4.0,7.800894252762561,1.0000000150866546,0.21681836193013668,0.027794039363288888,0.027794037875563157
1854,random3,0.01,0.019502235631906402,1.0000045070377064,-3.080106939904275e-05,-0.0015793609502210621,-0.0015710825291880299
1854,random3,0.1,0.19502235631906403,0.9999998163846987,-0.0003063270128265711,-0.001570727677627935,-0.0015710825291880299
1854,random3,1.0,1.9502235631906402,0.9999999571109265,-0.0030639457643856782,-0.001571074117970837,-0.0015710825291880299
1854,random3,4.0,7.800894252762561,0.9999999888642359,-0.012255774268742664,-0.001571072991330767,-0.0015710825291880299
1854,random4,0.01,0.019502235631906402,1.0000010786160214,-0.0006074487954109256,-0.031147649268328817,-0.031139721517813072
1854,random4,0.1,0.19502235631906403,0.9999999240437613,-0.006073012956856723,-0.0311400860469609,-0.031139721517813072
1854,random4,1.0,1.9502235631906402,1.0000000130783397,-0.060729168301666754,-0.03113959314608604,-0.031139721517813072
1854,random4,4.0,7.800894252762561,1.0000000070377708,-0.24291768397617927,-0.03113972271706592,-0.031139721517813072
1854,random5,0.01,0.019502235631906402,1.0000099200741168,1.6810010429813287e-05,0.0008619529959073753,0.0008530853906347745
1854,random5,0.1,0.19502235631906403,1.0000000189466738,0.000166219547144015,0.0008523102185888548,0.0008530853906347745
1854,random5,1.0,1.9502235631906402,1.0000000257021104,0.0016637400517006719,0.0008531022202289104,0.0008530853906347745
1854,random5,4.0,7.800894252762561,1.0000000044383028,0.0066547675734275336,0.0008530775264734367,0.0008530853906347745
1854,random6,0.01,0.019502235631906402,0.9999967060303464,4.628084670182651e-05,0.0023731046827323364,0.0023760938085241844
1854,random6,0.1,0.19502235631906403,0.999999934065204,0.0004632661058225599,0.002375451279363269,0.0023760938085241844
1854,random6,1.0,1.9502235631906402,0.9999999847882103,0.0046338170149771134,0.002376044009742151,0.0023760938085241844
1854,random6,4.0,7.800894252762561,0.99999999822453,0.018535526022222165,0.0023760770780424448,0.0023760938085241844
1854,random7,0.01,0.019502235631906402,1.0000045446430523,5.829380133736217e-05,0.0029890830178459786,0.0029958745301036753
1854,random7,0.1,0.19502235631906403,1.0000000479311983,0.0005841960969983932,0.0029955339891526386,0.0029958745301036753
1854,random7,1.0,1.9502235631906402,1.0000000205416333,0.005842566587787243,0.002995844526782653,0.0029958745301036753
1854,random7,4.0,7.800894252762561,1.000000007248108,0.023370391961346465,0.002995860628808065,0.0029958745301036753
1854,a_unit,0.01,0.019502235631906402,1.0000013472555238,0.01950226214299761,1.000001359387288,1.0000000601351053
1854,a_unit,0.1,0.19502235631906403,0.9999996649022099,0.19502229678735028,0.9999996947441572,1.0000000601351053
1854,a_unit,1.0,1.9502235631906402,0.9999999775088079,1.9502235779616668,1.0000000075740172,1.0000000601351053
1854,a_unit,4.0,7.800894252762561,1.0000000339610178,7.800894752241135,1.000000064028374,1.0000000601351053
1854,oracle,0.01,0.019502235631906402,1.0000013411848143,0.01950226202460503,1.0000013533165697,1.0000000300675524
1854,oracle,0.1,0.19502235631906403,0.9999996522563956,0.19502229432113466,0.9999996820983473,1.0000000300675524
1854,oracle,1.0,1.9502235631906402,0.9999999238409198,1.9502234732972883,0.9999999539061297,1.0000000300675524
1854,oracle,4.0,7.800894252762561,1.0000000115330159,7.800894577282654,1.0000000416003707,1.0000000300675524
1854,md_full,0.01,0.019502235631906402,1.0000046565849416,-9.921030054310689e-05,-0.005087124492578433,-0.005085071829744615
1854,md_full,0.1,0.19502235631906403,0.999997065024159,-0.0009919679300865389,-0.005086431877910661,-0.005085071829744615
1854,md_full,1.0,1.9502235631906402,0.9999999842672368,-0.009916991467658957,-0.00508505365991701,-0.005085071829744615
1854,md_full,4.0,7.800894252762561,0.9999999584013184,-0.03966809797250888,-0.005085070594113113,-0.005085071829744615
1854,mean_diff_tgt_asis,0.01,0.019502235631906402,1.0000034304544454,-1.2291984145480815e-05,-0.0006302859004211118,-0.0006419747578355617
1854,mean_diff_tgt_asis,0.1,0.19502235631906403,1.00000058330901,-0.0001253601311900815,-0.000642798772182752,-0.0006419747578355617
1854,mean_diff_tgt_asis,1.0,1.9502235631906402,0.9999999768205271,-0.0012520422856573538,-0.0006419993631955533,-0.0006419747578355617
1854,mean_diff_tgt_asis,4.0,7.800894252762561,0.9999999704934992,-0.005007995018437378,-0.0006419770421402491,-0.0006419747578355617
1854,probe_grad_tgt_asis,0.01,0.019502235631906402,0.9999963875769436,-0.0011355782455865458,-0.05822810610126648,-0.05822089784703588
1854,probe_grad_tgt_asis,0.1,0.19502235631906403,1.0000002599124802,-0.011354530647404788,-0.058221687306599566,-0.05822089784703588
1854,probe_grad_tgt_asis,1.0,1.9502235631906402,0.9999999781408438,-0.11354372494501036,-0.05822087635904086,-0.05822089784703588
1854,probe_grad_tgt_asis,4.0,7.800894252762561,0.9999999854331434,-0.45417505134186786,-0.05822089578781678,-0.05822089784703588
2167,random0,0.01,0.010147395786229377,0.9999952035962724,7.091896255386198e-05,0.006988883063978174,0.006972260561581177
2167,random0,0.1,0.10147395786229377,0.9999988215504048,0.0007075764352048599,0.006972985484266648,0.006972260561581177
2167,random0,1.0,1.0147395786229376,0.9999999710766972,0.0070749032267552435,0.006972136867230813,0.006972260561581177
2167,random0,4.0,4.0589583144917505,0.9999999996878608,0.0283001275684517,0.00697226366366252,0.006972260561581177
2167,random1,0.01,0.010147395786229377,1.0000036913649095,-0.0003121939796615395,-0.030765921250968196,-0.030787750051213286
2167,random1,0.1,0.10147395786229377,0.9999993666469436,-0.003124222972576185,-0.030788421368327254,-0.030787750051213286
2167,random1,1.0,1.0147395786229376,1.0000000873109491,-0.03124155086374473,-0.030787752367106232,-0.030787750051213286
2167,random1,4.0,4.0589583144917505,0.9999999797670965,-0.12496614161499184,-0.030787737131673324,-0.030787750051213286
2167,random2,0.01,0.010147395786229377,1.00001016024676,2.0692594006660534e-05,0.0020392024163225823,0.002042591355918426
2167,random2,0.1,0.10147395786229377,1.000002122221435,0.00020745153056560652,0.002044381976774087,0.002042591355918426
2167,random2,1.0,1.0147395786229376,0.9999998982245897,0.0020728613056253944,0.002042752001886426,0.002042591355918426
2167,random2,4.0,4.0589583144917505,1.0000000585019715,0.008290870459544466,0.00204261039832399,0.002042591355918426
2167,random3,0.01,0.010147395786229377,0.9999991164308493,-0.00028475035814499533,-0.028061422274611444,-0.028076530296323413
2167,random3,0.1,0.10147395786229377,1.000000045260423,-0.0028488748696698456,-0.02807493597062548,-0.028076530296323413
2167,random3,1.0,1.0147395786229376,1.0000000527529962,-0.02849029374725278,-0.028076458578580148,-0.028076530296323413
2167,random3,4.0,4.0589583144917505,1.000000003774712,-0.11396157619246611,-0.028076557422525784,-0.028076530296323413
2167,random4,0.01,0.010147395786229377,1.0000021239879309,-4.996677624085835e-05,-0.004924098487285403,-0.004906663027043853
2167,random4,0.1,0.10147395786229377,1.000000301051151,-0.0004979136750768253,-0.004906812403558004,-0.004906663027043853
2167,random4,1.0,1.0147395786229376,1.0000001030202523,-0.004978964203165169,-0.004906642362291537,-0.004906663027043853
2167,random4,4.0,4.0589583144917505,1.000000032060571,-0.019915947526032658,-0.004906664711220733,-0.004906663027043853
2167,random5,0.01,0.010147395786229377,1.0000040434908923,-1.0580825180941532e-06,-0.00010427133625063039,-0.00012389608553144138
2167,random5,0.1,0.10147395786229377,0.9999994999607756,-1.2664027203168442e-05,-0.0001248007613968727,-0.00012389608553144138
2167,random5,1.0,1.0147395786229376,1.0000001079046896,-0.0001256605212203825,-0.00012383524193558247,-0.00012389608553144138
2167,random5,4.0,4.0589583144917505,0.9999999647878528,-0.0005026871339278427,-0.00012384634060741458,-0.00012389608553144138
2167,random6,0.01,0.010147395786229377,0.9999928512686892,-0.0001224782017872446,-0.01206991472171164,-0.012066414879129237
2167,random6,0.1,0.10147395786229377,1.0000006101267063,-0.0012243389192742875,-0.012065548097924678,-0.012066414879129237
2167,random6,1.0,1.0147395786229376,1.0000000055961324,-0.012244105122166577,-0.012066253628130442,-0.012066414879129237
2167,random6,4.0,4.0589583144917505,1.0000000371388647,-0.04897706460836036,-0.012066412319017155,-0.012066414879129237
2167,random7,0.01,0.010147395786229377,0.9999996760540689,0.00038814185461232123,0.03825039081840613,0.03826949444144409
2167,random7,0.1,0.10147395786229377,1.0000006256153149,0.0038834861191563617,0.038270766223847154,0.03826949444144409
2167,random7,1.0,1.0147395786229376,0.999999802058729,0.038833645651440374,0.03826956834002666,0.03826949444144409
2167,random7,4.0,4.0589583144917505,1.0000000422004525,0.15533427084860166,0.03826949153284224,0.03826949444144409
2167,a_unit,0.01,0.010147395786229377,1.0000012216066245,0.010147406365103206,1.0000010425210617,0.9999999939744418
2167,a_unit,0.1,0.10147395786229377,0.9999997140385052,0.10147392838471767,0.9999997095059981,0.9999999939744418
2167,a_unit,1.0,1.0147395786229376,1.0000000077396296,1.0147395833992796,1.0000000047069633,0.9999999939744418
2167,a_unit,4.0,4.0589583144917505,0.9999999650512631,4.05895816039946,0.9999999620364933,0.9999999939744418
2167,oracle,0.01,0.010147395786229377,1.0000012222148247,0.01014740637127486,1.0000010431292625,0.9999999969872206
2167,oracle,0.1,0.10147395786229377,0.9999997103637981,0.10147392801183068,0.9999997058312919,0.9999999969872206
2167,oracle,1.0,1.0147395786229376,1.000000011215603,1.014739586926487,1.0000000081829363,0.9999999969872206
2167,oracle,4.0,4.0589583144917505,0.9999999691825365,4.058958177168126,0.9999999661677668,0.9999999969872206
2167,md_full,0.01,0.010147395786229377,1.000121344291079,-0.00019597492686810025,-0.01931282971479736,-0.01933510695908445
2167,md_full,0.1,0.10147395786229377,1.0000207111028823,-0.001961708753489135,-0.01933213993832084,-0.01933510695908445
2167,md_full,1.0,1.0147395786229376,0.9999992097511098,-0.0196201284721202,-0.019335136704479283,-0.01933510695908445
2167,md_full,4.0,4.0589583144917505,1.0000001065795217,-0.07848036447644129,-0.01933509989403977,-0.01933510695908445
2167,mean_diff_tgt_asis,0.01,0.010147395786229377,0.9999905542860491,-0.0005830122831371588,-0.05745437503564623,-0.057431837175214696
2167,mean_diff_tgt_asis,0.1,0.10147395786229377,0.999998255946098,-0.005827941401855274,-0.05743287760357332,-0.057431837175214696
2167,mean_diff_tgt_asis,1.0,1.0147395786229376,1.0000002010249793,-0.058278121785545714,-0.05743160414086993,-0.057431837175214696
2167,mean_diff_tgt_asis,4.0,4.0589583144917505,0.9999999324871969,-0.23311349123078848,-0.0574318515168043,-0.057431837175214696
2167,probe_grad_tgt_asis,0.01,0.010147395786229377,1.0000035391467523,1.0202294625895954e-05,0.0010054101407713965,0.0010024725505692429
2167,probe_grad_tgt_asis,0.1,0.10147395786229377,1.000001694233434,0.00010185371423142666,0.0010037424022589939,0.0010024725505692429
2167,probe_grad_tgt_asis,1.0,1.0147395786229376,0.9999995195234372,0.0010171240757586531,0.0010023498611722147,0.0010024725505692429
2167,probe_grad_tgt_asis,4.0,4.0589583144917505,1.0000000207134463,0.004069203048834489,0.0010025239811668333,0.0010024725505692429
951,random0,0.01,0.00012221156249856666,1.0001397496112552,-2.0292310094857413e-07,-0.0016604247323239493,-0.002185655224083507
951,random0,0.1,0.0012221156249856667,1.0000091722311895,-2.7065508415332525e-06,-0.0022146438407290602,-0.002185655224083507
951,random0,1.0,0.012221156249856667,0.9999916037355417,-2.6645323126559092e-05,-0.00218026204573496,-0.002185655224083507
951,random0,4.0,0.04888462499942667,1.0000038721982338,-0.00010674340768055041,-0.0021835783271693773,-0.002185655224083507
951,random1,0.01,0.00012221156249856666,0.9995822953206553,1.1017472421197891e-06,0.009015081876010798,0.0081279020644576
951,random1,0.1,0.0012221156249856667,1.000032679344121,9.929735081075422e-06,0.008125037335310954,0.0081279020644576
951,random1,1.0,0.012221156249856667,0.9999920630376625,9.942299851589163e-05,0.008135318498776063,0.0081279020644576
951,random1,4.0,0.04888462499942667,1.0000023691202524,0.0003972794249747047,0.008126878849523017,0.0081279020644576
951,random2,0.01,0.00012221156249856666,1.001307513595515,-8.521156529095934e-07,-0.0069724634518079035,-0.006266052575423618
951,random2,0.1,0.0012221156249856667,0.9999628016228943,-7.577274621575709e-06,-0.006200129076710379,-0.006266052575423618
951,random2,1.0,0.012221156249856667,1.0000004589151585,-7.638957468164784e-05,-0.006250601262261396,-0.006266052575423618
951,random2,4.0,0.04888462499942667,0.9999992193330823,-0.000306376737316951,-0.006267343511800372,-0.006266052575423618
951,random3,0.01,0.00012221156249856666,1.0003035158610758,-1.4278439338414317e-06,-0.011683378435311127,-0.011503227722712084
951,random3,0.1,0.0012221156249856667,1.0001125467133785,-1.398711812949151e-05,-0.011445003928867659,-0.011503227722712084
951,random3,1.0,0.012221156249856667,0.9999986927278964,-0.00014058398994169592,-0.011503329723269411,-0.011503227722712084
951,random3,4.0,0.04888462499942667,0.9999982008947629,-0.000562401049189139,-0.011504661213944773,-0.011503227722712084
951,random4,0.01,0.00012221156249856666,0.9988547554291702,-2.4931859404354575e-07,-0.0020400573312894994,-0.0016858523954197732
951,random4,0.1,0.0012221156249856667,0.999998485000135,-1.986372414708976e-06,-0.001625355550733813,-0.0016858523954197732
951,random4,1.0,0.012221156249856667,1.0000059132757704,-2.076629538468234e-05,-0.0016992087295280179,-0.0016858523954197732
951,random4,4.0,0.04888462499942667,0.9999995019945019,-8.225475069767072e-05,-0.0016826302891478748,-0.0016858523954197732
951,random5,0.01,0.00012221156249856666,1.000217636706319,3.0570829871818217e-06,0.025014678846100803,0.02406081317521543
951,random5,0.1,0.0012221156249856667,0.999957984846108,2.950194534985825e-05,0.02414006068386881,0.02406081317521543
951,random5,1.0,0.012221156249856667,1.000003686761777,0.00029406729292125557,0.024062149841567116,0.02406081317521543
951,random5,4.0,0.04888462499942667,1.0000022603279,0.0011761488482352547,0.02405968846542341,0.02406081317521543
951,random6,0.01,0.00012221156249856666,1.0002828095046679,2.629257469962239e-07,0.0021513982934250396,0.0020557223219308217
951,random6,0.1,0.0012221156249856667,1.0000468765497028,2.5341345822848405e-06,0.0020735636878176414,0.0020557223219308217
951,random6,1.0,0.012221156249856667,1.0000049068928574,2.5097715640571644e-05,0.0020536285706081203,0.0020557223219308217
951,random6,4.0,0.04888462499942667,0.9999990427517955,0.00010054599164717546,0.002056801942294836,0.0020557223219308217
951,random7,0.01,0.00012221156249856666,1.0009034962248722,-2.0261759700364318e-06,-0.016579249365707073,-0.015509797518524403
951,random7,0.1,0.0012221156249856667,1.0000395200412855,-1.889293598798041e-05,-0.015459205006238253,-0.015509797518524403
951,random7,1.0,0.012221156249856667,1.0000041368407775,-0.00018955108759775722,-0.01551007807464865,-0.015509797518524403
951,random7,4.0,0.04888462499942667,1.0000004271362957,-0.0007580818917838804,-0.015507573021021874,-0.015509797518524403
951,a_unit,0.01,0.00012221156249856666,0.998595826611665,0.00012195151450163967,0.9978721489881119,0.9999999569646368
951,a_unit,0.1,0.0012221156249856667,0.9998854520868661,0.0012219685265631606,0.9998796362475868,0.9999999569646368
951,a_unit,1.0,0.012221156249856667,1.0000009220494257,0.01222116664826536,1.000000850853101,0.9999999569646368
951,a_unit,4.0,0.04888462499942667,1.0000000154797752,0.048884624616785985,0.9999999921725761,0.9999999569646368
951,oracle,0.01,0.00012221156249856666,0.998595826611665,0.00012195151450163967,0.9978721489881119,0.9999999784823179
951,oracle,0.1,0.0012221156249856667,0.9998854520868661,0.0012219685265631606,0.9998796362475868,0.9999999784823179
951,oracle,1.0,0.012221156249856667,1.0000009220494257,0.01222116664826536,1.000000850853101,0.9999999784823179
951,oracle,4.0,0.04888462499942667,1.0000000277157903,0.04888462521493904,1.0000000044085922,0.9999999784823179
951,md_full,0.01,0.00012221156249856666,0.996782307136175,-2.435106896077757e-06,-0.01992533968384797,-0.020075701653495332
951,md_full,0.1,0.0012221156249856667,1.0000360235197303,-2.44875860277171e-05,-0.02003704520838959,-0.020075701653495332
951,md_full,1.0,0.012221156249856667,0.9999877261227589,-0.0002453380864580754,-0.020074867012763443,-0.020075701653495332
951,md_full,4.0,0.04888462499942667,1.0000079902466277,-0.0009813970775490763,-0.020075782059504114,-0.020075701653495332
951,mean_diff_tgt_asis,0.01,0.00012221156249856666,1.0029057891174407,1.8860668520955606e-06,0.01543280204864152,0.016415997467907756
951,mean_diff_tgt_asis,0.1,0.0012221156249856667,0.9999586157238689,2.0048716214958477e-05,0.016404925855680482,0.016415997467907756
951,mean_diff_tgt_asis,1.0,0.012221156249856667,1.0000139462383062,0.00020059923118775113,0.016414095940398752,0.016415997467907756
951,mean_diff_tgt_asis,4.0,0.04888462499942667,0.99999873650202,0.0008024836820170102,0.016415870675624944,0.016415997467907756
951,probe_grad_tgt_asis,0.01,0.00012221156249856666,0.9999194088051979,1.7895608205224198e-06,0.014643138373616723,0.01519654983908932
951,probe_grad_tgt_asis,0.1,0.0012221156249856667,0.9999167265640698,1.8399459075274097e-05,0.015055415951735247,0.01519654983908932
951,probe_grad_tgt_asis,1.0,0.012221156249856667,1.000002173611791,0.00018564451965131945,0.015190421909015093,0.01519654983908932
951,probe_grad_tgt_asis,4.0,0.04888462499942667,1.000000554004682,0.000742881161142753,0.015196621865289256,0.01519654983908932
1782,random0,0.01,0.007817038271977111,0.9999939136225489,1.1268598461498499e-05,0.0014415432123307753,0.0014301918529157683
1782,random0,0.1,0.07817038271977111,1.0000000184554085,0.00011179488516483744,0.0014301437612964623,0.0014301918529157683
1782,random0,1.0,0.781703827197711,0.9999999897240313,0.0011180247131101777,0.001430240807593492,0.0014301918529157683
1782,random0,4.0,3.126815308790844,1.000000033886354,0.004471956954777125,0.00143019542670285,0.0014301918529157683
1782,random1,0.01,0.007817038271977111,1.00000342951114,0.00031053198394114445,0.039725017728818625,0.03973411571407375
1782,random1,0.1,0.07817038271977111,1.000000207759927,0.003106028647553892,0.03973408520575536,0.03973411571407375
1782,random1,1.0,0.781703827197711,1.0000002234607566,0.031060234577172725,0.03973401881441329,0.03973411571407375
1782,random1,4.0,3.126815308790844,1.0000000019912545,0.12424125556866483,0.039734120278664485,0.03973411571407375
1782,random2,0.01,0.007817038271977111,0.9999862254879007,0.00016095546049736177,0.02059033804073373,0.020588936503469952
1782,random2,0.1,0.07817038271977111,0.9999966591972052,0.0016094237804794558,0.020588664459389873,0.020588936503469952
1782,random2,1.0,0.781703827197711,1.0000003754578022,0.016094515449112078,0.02058901963779359,0.020588936503469952
1782,random2,4.0,3.126815308790844,1.0000000013853758,0.06437781753377954,0.020588941519118626,0.020588936503469952
1782,random3,0.01,0.007817038271977111,1.000001333389861,-5.06476097355839e-05,-0.006479130327038035,-0.006489647757550038
1782,random3,0.1,0.07817038271977111,1.0000005814477633,-0.0005072942636872152,-0.006489596776131795,-0.006489647757550038
1782,random3,1.0,0.781703827197711,0.9999999966163767,-0.005072938272612737,-0.006489591193122908,-0.006489647757550038
1782,random3,4.0,3.126815308790844,1.0000000141360923,-0.020291821664973883,-0.006489613124230493,-0.006489647757550038
1782,random4,0.01,0.007817038271977111,1.0000134438483088,0.00022875851006977227,0.02926408981389238,0.02926914161214771
1782,random4,0.1,0.07817038271977111,0.9999966154983769,0.002287988063925104,0.029269244748707342,0.02926914161214771
1782,random4,1.0,0.781703827197711,1.0000000694488542,0.02287992265792317,0.02926929850138281,0.02926914161214771
1782,random4,4.0,3.126815308790844,1.0000000020038529,0.09151912065377636,0.029269116214339915,0.02926914161214771
1782,random5,0.01,0.007817038271977111,0.9999725569715208,6.921681844160947e-05,0.008854609128593012,0.008860695533964638
1782,random5,0.1,0.07817038271977111,1.0000010485679744,0.0006926620429963325,0.008860926848464082,0.008860695533964638
1782,random5,1.0,0.781703827197711,0.9999999621807723,0.006926447975084652,0.008860706234373844,0.008860695533964638
1782,random5,4.0,3.126815308790844,1.000000006981608,0.027705681000192744,0.008860670766930163,0.008860695533964638
1782,random6,0.01,0.007817038271977111,1.0000107971753178,-0.0001398730393296917,-0.017893354805632103,-0.01789887191708232
1782,random6,0.1,0.07817038271977111,0.9999973568426803,-0.0013991250040227832,-0.01789840289049668,-0.01789887191708232
1782,random6,1.0,0.781703827197711,1.0000000158773574,-0.013991627616441214,-0.017898885907465828,-0.01789887191708232
1782,random6,4.0,3.126815308790844,0.999999931686507,-0.05596650278702852,-0.017898883451696754,-0.01789887191708232
1782,random7,0.01,0.007817038271977111,0.9999967948638566,-0.000233794580444569,-0.029908332582007032,-0.029925252971192026
1782,random7,0.1,0.07817038271977111,0.9999998481905986,-0.0023393309551246696,-0.029926052217382815,-0.029925252971192026
1782,random7,1.0,0.781703827197711,0.9999998462314352,-0.02339252656266989,-0.029925050573858043,-0.029925252971192026
1782,random7,4.0,3.126815308790844,0.999999959131422,-0.09357084717939462,-0.029925287533397345,-0.029925252971192026
1782,a_unit,0.01,0.007817038271977111,0.999993112123568,0.007816982880897957,0.9999929140580835,0.9999999519982046
1782,a_unit,0.1,0.07817038271977111,1.0000001892616561,0.07817039544342878,1.0000001627682662,0.9999999519982046
1782,a_unit,1.0,0.781703827197711,0.9999999352231531,0.7817037577758329,0.9999999111915847,0.9999999519982046
1782,a_unit,4.0,3.126815308790844,0.9999999916697043,3.1268152076939826,0.9999999676677861,0.9999999519982046
1782,oracle,0.01,0.007817038271977111,0.999993112123568,0.007816982880897957,0.9999929140580835,0.9999999759991016
1782,oracle,0.1,0.07817038271977111,1.0000002118510447,0.07817039720925037,1.0000001853576603,0.9999999759991016
1782,oracle,1.0,0.781703827197711,0.9999999615699715,0.7817037783712397,0.9999999375384006,0.9999999759991016
1782,oracle,4.0,3.126815308790844,1.0000000000866456,3.126815234012203,0.9999999760847272,0.9999999759991016
1782,md_full,0.01,0.007817038271977111,1.0000692276933447,9.11495624479451e-05,0.011660370497954752,0.011652070048674194
1782,md_full,0.1,0.07817038271977111,0.9999977705519631,0.0009108370351495969,0.01165194544863377,0.011652070048674194
1782,md_full,1.0,0.781703827197711,1.0000001396950982,0.009108403758785504,0.011651988185138792,0.011652070048674194
1782,md_full,4.0,3.126815308790844,1.0000000881002562,0.03643393635251027,0.011652090947002388,0.011652070048674194
1782,mean_diff_tgt_asis,0.01,0.007817038271977111,1.0000274147387005,-5.763275494502802e-05,-0.007372709834571573,-0.007365701246900458
1782,mean_diff_tgt_asis,0.1,0.07817038271977111,1.0000004577647672,-0.000575846558571898,-0.007366556725661943,-0.007365701246900458
1782,mean_diff_tgt_asis,1.0,0.781703827197711,0.9999999513668639,-0.005757938623448552,-0.007365882605551368,-0.007365701246900458
1782,mean_diff_tgt_asis,4.0,3.126815308790844,1.0000000712467416,-0.023031161657065362,-0.007365693007935168,-0.007365701246900458
1782,probe_grad_tgt_asis,0.01,0.007817038271977111,0.9999968531739534,0.00013119996836612576,0.01678384623450772,0.01679011025773077
1782,probe_grad_tgt_asis,0.1,0.07817038271977111,0.9999988751344654,0.0013123994644625779,0.01678896045791831,0.01679011025773077
1782,probe_grad_tgt_asis,1.0,0.781703827197711,0.9999997885477799,0.013124898793722223,0.016790117096871563,0.01679011025773077
1782,probe_grad_tgt_asis,4.0,3.126815308790844,1.000000058427511,0.05249952735167149,0.016790095406042174,0.01679011025773077
3077,random0,0.01,0.005042365418034749,1.0000240203213198,9.882835326199076e-05,0.019599601589467684,0.019597944528120022
3077,random0,0.1,0.05042365418034749,0.9999990165566142,0.0009882856641535195,0.019599643861961547,0.019597944528120022
3077,random0,1.0,0.5042365418034749,1.0000001915038823,0.009881976590206887,0.019597898547500287,0.019597944528120022
3077,random0,4.0,2.0169461672138995,0.9999999873119736,0.03952803975581519,0.019597964684608855,0.019597944528120022
3077,random1,0.01,0.005042365418034749,1.0000259551053043,-0.00013089326841963372,-0.025958703419525095,-0.025961391315328007
3077,random1,0.1,0.05042365418034749,0.9999989635462289,-0.001309098011179695,-0.025961982177997587,-0.025961391315328007
3077,random1,1.0,0.5042365418034749,0.9999998079296697,-0.01309076615118021,-0.025961557852112804,-0.025961391315328007
3077,random1,4.0,2.0169461672138995,0.9999999809669659,-0.05236266084667239,-0.025961357669254673,-0.025961391315328007
3077,random2,0.01,0.005042365418034749,1.000034917765708,-3.3264235481510456e-05,-0.006596950582465941,-0.006592813575682945
3077,random2,0.1,0.05042365418034749,0.9999967273039476,-0.0003323583738711846,-0.006591318683141384,-0.006592813575682945
3077,random2,1.0,0.5042365418034749,1.0000000112781857,-0.003324349316281828,-0.006592836973678687,-0.006592813575682945
3077,random2,4.0,2.0169461672138995,1.00000000724208,-0.013297257150434994,-0.0065927675049469005,-0.006592813575682945
3077,random3,0.01,0.005042365418034749,1.0000067452390773,3.5756758907036675e-05,0.007091266884218159,0.007079750680402736
3077,random3,0.1,0.05042365418034749,1.0000007716827828,0.0003570698407247201,0.007081395557878613,0.007079750680402736
3077,random3,1.0,0.5042365418034749,0.9999998495428493,0.0035699563673121998,0.0070799239470898615,0.007079750680402736
3077,random3,4.0,2.0169461672138995,1.0000000060174579,0.014279308904107873,0.00707966783458209,0.007079750680402736
3077,random4,0.01,0.005042365418034749,1.0000080884453963,-5.954157190162196e-05,-0.01180826198923682,-0.01183794633430613
3077,random4,0.1,0.05042365418034749,1.0000000439029608,-0.0005968879410797193,-0.0118374590414424,-0.01183794633430613
3077,random4,1.0,0.5042365418034749,0.9999999822084114,-0.005969138273653641,-0.011837972417278913,-0.01183794633430613
3077,random4,4.0,2.0169461672138995,0.9999999820682975,-0.023876496075446212,-0.011837944147229232,-0.01183794633430613
3077,random5,0.01,0.005042365418034749,1.000006045264953,-7.892435590243759e-05,-0.0156522483713999,-0.01563429194967419
3077,random5,0.1,0.05042365418034749,1.0000003654927816,-0.0007884404707210691,-0.015636321554584238,-0.01563429194967419
3077,random5,1.0,0.5042365418034749,1.0000001254137973,-0.007883510835565183,-0.015634548831722245,-0.01563429194967419
3077,random5,4.0,2.0169461672138995,0.999999962835896,-0.03153354752652665,-0.01563430300675074,-0.01563429194967419
3077,random6,0.01,0.005042365418034749,1.0000117494468077,-0.00018580500565905584,-0.036848778352020536,-0.036841916516975236
3077,random6,0.1,0.05042365418034749,0.9999972183356937,-0.0018576590698327305,-0.03684102431744721,-0.036841916516975236
3077,random6,1.0,0.5042365418034749,0.9999998028764564,-0.018577027814981835,-0.036841891205540975,-0.036841916516975236
3077,random6,4.0,2.0169461672138995,1.0000000444828983,-0.07430823602859632,-0.03684195306572892,-0.036841916516975236
3077,random7,0.01,0.005042365418034749,1.0000135814744056,9.240879378100771e-05,0.018326476984491108,0.01832874878454685
3077,random7,0.1,0.05042365418034749,0.9999990231154485,0.000924214615872655,0.01832898925903045,0.01832874878454685
3077,random7,1.0,0.5042365418034749,1.0000001188333958,0.009242012288056933,0.01832872376722548,0.01832874878454685
3077,random7,4.0,2.0169461672138995,0.9999999818359204,0.03696810054591319,0.01832874924816607,0.01832874878454685
3077,a_unit,0.01,0.005042365418034749,0.9999973613281246,0.005042350162711525,0.9999969745700759,0.999999792736451
3077,a_unit,0.1,0.05042365418034749,0.9999999359323013,0.05042364555267305,0.9999998288962872,0.999999792736451
3077,a_unit,1.0,0.5042365418034749,1.0000000369573603,0.5042365081685118,0.9999999332952687,0.999999792736451
3077,a_unit,4.0,2.0169461672138995,0.9999999022944911,2.0169457611243113,0.9999997986611667,0.999999792736451
3077,oracle,0.01,0.005042365418034749,0.9999973645841366,0.005042350179129482,0.9999969778260789,0.9999998963682204
3077,oracle,0.1,0.05042365418034749,1.0000000936898377,0.050423653507384494,0.9999999866538233,0.9999998963682204
3077,oracle,1.0,0.5042365418034749,1.000000122438289,0.504236551271121,1.0000000187762,0.9999998963682204
3077,oracle,4.0,2.0169461672138995,1.000000012291412,2.016945982982157,0.9999999086580766,0.9999998963682204
3077,md_full,0.01,0.005042365418034749,1.000152336559317,7.80737067046655e-05,0.015483547944665731,0.015468595313313745
3077,md_full,0.1,0.05042365418034749,0.9999877822954668,0.0007799147559925703,0.015467239902984667,0.015468595313313745
3077,md_full,1.0,0.5042365418034749,0.9999982094366338,0.0077998665694232,0.015468665839896987,0.015468595313313745
3077,md_full,4.0,2.0169461672138995,0.9999998480510123,0.031199208365070875,0.015468537967063234,0.015468595313313745
3077,mean_diff_tgt_asis,0.01,0.005042365418034749,0.9999939394918074,9.414846334820969e-05,0.018671487594190236,0.01867337532083717
3077,mean_diff_tgt_asis,0.1,0.05042365418034749,1.000001361118803,0.0009415468083088916,0.018672720643000473,0.01867337532083717
3077,mean_diff_tgt_asis,1.0,0.5042365418034749,1.00000005327496,0.009415848775087016,0.0186734756299293,0.01867337532083717
3077,mean_diff_tgt_asis,4.0,2.0169461672138995,0.9999999949054282,0.037663133649304764,0.018673346002749582,0.01867337532083717
3077,probe_grad_tgt_asis,0.01,0.005042365418034749,1.000004517737171,-3.1232822368027803e-06,-0.0006194081503161016,-0.0006284318894144471
3077,probe_grad_tgt_asis,0.1,0.05042365418034749,1.0000001793228284,-3.1520862390736564e-05,-0.0006251205491374671,-0.0006284318894144471
3077,probe_grad_tgt_asis,1.0,0.5042365418034749,1.000000091841468,-0.00031684263662108084,-0.0006283611169627798,-0.0006284318894144471
3077,probe_grad_tgt_asis,4.0,2.0169461672138995,0.9999998977114198,-0.0012676713369542047,-0.0006285102485929495,-0.0006284318894144471
668,random0,0.01,0.034368658533496826,1.0000001577126003,-0.000544741910704887,-0.015849961387755754,-0.015856398929651343
668,random0,0.1,0.34368658533496826,1.0000004991582325,-0.005449610306484989,-0.015856336962275147,-0.015856398929651343
668,random0,1.0,3.4368658533496825,1.0000000411846615,-0.054496242027164805,-0.015856377395134864,-0.015856398929651343
668,random0,4.0,13.74746341339873,0.9999999888814689,-0.21798537591381764,-0.015856407059164232,-0.015856398929651343
668,random1,0.01,0.034368658533496826,1.0000001291854912,0.0003476311872560899,0.010114773229140646,0.010115189915479054
668,random1,0.1,0.34368658533496826,0.9999998619599189,0.003476448001609615,0.010115169313988075,0.010115189915479054
668,random1,1.0,3.4368658533496825,0.9999999852053124,0.03476457320519641,0.010115196428546582,0.010115189915479054
668,random1,4.0,13.74746341339873,0.9999999937231819,0.13905811461808526,0.010115183465958865,0.010115189915479054
668,random2,0.01,0.034368658533496826,0.9999993727323138,0.0009756420042671901,0.028387549758926357,0.02838960068768521
668,random2,0.1,0.34368658533496826,1.0000000398058695,0.009757104663072237,0.02838954174938961,0.02838960068768521
668,random2,1.0,3.4368658533496825,0.9999999796826765,0.0975712761402849,0.028389608528127077,0.02838960068768521
668,random2,4.0,13.74746341339873,0.9999999942141128,0.3902851892961043,0.028389614691807036,0.02838960068768521
668,random3,0.01,0.034368658533496826,1.0000046925092079,0.00111192764446204,0.03235295446222664,0.03235197690041712
668,random3,0.1,0.34368658533496826,0.999999958134513,0.011119100241238772,0.03235244177599114,0.03235197690041712
668,random3,1.0,3.4368658533496825,1.0000000202301063,0.11118948877186766,0.032352001362956524,0.03235197690041712
668,random3,4.0,13.74746341339873,1.0000000015879145,0.444757712157728,0.03235198369207897,0.03235197690041712
668,random4,0.01,0.034368658533496826,0.9999991357153983,-0.00018674572396296465,-0.005433605265127125,-0.005435032569772286
668,random4,0.1,0.34368658533496826,0.9999997108102953,-0.001867978352095722,-0.005435121508379877,-0.005435032569772286
668,random4,1.0,3.4368658533496825,0.999999950900729,-0.018679442205350755,-0.005435022198246451,-0.005435032569772286
668,random4,4.0,13.74746341339873,1.0000000125158588,-0.07471770317307845,-0.005435017422941902,-0.005435032569772286
668,random5,0.01,0.034368658533496826,1.0000033629852914,-0.0007914495714459169,-0.023028235759465096,-0.02302601530710484
668,random5,0.1,0.34368658533496826,0.9999998814156388,-0.007913565842226756,-0.023025530177484044,-0.02302601530710484
668,random5,1.0,3.4368658533496825,1.0000000457622176,-0.07913733547100982,-0.023026018136227216,-0.02302601530710484
668,random5,4.0,13.74746341339873,0.9999999937017026,-0.31654950291658457,-0.02302602984984597,-0.02302601530710484
668,random6,0.01,0.034368658533496826,1.0000054320726064,-0.001159645826371821,-0.03374137588877937,-0.033740571706550246
668,random6,0.1,0.34368658533496826,1.0000002215595605,-0.011596266775278991,-0.033740818728717294,-0.033740571706550246
668,random6,1.0,3.4368658533496825,1.0000000435600804,-0.11596172034428329,-0.033740543068116316,-0.033740571706550246
668,random6,4.0,13.74746341339873,0.9999999958872586,-0.4638472515134393,-0.033740569992087306,-0.033740571706550246
668,random7,0.01,0.034368658533496826,1.0000012650369947,-0.000302060070080437,-0.008788823392278733,-0.008778941413603332
668,random7,0.1,0.34368658533496826,0.9999998684375522,-0.0030172938541254113,-0.00877920169966674,-0.008778941413603332
668,random7,1.0,3.4368658533496825,0.9999999438809033,-0.03017194226049858,-0.008778911819060967,-0.008778941413603332
668,random7,4.0,13.74746341339873,0.9999999997404694,-0.12068814919779997,-0.008778939471857282,-0.008778941413603332
668,a_unit,0.01,0.034368658533496826,0.9999977731855892,0.03436858165481177,0.9999977631165039,1.0000000056078786
668,a_unit,0.1,0.34368658533496826,1.0000002953637768,0.34368668775825445,1.000000298013628,1.0000000056078786
668,a_unit,1.0,3.4368658533496825,0.9999999892615693,3.436865826073807,0.9999999920637358,1.0000000056078786
668,a_unit,4.0,13.74746341339873,1.0000000035936754,13.747463501348147,1.0000000063975014,1.0000000056078786
668,oracle,0.01,0.034368658533496826,0.9999977732923109,0.034368581658479634,0.9999977632232251,1.0000000028039397
668,oracle,0.1,0.34368658533496826,1.000000317604788,0.34368669540219404,1.0000003202546461,1.0000000028039397
668,oracle,1.0,3.4368658533496825,0.9999999947167402,3.4368658448224956,0.9999999975189061,1.0000000028039397
668,oracle,4.0,13.74746341339873,0.9999999994014428,13.747463443715581,1.0000000022052686,1.0000000028039397
668,md_full,0.01,0.034368658533496826,0.9999951635302944,0.0006416411748036535,0.018669369192233352,0.018670698456527274
668,md_full,0.1,0.34368658533496826,0.9999964742025742,0.006416761486021303,0.01867038679955261,0.018670698456527274
668,md_full,1.0,3.4368658533496825,1.0000000426989903,0.06416861402918812,0.01867067752052274,0.018670698456527274
668,md_full,4.0,13.74746341339873,0.9999999859072598,0.2566748734799936,0.018670707879813658,0.018670698456527274
668,mean_diff_tgt_asis,0.01,0.034368658533496826,0.9999981127717956,-0.0005088217996510839,-0.014804819895870227,-0.014796471270271111
668,mean_diff_tgt_asis,0.1,0.34368658533496826,0.9999995806894196,-0.005085254931849941,-0.014796198480931935,-0.014796471270271111
668,mean_diff_tgt_asis,1.0,3.4368658533496825,1.0000000100899173,-0.05085353388535607,-0.014796484953229275,-0.014796471270271111
668,mean_diff_tgt_asis,4.0,13.74746341339873,0.9999999863483287,-0.2034140671744615,-0.014796479980169102,-0.014796471270271111
668,probe_grad_tgt_asis,0.01,0.034368658533496826,1.0000037032287417,-0.0010286441626735122,-0.02992971522792959,-0.029924552544055648
668,probe_grad_tgt_asis,0.1,0.34368658533496826,0.9999998772757792,-0.010284689362637461,-0.029924616791818234,-0.029924552544055648
668,probe_grad_tgt_asis,1.0,3.4368658533496825,0.9999999873172711,-0.10284665923131553,-0.02992454859158317,-0.029924552544055648
668,probe_grad_tgt_asis,4.0,13.74746341339873,0.9999999929438758,-0.4113866524806612,-0.02992454972309366,-0.029924552544055648
3563,random0,0.01,0.05815714557865381,0.9999983461631428,0.0033175198632101974,0.057044062775114444,0.05704300204630536
3563,random0,0.1,0.5815714557865381,0.9999996966425408,0.03317448889780471,0.05704284240177905,0.05704300204630536
3563,random0,1.0,5.815714557865381,0.9999999820705406,0.33174590050897634,0.057043016332414605,0.05704300204630536
3563,random0,4.0,23.262858231461525,1.000000003268447,1.3269832571949869,0.057043001508745264,0.05704300204630536
3563,random1,0.01,0.05815714557865381,1.0000013809052881,-0.0002942144118083377,-0.005058955505483528,-0.005056782686912789
3563,random1,0.1,0.5815714557865381,1.0000000475501558,-0.002940909761727832,-0.005056833055450495,-0.005056782686912789
3563,random1,1.0,5.815714557865381,1.000000001376914,-0.029408927644956707,-0.005056803829063965,-0.005056782686912789
3563,random1,4.0,23.262858231461525,0.9999999918164578,-0.11763518714700494,-0.005056781328268204,-0.005056782686912789
3563,random2,0.01,0.05815714557865381,0.9999979200646915,-0.001669824349817213,-0.0287122817532178,-0.028713242575890127
3563,random2,0.1,0.5815714557865381,1.0000004511273575,-0.016698818852896362,-0.028713271063677426,-0.028713242575890127
3563,random2,1.0,5.815714557865381,0.9999999979342453,-0.16698800526384805,-0.028713239551622676,-0.028713242575890127
3563,random2,4.0,23.262858231461525,0.9999999996633802,-0.6679521201029883,-0.02871324380937962,-0.028713242575890127
3563,random3,0.01,0.05815714557865381,0.999999806853626,0.0009965623056572188,0.017135681191736484,0.01713786873582602
3563,random3,0.1,0.5815714557865381,0.9999999225121454,0.009966930777025573,0.017137929789807063,0.01713786873582602
3563,random3,1.0,5.815714557865381,1.0000000101420474,0.0996688775792991,0.01713785581936846,0.01713786873582602
3563,random3,4.0,23.262858231461525,0.9999999924904359,0.39867593489826275,0.017137874070825874,0.01713786873582602
3563,random4,0.01,0.05815714557865381,1.0000009399760121,-0.001164102461604614,-0.020016499262850516,-0.020016649249445607
3563,random4,0.1,0.5815714557865381,1.0000001388193216,-0.01164100738499986,-0.02001646963442548,-0.020016649249445607
3563,random4,1.0,5.815714557865381,0.9999999938584022,-0.11641111391950215,-0.02001664847220942,-0.020016649249445607
3563,random4,4.0,23.262858231461525,0.9999999988001985,-0.46564455231672364,-0.02001665262641584,-0.020016649249445607
3563,random5,0.01,0.05815714557865381,0.9999994435107487,0.0021391571140089473,0.03678236083846093,0.03678190102021625
3563,random5,0.1,0.5815714557865381,1.0000001372957747,0.02139116968012184,0.03678167053641182,0.03678190102021625
3563,random5,1.0,5.815714557865381,0.9999999844296309,0.21391295972293872,0.036781887693170076,0.03678190102021625
3563,random5,4.0,23.262858231461525,1.000000002776437,0.8556521980340765,0.036781903131613544,0.03678190102021625
3563,random6,0.01,0.05815714557865381,1.0000017487436605,0.00044428644799834476,0.007639412897207546,0.007640435315186378
3563,random6,0.1,0.5815714557865381,1.0000002186872206,0.004443518901938222,0.007640538162122567,0.007640435315186378
3563,random6,1.0,5.815714557865381,0.9999999853986895,0.04443451910099519,0.007640422971051829,0.007640435315186378
3563,random6,4.0,23.262858231461525,1.000000006536583,0.17773828136255945,0.0076404317816019625,0.007640435315186378
3563,random7,0.01,0.05815714557865381,0.9999975828376845,0.0008353655392691604,0.014363936382320931,0.014362551468383857
3563,random7,0.1,0.5815714557865381,0.9999999785661061,0.008352717627598734,0.014362323914783986,0.014362551468383857
3563,random7,1.0,5.815714557865381,0.999999976446304,0.0835284389370504,0.01436254102672277,0.014362551468383857
3563,random7,4.0,23.262858231461525,1.0000000017868456,0.33411386831940093,0.014362545865818558,0.014362551468383857
3563,a_unit,0.01,0.05815714557865381,1.0000000845970596,0.05815714747352271,1.0000000325818759,0.9999999009742481
3563,a_unit,0.1,0.5815714557865381,1.0000000652816865,0.5815714649442862,1.0000000157465572,0.9999999009742481
3563,a_unit,1.0,5.815714557865381,0.9999999482509001,5.815713968952993,0.999999898737742,0.9999999009742481
3563,a_unit,4.0,23.262858231461525,0.999999951810688,23.262855958629146,0.9999999022978021,0.9999999009742481
3563,oracle,0.01,0.05815714557865381,1.0000001112474084,0.05815714902343107,1.0000000592322271,0.9999999504871231
3563,oracle,0.1,0.5815714557865381,1.0000001101454397,0.581571491035766,1.0000000606103128,0.9999999504871231
3563,oracle,1.0,5.815714557865381,0.9999999958887946,5.81571424600137,0.9999999463756332,0.9999999504871231
3563,oracle,4.0,23.262858231461525,1.0000000031712732,23.26285715342309,0.9999999536583845,0.9999999504871231
3563,md_full,0.01,0.05815714557865381,1.0000018541834972,0.0007581005365488273,0.013035380760280693,0.013036328547752617
3563,md_full,0.1,0.5815714557865381,1.000000676618588,0.007581569999272517,0.013036351636307406,0.013036328547752617
3563,md_full,1.0,5.815714557865381,1.0000000887093028,0.07581560075877544,0.013036334573236526,0.013036328547752617
3563,md_full,4.0,23.262858231461525,1.0000000133643432,0.30326224737774166,0.013036327881996844,0.013036328547752617
3563,mean_diff_tgt_asis,0.01,0.05815714557865381,0.9999989955563404,0.0008867685880445031,0.015247801095141532,0.015248757603030011
3563,mean_diff_tgt_asis,0.1,0.5815714557865381,0.9999998696516964,0.008868145866640234,0.015248592031819436,0.015248757603030011
3563,mean_diff_tgt_asis,1.0,5.815714557865381,0.999999980367355,0.08868256392505791,0.015248782078742229,0.015248757603030011
3563,mean_diff_tgt_asis,4.0,23.262858231461525,0.9999999978595108,0.3547297396390093,0.015248759894829262,0.015248757603030011
3563,probe_grad_tgt_asis,0.01,0.05815714557865381,0.9999991365122307,0.00015674152358015315,0.002695137837674139,0.002694134791150434
3563,probe_grad_tgt_asis,0.1,0.5815714557865381,0.9999999309126366,0.0015667669977425733,0.0026940232058391194,0.002694134791150434
3563,probe_grad_tgt_asis,1.0,5.815714557865381,1.0000000218059022,0.015668388230560215,0.0026941467079689674,0.002694134791150434
3563,probe_grad_tgt_asis,4.0,23.262858231461525,1.0000000018204436,0.06267332275035359,0.0026941368135748656,0.002694134791150434
3950,random0,0.01,0.001894033285364129,0.9999581297579271,1.1239719210460818e-06,0.0005934277553258508,0.0006021494942916833
3950,random0,0.1,0.01894033285364129,0.9999986828454155,1.1430439173009906e-05,0.0006034972701555452,0.0006021494942916833
3950,random0,1.0,0.1894033285364129,0.9999999973453338,0.0001140570404824068,0.0006021913203097657,0.0006021494942916833
3950,random0,4.0,0.7576133141456516,0.9999999358488525,0.00045624137028854334,0.0006022087544792418,0.0006021494942916833
3950,random1,0.01,0.001894033285364129,0.9999544761218648,1.2720087406632625e-05,0.006715873213488527,0.006722052236413756
3950,random1,0.1,0.01894033285364129,1.0000034502035324,0.00012738703609511422,0.006725702081345629,0.006722052236413756
3950,random1,1.0,0.1894033285364129,0.9999999933332574,0.00127313255531219,0.006721806660686164,0.006722052236413756
3950,random1,4.0,0.7576133141456516,1.0000000839910965,0.005092731766255661,0.006722072686907111,0.006722052236413756
3950,random2,0.01,0.001894033285364129,1.0000164687574526,0.0001033689013835774,0.05457607433953024,0.05461275492671565
3950,random2,0.1,0.01894033285364129,0.9999989237058101,0.0010343941965012629,0.05461330613851382,0.05461275492671565
3950,random2,1.0,0.1894033285364129,1.0000004812855454,0.01034381350426732,0.05461262789940207,0.05461275492671565
3950,random2,4.0,0.7576133141456516,1.0000000588204603,0.04137537979938004,0.05461279392382167,0.05461275492671565
3950,random3,0.01,0.001894033285364129,0.9999562079977989,4.609950298574476e-05,0.024339330962117753,0.024355893120796116
3950,random3,0.1,0.01894033285364129,1.0000034396654065,0.0004612910010282769,0.024354957465258772,0.024355893120796116
3950,random3,1.0,0.1894033285364129,1.0000006838395756,0.0046130322852140195,0.024355603044891375,0.024355893120796116
3950,random3,4.0,0.7576133141456516,1.0000000146702388,0.018452336966955245,0.02435587736174311,0.024355893120796116
3950,random4,0.01,0.001894033285364129,1.0000033185940862,1.3560169233558e-05,0.007159414429694698,0.0071174160021004376
3950,random4,0.1,0.01894033285364129,0.9999980921479773,0.00013477164536027873,0.007115590121974482,0.0071174160021004376
3950,random4,1.0,0.1894033285364129,0.9999996143512419,0.001348027376777124,0.007117231714953547,0.0071174160021004376
3950,random4,4.0,0.7576133141456516,1.000000186962772,0.005392276270821148,0.00711745183214201,0.0071174160021004376
3950,random5,0.01,0.001894033285364129,1.0000110551135213,-2.1797086212431076e-05,-0.01150829100040899,-0.011497730943678168
3950,random5,0.1,0.01894033285364129,0.9999970977916813,-0.0002177726996045262,-0.011497828538037507,-0.011497730943678168
3950,random5,1.0,0.1894033285364129,0.9999996775898911,-0.0021777415528701984,-0.011497905394263049,-0.011497730943678168
3950,random5,4.0,0.7576133141456516,1.0000000244635832,-0.008710809292231171,-0.01149769827112161,-0.011497730943678168
3950,random6,0.01,0.001894033285364129,1.0000265216707642,-4.232651669352101e-05,-0.022347292954454975,-0.022320139738370635
3950,random6,0.1,0.01894033285364129,0.9999920534253219,-0.00042280796518708497,-0.022323153898839737,-0.022320139738370635
3950,random6,1.0,0.1894033285364129,1.0000000270760645,-0.004227487473871743,-0.022320027354001893,-0.022320139738370635
3950,random6,4.0,0.7576133141456516,1.0000000514588772,-0.016910097766223306,-0.022320222533697885,-0.022320139738370635
3950,random7,0.01,0.001894033285364129,1.0000372898512846,8.399003759351314e-05,0.04434454148326438,0.04435017078479214
3950,random7,0.1,0.01894033285364129,1.0000060765623182,0.0008400036439860614,0.04434999376605835,0.04435017078479214
3950,random7,1.0,0.1894033285364129,0.9999992417500421,0.008400113927683708,0.04435040288148253,0.04435017078479214
3950,random7,4.0,0.7576133141456516,1.0000000088860748,0.03360030830628474,0.044350208317253864,0.04435017078479214
3950,a_unit,0.01,0.001894033285364129,0.9999899035763631,0.0018940124269869866,0.9999889873228186,0.9999999595059177
3950,a_unit,0.1,0.01894033285364129,1.000000865474228,0.018940348615121366,1.0000008321648937,0.9999999595059177
3950,a_unit,1.0,0.1894033285364129,1.0000001013603008,0.1894033438742011,1.000000080979507,0.9999999595059177
3950,a_unit,4.0,0.7576133141456516,0.9999998964678397,0.757613220363963,0.9999998762143076,0.9999999595059177
3950,oracle,0.01,0.001894033285364129,0.9999899035763631,0.0018940124269869866,0.9999889873228186,0.9999999797529592
3950,oracle,0.1,0.01894033285364129,1.0000008659903452,0.018940348624896804,1.0000008326810113,0.9999999797529592
3950,oracle,1.0,0.1894033285364129,1.0000001369615974,0.18940335061720556,1.000000116580806,0.9999999797529592
3950,oracle,4.0,0.7576133141456516,0.9999999014916557,0.7576132241700722,0.9999998812381228,0.9999999797529592
3950,md_full,0.01,0.001894033285364129,0.9998905246816947,-4.912744321205609e-05,-0.025938004147910903,-0.02591750687897624
3950,md_full,0.1,0.01894033285364129,1.0000010983591867,-0.0004908374030953263,-0.025914930159263938,-0.02591750687897624
3950,md_full,1.0,0.1894033285364129,0.9999993876507477,-0.0049088823513924905,-0.025917613958134612,-0.02591750687897624
3950,md_full,4.0,0.7576133141456516,1.000000029462275,-0.01963546903882158,-0.025917534277976866,-0.02591750687897624
3950,mean_diff_tgt_asis,0.01,0.001894033285364129,1.0000393220775265,1.853707961572128e-05,0.009787092845180655,0.00976898851741473
3950,mean_diff_tgt_asis,0.1,0.01894033285364129,1.0000028594217143,0.00018500519454190772,0.009767790036822946,0.00976898851741473
3950,mean_diff_tgt_asis,1.0,0.1894033285364129,1.0000002926435214,0.0018502459630172254,0.009768814398958752,0.00976898851741473
3950,mean_diff_tgt_asis,4.0,0.7576133141456516,1.0000001227598525,0.007401077957070092,0.009768938611402532,0.00976898851741473
3950,probe_grad_tgt_asis,0.01,0.001894033285364129,1.0000016554235873,5.676074395575391e-05,0.029968187145582092,0.029944605196313263
3950,probe_grad_tgt_asis,0.1,0.01894033285364129,0.9999999861472805,0.0005671827936709526,0.02994576695424396,0.029944605196313263
3950,probe_grad_tgt_asis,1.0,0.1894033285364129,1.000000041307141,0.005671564878296842,0.02994437807467824,0.029944605196313263
3950,probe_grad_tgt_asis,4.0,0.7576133141456516,1.0000000403276643,0.02268645821869996,0.029944640352952506,0.029944605196313263
122,random0,0.01,0.007319441511502155,0.9999989130289615,-5.974056033036953e-05,-0.008161901456072854,-0.008159255108086474
122,random0,0.1,0.07319441511502155,0.999998850202654,-0.0005972453434825529,-0.008159711947202669,-0.008159255108086474
122,random0,1.0,0.7319441511502155,0.9999999852584494,-0.00597212975253521,-0.00815926972454154,-0.008159255108086474
122,random0,4.0,2.927776604600862,0.9999999889630439,-0.02388841398829426,-0.008159233853687727,-0.008159255108086474
122,random1,0.01,0.007319441511502155,1.0000170782135842,0.00011720687875806419,0.016013090421431626,0.016011286186857415
122,random1,0.1,0.07319441511502155,0.9999999441413597,0.0011719451911687815,0.016011401817025595,0.016011286186857415
122,random1,1.0,0.7319441511502155,0.9999999795636464,0.011719259940949437,0.01601113954190791,0.016011286186857415
122,random1,4.0,2.927776604600862,0.9999999820238324,0.04687746196500599,0.016011283747311963,0.016011286186857415
122,random2,0.01,0.007319441511502155,0.9999960403116496,-0.00016029392730180556,-0.021899748368767107,-0.02189624960805958
122,random2,0.1,0.07319441511502155,1.0000006487193456,-0.0016027280807688915,-0.021896863008609064,-0.02189624960805958
122,random2,1.0,0.7319441511502155,0.9999999633665392,-0.016026815714536152,-0.02189622758696927,-0.02189624960805958
122,random2,4.0,2.927776604600862,1.0000000497943722,-0.06410743961389924,-0.021896287958977963,-0.02189624960805958
122,random3,0.01,0.007319441511502155,1.0000165438175794,0.0001179041932521768,0.01610835923299557,0.016109232810430325
122,random3,0.1,0.07319441511502155,0.9999997871972451,0.0011790899341196591,0.01610901504256541,0.016109232810430325
122,random3,1.0,0.7319441511502155,0.9999999470330083,0.01179110476856093,0.016109295702454576,0.016109232810430325
122,random3,4.0,2.927776604600862,0.9999999807174133,0.047164241450876165,0.016109235034107383,0.016109232810430325
122,random4,0.01,0.007319441511502155,1.0000089356509576,-2.8167728389990633e-06,-0.00038483439406854176,-0.00038765561860068954
122,random4,0.1,0.07319441511502155,0.9999985341305798,-2.8373513321257944e-05,-0.0003876458781270445,-0.00038765561860068954
122,random4,1.0,0.7319441511502155,0.9999999215354903,-0.0002837111703619232,-0.0003876131394944335,-0.00038765561860068954
122,random4,4.0,2.927776604600862,1.0000000256760821,-0.0011350063052658205,-0.00038766834309769807,-0.00038765561860068954
122,random5,0.01,0.007319441511502155,1.000004650692836,9.108187865353585e-05,0.012443829014878388,0.012453752109166672
122,random5,0.1,0.07319441511502155,1.0000000663321988,0.0009115856700791338,0.012454306365405341,0.012453752109166672
122,random5,1.0,0.7319441511502155,1.0000000325126788,0.009115333309845236,0.012453591295894533,0.012453752109166672
122,random5,4.0,2.927776604600862,1.0000000025099207,0.03646187909711434,0.0124537777369408,0.012453752109166672
122,random6,0.01,0.007319441511502155,0.9999822042679116,8.569456638182987e-05,0.011707801236906522,0.011709002441834516
122,random6,0.1,0.07319441511502155,0.9999980569968095,0.0008570041412950926,0.011708600170495949,0.011709002441834516
122,random6,1.0,0.7319441511502155,1.0000002142253477,0.008570408318430669,0.01170910144573555,0.011709002441834516
122,random6,4.0,2.927776604600862,1.0000000379527425,0.034281290859391036,0.011708984492027027,0.011709002441834516
122,random7,0.01,0.007319441511502155,1.000008085081083,-0.00011763224259820598,-0.016071204669557436,-0.016080033322386528
122,random7,0.1,0.07319441511502155,0.9999989521286637,-0.00117696335621851,-0.016079961215196104,-0.016080033322386528
122,random7,1.0,0.7319441511502155,1.0000000631383263,-0.011769598890137362,-0.016079913845396532,-0.016080033322386528
122,random7,4.0,2.927776604600862,0.9999999870052902,-0.04707876337365563,-0.016080039474211792,-0.016080033322386528
122,a_unit,0.01,0.007319441511502155,1.0000104232880933,0.0073195161378910075,1.000010195639754,0.9999998321129164
122,a_unit,0.1,0.07319441511502155,0.9999995750915119,0.07319437772125406,0.9999994891172035,0.9999998321129164
122,a_unit,1.0,0.7319441511502155,0.9999998277838142,0.7319439636456937,0.9999997438267366,0.9999998321129164
122,a_unit,4.0,2.927776604600862,0.99999995155359,2.927776216990862,0.9999998676094346,0.9999998321129164
122,oracle,0.01,0.007319441511502155,1.0000104311994358,0.007319516195798218,1.0000102035511789,0.9999999160564543
122,oracle,0.1,0.07319441511502155,0.9999998531900437,0.07319439807650743,0.9999997672156532,0.9999999160564543
122,oracle,1.0,0.7319441511502155,0.9999999161584024,0.7319440283309463,0.9999998322013107,0.9999999160564543
122,oracle,4.0,2.927776604600862,1.0000000379667762,2.9277764699893547,0.9999999540226167,0.9999999160564543
122,md_full,0.01,0.007319441511502155,0.9999583230246305,-5.866635156640156e-05,-0.008015140427614616,-0.00801122942429626
122,md_full,0.1,0.07319441511502155,1.00000478788087,-0.0005864286913733517,-0.008011932200726065,-0.00801122942429626
122,md_full,1.0,0.7319441511502155,1.0000001217195746,-0.005863776545637869,-0.008011234923352038,-0.00801122942429626
122,md_full,4.0,2.927776604600862,0.9999998727854438,-0.023455003465145882,-0.008011199839594134,-0.00801122942429626
122,mean_diff_tgt_asis,0.01,0.007319441511502155,1.0000031685121946,8.783814124105143e-05,0.012000661676579826,0.011994611805531488
122,mean_diff_tgt_asis,0.1,0.07319441511502155,0.9999968780518049,0.0008779565079985326,0.011994856528587129,0.011994611805531488
122,mean_diff_tgt_asis,1.0,0.7319441511502155,0.9999999883860937,0.008779338116247,0.011994546445177116,0.011994611805531488
122,mean_diff_tgt_asis,4.0,2.927776604600862,1.0000000064714618,0.03511753444348233,0.01199460860104449,0.011994611805531488
122,probe_grad_tgt_asis,0.01,0.007319441511502155,1.0000101868525428,4.288850124789138e-06,0.0005859531930201797,0.0005755116295129772
122,probe_grad_tgt_asis,0.1,0.07319441511502155,1.0000000163465301,4.2054859885799745e-05,0.0005745637808528497,0.0005755116295129772
122,probe_grad_tgt_asis,1.0,0.7319441511502155,1.0000001183922462,0.00042125501239479845,0.0005755289003031395,0.0005755116295129772
122,probe_grad_tgt_asis,4.0,2.927776604600862,1.0000000224294738,0.0016849698782990842,0.0005755117639956662,0.0005755116295129772
3314,random0,0.01,0.011730819801034758,0.9999954089854993,-0.00020023715153290436,-0.017069322939837654,-0.017066150279933686
3314,random0,0.1,0.11730819801034759,0.9999989331419576,-0.0020019413724975737,-0.01706565616429455,-0.017066150279933686
3314,random0,1.0,1.1730819801034758,1.0000000338125719,-0.020020023042456415,-0.017066175580235644,-0.017066150279933686
3314,random0,4.0,4.692327920413903,1.000000024048774,-0.0800799980955515,-0.01706615553170627,-0.017066150279933686
3314,random1,0.01,0.011730819801034758,1.0000003699189224,-0.00013605667256988635,-0.011598223728394924,-0.011601651461025398
3314,random1,0.1,0.11730819801034759,1.000000837039295,-0.001361002064145783,-0.011601934794239451,-0.011601651461025398
3314,random1,1.0,1.1730819801034758,0.999999947676188,-0.013609677260586145,-0.011601642077381204,-0.011601651461025398
3314,random1,4.0,4.692327920413903,1.0000000130168378,-0.05443871363585852,-0.011601643056322577,-0.011601651461025398
3314,random2,0.01,0.011730819801034758,0.999996542119849,-0.0003153382943403883,-0.02688118134016284,-0.026885009269609177
3314,random2,0.1,0.11730819801034759,0.9999989420827117,-0.003153851814691305,-0.0268851782584974,-0.026885009269609177
3314,random2,1.0,1.1730819801034758,1.0000000891523169,-0.031538274230424046,-0.026884970330583464,-0.026885009269609177
3314,random2,4.0,4.692327920413903,1.000000021939407,-0.12615327258116701,-0.026885007766047013,-0.026885009269609177
3314,random3,0.01,0.011730819801034758,0.9999863873963956,-2.340093568765938e-05,-0.0019948252623908876,-0.001994286100025111
3314,random3,0.1,0.11730819801034759,1.000000638684627,-0.0002338230406639043,-0.001993236999883666,-0.001994286100025111
3314,random3,1.0,1.1730819801034758,1.000000044965043,-0.0023395056296472254,-0.0019943240705486425,-0.001994286100025111
3314,random3,4.0,4.692327920413903,0.999999987343319,-0.009357791043041075,-0.0019942747399068475,-0.001994286100025111
3314,random4,0.01,0.011730819801034758,1.000013542726047,0.00012418469430706733,0.01058619059991981,0.010584980268761169
3314,random4,0.1,0.11730819801034759,0.9999997120652833,0.001241760146536765,0.01058545069823024,0.010584980268761169
3314,random4,1.0,1.1730819801034758,1.0000000354296323,0.012417021799194532,0.010584956558704657,0.010584980268761169
3314,random4,4.0,4.692327920413903,1.0000000138560294,0.04966817714170045,0.010584975727212027,0.010584980268761169
3314,random5,0.01,0.011730819801034758,1.0000003099629602,0.0001220818430241697,0.01040693191906341,0.010409337996680642
3314,random5,0.1,0.11730819801034759,1.0000002968735582,0.001221101083772685,0.01040934141418636,0.010409337996680642
3314,random5,1.0,1.1730819801034758,0.9999999611767507,0.01221095462999409,0.010409293499604334,0.010409337996680642
3314,random5,4.0,4.692327920413903,1.000000011602654,0.04884403108437081,0.0104093388000177,0.010409337996680642
3314,random6,0.01,0.011730819801034758,0.9999880817931434,-0.00010685214772287392,-0.009108668408106367,-0.009111927791877224
3314,random6,0.1,0.11730819801034759,1.0000008768918263,-0.0010689702481003172,-0.009112493979372395,-0.009111927791877224
3314,random6,1.0,1.1730819801034758,0.9999998510164178,-0.010689024121942675,-0.009111915708567795,-0.009111927791877224
3314,random6,4.0,4.692327920413903,1.0000000079587594,-0.04275618288725379,-0.009111934121493012,-0.009111927791877224
3314,random7,0.01,0.011730819801034758,1.0000032796927318,7.27358110768495e-05,0.00620040306734859,0.00620237670039067
3314,random7,0.1,0.11730819801034759,1.0000003835398021,0.000727623605026248,0.00620266628733028,0.00620237670039067
3314,random7,1.0,1.1730819801034758,1.0000000083237577,0.007276008578304796,0.006202472377644903,0.00620237670039067
3314,random7,4.0,4.692327920413903,0.9999999772438048,0.029103575073175757,0.006202374507237886,0.00620237670039067
3314,a_unit,0.01,0.011730819801034758,1.0000044883955506,0.011730870988231635,1.0000043634799396,0.9999998829885375
3314,a_unit,0.1,0.11730819801034759,1.000000658176578,0.11730826830791505,1.0000005992553689,0.9999998829885375
3314,a_unit,1.0,1.1730819801034758,0.9999999981227095,1.1730819092647793,0.9999999396131748,0.9999998829885375
3314,a_unit,4.0,4.692327920413903,0.9999999218777198,4.6923272793079125,0.9999998633714434,0.9999998829885375
3314,oracle,0.01,0.011730819801034758,1.0000044883955506,0.011730870988231635,1.0000043634799396,0.9999999414942667
3314,oracle,0.1,0.11730819801034759,1.0000006929919274,0.11730827239204333,1.0000006340707386,0.9999999414942667
3314,oracle,1.0,1.1730819801034758,1.000000067886566,1.1730819911035022,1.0000000093770314,0.9999999414942667
3314,oracle,4.0,4.692327920413903,0.9999999842991176,4.692327572209557,0.9999999257928363,0.9999999414942667
3314,md_full,0.01,0.011730819801034758,0.9999425657298644,7.33951618801737e-05,0.006256609778772634,0.006251402917790227
3314,md_full,0.1,0.11730819801034759,0.9999973563773267,0.0007333266147924331,0.006251281898710501,0.006251402917790227
3314,md_full,1.0,1.1730819801034758,0.9999999823406798,0.007333394546458994,0.006251391352727221,0.006251402917790227
3314,md_full,4.0,4.692327920413903,0.9999999939706102,0.029333638497453282,0.0062514042059673034,0.006251402917790227
3314,mean_diff_tgt_asis,0.01,0.011730819801034758,1.0000020795481133,-0.00023223797316226984,-0.019797250072990165,-0.01978909421580865
3314,mean_diff_tgt_asis,0.1,0.11730819801034759,1.000000825031939,-0.00232141049824632,-0.01978898779130127,-0.01978909421580865
3314,mean_diff_tgt_asis,1.0,1.1730819801034758,1.000000069541806,-0.023214231352431624,-0.01978909551605586,-0.01978909421580865
3314,mean_diff_tgt_asis,4.0,4.692327920413903,0.9999999874502317,-0.09285682479934174,-0.019789074074590886,-0.01978909421580865
3314,probe_grad_tgt_asis,0.01,0.011730819801034758,0.9999937241533852,0.0002885284313843781,0.024595760251890277,0.02458924178437813
3314,probe_grad_tgt_asis,0.1,0.11730819801034759,1.0000008648204126,0.0028844747852647284,0.02458885938227687,0.02458924178437813
3314,probe_grad_tgt_asis,1.0,1.1730819801034758,0.9999998962146749,0.028845134140773172,0.02458918867565316,0.02458924178437813
3314,probe_grad_tgt_asis,4.0,4.692327920413903,0.9999999763983852,0.11538072639677104,0.024589229131836438,0.02458924178437813
1444,random0,0.01,0.015171833295052764,1.0000044757664912,-6.1180663236977254e-06,-0.00040325161796318353,-0.0003972571291568167
1444,random0,0.1,0.15171833295052764,1.0000004620071714,-6.0215753154271986e-05,-0.00039689173999761225,-0.0003972571291568167
1444,random0,1.0,1.5171833295052763,1.0000000431045681,-0.0006026975935985203,-0.0003972477036081382,-0.0003972571291568167
1444,random0,4.0,6.068733318021105,1.0000000018258959,-0.0024108658219433345,-0.0003972601357822509,-0.0003972571291568167
1444,random1,0.01,0.015171833295052764,0.9999967993788691,0.0004029009189555124,0.026555849324213867,0.026559604142668856
1444,random1,0.1,0.15171833295052764,0.9999997767329735,0.004029587892233466,0.026559663646893848,0.026559604142668856
1444,random1,1.0,1.5171833295052763,0.9999999708052859,0.04029578923043852,0.026559604529518648,0.026559604142668856
1444,random1,4.0,6.068733318021105,1.000000010736618,0.16118315169649175,0.02655960366850498,0.026559604142668856
1444,random2,0.01,0.015171833295052764,0.999997525088132,0.00014115025096977555,0.009303440673567238,0.00930164568380396
1444,random2,0.1,0.15171833295052764,1.0000001618492655,0.0014112099084835218,0.009301512091776605,0.00930164568380396
1444,random2,1.0,1.5171833295052763,0.999999993773016,0.014112333271975194,0.009301666448297285,0.00930164568380396
1444,random2,4.0,6.068733318021105,1.0000000057482994,0.05644916394091945,0.009301638576421481,0.00930164568380396
1444,random3,0.01,0.015171833295052764,1.00000085832203,-0.00019944440073703482,-0.013145702095347284,-0.013140787179597078
1444,random3,0.1,0.15171833295052764,1.0000003449192658,-0.001993771332554851,-0.013141268387156485,-0.013140787179597078
1444,random3,1.0,1.5171833295052763,0.9999999127670993,-0.019936911056332572,-0.013140739598578114,-0.013140787179597078
1444,random3,4.0,6.068733318021105,0.9999999955793732,-0.07974804113970879,-0.013140805001745085,-0.013140787179597078
1444,random4,0.01,0.015171833295052764,1.0000062003120058,5.652727935295015e-05,0.003725804143351785,0.003726504611715491
1444,random4,0.1,0.15171833295052764,0.9999996302078029,0.0005653291678594905,0.003726175715652196,0.003726504611715491
1444,random4,1.0,1.5171833295052763,0.9999999423570108,0.005653915919059372,0.003726587162609414,0.003726504611715491
1444,random4,4.0,6.068733318021105,1.0000000226930292,0.022615167737857655,0.0037265054423633857,0.003726504611715491
1444,random5,0.01,0.015171833295052764,0.9999936875886619,-0.00016310651978609442,-0.010750613759991697,-0.010750932409291434
1444,random5,0.1,0.15171833295052764,1.0000000051958444,-0.0016311213935295572,-0.010750984154706166,-0.010750932409291434
1444,random5,1.0,1.5171833295052763,0.9999999554824687,-0.016311067041794317,-0.010750887334830548,-0.010750932409291434
1444,random5,4.0,6.068733318021105,1.000000010745306,-0.06524452669673518,-0.010750929935080776,-0.010750932409291434
1444,random6,0.01,0.015171833295052764,0.9999913372409301,-0.0002485672505519061,-0.01638346834676591,-0.016385993423214597
1444,random6,0.1,0.15171833295052764,0.9999999620828679,-0.00248604049425495,-0.016385893819869473,-0.016385993423214597
1444,random6,1.0,1.5171833295052763,1.0000000675304406,-0.024860545610172625,-0.016385986536168413,-0.016385993423214597
1444,random6,4.0,6.068733318021105,1.0000000173298398,-0.09944228735799701,-0.016386003824340592,-0.016385993423214597
1444,random7,0.01,0.015171833295052764,1.0000026765460146,-0.0004954133682272585,-0.032653494049977666,-0.032653258515817664
1444,random7,0.1,0.15171833295052764,0.9999986253613528,-0.004954165652335855,-0.03265370476982048,-0.032653258515817664
1444,random7,1.0,1.5171833295052763,0.9999999855310888,-0.049540960358633916,-0.03265324591642346,-0.032653258515817664
1444,random7,4.0,6.068733318021105,1.0000000111469636,-0.1981638040767099,-0.0326532397606371,-0.032653258515817664
1444,a_unit,0.01,0.015171833295052764,0.9999955576726178,0.015171765730979378,0.999995546742963,1.0000000399113262
1444,a_unit,0.1,0.15171833295052764,0.999999949903147,0.15171832833673704,0.9999999695897621,1.0000000399113262
1444,a_unit,1.0,1.5171833295052763,0.9999999977568664,1.5171833563732844,1.0000000177091375,1.0000000399113262
1444,a_unit,4.0,6.068733318021105,1.0000000141695256,6.06873352511686,1.000000034125038,1.0000000399113262
1444,oracle,0.01,0.015171833295052764,0.9999955576726178,0.015171765730979378,0.999995546742963,1.000000019955663
1444,oracle,0.1,0.15171833295052764,0.9999998717791864,0.15171831648390102,0.9999998914658084,1.000000019955663
1444,oracle,1.0,1.5171833295052763,0.9999999578250426,1.517183295789386,0.999999977777313,1.000000019955663
1444,oracle,4.0,6.068733318021105,0.9999999887440789,6.068733370816602,1.0000000086995908,1.000000019955663
1444,md_full,0.01,0.015171833295052764,0.9999696381917714,3.70103009279198e-05,0.002439408620445898,0.00244057737276238
1444,md_full,0.1,0.15171833295052764,1.0000017328064565,0.00037031624113975723,0.0024408140660266155,0.00244057737276238
1444,md_full,1.0,1.5171833295052763,0.9999998958374704,0.0037026781093856403,0.0024404948547602423,0.00244057737276238
1444,md_full,4.0,6.068733318021105,1.0000000627386416,0.014811220183470558,0.002440578520642625,0.00244057737276238
1444,mean_diff_tgt_asis,0.01,0.015171833295052764,1.0000050238699143,-0.0002435896220609262,-0.0160553848255343,-0.016053032797672718
1444,mean_diff_tgt_asis,0.1,0.15171833295052764,1.0000013410188466,-0.00243558732014024,-0.016053348812726787,-0.016053032797672718
1444,mean_diff_tgt_asis,1.0,1.5171833295052763,0.9999999315794583,-0.024355420200136313,-0.016053050232286783,-0.016053032797672718
1444,mean_diff_tgt_asis,4.0,6.068733318021105,0.9999999968803976,-0.09742152602289963,-0.016053024728176206,-0.016053032797672718
1444,probe_grad_tgt_asis,0.01,0.015171833295052764,1.0000001392566973,-0.00021022713956279226,-0.013856409800610134,-0.013854362638489427
1444,probe_grad_tgt_asis,0.1,0.15171833295052764,1.0000001133031078,-0.002101935406785435,-0.013854195243964581,-0.013854362638489427
1444,probe_grad_tgt_asis,1.0,1.5171833295052763,0.9999999401894714,-0.021019588949512613,-0.013854350058253466,-0.013854362638489427
1444,probe_grad_tgt_asis,4.0,6.068733318021105,0.999999986783404,-0.08407853799404014,-0.013854380080332232,-0.013854362638489427
108,random0,0.01,0.05470771769048846,0.999997732069334,-0.0006389227980747329,-0.011678842127713486,-0.011680180962992203
108,random0,0.1,0.5470771769048847,1.0000002613395491,-0.00638985742795298,-0.011679992691531941,-0.011680180962992203
108,random0,1.0,5.470771769048846,1.0000000173195842,-0.0638995469771822,-0.011680170490514145,-0.011680180962992203
108,random0,4.0,21.883087076195384,0.9999999892169373,-0.2555985193126871,-0.011680185634810615,-0.011680180962992203
108,random1,0.01,0.05470771769048846,0.9999959794634652,7.402193579885373e-05,0.0013530437555014886,0.0013547386153119102
108,random1,0.1,0.5470771769048847,1.0000000339347546,0.0007412946570462264,0.0013550092899874502,0.0013547386153119102
108,random1,1.0,5.470771769048846,0.9999999791493022,0.007411541447517503,0.0013547524481735199,0.0013547386153119102
108,random1,4.0,21.883087076195384,1.0000000062246373,0.02964591593409141,0.001354741030407017,0.0013547386153119102
108,random2,0.01,0.05470771769048846,0.9999970938884257,0.0008588594549198861,0.01569905474359074,0.015698298924209816
108,random2,0.1,0.5470771769048847,1.0000001871071957,0.008588261749888214,0.015698446421173545,0.015698298924209816
108,random2,1.0,5.470771769048846,1.000000003580081,0.08588169982917354,0.015698278680725337,0.015698298924209816
108,random2,4.0,21.883087076195384,0.9999999960636363,0.3435272455515245,0.015698299072493132,0.015698298924209816
108,random3,0.01,0.05470771769048846,0.9999995083720792,0.000802397766659358,0.014666993991578335,0.01466580589724166
108,random3,0.1,0.5470771769048847,0.9999998698758968,0.008023334168930795,0.01466581774499019,0.01466580589724166
108,random3,1.0,5.470771769048846,0.9999999823376112,0.08023332383347755,0.014665814481130694,0.01466580589724166
108,random3,4.0,21.883087076195384,0.9999999994649628,0.32093298975109197,0.014665800516792976,0.01466580589724166
108,random4,0.01,0.05470771769048846,0.9999981159341275,0.001233241222179889,0.022542362837305888,0.022540970903654898
108,random4,0.1,0.5470771769048847,0.9999998100501685,0.012331737304643464,0.022541129159163353,0.022540970903654898
108,random4,1.0,5.470771769048846,0.9999999977855205,0.12331648805803844,0.02254096739251807,0.022540970903654898
108,random4,4.0,21.883087076195384,0.9999999964751278,0.49326606833222764,0.022540972697988614,0.022540970903654898
108,random5,0.01,0.05470771769048846,0.999998396756777,0.002094649609571898,0.03828800940705439,0.03828874925252526
108,random5,0.1,0.5470771769048847,0.9999999709825129,0.02094681362459224,0.038288589816705285,0.03828874925252526
108,random5,1.0,5.470771769048846,0.9999999460707665,0.2094689163570816,0.038288732412885884,0.03828874925252526
108,random5,4.0,21.883087076195384,0.9999999972467317,0.8378759447924091,0.03828874517909578,0.03828874925252526
108,random6,0.01,0.05470771769048846,1.0000020340020843,0.0016270941474169672,0.029741583383579087,0.02974193160588564
108,random6,0.1,0.5470771769048847,0.9999999162150596,0.01627117801372888,0.029742015753213922,0.02974193160588564
108,random6,1.0,5.470771769048846,0.9999999923259331,0.1627113075545519,0.02974192937002032,0.02974193160588564
108,random6,4.0,21.883087076195384,0.9999999947718343,0.6508453552306395,0.029741935082762377,0.02974193160588564
108,random7,0.01,0.05470771769048846,1.0000004582506201,-0.002250483385798993,-0.04113648824707349,-0.041136759546228883
108,random7,0.1,0.5470771769048847,0.9999999231626172,-0.022504913137589733,-0.041136633161910276,-0.041136759546228883
108,random7,1.0,5.470771769048846,1.0000000102392776,-0.22504977875501647,-0.04113675149605882,-0.041136759546228883
108,random7,4.0,21.883087076195384,0.9999999993287494,-0.9001992662324159,-0.04113675840606879,-0.041136759546228883
108,a_unit,0.01,0.05470771769048846,1.0000004179948845,0.054707738664405633,1.0000003833813227,0.9999999374676707
108,a_unit,0.1,0.5470771769048847,0.9999999505955045,0.5470771327561176,0.99999991930066,0.9999999374676707
108,a_unit,1.0,5.470771769048846,0.9999999694124887,5.470771430659104,0.9999999381458857,0.9999999374676707
108,a_unit,4.0,21.883087076195384,0.9999999681716946,21.883085695493172,0.9999999369055103,0.9999999374676707
108,oracle,0.01,0.05470771769048846,1.0000004491400336,0.05470774036828645,1.0000004145264862,0.9999999687338355
108,oracle,0.1,0.5470771769048847,0.9999999846275478,0.5470771513742703,0.9999999533327006,0.9999999687338355
108,oracle,1.0,5.470771769048846,1.0000000030726233,5.4707716148060115,0.9999999718060192,0.9999999687338355
108,oracle,4.0,21.883087076195384,0.9999999984451916,21.883086357970715,0.9999999671790061,0.9999999687338355
108,md_full,0.01,0.05470771769048846,1.000009791556997,0.0005276552898872175,0.009644988169172997,0.009644360274558814
108,md_full,0.1,0.5470771769048847,1.000001782715242,0.0052762084598048774,0.00964435857049508,0.009644360274558814
108,md_full,1.0,5.470771769048846,1.0000000619233236,0.05276206688705616,0.00964435533311042,0.009644360274558814
108,md_full,4.0,21.883087076195384,0.9999999909572226,0.21104836823501294,0.009644359934234015,0.009644360274558814
108,mean_diff_tgt_asis,0.01,0.05470771769048846,0.9999988712937955,-0.0006070762672595488,-0.011096720771539254,-0.011096072695110655
108,mean_diff_tgt_asis,0.1,0.5470771769048847,0.9999997002713179,-0.00607038305594409,-0.011096026871907859,-0.011096072695110655
108,mean_diff_tgt_asis,1.0,5.470771769048846,0.9999999994077363,-0.06070412442398308,-0.011096080587280132,-0.011096072695110655
108,mean_diff_tgt_asis,4.0,21.883087076195384,1.0000000130432256,-0.2428163526908355,-0.011096073960925434,-0.011096072695110655
108,probe_grad_tgt_asis,0.01,0.05470771769048846,1.0000028951028332,-0.000607289089118998,-0.011100610933081968,-0.01109956825038073
108,probe_grad_tgt_asis,0.1,0.5470771769048847,0.9999998932677318,-0.00607224553459975,-0.011099431288568407,-0.01109956825038073
108,probe_grad_tgt_asis,1.0,5.470771769048846,1.000000018794193,-0.06072328329737126,-0.011099582629441088,-0.01109956825038073
108,probe_grad_tgt_asis,4.0,21.883087076195384,1.0000000046440942,-0.24289270870777172,-0.011099563231733998,-0.01109956825038073
4383,random0,0.01,0.0020443046910350055,1.0000344830547325,-4.427266717511196e-05,-0.02165658933781406,-0.021695959944192596
4383,random0,0.1,0.020443046910350055,1.0000022953749488,-0.0004434705025094701,-0.021692974851265766,-0.021695959944192596
4383,random0,1.0,0.20443046910350055,0.9999999971687299,-0.004435466394231792,-0.021696699194023627,-0.021695959944192596
4383,random0,4.0,0.8177218764140022,1.000000181422547,-0.01774129049392285,-0.021695995919449585,-0.021695959944192596
4383,random1,0.01,0.0020443046910350055,0.9999806799587239,9.391809770344214e-05,0.04594134040552077,0.04593415346887835
4383,random1,0.1,0.020443046910350055,1.0000053991810713,0.0009390793985265614,0.04593637155189021,0.04593415346887835
4383,random1,1.0,0.20443046910350055,0.9999998462961983,0.009390419210706711,0.045934538290143344,0.04593415346887835
4383,random1,4.0,0.8177218764140022,1.000000077297229,0.03756136971420445,0.04593416269957734,0.04593415346887835
4383,random2,0.01,0.0020443046910350055,0.9999497451463779,-4.709300792163677e-06,-0.0023036198140206866,-0.002287164049238605
4383,random2,0.1,0.020443046910350055,0.9999983493205123,-4.675001441254177e-05,-0.002286841810692751,-0.002287164049238605
4383,random2,1.0,0.20443046910350055,1.0000004528669386,-0.0004675100124069203,-0.002286890082760735,-0.002287164049238605
4383,random2,4.0,0.8177218764140022,1.0000000968629033,-0.0018701926036489762,-0.002287076642550433,-0.002287164049238605
4383,random3,0.01,0.0020443046910350055,1.000023136654238,1.1277618545954928e-05,0.005516603564728511,0.005480733707445503
4383,random3,0.1,0.020443046910350055,0.9999993249850303,0.00011204445364956507,0.005480809888120854,0.005480733707445503
4383,random3,1.0,0.20443046910350055,1.000000399580174,0.001120438678873251,0.0054807812347482665,0.005480733707445503
4383,random3,4.0,0.8177218764140022,1.0000001481185556,0.004481727473906731,0.0054807479207486555,0.005480733707445503
4383,random4,0.01,0.0020443046910350055,1.000032302128433,2.945333345010816e-05,0.014407506659487394,0.01438252625516182
4383,random4,0.1,0.020443046910350055,0.999999982669292,0.0002940658123020201,0.014384637162532672,0.01438252625516182
4383,random4,1.0,0.20443046910350055,1.0000004061293406,0.0029402268031520694,0.014382527301561246,0.01438252625516182
4383,random4,4.0,0.8177218764140022,0.9999999412540342,0.011760916031482086,0.014382538086247412,0.01438252625516182
4383,random5,0.01,0.0020443046910350055,0.9999789459213756,-5.0038357372830084e-05,-0.024476956684718214,-0.024485337820552837
4383,random5,0.1,0.020443046910350055,1.0000023341041668,-0.0005004845066110507,-0.024481893956700834,-0.024485337820552837
4383,random5,1.0,0.20443046910350055,0.9999997277496556,-0.005005577176929004,-0.024485475178334323,-0.024485337820552837
4383,random5,4.0,0.8177218764140022,1.0000000031430722,-0.020022244637835893,-0.024485396826657582,-0.024485337820552837
4383,random6,0.01,0.0020443046910350055,1.0000217912988765,5.516849488297924e-05,0.02698643461755602,0.02696480241239879
4383,random6,0.1,0.020443046910350055,0.9999960412498613,0.0005510648396290852,0.026956101115733783,0.02696480241239879
4383,random6,1.0,0.20443046910350055,1.0000006149192018,0.005512520303089973,0.026965257807528946,0.02696480241239879
4383,random6,4.0,0.8177218764140022,1.0000001575033357,0.022049676762357653,0.02696476320170525,0.02696480241239879
4383,random7,0.01,0.0020443046910350055,0.9999958817784383,-2.5866968176661495e-05,-0.012653186332789453,-0.012672711271917396
4383,random7,0.1,0.020443046910350055,0.9999944368431818,-0.00025909350606922695,-0.012673918286517809,-0.012672711271917396
4383,random7,1.0,0.20443046910350055,1.0000000948061571,-0.002590591196402146,-0.012672236226638812,-0.012672711271917396
4383,random7,4.0,0.8177218764140022,0.9999999250167599,-0.010362711082668258,-0.012672659716665998,-0.012672711271917396
4383,a_unit,0.01,0.0020443046910350055,1.0000517758267917,0.002044404771965521,1.0000489559755719,0.9999997884546046
4383,a_unit,0.1,0.020443046910350055,0.9999998194844463,0.020443040739557387,0.999999698147116,0.9999997884546046
4383,a_unit,1.0,0.20443046910350055,1.0000002177578862,0.20443049196845103,1.0000001118470774,0.9999997884546046
4383,a_unit,4.0,0.8177218764140022,0.9999999078428685,0.8177217145545246,0.9999998020604777,0.9999997884546046
4383,oracle,0.01,0.0020443046910350055,1.0000517758267917,0.002044404771965521,1.0000489559755719,0.9999998942272968
4383,oracle,0.1,0.020443046910350055,0.9999998488359373,0.020443041339591114,0.9999997274985981,0.9999998942272968
4383,oracle,1.0,0.20443046910350055,1.0000003324158426,0.20443051540803509,1.0000002265050545,0.9999998942272968
4383,oracle,4.0,0.8177218764140022,0.9999999961452474,0.8177217867613029,0.9999998903628461,0.9999998942272968
4383,md_full,0.01,0.0020443046910350055,1.0001487982963573,-6.59084162107687e-06,-0.0032240016128613443,-0.003194937773184005
4383,md_full,0.1,0.020443046910350055,0.9999998689392898,-6.5351865712138e-05,-0.003196777173125361,-0.003194937773184005
4383,md_full,1.0,0.20443046910350055,0.9999975990617083,-0.0006531527662497136,-0.0031949873671670275,-0.003194937773184005
4383,md_full,4.0,0.8177218764140022,0.9999995151842334,-0.0026125865152257788,-0.003194957345011838,-0.003194937773184005
4383,mean_diff_tgt_asis,0.01,0.0020443046910350055,1.000031682682567,-1.4990421134476078e-05,-0.007332772458144005,-0.007325785994227906
4383,mean_diff_tgt_asis,0.1,0.020443046910350055,0.9999964426672286,-0.0001498063913018716,-0.007327987455041573,-0.007325785994227906
4383,mean_diff_tgt_asis,1.0,0.20443046910350055,0.9999995314222241,-0.001497585774042312,-0.007325648571906879,-0.007325785994227906
4383,mean_diff_tgt_asis,4.0,0.8177218764140022,0.9999998469884848,-0.005990451803490782,-0.007325781511142907,-0.007325785994227906
4383,probe_grad_tgt_asis,0.01,0.0020443046910350055,0.999955578055202,5.3366795648900555e-05,0.026105108442461004,0.026053320950620736
4383,probe_grad_tgt_asis,0.1,0.020443046910350055,1.000004012312738,0.0005325898802967831,0.026052372849916988,0.026053320950620736
4383,probe_grad_tgt_asis,1.0,0.20443046910350055,1.0000007464054717,0.005326044633124344,0.026053086198358402,0.026053320950620736
4383,probe_grad_tgt_asis,4.0,0.8177218764140022,0.9999999283557447,0.021304390575923274,0.026053345508316977,0.026053320950620736
2599,random0,0.01,0.019008731784132704,0.9999981307578493,0.00047907557727273594,0.025202921621138248,0.025204059434287766
2599,random0,0.1,0.19008731784132704,0.999999952898089,0.0047909090978913915,0.025203728224996797,0.025204059434287766
2599,random0,1.0,1.9008731784132704,0.9999999848858806,0.04790965872134968,0.025204026899543954,0.025204059434287766
2599,random0,4.0,7.603492713653082,1.0000000075151552,0.19163892129610122,0.02520406456785157,0.025204059434287766
2599,random1,0.01,0.019008731784132704,0.9999988538076174,0.0003559468464030901,0.01872543894276062,0.018719589637838166
2599,random1,0.1,0.19008731784132704,1.0000002342473482,0.003558271663733182,0.018719142887288272,0.018719589637838166
2599,random1,1.0,1.9008731784132704,0.9999999972325021,0.03558360173135206,0.01871960851226015,0.018719589637838166
2599,random1,4.0,7.603492713653082,1.0000000148190762,0.14233427156150055,0.01871959070940128,0.018719589637838166
2599,random2,0.01,0.019008731784132704,0.9999991010442723,0.00025697350096113745,0.013518708343059625,0.013520622130347673
2599,random2,0.1,0.19008731784132704,1.0000002689614307,0.0025700587348189106,0.013520411377282068,0.013520622130347673
2599,random2,1.0,1.9008731784132704,1.000000045440564,0.025701024540513387,0.013520641372806884,0.013520622130347673
2599,random2,4.0,7.603492713653082,1.0000000107921676,0.10280387930896097,0.013520612589575175,0.013520622130347673
2599,random3,0.01,0.019008731784132704,1.000005404957728,-0.0004710374481779942,-0.024780056530188232,-0.02478147943104002
2599,random3,0.1,0.19008731784132704,0.9999992243728474,-0.004710646514899958,-0.024781487625766336,-0.02478147943104002
2599,random3,1.0,1.9008731784132704,1.0000000070126713,-0.047106420473799974,-0.024781464123304352,-0.02478147943104002
2599,random3,4.0,7.603492713653082,1.000000008019351,-0.18842588210339684,-0.024781490454387246,-0.02478147943104002
2599,random4,0.01,0.019008731784132704,0.9999916639850558,-0.00017712161154808016,-0.00931790787305075,-0.009321335316774055
2599,random4,0.1,0.19008731784132704,1.0000000041256467,-0.0017717572381612972,-0.009320754578904885,-0.009321335316774055
2599,random4,1.0,1.9008731784132704,0.9999999342683554,-0.01771860987108245,-0.009321300375163814,-0.009321335316774055
2599,random4,4.0,7.603492713653082,1.0000000047208417,-0.07087474804160832,-0.009321340956156016,-0.009321335316774055
2599,random5,0.01,0.019008731784132704,1.000005777649512,-0.0004767346004022065,-0.02507976890915756,-0.025080187540223994
2599,random5,0.1,0.19008731784132704,1.0000004002967127,-0.004767284967026822,-0.025079447809381223,-0.025080187540223994
2599,random5,1.0,1.9008731784132704,0.9999999517139483,-0.04767417794971067,-0.025080146582691056,-0.025080187540223994
2599,random5,4.0,7.603492713653082,0.9999999931924994,-0.19069699038374843,-0.025080183221761577,-0.025080187540223994
2599,random6,0.01,0.019008731784132704,0.9999963448870547,0.0007148757874322234,0.03760775813718182,0.03760362158755651
2599,random6,0.1,0.19008731784132704,1.0000002201333658,0.007147939282382994,0.03760345173763588,0.03760362158755651
2599,random6,1.0,1.9008731784132704,1.0000000178468376,0.07147970143319055,0.03760361408900372,0.03760362158755651
2599,random6,4.0,7.603492713653082,0.9999999911218797,0.28591890899373223,0.03760362766973221,0.03760362158755651
2599,random7,0.01,0.019008731784132704,1.0000031616455636,0.0003352745226761068,0.017637921692175852,0.017634408905807954
2599,random7,0.1,0.19008731784132704,1.0000000715216817,0.0033520718927678916,0.01763437945695036,0.017634408905807954
2599,random7,1.0,1.9008731784132704,1.000000070345719,0.0335207515887259,0.01763439663907874,0.017634408905807954
2599,random7,4.0,7.603492713653082,1.0000000079129336,0.13408319620525,0.01763442160791261,0.017634408905807954
2599,a_unit,0.01,0.019008731784132704,1.000006095634441,0.01900884875496999,1.0000061535318934,1.0000001747787248
2599,a_unit,0.1,0.19008731784132704,1.000000198882718,0.19008737222194566,1.000000286082308,1.0000001747787248
2599,a_unit,1.0,1.9008731784132704,1.0000000165631209,1.900873376010526,1.0000001039507833,1.0000001747787248
2599,a_unit,4.0,7.603492713653082,1.0000000940298,7.603494093071334,1.0000001814190274,1.0000001747787248
2599,oracle,0.01,0.019008731784132704,1.0000059502994585,0.019008845992319296,1.000006008196017,1.0000000873893584
2599,oracle,0.1,0.19008731784132704,1.0000000932811473,0.19008735214842293,1.0000001804807195,1.0000000873893584
2599,oracle,1.0,1.9008731784132704,0.9999999481628624,1.9008732459903048,1.0000000355505223,1.0000000873893584
2599,oracle,4.0,7.603492713653082,1.0000000067698327,7.603493429590742,1.0000000941590512,1.0000000873893584
2599,md_full,0.01,0.019008731784132704,0.9999783038956588,-0.00011363072565659024,-0.005977817297177186,-0.005984057221124713
2599,md_full,0.1,0.19008731784132704,1.0000016917205665,-0.0011374742538033805,-0.005983956566491577,-0.005984057221124713
2599,md_full,1.0,1.9008731784132704,1.0000000039312378,-0.01137501076016827,-0.005984097671188887,-0.005984057221124713
2599,md_full,4.0,7.603492713653082,1.0000001059729073,-0.045499773142838124,-0.0059840621746289355,-0.005984057221124713
2599,mean_diff_tgt_asis,0.01,0.019008731784132704,1.0000026240175703,0.0003503439810217168,0.018430686749663222,0.018428398664538617
2599,mean_diff_tgt_asis,0.1,0.19008731784132704,0.9999991875208624,0.0035029927384433246,0.018428334821197292,0.018428398664538617
2599,mean_diff_tgt_asis,1.0,1.9008731784132704,0.9999999335608644,0.03503008240111899,0.01842841637144878,0.018428398664538617
2599,mean_diff_tgt_asis,4.0,7.603492713653082,1.0000000203736348,0.1401202252062275,0.018428402641147142,0.018428398664538617
2599,probe_grad_tgt_asis,0.01,0.019008731784132704,0.9999996741143887,0.00025998087101023035,0.013676918269068642,0.013675636148783409
2599,probe_grad_tgt_asis,0.1,0.19008731784132704,1.0000002278935785,0.0025996249243261287,0.013675951419842392,0.013675636148783409
2599,probe_grad_tgt_asis,1.0,1.9008731784132704,0.9999999999304329,0.02599576398305717,0.013675696137054657,0.013675636148783409
2599,probe_grad_tgt_asis,4.0,7.603492713653082,1.0000000040067751,0.10398254085836894,0.013675628395310287,0.013675636148783409
3300,random0,0.01,0.020952073780520025,1.0000025882553636,4.725176296692298e-05,0.002255230840722546,0.002245056053626919
3300,random0,0.1,0.20952073780520025,1.0000000626737788,0.0004704010094831836,0.00224512864173156,0.002245056053626919
3300,random0,1.0,2.0952073780520024,1.0000000175267239,0.004703882437089275,0.002245067713279371,0.002245056053626919
3300,random0,4.0,8.38082951220801,1.000000007255506,0.01881550209475189,0.0022450644136531024,0.002245056053626919
3300,random1,0.01,0.020952073780520025,0.9999953027928641,0.0008882126031895254,0.04239258664769174,0.04239485542941531
3300,random1,0.1,0.20952073780520025,0.9999998224245541,0.008882560660251544,0.04239466104071289,0.04239485542941531
3300,random1,1.0,2.0952073780520024,1.0000000426086157,0.08882604949443662,0.042394872424046985,0.04239485542941531
3300,random1,4.0,8.38082951220801,1.000000000926156,0.35530422059832545,0.042394875123132905,0.04239485542941531
3300,random2,0.01,0.020952073780520025,0.999998176118504,0.00018081296048157852,0.008629835995026302,0.008628187441033282
3300,random2,0.1,0.20952073780520025,1.0000006799429364,0.00180772488328665,0.008627904341227375,0.008628187441033282
3300,random2,1.0,2.0952073780520024,1.0000000426044406,0.018077685854031075,0.008628112922568371,0.008628187441033282
3300,random2,4.0,8.38082951220801,0.9999999787820084,0.0723113817070655,0.008628189083399499,0.008628187441033282
3300,random3,0.01,0.020952073780520025,0.9999991074554004,7.635726032822527e-05,0.003644377216694304,0.0036492034833764094
3300,random3,0.1,0.20952073780520025,0.9999995920632215,0.0007645879989164228,0.0036492234941788468,0.0036492034833764094
3300,random3,1.0,2.0952073780520024,0.9999999676377916,0.007645971914142648,0.0036492673681072143,0.0036492034833764094
3300,random3,4.0,8.38082951220801,1.0000000141265046,0.030583352930952747,0.003649203564683333,0.0036492034833764094
3300,random4,0.01,0.020952073780520025,0.9999968988467736,0.0008568431224452693,0.04089538493520915,0.040890253523002434
3300,random4,0.1,0.20952073780520025,0.9999996333965407,0.008567383102832282,0.04089038246322767,0.040890253523002434
3300,random4,1.0,2.0952073780520024,0.9999999773112336,0.0856736573773306,0.04089029958312995,0.040890253523002434
3300,random4,4.0,8.38082951220801,1.0000000193903018,0.3426942251018023,0.04089025132925252,0.040890253523002434
3300,random5,0.01,0.020952073780520025,1.00000645340049,-0.00012633467633448093,-0.00602969795056465,-0.006032278000020705
3300,random5,0.1,0.20952073780520025,1.0000003805544178,-0.0012639005827656145,-0.006032341218370055,-0.006032278000020705
3300,random5,1.0,2.0952073780520024,0.9999999771685574,-0.012638979749448597,-0.006032328771770343,-0.006032278000020705
3300,random5,4.0,8.38082951220801,1.00000000052751,-0.05055564785121707,-0.006032296418579419,-0.006032278000020705
3300,random6,0.01,0.020952073780520025,0.9999994260291516,-3.2888783291494886e-05,-0.0015697149425883032,-0.0015758177872985772
3300,random6,0.1,0.20952073780520025,0.9999998697516534,-0.00033013191389375494,-0.0015756526888555142,-0.0015758177872985772
3300,random6,1.0,2.0952073780520024,1.000000044751989,-0.003301594084258907,-0.0015757839146827222,-0.0015758177872985772
3300,random6,4.0,8.38082951220801,0.9999999862655156,-0.013206676180965896,-0.001575819692039824,-0.0015758177872985772
3300,random7,0.01,0.020952073780520025,0.9999954692825456,-0.0004819115270324941,-0.023000660081702574,-0.022993627349687427
3300,random7,0.1,0.20952073780520025,0.999999609294048,-0.004817540396227469,-0.022993143526950192,-0.022993627349687427
3300,random7,1.0,2.0952073780520024,0.9999999902062606,-0.04817640724236016,-0.022993622372192903,-0.022993627349687427
3300,random7,4.0,8.38082951220801,1.000000000773534,-0.19270556990156834,-0.022993615324218453,-0.022993627349687427
3300,a_unit,0.01,0.020952073780520025,0.9999991776035455,0.020952056057011413,0.9999991540928694,0.999999994784061
3300,a_unit,0.1,0.20952073780520025,1.000000780695553,0.20952090075837532,1.0000007777424649,0.999999994784061
3300,a_unit,1.0,2.0952073780520024,0.999999980763283,2.095207332277802,0.9999999781529022,0.999999994784061
3300,a_unit,4.0,8.38082951220801,1.0000000102687316,8.380829576410434,1.0000000076606288,0.999999994784061
3300,oracle,0.01,0.020952073780520025,0.999999177547224,0.020952056055831364,0.999999154036548,0.9999999973920302
3300,oracle,0.1,0.20952073780520025,1.0000008031809,0.20952090546952507,1.0000008002278273,0.9999999973920302
3300,oracle,1.0,2.0952073780520024,0.9999999832217394,2.0952073374287767,0.9999999806113581,0.9999999973920302
3300,oracle,4.0,8.38082951220801,1.0000000027959985,8.380829513782732,1.0000000001878957,0.9999999973920302
3300,md_full,0.01,0.020952073780520025,0.9999928177238224,-0.00034906499304834376,-0.016660164368688092,-0.016651363008367608
3300,md_full,0.1,0.20952073780520025,0.9999979407657087,-0.003488655700403978,-0.01665064631286054,-0.016651363008367608
3300,md_full,1.0,2.0952073780520024,1.0000001290199811,-0.03488808367761335,-0.016651374963203014,-0.016651363008367608
3300,md_full,4.0,8.38082951220801,1.000000014162647,-0.139552388194574,-0.016651381344924603,-0.016651363008367608
3300,mean_diff_tgt_asis,0.01,0.020952073780520025,0.9999952501516437,0.00022513585763391013,0.010745278008863633,0.010751773119159784
3300,mean_diff_tgt_asis,0.1,0.20952073780520025,1.0000007113817286,0.0022527021804772587,0.010751690758991529,0.010751773119159784
3300,mean_diff_tgt_asis,1.0,2.0952073780520024,1.0000001183579748,0.02252724881955889,0.010751799108546175,0.010751773119159784
3300,mean_diff_tgt_asis,4.0,8.38082951220801,0.999999989513083,0.09010870222609599,0.010751764141585072,0.010751773119159784
3300,probe_grad_tgt_asis,0.01,0.020952073780520025,1.0000032046759955,-0.0002228096656894352,-0.010634253583842864,-0.010630252143619796
3300,probe_grad_tgt_asis,0.1,0.20952073780520025,1.000000110267387,-0.002227332900222659,-0.010630608328104967,-0.010630252143619796
3300,probe_grad_tgt_asis,1.0,2.0952073780520024,0.9999999410638368,-0.022272478263191942,-0.010630202287612958,-0.010630252143619796
3300,probe_grad_tgt_asis,4.0,8.38082951220801,1.0000000126108504,-0.08909045940732226,-0.010630267478600757,-0.010630252143619796
2710,random0,0.01,0.04585176656724639,0.9999975350984879,-0.000381273629706274,-0.008315353109614577,-0.008315624586439231
2710,random0,0.1,0.4585176656724639,0.9999998942886569,-0.0038127882007448106,-0.008315466308485541,-0.008315624586439231
2710,random0,1.0,4.585176656724639,1.0000000300937775,-0.03812874260056,-0.008315653998770196,-0.008315624586439231
2710,random0,4.0,18.340706626898555,1.0000000071737696,-0.1525145091995574,-0.008315628852373604,-0.008315624586439231
2710,random1,0.01,0.04585176656724639,0.9999979393949059,0.0011505291824695462,0.025092363252398907,0.025093670226283053
2710,random1,0.1,0.4585176656724639,0.9999998259760716,0.011505862728379022,0.02509360835967896,0.025093670226283053
2710,random1,1.0,4.585176656724639,1.0000000095877088,0.11505898284392009,0.02509368590524732,0.025093670226283053
2710,random1,4.0,18.340706626898555,1.0000000080434641,0.46023566082606593,0.025093671153928302,0.025093670226283053
2710,random2,0.01,0.04585176656724639,1.000002535104979,-0.0015325599706653447,-0.03342422954233804,-0.03342264273020121
2710,random2,0.1,0.4585176656724639,1.0000004935586615,-0.015325047715407571,-0.03342302568196973,-0.03342264273020121
2710,random2,1.0,4.585176656724639,1.0000000095476258,-0.15324876784938418,-0.03342265289269257,-0.03342264273020121
2710,random2,4.0,18.340706626898555,1.0000000074574635,-0.6129947582001735,-0.03342263581606789,-0.03342264273020121
2710,random3,0.01,0.04585176656724639,0.9999986855799766,-0.001305304758219028,-0.028467927321942168,-0.028467182743191325
2710,random3,0.1,0.4585176656724639,0.9999999375759143,-0.013052785241278743,-0.028467355171878653,-0.028467182743191325
2710,random3,1.0,4.585176656724639,0.9999999723781939,-0.1305268864451588,-0.028467144500033067,-0.028467182743191325
2710,random3,4.0,18.340706626898555,0.9999999989574501,-0.522108176462139,-0.028467178887012622,-0.028467182743191325
2710,random4,0.01,0.04585176656724639,1.0000005370012506,-0.0014311488453762795,-0.03121251267990625,-0.031213184709029458
2710,random4,0.1,0.4585176656724639,1.0000000702518597,-0.014311802798346391,-0.031213198246913,-0.031213184709029458
2710,random4,1.0,4.585176656724639,0.9999999548622123,-0.1431180208621254,-0.031213196693791054,-0.031213184709029458
2710,random4,4.0,18.340706626898555,0.9999999955607994,-0.572471862177709,-0.03121318462932717,-0.031213184709029458
2710,random5,0.01,0.04585176656724639,1.0000000480731355,0.0002754752818233706,0.006007953508603805,0.006007881329422305
2710,random5,0.1,0.4585176656724639,0.9999999831093839,0.0027546817331759238,0.006007798476283125,0.006007881329422305
2710,random5,1.0,4.585176656724639,1.000000035498294,0.027547177067286342,0.006007876932481007,0.006007881329422305
2710,random5,4.0,18.340706626898555,0.9999999916324785,0.11018878572729054,0.006007881155772222,0.006007881329422305
2710,random6,0.01,0.04585176656724639,1.00000079985625,-0.001216531267484638,-0.026531829819478565,-0.026534078651936868
2710,random6,0.1,0.4585176656724639,0.9999999068897927,-0.01216624443288443,-0.02653386192883401,-0.026534078651936868
2710,random6,1.0,4.585176656724639,0.9999999882217443,-0.12166341545288886,-0.026534073725263518,-0.026534078651936868
2710,random6,4.0,18.340706626898555,0.9999999943738456,-0.48665364956166846,-0.026534073057356482,-0.026534078651936868
2710,random7,0.01,0.04585176656724639,0.9999970093181858,-0.0014079860006336806,-0.030707344690170713,-0.030704599652046558
2710,random7,0.1,0.4585176656724639,1.0000004057327687,-0.01407853337000657,-0.030704451374537412,-0.030704599652046558
2710,random7,1.0,4.585176656724639,0.9999999890958052,-0.14078621343228964,-0.030704643238949586,-0.030704599652046558
2710,random7,4.0,18.340706626898555,1.000000001730859,-0.5631439940055578,-0.030704596363787234,-0.030704599652046558
2710,a_unit,0.01,0.04585176656724639,0.9999988102769236,0.04585171009417891,0.9999987683556881,0.9999999310179672
2710,a_unit,0.1,0.4585176656724639,0.9999999494821561,0.45851762663957196,0.9999999148715637,0.9999999310179672
2710,a_unit,1.0,4.585176656724639,0.9999999700032167,4.5851763610337635,0.9999999355115632,0.9999999310179672
2710,a_unit,4.0,18.340706626898555,0.9999999595740467,18.340705252867856,0.9999999250830011,0.9999999310179672
2710,oracle,0.01,0.04585176656724639,0.9999994575362875,0.0458517397721374,0.9999994156144681,0.9999999655089831
2710,oracle,0.1,0.4585176656724639,0.9999999860227562,0.45851764339408185,0.999999951412162,0.9999999655089831
2710,oracle,1.0,4.585176656724639,1.0000000033877139,4.585176514107574,0.9999999688960589,0.9999999655089831
2710,oracle,4.0,18.340706626898555,0.9999999982448504,18.340705962117696,0.9999999637538033,0.9999999655089831
2710,md_full,0.01,0.04585176656724639,1.0000086221436084,-0.0004250426845867776,-0.009269930395449611,-0.009268339754155686
2710,md_full,0.1,0.4585176656724639,0.9999973749616533,-0.004249578266551495,-0.0092680796939831,-0.009268339754155686
2710,md_full,1.0,4.585176656724639,1.0000001064863946,-0.042497022851274074,-0.009268350171186483,-0.009268339754155686
2710,md_full,4.0,18.340706626898555,1.0000000156897786,-0.1699879754570715,-0.009268343849291306,-0.009268339754155686
2710,mean_diff_tgt_asis,0.01,0.04585176656724639,0.9999999006895071,-0.000717461915027374,-0.015647421435227397,-0.015645775972922757
2710,mean_diff_tgt_asis,0.1,0.4585176656724639,1.0000001218906378,-0.007173792946948638,-0.01564561953447862,-0.015645775972922757
2710,mean_diff_tgt_asis,1.0,4.585176656724639,0.9999999956118701,-0.07173883995093905,-0.015645818105116314,-0.015645775972922757
2710,mean_diff_tgt_asis,4.0,18.340706626898555,0.99999999140062,-0.2869544849862276,-0.015645770406979793,-0.015645775972922757
2710,probe_grad_tgt_asis,0.01,0.04585176656724639,0.9999971881850014,-0.0006692318604254762,-0.014595552375151739,-0.014593683379067928
2710,probe_grad_tgt_asis,0.1,0.4585176656724639,1.0000004243538694,-0.006691430353590337,-0.014593615152813485,-0.014593683379067928
2710,probe_grad_tgt_asis,1.0,4.585176656724639,1.00000000911164,-0.0669146910710531,-0.01459369967194519,-0.014593683379067928
2710,probe_grad_tgt_asis,4.0,18.340706626898555,1.0000000003711051,-0.267658431811003,-0.014593681544333416,-0.014593683379067928
2483,random0,0.01,0.0645413010921297,1.0000024407645172,-0.0013648705628256463,-0.021147242769050428,-0.02114682663445936
2483,random0,0.1,0.6454130109212971,0.9999999163076752,-0.013648445667702094,-0.021146839987343253,-0.02114682663445936
2483,random0,1.0,6.45413010921297,1.0000000507574267,-0.13648440532131095,-0.021146832030312777,-0.02114682663445936
2483,random0,4.0,25.81652043685188,1.0000000051068574,-0.5459374818604277,-0.02114682662970829,-0.02114682663445936
2483,random1,0.01,0.0645413010921297,1.0000005724692418,0.0011589859257439819,0.017957275514008983,0.017955169529367647
2483,random1,0.1,0.6454130109212971,1.0000000509103553,0.011588361274089552,0.017954954545381267,0.017955169529367647
2483,random1,1.0,6.45413010921297,0.9999999924207191,0.11588518140598353,0.017955197593640518,0.017955169529367647
2483,random1,4.0,25.81652043685188,0.9999999980009099,0.4635400079364526,0.01795516979409707,0.017955169529367647
2483,random2,0.01,0.0645413010921297,0.9999977776699207,5.5550360196459e-05,0.0008606947684113688,0.0008593540355713988
2483,random2,0.1,0.6454130109212971,0.999999951215819,0.000554491355861901,0.0008591263988781236,0.0008593540355713988
2483,random2,1.0,6.45413010921297,0.9999999936044733,0.005546414088854305,0.0008593588903541094,0.0008593540355713988
2483,random2,4.0,25.81652043685188,1.000000003835147,0.02218550121315359,0.0008593528809360698,0.0008593540355713988
2483,random3,0.01,0.0645413010921297,1.0000006428471224,-0.0007035530370177487,-0.01090081893473854,-0.010900222015658755
2483,random3,0.1,0.6454130109212971,1.000000228628565,-0.0070351773150341265,-0.01090027191269624,-0.010900222015658755
2483,random3,1.0,6.45413010921297,1.0000000098334914,-0.07035144852776784,-0.010900221615821538,-0.010900222015658755
2483,random3,4.0,25.81652043685188,0.9999999947760045,-0.2814057986436133,-0.010900221791389038,-0.010900222015658755
2483,random4,0.01,0.0645413010921297,1.0000006584650538,0.0014266118046252687,0.022103858777015463,0.022105427414349968
2483,random4,0.1,0.6454130109212971,1.0000001332470112,0.014267226626065523,0.0221055764055635,0.022105427414349968
2483,random4,1.0,6.45413010921297,1.0000000072214479,0.14267126263162178,0.022105420903734987,0.022105427414349968
2483,random4,4.0,25.81652043685188,0.9999999998208084,0.5706853611114652,0.022105432934208996,0.022105427414349968
2483,random5,0.01,0.0645413010921297,1.0000005446155225,-0.0006131228971549863,-0.009499698437745807,-0.00949973660026068
2483,random5,0.1,0.6454130109212971,0.9999999643648133,-0.006131291325646446,-0.009499795048901033,-0.00949973660026068
2483,random5,1.0,6.45413010921297,1.0000000155013788,-0.061312557033245535,-0.009499739855836608,-0.00949973660026068
2483,random5,4.0,25.81652043685188,0.999999995850988,-0.2452501228084383,-0.009499735776102311,-0.00949973660026068
2483,random6,0.01,0.0645413010921297,0.9999985553947078,-0.00033050596365608,-0.005120844452520381,-0.005120552475890073
2483,random6,0.1,0.6454130109212971,0.9999998713588073,-0.003304969090564435,-0.005120704160963141,-0.005120552475890073
2483,random6,1.0,6.45413010921297,1.0000000249897543,-0.033048777463831426,-0.005120562632701785,-0.005120552475890073
2483,random6,4.0,25.81652043685188,0.9999999971044735,-0.13219490534363634,-0.005120554710964622,-0.005120552475890073
2483,random7,0.01,0.0645413010921297,1.0000000420032593,-0.0007873635471529819,-0.012199375188130421,-0.01219923743789068
2483,random7,0.1,0.6454130109212971,1.000000163322712,-0.007873492908989732,-0.0121991543023756,-0.01219923743789068
2483,random7,1.0,6.45413010921297,1.0000000145229524,-0.07873547504482818,-0.012199238892385661,-0.01219923743789068
2483,random7,4.0,25.81652043685188,0.9999999988581643,-0.31494177460547484,-0.01219923402829725,-0.01219923743789068
2483,a_unit,0.01,0.0645413010921297,0.999998027921206,0.064541174609434,0.9999980402828333,1.0000000284108164
2483,a_unit,0.1,0.6454130109212971,1.0000000731083543,0.6454130672513568,1.0000000872775399,1.0000000284108164
2483,a_unit,1.0,6.45413010921297,1.0000000227024235,6.454130347419481,1.000000036907609,1.0000000284108164
2483,a_unit,4.0,25.81652043685188,1.0000000157096696,25.816521209154615,1.000000029915059,1.0000000284108164
2483,oracle,0.01,0.0645413010921297,0.9999980277660515,0.06454117459942015,0.9999980401276792,1.0000000142054077
2483,oracle,0.1,0.6454130109212971,1.0000000395215138,0.6454130455739702,1.000000053690695,1.0000000142054077
2483,oracle,1.0,6.45413010921297,1.0000000018405213,6.454130212774041,1.0000000160457054,1.0000000142054077
2483,oracle,4.0,25.81652043685188,1.0000000010681949,25.816520831162673,1.000000015273584,1.0000000142054077
2483,md_full,0.01,0.0645413010921297,1.0000036712808507,-0.00023715712234136912,-0.0036745017272403354,-0.0036748399493871198
2483,md_full,0.1,0.6454130109212971,1.0000008275998162,-0.002371751237277184,-0.0036747806399062507,-0.0036748399493871198
2483,md_full,1.0,6.45413010921297,1.0000001066560196,-0.02371781281526577,-0.0036748271903303737,-0.0036748399493871198
2483,md_full,4.0,25.81652043685188,0.9999999824400725,-0.09487154982459439,-0.0036748387551550003,-0.0036748399493871198
2483,mean_diff_tgt_asis,0.01,0.0645413010921297,1.000002049799045,0.0013233261979970668,0.020503556259395518,0.020503312450988482
2483,mean_diff_tgt_asis,0.1,0.6454130109212971,0.9999999527992978,0.013233059223283827,0.02050324210910197,0.020503312450988482
2483,mean_diff_tgt_asis,1.0,6.45413010921297,1.0000000110088771,0.13233106597237176,0.020503315510091023,0.020503312450988482
2483,mean_diff_tgt_asis,4.0,25.81652043685188,1.0000000009405758,0.5293241943746094,0.020503312817440097,0.020503312450988482
2483,probe_grad_tgt_asis,0.01,0.0645413010921297,1.0000007776094988,-0.00211547620315238,-0.03277709261132862,-0.03277822531362749
2483,probe_grad_tgt_asis,0.1,0.6454130109212971,0.9999999416843279,-0.021155403101569416,-0.03277808588235781,-0.03277822531362749
2483,probe_grad_tgt_asis,1.0,6.45413010921297,1.0000000253491834,-0.21155487841241977,-0.03277821717762321,-0.03277822531362749
2483,probe_grad_tgt_asis,4.0,25.81652043685188,0.9999999987451857,-0.8462197386308681,-0.03277822589224413,-0.03277822531362749
4306,random0,0.01,0.006705328316527865,1.0000014396601034,-7.19976238078714e-05,-0.010737374876992304,-0.010718557797383111
4306,random0,0.1,0.06705328316527864,1.0000003027005224,-0.0007189188364925737,-0.010721605304851686,-0.010718557797383111
4306,random0,1.0,0.6705328316527864,1.0000000826787674,-0.007186866086356752,-0.010718141971724117,-0.010718557797383111
4306,random0,4.0,2.6821313266111457,0.9999999418012311,-0.028748567535117085,-0.010718553282564542,-0.010718557797383111
4306,random1,0.01,0.006705328316527865,0.9999775491811376,-2.336281999580407e-05,-0.0034842171617782535,-0.003491032354542208
4306,random1,0.1,0.06705328316527864,0.9999999044200468,-0.0002340573858186795,-0.00349061783062516,-0.003491032354542208
4306,random1,1.0,0.6705328316527864,0.9999998583262225,-0.0023409155957060156,-0.0034911274813135213,-0.003491032354542208
4306,random1,4.0,2.6821313266111457,1.0000000115889711,-0.009363682984827442,-0.0034911351625195736,-0.003491032354542208
4306,random2,0.01,0.006705328316527865,1.00002607269112,0.00016188378263842323,0.024142558722948477,0.024120780694841495
4306,random2,0.1,0.06705328316527864,1.000000299297059,0.0016175110614369496,0.024122771996860623,0.024120780694841495
4306,random2,1.0,0.6705328316527864,0.9999998500261261,0.016173779751490865,0.02412078721279666,0.024120780694841495
4306,random2,4.0,2.6821313266111457,0.9999999491839487,0.0646950055995798,0.024120744930607663,0.024120780694841495
4306,random3,0.01,0.006705328316527865,0.9999967123707179,-5.151975051132971e-05,-0.0076834046118725375,-0.007680004537325716
4306,random3,0.1,0.06705328316527864,1.000001117764485,-0.0005150413174007158,-0.007681075304414224,-0.007680004537325716
4306,random3,1.0,0.6705328316527864,0.9999997390547384,-0.00514973785417578,-0.007680068165316033,-0.007680004537325716
4306,random3,4.0,2.6821313266111457,0.9999999725201847,-0.0205989039552811,-0.007680050469902855,-0.007680004537325716
4306,random4,0.01,0.006705328316527865,1.000007362481991,0.00015986959659468057,0.023842172828528078,0.023816658516457635
4306,random4,0.1,0.06705328316527864,1.0000017163306782,0.001596930435189046,0.02381584256288832,0.023816658516457635
4306,random4,1.0,0.6705328316527864,1.0000000456119453,0.015969799095830604,0.02381658039989911,0.023816658516457635
4306,random4,4.0,2.6821313266111457,1.0000000259846786,0.06387931357221142,0.023816624092349158,0.023816658516457635
4306,random5,0.01,0.006705328316527865,1.0000133604056758,6.38017637059303e-05,0.00951508422766806,0.00951199046459722
4306,random5,0.1,0.06705328316527864,1.000002130628262,0.0006380447446334618,0.00951548849682356,0.00951199046459722
4306,random5,1.0,0.6705328316527864,1.000000014782308,0.006378009766231394,0.009511853059469635,0.00951199046459722
4306,random5,4.0,2.6821313266111457,1.0000000317682602,0.025512719943450644,0.009512106916735426,0.00951199046459722
4306,random6,0.01,0.006705328316527865,0.9999944036795572,9.92052631102037e-05,0.014794989660040078,0.014825317211955926
4306,random6,0.1,0.06705328316527864,1.0000004121697046,0.0009939550993447249,0.014823362144620714,0.014825317211955926
4306,random6,1.0,0.6705328316527864,1.0000002274377744,0.009940839566310939,0.014825283859416564,0.014825317211955926
4306,random6,4.0,2.6821313266111457,0.999999992529006,0.03976372162665526,0.014825419334293538,0.014825317211955926
4306,random7,0.01,0.006705328316527865,0.9999962077920679,5.155310029769894e-05,0.007688378236547562,0.007723581263800596
4306,random7,0.1,0.06705328316527864,0.9999997187184709,0.0005179122991877853,0.007723891728182659,0.007723581263800596
4306,random7,1.0,0.6705328316527864,0.9999997729454839,0.005179153186148706,0.007723936758447291,0.007723581263800596
4306,random7,4.0,2.6821313266111457,1.0000000237763293,0.0207156821981178,0.007723589815526267,0.007723581263800596
4306,a_unit,0.01,0.006705328316527865,0.9999786506753449,0.006705184351309055,0.9999785297285959,1.000000101972619
4306,a_unit,0.1,0.06705328316527864,1.0000026274271412,0.06705346259738,1.000002675962949,1.000000101972619
4306,a_unit,1.0,0.6705328316527864,0.9999998890133863,0.6705327914072892,0.999999939979826,1.000000101972619
4306,a_unit,4.0,2.6821313266111457,1.0000000899326054,2.6821317045718507,1.0000001409180457,1.000000101972619
4306,oracle,0.01,0.006705328316527865,0.9999786506753449,0.006705184351309055,0.9999785297285959,1.0000000509863076
4306,oracle,0.1,0.06705328316527864,1.0000025878446328,0.06705345994323593,1.0000026363803374,1.0000000509863076
4306,oracle,1.0,0.6705328316527864,0.9999998313231082,0.6705327527240678,0.999999882289554,1.0000000509863076
4306,oracle,4.0,2.6821313266111457,1.0000000270432008,2.6821315358941913,1.0000000780286347,1.0000000509863076
4306,md_full,0.01,0.006705328316527865,1.000053239165373,9.484693641732722e-06,0.0014145010048731007,0.0014174356763599198
4306,md_full,0.1,0.06705328316527864,1.000011661520402,9.524952948121218e-05,0.0014205050817039492,0.0014174356763599198
4306,md_full,1.0,0.6705328316527864,0.9999992812307975,0.0009503182855264843,0.0014172583961087467,0.0014174356763599198
4306,md_full,4.0,2.6821313266111457,0.999999734603283,0.003801814586883733,0.001417460267200003,0.0014174356763599198
4306,mean_diff_tgt_asis,0.01,0.006705328316527865,1.0000108188535062,-2.8933415903228106e-05,-0.004314988698153758,-0.004294549854704838
4306,mean_diff_tgt_asis,0.1,0.06705328316527864,0.9999988579346862,-0.0002880482016272872,-0.004295810555872133,-0.004294549854704838
4306,mean_diff_tgt_asis,1.0,0.6705328316527864,1.000000303780525,-0.0028795237285386822,-0.004294381412228521,-0.004294549854704838
4306,mean_diff_tgt_asis,4.0,2.6821313266111457,0.9999999745617929,-0.01151853408401019,-0.00429454515136057,-0.004294549854704838
4306,probe_grad_tgt_asis,0.01,0.006705328316527865,0.9999973751797848,-0.00015418746275377765,-0.02299476706811257,-0.022975055753392634
4306,probe_grad_tgt_asis,0.1,0.06705328316527864,1.0000006641525165,-0.001540350310899319,-0.0229720341523402,-0.022975055753392634
4306,probe_grad_tgt_asis,1.0,0.6705328316527864,0.9999999567773721,-0.015405242961990738,-0.02297462888434349,-0.022975055753392634
4306,probe_grad_tgt_asis,4.0,2.6821313266111457,1.000000040907643,-0.061621947572603,-0.022974992671392382,-0.022975055753392634
638,random0,0.01,0.015828143389919735,0.9999953650018178,0.0001420570995570885,0.008974969208805536,0.008974649274149265
638,random0,0.1,0.15828143389919735,1.0000002718670253,0.0014205051510368723,0.008974553212232908,0.008974649274149265
638,random0,1.0,1.5828143389919735,1.000000082214082,0.014205175608333799,0.008974631615594577,0.008974649274149265
638,random0,4.0,6.331257355967894,0.9999999941338568,0.05682067245468639,0.00897462688057164,0.008974649274149265
638,random1,0.01,0.015828143389919735,1.0000022864934734,-0.000745313257777722,-0.0470878510143129,-0.04709347571501585
638,random1,0.1,0.15828143389919735,1.0000001611974263,-0.007453964151914185,-0.04709310478360522,-0.04709347571501585
638,random1,1.0,1.5828143389919735,1.000000038029809,-0.07454003604447286,-0.047093354039200966,-0.04709347571501585
638,random1,4.0,6.331257355967894,0.9999999859245255,-0.29816101601064116,-0.047093491742140635,-0.04709347571501585
638,random2,0.01,0.015828143389919735,1.0000042743723156,0.00018767847431498176,0.011857263969096093,0.011862979596799213
638,random2,0.1,0.15828143389919735,1.0000005782590442,0.0018778402685432826,0.01186393263115874,0.011862979596799213
638,random2,1.0,1.5828143389919735,0.9999999916104823,0.018776972363735822,0.011863028973880833,0.011862979596799213
638,random2,4.0,6.331257355967894,0.9999999932238312,0.0751075976315693,0.011862982881397527,0.011862979596799213
638,random3,0.01,0.015828143389919735,0.9999986058059889,-0.00039762116480285763,-0.025121150030526354,-0.025125540474680713
638,random3,0.1,0.15828143389919735,1.0000004073141981,-0.003977004225932848,-0.025126157427065206,-0.025125540474680713
638,random3,1.0,1.5828143389919735,0.9999999999157828,-0.03976913456938782,-0.025125583961233933,-0.025125540474680713
638,random3,4.0,6.331257355967894,1.0000000038788948,-0.15907625833498504,-0.02512553974528274,-0.025125540474680713
638,random4,0.01,0.015828143389919735,1.000011124316633,0.000362584293409305,0.022907569414630104,0.022909168933164394
638,random4,0.1,0.15828143389919735,1.0000004652700574,0.0036261151599558906,0.02290928929962315,0.022909168933164394
638,random4,1.0,1.5828143389919735,1.000000037844911,0.036261030659793074,0.022909212891567665,0.022909168933164394
638,random4,4.0,6.331257355967894,1.0000000040933026,0.14504373875491738,0.02290915225838956,0.022909168933164394
638,random5,0.01,0.015828143389919735,1.000003570189639,-0.0003003962574954093,-0.01897861613300261,-0.0189913720895867
638,random5,0.1,0.15828143389919735,0.9999987787288677,-0.003005939024420145,-0.018991103064775736,-0.0189913720895867
638,random5,1.0,1.5828143389919735,1.0000000304626626,-0.030059753186432135,-0.018991332366609655,-0.0189913720895867
638,random5,4.0,6.331257355967894,0.9999999979218355,-0.12023924220417007,-0.018991368608769564,-0.0189913720895867
638,random6,0.01,0.015828143389919735,1.0000038778329055,-4.0569406518811896e-05,-0.0025631184605421765,-0.0025648202817194618
638,random6,0.1,0.15828143389919735,0.9999999888486285,-0.00040606963516187015,-0.0025654912591989688,-0.0025648202817194618
638,random6,1.0,1.5828143389919735,1.0000000000481453,-0.004059782377308649,-0.002564913822990857,-0.0025648202817194618
638,random6,4.0,6.331257355967894,1.0000000006085699,-0.01623850672881741,-0.0025648154569977892,-0.0025648202817194618
638,random7,0.01,0.015828143389919735,1.0000042064958268,-0.0002845660297940023,-0.01797848444911298,-0.01798834836209392
638,random7,0.1,0.15828143389919735,1.0000003568191274,-0.0028472539192656715,-0.01798855272614579,-0.01798834836209392
638,random7,1.0,1.5828143389919735,0.9999998822830842,-0.02847238850886545,-0.01798845752623033,-0.01798834836209392
638,random7,4.0,6.331257355967894,1.0000000169213052,-0.11388900764471742,-0.017988371225719443,-0.01798834836209392
638,a_unit,0.01,0.015828143389919735,0.999998496037155,0.015828119640104346,0.9999984995198234,1.0000000620967744
638,a_unit,0.1,0.15828143389919735,0.9999995201147518,0.15828136280389216,0.9999995508297881,1.0000000620967744
638,a_unit,1.0,1.5828143389919735,0.9999999929532475,1.5828143769744032,1.0000000239967688,1.0000000620967744
638,a_unit,4.0,6.331257355967894,1.0000000443724744,6.331257833475121,1.0000000754205998,1.0000000620967744
638,oracle,0.01,0.015828143389919735,0.9999984434449763,0.01582811880766903,0.9999984469277224,1.0000000310483868
638,oracle,0.1,0.15828143389919735,0.9999994858291574,0.15828135737712157,0.9999995165442093,1.0000000310483868
638,oracle,1.0,1.5828143389919735,0.9999999531360234,1.5828143139511301,0.9999999841795447,1.0000000310483868
638,oracle,4.0,6.331257355967894,1.00000001579852,6.331257652566052,1.0000000468466437,1.0000000310483868
638,md_full,0.01,0.015828143389919735,1.0000065549158321,0.00018881536720951345,0.011929091274834032,0.011925587015581201
638,md_full,0.1,0.15828143389919735,0.9999967629129264,0.0018876098818540756,0.011925655684015431,0.011925587015581201
638,md_full,1.0,1.5828143389919735,0.9999995045122007,0.018875891958822243,0.011925524992933464,0.011925587015581201
638,md_full,4.0,6.331257355967894,1.0000000286883577,0.0755039774861394,0.011925589695855398,0.011925587015581201
638,mean_diff_tgt_asis,0.01,0.015828143389919735,0.9999908573919014,-0.00043668558498087393,-0.02758918555533053,-0.027585418206694568
638,mean_diff_tgt_asis,0.1,0.15828143389919735,1.0000006731631395,-0.00436624578187753,-0.027585331231319298,-0.027585418206694568
638,mean_diff_tgt_asis,1.0,1.5828143389919735,0.9999999367389726,-0.04366276605823726,-0.027585525972707702,-0.027585418206694568
638,mean_diff_tgt_asis,4.0,6.331257355967894,0.9999999861160008,-0.17465042735097133,-0.027585425379422372,-0.027585418206694568
638,probe_grad_tgt_asis,0.01,0.015828143389919735,1.000004853000349,0.00025352537559531293,0.016017379256039112,0.01601817571695672
638,probe_grad_tgt_asis,0.1,0.15828143389919735,0.9999995010220584,0.002535535661398482,0.016019160295282997,0.01601817571695672
638,probe_grad_tgt_asis,1.0,1.5828143389919735,1.0000000979769017,0.025353796295365372,0.016018174507764514,0.01601817571695672
638,probe_grad_tgt_asis,4.0,6.331257355967894,0.9999999922199324,0.1014151596627848,0.016018170477178607,0.01601817571695672
3671,random0,0.01,0.0244376122332941,0.9999996586185053,-8.256737292623316e-05,-0.003378700510426398,-0.003376647990785771
3671,random0,0.1,0.244376122332941,0.9999997386282508,-0.0008252259983242841,-0.0033768683717797362,-0.003376647990785771
3671,random0,1.0,2.44376122332941,0.9999999978342148,-0.008251727206295714,-0.0033766503566389603,-0.003376647990785771
3671,random0,4.0,9.77504489331764,0.9999999934885807,-0.03300684938345297,-0.0033766442756715032,-0.003376647990785771
3671,random1,0.01,0.0244376122332941,1.0000006779507478,-0.0004190983200501772,-0.017149724615042074,-0.017149752428018795
3671,random1,0.1,0.244376122332941,0.9999995816203787,-0.004190957318908284,-0.017149618706194514,-0.017149752428018795
3671,random1,1.0,2.44376122332941,0.9999999807021848,-0.04190999151626567,-0.01714978988788724,-0.017149752428018795
3671,random1,4.0,9.77504489331764,1.0000000018860271,-0.16763963692194095,-0.017149756216111273,-0.017149752428018795
3671,random2,0.01,0.0244376122332941,0.9999990602670855,0.000998086514168525,0.040842227327296726,0.04084520764284413
3671,random2,0.1,0.244376122332941,0.9999999104625747,0.00998159496130974,0.040845213787747615,0.04084520764284413
3671,random2,1.0,2.44376122332941,0.9999999539486366,0.09981588696792684,0.04084518815301295,0.04084520764284413
3671,random2,4.0,9.77504489331764,1.0000000008623715,0.3992636618104813,0.040845199809099966,0.04084520764284413
3671,random3,0.01,0.0244376122332941,1.0000005650865678,0.0004206027162173566,0.01721128530079229,0.017213216448148487
3671,random3,0.1,0.244376122332941,1.0000002233238559,0.004206542853647917,0.01721339553754303,0.017213216448148487
3671,random3,1.0,2.44376122332941,1.0000000081115552,0.04206500482482534,0.017213222152496335,0.017213216448148487
3671,random3,4.0,9.77504489331764,0.9999999971732934,0.16825989503643404,0.017213209440240924,0.017213216448148487
3671,random4,0.01,0.0244376122332941,1.0000025653527105,-0.0002634450434095719,-0.010780310322243806,-0.010781475358656315
3671,random4,0.1,0.244376122332941,1.000000076510554,-0.002634799533194375,-0.010781738854194159,-0.010781475358656315
3671,random4,1.0,2.44376122332941,1.0000000214290958,-0.026347298903310706,-0.010781453871919134,-0.010781475358656315
3671,random4,4.0,9.77504489331764,0.9999999921672847,-0.10538936523704885,-0.01078147122465847,-0.010781475358656315
3671,random5,0.01,0.0244376122332941,1.0000001523832025,-0.0004887267491320952,-0.01999895670929126,-0.02000109560845157
3671,random5,0.1,0.244376122332941,0.9999996924859171,-0.004887816271539929,-0.020001202346932687,-0.02000109560845157
3671,random5,1.0,2.44376122332941,0.9999999765789304,-0.04887787000447362,-0.020001082568075867,-0.02000109560845157
3671,random5,4.0,9.77504489331764,1.0000000054324796,-0.19551158494064258,-0.020001093301811542,-0.02000109560845157
3671,random6,0.01,0.0244376122332941,0.999999547811105,-0.00027479033214044076,-0.011244565529444937,-0.011243584026539386
3671,random6,0.1,0.244376122332941,1.0000001160641308,-0.0027476349568623564,-0.011243467367564434,-0.011243584026539386
3671,random6,1.0,2.44376122332941,1.0000000289428426,-0.027476634573764244,-0.011243583993173337,-0.011243584026539386
3671,random6,4.0,9.77504489331764,0.9999999963224147,-0.10990655378946687,-0.011243585578271927,-0.011243584026539386
3671,random7,0.01,0.0244376122332941,1.0000015002075673,-0.0001772374622947431,-0.007252650570061531,-0.007252633144909561
3671,random7,0.1,0.244376122332941,0.9999999171748345,-0.0017723461300045698,-0.007252533975434408,-0.007252633144909561
3671,random7,1.0,2.44376122332941,1.0000000059496763,-0.017723807761030594,-0.007252675749099359,-0.007252633144909561
3671,random7,4.0,9.77504489331764,1.0000000007644931,-0.07089482172394483,-0.0072526338751047114,-0.007252633144909561
3671,a_unit,0.01,0.0244376122332941,0.9999967357988928,0.02443752839448196,0.9999965692715255,0.999999680516487
3671,a_unit,0.1,0.244376122332941,0.9999998788406185,0.2443760536742089,0.9999997190448418,0.999999680516487
3671,a_unit,1.0,2.44376122332941,0.9999998304915321,2.4437604187192696,0.9999996707492809,0.999999680516487
3671,a_unit,4.0,9.77504489331764,0.9999998401840986,9.775041769627013,0.9999996804423242,0.999999680516487
3671,oracle,0.01,0.0244376122332941,0.9999967546176165,0.024437528854365113,0.9999965880901869,0.9999998402582307
3671,oracle,0.1,0.244376122332941,1.0000000208299755,0.2443760883730125,0.9999998610341788,0.9999998402582307
3671,oracle,1.0,2.44376122332941,0.9999999954576947,2.443760821857113,0.9999998357154157,0.9999998402582307
3671,oracle,4.0,9.77504489331764,0.9999999992109283,9.775043324121164,0.9999998394691285,0.9999998402582307
3671,md_full,0.01,0.0244376122332941,1.0000111685308413,0.0001396896430063025,0.005716173972839606,0.00571670904493089
3671,md_full,0.1,0.244376122332941,1.0000011506787796,0.0013970778780398494,0.005716916467544458,0.00571670904493089
3671,md_full,1.0,2.44376122332941,1.0000000420291584,0.01397026580607923,0.005716706555743597,0.00571670904493089
3671,md_full,4.0,9.77504489331764,1.0000000338519006,0.05588111033958659,0.0057167113756978975,0.00571670904493089
3671,mean_diff_tgt_asis,0.01,0.0244376122332941,1.0000019144209529,-0.00011031331889126364,-0.004514079274118747,-0.0045136278478136
3671,mean_diff_tgt_asis,0.1,0.244376122332941,0.9999998000898433,-0.001103037405300432,-0.004513687322518525,-0.0045136278478136
3671,mean_diff_tgt_asis,1.0,2.44376122332941,1.0000000256260104,-0.011030229581619899,-0.004513628204064954,-0.0045136278478136
3671,mean_diff_tgt_asis,4.0,9.77504489331764,0.9999999945330461,-0.044121011782686466,-0.00451363776475832,-0.0045136278478136
3671,probe_grad_tgt_asis,0.01,0.0244376122332941,1.000000093875822,4.057717091557298e-05,0.0016604392658416173,0.001661953619094705
3671,probe_grad_tgt_asis,0.1,0.244376122332941,0.9999999996036086,0.0004061513503316799,0.0016619927775854235,0.001661953619094705
3671,probe_grad_tgt_asis,1.0,2.44376122332941,1.000000018412395,0.00406145112453668,0.001661967251859128,0.001661953619094705
3671,probe_grad_tgt_asis,4.0,9.77504489331764,0.9999999991461592,0.016245660067236017,0.0016619524763862499,0.001661953619094705
398,random0,0.01,0.08915751362363063,1.0000000805529556,3.6757709324136863e-06,4.122783131807129e-05,4.161840355398905e-05
398,random0,0.1,0.8915751362363062,1.000000116694656,3.7125485497370436e-05,4.164033292145393e-05,4.161840355398905e-05
398,random0,1.0,8.915751362363062,1.0000000228427413,0.0003711221672382803,4.162545052623773e-05,4.161840355398905e-05
398,random0,4.0,35.66300544945225,0.9999999993775011,0.0014843796139387133,4.1622392595111804e-05,4.161840355398905e-05
398,random1,0.01,0.08915751362363063,1.000000523734835,-0.00041850334746971855,-0.004693977326873289,-0.004693662886479561
398,random1,0.1,0.8915751362363062,1.0000000666747035,-0.004184689088139732,-0.004693591059307656,-0.004693662886479561
398,random1,1.0,8.915751362363062,1.0000000058174332,-0.041847530210411155,-0.0046936627671186806,-0.004693662886479561
398,random1,4.0,35.66300544945225,0.9999999951183104,-0.16739011050811547,-0.004693662477363821,-0.004693662886479561
398,random2,0.01,0.08915751362363063,1.000000537752804,0.0006358156589492184,0.007131374946516,0.007132201803050527
398,random2,0.1,0.8915751362363062,1.0000000800416902,0.0063587742953954,0.007132067771919166,0.007132201803050527
398,random2,1.0,8.915751362363062,1.0000000090716934,0.06358886536792463,0.007132193663044324,0.007132201803050527
398,random2,4.0,35.66300544945225,0.9999999971695415,0.2543558709887369,0.007132205146009184,0.007132201803050527
398,random3,0.01,0.08915751362363063,1.0000005406699584,-0.0002036461585896561,-0.00228411661914808,-0.0022832129280436347
398,random3,0.1,0.8915751362363062,0.9999999989679876,-0.002035684178029011,-0.002283244670350998,-0.0022832129280436347
398,random3,1.0,8.915751362363062,0.9999999954521875,-0.020356467099112846,-0.002283202645718184,-0.0022832129280436347
398,random3,4.0,35.66300544945225,1.000000004072096,-0.0814263216777894,-0.002283215355845452,-0.0022832129280436347
398,random4,0.01,0.08915751362363063,1.000000059390939,-2.3413190321230903e-05,-0.0002626047920096483,-0.0002622447583819649
398,random4,0.1,0.8915751362363062,0.9999999775776155,-0.00023367376934629955,-0.0002620909442727728,-0.0002622447583819649
398,random4,1.0,8.915751362363062,1.0000000136648552,-0.002338033584917888,-0.0002622362928140481,-0.0002622447583819649
398,random4,4.0,35.66300544945225,0.9999999983667727,-0.009352357050367743,-0.00026224253768021636,-0.0002622447583819649
398,random5,0.01,0.08915751362363063,0.9999987942909309,-0.000294882042321318,-0.0033074278357080765,-0.0033083081750056725
398,random5,0.1,0.8915751362363062,1.0000000904906303,-0.0029495816774133517,-0.0033082816663828367,-0.0033083081750056725
398,random5,1.0,8.915751362363062,0.9999999936518479,-0.02949597783832078,-0.003308299731510577,-0.0033083081750056725
398,random5,4.0,35.66300544945225,1.0000000035653722,-0.11798410370121167,-0.0033083051249967995,-0.0033083081750056725
398,random6,0.01,0.08915751362363063,1.0000012201154072,0.00033707556085790357,0.003780674753681824,0.0037790532154118716
398,random6,0.1,0.8915751362363062,1.000000120753532,0.003369360084453572,0.003779109519223453,0.0037790532154118716
398,random6,1.0,8.915751362363062,0.9999999952946685,0.03369296601017588,0.0037790383155375225,0.0037790532154118716
398,random6,4.0,35.66300544945225,0.9999999994568674,0.13477238472174385,0.003779052915570071,0.0037790532154118716
398,random7,0.01,0.08915751362363063,1.0000008848595707,0.0016789687471828107,0.018831489113417928,0.01883152805205615
398,random7,0.1,0.8915751362363062,0.9999998795368086,0.016789671605269514,0.018831471317319822,0.01883152805205615
398,random7,1.0,8.915751362363062,0.9999999974921957,0.16789715312226117,0.01883152033949959,0.01883152805205615
398,random7,4.0,35.66300544945225,1.0000000016256496,0.6715888598315316,0.01883152727504761,0.01883152805205615
398,a_unit,0.01,0.08915751362363063,1.0000002371731287,0.08915753827397163,1.0000002764808036,1.0000000815075887
398,a_unit,0.1,0.8915751362363062,1.0000001381861015,0.8915752957657407,1.0000001789298827,1.0000000815075887
398,a_unit,1.0,8.915751362363062,1.000000046722845,8.915752142282109,1.0000000874765362,1.0000000815075887
398,a_unit,4.0,35.66300544945225,1.0000000378061553,35.6630082511359,1.0000000785599423,1.0000000815075887
398,oracle,0.01,0.08915751362363063,1.0000001564504342,0.08915753107693543,1.0000001957580926,1.0000000407537928
398,oracle,0.1,0.8915751362363062,1.00000009919108,0.8915752609987435,1.0000001399348548,1.0000000407537928
398,oracle,1.0,8.915751362363062,1.000000005691246,8.91575177645456,1.0000000464449355,1.0000000407537928
398,oracle,4.0,35.66300544945225,0.9999999998704726,35.663006898235395,1.0000000406242584,1.0000000407537928
398,md_full,0.01,0.08915751362363063,0.99999786120684,-0.002833765405291974,-0.03178380923961637,-0.03178497979217314
398,md_full,0.1,0.8915751362363062,1.0000006590440809,-0.02833866578181736,-0.03178494400533213,-0.03178497979217314
398,md_full,1.0,8.915751362363062,1.0000000070498247,-0.28338704883795945,-0.031784987862520375,-0.03178497979217314
398,md_full,4.0,35.66300544945225,0.9999999907696878,-1.1335478862087838,-0.03178497919406829,-0.03178497979217314
398,mean_diff_tgt_asis,0.01,0.08915751362363063,1.0000028067341822,0.0002033416715912801,0.002280701461120442,0.002278808891153358
398,mean_diff_tgt_asis,0.1,0.8915751362363062,0.9999997995983891,0.002031727100256576,0.0022788063705245364,0.002278808891153358
398,mean_diff_tgt_asis,1.0,8.915751362363062,0.9999999702020245,0.02031730785713047,0.0022788105041710695,0.002278808891153358
398,mean_diff_tgt_asis,4.0,35.66300544945225,1.0000000033138583,0.08126912364771086,0.00227880748196894,0.002278808891153358
398,probe_grad_tgt_asis,0.01,0.08915751362363063,0.9999985919261117,-0.001014178451878974,-0.011375131614372123,-0.01137544016226616
398,probe_grad_tgt_asis,0.1,0.8915751362363062,0.9999999601444512,-0.010142077786800725,-0.011375460546841262,-0.01137544016226616
398,probe_grad_tgt_asis,1.0,8.915751362363062,0.999999995560944,-0.1014205746841215,-0.011375437757524075,-0.01137544016226616
398,probe_grad_tgt_asis,4.0,35.66300544945225,0.9999999973283779,-0.40568246354857757,-0.011375442378898228,-0.01137544016226616
4106,random0,0.01,0.009484070370718837,0.9999915080374302,0.0002870233385934277,0.03026372932444543,0.03025988093558365
4106,random0,0.1,0.09484070370718838,0.9999991779045369,0.002869825782814482,0.03025943155878298,0.03025988093558365
4106,random0,1.0,0.9484070370718837,1.000000072736621,0.028698800462345856,0.0302600037120672,0.03025988093558365
4106,random0,4.0,3.7936281482875347,0.9999999603199679,0.11479477541159042,0.030259891303107668,0.03025988093558365
4106,random1,0.01,0.009484070370718837,0.999998056101991,-0.0001976449396869123,-0.020839674523833375,-0.020830493179787784
4106,random1,0.1,0.09484070370718838,0.9999999266270838,-0.001975587280889123,-0.0208305843763935,-0.020830493179787784
4106,random1,1.0,0.9484070370718837,0.9999999620776173,-0.01975577205956248,-0.020830478146341622,-0.020830493179787784
4106,random1,4.0,3.7936281482875347,1.000000013318675,-0.07902318232521727,-0.02083050294765679,-0.020830493179787784
4106,random2,0.01,0.009484070370718837,1.0000053987428439,-0.00035971075604043724,-0.03792788770853176,-0.03792964688586128
4106,random2,0.1,0.09484070370718838,0.9999990602297708,-0.003597178904682979,-0.03792863996231961,-0.03792964688586128
4106,random2,1.0,0.9484070370718837,0.999999976279299,-0.035972742744753636,-0.03792964554102851,-0.03792964688586128
4106,random2,4.0,3.7936281482875347,0.9999999854908088,-0.14389092850337812,-0.037929634344455,-0.03792964688586128
4106,random3,0.01,0.009484070370718837,1.0000020162247434,0.00035202132121437617,0.03711711400847557,0.03711250835868509
4106,random3,0.1,0.09484070370718838,1.0000007913577513,0.0035196573691113307,0.037111253201768064,0.03711250835868509
4106,random3,1.0,0.9484070370718837,0.9999999442110556,0.035197820992961856,0.03711256835633756,0.03711250835868509
4106,random3,4.0,3.7936281482875347,1.0000000136560132,0.14079103826983075,0.03711250358931057,0.03711250835868509
4106,random4,0.01,0.009484070370718837,0.9999958277846802,-9.675570332196102e-05,-0.01020191748267548,-0.010205104312697756
4106,random4,0.1,0.09484070370718838,1.0000003367038557,-0.0009679216405988186,-0.010205761901421402,-0.010205104312697756
4106,random4,1.0,0.9484070370718837,1.000000175107325,-0.009678648099405048,-0.01020516267918778,-0.010205104312697756
4106,random4,4.0,3.7936281482875347,0.9999999914698574,-0.03871422461822964,-0.010205065732577259,-0.010205104312697756
4106,random5,0.01,0.009484070370718837,0.9999970239211916,0.0005245595053375506,0.05530953323133052,0.05530920088153901
4106,random5,0.1,0.09484070370718838,1.000001110704324,0.005245568954679745,0.05530925804678694,0.05530920088153901
4106,random5,1.0,0.9484070370718837,1.0000000011982342,0.05245566411037361,0.055309231226631846,0.05530920088153901
4106,random5,4.0,3.7936281482875347,0.9999999791727042,0.20982249975271072,0.055309189923484145,0.05530920088153901
4106,random6,0.01,0.009484070370718837,0.9999858266801486,-0.00024268003200141365,-0.025588172853574044,-0.02559131363027047
4106,random6,0.1,0.09484070370718838,1.0000013076684606,-0.0024270827139824718,-0.025591150414445027,-0.02559131363027047
4106,random6,1.0,0.9484070370718837,1.0000000528971913,-0.024271025902716677,-0.025591359989958696,-0.02559131363027047
4106,random6,4.0,3.7936281482875347,1.0000000006904142,-0.09708392072082064,-0.02559131178016087,-0.02559131363027047
4106,random7,0.01,0.009484070370718837,0.9999960294289436,-2.048377046772189e-05,-0.002159807937630195,-0.0021578320604741536
4106,random7,0.1,0.09484070370718838,0.9999995590662554,-0.00020463398720574962,-0.002157659941427022,-0.0021578320604741536
4106,random7,1.0,0.9484070370718837,0.9999999752310503,-0.0020465191036300656,-0.0021578489231253474,-0.0021578320604741536
4106,random7,4.0,3.7936281482875347,0.9999999909692409,-0.008185986326275315,-0.0021578251758730006,-0.0021578320604741536
4106,a_unit,0.01,0.009484070370718837,1.0000025552252931,0.009484094067672028,1.0000024986057954,0.9999999815567923
4106,a_unit,0.1,0.09484070370718838,1.000000195175076,0.09484072128038742,1.0000001852917404,0.9999999815567923
4106,a_unit,1.0,0.9484070370718837,0.999999990783456,0.9484070195775128,0.9999999815539424,0.9999999815567923
4106,a_unit,4.0,3.7936281482875347,1.000000008280911,3.793628144717494,0.9999999990589377,0.9999999815567923
4106,oracle,0.01,0.009484070370718837,1.0000025552252931,0.009484094067672028,1.0000024986057954,0.9999999907783963
4106,oracle,0.1,0.09484070370718838,1.0000001976116473,0.09484072151147357,1.0000001877283118,0.9999999907783963
4106,oracle,1.0,0.9484070370718837,1.0000000095437473,0.9484070373699038,1.0000000003142324,0.9999999907783963
4106,oracle,4.0,3.7936281482875347,1.0000000199478716,3.7936281889776002,1.0000000107258973,0.9999999907783963
4106,md_full,0.01,0.009484070370718837,0.999983388882389,0.00016200190005555954,0.01708147385280111,0.017086888285201773
4106,md_full,0.1,0.09484070370718838,0.9999986541245862,0.0016205226123925383,0.017086783933992596,0.017086888285201773
4106,md_full,1.0,0.9484070370718837,0.9999994310381339,0.016205293277385843,0.017086854740574406,0.017086888285201773
4106,md_full,4.0,3.7936281482875347,0.9999999822672048,0.06482131298766242,0.01708689161243258,0.017086888285201773
4106,mean_diff_tgt_asis,0.01,0.009484070370718837,0.9999988901361931,-1.9373934200334677e-05,-0.0020427868460518653,-0.0020362561611899296
4106,mean_diff_tgt_asis,0.1,0.09484070370718838,1.0000000426229172,-0.00019319929967288006,-0.0020370926418825873,-0.0020362561611899296
4106,mean_diff_tgt_asis,1.0,0.9484070370718837,0.9999999413621921,-0.0019311588125300039,-0.0020362130783975123,-0.0020362561611899296
4106,mean_diff_tgt_asis,4.0,3.7936281482875347,0.9999999864280752,-0.007724704996989226,-0.002036231463665252,-0.0020362561611899296
4106,probe_grad_tgt_asis,0.01,0.009484070370718837,0.999994072178474,-8.907999165668783e-05,-0.00939259075214307,-0.009384204152445536
4106,probe_grad_tgt_asis,0.1,0.09484070370718838,0.9999993045728862,-0.000890001255808974,-0.009384169676310795,-0.009384204152445536
4106,probe_grad_tgt_asis,1.0,0.9484070370718837,1.0000000029204832,-0.008900151954241674,-0.00938431665555756,-0.009384204152445536
4106,probe_grad_tgt_asis,4.0,3.7936281482875347,0.9999999928045736,-0.03560017714378676,-0.009384203130150455,-0.009384204152445536
