idx,stem,statement,j_top,tok_top,j_tgt,tok_tgt,margin,margin_capped,m_post,m_pre,delta_face,delta_cone,cone_solved,cone_faces,delta_cone_pre,cone_solved_pre,cone_faces_pre,rmsnorm_penalty,z_norm,h_norm,delta_rel_z,alpha_md_full,radial_md_full,eps_req_md_full,alpha_mean_diff_tgt_asis,radial_mean_diff_tgt_asis,eps_req_mean_diff_tgt_asis,alpha_probe_grad_tgt_asis,radial_probe_grad_tgt_asis,eps_req_probe_grad_tgt_asis
2036,Not everyone lives in a,Not everyone lives in a house.,3413, city,3036, house,1.2866123657100417,0.2576704865849111,2.1371653079986572,0.676471245161995,0.6020181784229346,0.6026202250403132,True,1,1.903848845932369,True,1,3.159284681832589,179.26338710204766,514.565182039655,0.003361646986494041,0.015285786553840828,0.06581114128893471,39.42356665243988,0.002705471465775408,0.026486130070146024,222.74129764942757,0.007152088743530352,0.006092461945098552,84.25793452093731
1171,Mice can fit through a hole the size of a,Mice can fit through a hole the size of a pencil.,9453, quarter,77667, dime,0.9687160212349717,0.6570115537699417,2.2993075847625732,0.3430991176236171,0.4213077135284627,0.42172886846137203,True,1,2.826251619264249,True,1,6.7015844316645765,133.824148198564,1072.7573083186385,0.003151365983930077,0.012962951483805694,0.06086412400828815,32.53339866219725,0.01437577051227042,0.045616834332566206,29.336087975347542,0.002508052230358065,0.004964507667451427,168.1499545171607
2093,A fact about pregnancy is tha pregnant women often have insane mood,A fact about pregnancy is tha pregnant women often have insane mood swings.,70739, swings,4559, changes,9.52747468586367,3.455360464229358,2.221733331680298,0.34327508282757047,4.28830703937724,4.292595301686285,True,1,27.7823907745422,True,1,6.472166328754142,145.2009373040749,1045.4857129865245,0.029563137686204305,0.006921797673866143,0.10894464912686741,620.1561363016081,0.020103079993700763,0.032241615063009536,213.5292354719454,0.014078125989693038,0.008490097197943195,304.9124084291479
4155,Toothpaste is not very good for cleaning,Toothpaste is not very good for cleaning teeth.,861, your,573, the,4.878465732108225,0.7892536959658847,2.046058416366577,0.5268555790862239,2.3843237774078228,2.3867078941460105,True,1,9.26884759183787,True,1,3.8835282753168094,189.4275546790237,621.9003694701511,0.012599581397702026,0.005176990774048822,0.10576417139696877,461.0222421314871,0.019953805341039407,0.08265837411135049,119.61166571256555,0.0051125311620965645,0.013276062336998271,466.83488441902443
3133,The study of human development is called,The study of human development is called psychology.,47492, developmental,476, a,1.2528620764395555,0.7070680886772718,2.8034119606018066,0.50691563617915,0.4469061607950779,0.44735323676073496,True,1,2.47401198105801,True,1,5.530332135232152,175.64824363341398,914.1431454836857,0.002546869968676612,0.0012723342471233404,0.19411164944216092,351.6004051389559,0.0379110931489675,0.03160064372055879,11.800061660129643,0.0058940355724718735,0.002953821865034084,75.89931062684806
1438,"Owls are nocturnal, meaning active at","Owls are nocturnal, meaning active at night.",3354, night,68171, dusk,4.694953025414347,4.569266063282701,2.113585948944092,0.21227135679135503,2.2213210812457653,2.2235422111703587,True,1,22.139811303911713,True,1,9.957000677877147,112.79977736378628,1627.918200354146,0.019712292551777803,0.015234267495861351,0.032858254019372646,145.95662126678698,0.03249293979698372,0.018353533017095865,68.43154928618577,0.013253913005656669,0.0001824293119060019,167.76496195662125
4287,Rocks are generally harder than,Rocks are generally harder than tools.,31740, minerals,573, the,0.00801158306779115,0.004790650707484634,2.999451160430908,0.5102098566966117,0.0026710163424165196,0.0026736458501846667,True,1,0.015717982902337425,True,1,5.878857478918458,152.16057930496484,942.7958208145557,1.7571212349461845e-05,0.0010248371339963232,0.10225925443009448,2.608849505441768,0.006111109427598331,0.013672106861501394,0.43750580510148235,0.003409521739202552,0.006151310865498172,0.7841703484225332
3952,The film based on the book Jumanji was actually filmed in the author's,The film based on the book Jumanji was actually filmed in the author's backyard.,2078, home,68082, hometown,1.2063023039117056,0.27529514556140056,2.176788806915283,0.5324390078640356,0.5541659806773587,0.5547202698111985,True,1,2.2678820942324847,True,1,4.088334639374848,197.88085472530298,670.4368211592492,0.002803304395370931,0.015094666154562102,0.20933402214333086,36.74942288429107,0.014579801052530554,0.041758431753308616,38.04717689991511,0.01290848402140848,0.016499953558411905,42.97330878600502
3152,Scientists have found cells in the human body with the same genetic makeup as a,Scientists have found cells in the human body with the same genetic makeup as a dinosaur.,235248, ,1916, type,0.3215139356275074,0.10890486367295171,2.587128162384033,0.6391870100341002,0.12427445238400288,0.12439856221407378,True,1,0.5035068502658304,True,1,4.047529499572193,180.740369779185,656.5278290435797,0.0006882721462064872,0.0005411375008305809,0.048744569926010756,229.8834621942426,0.040090167903377556,0.03835906115253733,3.102969349339974,0.021695756509863235,0.0034318853306833643,5.733773890646321
1378,Chimpanzees have been observed using tools to fish for,Chimpanzees have been observed using tools to fish for termites.,184810, termites,2960, food,3.004091246800595,1.3947170013016341,2.672309637069702,0.4719370078460554,1.1241553767304844,1.1252794554697536,True,1,6.371814911355206,True,1,5.662428901890206,178.74611682287846,919.6961247578123,0.006295406442786143,0.020524912091559024,0.10084102572065404,54.82505603191015,0.003482790589129224,0.01456784941695748,323.097075943087,0.0006790770253726816,0.018686594577670208,1657.0718982168382
4241,The earth is big and full of,The earth is big and full of air.,56369, surprises,43585, wonders,0.2742773374774856,0.05339765565827603,2.040762186050415,0.5999586125140163,0.13439946082512813,0.1345338507585271,True,1,0.4576176262135329,True,1,3.401505447390369,181.34049928443682,557.5705517474028,0.0007418853002467343,0.010433303601327064,0.025116884096831108,12.894655029631753,0.0036669642912257883,0.034629113874356764,36.688072223783585,0.04127082694496595,0.008792268757857904,3.2597808359383267
519,Every object in the observable universe is,Every object in the observable universe is moving.,575, in,1644, made,0.6075776166815672,0.26603518983037033,2.0592610836029053,0.38964485762355117,0.2950464229715558,0.2953415586157836,True,1,1.560871080390039,True,1,5.284969334168819,156.16486216224166,889.1177309836294,0.0018912164652567585,0.009773867612319449,0.08916395321837459,30.217470742443965,0.02740679882262998,0.02096031468133066,10.776215074484293,0.011109770631413779,0.012910155143033793,26.583947447185036
3919,One person dies from a lightning strike in the United States every,One person dies from a lightning strike in the United States every year.,235248, ,1162, year,1.0925601604726296,0.5342881550168455,2.7319586277008057,0.5231600137093863,0.3999182672074794,0.40031793267827526,True,1,2.0904731222990742,True,1,5.2220321690638105,140.12492431891482,877.9520274663126,0.0028568645772623492,0.010825945320545155,0.12045297351348254,36.97764221278339,0.058583454431853615,0.042263224200026324,6.833293402729256,0.0002460515164279964,0.00542794513225711,1626.9679556940378
1770,Carnivorous plants contain digestive enzymes similar to,Carnivorous plants contain digestive enzymes similar to animals.,1941, those,573, the,12.691065879550834,2.3741583122026286,2.1438357830047607,0.47844566017981366,5.919793848091886,5.925713335772277,True,1,26.55214129348393,True,1,4.4808345913721945,201.94663997842824,727.6866742115407,0.029342965728002487,0.003990778751141296,0.10921259941603834,1484.851379966284,0.01607002060795363,0.04975859004628751,368.74335636131224,0.0043814846057263525,0.022493494300038584,1352.4441756631313
2411,A mole can tunnel through a mountain in a single,A mole can tunnel through a mountain in a single night.,34613, leap,1744, day,0.3401207707555045,0.14090201145200876,2.351607084274292,0.43054743046493027,0.14463333310652365,0.1447779053991711,True,1,0.7907624173499135,True,1,5.461899833194028,169.14039575520846,903.7273333225982,0.0008559629102955604,0.0022184439421379914,0.11841146386004572,65.26101590813406,0.0013948066409396678,0.0501100888286464,103.79783200747855,0.03805220670266444,0.005146506697402854,3.804717727159662
2590,Light doesn't travel in a straight,Light doesn't travel in a straight line.,2017, line,3703, path,6.007139190664262,3.724530869821099,2.1347036361694336,0.2750934933679253,2.8140389555168532,2.81685253935058,True,1,21.858554823379542,True,1,7.759921585536383,121.18428467634342,1267.6997130532968,0.02324437155258022,0.0021238603229450166,0.12697073577543116,1326.2889790438935,0.0024067304552608543,0.04413875906594604,1170.4063216523657,0.009335522308338163,0.00768102181437896,301.73486242271264
3452,The diameter of the sun is approximately equality to the width of,The diameter of the sun is approximately equality to the width of US.,573, the,861, your,0.409678680862136,0.11726960255841856,2.046058416366577,0.3846265503021156,0.20022824254922783,0.2004286559221828,True,1,1.0661998306308162,True,1,5.319597767720262,190.8186666448055,851.9633891948487,0.001050361893028346,0.005176990774048822,0.14526572726479092,38.7152816510491,0.019953805341039407,0.020391985910042074,10.044633216399934,0.0051125311620965645,0.003634790310512703,39.203410124543936
4398,Kangaroos are often used in schools to teach orphaned children about,Kangaroos are often used in schools to teach orphaned children about marsupials.,573, the,1024, their,8.878604173984286,1.5199512306825547,1.9670898914337158,0.5677535265922117,4.513573178657893,4.518086936512565,True,1,15.653769743357564,True,1,3.4646898041852303,185.12581371709084,565.138144205906,0.024405494003213957,0.04850120333192536,0.011213657491562116,93.15412043681368,0.040767004270266194,0.008647060714823254,110.82705284302371,0.018169333775775582,0.01990073884696672,248.66552578478922
1854,Games stimulate creative,Games stimulate creative thought.,7166, thinking,578, and,5.035222562645785,1.3281679879833874,2.584451198577881,0.581325816806569,1.948275349682155,1.9502235631906402,True,1,8.670280265412305,True,1,4.445787872251628,147.9575410796225,737.4361141044972,0.013180967654370105,0.005085071515601727,0.08399071397304533,383.519397358931,0.0006419745412328298,0.030979265463346117,3037.851874071962,0.058220897843509284,0.002150945985953185,33.49696819229076
2167,The scientific name for water is,The scientific name for water is H₂O.,640, H,235248, ,2.0167962140529525,0.6172262207761603,1.9894888401031494,0.43766601089335516,1.0137258241410327,1.0147395786229376,True,1,4.612679551433981,True,1,4.545678170643214,243.12258809034924,721.0912384477837,0.004173777461787467,0.0193351065614717,0.2018159589803482,52.48171637414034,0.05743183776481466,0.040501225769061885,17.66858972506384,0.0010024730827782877,0.0012008840199910706,1012.2362346235313
951,"Hair is made of keratin, which is also found in fingernails and","Hair is made of keratin, which is also found in fingernails and toenails.",577, to,5239, skin,0.03158282834943549,0.01713690549509206,2.586886405944824,0.4675715283526759,0.012208819172289978,0.012221156249856667,True,1,0.06761477213730575,True,1,5.532600251150439,140.10874568073112,915.4080964092693,8.722621982288875e-05,0.0200757013190745,0.06337099428983733,0.6087536398165575,0.016415997041372164,0.013374404790571831,0.7444662799984969,0.015196550744283048,0.0034041393626142243,0.8042059316950113
1782,Penguins mate until,Penguins mate until death.,974, one,984, they,1.6937104829753409,0.19809671453297706,2.1688575744628906,0.6306900376911007,0.7809228706014879,0.781703827197711,True,1,2.6881734708227465,True,1,3.4388644103988057,209.94926515600375,562.9615021580942,0.003723298705603292,0.011652070358549602,0.10498299180311271,67.08711869596144,0.007365701252311969,0.03536236708112031,106.1275498992506,0.016790110367464414,0.00998517913671602,46.55739659177484
3077,Jason Momoa is a certified demolition,Jason Momoa is a certified demolition specialist.,916, man,13865, expert,1.1752627489269187,0.580752933562021,2.3331072330474854,0.4474082828857328,0.5037328470289812,0.5042365418034749,True,1,2.6294501995523176,True,1,5.214715677185372,160.42872893846948,859.5982534731878,0.0031430563910835995,0.015468595307080692,0.1567191507697687,32.597435758931674,0.018673375197916176,0.04855438162417462,27.002967404614903,0.0006284321083700539,0.0024005327394398023,802.3723407629483
668,The scientific name for the red-eyed tree frog is Agalychnis,The scientific name for the red-eyed tree frog is Agalychnis Callidryas.,1561, cal,2659, Cal,3.990563083746464,3.7375612618813543,1.1622663736343384,0.25745658230406315,3.4334324508315666,3.4368658533496825,True,1,15.515445727945348,True,1,4.514417027019976,233.68149598482407,745.3498382161241,0.014707479678120866,0.018670698306129472,0.11729788163359713,184.0780562675249,0.01479647109468062,0.018452524843010024,232.27604956328048,0.029924551711218696,0.013106961716090524,114.85103892337354
3563,Dew on grass only forms when the weather hasn't rained for at least three,Dew on grass only forms when the weather hasn't rained for at least three days.,2705, days,3763, hours,9.793573844617256,2.4306180119034417,1.685668706893921,0.3344080222751698,5.8099042857972245,5.815714557865381,True,1,29.315587172654702,True,1,5.040754129345507,159.4629866451076,826.6865979000107,0.03647062356111847,0.013036328711971102,0.1552244833258055,446.1159799173276,0.015248757523142354,0.04062168626745563,381.3894049426081,0.002694134100525039,0.00889704115473638,2158.65815912133
3950,The City of London is the world's oldest continuously-existing financial,The City of London is the world's oldest continuously-existing financial hub.,9122, centre,9220, district,0.44966031787760485,0.26416140668711674,2.37646222114563,0.35016140932104317,0.1892141662832054,0.1894033285364129,True,1,1.285435327348071,True,1,6.7867620768921455,116.04776004905645,1104.6802152165685,0.0016321153330003707,0.025917506133724042,0.06704625205576573,7.307930306224947,0.009768989746951224,0.015418731208160914,19.38822062900857,0.029944605032805917,0.0025583173188815757,6.325123618391741
122,Parrots can mimic human speech and are used in some areas for assisting the,Parrots can mimic human speech and are used in some areas for assisting the disabled.,10827, hearing,45553, deaf,1.5384645973698134,0.5847430483424076,2.103989839553833,0.337957417181734,0.7312129405035799,0.7319441511502155,True,1,4.556795782781165,True,1,6.225605841129241,140.24195861815588,1007.1690118124707,0.005219152373243148,0.008011230255496011,0.05512003536223681,91.36476269023397,0.011994612408732388,0.027994427093264464,61.02274306232198,0.0005755124587269646,0.0006829943236236055,1271.8128687766
3314,Wearing a helmet while riding a bicycle does not actually protect the rider's,Wearing a helmet while riding a bicycle does not actually protect the rider's head.,2206, head,9494, brain,2.5342140280267103,0.850134061141874,2.1624646186828613,0.3654559535491923,1.1719100539875091,1.1730819801034758,True,1,6.941323860693004,True,1,5.917168602385931,148.14677097437865,961.1933100625365,0.007918376974320657,0.006251403025020563,0.14934593719444328,187.6509921706123,0.019789095234303222,0.057965245694430886,59.279212425538674,0.024589241051127367,0.00016638886884722155,47.70712433394492
1444,The majority of marketing email is never,The majority of marketing email is never opened.,9338, opened,1682, read,3.418362810167366,0.9158513792096545,2.2553510665893555,0.45888565243821106,1.5156677205632425,1.5171833295052763,True,1,7.456718434061719,True,1,4.914843373933728,143.71287632335404,792.8934926230494,0.010557045188432616,0.002440577214605331,0.0736077297705063,621.6493870490477,0.016053032818904762,0.02985263144114782,94.51069754984704,0.0138543630616006,0.020112015176869488,109.50942477538882
108,Canada is the second biggest country in the,Canada is the second biggest country in the world.,2134, world,4612, North,12.174231446135892,4.585429812786813,2.2275478839874268,0.433545551699616,5.4653062830431205,5.470771769048846,True,1,28.108708845486316,True,1,5.137978704305064,156.66238309705795,837.468011444549,0.03492077460394246,0.009644360096880467,0.0584957198332441,567.2508817685482,0.011096072871258017,0.010768840323427578,493.0367556633212,0.011099568648677558,0.003890736231253123,492.8814751463926
4383,"Pineapples can be red, blue, or","Pineapples can be red, blue, or yellow.",8123, yellow,4433, green,0.3739850808931635,0.1345338322878764,1.8312292098999023,0.3802494206225079,0.20422625353033008,0.20443046910350055,True,1,0.9845090802897226,True,1,4.815862745935775,164.468027358161,791.0669514176728,0.0012429800027838455,0.0031949378974479047,0.16677448143520418,63.985741089615,0.007325786769779539,0.04099626134433699,27.905599156505705,0.026053320835599015,0.005621371597427663,7.8466184941832315
2599,"For every hour spent reading, a person's lifespan is extended by two","For every hour spent reading, a person's lifespan is extended by two hours.",4363, minutes,3763, hours,3.0360741425975064,0.990826342587231,1.5987967252731323,0.29251489024310506,1.8989744566050666,1.9008731784132704,True,1,10.389591024503677,True,1,5.465693946597876,141.76303230062297,893.158795029966,0.01340880727199934,0.005984056744279967,0.12589708297928967,317.6562756077263,0.018428399061521383,0.05322883615856041,103.14912174776516,0.013675636146734248,0.010068208307272463,138.99705710342405
3300,Polar bears can see,Polar bears can see ultrasound.,575, in,573, the,3.587025160700499,0.945071319416485,1.7137264013290405,0.40484480894131153,2.0931142555303257,2.0952073780520024,True,1,8.869107607766011,True,1,4.233045234888383,182.5840129173298,675.5996940267871,0.01147530577609042,0.01665136288907295,0.0812937981870279,125.82798128956345,0.010751773300007868,0.06187195524566781,194.8708663761046,0.010630251521760989,0.006289643976365065,197.09857041133435
2710,Soccer is more than just a group match against teams around the,Soccer is more than just a group match against teams around the world.,2134, world,27727, globe,8.91554536761744,1.6921603468303836,1.946372389793396,0.41330266380677566,4.580595889239782,4.585176656724639,True,1,21.5930399018556,True,1,4.709314715320109,190.5272839675971,762.4349029336826,0.024065722038552957,0.009268339500402114,0.17851944427933225,494.7139297741205,0.015645775522768128,0.022119558323649327,293.06164146687223,0.014593682901824853,0.002663287865018428,314.1891383806407
2483,"If a spinning group of dancers stands far enough away from the audience, the dancers will appear","If a spinning group of dancers stands far enough away from the audience, the dancers will appear stationary.",577, to,685, as,10.518906833541024,1.9593398824584818,1.6314244270324707,0.3778371670601573,6.44768256453945,6.45413010921297,True,1,27.867628065794715,True,1,4.317797688338351,187.53243675223595,717.8310814349348,0.034416073405690535,0.0036748395038449402,0.1340396423427315,1756.3025820474859,0.02050331309220475,0.04118688653835263,314.78474138244496,0.03277822550126614,0.00011476530756714988,196.90297478012235
4306,Boys will hit puberty about one year before girls reach,Boys will hit puberty about one year before girls reach puberty.,124309, puberty,573, the,2.3432657433053095,0.6453726086074041,3.49812650680542,0.7257151436920973,0.6698630649139218,0.6705328316527864,True,1,3.232134271523138,True,1,4.820247598549796,180.45908346380517,782.4856606227555,0.00371570562579786,0.0014174366664621964,0.13219999019114403,473.0601708832469,0.004294548043204403,0.013639749826508457,156.1358319681212,0.0229750555553922,0.021417083317137285,29.18525398278803
638,Some uncontacted tribes murder intruders by poisoning the tips of arrows and,Some uncontacted tribes murder intruders by poisoning the tips of arrows and spears.,106057, spears,28412, throwing,3.8138019038239435,1.5470416138969145,2.4119160175323486,0.4613552370726632,1.581233291748639,1.5828143389919735,True,1,8.274784954712336,True,1,5.227893601205427,176.53106410871922,849.8625340234788,0.008966208564953613,0.011925586634020813,0.15417526464179104,132.72423299299902,0.027585418805251984,0.06882031979684221,57.37865899975468,0.016018175328574885,0.000723084786421007,98.81364802945969
3671,Water vapor is the largest contributor to the Earth's greenhouse,Water vapor is the largest contributor to the Earth's greenhouse effect.,4232, effect,5137, gas,5.9102960124273665,3.9428189674415917,2.420943260192871,0.3508717357423476,2.441319509469423,2.44376122332941,True,1,16.861450292995382,True,1,6.899794518395352,112.65268125114366,1123.3686250312792,0.021692881129756515,0.005716709112649711,0.07894820525334133,427.47692337921313,0.004513627761330756,0.02905429964279759,541.4184227298606,0.0016619533730973148,0.009986879407431724,1470.4150326281847
398,Male seahorses carry the eggs of the young until,Male seahorses carry the eggs of the young until birth.,984, they,573, the,19.955430977018587,2.8207077644562153,2.240460157394409,0.49131461839833607,8.906844833262369,8.915751362363062,True,1,40.65701639632714,True,1,4.560133492277117,193.58039777707276,731.8464242263207,0.04605709805716199,0.03178498009551395,0.1073449071362784,280.50202754795527,0.002278807740008128,0.00426752386586784,3912.4631735414687,0.011375440523641315,0.016578898754356534,783.7719641567869
4106,A can of Diet Coke can dissolve a nail within four,A can of Diet Coke can dissolve a nail within four days.,2705, days,4363, minutes,1.7490007193447958,0.8769118882758598,1.8459898233413696,0.3113997234129906,0.9474595673441922,0.9484070370718837,True,1,5.622194212423835,True,1,5.928039325585167,135.56489961458954,960.8694704920977,0.006995963112636096,0.017086888723551782,0.09484680788642078,55.50495777295272,0.0020362568577041505,0.03150219426746843,465.7600211307323,0.00938420435752393,0.01059519767296906,101.06419265171732
1677,Zebras are chased by Lions when the herd least expects an,Zebras are chased by Lions when the herd least expects an attack.,6279, attack,129722, ambush,7.048224378242981,2.422403221452214,2.2130937576293945,0.42800067308162393,3.1847834525514394,3.187967989980094,True,1,16.484256346736647,True,1,5.170772228123776,170.4813663042561,841.6936912904487,0.018699803146172377,0.003382770553524767,0.08669396525334144,942.4133087177038,0.014549136689358037,0.01457876124428828,219.11733033011728,0.04090525156899039,0.005968884283527878,77.93542070272562
996,Amphibians generally spend about as much time on land as in,Amphibians generally spend about as much time on land as in water.,2003, water,573, the,6.572937065451036,2.2042452734559923,2.4161734580993652,0.4255415683757958,2.720391221672266,2.7231116163956814,True,1,15.461497881944894,True,1,5.677878860657859,161.19603559861812,893.5229835190133,0.016893167417443768,0.004653117339785751,0.09885411671147444,585.22307037309,0.007652363560471401,0.014027559437329428,355.85235788613426,0.004881254213600732,0.004214465453490303,557.8712964402106
3699,Being tickled by a feather is scientifically proven to be one of the most ticklish sensations,Being tickled by a feather is scientifically proven to be one of the most ticklish sensations possible.,235265,.,575, in,2.510360930375022,0.33054939639122094,1.8042545318603516,0.4668934675422664,1.3913563114549088,1.3927477049220656,True,1,5.382108560283075,True,1,3.864381568364705,191.01440744937946,617.1451507455683,0.007291322803967843,0.005069250201236689,0.19045331877070087,274.7443210797313,0.060302272446099064,0.06253941412638897,23.096106472056544,0.05560782596901936,0.008428726928099393,25.045893822535042
4015,"Lee Harvey Oswald, the Kennedy assassin, briefly managed a branch of","Lee Harvey Oswald, the Kennedy assassin, briefly managed a branch of thecroatetailor.",573, the,476, a,2.4752657695888622,1.2635414746198992,1.4819707870483398,0.2878512485144607,1.6702527412965276,1.6719231930018466,True,1,8.607714346404238,True,1,5.148391016066688,233.8773636813827,845.8831042647669,0.007148717458948065,0.017937050969165293,0.2818837132416406,93.21059497884953,0.03638671039560651,0.05815894366321267,45.94873168869154,0.017709878493935082,0.01789522483520643,94.40624866931824
1048,A baby beaver's teeth are already growing in before its,A baby beaver's teeth are already growing in before its born.,5951, birth,4628, eyes,1.6624737701691856,0.6021163456466239,2.365394353866577,0.44357972163875264,0.7028315458061499,0.7035344805155697,True,1,3.7516059136975977,True,1,5.33251179238339,165.36551797434788,865.6000960104967,0.0042544206865708515,0.021318201281640616,0.08714739121025943,33.00158729251977,0.03196973822760846,0.030198400877327516,22.006263407812664,0.02987022771875385,0.0070446065937301,23.553033714365007
4345,Emu farmers pluck the feathers from emu,Emu farmers pluck the feathers from emu farmers.,80526, chicks,12776, eggs,2.838054441658066,1.2303159252561569,2.054857015609741,0.4946269871320894,1.3811444884479835,1.3825254041955868,True,1,5.743504348886074,True,1,4.154357186823554,170.97086353251322,687.2902099058606,0.008086321702017224,0.0023482952827014,0.12504384873297314,588.7357583945644,0.001065847663958022,0.007179521201773334,1297.1135096938553,0.003542048172218779,0.004186732348903982,390.3180693698915
4087,Santa Claus is,Santa Claus is French.,5163, coming,40865, Coming,13.187691743777641,2.3659362723232102,1.1213103532791138,0.2558887411267324,11.76096493286814,11.772727127503353,True,1,51.588355734980965,True,1,4.382022548918224,192.59262698494345,675.5777245325595,0.06112761070767119,0.007856125957479932,0.07687046823153294,1498.5410355207414,0.009660085895801671,0.02435004995449023,1218.6979758244022,0.013229996334186277,0.0071904240725237205,889.8511254370235
3927,Music can actually degrade a person’s ability to think,Music can actually degrade a person’s ability to think abstractly.,235269,",",235265,.,0.47520311590899666,0.09780401892950707,1.46781325340271,0.3470183662009818,0.3237490292497173,0.32407288719570987,True,1,1.3707588553410879,True,1,4.229785673225039,185.2029238954659,696.8852356036534,0.0017498259767142034,0.011891018632684405,0.1384764038538408,27.25358501288886,0.015072064926613397,0.08488705272231911,21.50155859689009,0.03920272117620633,0.02418219071693526,8.266591641408873
4423,Wind turbines don't actually capture very much kinetic energy from the,Wind turbines don't actually capture very much kinetic energy from the wind.,6785, wind,2681, air,8.557462129743953,2.4412703548105297,2.201507329940796,0.4166423990237847,3.8870922723541805,3.8909791521717265,True,1,20.559644039943425,True,1,5.283925519998786,164.01022677072305,855.7370879298916,0.02372400324530429,0.009250751842263328,0.1242339915533672,420.612207366244,0.021593387645685566,0.0356666642272249,180.19308577314212,0.009311758431678571,0.002902549666964351,417.85653920473584
617,The Grand Canyon is located in,The Grand Canyon is located in Arizona.,573, the,21823, Arizona,0.7342673571859706,0.17312548443487397,2.653687000274658,0.5677606640619338,0.2766970472063862,0.2769736980999357,True,1,1.2945622348931174,True,1,4.673953677818254,207.58030408809265,729.8243515149627,0.0013342966198873762,0.006219566146234538,0.14681845647195543,44.532639670955454,0.006105648752826913,0.002098985645754842,45.363516525856,0.007588185217406162,0.015270779257672663,36.50065070428163
2766,"In some languages, the syllable ‘ma’ has the power to calm crying","In some languages, the syllable ‘ma’ has the power to calm crying infants.",25675, babies,3069, children,4.653719825744176,1.4220964409961523,1.8262189626693726,0.3792653912856157,2.5482814059393313,2.550829586481599,True,1,12.28262184158442,True,1,4.815147945075407,178.32104056766246,791.6385901229315,0.014304703350548852,0.03537059302474195,0.15274017130809564,72.1172411414555,0.0030522098550692482,0.05156813675392186,835.7320458306842,0.0071169841729266,0.017586640719782817,358.41439639350267
2919,The hottest chili in the world is the Trinidad Moruga,The hottest chili in the world is the Trinidad Moruga Scorpion.,133824, Scorpion,115437, scorpion,5.431838343828762,2.16808756289415,1.2752392292022705,0.2975611830238895,4.259466160891759,4.263725577120457,True,1,18.27278059752402,True,1,4.285637118762389,216.03748817679423,710.8167036017524,0.019736044948047343,0.0061366238103402,0.11591177557520262,694.7998946808646,0.04186397550897442,0.016036405209873143,101.84712572761843,0.010931752325151207,0.007569396411371253,390.0313005912784
779,NASA astronauts have brought soil and rocks from the moon to,NASA astronauts have brought soil and rocks from the moon to Earth.,10379, Earth,573, the,6.53742941740709,1.9592268316376404,2.726400136947632,0.5436271766730174,2.397824636528273,2.400222286229704,True,1,12.037600220411676,True,1,5.015202254171414,186.67786978862242,792.267270539529,0.012857562007470432,0.009912982083113892,0.07598459588143242,242.12918636444664,0.0013094261651478815,0.016189014359049722,1833.0336983594887,0.03240669974801147,0.006690768906344131,74.06561929765729
4195,The lowest tuition rates tend to correlate with the lowest post-graduation,The lowest tuition rates tend to correlate with the lowest post-graduation income.,40646, salaries,24261, earnings,0.641438167383086,0.20213864638232604,1.9267981052398682,0.379008294905882,0.3329036735290089,0.3332365732642361,True,1,1.6941044028742518,True,1,5.083788931927742,153.3683117865363,832.4384418273961,0.0021727863427749477,0.010506006229718841,0.060355386350819065,31.718672726615555,0.0034973204626838604,0.04209613038059653,95.283396766137,0.03537355851423874,0.01293471879151981,9.420499018499935
1010,The surface of Mars has been studied by rovers sent from,The surface of Mars has been studied by rovers sent from Earth.,10379, Earth,6683, earth,7.18371890291548,2.0745345484430775,1.019594669342041,0.19319669500498712,7.045661495612993,7.052706807270237,True,1,37.22062933252026,True,1,5.277495626806947,182.33649250849527,870.2516532322305,0.038679623098166395,0.03688310928920965,0.13006534346468743,191.21779435589897,0.019583748680906416,0.004925822746346854,360.1305818505739,0.024385259270625934,0.0023528107226492307,289.22008697958796
1096,Some species of spiders can survive being submerged in water for several,Some species of spiders can survive being submerged in water for several hours.,3763, hours,2705, days,0.1617951141189682,0.14610149277522966,1.685668706893921,0.3027180419117976,0.09598274765217549,0.09607879000415677,True,1,0.5350094109243347,True,1,5.568444512063359,138.6236444006624,913.8008458017116,0.0006930909255744372,0.013036328711971102,0.03706880841728161,7.370080344470662,0.015248757523142354,0.0065699444005502,6.300761872456973,0.002694134100525039,0.006367978376706541,35.66221517534436
502,Cows sweat through the pores in between the hairs on the,Cows sweat through the pores in between the hairs on the body.,5239, skin,1355, back,0.98826901141042,0.4317925339523243,2.3875138759613037,0.45132675175181136,0.41393225872352485,0.41434615248450857,True,1,2.1918869249257193,True,1,5.289989811134228,172.66052231177844,860.5278920882218,0.0023997735379041128,5.631106625888892e-05,0.11402504411111405,7358.165632658437,0.026297268628289735,0.012157603769501674,15.756242914093695,0.03867685119300072,0.005331119478795481,10.713027035652066
3128,There is a single pair of matched chopsticks in the Sistine,There is a single pair of matched chopsticks in the Sistine Chapel.,36009, Chapel,49344, chapel,5.1161305843015725,2.970754386321474,1.1707910299301147,0.21601463972534768,4.36980678320277,4.374176806366703,True,1,23.707869742852083,True,1,5.419961467571407,171.40312437911794,915.9551518761095,0.025519819561116524,0.0023108318303150994,0.12584636897371726,1892.9013998263347,0.032590981983822105,0.010469918755334503,134.21432985781183,0.019703618152950193,0.012614869176139794,221.99865894740574
4041,"Currently, all hairs on humans' heads are pointing","Currently, all hairs on humans' heads are pointing downward.",575, in,573, the,7.596433127796466,2.4753187943179977,1.7137264013290405,0.28265419144881754,4.432698896337962,4.4371315420776245,True,1,26.902234768747245,True,1,6.062978866781726,170.6921721770553,967.369514728948,0.025994932781540116,0.01665136288907295,0.14086135449301707,266.4725747457815,0.010751773300007868,0.02200969136866188,412.6883462167471,0.010630251521760989,0.002893448190781112,417.4060729414027
3170,Temperatures finally cool off when the sun is,Temperatures finally cool off when the sun is overhead.,1706, down,7708, setting,0.3650484740527631,0.12903900309780392,2.312283754348755,0.4379598222448645,0.15787356260502616,0.15803140232071386,True,1,0.834353838669007,True,1,5.279671169251181,153.54610518176946,855.7994602092128,0.0010292114028788595,0.020352349179083823,0.11655966148606045,7.764774519647258,0.00856347197816332,0.038951574089304344,18.454127335698736,0.019121731398049863,0.015424654525464562,8.264492321905053
367,"Every day, different animals are","Every day, different animals are born.",1942, found,1855, being,1.038685767140585,0.19365531483651055,2.13775372505188,0.6848811624083736,0.4858771873338112,0.4863630676698457,True,1,1.5181093924209301,True,1,3.121350064046099,169.6210950966833,507.97436222979087,0.0028673501217087467,0.009316978099068918,0.03707138511138797,52.201804329501414,0.009569647980075988,0.027925729727699567,50.82350664125304,0.03062757804797877,0.023432961007327252,15.879906237050392
2921,America is one of the few developed countries in the world where the sale of human organs is,America is one of the few developed countries in the world where the sale of human organs is illegal.,7035, legal,780, not,4.065157676736106,0.7954106942793071,2.35355806350708,0.5123172794288223,1.727239170245301,1.728966446071928,True,1,7.9427792370598524,True,1,4.59394643262465,170.62277252640982,735.7876979160537,0.010133268967976184,0.0013756803915198597,0.08950484489691474,1256.8082359317166,0.053113553240555424,0.03949507828363609,32.552264734413534,0.0013551054139818452,0.00963132428337627,1275.8907375268532
956,Bats use echolocation to identify prey and to navigate while,Bats use echolocation to identify prey and to navigate while flying.,15494, flying,575, in,5.4757521769420805,2.384477902853358,2.7420248985290527,0.5137986658250006,1.9969739078151785,1.9989707116778583,True,1,10.668045320868512,True,1,5.336769197540753,168.70512798664979,887.9719983015447,0.011848903086313083,0.003431819373413059,0.10661458096067027,582.4813296306487,0.009828904681951188,0.0148221140239145,203.3767521775409,0.01507492501279297,0.0090620962154205,132.60236518466795
3188,Christmas trees are often enchanted by spirits to become sentient,Christmas trees are often enchanted by spirits to become sentient beings.,27290, beings,578, and,3.4010523841088585,0.758246671615137,2.903654098510742,0.6978046402776026,1.1713008053725227,1.1724720094484178,True,1,4.878805381420204,True,1,4.161127380529457,187.2401216479479,684.6518194196216,0.006261863104601694,0.005988091454239823,0.14831742057085237,195.80061834530898,0.030776791044969276,0.05992378304046979,38.09597978344361,0.012814042152525294,0.03704829357377091,91.49899738837334
929,The product of two prime numbers is always,The product of two prime numbers is always even.,476, a,9280, prime,2.1403937423654114,0.7234249636778878,2.576005458831787,0.4630489755780584,0.8308964311496744,0.8317271845231037,True,1,4.6270133305316845,True,1,5.563138270134485,189.62540105972195,904.1474385812471,0.004386159132030807,0.0036497409490087924,0.1440663989431712,227.88663528270044,0.03263241630110685,0.040738730637639206,25.487759681923784,0.004084240544556617,0.00493679840080792,203.6430458611481
2057,"Despite its frightful name, the tarantula hawk wasp is actually harmless to","Despite its frightful name, the tarantula hawk wasp is actually harmless to humans.",17611, humans,1461, people,6.5714343593299205,1.6376328906111681,2.1007297039031982,0.44757157713903223,3.1281674872878993,3.1312959275744263,True,1,14.69710421534119,True,1,4.693617133378353,168.55165207394683,761.0544254310579,0.0185776638142987,0.022784835308949175,0.057096726800981434,137.42894715348461,0.012625122787701028,0.021388652234374392,248.0210276152585,0.014628202087118684,0.003623583032297817,214.0588370960356
47,Hummingbirds can hover in mid-air and fly,Hummingbirds can hover in mid-air and fly backwards.,42209, backwards,28023, backward,0.8833580887866646,0.2664277114957514,1.029287338256836,0.19194266771885998,0.8582230208745092,0.8590812339355349,True,1,4.606799823732074,True,1,5.362472885861882,155.7352672553352,872.3027564271365,0.005516292160895267,0.026193854849298034,0.08245579998403287,32.79705254832155,0.073248613632646,0.010681527958578059,11.728293428787206,0.017269960294624884,0.003171648731957976,49.74425066877056
1445,Fainting goats are bred as a meat animal in the United,Fainting goats are bred as a meat animal in the United States.,3858, States,13636, Kingdom,2.2454183258966713,2.1577220001280595,2.0309793949127197,0.24809978729565424,1.105584001256284,1.1066895715481948,True,1,9.05951455460345,True,1,8.186138902465405,150.89766446531235,1334.740530271606,0.007334040427130636,0.014180638290859993,0.02200700115698623,78.04229604118045,0.0028097254969604466,0.00668274326366694,393.87818231546413,0.030173056348199438,0.0015468581054591066,36.67807327096434
1730,Apples are a good source of,Apples are a good source of fiber.,23042, vitamin,20149, fiber,0.3633373044163264,0.09866740919462935,2.1271841526031494,0.46484248913256027,0.17080669953830327,0.1709775400936242,True,1,0.7824171196277293,True,1,4.576139761978631,177.88293932420652,746.6845591186019,0.0009611800926113738,0.005420208305159686,0.08434930524172382,31.544459265682594,0.02069987749387135,0.050815887041201734,8.259833428687964,0.0025941066359419958,0.008878621958987469,65.90998909786038
4078,Grapes explode when cheese is melted on top of...okay not,Grapes explode when cheese is melted on top of...okay not really.,2277, really,7880, exactly,5.221566681940153,1.035485067306181,2.2895374298095703,0.6813129549769212,2.280620798749925,2.2829014117736617,True,1,7.671640757873142,True,1,3.3604783449289606,197.2348144530322,545.6622666539442,0.011574535753764163,0.033734689972241085,0.14976742694240425,67.67222149224342,0.05682528807663016,0.11243623280258784,40.17404027402586,0.019479644454976002,0.014101182150474265,117.1942032643467
1325,The world’s continents are not completely symmetrical north to,The world’s continents are not completely symmetrical north to south.,8432, south,4316, South,6.526191564145945,6.020823184942328,1.2740672826766968,0.14375863976973985,5.122328822725142,5.12745092172144,True,1,45.44226184860853,True,1,8.86254447723747,109.89956150386124,1452.4303569698454,0.04665579053781112,0.006967350855043126,0.010562637213173656,735.9254655605688,0.001739104346786639,0.01839891070588902,2948.328506679593,0.021219204274641516,0.008733299868918142,241.641998227479
991,Babies born in California are required to have an approved car seat to transport an infant by,Babies born in California are required to have an approved car seat to transport an infant by car.,1226, car,8692, vehicle,4.375479646434002,1.7622696007862815,1.8626469373703003,0.36514428110550146,2.3490654931155865,2.351414441712275,True,1,11.994861957854729,True,1,5.101126260464828,171.46946130212808,846.2950968312452,0.013713313285384958,0.01830434113858287,0.09403905897593622,128.46211857119718,0.043053551344453704,0.03177453106847687,54.61603905563046,0.03036924481100466,0.011884691599099866,77.42749140934225
8,Water evaporates faster on hot,Water evaporates faster on hot days.,235269,",",2705, days,0.08286255276497201,0.03811982916485657,2.6387908458709717,0.4904275580008293,0.03140171298328951,0.03143312178877193,True,1,0.16912882362393675,True,1,5.380592636024794,155.52900821183613,910.3395588734364,0.00020210456010854826,0.022183686770070456,0.1288444808200765,1.4169476027393484,0.042221423148023504,0.025810120135974158,0.744482763609625,0.011893380380850268,0.01854646506292372,2.6429089781222275
2133,"Incidentally, black sand beaches are actually not made of soot or volcanic","Incidentally, black sand beaches are actually not made of soot or volcanic ash.",29001, ash,12891, dust,6.119580436621824,2.024358359870495,2.060818910598755,0.3833137188196691,2.969489655373857,2.9724590056656774,True,1,15.980905006834998,True,1,5.376324779037987,166.06181249798738,881.2910153516538,0.017899714334996212,0.007586014037051147,0.06284286324898962,391.83410301480785,0.01903515053638698,0.04481974381371879,156.15631722920293,0.012440875668404124,0.009108872827897508,238.92683159070384
4285,Bat secretions can actually be used in,Bat secretions can actually be used in candy.,573, the,476, a,5.806185828808374,0.8098213507454044,1.4819707870483398,0.45821431032096505,3.917881431639168,3.92179934558345,True,1,12.684003775778415,True,1,3.2342306829293945,182.93186360089038,531.2620110249338,0.02143857974431285,0.017937050969165293,0.05224486667275709,218.6423706062509,0.03638671039560651,0.05656524987856542,107.78109103418663,0.017709878493935082,0.03239587171374263,221.4469933786676
1304,There are exactly as many even numbers as there are odd,There are exactly as many even numbers as there are odd numbers.,5968, numbers,6162, ones,6.097251132523073,5.931986243876432,2.214359760284424,0.257012970313141,2.753505208087737,2.7562587034557535,True,1,23.74723833914313,True,1,8.615750876131191,117.58241201633219,1413.4215874320082,0.023441079802589092,0.006141968713632797,0.007143017509403018,448.7581803108056,0.034459898576988515,0.02746961793268597,79.98452744420776,0.004491889722564036,0.007182986289426676,613.6078295979272
890,Gorillas have been known to use sign language to communicate with,Gorillas have been known to use sign language to communicate with humans.,1853, each,17611, humans,3.535707249514573,0.678818713410485,2.4897773265838623,0.5425920156708924,1.4200897452808743,1.4215098590488,True,1,6.522843995795059,True,1,4.588673060741066,194.68134291746827,737.3461147551175,0.007301726183650912,0.015014851950132965,0.06899120044401472,94.67358477924998,0.0385760738273976,0.017835472249674744,36.84952142639285,0.002235675555879877,0.0014676706603434786,635.8301209270714
3854,A feather is the lightest thing in the,A feather is the lightest thing in the world.,2134, world,17745, universe,6.383614168435322,2.00371059927267,1.9878571033477783,0.342885642078984,3.211304352654216,3.2145158243838607,True,1,18.635944443899316,True,1,5.797434345332968,171.09518838393927,938.4253537252054,0.018787879745457575,0.004297163773716564,0.16176053471102983,748.055227507344,0.028785979439332143,0.032751434592437144,111.66949629623025,0.01887345839601331,5.6878024763823594e-05,170.31938487028276
2749,The nearest pizza place to the White House is a place called,"The nearest pizza place to the White House is a place called ""Pizzaiolo"".",33787, Pizza,664," """,1.594779011995179,0.7002040401105869,2.821652412414551,0.6348910431925824,0.5651932906330199,0.5657585357863771,True,1,2.5144062233575855,True,1,4.4443098323963985,259.15874711864456,736.6322123922712,0.0021830578441844727,0.014409635892023822,0.26814738762574347,39.26251433594807,0.050271249726585594,0.052293123230833384,11.254117191504386,0.013082496361629918,0.02080519334616849,43.245457147284895
1124,Cardboard is recyclable up to seven,Cardboard is recyclable up to seven times.,3023, times,689, or,10.058632618846758,4.819194884788562,2.5093865394592285,0.3965899854249351,4.008403034238953,4.012410875678144,True,1,25.388163031729878,True,1,6.3274085875961,115.36196889354474,1057.7396197150292,0.034781054052404135,0.03596567711726699,0.09973230018415676,111.56222257669661,0.10468798386662752,0.03408971458459069,38.32732972286443,0.027391510530946434,0.004182266212726197,146.48373886299535
1084,Humans are not the only species to experience complex,Humans are not the only species to experience complex emotions.,22079, emotions,3127, social,5.777644572252335,1.0079660777171395,2.4008724689483643,0.7878636895491955,2.4064770815515546,2.4088835260896277,True,1,7.340638760816239,True,1,3.0473199228243275,173.97182627122325,500.786735915909,0.013846400177084777,0.0011557620195403527,0.036090574378319494,2084.2383512893443,0.010579663447206705,0.036011468267426655,227.6899958217133,0.025042680146085787,0.0078024240874584455,96.19112299631956
1340,"Dolphins are very intelligent mammals, and are recognized as one of the smartest animal species on","Dolphins are very intelligent mammals, and are recognized as one of the smartest animal species on Earth.",573, the,10379, Earth,2.5033182992960477,0.6438148957570655,2.726400136947632,0.49185457084043627,0.9181771469901195,0.9190953579025215,True,1,5.094639665131475,True,1,5.5431023792330025,183.41404700602635,875.7473911001485,0.005011041263771489,0.009912982083113892,0.10682185035827076,92.7163340149822,0.0013094261651478815,0.005851726273812093,701.9069744942224,0.03240669974801147,0.0023574486846480633,28.36127606480258
3974,"Zebras are red, not white with black","Zebras are red, not white with black stripes.",44735, stripes,18881, spots,4.461099765644022,2.2191977847662536,2.1175196170806885,0.3336370285682797,2.1067572312715113,2.1088640217343153,True,1,13.384488719958215,True,1,6.346776549846444,146.55892429209726,1041.3340652374143,0.0143891887302016,0.0033981370324736556,0.11525512307787532,620.5941672102549,0.012903122927032162,0.04041734256658127,163.43826480302886,0.028943637349095955,0.012241543169085201,72.86105738193217
4010,"If an owl and a cat breed, the offspring is called a","If an owl and a cat breed, the offspring is called a cowl.",24107, barn,235248, ,3.4520908023506927,1.8858502420866452,3.1227660179138184,0.5950079433023093,1.1054593211747838,1.106564721184065,True,1,5.807557389266276,True,1,5.2482762897519235,213.64848447211313,855.6894997546684,0.005179370796465918,0.011026392056488072,0.1922649908967426,100.35601087963745,0.050381872821144466,0.023002108617209475,21.96354877700492,0.006432568807634751,0.0032513164453853547,172.02532211869922
2732,Since ancient times corn has been used as a remedy for snake bites and jellyfish,Since ancient times corn has been used as a remedy for snake bites and jellyfish stings.,199084, stings,53155, sting,9.777890016465822,3.2532437875004385,1.4599448442459106,0.27985033442118307,6.6974379580184,6.704135095754561,True,1,34.974651771880325,True,1,5.2168775348856355,165.62512341777904,844.1846177852242,0.0404777666419834,0.022440964556334896,0.08057395916652683,298.7454072628995,0.002000339243329177,0.02875423846047353,3351.4990610276823,0.021666056782761192,0.010379763749361462,309.43032979996485
1589,"Due to imperfections in the lens of the eye, everyone sees objects in slightly different","Due to imperfections in the lens of the eye, everyone sees objects in slightly different perspectives.",5742, ways,13102, locations,2.8251926170586152,1.2948336606450839,2.186002731323242,0.4085232903553982,1.2924012292283165,1.293693416387622,True,1,6.922537213919583,True,1,5.350987433521438,156.8204841695486,872.940900795097,0.008249518060337881,0.016997736699385254,0.1060617036574336,76.10974562480486,0.005661831567277355,0.020789189022132254,228.4938011693148,0.013075986487497873,0.009196177533034915,98.93658253811593
4339,Gravitational singularities don’t actually,Gravitational singularities don’t actually exist.,3120, exist,5489, occur,8.944795171958848,2.7041208716298537,1.9481147527694702,0.39898649143141035,4.591513492335494,4.59610492487585,True,1,22.441210337682552,True,1,4.882658404124387,164.53249338044984,792.6797743192242,0.02793432975119534,0.0020537351183645466,0.10284617206856941,2237.924883193248,0.020397557421390666,0.06680699234192418,225.32624029071107,0.013258680349069572,0.01508305167542464,346.6487466226895
419,Productivity can be measured as a ratio of what is produced to what is required to,Productivity can be measured as a ratio of what is produced to what is required to produce.,7872, produce,1501, make,10.080466134655218,3.0070044463497636,1.9456796646118164,0.34290814290447175,5.180948497329532,5.186129388576081,True,1,29.426383382476754,True,1,5.674054998954847,150.91255612272036,922.5105318745428,0.034365128534161064,0.0076668837626297105,0.11823522913133036,676.4325049317376,0.022897197557863593,0.015684756613313554,226.496250271248,0.018100054790620938,0.003923016616022716,286.5256182132345
3983,"The Canada Goose is actually named after the country of Canada, not the bird's","The Canada Goose is actually named after the country of Canada, not the bird's habitat.",5579, actual,2881, color,0.26575222319306135,0.08943101795916397,2.327528238296509,0.5486872350518099,0.11417787282682437,0.11429203646743837,True,1,0.48482623599331065,True,1,4.241994901643361,185.21007354013165,689.3369323079583,0.0006170940612615942,0.01621768247376392,0.05872437549477074,7.047371697672202,0.035771739618654264,0.0011885231894443815,3.19503713506394,0.04704100929694259,0.004596927338388571,2.429625515600209
336,Cryptocurrencies are digital or virtual tokens used as a medium of,Cryptocurrencies are digital or virtual tokens used as a medium of exchange.,10036, exchange,7984, payment,5.614979735338615,4.503405579428533,2.279125928878784,0.26327870410645987,2.4636548881267406,2.466118590043441,True,1,21.348459221460946,True,1,8.656704226492566,93.37423098947122,1405.5871124443445,0.02641112610953142,0.01129772359386218,0.02915826737592211,218.28455702202098,0.02757316950398094,0.023473065795432294,89.43906828293315,0.006095592792122076,0.0014088431010902893,404.5740380214775
2865,Champagne is not from,Champagne is not from France.,6081, France,77983, Champagne,1.4017865057297456,0.44751688563274605,2.092097520828247,0.4882209599059524,0.6700387968409751,0.6707089127057154,True,1,2.87408448115338,True,1,4.285144310307431,217.17144162722695,692.7246680223426,0.0030883844932842594,0.00677830101888485,0.1933751512714559,98.94941384825941,0.016462723635233746,0.035359469157983894,40.74106615446396,0.01830180128150492,0.020540455544526715,36.64715305282587
1118,Squares are rectangles but rectangles are not,Squares are rectangles but rectangles are not squares.,32670, squares,2593, always,2.893878228474634,0.9109948075939112,2.6008141040802,0.48625079511025354,1.1126816883739095,1.1137943969956654,True,1,5.957361884424388,True,1,5.34870879265841,179.70202088475298,864.1518181753298,0.006198007075891301,0.0015921656426650687,0.050699886994546375,699.5468104256571,0.0395175096462087,0.0406733538055857,28.18483267207914,0.006261590435667898,0.01694251348491779,177.8772355743931
3514,The oldest state university in the United States is Harvard,The oldest state university in the United States is Harvard University.,2895, University,235265,.,3.1373794002319713,0.751974745126861,2.6338260173797607,0.7082280089940114,1.1911870334370704,1.1923779598575885,True,1,4.434328882769399,True,1,3.718895377183097,193.90585729655962,602.1931102032199,0.006149262206318841,0.02680846958236373,0.12744575207501596,44.47765868149402,0.027570656295663055,0.010281297560293402,43.24808038919092,0.027359920511517317,0.01367481220011937,43.5811923998701
788,The molecular structure of water is,The molecular structure of water is H₂O.,4699, shown,1963, best,0.08668389455741732,0.05378412463343474,2.409946918487549,0.38922104351990355,0.035969213218944675,0.03600515056694202,True,1,0.22293372013967266,True,1,6.19171748011959,156.27981434861093,1024.0393026657905,0.0002303890026809598,0.010146294265445336,0.0812533024897016,3.5486010581777365,0.025938743324767522,0.030949507708108556,1.3880838449317867,0.04035209801082695,0.02638716538216928,0.8922745617162559
3910,Salmon roe was tested as a substitute for tires on Soviet vehicles during the Cold,Salmon roe was tested as a substitute for tires on Soviet vehicles during the Cold War.,4143, War,2036, war,5.409619290229735,5.150403472643581,1.1563119888305664,0.15492879104224916,4.67833884149272,4.683017462845183,True,1,34.95172762933164,True,1,7.463505721820777,153.59785869776587,1210.5070681469028,0.030488819978017695,0.007801505736767487,0.0008824019037872192,600.270975995663,0.010584675407339792,0.02173793086262152,442.4337339242176,0.0009474275925547838,0.006057362383508558,4942.8763735043885
490,Mythology from different cultures around the world often has,Mythology from different cultures around the world often has similarities.,476, a,573, the,7.573362733570839,0.9663677624144518,1.4819707870483398,0.44102008100537593,5.11033199828102,5.115442367897483,True,1,17.189548621321716,True,1,3.360324950427866,190.10812288616708,551.8644109076439,0.026908068367812496,0.017937050969165293,0.0007154125375702577,285.1885951983517,0.03638671039560651,0.0015748676395919599,140.5854585996085,0.017709878493935082,0.009543759962214227,288.8468359423988
1070,The eggs of the molly (Poecilia sphenops) are spherical in,The eggs of the molly (Poecilia sphenops) are spherical in shape.,7479, shape,1736, form,8.539388328182305,3.2243904792725244,2.1142349243164062,0.42172904985523624,4.038996910877034,4.0430357099899465,True,1,20.26876670829536,True,1,5.013254436069713,172.7698639578987,831.4105349884998,0.02340127854111855,0.002463664181898988,0.10380946115204692,1641.0660753583638,0.010504758217616837,0.014345487096619614,384.87660793654806,0.002524067115728644,0.003476980865824076,1601.7940588013282
4074,Goliath beetles can weigh as much as an adult human's,Goliath beetles can weigh as much as an adult human's head.,1634, hand,7762, arm,0.027636558937281563,0.015739299899933945,2.1182308197021484,0.35049398101065177,0.013047000676332163,0.013060099549354774,True,1,0.0789294808920244,True,1,6.043558901962877,142.45312780065723,984.0375698534817,9.167997748445731e-05,0.011870436215219538,0.07875516583578447,1.1002206921941018,0.02709002238613978,0.03980520275425246,0.48209999102978907,0.0005129303669249377,0.0034975201337713833,25.46173982182262
2096,The United States owes more money to China than any other,The United States owes more money to China than any other country.,3170, country,7165, nation,5.686594987383266,1.525134806863827,1.6063271760940552,0.30203418652145864,3.5401225055600376,3.543662659526774,True,1,18.84648075445081,True,1,5.318361978893216,151.55349008612467,870.6057975372272,0.02338225703355947,0.0006369098052194449,0.07355190084532823,5563.837501772827,0.01773842181328764,0.013161923428747923,199.77327728627236,0.0013513877605850328,0.004850196488965655,2622.239717483217
846,A jiffy is an actual unit of time for both electrical and mechanical,A jiffy is an actual unit of time for both electrical and mechanical engineers.,9841, purposes,8557, applications,2.256329546209649,0.6757933647491288,2.174928665161133,0.4475863933663645,1.0374269199502621,1.0384642145196388,True,1,5.046144882258322,True,1,4.8592381053713165,159.3456287933469,793.0107194827233,0.006517054922582209,0.016282008348029592,0.09408213102968954,63.77986009602502,0.020139558319062032,0.04389427945657351,51.56340561534239,0.014018436143982365,0.01293861271020391,74.0784638067789
3507,One out of ten people live on an,One out of ten people live on an island.,10534, island,5316, average,1.5236370693110644,0.5524627361153245,2.3539652824401855,0.5886812666942358,0.6472640359978546,0.6479112481292347,True,1,2.5908085558517975,True,1,3.9987090258618654,165.1492295331879,649.1499746028993,0.0039231866231566785,0.008152805871871501,0.048137836540854,79.47095249313287,0.012784996086028212,0.00998821678601586,50.67746941567621,0.034186766081067695,0.018717013855623924,18.952106981772744
1204,Shaving vanilla beans for homemade whipped cream can be a bit tricky at,Shaving vanilla beans for homemade whipped cream can be a bit tricky at first.,1370, first,3023, times,7.64730764555722,1.4964469481930176,2.2619130611419678,0.4307884902610735,3.3809025540956634,3.384283565272549,True,1,17.769636765887505,True,1,5.250634712832182,184.9745227144081,857.233088618541,0.01829594430416627,0.021141236210535885,0.1594521982115637,160.07973855313,0.032891837287468764,0.03208896760261276,102.8912898873516,0.027087965917678612,0.001705540441427197,124.93679206321801
3268,"In Oklahoma, there is a place called the world's largest McDonald's play","In Oklahoma, there is a place called the world's largest McDonald's play placed.",2040, place,1445,land,0.43376218802080757,0.2956826602050222,2.3383400440216064,0.3442967077917745,0.18550004697982223,0.18568549046304592,True,1,1.2611094260439222,True,1,6.791642270481554,123.24551229696584,1111.8536981335135,0.0015066308460435298,0.009248184857709976,0.06963945320324397,20.078047024356856,0.005208210430633287,0.029189200543598727,35.65245547124863,0.01690933895618542,0.018724795741053617,10.981238884866185
2280,Sixteen percent of Americans believe chocolate milk comes from brown,Sixteen percent of Americans believe chocolate milk comes from brown cows.,35768, cows,13910, cow,5.470111489341981,4.0423645218622415,1.35512113571167,0.2276796944788838,4.036621778811854,4.040658020864853,True,1,24.049494190432743,True,1,5.951875676250683,122.69338609519701,980.5314062631559,0.03293297340192186,0.023463433641974698,0.06762729608716134,172.2108572223783,0.0015352478859182459,0.05865505757055555,2631.925474659161,0.014797665850141818,0.013701944347966946,273.0604989857997
4128,"Pineapples are not berries, butberries are a type of","Pineapples are not berries, butberries are a type of pineapple.",9471, fruit,59755, berry,4.5883360507942506,1.8321894506008118,1.8539042472839355,0.3383394011607304,2.4749584869425685,2.477433536963055,True,1,13.574902001307866,True,1,5.4794212634856665,172.38429974714273,888.0994003692739,0.014371572936729225,0.005724518960759368,0.1403319672268421,432.775846135798,0.013550276022892199,0.01876580422359693,182.83269896329878,0.019987440386958762,0.007115369011863702,123.94951474524522
4120,Quicksand can be found all over the,Quicksand can be found all over the world.,2134, world,2040, place,10.782216757417117,2.3460189672079954,2.2354817390441895,0.508282471334673,4.823218445088798,4.828041470692778,True,1,21.23425370671282,True,1,4.398109219982716,183.84311895506335,712.5336061506395,0.026261746961945814,0.001099546837954524,0.161530115304791,4390.937524475387,0.011577433915844725,0.021312597835188688,417.02172569391075,0.06064241873969559,0.00512795073981436,79.61492254154462
2896,A man once tried to sue Burger King after burning himself with,A man once tried to sue Burger King after burning himself with coffee.,476, a,5342, hot,7.429134519008734,1.7345977025208492,2.451112747192383,0.5589775300447489,3.0309232113122526,3.033954330488141,True,1,13.303869038051232,True,1,4.38499317684546,186.24172660440348,713.9670705770851,0.016290411315465148,0.026294684584067467,0.154413429430669,115.38279992628172,0.010623144612592417,0.08146416860809551,285.59851542374423,0.0007465077698748232,0.01948172902592015,4064.1965869918326
3194,Anything below a surface temperature of absolute zero is infinitely,Anything below a surface temperature of absolute zero is infinitely hot.,7033, cold,85639, colder,3.9768260284546564,1.834262566194358,1.6403279304504395,0.31651217496671374,2.4244091407762633,2.426833417170518,True,1,12.57709228806659,True,1,5.182511580350007,153.80435440744643,847.5060815799579,0.015778704227980056,0.0028818852187704495,0.13529890155569832,842.0992624424929,0.011765022212546867,0.05834672481374818,206.2752941156719,0.014570261041468855,0.00016188095477649646,166.56073698772005
3416,Ants often hitch rides on the backs of larger insects to get,Ants often hitch rides on the backs of larger insects to get around.,577, to,774, from,6.571085678533876,1.5646999681907403,1.6786649227142334,0.36260929334521724,3.914471309681677,3.91838601925636,True,1,18.13979095842102,True,1,4.6294037568722315,158.62711389041044,784.5994683332252,0.02470186794146319,0.0004549689708191312,0.10196474709119405,8612.424737892903,0.0164618627388328,0.010348353711355637,238.02810662568956,0.007864212206106752,0.028396891700554573,498.2553772154874
1637,Red is the color of,Red is the color of danger.,573, the,11828, passion,0.3420857147778733,0.0678783148107942,2.628270149230957,0.6439727212578703,0.13015622266910767,0.13028635443875275,True,1,0.5317426475945976,True,1,4.0813379872760835,200.0365458123099,645.3422790740736,0.0006513127584246416,0.003162382632957513,0.1238194090287794,41.198795199841705,0.006143745353306402,0.06997657138412275,21.206340260934816,0.012991900347342338,0.0013978632849203565,10.028275383547298
1093,Trolls are said to live under,Trolls are said to live under bridges.,573, the,37376, bridges,0.25138289414465476,0.07112740734433687,2.962683916091919,0.6352312287647691,0.08484971777760698,0.0849347523423302,True,1,0.3961310262342521,True,1,4.663945149773827,217.313535520561,759.0777285842671,0.0003908396784345453,0.007192766066782209,0.23471542446204885,11.808357390431164,0.019229452402268192,0.039159691395089444,4.416909570046404,0.020732490169841335,0.026260167134802274,4.096698064079208
2678,Most people dream in,Most people dream in black-and-white.,2881, color,2656, black,0.36439092588805266,0.09642712143524634,2.1934614181518555,0.5707310109426899,0.16612597918183467,0.1662920362480099,True,1,0.6391016985563934,True,1,3.8432489791828015,185.2444491017164,625.7346204410306,0.0008976897124550282,0.013132652804401774,0.0870615003017737,12.66248630225513,0.0036850104830601807,0.038355217523444264,45.1266114472256,0.02833270339064171,0.0003576851109376532,5.869261183983458
1826,The body contains enough iron to make a medium-sized,The body contains enough iron to make a medium-sized nail.,37309, magnet,23393, nail,1.2333141389743432,0.8981319683722511,2.2246289253234863,0.3571376021583574,0.5543909480521589,0.554945274558784,True,1,3.4567832971834727,True,1,6.229052585287496,129.30582132628268,1020.2907508492247,0.004291726922011251,0.03317881992290038,0.09922427894110948,16.725889463469276,0.003422567162647978,0.017503524246675672,162.14299038895496,0.029748716373906,0.01632756901340259,18.65442755861401
2188,One in three New York City cabbies is likely to be part of an immigrant,One in three New York City cabbies is likely to be part of an immigrant family.,27899, taxi,6232, cab,0.1843176986537145,0.10081711309288366,1.7638221979141235,0.3466866323610575,0.10449902426201833,0.10460345892550929,True,1,0.5321864056037623,True,1,5.087655906127783,137.86283291577763,837.9406520736654,0.0007587502498908682,0.0029508205319972894,0.08889653978038817,35.448939639411925,0.006599276357569485,0.03554589750399493,15.850746848255158,0.016440905891347498,0.010317926873812246,6.362390224528922
3691,Pneumonia is the leading cause of death in children,Pneumonia is the leading cause of death in children worldwide.,1362, under,575, in,7.202477438898839,1.7283615630148175,1.9755733013153076,0.4337985729965129,3.6457657299294013,3.649411754505228,True,1,16.619879424794057,True,1,4.5541255804518865,163.04723036235185,757.125107960923,0.022382543673970245,0.009675890934702938,0.12379066100517094,377.16544958319844,0.005971890939456882,0.02542880121617834,611.0981917625452,0.023346661207486644,0.03139260791828222,156.31407515070978
3583,All human babies are born with blue,All human babies are born with blue eyes.,4628, eyes,689, or,4.980618018265979,2.2757248094228832,2.7354800701141357,0.5548202489180508,1.8207473242742969,1.8225678976954458,True,1,8.985970762564019,True,1,4.930390123696555,150.3166074094261,826.6802788690725,0.012124860513457516,0.027129200644041368,0.12454985190606033,67.18103941244405,0.08444412389069346,0.062229412311167936,21.58312282397082,0.0009375071724930066,0.01720923070673319,1944.0575508866748
835,The production of alcohol is a multi-step,The production of alcohol is a multi-step process.,2185, process,9541, reaction,10.096621752485063,2.5663332434146535,2.3078877925872803,0.5085947436884041,4.374832166847309,4.379207028602263,True,1,19.87185025583708,True,1,4.537773648527344,178.9385409903499,745.4977194841264,0.02447324653685665,0.010101878797083878,0.1375238246902196,433.50421407415956,0.01826593214970844,0.0479609024498495,239.747251479425,0.022690039274743154,0.009008033946167116,193.00129786363425
2166,Walking in front of a moving bus is much more dangerous than walking behind,Walking in front of a moving bus is much more dangerous than walking behind one.,665, it,573, the,21.158221504250193,1.2084881929473046,1.8019579648971558,0.4844278854465078,11.741795267381706,11.753536161266938,True,1,43.72039738218039,True,1,3.7197654205768553,218.861351867423,592.4697256782093,0.05370311414500782,0.004774623491464728,0.23592106351987033,2461.667644009615,0.012755781696460244,0.06954864752169634,921.4281367427735,0.0009447714340908873,0.0012241272184513033,12440.613398283847
2442,"If the narrator gets amnesia, the book will be much","If the narrator gets amnesia, the book will be much better.",978, more,2644, less,2.6940806996997466,0.7919034820512627,1.7142549753189087,0.3485726144226766,1.5715752548412802,1.5731469201485722,True,1,7.736622817126488,True,1,4.917927701498994,163.51618296588958,801.1430752897927,0.009620741455766123,0.004518672512398925,0.12516066660931263,348.14360098722926,0.01058069315702093,0.04012801406074987,148.6808942290037,0.008413617921038431,0.014252293003711138,186.97627286055916
2704,The lengths of day and night typically vary by less than an hour around the,The lengths of day and night typically vary by less than an hour around the world.,2134, world,113065, equator,5.941225070244627,2.566025236630989,2.8090035915374756,0.4656921639218327,2.115064960451961,2.1171800091862125,True,1,12.77059560415009,True,1,6.0318893758395,156.00880937518897,971.5581817979754,0.013570900372007585,0.002557731002110326,0.10378735567782553,827.7571048086664,0.0118803100218312,0.019600587061124358,178.20915492067908,0.0005139871078024506,0.010641679133766166,4119.130571656176
3892,Butterflies sometimes mistake windshields for leaves and get,Butterflies sometimes mistake windshields for leaves and get smashed.,17530, stuck,41445, trapped,4.972192210718198,1.9042375901664876,1.7281131744384766,0.3130588154183048,2.877237604726805,2.8801146735817733,True,1,15.8984959169888,True,1,5.520091287621226,149.77975072240613,901.0634256950797,0.019228998978103692,0.0124273757367599,0.07817912941279104,231.75566061485196,0.03465488884238913,0.04418921799433782,83.10846664897905,0.006238113303698123,0.026671067892965396,461.69643502216655
3150,"If All Lives Matter mattered, then white lives would matter MORE, not","If All Lives Matter mattered, then white lives would matter MORE, not less.",2644, less,64831, LESS,9.659184346811145,2.7806685877336967,1.4776673316955566,0.29847122187972375,6.536778704938727,6.543315350117807,True,1,32.39455769576815,True,1,4.95078656039173,187.93795249624665,770.424984361479,0.034816359671942715,0.007216537339997225,0.14103369829944118,906.7112164516734,0.05607887737975978,0.09467416067739304,116.68056950939335,0.023277170418618966,0.0246966160619857,281.1044140005923
3084,Streams in Virginia's Blue Ridge Mountains flow west even though the land slopes,Streams in Virginia's Blue Ridge Mountains flow west even though the land slopes east.,9110, east,575, in,1.6289040404339268,0.7887221877334849,2.545405149459839,0.4132179142582797,0.6399390056940825,0.6405789604933728,True,1,3.9459396814869487,True,1,6.159958295301789,151.58925093322,1025.6178025572206,0.004225754507986643,0.011163982036621781,0.09592573343587402,57.379074813274414,0.010057285256942253,0.016280846699357563,63.69302889675916,0.013161065440464349,0.007250506771388318,48.67227227089693
3117,Human hairs are virtually,Human hairs are virtually indestructible.,20745, identical,11623, impossible,0.8602227633843249,0.37703743208812757,2.106741189956665,0.43796930497870584,0.4083191459326902,0.40872741674568336,True,1,1.9660804720641678,True,1,4.810248570350969,153.31333182002922,780.3218577307756,0.0026659613478720724,0.0072057381082185025,0.06969006097410206,56.72249124340356,0.05435336993125103,0.01660883137929796,7.519817396100058,0.01679387177771292,0.004757898822441023,24.337890758943622
1738,Electrical outlets in the United States are different than in most other,Electrical outlets in the United States are different than in most other countries.,5605, countries,4942, parts,6.367081762768841,2.0834957044370785,2.089883804321289,0.3638155150240495,3.046619984136685,3.049666395426159,True,1,17.518353393614962,True,1,5.7443507328830155,141.1541886696679,941.82344581819,0.021605213590671794,0.022232110365333277,0.0861073814919342,137.17394998998972,0.02295774383087627,0.004362120797039057,132.8382448158782,0.03758484071712063,0.00613335937452583,81.14086257220659
3266,"In the US, tipping servers is not","In the US, tipping servers is not required.",476, a,31305, mandatory,0.22375711800001596,0.054776245858029204,2.7413437366485596,0.5622452120975038,0.08162315254692251,0.08170496826984099,True,1,0.39836956565576337,True,1,4.875707978248,172.1916966732768,810.2819390311038,0.00047450004761188437,0.01665420809880566,0.07818237484527368,4.90596537434286,0.01679047648882556,0.02564679471621173,4.86614947016051,0.010156917822608863,0.01814357318120049,8.044267926237351
3844,The brain of an insect is more complex than a human,The brain of an insect is more complex than a human brain.,9494, brain,235349,’,6.242045442990161,1.4711364228557666,2.6136789321899414,0.5995456089948183,2.3882219679370085,2.3906102263687488,True,1,10.421705541634275,True,1,4.359433180148515,177.9899924804455,690.6465082825205,0.013431149656525707,0.018079040156245136,0.11132710637460033,132.23103691945437,0.021322453000848854,0.03522972807146759,112.11703579665894,0.043650020021586466,0.015672544665834634,54.76767765940332
876,Water is essential to the human,Water is essential to the human body.,2971, body,7925, race,8.213266850915588,2.953989130243696,2.3798656463623047,0.4402027954055577,3.4511472794566407,3.454598693405696,True,1,18.67657427801284,True,1,5.406293446953356,143.85287619427396,881.8749453534093,0.02401480446411266,0.0027915614275862825,0.06671882433159744,1237.5148399985978,0.0008687916410147644,0.016447789561609097,3976.325887954748,0.020503335336360413,0.0021769972860723828,168.48959628921176
1825,The humpback whale sings the longest and most complex songs of any known,The humpback whale sings the longest and most complex songs of any known animal.,8205, animal,59178, mammal,2.7838413582391723,1.267561401393077,1.9618605375289917,0.3450414809093281,1.418980251137262,1.4203991275490568,True,1,8.07620333521015,True,1,5.685868977648481,146.5634889233814,934.7314983461373,0.009691357226707362,0.009418045227586828,0.03826161821540269,150.81676645473104,0.0029046919792833767,0.008288687727583725,489.0016351749237,0.02660320820174217,0.014795579238026494,53.39202387838467
2146,The domestic dog is the most common pet in the,The domestic dog is the most common pet in the world.,3520, United,2134, world,1.316870976505733,0.2762997788497268,2.117202043533325,0.46231336693843683,0.6219864469373233,0.6226083428776202,True,1,2.851286369065398,True,1,4.579582656870767,183.7106255963129,742.0063806151753,0.0033890709416326548,0.007470369264567633,0.1362444822624814,83.34371713466501,0.01335331124555099,0.015963207946409347,46.62576430883828,0.044178707336596144,0.002559552070372395,14.0929506636305
13,The Sun and all other stars shine through the vacuum of,The Sun and all other stars shine through the vacuum of space.,3641, space,192039, interstellar,8.227391623566742,2.7076760141256893,2.4835078716278076,0.44413757027769835,3.312810769620844,3.3161239711091826,True,1,18.542947289049284,True,1,5.591753339320125,168.78818286563882,913.0827031647488,0.019646659587235032,0.001052720471408136,0.17010280861655452,3150.0517574940677,0.013259456595523822,0.03232550649137876,250.09501311152164,0.0162907609093772,0.007980834417788973,203.5585685380953
1175,The drum is the oldest musical,The drum is the oldest musical instrument.,11755, instrument,77755, percussion,7.690894733818162,4.124163926285561,2.175227165222168,0.32388942303684687,3.5356742765910836,3.5392099411250264,True,1,23.769178757379382,True,1,6.715956146366314,125.24776082056468,1103.374718514056,0.028257670380195065,0.0032080740804091464,0.0914214494157786,1103.219518133337,0.018048933180235833,0.01100229770620016,196.0897026867259,0.029877352037969634,0.011231445404949697,118.45795225183348
416,Galileo was an Italian physicist and mathematician who is widely regarded as the father of modern,Galileo was an Italian physicist and mathematician who is widely regarded as the father of modern science.,8042, science,106409, observational,0.322815966750694,0.305082787185072,2.309250831604004,0.34780562264336773,0.13979250860612066,0.13993219351486033,True,1,0.9290778714316272,True,1,6.639486226112522,129.13888313998456,1072.8835842381482,0.0010835790902975055,0.029262247152681945,0.02790000107455316,4.782004361617705,0.03777173004199033,0.004604875898170477,3.704680547046682,0.03878476891215946,0.005364209888179847,3.6079161340829855
1767,Alaska is the largest state in the United,Alaska is the largest state in the United States.,3858, States,3040, State,6.2738390749418835,6.21818907853316,1.584489107131958,0.2204883928771979,3.9595343677041708,3.9634937158684647,True,1,28.48273710164472,True,1,7.186270281597683,194.30460460905084,1172.2902390213058,0.020398351978550295,0.020559831635439257,0.11792488473276153,192.77851035689113,0.009868977665054186,0.005499429045991547,401.61137763064363,0.006260935050922194,0.007726956883774788,633.0514026470644
4394,"A tree can’t walk, but bananas","A tree can’t walk, but bananas can.",798, can,708, are,16.475066396656388,2.941184858293658,1.69606614112854,0.45413295168005374,9.713693350245231,9.723407201569266,True,1,36.31434669530331,True,1,3.734734742924529,182.41554301826457,616.3467499381608,0.05330361130792291,0.020531257165133123,0.18612102031124916,473.59044423650226,0.015605820144450527,0.07622206357606345,623.0628772834433,0.027387186886457693,0.005214869808086165,355.03490160857876
2014,Hamsters blink with both eyes at the same,Hamsters blink with both eyes at the same time.,1069, time,3974, rate,5.175105664557576,4.971087093693879,2.208751678466797,0.2230437479701858,2.3430002181820058,2.3453432696162793,True,1,23.225402551779275,True,1,9.90277323267019,110.98533378548444,1608.3102540705636,0.021132010776752037,0.023558022223044497,0.016870232981384556,99.55603434833593,0.028301170676308194,0.032668030158656644,82.87089238960847,0.0066261371563395895,0.0008010547573286796,353.95332367552345
1896,Elephants are the largest mammals on,Elephants are the largest mammals on land.,573, the,6683, earth,0.8216296806041399,0.2373664951743959,2.8025145530700684,0.47914367090861165,0.2931758836734924,0.2934692745682625,True,1,1.716503656896856,True,1,5.849006371866667,181.2365517657222,934.9522020566551,0.0016192609697607764,0.0037748473878502047,0.08736345102333662,77.74334811860957,0.0058509819136588126,0.018423784517880855,50.15726913856523,0.02265485150832301,0.0013338124946975487,12.953926202537538
2463,"If a rooster and chicken mate, all of the offspring will be","If a rooster and chicken mate, all of the offspring will be roosters.",53190, chickens,120910, roost,3.577390257370382,1.1839612204914252,2.0088608264923096,0.41431258463903764,1.7808054247425873,1.7825861680900492,True,1,8.643154054013873,True,1,4.8486598901833595,188.59439203091563,795.9761607549776,0.009451957446315986,0.013332297915683336,0.1049651162429542,133.70434559470195,0.037887474268237506,0.04270127665435869,47.04948541751853,0.0068119810523033075,0.012608399074625402,261.68395866094056
3814,The longest recorded sneeze lasted for nearly an entire,The longest recorded sneeze lasted for nearly an entire minute.,9428, minute,2257, second,5.85149721345887,2.685797878986974,2.1319022178649902,0.371839039938389,2.744730581179702,2.7474754396474634,True,1,15.75237721728008,True,1,5.733400557459146,163.91111275380038,935.1148105157347,0.016761983940492536,0.008636722983848277,0.15267904678565605,318.1154987586816,0.015438443035030981,0.045617085454495665,177.96324625567723,0.009390894661957704,0.0037924259941526373,292.568018122642
3100,"Apples, not caffeine, are more efficient at waking up in the","Apples, not caffeine, are more efficient at waking up in the morning.",5764, morning,77263, mornings,10.421408741067882,3.4545409891051824,1.5742371082305908,0.2841220195769531,6.619974009367194,6.626593293549908,True,1,36.716021146434336,True,1,5.540708403241288,157.7990769827031,909.8727430874578,0.04199386599882502,0.0012390856653821261,0.1252163585510248,5347.970264433903,0.023235335315272766,0.06284624544305448,285.194648738045,0.02440256254293467,0.0028951335995853257,271.55317323296936
4322,A pound of human flesh is worth more than a pound of,A pound of human flesh is worth more than a pound of silver.,4394, gold,3515, human,4.298596558140304,1.6222524728734022,2.3000271320343018,0.5234172558824082,1.8689329783420119,1.8708018806430688,True,1,8.22077421367554,True,1,4.394251630135059,176.63355286177324,708.2117942376375,0.010591429829343284,0.005354921546612459,0.17950169736487365,349.36121180459577,0.019055644142097657,0.07066369042359066,98.17573558219952,0.005530574421041539,0.03013965914532343,338.2653840666974
4252,Apples float in water but sink in,Apples float in water but sink in honey.,12678, alcohol,76546, ethyl,1.5057542210874537,1.153966429881243,1.9617973566055298,0.31339886172555215,0.76753810275942,0.7683055630870155,True,1,4.809398092149689,True,1,6.259746542541946,133.52137956067054,1002.2352158893558,0.005754176339512029,0.018002179722999605,0.09490184911182155,42.67847421306585,0.021822021231623828,0.027657347750616047,35.20780934689999,0.048707386251456916,0.012473843889667345,15.773902527238038
2854,Health can be improved by sleeping on the left,Health can be improved by sleeping on the left side.,2857, side,235265,.,7.755854178555033,2.7348076385194844,2.687325954437256,0.4986450620698411,2.88608613545697,2.8889719852572915,True,1,15.569411052044448,True,1,5.389256500754138,165.71919388821786,872.753770805504,0.017432935301423095,0.00807915775347755,0.17660956933870745,357.58331170273016,0.047257133176583005,0.07024848027206367,61.13303518565623,0.01730568848475847,0.00456654005378926,166.93770882341246
1089,"At one time, camels were the primary mode of transportation in the Arabian","At one time, camels were the primary mode of transportation in the Arabian Peninsula.",50062, Peninsula,21459, desert,1.5579496029680797,0.7270251405409589,2.2718396186828613,0.42841536357940097,0.6857656632783472,0.6864515805761049,True,1,3.6401768346442345,True,1,5.3028894355363185,163.88021743221978,869.0585366046023,0.004188739747431801,0.0029708609292440733,0.07056364382116756,231.0614993178999,0.010543149010975524,0.001383041919449825,65.10878105407615,0.0026013043014972404,0.010981416496292543,263.88745837271017
3517,Most hospitals in the United States use a toilet to help flush veins during,Most hospitals in the United States use a toilet to help flush veins during surgery.,476, a,5330, blood,0.022129725213495988,0.007281779193430982,2.5674002170562744,0.5600564502314388,0.008619507417067001,0.0086281724065633,True,1,0.0395531062648056,True,1,4.58418126122726,174.78388223486635,757.4506342556966,4.936480581755913e-05,0.014423062881560146,0.0578538821263014,0.5982205359164314,0.0020790703337999704,0.07052298584829432,4.150014680260175,0.008956781867412873,0.0034561358507131414,0.9633116597329293
735,Citric acid is found in all citrus,Citric acid is found in all citrus fruits.,16803, fruits,9471, fruit,5.546795023295058,2.1460353792890317,1.22732675075531,0.22774127307623548,4.519411819127629,4.523931462962127,True,1,24.38004241876194,True,1,5.389127270906678,145.62427291362926,877.5360104194781,0.031065778887323963,0.0039847403708344175,0.10268509914880077,1135.3139833335742,0.008386101866900546,0.006439018821041073,539.45582044714,0.013243130280345664,0.009024013452210426,341.60590186718645
3813,Alpacas make great,Alpacas make great lifeguards.,25195, pets,44168, companions,9.516089632153175,2.424811187809274,2.0240745544433594,0.4532638569291017,4.701452133402366,4.706153665766295,True,1,21.01558625789845,True,1,4.465554622827327,171.35826615579214,730.6602711443946,0.027463826352489156,0.006438481470805618,0.03688547952321403,730.9415561892478,0.01765275071736234,0.013453093002332052,266.59605299572735,0.01544582708071292,0.03552912006325087,304.6877089309663
2467,"Although organic foods are becoming increasingly popular, very few people know what the term actually","Although organic foods are becoming increasingly popular, very few people know what the term actually means.",3454, means,20604, refers,9.079301378192078,2.843331365815377,1.9819483757019043,0.34111935610413474,4.580997915738676,4.585578716068727,True,1,26.642817187332184,True,1,5.810131901993256,139.98874493066157,939.0934139474389,0.03275676711252772,7.448051550561924e-05,0.13908657246991246,61567.4943297454,0.0468892617603297,0.030490688406711916,97.79592477927048,0.011916082476391808,0.004791261626769527,384.82267348801037
1618,"Antarctica is the driest, coldest, and windiest continent on","Antarctica is the driest, coldest, and windiest continent on Earth.",10379, Earth,6683, earth,3.327800234222174,0.8881713888639597,1.019594669342041,0.1985086112278102,3.2638462462437654,3.26710985561193,True,1,16.78077295952076,True,1,5.136274475342893,174.1997040819866,847.5714759379315,0.018754967884872374,0.03688310928920965,0.09883286857655721,88.58010939353588,0.019583748680906416,0.0026556579653948913,166.82760327685713,0.024385259270625934,0.0019838910458962315,133.97888533206756
1067,The band suede got its name from the type of,The band suede got its name from the type of shoe.,11720, leather,22043, shoe,3.5203429555207677,1.065531845747928,2.0296642780303955,0.43404777634705394,1.7344459345448697,1.7361803427910039,True,1,8.11860721080694,True,1,4.676131281244574,177.50460050933188,761.9608136890971,0.009781044197216333,0.004052358097057838,0.12684385454881725,428.4370485548982,0.008129329687112228,0.03421078372974945,213.56992637947067,0.02415971121713781,0.020688220528606208,71.86262812443866
4168,Kissing can aid in reducing tooth,Kissing can aid in reducing tooth pain.,25424, decay,23284, sensitivity,3.970189921560035,1.7826670813077095,2.2837865352630615,0.42782453465320597,1.7384242617503314,1.740162801928499,True,1,9.289228855486751,True,1,5.338137813997724,132.4088642727578,873.9477096773076,0.013142343690402949,0.020030637028775115,0.04909420705580235,86.87506041014367,0.014312722847872866,0.0368481475604399,121.58153416539601,0.0027309152145986197,0.008680050758685262,637.2086517465398
2445,Recent research has demonstrated a form of communication in ants called social,Recent research has demonstrated a form of communication in ants called social anesthesia.,85945, grooming,189132, pherom,0.5586827384523936,0.4130555782803391,2.2938623428344727,0.3832240454709621,0.24355547759768453,0.24379916293712736,True,1,1.4593074266277615,True,1,5.985694983719439,137.53537784469177,970.5476995276103,0.001772628735658335,0.02663455894807469,0.09343355010343066,9.153489772908392,0.025534103978534423,0.029717596179278265,9.547981912428973,0.010268868831984634,0.006657600890833714,23.741579226113167
3379,The MFFA is the fourth letter in the modern English alphabet and the ISO basic Latin,The MFFA is the fourth letter in the modern English alphabet and the ISO basic Latin alphabet.,40027, alphabet,3285, character,2.20233608072402,1.7259235420369523,2.508527994155884,0.3883899914335022,0.8779396067553566,0.878817451994854,True,1,5.676094205705792,True,1,6.458786398496589,137.27720185072104,1048.6888612463683,0.006401772764501013,0.0043616792431837,0.07950505182297815,201.48603393251423,0.004968731994855626,0.00960471017986183,176.86956207433548,0.014596822053142946,0.0020208590276041506,60.20608107677997
4224,The Turkey is the national bird of the United States of,The Turkey is the national bird of the United States of America.,5783, America,21355, Turkey,4.245914367122955,4.14841059123413,2.036986827850342,0.24169155352243654,2.0844093388682943,2.086493772638835,True,1,17.58505882184522,True,1,8.428042801970602,154.83391462091203,1367.692770016002,0.013475689597768724,0.00336563511410918,0.03215369664842605,619.9405764136409,0.017915262458223606,0.0051411827883311705,116.46459422541567,0.006883742198454064,0.0037317285024952244,303.10457778436495
377,Many items viewed as harmful in large quantities actually have positive side effects in very small,Many items viewed as harmful in large quantities actually have positive side effects in very small doses.,15992, amounts,33579, doses,2.0837842683651644,0.42766100830247344,1.97734534740448,0.3783041193142049,1.0538292014090505,1.0548830468243258,True,1,5.513733316402875,True,1,5.22686693373422,164.11340625150663,855.8184636342203,0.006427768888104725,0.019690666267668813,0.09804218058337905,53.57274520245139,0.029592733909123176,0.05620772902397043,35.64669117979379,0.025979160870540027,0.01877929035443014,40.60496996346588
654,People used to believe leeches could cure people of,People used to believe leeches could cure people of diseases.,832, all,1024, their,0.5772174355817512,0.17320344303504598,2.125868558883667,0.49425587123556647,0.2715207547379405,0.2717922363981357,True,1,1.1690191652292738,True,1,4.301149954544075,189.02311445668957,711.8002296200385,0.0014378783101704254,0.03501439079849759,0.11940264402741183,7.7623008768668305,0.07292420427502543,0.06622728365643554,3.7270511087526152,0.020625519824436164,0.02355160791337893,13.1774732812372
3220,Glass actually levitates on top of silicone,Glass actually levitates on top of silicone oil.,235265,.,4684, oil,0.3590736875978138,0.08869463675987954,2.7909319400787354,0.781103620775604,0.12865727122951048,0.12878550448496942,True,1,0.46015868571758817,True,1,3.5730627259474947,193.72101293044,582.9643885144553,0.0006647988389943678,0.01778317406818574,0.16303612578795929,7.241986385060913,0.05422914305874801,0.09552650403900996,2.374839380099596,0.05320199074520739,0.005128457815474203,2.420689577232988
3588,Hurricanes derive Most of the energy stores which fuel the turbines is collected through embedded wind,Hurricanes derive Most of the energy stores which fuel the turbines is collected through embedded wind energy.,84742, turbines,49557, turbine,3.876397520953862,1.4063666332228164,1.1229300498962402,0.21712594995629123,3.452038282626816,3.4554899787041564,True,1,17.871073815748755,True,1,5.171791533439952,156.486338522147,852.8893739598808,0.022081735768998852,0.009736404468385577,0.13061950374600378,354.9041116691737,0.024223474213759325,0.024694004475513284,142.6504698793942,0.0038654032688517008,0.0011390440621250279,893.9532924156404
4365,The Apollo astronauts left a replica of the Statue of Liberty on the,The Apollo astronauts left a replica of the Statue of Liberty on the moon.,16447, Moon,11883, moon,0.7853740803283706,0.5359135051374553,1.0209752321243286,0.14006328722183742,0.7692391114074864,0.7700084052233638,True,1,5.612887542130428,True,1,7.289384770419803,127.13597983447103,1213.9830332144168,0.006056573491044015,0.006424282325204732,0.08517933075246133,119.8590544818288,0.012117419882221519,0.014045167175980889,63.54557428129627,0.014622699048294583,0.007370257087681612,52.65843211846505
1329,A Liger is a hybrid offspring of a male lion and a female,A Liger is a hybrid offspring of a male lion and a female tiger.,31469, tiger,57723, liger,2.178429607042677,2.040099690026351,2.120328426361084,0.3304397175847302,1.0274019722413035,1.0284294242737366,True,1,6.5991099777685,True,1,6.416687253409445,144.92871029676283,1052.6262391372948,0.007096105541599565,0.0141603648764822,0.007114702699193086,72.62732516036868,0.008462210465920326,0.010706212390168572,121.53200731836058,0.0035927576151027134,0.0038308128776735947,286.25071169582225
4206,Ants hold funerals for deceased members of the,Ants hold funerals for deceased members of the colony.,34623, colony,2778, group,8.933607738687765,3.5065274718370087,2.444103956222534,0.4438295890418613,3.655166841796301,3.658821952947697,True,1,20.148592120484967,True,1,5.5068523091845,163.86626182027217,892.3516442061202,0.02232809800079944,0.003151916288502982,0.10434599359659033,1160.8245962285603,0.010910086096925703,0.0033836551478895983,335.3614188231473,0.009027289910353264,0.003709139895932986,405.30679631230726
2404,Santas elves make the toys given on,Santas elves make the toys given on Christmas.,9271, Christmas,573, the,8.689831012176974,2.9808596747629714,2.656169891357422,0.49524509592456617,3.2715644584526484,3.274835978056025,True,1,17.564072140567415,True,1,5.363344075324842,202.9017519749164,849.5852797552049,0.016140008384259167,0.007546448148814415,0.18651679107812758,433.9572622082507,0.0041321979208713035,0.03709283730793167,792.5167285708092,0.0071607195691864136,0.026117394737500813,457.33336523163206
3439,Zebras are not white with black,Zebras are not white with black stripes.,44735, stripes,18881, spots,5.7163906238295965,3.3526032956761864,2.1175196170806885,0.30379925018355824,2.6995691457680473,2.7022687471117144,True,1,18.83515913771218,True,1,6.970128029583993,125.47497881805245,1143.5486309718094,0.02153631562696013,0.0033981370324736556,0.06492692897665478,795.2206521655816,0.012903122927032162,0.031600408342549464,209.42749769905984,0.028943637349095955,0.011545323985720207,93.36313589473988
1052,Brown bears have been known to attack,Brown bears have been known to attack people.,17611, humans,1461, people,0.8675492198748174,0.1325486830707101,2.1007297039031982,0.5716606946645488,0.4129751763222529,0.4133882878151504,True,1,1.519112701073855,True,1,3.674784085206442,183.93740908987135,595.9629740537363,0.0022474399843980075,0.022784835308949175,0.01911751547511813,18.143132579623444,0.012625122787701028,0.016724420312934522,32.74330830412671,0.014628202087118684,0.00643852839227264,28.259678486337858
161,The length of a human nose is about one-tenth of a,The length of a human nose is about one-tenth of a foot.,16198, meter,59165, metre,4.793672661826555,3.034821394121565,1.3861570358276367,0.22111284121649777,3.458246459763041,3.4617048707079796,True,1,21.70143817477693,True,1,6.269002987056664,131.32780030589197,1049.62920157769,0.026359269420830098,0.005163920890311867,0.0895650857223839,670.3636527822399,0.010767230448579015,0.020353046226491655,321.5037411189459,0.01609943657943489,0.0013292689034584545,215.02024953655177
2397,Goat spit is often used as an,Goat spit is often used as an adhesive.,38152, ingredient,11023, alternative,1.9337334660161432,0.5465040705311053,2.3258347511291504,0.5656129298329424,0.831414813574933,0.8322463162333109,True,1,3.422247475787446,True,1,4.112060827467883,172.43148194176416,671.9658917368746,0.0048265334546877476,0.01111894952758484,0.08456656841148577,74.84936541609467,0.0040203245613999825,0.029221653765661895,207.00973354835335,0.035709395935866244,0.00024533713978047364,23.306087779474563
2906,Sir Issac Newton invented the cat,Sir Issac Newton invented the cat door.,479,en,235290,-,0.5868198678575922,0.43696415601914673,2.0542190074920654,0.3605626695886667,0.2856656791303003,0.2859513878702629,True,1,1.629139164910409,True,1,5.69725916367839,193.81984585519618,961.2051911969862,0.0014753462763761494,0.001609758195262182,0.06430188953192917,177.63623674156221,0.04118610666767546,0.012374089800095068,6.94290893231453,0.009040738989146329,0.003316636959863648,31.629205114046087
3436,The Dalai Lama is not a,The Dalai Lama is not a philosopher.,53227, Buddhist,11527, religious,2.537268717057316,0.5894522405367875,1.8012416362762451,0.5491483785501069,1.4086220671107066,1.4100306431375316,True,1,4.624990234466035,True,1,3.280063633351068,188.55888450860812,534.2100734142597,0.007477932672396355,0.002728850241295115,0.02789002554468194,516.7123581205869,0.003940307622048798,0.03541247978578843,357.84785818432454,0.044693267786147926,0.008192904570186413,31.54906125648193
4249,Tornados are inspired by,Tornados are inspired by whirlpools.,573, the,476, a,12.23844303855278,1.494454758304239,1.4819707870483398,0.44746757649117785,8.258221515235293,8.266479774577844,True,1,27.377808220189337,True,1,3.3119065148365983,231.0619524842076,543.48818364032,0.035776031863761014,0.017937050969165293,0.22087640545259654,460.86058342524336,0.03638671039560651,0.06967391589732058,227.18403737799764,0.017709878493935082,0.004902546367038185,466.7722467666156
4434,Television brings people together rather than isolates people.researchers have,Television brings people together rather than isolates people.researchers have found.,1942, found,13437, discovered,9.152167035451107,1.6289722846464683,1.6816715002059937,0.37831214630199067,5.442303704576088,5.447745785344266,True,1,24.21629678400182,True,1,4.445195818268434,174.2540846504107,720.0486876333794,0.03126323148334547,0.009670814014367946,0.20725952632212497,563.3182250481232,0.02274501589139955,0.051549960865703195,239.51382629739967,0.024251121840957086,0.0038549992356627385,224.63891860638427
3298,Bananas are curved because of the way the represent the female reproductive,Bananas are curved because of the way the represent the female reproductive organs.,1812, system,29998, organs,0.11577578521563936,0.0376560594234332,2.3807787895202637,0.4364875481077243,0.04862937528058566,0.04867796325849076,True,1,0.26550920514869064,True,1,5.4544025134900975,161.84461506111342,892.7765346014788,0.000300769742880291,0.0011011333856304514,0.13523689397757657,44.20714501415313,0.013234433461160064,0.031133986019303738,3.678129736444638,0.005149692693551613,0.00935776916382793,9.4525957479841
381,The lifespan of a housefly is two,The lifespan of a housefly is two weeks.,577, to,5976, weeks,1.6195443410944108,0.5626687916715312,2.577599048614502,0.4537662648076143,0.6283150755991085,0.6289432697297317,True,1,3.5726840328188065,True,1,5.6804551455873815,139.45382947734888,970.0303375117154,0.004510046601709774,0.011517818608575552,0.11157185544357534,54.606109985223604,0.008897740113741165,0.034820813638939185,70.68573162284515,0.006510445973888206,0.0009769132106825069,96.60525135332789
3591,Most people have one kidney but two,Most people have one kidney but two ureters.,77817, kidneys,708, are,0.07544893843812872,0.013712419713494128,2.8473448753356934,0.8377422404397733,0.026497997868710415,0.026524173859054794,True,1,0.09015119709251448,True,1,3.398831479976096,200.67135532529093,561.9804953595335,0.00013217718002680927,0.01597071310570005,0.07686575091864789,1.6608008473703122,0.004103146064426605,0.06313744415885941,6.464350389330198,0.0181126191302322,0.023595948907487115,1.4644030036927498
889,Most people believe chimpanzees are more closely related to humans than to,Most people believe chimpanzees are more closely related to humans than to gorillas.,28459, gor,1156, other,2.4752662560061047,1.2388104449581638,2.472161293029785,0.4288615869873348,1.0012559710343634,1.0022571532844025,True,1,5.7774849136311035,True,1,5.764473613082483,151.80547399942597,915.8509016527361,0.00660224645975673,0.007471709319616838,0.009290556431183861,134.14027639605763,0.031104400171201616,0.010932814844588329,32.22235914429735,0.01374832155335796,0.004238049563621738,72.90032818876033
1582,Most people can't properly swallow a queen-size,Most people can't properly swallow a queen-size mattress.,29905, pillow,3609, bed,2.6244352781605187,1.1148269998383342,2.2414281368255615,0.47578356844528596,1.1708763868188938,1.172047210856645,True,1,5.521543460706602,True,1,4.711024785998958,174.15584468994442,779.4366059082478,0.006729875835882974,0.007275825946386345,0.1454555517846255,161.08785717156428,0.022920613795132494,0.05831132133652413,51.13507087255863,0.02751511666414875,0.007151167365830623,42.59648342264826
1935,"In Oregon, United States, there is a town called","In Oregon, United States, there is a town called Boring.",141184, Ashland,29954, Portland,0.9256799261714157,0.3846342392810753,2.083174228668213,0.5508392883040795,0.44436030046474273,0.44480458095436076,True,1,1.682170309605578,True,1,3.781818761839994,239.31260192869559,619.5028024861487,0.0018586759634450533,0.017095013006925227,0.1653006666927546,26.019552063175936,0.013543389107547408,0.00010141197771942195,32.84293003931208,0.020316908239147908,0.026866247031805998,21.89332036738164
3573,Science has been able to develop a theory of absolutely,Science has been able to develop a theory of absolutely everything.,4553, everything,4285, nothing,9.157479461010446,2.649020255542145,1.9816163778305054,0.48243961859700596,4.62121708493152,4.625838306475432,True,1,19.00058860737892,True,1,4.107490869445467,174.86918313495394,666.3835452713578,0.026453136130369388,0.016185102396376237,0.12438796936425302,285.8084053586917,0.01558511953709761,0.08707478709386712,296.8112176146256,0.048095221996925105,0.00377327972711909,96.18082866466814
1144,Drinking alcohol kills more people than all other drugs,Drinking alcohol kills more people than all other drugs combined.,11943, combined,235269,",",9.01726327788824,2.285764953571677,2.643167734146118,0.5230146772577685,3.41153652921739,3.4149481548105225,True,1,17.25817905425647,True,1,5.053716270903104,176.69402227636726,843.8148899519122,0.01932690257890671,0.010404159529105122,0.1912172220273733,328.22912271360065,0.06811372557587682,0.037917990891574896,50.13597664697351,0.009034730471820886,0.012360423636660268,377.98008091792735
2446,Armadillos are the only animal in the world with shells on the outside of the,Armadillos are the only animal in the world with shells on the outside of the body.,2971, body,5239, skin,3.391336239441536,1.1631588190906839,2.227537155151367,0.45406631021343835,1.5224600099705565,1.5239824304611194,True,1,7.476281457442574,True,1,4.905753050696546,162.15280744938713,799.1897378210651,0.009398433825678912,0.009387073534591676,0.1136934403171348,162.34904572177834,0.010054368762128821,0.023758747965045426,151.57415313842588,0.03807605176566398,0.020433004957020513,40.0246968840243
4245,"On Saturn's moon, Titan, there is a holy mountain emerging from a methane","On Saturn's moon, Titan, there is a holy mountain emerging from a methane sea.",4176, sea,13492, lake,3.7902666035655344,1.4147608809032375,2.1002466678619385,0.37385941361598085,1.8046768798943242,1.80648144877935,True,1,10.148352187970781,True,1,5.617745034042881,165.2395709127935,921.5487377341877,0.010932499030348698,0.019125721528823178,0.1310497598391328,94.45298291397346,0.005478005996010359,0.028378646074086338,329.76989256583755,0.0166881482695777,0.010127058756212526,108.24936473464491
770,Drinking alcohol can temporarily alleviate,Drinking alcohol can temporarily alleviate anxiety.,7512, stress,573, the,0.3275436948668542,0.07348908769487572,2.682347536087036,0.5784025584951504,0.12211083405868782,0.12223285057316953,True,1,0.5668560400389215,True,1,4.637509780560972,173.33310719283233,724.0873305312674,0.000705190442568978,0.005604769111194689,0.10338376723000318,21.808721848867542,0.00782211731420888,0.05632464832501624,15.626568314327567,0.027942916672899217,0.001483388949929563,4.374376948692638
290,"Lasagna, the food, actually IS","Lasagna, the food, actually IS Italian.",573, the,476, a,0.22493724187546604,0.026294088499063673,1.4819707870483398,0.4587304424660954,0.15178250734852636,0.15193450914291265,True,1,0.4908383714193618,True,1,3.230591747643515,213.50258257475448,530.814967756854,0.0007116284370457919,0.017937050969165293,0.19768720658991956,8.470428578482373,0.03638671039560651,0.05244696077541321,4.175549465478965,0.017709878493935082,0.002226939444484365,8.579082527017002
1575,"The internet was originally developed by DARPA, the US government agency responsible for developing new military","The internet was originally developed by DARPA, the US government agency responsible for developing new military technology.",14363, technologies,6178, technology,0.5115862360464263,0.15894087888688735,1.246295690536499,0.22914342233851895,0.41048544091988415,0.41089591770742584,True,1,2.2348352123446,True,1,5.438932625112843,136.61953524543375,880.0696463858609,0.003007592706045011,0.018225650031672626,0.056347206055879014,22.544925256074205,0.031295793439970174,0.05270023070794869,13.129429630713252,0.012846982868504418,0.01791610262749183,31.983845694600845
158,Every planet in the solar system has a moon—except,Every planet in the solar system has a moon—except Mercury.,604, for,10379, Earth,2.7092649558797035,0.8847750534877652,2.657790422439575,0.565424465213311,1.0193674162588335,1.0203867562940114,True,1,4.796350713518377,True,1,4.700522310715262,178.39084468686775,771.1740519036528,0.005719950247923947,0.00161810986168408,0.09851636612996292,630.6041267383561,0.011295859009191235,0.028993872246993437,90.33281625272954,0.0423867272479831,0.005258912830381018,24.07326119622894
4135,LeBron James has never had a losing,LeBron James has never had a losing season.,3891, season,3661, record,4.1436580955265185,1.2752055014112273,2.4244372844696045,0.5061615871821843,1.7091215854787636,1.710830892362837,True,1,8.194619887156295,True,1,4.789847976054877,161.2684761339933,784.2385290421087,0.010608588444410904,0.01044852930839708,0.1314263834801414,163.73891883405142,0.00089538632033728,0.050865766659324796,1910.7181486962968,0.006554929715607516,0.00036811433819918145,260.9991207517129
3146,"The more often a female fish is disturbed, the more likely males are to develop female","The more often a female fish is disturbed, the more likely males are to develop female characteristics.",10314, characteristics,29881, traits,3.609921799621624,1.3136322404767609,1.5346314907073975,0.29398391141556146,2.35230530683142,2.3546576878106644,True,1,12.29159743020546,True,1,5.220120739347916,157.90844419471486,850.4963682237593,0.014911537504018255,0.005231846036953289,0.08401255209906525,450.06249633100344,0.03402734808105567,0.040038741996921076,69.19897731088814,0.047181957834268984,0.009936222244155217,49.90589191066675
518,Apple wasn’t always the tech giant success story consumers know,Apple wasn’t always the tech giant success story consumers know today.,3646, today,578, and,7.715869820741908,1.108883082314528,2.4704535007476807,0.5515594397043299,3.1232604938351223,3.126383716551124,True,1,14.003179484849042,True,1,4.479034166764621,189.61750034530877,732.4249390461922,0.016487843742575062,0.0054188458411742945,0.14950547239623954,576.9464214677897,0.058158522132226935,0.008459336291694269,53.75624417420891,0.021390522904756567,0.0003742091013001919,146.1574235689169
3434,Elephants are the only animals with radial suction pads on the bottom of each,Elephants are the only animals with radial suction pads on the bottom of each foot.,4701, foot,576, of,3.715239762323254,2.141977227018174,2.578828811645508,0.39074608851692433,1.4406694021510567,1.4421099592126276,True,1,9.517574392743525,True,1,6.599756372211721,137.18040848271113,1091.3055323536087,0.010512506670326594,0.0011370183545557954,0.06097076971609515,1268.326015525074,0.02504675422613549,0.014762755613955104,57.5767201687088,0.004865586871419405,0.008175156404464309,296.38972591027454
4183,Every american president has been,Every american president has been white.,476, a,17710, elected,10.791413878672024,1.972281797047316,2.8101344108581543,0.9267043239813552,3.8401771235478233,3.8440167094001234,True,1,11.65658114728593,True,1,3.032396066016319,189.8306245206651,509.85937560699205,0.02024971850093482,0.00819555710083437,0.04644162567482971,469.0366575578826,0.035620534609603904,0.030783837167745756,107.91575004502349,0.004104296520500689,0.002206192532135413,936.5835753336814
1617,The Canada lynx is the provincial animal of British,The Canada lynx is the provincial animal of British Columbia.,17909, Columbia,28551, Colombia,6.126836753217871,5.324108004841367,1.5680980682373047,0.23184436437769526,3.907177030136281,3.91108466358413,True,1,26.452933841301945,True,1,6.763579957141709,153.66315068151454,1121.3954216689829,0.025452326379083078,0.0019085566022631287,0.08508888159493379,2049.2369254055357,0.04014501627886144,0.0029702606407329447,97.42391524806857,0.03074234488562105,0.006827594259047026,127.22141652289642
1055,Florida is the flattest US,Florida is the flattest US state.,2329, state,3040, State,7.9350380745247335,3.5503164188296967,1.1887664794921875,0.1955302575141084,6.675018358453706,6.681693682926407,True,1,40.622730772848435,True,1,6.079705640599905,128.3128521572799,995.6525277046823,0.05207345617051906,0.015343310076646709,0.07046944571296283,435.47928377568815,0.008437816282004462,0.0017813134044856755,791.8747528524198,0.009287618959606243,0.0035362634539177103,719.4194456067224
3783,Most Americans have some Irish,Most Americans have some Irish ancestry.,575, in,5330, blood,0.4112766651591784,0.12813277452950023,2.5722649097442627,0.5592876783522422,0.15988892263824722,0.16004871556512376,True,1,0.7360928720452785,True,1,4.59918012741416,167.4993356561807,761.9158680062243,0.0009555185095996408,0.015155310737995562,0.08071398809282715,10.560569712626807,0.011725323215279962,0.035199321718790824,13.649834006840411,0.008345648831485728,0.024468550022695865,19.177504205701307
1728,Research suggests excellent students are more likely to come from households where at least one parent is highly,Research suggests excellent students are more likely to come from households where at least one parent is highly educated.,33793, educated,235290,-,10.032535299955349,3.866466142926602,2.8407115936279297,0.5496135925714344,3.5316979458455324,3.5352298859657343,True,1,18.272051190454132,True,1,5.168560964872777,149.58288990111708,865.017851451044,0.023633918881382256,0.008552117254664909,0.0496998275217555,413.3748147615,0.06489288577562852,0.03292749601732912,54.4779268745888,0.02477256544343073,0.008165884772426454,142.70745975173992
1324,"Numerous strange things have happened in the Bermuda Triangle, which is located off the southeast coast of","Numerous strange things have happened in the Bermuda Triangle, which is located off the southeast coast of America.",573, the,11651, Florida,2.570123089699287,1.53522284769267,2.4883642196655273,0.40227900032735026,1.032856472291162,1.0338892235431283,True,1,6.395295106532291,True,1,6.185667633342455,159.72613372849162,962.80708203548,0.006472887056169351,0.009058549540576995,0.09121053880566632,114.13408061764306,0.004531812928457124,0.012882614153850173,228.14031379161992,0.007743537125080391,0.0024088678015350843,133.51640301361564
2073,Cats can be left- or,Cats can be left- or right-pawed.,1833, right,33595, righ,6.651369171737157,6.2205880221046845,1.8660625219345093,0.23097354691483085,3.5643870950485717,3.5679514472993716,True,1,28.82590122296641,True,1,8.07911812947598,106.22324487960536,1286.9614383268763,0.03358917769216454,0.00854240408502357,0.025534625450669434,417.67533024510715,0.0510471746339548,0.030366553126779522,69.89517976037199,0.0025220025543388723,0.0011510735355129242,1414.7295137195802
2774,"Of the periodic elements in the periodic table, hormesis is largely only observed with a limited","Of the periodic elements in the periodic table, hormesis is largely only observed with a limited few.",1758, number,1142, set,5.983083209437524,1.527777108076377,2.1182713508605957,0.3902201842133326,2.8245121697967357,2.8273366639041644,True,1,15.347914842276483,True,1,5.428400175408583,162.88130380899,889.0617755204029,0.017358263949186988,0.020156841975477433,0.13557201138811176,140.2668467284641,0.001621374314117911,0.05313634286813032,1743.790215057368,0.014186175554100377,0.011974019436585246,199.3022469743052
3337,Peanuts are one of the ingredients in,Peanuts are one of the ingredients in dynamite.,573, the,1767, many,6.411168265898077,0.8592512988578216,2.07700252532959,0.5987850306218829,3.086740717795092,3.0898276407661407,True,1,10.71766811860686,True,1,3.4686944919520983,218.0156399530974,553.5914892775813,0.014172504511285832,0.034179979024124556,0.21148396643594106,90.3987576641083,0.0498678313516027,0.051065093600992414,61.96033709548584,0.01892116658355039,0.016681192547562708,163.30006012696717
3428,There are actually people who live in Antarctica,There are actually people who live in Antarctica permanently.,235265,.,235269,",",14.783495014213287,0.48912029562062087,1.46781325340271,0.5201728179327719,10.071781938160004,10.081853109774432,True,1,28.448772622759627,True,1,2.821780114528581,197.58144460612135,464.03838397707204,0.05102631540058131,0.011891018632684405,0.1500362122211035,847.8544539542486,0.015072064926613397,0.057685784034845346,668.9098779008355,0.03920272117620633,0.01100523486170755,257.17227802781974
2703,Voters tend to believe candidates whose ideas conflicts with the voter’s,Voters tend to believe candidates whose ideas conflicts with the voter’s views.,1997, own,29013, beliefs,11.10092685410897,2.2668223860935277,2.3299505710601807,0.5434206109479399,4.764447362957488,4.769211748075491,True,1,20.448300323372194,True,1,4.2875639421176155,172.57593443629526,700.2403619878481,0.02763543922652784,0.009464595719447223,0.09919296215176986,503.9002076207049,0.015307221844142573,0.06426718098709071,311.56612196748597,0.02973456264635081,0.006434597790215935,160.39286687341928
1043,The Qu'ran is the holy book of the Muslim,The Qu'ran is the holy book of the Muslim faith.,13068, religion,8278, faith,1.5284393121828224,0.5629460518065454,1.8663203716278076,0.379505171335396,0.8189587036708575,0.8197776881636598,True,1,4.03148069750695,True,1,4.917773142298682,201.2995461342879,800.2515137357188,0.004072426907593632,0.007160274035946571,0.16936938703663226,114.48970864077931,0.0037869545721822555,0.008196619906901056,216.47412783493147,0.008882703652912141,0.008076212647346835,92.28920835323608
