direction,stmt,stem,scale,frac,argmax_id,argmax_tok,hit_target,margin,frac_margin,readout_delta,completion
jtw_token,2036,Not everyone lives in a,0,+0.00,3413, city,0,1.28663,0,0,"city, and not everyone has a car"
jtw_token,2036,Not everyone lives in a,0.411595,+0.25,3413, city,0,0.602188,0.531964,0.684441,"city, and not everyone has a car"
jtw_token,2036,Not everyone lives in a,-0.411595,-0.25,3413, city,0,1.97635,-0.536068,-0.68972,"city, and not everyone has a car"
jtw_token,2036,Not everyone lives in a,0.823191,+0.50,3036, house,1,-0.0749702,1.05827,1.3616,house with a backyard. Some people live
jtw_token,2036,Not everyone lives in a,-0.823191,-0.50,3413, city,0,2.6692,-1.07457,-1.38258,"city, and not everyone has a car"
jtw_token,2036,Not everyone lives in a,1.64638,+1.00,3036, house,1,-1.40055,2.08854,2.68718,house with a backyard. Some people live
jtw_token,2036,Not everyone lives in a,-1.64638,-1.00,3413, city,0,4.05507,-2.1517,-2.76844,"city, and not everyone has a car"
jtw_token,2036,Not everyone lives in a,3.29276,+2.00,3036, house,1,-3.90068,4.03171,5.18731,house with a backyard. Some people live
jtw_token,2036,Not everyone lives in a,-3.29276,-2.00,3413, city,0,6.76064,-4.25453,-5.47401,"city, and not everyone has a car"
jtw_legacy,2036,Not everyone lives in a,0,+0.00,3413, city,0,1.28663,0,0,"city, and not everyone has a car"
jtw_legacy,2036,Not everyone lives in a,0.150655,+0.25,3413, city,0,1.28264,0.0030983,0.00398636,"city, and not everyone has a car"
jtw_legacy,2036,Not everyone lives in a,-0.150655,-0.25,3413, city,0,1.29046,-0.0029797,-0.00383377,"city, and not everyone has a car"
jtw_legacy,2036,Not everyone lives in a,0.30131,+0.50,3413, city,0,1.27855,0.00627961,0.00807953,"city, and not everyone has a car"
jtw_legacy,2036,Not everyone lives in a,-0.30131,-0.50,3413, city,0,1.29417,-0.0058586,-0.00753784,"city, and not everyone has a car"
jtw_legacy,2036,Not everyone lives in a,0.60262,+1.00,3413, city,0,1.26994,0.0129743,0.0166931,"city, and not everyone has a car"
jtw_legacy,2036,Not everyone lives in a,-0.60262,-1.00,3413, city,0,1.30119,-0.011314,-0.0145569,"city, and not everyone has a car"
jtw_legacy,2036,Not everyone lives in a,1.20524,+2.00,3413, city,0,1.25116,0.0275645,0.0354652,"city, and not everyone has a car"
jtw_legacy,2036,Not everyone lives in a,-1.20524,-2.00,3413, city,0,1.3136,-0.0209647,-0.0269737,"city, and not everyone has a car"
jtw_token,1171,Mice can fit through a hole the size of a,0,+0.00,9453, quarter,0,0.968708,0,0,quarter.  Mice can fit through a
jtw_token,1171,Mice can fit through a hole the size of a,0.424086,+0.25,9453, quarter,0,0.408834,0.577959,0.559874,quarter.  Mice can fit through a
jtw_token,1171,Mice can fit through a hole the size of a,-0.424086,-0.25,9453, quarter,0,1.52198,-0.571141,-0.553268,quarter.  Mice can fit through a
jtw_token,1171,Mice can fit through a hole the size of a,0.848173,+0.50,77667, dime,1,-0.155712,1.16074,1.12442,dime. They can also squeeze through a
jtw_token,1171,Mice can fit through a hole the size of a,-0.848173,-0.50,9453, quarter,0,2.06714,-1.13392,-1.09843,quarter.  Mice can fit through a
jtw_token,1171,Mice can fit through a hole the size of a,1.69635,+1.00,77667, dime,1,-1.28723,2.32881,2.25593,dime. They can also squeeze through a
jtw_token,1171,Mice can fit through a hole the size of a,-1.69635,-1.00,9453, quarter,0,3.12663,-2.22762,-2.15792,quarter.  Mice can fit through a
jtw_token,1171,Mice can fit through a hole the size of a,3.39269,+2.00,77667, dime,1,-3.43841,4.54948,4.40712,dime. They can also squeeze through a
jtw_token,1171,Mice can fit through a hole the size of a,-3.39269,-2.00,9453, quarter,0,5.03122,-4.19374,-4.06251,quarter.  Mice can fit through a
jtw_token,2093,A fact about pregnancy is tha pregnant women often have insane mood,0,+0.00,70739, swings,0,9.52748,0,0,swings. This is because of the hormones
jtw_token,2093,A fact about pregnancy is tha pregnant women often have insane mood,8.24798,+0.25,70739, swings,0,4.47444,0.530365,5.05304,swings. This is because of the hormones
jtw_token,2093,A fact about pregnancy is tha pregnant women often have insane mood,-8.24798,-0.25,70739, swings,0,15.0241,-0.576922,-5.49661,swings. It is not uncommon for a
jtw_token,2093,A fact about pregnancy is tha pregnant women often have insane mood,16.496,+0.50,4559, changes,1,-0.0663643,1.00697,9.59384,changes. This is because of the hormones
jtw_token,2093,A fact about pregnancy is tha pregnant women often have insane mood,-16.496,-0.50,70739, swings,0,20.3803,-1.13911,-10.8528,swings. It is not uncommon for a
jtw_token,2093,A fact about pregnancy is tha pregnant women often have insane mood,32.9919,+1.00,4559, changes,1,-6.56828,1.6894,16.0958,changes. This is called mood changes.
jtw_token,2093,A fact about pregnancy is tha pregnant women often have insane mood,-32.9919,-1.00,70739, swings,0,28.2507,-1.96519,-18.7233,swings. They are not only moody but
jtw_token,2093,A fact about pregnancy is tha pregnant women often have insane mood,65.9839,+2.00,4559, changes,1,-12.9223,2.35632,22.4498,changes. These changes are called mood changes
jtw_token,2093,A fact about pregnancy is tha pregnant women often have insane mood,-65.9839,-2.00,70739, swings,0,34.2588,-2.59579,-24.7313,swings. They are not only the fact
jtw_token,4155,Toothpaste is not very good for cleaning,0,+0.00,861, your,0,4.87847,0,0,your teeth. It is not a good
jtw_token,4155,Toothpaste is not very good for cleaning,0.974836,+0.25,861, your,0,2.17998,0.553143,2.69849,your teeth. It is not a good
jtw_token,4155,Toothpaste is not very good for cleaning,-0.974836,-0.25,861, your,0,7.13525,-0.4626,-2.25678,your teeth. It is not a good
jtw_token,4155,Toothpaste is not very good for cleaning,1.94967,+0.50,573, the,1,-0.774979,1.15886,5.65345,the teeth. It is not a good
jtw_token,4155,Toothpaste is not very good for cleaning,-1.94967,-0.50,861, your,0,8.92693,-0.829863,-4.04846,your teeth. It is not a good
jtw_token,4155,Toothpaste is not very good for cleaning,3.89935,+1.00,573, the,1,-6.53723,2.34002,11.4157,the teeth. It is not a good
jtw_token,4155,Toothpaste is not very good for cleaning,-3.89935,-1.00,861, your,0,11.4822,-1.35365,-6.60376,your teeth. It is not a good
jtw_token,4155,Toothpaste is not very good for cleaning,7.79869,+2.00,573, the,1,-14.7677,4.02712,19.6462,the screen. It is better to use
jtw_token,4155,Toothpaste is not very good for cleaning,-7.79869,-2.00,861, your,0,14.6895,-2.01108,-9.81101,your teeth. It is not a good
jtw_token,3133,The study of human development is called,0,+0.00,47492, developmental,0,1.25287,0,0,developmental psychology. It is the study of
jtw_token,3133,The study of human development is called,0.303479,+0.25,47492, developmental,0,0.358324,0.713997,0.894545,developmental psychology. It is the study of
jtw_token,3133,The study of human development is called,-0.303479,-0.25,47492, developmental,0,2.10073,-0.676732,-0.847857,developmental psychology. It is the study of
jtw_token,3133,The study of human development is called,0.606959,+0.50,476, a,1,-0.534136,1.42633,1.787,a. sociology. b. psychology.
jtw_token,3133,The study of human development is called,-0.606959,-0.50,47492, developmental,0,2.8712,-1.2917,-1.61833,developmental psychology. It is the study of
jtw_token,3133,The study of human development is called,1.21392,+1.00,476, a,1,-2.12232,2.69397,3.37519,a. sociology. b. psychology.
jtw_token,3133,The study of human development is called,-1.21392,-1.00,47492, developmental,0,4.14877,-2.31141,-2.8959,developmental psychology. It is the study of
jtw_token,3133,The study of human development is called,2.42783,+2.00,476, a,1,-4.40956,4.51957,5.66243,a. sociology. b. psychology.
jtw_token,3133,The study of human development is called,-2.42783,-2.00,47492, developmental,0,5.85411,-3.67257,-4.60124,developmental psychology. It is the study of
jtw_token,1438,"Owls are nocturnal, meaning active at",0,+0.00,3354, night,0,4.69495,0,0,night. They are also known as “
jtw_token,1438,"Owls are nocturnal, meaning active at",5.44493,+0.25,3354, night,0,2.79446,0.404794,1.90049,night. They are also very good at
jtw_token,1438,"Owls are nocturnal, meaning active at",-5.44493,-0.25,3354, night,0,7.10903,-0.514188,-2.41409,night. They are also known as night
jtw_token,1438,"Owls are nocturnal, meaning active at",10.8899,+0.50,68171, dusk,1,-0.561998,1.1197,5.25694,dusk and dawn. They are also very
jtw_token,1438,"Owls are nocturnal, meaning active at",-10.8899,-0.50,3354, night,0,9.20437,-0.960485,-4.50942,night. They are also known as night
jtw_token,1438,"Owls are nocturnal, meaning active at",21.7797,+1.00,68171, dusk,1,-7.48787,2.59488,12.1828,dusk and dawn. They are also very
jtw_token,1438,"Owls are nocturnal, meaning active at",-21.7797,-1.00,3354, night,0,12.4645,-1.65488,-7.76959,night. They are also known as night
jtw_token,1438,"Owls are nocturnal, meaning active at",43.5594,+2.00,68171, dusk,1,-14.424,4.07224,19.1189,dusk and dawn. They are also very
jtw_token,1438,"Owls are nocturnal, meaning active at",-43.5594,-2.00,3354, night,0,15.6793,-2.33961,-10.9843,night. They are also known as birds
jtw_token,4287,Rocks are generally harder than,0,+0.00,31740, minerals,0,0.00800896,0,0,minerals. Why is this so?
jtw_token,4287,Rocks are generally harder than,0.00293916,+0.25,31740, minerals,0,0.00199127,0.751369,0.00601768,minerals. Why is this so?
jtw_token,4287,Rocks are generally harder than,-0.00293916,-0.25,31740, minerals,0,0.0140095,-0.749226,-0.00600052,minerals. Why is this so?
jtw_token,4287,Rocks are generally harder than,0.00587833,+0.50,573, the,1,-0.00401306,1.50107,0.012022,the surrounding rock.  The rocks are
jtw_token,4287,Rocks are generally harder than,-0.00587833,-0.50,31740, minerals,0,0.02001,-1.49845,-0.012001,minerals. Why is this so?
jtw_token,4287,Rocks are generally harder than,0.0117567,+1.00,573, the,1,-0.0160427,3.0031,0.0240517,the surrounding rock.  The rocks are
jtw_token,4287,Rocks are generally harder than,-0.0117567,-1.00,31740, minerals,0,0.0320168,-2.99762,-0.0240078,minerals. Why is this so?
jtw_token,4287,Rocks are generally harder than,0.0235133,+2.00,573, the,1,-0.040123,6.00976,0.0481319,the surrounding rock.  The rocks are
jtw_token,4287,Rocks are generally harder than,-0.0235133,-2.00,31740, minerals,0,0.0560074,-5.99309,-0.0479984,minerals. Why is this so?
jtw_legacy,4287,Rocks are generally harder than,0,+0.00,31740, minerals,0,0.00800896,0,0,minerals. Why is this so?
jtw_legacy,4287,Rocks are generally harder than,0.000668411,+0.25,31740, minerals,0,0.00798035,0.00357228,2.86102e-05,minerals. Why is this so?
jtw_legacy,4287,Rocks are generally harder than,-0.000668411,-0.25,31740, minerals,0,0.00803375,-0.00309598,-2.47955e-05,minerals. Why is this so?
jtw_legacy,4287,Rocks are generally harder than,0.00133682,+0.50,31740, minerals,0,0.00796127,0.0059538,4.76837e-05,minerals. Why is this so?
jtw_legacy,4287,Rocks are generally harder than,-0.00133682,-0.50,31740, minerals,0,0.00804901,-0.00500119,-4.00543e-05,minerals. Why is this so?
jtw_legacy,4287,Rocks are generally harder than,0.00267365,+1.00,31740, minerals,0,0.00791359,0.0119076,9.53674e-05,minerals. Why is this so?
jtw_legacy,4287,Rocks are generally harder than,-0.00267365,-1.00,31740, minerals,0,0.0080986,-0.0111931,-8.96454e-05,minerals. Why is this so?
jtw_legacy,4287,Rocks are generally harder than,0.00534729,+2.00,31740, minerals,0,0.00782204,0.0233389,0.00018692,minerals. Why is this so?
jtw_legacy,4287,Rocks are generally harder than,-0.00534729,-2.00,31740, minerals,0,0.00819778,-0.023577,-0.000188828,minerals. Why is this so?
jtw_token,3952,The film based on the book Jumanji was actually filmed in the author's,0,+0.00,2078, home,0,1.20631,0,0,"home town of Toronto, Canada."
jtw_token,3952,The film based on the book Jumanji was actually filmed in the author's,0.535573,+0.25,2078, home,0,0.585419,0.514703,0.620892,"home town of Toronto, Canada."
jtw_token,3952,The film based on the book Jumanji was actually filmed in the author's,-0.535573,-0.25,2078, home,0,1.89612,-0.571836,-0.689812,"home town of Toronto, Canada."
jtw_token,3952,The film based on the book Jumanji was actually filmed in the author's,1.07115,+0.50,2078, home,0,0.0377121,0.968738,1.1686,"home town of Toronto, Canada."
jtw_token,3952,The film based on the book Jumanji was actually filmed in the author's,-1.07115,-0.50,2078, home,0,2.6461,-1.19355,-1.43979,home.  The film was originally going
jtw_token,3952,The film based on the book Jumanji was actually filmed in the author's,2.14229,+1.00,68082, hometown,1,-0.844631,1.70018,2.05094,hometown of Toronto. The film was shot
jtw_token,3952,The film based on the book Jumanji was actually filmed in the author's,-2.14229,-1.00,2078, home,0,4.27514,-2.54398,-3.06883,home.  The film was originally going
jtw_token,3952,The film based on the book Jumanji was actually filmed in the author's,4.28459,+2.00,68082, hometown,1,-1.96806,2.63147,3.17437,hometown of Toronto. The film was shot
jtw_token,3952,The film based on the book Jumanji was actually filmed in the author's,-4.28459,-2.00,2078, home,0,7.65135,-5.34277,-6.44504,home.  The film was originally going
jtw_token,3152,Scientists have found cells in the human body with the same genetic makeup as a,0,+0.00,235248, ,0,0.321518,0,0,100-million-year
jtw_token,3152,Scientists have found cells in the human body with the same genetic makeup as a,0.0315284,+0.25,235248, ,0,0.113625,0.6466,0.207893,100-million-year
jtw_token,3152,Scientists have found cells in the human body with the same genetic makeup as a,-0.0315284,-0.25,235248, ,0,0.529465,-0.646766,-0.207947,100-million-year
jtw_token,3152,Scientists have found cells in the human body with the same genetic makeup as a,0.0630567,+0.50,1916, type,1,-0.0941315,1.29277,0.415649,"type of cancer.  The cells,"
jtw_token,3152,Scientists have found cells in the human body with the same genetic makeup as a,-0.0630567,-0.50,235248, ,0,0.737404,-1.29351,-0.415886,100-million-year
jtw_token,3152,Scientists have found cells in the human body with the same genetic makeup as a,0.126113,+1.00,1916, type,1,-0.508572,2.58178,0.83009,"type of cancer.  The cells,"
jtw_token,3152,Scientists have found cells in the human body with the same genetic makeup as a,-0.126113,-1.00,235248, ,0,1.15272,-2.58525,-0.831203,100-million-year
jtw_token,3152,Scientists have found cells in the human body with the same genetic makeup as a,0.252227,+2.00,1916, type,1,-1.33075,5.13897,1.65227,"type of cancer.  The cells,"
jtw_token,3152,Scientists have found cells in the human body with the same genetic makeup as a,-0.252227,-2.00,235248, ,0,1.97807,-5.15229,-1.65656,100-million-year
jtw_legacy,3152,Scientists have found cells in the human body with the same genetic makeup as a,0,+0.00,235248, ,0,0.321518,0,0,100-million-year
jtw_legacy,3152,Scientists have found cells in the human body with the same genetic makeup as a,0.0310996,+0.25,235248, ,0,0.315414,0.0189834,0.00610352,100-million-year
jtw_legacy,3152,Scientists have found cells in the human body with the same genetic makeup as a,-0.0310996,-0.25,235248, ,0,0.327595,-0.0189004,-0.00607681,100-million-year
jtw_legacy,3152,Scientists have found cells in the human body with the same genetic makeup as a,0.0621993,+0.50,235248, ,0,0.309345,0.0378601,0.0121727,100-million-year
jtw_legacy,3152,Scientists have found cells in the human body with the same genetic makeup as a,-0.0621993,-0.50,235248, ,0,0.333683,-0.0378364,-0.0121651,100-million-year
jtw_legacy,3152,Scientists have found cells in the human body with the same genetic makeup as a,0.124399,+1.00,235248, ,0,0.297199,0.0756371,0.0243187,100-million-year
jtw_legacy,3152,Scientists have found cells in the human body with the same genetic makeup as a,-0.124399,-1.00,235248, ,0,0.345882,-0.0757795,-0.0243645,100-million-year
jtw_legacy,3152,Scientists have found cells in the human body with the same genetic makeup as a,0.248797,+2.00,235248, ,0,0.272984,0.150954,0.0485344,100-million-year
jtw_legacy,3152,Scientists have found cells in the human body with the same genetic makeup as a,-0.248797,-2.00,235248, ,0,0.370296,-0.151713,-0.0487785,100-million-year
jtw_token,1378,Chimpanzees have been observed using tools to fish for,0,+0.00,184810, termites,0,3.0041,0,0,termites. They use a stick to poke
jtw_token,1378,Chimpanzees have been observed using tools to fish for,1.06166,+0.25,184810, termites,0,1.00182,0.666516,2.00228,termites. The termites are found in the
jtw_token,1378,Chimpanzees have been observed using tools to fish for,-1.06166,-0.25,184810, termites,0,5.04453,-0.679214,-2.04043,termites. They have also been observed using
jtw_token,1378,Chimpanzees have been observed using tools to fish for,2.12333,+0.50,2960, food,1,-1.00169,1.33344,4.0058,food. This is an example of which
jtw_token,1378,Chimpanzees have been observed using tools to fish for,-2.12333,-0.50,184810, termites,0,7.24767,-1.41259,-4.24356,termites. They have also been observed using
jtw_token,1378,Chimpanzees have been observed using tools to fish for,4.24666,+1.00,2960, food,1,-4.94732,2.64685,7.95142,"food, but it is not known whether"
jtw_token,1378,Chimpanzees have been observed using tools to fish for,-4.24666,-1.00,184810, termites,0,10.6551,-2.54684,-7.65098,termites. They have also been observed using
jtw_token,1378,Chimpanzees have been observed using tools to fish for,8.49331,+2.00,2960, food,1,-11.928,4.97056,14.9321,"food, but it is not known whether"
jtw_token,1378,Chimpanzees have been observed using tools to fish for,-8.49331,-2.00,184810, termites,0,11.8215,-2.93513,-8.81743,termites. They have also been observed using
jtw_token,4241,The earth is big and full of,0,+0.00,56369, surprises,0,0.274281,0,0,surprises. It is a place where you
jtw_token,4241,The earth is big and full of,0.119019,+0.25,56369, surprises,0,0.13464,0.509117,0.139641,surprises. It is a place where you
jtw_token,4241,The earth is big and full of,-0.119019,-0.25,56369, surprises,0,0.414513,-0.511272,-0.140232,surprises. It is a place where you
jtw_token,4241,The earth is big and full of,0.238037,+0.50,43585, wonders,1,-0.00440979,1.01608,0.27869,wonders. It is a place where we
jtw_token,4241,The earth is big and full of,-0.238037,-0.50,56369, surprises,0,0.555313,-1.02462,-0.281033,surprises. It is a place where you
jtw_token,4241,The earth is big and full of,0.476074,+1.00,43585, wonders,1,-0.280727,2.0235,0.555008,wonders. It is a place where we
jtw_token,4241,The earth is big and full of,-0.476074,-1.00,56369, surprises,0,0.838676,-2.05773,-0.564396,surprises. It is a place where you
jtw_token,4241,The earth is big and full of,0.952149,+2.00,43585, wonders,1,-0.82616,4.0121,1.10044,wonders. It is a place where we
jtw_token,4241,The earth is big and full of,-0.952149,-2.00,56369, surprises,0,1.41225,-4.14894,-1.13797,surprises. It is a place where you
jtw_token,519,Every object in the observable universe is,0,+0.00,575, in,0,0.607607,0,0,in constant motion. The universe is expanding
jtw_token,519,Every object in the observable universe is,0.0872366,+0.25,575, in,0,0.294245,0.515732,0.313362,in constant motion. The universe is expanding
jtw_token,519,Every object in the observable universe is,-0.0872366,-0.25,575, in,0,0.918917,-0.512354,-0.31131,in constant motion. The universe is expanding
jtw_token,519,Every object in the observable universe is,0.174473,+0.50,1644, made,1,-0.0186615,1.03071,0.626268,"made of atoms, and every atom contains"
jtw_token,519,Every object in the observable universe is,-0.174473,-0.50,575, in,0,1.22528,-1.01657,-0.617674,in constant motion. The universe is expanding
jtw_token,519,Every object in the observable universe is,0.348947,+1.00,1644, made,1,-0.634819,2.04479,1.24243,"made of atoms, and every atom is"
jtw_token,519,Every object in the observable universe is,-0.348947,-1.00,575, in,0,1.81055,-1.97981,-1.20294,in constant motion. The universe is expanding
jtw_token,519,Every object in the observable universe is,0.697893,+2.00,1644, made,1,-1.7912,3.94797,2.39881,made of atoms. Atoms are the smallest
jtw_token,519,Every object in the observable universe is,-0.697893,-2.00,575, in,0,2.79085,-3.59319,-2.18324,in constant motion. The universe is expanding
jtw_token,3919,One person dies from a lightning strike in the United States every,0,+0.00,235248, ,0,1.09254,0,0,"10 days, according to the"
jtw_token,3919,One person dies from a lightning strike in the United States every,0.273458,+0.25,235248, ,0,0.326618,0.701048,0.765926,"10 days, according to the"
jtw_token,3919,One person dies from a lightning strike in the United States every,-0.273458,-0.25,235248, ,0,1.81871,-0.664654,-0.726164,"10 days, according to the"
jtw_token,3919,One person dies from a lightning strike in the United States every,0.546916,+0.50,1162, year,1,-0.476904,1.43651,1.56945,year.  That’s according to
jtw_token,3919,One person dies from a lightning strike in the United States every,-0.546916,-0.50,235248, ,0,2.50478,-1.29261,-1.41223,"10 days, according to the"
jtw_token,3919,One person dies from a lightning strike in the United States every,1.09383,+1.00,1162, year,1,-2.17447,2.99028,3.26702,year.  That’s according to
jtw_token,3919,One person dies from a lightning strike in the United States every,-1.09383,-1.00,235248, ,0,3.76106,-2.44248,-2.66852,"15 minutes, according to the"
jtw_token,3919,One person dies from a lightning strike in the United States every,2.18767,+2.00,1162, year,1,-5.6193,6.14331,6.71184,year.  That’s according to
jtw_token,3919,One person dies from a lightning strike in the United States every,-2.18767,-2.00,235248, ,0,5.8566,-4.36051,-4.76405,"15 minutes, according to the"
jtw_token,1770,Carnivorous plants contain digestive enzymes similar to,0,+0.00,1941, those,0,12.6911,0,0,those found in the human stomach. These
jtw_token,1770,Carnivorous plants contain digestive enzymes similar to,3.61445,+0.25,1941, those,0,6.59909,0.48002,6.09197,those found in the human stomach. What
jtw_token,1770,Carnivorous plants contain digestive enzymes similar to,-3.61445,-0.25,1941, those,0,18.6591,-0.470253,-5.96801,those found in the human digestive system.
jtw_token,1770,Carnivorous plants contain digestive enzymes similar to,7.22891,+0.50,1941, those,0,2.99688,0.763859,9.69418,those found in the human stomach. What
jtw_token,1770,Carnivorous plants contain digestive enzymes similar to,-7.22891,-0.50,1941, those,0,22.284,-0.75588,-9.59292,"those found in animals, according to a"
jtw_token,1770,Carnivorous plants contain digestive enzymes similar to,14.4578,+1.00,573, the,1,-0.546278,1.04304,13.2373,the digestive enzymes in the human stomach.
jtw_token,1770,Carnivorous plants contain digestive enzymes similar to,-14.4578,-1.00,1941, those,0,26.6964,-1.10356,-14.0054,"those found in animals, according to a"
jtw_token,1770,Carnivorous plants contain digestive enzymes similar to,28.9156,+2.00,86156, saliva,0,-3.9278,1.30949,16.6189,saliva. True or False?  A
jtw_token,1770,Carnivorous plants contain digestive enzymes similar to,-28.9156,-2.00,1941, those,0,31.3241,-1.4682,-18.633,"those found in animals, according to a"
jtw_legacy,1770,Carnivorous plants contain digestive enzymes similar to,0,+0.00,1941, those,0,12.6911,0,0,those found in the human stomach. These
jtw_legacy,1770,Carnivorous plants contain digestive enzymes similar to,1.48143,+0.25,1941, those,0,12.6836,0.000585833,0.00743484,those found in the human stomach. These
jtw_legacy,1770,Carnivorous plants contain digestive enzymes similar to,-1.48143,-0.25,1941, those,0,12.6992,-0.000638736,-0.00810623,those found in the human stomach. These
jtw_legacy,1770,Carnivorous plants contain digestive enzymes similar to,2.96286,+0.50,1941, those,0,12.677,0.00110704,0.0140495,those found in the human digestive system.
jtw_legacy,1770,Carnivorous plants contain digestive enzymes similar to,-2.96286,-0.50,1941, those,0,12.7059,-0.00116716,-0.0148125,those found in the human stomach.
jtw_legacy,1770,Carnivorous plants contain digestive enzymes similar to,5.92571,+1.00,1941, those,0,12.6621,0.00227991,0.0289345,those found in the human digestive system.
jtw_legacy,1770,Carnivorous plants contain digestive enzymes similar to,-5.92571,-1.00,1941, those,0,12.6954,-0.000344466,-0.00437164,those found in the human stomach.
jtw_legacy,1770,Carnivorous plants contain digestive enzymes similar to,11.8514,+2.00,1941, those,0,12.5958,0.00750492,0.0952454,those found in the human digestive system.
jtw_legacy,1770,Carnivorous plants contain digestive enzymes similar to,-11.8514,-2.00,1941, those,0,12.3766,0.0247808,0.314495,those found in human saliva.  The
jtw_token,2411,A mole can tunnel through a mountain in a single,0,+0.00,34613, leap,0,0.340113,0,0,"leap, but it takes a mole"
jtw_token,2411,A mole can tunnel through a mountain in a single,0.0607418,+0.25,34613, leap,0,0.139788,0.588996,0.200325,"leap, but it takes a mole"
jtw_token,2411,A mole can tunnel through a mountain in a single,-0.0607418,-0.25,34613, leap,0,0.539677,-0.586758,-0.199564,"leap, but it takes a mole"
jtw_token,2411,A mole can tunnel through a mountain in a single,0.121484,+0.50,1744, day,1,-0.0612488,1.18008,0.401361,day. A mole can tunnel through a
jtw_token,2411,A mole can tunnel through a mountain in a single,-0.121484,-0.50,34613, leap,0,0.738392,-1.17102,-0.398279,"leap, but it takes a mole"
jtw_token,2411,A mole can tunnel through a mountain in a single,0.242967,+1.00,1744, day,1,-0.465096,2.36747,0.805208,day. A mole can tunnel through a
jtw_token,2411,A mole can tunnel through a mountain in a single,-0.242967,-1.00,34613, leap,0,1.13308,-2.33149,-0.792971,"leap, but it takes a mole"
jtw_token,2411,A mole can tunnel through a mountain in a single,0.485934,+2.00,1744, day,1,-1.27789,4.75727,1.61801,day. A mole can tunnel through a
jtw_token,2411,A mole can tunnel through a mountain in a single,-0.485934,-2.00,34613, leap,0,1.90956,-4.6145,-1.56945,"leap, but it takes a mole"
jtw_legacy,2411,A mole can tunnel through a mountain in a single,0,+0.00,34613, leap,0,0.340113,0,0,"leap, but it takes a mole"
jtw_legacy,2411,A mole can tunnel through a mountain in a single,0.0361945,+0.25,34613, leap,0,0.347387,-0.0213889,-0.00727463,"leap, but it takes a mole"
jtw_legacy,2411,A mole can tunnel through a mountain in a single,-0.0361945,-0.25,34613, leap,0,0.33285,0.0213552,0.00726318,"leap, but it takes a mole"
jtw_legacy,2411,A mole can tunnel through a mountain in a single,0.072389,+0.50,34613, leap,0,0.354652,-0.0427497,-0.0145397,"leap, but it takes a mole"
jtw_legacy,2411,A mole can tunnel through a mountain in a single,-0.072389,-0.50,34613, leap,0,0.325598,0.0426768,0.0145149,"leap, but it takes a mole"
jtw_legacy,2411,A mole can tunnel through a mountain in a single,0.144778,+1.00,34613, leap,0,0.369209,-0.0855499,-0.0290966,"leap, but it takes a mole"
jtw_legacy,2411,A mole can tunnel through a mountain in a single,-0.144778,-1.00,34613, leap,0,0.311098,0.0853087,0.0290146,"leap, but it takes a mole"
jtw_legacy,2411,A mole can tunnel through a mountain in a single,0.289556,+2.00,34613, leap,0,0.398371,-0.17129,-0.0582581,"leap, but it takes a mole"
jtw_legacy,2411,A mole can tunnel through a mountain in a single,-0.289556,-2.00,34613, leap,0,0.282133,0.170472,0.0579796,"leap, but it takes a mole"
jtw_token,2590,Light doesn't travel in a straight,0,+0.00,2017, line,0,6.00715,0,0,"line. It bends around objects, and"
jtw_token,2590,Light doesn't travel in a straight,1.35063,+0.25,2017, line,0,3.88636,0.353044,2.12079,line. It bends around objects and can
jtw_token,2590,Light doesn't travel in a straight,-1.35063,-0.25,2017, line,0,8.33527,-0.387558,-2.32812,"line. It bends around objects, and"
jtw_token,2590,Light doesn't travel in a straight,2.70125,+0.50,2017, line,0,3.55695,0.407882,2.45021,line. It bends around objects and can
jtw_token,2590,Light doesn't travel in a straight,-2.70125,-0.50,2017, line,0,9.26449,-0.542244,-3.25734,"line. It bends around objects, and"
jtw_token,2590,Light doesn't travel in a straight,5.40251,+1.00,2017, line,0,3.4185,0.430929,2.58865,line. It bends when it passes through
jtw_token,2590,Light doesn't travel in a straight,-5.40251,-1.00,2017, line,0,10.1564,-0.690724,-4.14928,line. It bends around objects. This
jtw_token,2590,Light doesn't travel in a straight,10.805,+2.00,2017, line,0,4.6833,0.22038,1.32386,line.  Light travels in a straight
jtw_token,2590,Light doesn't travel in a straight,-10.805,-2.00,2017, line,0,11.4011,-0.89792,-5.39394,line. It bends around objects. It
jtw_token,3452,The diameter of the sun is approximately equality to the width of,0,+0.00,573, the,0,0.409657,0,0,the moon. The sun is 4
jtw_token,3452,The diameter of the sun is approximately equality to the width of,0.0384742,+0.25,573, the,0,0.201084,0.50914,0.208572,the moon. The sun is 4
jtw_token,3452,The diameter of the sun is approximately equality to the width of,-0.0384742,-0.25,573, the,0,0.620132,-0.513786,-0.210476,the moon. The sun is 4
jtw_token,3452,The diameter of the sun is approximately equality to the width of,0.0769484,+0.50,861, your,1,-0.00538254,1.01314,0.415039,your fist held at arm's length
jtw_token,3452,The diameter of the sun is approximately equality to the width of,-0.0769484,-0.50,573, the,0,0.832287,-1.03167,-0.42263,the moon. The sun is 4
jtw_token,3452,The diameter of the sun is approximately equality to the width of,0.153897,+1.00,861, your,1,-0.411102,2.00353,0.820759,your fist held at arm's length
jtw_token,3452,The diameter of the sun is approximately equality to the width of,-0.153897,-1.00,573, the,0,1.2607,-2.07747,-0.851048,the Earth. The sun is 4
jtw_token,3452,The diameter of the sun is approximately equality to the width of,0.307794,+2.00,861, your,1,-1.18756,3.89892,1.59722,your fist held at arm's length
jtw_token,3452,The diameter of the sun is approximately equality to the width of,-0.307794,-2.00,573, the,0,2.12877,-4.19648,-1.71912,the Earth. The sun is 4
jtw_token,4398,Kangaroos are often used in schools to teach orphaned children about,0,+0.00,573, the,0,8.87861,0,0,the importance of conservation.  But a
jtw_token,4398,Kangaroos are often used in schools to teach orphaned children about,2.25253,+0.25,573, the,0,4.90126,0.44797,3.97735,the importance of education.  But in
jtw_token,4398,Kangaroos are often used in schools to teach orphaned children about,-2.25253,-0.25,573, the,0,13.1948,-0.486135,-4.3162,the importance of conservation.  But a
jtw_token,4398,Kangaroos are often used in schools to teach orphaned children about,4.50506,+0.50,573, the,0,1.99722,0.775053,6.88139,the importance of education.  But in
jtw_token,4398,Kangaroos are often used in schools to teach orphaned children about,-4.50506,-0.50,573, the,0,16.825,-0.895006,-7.94641,the importance of conservation.  But a
jtw_token,4398,Kangaroos are often used in schools to teach orphaned children about,9.01011,+1.00,1024, their,1,-1.82972,1.20608,10.7083,their culture and history.  But in
jtw_token,4398,Kangaroos are often used in schools to teach orphaned children about,-9.01011,-1.00,573, the,0,21.7601,-1.45085,-12.8815,the importance of conservation.  The animals
jtw_token,4398,Kangaroos are often used in schools to teach orphaned children about,18.0202,+2.00,1024, their,1,-5.65361,1.63677,14.5322,their culture and to help them cope with
jtw_token,4398,Kangaroos are often used in schools to teach orphaned children about,-18.0202,-2.00,573, the,0,27.1438,-2.05721,-18.2652,the importance of conservation.  The animals
jtw_token,1854,Games stimulate creative,0,+0.00,7166, thinking,0,5.03522,0,0,thinking and problem solving. They also help
jtw_token,1854,Games stimulate creative,4.4724,+0.25,7166, thinking,0,1.7167,0.659062,3.31852,"thinking, problem solving, and critical thinking"
jtw_token,1854,Games stimulate creative,-4.4724,-0.25,7166, thinking,0,8.0803,-0.604754,-3.04507,thinking and problem solving. They are a
jtw_token,1854,Games stimulate creative,8.94479,+0.50,578, and,1,-1.47506,1.29295,6.51028,"and imaginative play, and are a great"
jtw_token,1854,Games stimulate creative,-8.94479,-0.50,7166, thinking,0,10.5068,-1.08666,-5.4716,thinking and problem solving. They are a
jtw_token,1854,Games stimulate creative,17.8896,+1.00,578, and,1,-6.83986,2.3584,11.8751,"and imaginative play, and are a great"
jtw_token,1854,Games stimulate creative,-17.8896,-1.00,7166, thinking,0,13.5089,-1.68289,-8.47372,thinking and problem solving.  The game
jtw_token,1854,Games stimulate creative,35.7792,+2.00,578, and,1,-15.361,4.0507,20.3962,"and imaginative play, and are a great"
jtw_token,1854,Games stimulate creative,-35.7792,-2.00,7166, thinking,0,16.5383,-2.28451,-11.503,"thinking.  The more you think,"
jtw_legacy,1854,Games stimulate creative,0,+0.00,7166, thinking,0,5.03522,0,0,thinking and problem solving. They also help
jtw_legacy,1854,Games stimulate creative,0.487556,+0.25,7166, thinking,0,4.99321,0.00834347,0.0420113,thinking and problem solving. They also help
jtw_legacy,1854,Games stimulate creative,-0.487556,-0.25,7166, thinking,0,5.07868,-0.0086306,-0.043457,thinking and problem solving. They also help
jtw_legacy,1854,Games stimulate creative,0.975112,+0.50,7166, thinking,0,4.95264,0.0164006,0.0825806,thinking and imagination. They are a great
jtw_legacy,1854,Games stimulate creative,-0.975112,-0.50,7166, thinking,0,5.12363,-0.0175582,-0.0884094,thinking and problem solving. They also help
jtw_legacy,1854,Games stimulate creative,1.95022,+1.00,7166, thinking,0,4.87573,0.0316761,0.159496,thinking and imagination. They are a great
jtw_legacy,1854,Games stimulate creative,-1.95022,-1.00,7166, thinking,0,5.21805,-0.0363088,-0.182823,thinking and problem solving. They also help
jtw_legacy,1854,Games stimulate creative,3.90045,+2.00,7166, thinking,0,4.73803,0.0590233,0.297195,thinking and imagination. They are a great
jtw_legacy,1854,Games stimulate creative,-3.90045,-2.00,7166, thinking,0,5.42537,-0.077483,-0.390144,thinking and problem solving. They also help
jtw_token,2167,The scientific name for water is,0,+0.00,640, H,0,2.0168,0,0,H2O. The chemical formula for
jtw_token,2167,The scientific name for water is,0.605065,+0.25,640, H,0,0.991074,0.508591,1.02573,H2O. The chemical formula for
jtw_token,2167,The scientific name for water is,-0.605065,-0.25,640, H,0,2.98978,-0.482436,-0.972977,H2O. The chemical formula for
jtw_token,2167,The scientific name for water is,1.21013,+0.50,235248, ,1,-0.0639648,1.03172,2.08076,<strong>H2O</strong>.
jtw_token,2167,The scientific name for water is,-1.21013,-0.50,640, H,0,3.8901,-0.928849,-1.8733,H2O. The chemical formula for
jtw_token,2167,The scientific name for water is,2.42026,+1.00,235248, ,1,-2.17489,2.07839,4.19169,<strong>aqua</strong>.  <h3>What
jtw_token,2167,The scientific name for water is,-2.42026,-1.00,640, H,0,5.42659,-1.69069,-3.40979,H2O. The chemical formula for
jtw_token,2167,The scientific name for water is,4.84052,+2.00,235248, ,1,-6.0287,3.98924,8.0455,<strong>aqua</strong>.  <h3>What
jtw_token,2167,The scientific name for water is,-4.84052,-2.00,640, H,0,7.46001,-2.69894,-5.44321,H2O. The chemical formula for
jtw_legacy,2167,The scientific name for water is,0,+0.00,640, H,0,2.0168,0,0,H2O. The chemical formula for
jtw_legacy,2167,The scientific name for water is,0.253685,+0.25,640, H,0,2.0006,0.00803492,0.0162048,H2O. The chemical formula for
jtw_legacy,2167,The scientific name for water is,-0.253685,-0.25,640, H,0,2.03345,-0.00825433,-0.0166473,H2O. The chemical formula for
jtw_legacy,2167,The scientific name for water is,0.50737,+0.50,640, H,0,1.98484,0.0158485,0.0319633,H2O. The chemical formula for
jtw_legacy,2167,The scientific name for water is,-0.50737,-0.50,640, H,0,2.05057,-0.0167432,-0.0337677,H2O. The chemical formula for
jtw_legacy,2167,The scientific name for water is,1.01474,+1.00,640, H,0,1.95463,0.0308251,0.0621681,H2O. The chemical formula for
jtw_legacy,2167,The scientific name for water is,-1.01474,-1.00,640, H,0,2.0862,-0.0344094,-0.069397,H2O. The chemical formula for
jtw_legacy,2167,The scientific name for water is,2.02948,+2.00,640, H,0,1.89926,0.0582797,0.117538,H2O. The chemical formula for
jtw_legacy,2167,The scientific name for water is,-2.02948,-2.00,640, H,0,2.16317,-0.0725734,-0.146366,H2O.  The scientific name
jtw_token,951,"Hair is made of keratin, which is also found in fingernails and",0,+0.00,577, to,0,0.031599,0,0,toenails. The hair shaft is
jtw_token,951,"Hair is made of keratin, which is also found in fingernails and",0.0140752,+0.25,577, to,0,0.0111465,0.647251,0.0204525,toenails. The hair shaft is
jtw_token,951,"Hair is made of keratin, which is also found in fingernails and",-0.0140752,-0.25,577, to,0,0.0520077,-0.645862,-0.0204086,toenails. The hair shaft is
jtw_token,951,"Hair is made of keratin, which is also found in fingernails and",0.0281504,+0.50,5239, skin,1,-0.00927925,1.29366,0.0408783,skin. The hair shaft is made of
jtw_token,951,"Hair is made of keratin, which is also found in fingernails and",-0.0281504,-0.50,577, to,0,0.0724201,-1.29185,-0.0408211,toenails. The hair shaft is
jtw_token,951,"Hair is made of keratin, which is also found in fingernails and",0.0563008,+1.00,5239, skin,1,-0.050148,2.58701,0.0817471,skin. The hair shaft is made of
jtw_token,951,"Hair is made of keratin, which is also found in fingernails and",-0.0563008,-1.00,577, to,0,0.113243,-2.58375,-0.0816441,toenails. The hair shaft is
jtw_token,951,"Hair is made of keratin, which is also found in fingernails and",0.112602,+2.00,5239, skin,1,-0.131929,5.17511,0.163528,skin. The hair shaft is made of
jtw_token,951,"Hair is made of keratin, which is also found in fingernails and",-0.112602,-2.00,577, to,0,0.194887,-5.1675,-0.163288,toenails. The hair shaft is
jtw_legacy,951,"Hair is made of keratin, which is also found in fingernails and",0,+0.00,577, to,0,0.031599,0,0,toenails. The hair shaft is
jtw_legacy,951,"Hair is made of keratin, which is also found in fingernails and",0.00305529,+0.25,577, to,0,0.0314007,0.00627754,0.000198364,toenails. The hair shaft is
jtw_legacy,951,"Hair is made of keratin, which is also found in fingernails and",-0.00305529,-0.25,577, to,0,0.0317631,-0.00519104,-0.000164032,toenails. The hair shaft is
jtw_legacy,951,"Hair is made of keratin, which is also found in fingernails and",0.00611058,+0.50,577, to,0,0.0312252,0.0118307,0.00037384,toenails. The hair shaft is
jtw_legacy,951,"Hair is made of keratin, which is also found in fingernails and",-0.00611058,-0.50,577, to,0,0.0319443,-0.0109253,-0.00034523,toenails. The hair shaft is
jtw_legacy,951,"Hair is made of keratin, which is also found in fingernails and",0.0122212,+1.00,577, to,0,0.0308399,0.0240237,0.000759125,toenails. The hair shaft is
jtw_legacy,951,"Hair is made of keratin, which is also found in fingernails and",-0.0122212,-1.00,577, to,0,0.0323143,-0.0226354,-0.000715256,toenails. The hair shaft is
jtw_legacy,951,"Hair is made of keratin, which is also found in fingernails and",0.0244423,+2.00,577, to,0,0.0301609,0.0455122,0.00143814,toenails. The hair shaft is
jtw_legacy,951,"Hair is made of keratin, which is also found in fingernails and",-0.0244423,-2.00,577, to,0,0.0330257,-0.04515,-0.0014267,toenails. The hair shaft is
jtw_token,1782,Penguins mate until,0,+0.00,974, one,0,1.69372,0,0,one of them dies.  The male
jtw_token,1782,Penguins mate until,0.163625,+0.25,974, one,0,0.764957,0.548357,0.928764,one of them dies.  The male
jtw_token,1782,Penguins mate until,-0.163625,-0.25,974, one,0,2.60033,-0.535274,-0.906605,one of them dies.  The male
jtw_token,1782,Penguins mate until,0.327251,+0.50,984, they,1,-0.18177,1.10732,1.87549,they die.  That’s the
jtw_token,1782,Penguins mate until,-0.327251,-0.50,974, one,0,3.48109,-1.05529,-1.78736,one of them dies.  The male
jtw_token,1782,Penguins mate until,0.654502,+1.00,984, they,1,-2.11097,2.24635,3.80469,they die.  That’s the
jtw_token,1782,Penguins mate until,-0.654502,-1.00,974, one,0,5.15258,-2.04216,-3.45886,one of them dies.  The male
jtw_token,1782,Penguins mate until,1.309,+2.00,984, they,1,-5.97867,4.5299,7.67239,they die.  That’s the
jtw_token,1782,Penguins mate until,-1.309,-2.00,974, one,0,8.08051,-3.77086,-6.38678,one of them dies.  The male
jtw_token,3077,Jason Momoa is a certified demolition,0,+0.00,916, man,0,1.17527,0,0,man.  The <em>Aquaman
jtw_token,3077,Jason Momoa is a certified demolition,0.702224,+0.25,916, man,0,0.485226,0.587136,0.690041,man.  The <em>Aquaman
jtw_token,3077,Jason Momoa is a certified demolition,-0.702224,-0.25,916, man,0,1.85252,-0.576254,-0.677252,man.  The <em>Aquaman
jtw_token,3077,Jason Momoa is a certified demolition,1.40445,+0.50,13865, expert,1,-0.204824,1.17428,1.38009,expert.  The <em>Aquaman
jtw_token,3077,Jason Momoa is a certified demolition,-1.40445,-0.50,916, man,0,2.50776,-1.13378,-1.33249,man.  The <em>Aquaman
jtw_token,3077,Jason Momoa is a certified demolition,2.8089,+1.00,13865, expert,1,-1.52675,2.29907,2.70202,expert.  The <em>Aquaman
jtw_token,3077,Jason Momoa is a certified demolition,-2.8089,-1.00,916, man,0,3.73296,-2.17627,-2.55769,man.  The <em>Aquaman
jtw_token,3077,Jason Momoa is a certified demolition,5.61779,+2.00,13865, expert,1,-3.70008,4.14829,4.87535,expert.  The <em>Aquaman
jtw_token,3077,Jason Momoa is a certified demolition,-5.61779,-2.00,916, man,0,5.82779,-3.9587,-4.65252,man.  The <em>Aquaman
jtw_legacy,3077,Jason Momoa is a certified demolition,0,+0.00,916, man,0,1.17527,0,0,man.  The <em>Aquaman
jtw_legacy,3077,Jason Momoa is a certified demolition,0.126059,+0.25,916, man,0,1.17513,0.000118472,0.000139236,man.  The <em>Aquaman
jtw_legacy,3077,Jason Momoa is a certified demolition,-0.126059,-0.25,916, man,0,1.17544,-0.000144439,-0.000169754,man.  The <em>Aquaman
jtw_legacy,3077,Jason Momoa is a certified demolition,0.252118,+0.50,916, man,0,1.17503,0.000201241,0.000236511,man.  The <em>Aquaman
jtw_legacy,3077,Jason Momoa is a certified demolition,-0.252118,-0.50,916, man,0,1.17565,-0.000322959,-0.000379562,man.  The <em>Aquaman
jtw_legacy,3077,Jason Momoa is a certified demolition,0.504237,+1.00,916, man,0,1.17495,0.00026778,0.000314713,man.  The <em>Aquaman
jtw_legacy,3077,Jason Momoa is a certified demolition,-0.504237,-1.00,916, man,0,1.17618,-0.000774127,-0.000909805,man.  The <em>Aquaman
jtw_legacy,3077,Jason Momoa is a certified demolition,1.00847,+2.00,916, man,0,1.17524,1.94749e-05,2.28882e-05,man.  The <em>Aquaman
jtw_legacy,3077,Jason Momoa is a certified demolition,-1.00847,-2.00,916, man,0,1.1777,-0.00206758,-0.00242996,man.  The <em>Aquaman
jtw_token,668,The scientific name for the red-eyed tree frog is Agalychnis,0,+0.00,1561, cal,0,3.99055,0,0,callidryas. It is a
jtw_token,668,The scientific name for the red-eyed tree frog is Agalychnis,0.870136,+0.25,1561, cal,0,2.84953,0.285931,1.14102,callidryas. It is a
jtw_token,668,The scientific name for the red-eyed tree frog is Agalychnis,-0.870136,-0.25,1561, cal,0,5.16627,-0.294626,-1.17572,callidryas. It is a
jtw_token,668,The scientific name for the red-eyed tree frog is Agalychnis,1.74027,+0.50,1561, cal,0,1.74916,0.561674,2.24139,callidryas. It is a
jtw_token,668,The scientific name for the red-eyed tree frog is Agalychnis,-1.74027,-0.50,1561, cal,0,6.36892,-0.595999,-2.37836,callidryas. It is a
jtw_token,668,The scientific name for the red-eyed tree frog is Agalychnis,3.48054,+1.00,2659, Cal,1,-0.314792,1.07888,4.30534,Callidryas. The red-
jtw_token,668,The scientific name for the red-eyed tree frog is Agalychnis,-3.48054,-1.00,1561, cal,0,8.81636,-1.20931,-4.82581,callidryas. It is a
jtw_token,668,The scientific name for the red-eyed tree frog is Agalychnis,6.96109,+2.00,2659, Cal,1,-3.86315,1.96807,7.85371,Callidryas. The red-
jtw_token,668,The scientific name for the red-eyed tree frog is Agalychnis,-6.96109,-2.00,1561, cal,0,13.5867,-2.40471,-9.59614,callidryas. It is a
jtw_token,3563,Dew on grass only forms when the weather hasn't rained for at least three,0,+0.00,2705, days,0,9.79358,0,0,days.  The dew is formed when
jtw_token,3563,Dew on grass only forms when the weather hasn't rained for at least three,1.71675,+0.25,2705, days,0,4.99796,0.489669,4.79562,days.  The dew is formed when
jtw_token,3563,Dew on grass only forms when the weather hasn't rained for at least three,-1.71675,-0.25,2705, days,0,13.2979,-0.357816,-3.5043,days.  The dew is formed when
jtw_token,3563,Dew on grass only forms when the weather hasn't rained for at least three,3.43349,+0.50,3763, hours,1,-0.588348,1.06007,10.3819,hours.  The dew is formed when
jtw_token,3563,Dew on grass only forms when the weather hasn't rained for at least three,-3.43349,-0.50,2705, days,0,15.7465,-0.607835,-5.95288,days.  The dew is formed when
jtw_token,3563,Dew on grass only forms when the weather hasn't rained for at least three,6.86698,+1.00,3763, hours,1,-7.82711,1.79921,17.6207,hours.  The dew is formed when
jtw_token,3563,Dew on grass only forms when the weather hasn't rained for at least three,-6.86698,-1.00,2705, days,0,17.8282,-0.8204,-8.03465,days.  The dew is formed when
jtw_token,3563,Dew on grass only forms when the weather hasn't rained for at least three,13.734,+2.00,4363, minutes,0,-7.9077,1.80744,17.7013,minutes.  Dew is a form of
jtw_token,3563,Dew on grass only forms when the weather hasn't rained for at least three,-13.734,-2.00,5976, weeks,0,13.4569,-0.374055,-3.66334,weeks.  The grass is then cut
jtw_legacy,3563,Dew on grass only forms when the weather hasn't rained for at least three,0,+0.00,2705, days,0,9.79358,0,0,days.  The dew is formed when
jtw_legacy,3563,Dew on grass only forms when the weather hasn't rained for at least three,1.45393,+0.25,2705, days,0,9.89201,-0.0100509,-0.0984344,days.  The dew is formed when
jtw_legacy,3563,Dew on grass only forms when the weather hasn't rained for at least three,-1.45393,-0.25,2705, days,0,9.71115,0.00841614,0.0824242,days.  The dew is formed when
jtw_legacy,3563,Dew on grass only forms when the weather hasn't rained for at least three,2.90786,+0.50,2705, days,0,10.0049,-0.0215796,-0.211342,days.  The dew is formed when
jtw_legacy,3563,Dew on grass only forms when the weather hasn't rained for at least three,-2.90786,-0.50,2705, days,0,9.64586,0.015083,0.147717,days.  The dew is formed when
jtw_legacy,3563,Dew on grass only forms when the weather hasn't rained for at least three,5.81571,+1.00,2705, days,0,10.2663,-0.0482693,-0.472729,days. The dew is formed when the
jtw_legacy,3563,Dew on grass only forms when the weather hasn't rained for at least three,-5.81571,-1.00,2705, days,0,9.56879,0.0229523,0.224785,days.  The dew is formed when
jtw_legacy,3563,Dew on grass only forms when the weather hasn't rained for at least three,11.6314,+2.00,2705, days,0,10.8593,-0.108814,-1.06568,days. The dew is formed when the
jtw_legacy,3563,Dew on grass only forms when the weather hasn't rained for at least three,-11.6314,-2.00,2705, days,0,9.62254,0.0174645,0.17104,days.  The dew is formed when
jtw_token,3950,The City of London is the world's oldest continuously-existing financial,0,+0.00,9122, centre,0,0.449673,0,0,centre. It is the home of the
jtw_token,3950,The City of London is the world's oldest continuously-existing financial,0.216766,+0.25,9122, centre,0,0.184757,0.58913,0.264915,centre. It is the home of the
jtw_token,3950,The City of London is the world's oldest continuously-existing financial,-0.216766,-0.25,9122, centre,0,0.718937,-0.5988,-0.269264,centre. It is the home of the
jtw_token,3950,The City of London is the world's oldest continuously-existing financial,0.433532,+0.50,9220, district,1,-0.0754128,1.16771,0.525085,district. It is the home of the
jtw_token,3950,The City of London is the world's oldest continuously-existing financial,-0.433532,-0.50,9122, centre,0,0.992147,-1.20638,-0.542475,centre. It is the home of the
jtw_token,3950,The City of London is the world's oldest continuously-existing financial,0.867065,+1.00,9220, district,1,-0.580372,2.29065,1.03004,district. It is the home of the
jtw_token,3950,The City of London is the world's oldest continuously-existing financial,-0.867065,-1.00,9122, centre,0,1.54852,-2.44365,-1.09884,centre. It is the home of the
jtw_token,3950,The City of London is the world's oldest continuously-existing financial,1.73413,+2.00,9220, district,1,-1.52382,4.38874,1.9735,district. It is the centre of the
jtw_token,3950,The City of London is the world's oldest continuously-existing financial,-1.73413,-2.00,9122, centre,0,2.68598,-4.9732,-2.23631,centre. It is the home of the
jtw_token,122,Parrots can mimic human speech and are used in some areas for assisting the,0,+0.00,10827, hearing,0,1.53846,0,0,hearing impaired.  The parrot is a
jtw_token,122,Parrots can mimic human speech and are used in some areas for assisting the,1.31805,+0.25,10827, hearing,0,0.711388,0.537599,0.827076,hearing impaired.  The parrot is a
jtw_token,122,Parrots can mimic human speech and are used in some areas for assisting the,-1.31805,-0.25,10827, hearing,0,2.32541,-0.511511,-0.786942,hearing impaired.  The parrot is a
jtw_token,122,Parrots can mimic human speech and are used in some areas for assisting the,2.6361,+0.50,45553, deaf,1,-0.139477,1.09066,1.67794,deaf.  The parrot is a bird
jtw_token,122,Parrots can mimic human speech and are used in some areas for assisting the,-2.6361,-0.50,10827, hearing,0,3.06281,-0.990821,-1.52434,hearing impaired.  The parrot is a
jtw_token,122,Parrots can mimic human speech and are used in some areas for assisting the,5.2722,+1.00,45553, deaf,1,-1.83701,2.19406,3.37548,deaf.  The parrot is a bird
jtw_token,122,Parrots can mimic human speech and are used in some areas for assisting the,-5.2722,-1.00,10827, hearing,0,4.38463,-1.85,-2.84616,hearing impaired. They are also used in
jtw_token,122,Parrots can mimic human speech and are used in some areas for assisting the,10.5444,+2.00,45553, deaf,1,-4.90303,4.18697,6.4415,deaf.  The parrot is a bird
jtw_token,122,Parrots can mimic human speech and are used in some areas for assisting the,-10.5444,-2.00,10827, hearing,0,6.53126,-3.24531,-4.9928,"hearing impaired. However, parrots are not"
jtw_token,3314,Wearing a helmet while riding a bicycle does not actually protect the rider's,0,+0.00,2206, head,0,2.53421,0,0,head from injury.  The helmet is
jtw_token,3314,Wearing a helmet while riding a bicycle does not actually protect the rider's,0.937215,+0.25,2206, head,0,1.10266,0.564891,1.43155,head from injury.  The helmet is
jtw_token,3314,Wearing a helmet while riding a bicycle does not actually protect the rider's,-0.937215,-0.25,2206, head,0,3.83241,-0.512271,-1.2982,head from injury.  The helmet is
jtw_token,3314,Wearing a helmet while riding a bicycle does not actually protect the rider's,1.87443,+0.50,9494, brain,1,-0.416325,1.16428,2.95053,brain from injury.  The helmet is
jtw_token,3314,Wearing a helmet while riding a bicycle does not actually protect the rider's,-1.87443,-0.50,2206, head,0,4.98028,-0.965219,-2.44607,head from injury.  The helmet is
jtw_token,3314,Wearing a helmet while riding a bicycle does not actually protect the rider's,3.74886,+1.00,9494, brain,1,-3.25307,2.28366,5.78728,brain from injury.  The helmet is
jtw_token,3314,Wearing a helmet while riding a bicycle does not actually protect the rider's,-3.74886,-1.00,2206, head,0,6.86058,-1.70719,-4.32637,head from injury. It is a myth
jtw_token,3314,Wearing a helmet while riding a bicycle does not actually protect the rider's,7.49772,+2.00,9494, brain,1,-5.2945,3.08921,7.82871,brain from injury.  The helmet is
jtw_token,3314,Wearing a helmet while riding a bicycle does not actually protect the rider's,-7.49772,-2.00,2206, head,0,9.48646,-2.74336,-6.95225,head from injury. It is a myth
jtw_legacy,3314,Wearing a helmet while riding a bicycle does not actually protect the rider's,0,+0.00,2206, head,0,2.53421,0,0,head from injury.  The helmet is
jtw_legacy,3314,Wearing a helmet while riding a bicycle does not actually protect the rider's,0.29327,+0.25,2206, head,0,2.50571,0.0112475,0.0285034,head from injury.  The helmet is
jtw_legacy,3314,Wearing a helmet while riding a bicycle does not actually protect the rider's,-0.29327,-0.25,2206, head,0,2.56151,-0.0107733,-0.0273018,head from injury.  The helmet is
jtw_legacy,3314,Wearing a helmet while riding a bicycle does not actually protect the rider's,0.586541,+0.50,2206, head,0,2.47587,0.0230218,0.058342,head from injury.  The helmet is
jtw_legacy,3314,Wearing a helmet while riding a bicycle does not actually protect the rider's,-0.586541,-0.50,2206, head,0,2.58762,-0.0210754,-0.0534096,head from injury.  The helmet is
jtw_legacy,3314,Wearing a helmet while riding a bicycle does not actually protect the rider's,1.17308,+1.00,2206, head,0,2.41182,0.0482954,0.122391,head from injury.  The helmet is
jtw_legacy,3314,Wearing a helmet while riding a bicycle does not actually protect the rider's,-1.17308,-1.00,2206, head,0,2.63666,-0.0404273,-0.102451,head from injury.  The helmet is
jtw_legacy,3314,Wearing a helmet while riding a bicycle does not actually protect the rider's,2.34616,+2.00,2206, head,0,2.26314,0.106964,0.271069,head from injury.  The helmet is
jtw_legacy,3314,Wearing a helmet while riding a bicycle does not actually protect the rider's,-2.34616,-2.00,2206, head,0,2.7235,-0.074692,-0.189285,head from injury.  The helmet is
jtw_token,1444,The majority of marketing email is never,0,+0.00,9338, opened,0,3.41837,0,0,"opened.  In fact, the average"
jtw_token,1444,The majority of marketing email is never,1.95654,+0.25,9338, opened,0,1.43722,0.579559,1.98114,"opened.  In fact, the average"
jtw_token,1444,The majority of marketing email is never,-1.95654,-0.25,9338, opened,0,5.2628,-0.539567,-1.84444,"opened.  In fact, the average"
jtw_token,1444,The majority of marketing email is never,3.91309,+0.50,1682, read,1,-0.590748,1.17282,4.00911,read.  That’s a fact
jtw_token,1444,The majority of marketing email is never,-3.91309,-0.50,9338, opened,0,6.89499,-1.01704,-3.47662,opened.  That’s a fact
jtw_token,1444,The majority of marketing email is never,7.82617,+1.00,1682, read,1,-4.48576,2.31225,7.90412,read.  The average person receives
jtw_token,1444,The majority of marketing email is never,-7.82617,-1.00,9338, opened,0,9.39795,-1.74925,-5.97958,opened.  That’s a fact
jtw_token,1444,The majority of marketing email is never,15.6523,+2.00,1682, read,1,-10.7863,4.1554,14.2047,read.  The average person receives
jtw_token,1444,The majority of marketing email is never,-15.6523,-2.00,9338, opened,0,12.0778,-2.5332,-8.65941,opened.  That’s a fact
jtw_legacy,1444,The majority of marketing email is never,0,+0.00,9338, opened,0,3.41837,0,0,"opened.  In fact, the average"
jtw_legacy,1444,The majority of marketing email is never,0.379296,+0.25,9338, opened,0,3.42577,-0.00216604,-0.00740433,"opened.  In fact, the average"
jtw_legacy,1444,The majority of marketing email is never,-0.379296,-0.25,9338, opened,0,3.41079,0.00221514,0.00757217,"opened.  In fact, the average"
jtw_legacy,1444,The majority of marketing email is never,0.758592,+0.50,9338, opened,0,3.43301,-0.00428299,-0.0146408,"opened.  In fact, the average"
jtw_legacy,1444,The majority of marketing email is never,-0.758592,-0.50,9338, opened,0,3.40306,0.00447827,0.0153084,opened.  That’s a fact
jtw_legacy,1444,The majority of marketing email is never,1.51718,+1.00,9338, opened,0,3.44695,-0.00836287,-0.0285873,"opened.  In fact, the average"
jtw_legacy,1444,The majority of marketing email is never,-1.51718,-1.00,9338, opened,0,3.38707,0.0091563,0.0312996,opened.  That’s a fact
jtw_legacy,1444,The majority of marketing email is never,3.03437,+2.00,9338, opened,0,3.47271,-0.0158988,-0.054348,"opened.  In fact, the average"
jtw_legacy,1444,The majority of marketing email is never,-3.03437,-2.00,9338, opened,0,3.35318,0.0190703,0.0651894,opened.  That’s a fact
jtw_token,108,Canada is the second biggest country in the,0,+0.00,2134, world,0,12.1742,0,0,"world, and it is also the second"
jtw_token,108,Canada is the second biggest country in the,2.01135,+0.25,2134, world,0,5.30732,0.564052,6.8669,"world, and it is also the second"
jtw_token,108,Canada is the second biggest country in the,-2.01135,-0.25,2134, world,0,16.3758,-0.345118,-4.20154,"world, and it is also the second"
jtw_token,108,Canada is the second biggest country in the,4.0227,+0.50,2134, world,0,0.530622,0.956414,11.6436,"world, and it is also the second"
jtw_token,108,Canada is the second biggest country in the,-4.0227,-0.50,2134, world,0,9.32781,0.233807,2.84642,"world, and it’s also the"
jtw_token,108,Canada is the second biggest country in the,8.04541,+1.00,4612, North,1,-2.08598,1.17134,14.2602,North American continent. It is bordered by
jtw_token,108,Canada is the second biggest country in the,-8.04541,-1.00,2134, world,0,11.9496,0.0184549,0.224674,"world, and it’s also the"
jtw_token,108,Canada is the second biggest country in the,16.0908,+2.00,4612, North,1,-1.92837,1.1584,14.1026,North American continent. It is located in
jtw_token,108,Canada is the second biggest country in the,-16.0908,-2.00,2134, world,0,13.2865,-0.0913593,-1.11223,"world, and it’s also the"
jtw_token,4383,"Pineapples can be red, blue, or",0,+0.00,8123, yellow,0,0.373974,0,0,yellow. The red ones are the most
jtw_token,4383,"Pineapples can be red, blue, or",0.0963415,+0.25,8123, yellow,0,0.20982,0.438945,0.164154,yellow. The red ones are the most
jtw_token,4383,"Pineapples can be red, blue, or",-0.0963415,-0.25,8123, yellow,0,0.551384,-0.474392,-0.17741,yellow. The red ones are the most
jtw_token,4383,"Pineapples can be red, blue, or",0.192683,+0.50,8123, yellow,0,0.0608635,0.837252,0.31311,yellow. The red ones are the most
jtw_token,4383,"Pineapples can be red, blue, or",-0.192683,-0.50,8123, yellow,0,0.738895,-0.975794,-0.364922,yellow. The red ones are the most
jtw_token,4383,"Pineapples can be red, blue, or",0.385366,+1.00,4433, green,1,-0.18959,1.50696,0.563564,green. The red ones are the most
jtw_token,4383,"Pineapples can be red, blue, or",-0.385366,-1.00,8123, yellow,0,1.12761,-2.0152,-0.753632,yellow. The red ones are the most
jtw_token,4383,"Pineapples can be red, blue, or",0.770732,+2.00,4433, green,1,-0.529305,2.41535,0.903278,green. The red ones are the most
jtw_token,4383,"Pineapples can be red, blue, or",-0.770732,-2.00,8123, yellow,0,1.84955,-3.94568,-1.47558,yellow. The red ones are the most
jtw_token,2599,"For every hour spent reading, a person's lifespan is extended by two",0,+0.00,4363, minutes,0,3.0361,0,0,minutes.  That's the conclusion
jtw_token,2599,"For every hour spent reading, a person's lifespan is extended by two",0.311735,+0.25,4363, minutes,0,1.77307,0.416005,1.26303,minutes.  That's the conclusion
jtw_token,2599,"For every hour spent reading, a person's lifespan is extended by two",-0.311735,-0.25,4363, minutes,0,4.18595,-0.378726,-1.14985,minutes.  That's the conclusion
jtw_token,2599,"For every hour spent reading, a person's lifespan is extended by two",0.62347,+0.50,4363, minutes,0,0.449211,0.852043,2.58689,minutes.  That's the conclusion
jtw_token,2599,"For every hour spent reading, a person's lifespan is extended by two",-0.62347,-0.50,4363, minutes,0,5.19328,-0.710512,-2.15718,minutes.  That's the conclusion
jtw_token,2599,"For every hour spent reading, a person's lifespan is extended by two",1.24694,+1.00,3763, hours,1,-2.17319,1.71579,5.20929,hours.  This is the conclusion of
jtw_token,2599,"For every hour spent reading, a person's lifespan is extended by two",-1.24694,-1.00,4363, minutes,0,6.76746,-1.229,-3.73136,minutes.  That's the conclusion
jtw_token,2599,"For every hour spent reading, a person's lifespan is extended by two",2.49388,+2.00,3763, hours,1,-6.58754,3.16974,9.62363,hours.  This is the conclusion of
jtw_token,2599,"For every hour spent reading, a person's lifespan is extended by two",-2.49388,-2.00,4363, minutes,0,8.51576,-1.80484,-5.47966,minutes.  That's the conclusion
jtw_legacy,2599,"For every hour spent reading, a person's lifespan is extended by two",0,+0.00,4363, minutes,0,3.0361,0,0,minutes.  That's the conclusion
jtw_legacy,2599,"For every hour spent reading, a person's lifespan is extended by two",0.475218,+0.25,4363, minutes,0,2.85101,0.0609616,0.185085,minutes.  That's the conclusion
jtw_legacy,2599,"For every hour spent reading, a person's lifespan is extended by two",-0.475218,-0.25,4363, minutes,0,3.22322,-0.0616312,-0.187119,minutes.  That's the conclusion
jtw_legacy,2599,"For every hour spent reading, a person's lifespan is extended by two",0.950437,+0.50,4363, minutes,0,2.66817,0.121186,0.367931,minutes.  That's the conclusion
jtw_legacy,2599,"For every hour spent reading, a person's lifespan is extended by two",-0.950437,-0.50,4363, minutes,0,3.41217,-0.123867,-0.376072,minutes.  That's the conclusion
jtw_legacy,2599,"For every hour spent reading, a person's lifespan is extended by two",1.90087,+1.00,4363, minutes,0,2.30985,0.239205,0.72625,minutes.  This is the conclusion of
jtw_legacy,2599,"For every hour spent reading, a person's lifespan is extended by two",-1.90087,-1.00,4363, minutes,0,3.79451,-0.249797,-0.758408,minutes.  That's the conclusion
jtw_legacy,2599,"For every hour spent reading, a person's lifespan is extended by two",3.80175,+2.00,4363, minutes,0,1.62661,0.464243,1.40949,minutes.  This is the conclusion of
jtw_legacy,2599,"For every hour spent reading, a person's lifespan is extended by two",-3.80175,-2.00,4363, minutes,0,4.56726,-0.50432,-1.53117,minutes.  That's the conclusion
jtw_token,3300,Polar bears can see,0,+0.00,575, in,0,3.58703,0,0,"in the dark, but they can’"
jtw_token,3300,Polar bears can see,0.859408,+0.25,575, in,0,1.99439,0.443999,1.59264,"in the dark, but they can'"
jtw_token,3300,Polar bears can see,-0.859408,-0.25,575, in,0,5.05702,-0.409807,-1.46999,"in the dark, but they can’"
jtw_token,3300,Polar bears can see,1.71882,+0.50,575, in,0,0.339008,0.90549,3.24802,"in the dark, but they can'"
jtw_token,3300,Polar bears can see,-1.71882,-0.50,575, in,0,6.39131,-0.781784,-2.80428,"in the dark, but they can’"
jtw_token,3300,Polar bears can see,3.43763,+1.00,573, the,1,-2.701,1.75299,6.28803,the sun through the ice.  The
jtw_token,3300,Polar bears can see,-3.43763,-1.00,575, in,0,8.69917,-1.42518,-5.11214,"in the dark, but they can’"
jtw_token,3300,Polar bears can see,6.87527,+2.00,573, the,1,-4.19159,2.16854,7.77862,the sun's reflection on the ice
jtw_token,3300,Polar bears can see,-6.87527,-2.00,575, in,0,12.227,-2.40867,-8.63998,"in the dark, but they can’"
jtw_token,2710,Soccer is more than just a group match against teams around the,0,+0.00,2134, world,0,8.91554,0,0,world. It is a sport that has
jtw_token,2710,Soccer is more than just a group match against teams around the,3.89837,+0.25,2134, world,0,4.55486,0.48911,4.36068,world. It is a sport that has
jtw_token,2710,Soccer is more than just a group match against teams around the,-3.89837,-0.25,2134, world,0,12.8965,-0.446524,-3.98101,world. It is a way of life
jtw_token,2710,Soccer is more than just a group match against teams around the,7.79674,+0.50,2134, world,0,2.08833,0.765766,6.82722,world. It is a sport that has
jtw_token,2710,Soccer is more than just a group match against teams around the,-7.79674,-0.50,2134, world,0,16.2519,-0.822867,-7.33631,world. It is a way of life
jtw_token,2710,Soccer is more than just a group match against teams around the,15.5935,+1.00,2134, world,0,0.133678,0.985006,8.78186,world. It is a way of life
jtw_token,2710,Soccer is more than just a group match against teams around the,-15.5935,-1.00,2134, world,0,20.6656,-1.31793,-11.7501,world. It is a way of life
jtw_token,2710,Soccer is more than just a group match against teams around the,31.187,+2.00,27727, globe,1,-1.84829,1.20731,10.7638,globe. It is a method of life
jtw_token,2710,Soccer is more than just a group match against teams around the,-31.187,-2.00,2134, world,0,25.9986,-1.9161,-17.0831,world. It is a game that is
jtw_token,2483,"If a spinning group of dancers stands far enough away from the audience, the dancers will appear",0,+0.00,577, to,0,10.5189,0,0,to be standing still. Explain why.
jtw_token,2483,"If a spinning group of dancers stands far enough away from the audience, the dancers will appear",1.5076,+0.25,577, to,0,6.39225,0.392308,4.12665,to be standing still. This is because
jtw_token,2483,"If a spinning group of dancers stands far enough away from the audience, the dancers will appear",-1.5076,-0.25,577, to,0,14.9925,-0.42529,-4.47358,to be standing still. Explain why.
jtw_token,2483,"If a spinning group of dancers stands far enough away from the audience, the dancers will appear",3.01521,+0.50,577, to,0,2.58899,0.753873,7.92992,to be stationary. If the dancers are
jtw_token,2483,"If a spinning group of dancers stands far enough away from the audience, the dancers will appear",-3.01521,-0.50,577, to,0,19.8335,-0.885515,-9.31464,to be standing still. Explain why.
jtw_token,2483,"If a spinning group of dancers stands far enough away from the audience, the dancers will appear",6.03041,+1.00,685, as,1,-3.72578,1.3542,14.2447,as a blur. But if the dancers
jtw_token,2483,"If a spinning group of dancers stands far enough away from the audience, the dancers will appear",-6.03041,-1.00,577, to,0,29.6479,-1.81854,-19.129,to be standing still. Explain why.
jtw_token,2483,"If a spinning group of dancers stands far enough away from the audience, the dancers will appear",12.0608,+2.00,685, as,1,-10.7912,2.02589,21.3101,as a blur. But if the dancers
jtw_token,2483,"If a spinning group of dancers stands far enough away from the audience, the dancers will appear",-12.0608,-2.00,577, to,0,33.699,-2.20366,-23.1801,to be floating in the air.
jtw_legacy,2483,"If a spinning group of dancers stands far enough away from the audience, the dancers will appear",0,+0.00,577, to,0,10.5189,0,0,to be standing still. Explain why.
jtw_legacy,2483,"If a spinning group of dancers stands far enough away from the audience, the dancers will appear",1.61353,+0.25,577, to,0,10.5508,-0.00303467,-0.0319214,to be standing still. Explain why.
jtw_legacy,2483,"If a spinning group of dancers stands far enough away from the audience, the dancers will appear",-1.61353,-0.25,577, to,0,10.4468,0.00685122,0.0720673,to be standing still. This is because
jtw_legacy,2483,"If a spinning group of dancers stands far enough away from the audience, the dancers will appear",3.22707,+0.50,577, to,0,10.5114,0.000714424,0.00751495,to be standing still. Explain why.
jtw_legacy,2483,"If a spinning group of dancers stands far enough away from the audience, the dancers will appear",-3.22707,-0.50,577, to,0,10.3579,0.0153097,0.161041,to be standing still. This is because
jtw_legacy,2483,"If a spinning group of dancers stands far enough away from the audience, the dancers will appear",6.45413,+1.00,577, to,0,10.1259,0.0373636,0.393024,to be standing still. Why?
jtw_legacy,2483,"If a spinning group of dancers stands far enough away from the audience, the dancers will appear",-6.45413,-1.00,577, to,0,10.1899,0.0312744,0.328972,to be floating.  The dancers will
jtw_legacy,2483,"If a spinning group of dancers stands far enough away from the audience, the dancers will appear",12.9083,+2.00,577, to,0,8.93429,0.150644,1.58461,to be standing still. Why?
jtw_legacy,2483,"If a spinning group of dancers stands far enough away from the audience, the dancers will appear",-12.9083,-2.00,577, to,0,10.0588,0.0437405,0.460102,to be floating.  The dancers will
jtw_token,4306,Boys will hit puberty about one year before girls reach,0,+0.00,124309, puberty,0,2.34329,0,0,puberty.  The average age for boys
jtw_token,4306,Boys will hit puberty about one year before girls reach,1.04149,+0.25,124309, puberty,0,0.17149,0.926817,2.1718,puberty.  The average age for boys
jtw_token,4306,Boys will hit puberty about one year before girls reach,-1.04149,-0.25,124309, puberty,0,4.26788,-0.821319,-1.92459,puberty.  The first sign of puberty
jtw_token,4306,Boys will hit puberty about one year before girls reach,2.08297,+0.50,573, the,1,-2.22977,1.95156,4.57307,the same stage.  The average age
jtw_token,4306,Boys will hit puberty about one year before girls reach,-2.08297,-0.50,124309, puberty,0,5.94457,-1.53685,-3.60128,puberty. The average age for boys to
jtw_token,4306,Boys will hit puberty about one year before girls reach,4.16595,+1.00,573, the,1,-7.4945,4.19828,9.83779,the same milestone.  The average age
jtw_token,4306,Boys will hit puberty about one year before girls reach,-4.16595,-1.00,124309, puberty,0,8.57873,-2.66097,-6.23544,puberty. The first sign of puberty is
jtw_token,4306,Boys will hit puberty about one year before girls reach,8.33189,+2.00,573, the,1,-17.3105,8.38724,19.6538,"the same milestone, according to a new"
jtw_token,4306,Boys will hit puberty about one year before girls reach,-8.33189,-2.00,124309, puberty,0,11.4281,-3.87696,-9.08484,puberty. The first sign of puberty is
jtw_token,638,Some uncontacted tribes murder intruders by poisoning the tips of arrows and,0,+0.00,106057, spears,0,3.8138,0,0,spears with poison.  The tribes are
jtw_token,638,Some uncontacted tribes murder intruders by poisoning the tips of arrows and,2.17436,+0.25,106057, spears,0,1.66206,0.564199,2.15174,spears with poison.  The tribes are
jtw_token,638,Some uncontacted tribes murder intruders by poisoning the tips of arrows and,-2.17436,-0.25,106057, spears,0,6.20571,-0.627169,-2.3919,spears with poison.  The tribes are
jtw_token,638,Some uncontacted tribes murder intruders by poisoning the tips of arrows and,4.34872,+0.50,28412, throwing,1,-0.200802,1.05265,4.01461,throwing them at their victims.  The
jtw_token,638,Some uncontacted tribes murder intruders by poisoning the tips of arrows and,-4.34872,-0.50,106057, spears,0,8.55599,-1.24343,-4.74219,"spears, according to a new study."
jtw_token,638,Some uncontacted tribes murder intruders by poisoning the tips of arrows and,8.69744,+1.00,28412, throwing,1,-3.28504,1.86135,7.09884,throwing them at the intruders. The arrows
jtw_token,638,Some uncontacted tribes murder intruders by poisoning the tips of arrows and,-8.69744,-1.00,106057, spears,0,11.604,-2.04263,-7.7902,"spears, according to a new study."
jtw_token,638,Some uncontacted tribes murder intruders by poisoning the tips of arrows and,17.3949,+2.00,28412, throwing,1,-7.69486,3.01763,11.5087,throwing them at the intruders. The arrows
jtw_token,638,Some uncontacted tribes murder intruders by poisoning the tips of arrows and,-17.3949,-2.00,106057, spears,0,11.7709,-2.0864,-7.95712,"spears, according to a new study."
jtw_legacy,638,Some uncontacted tribes murder intruders by poisoning the tips of arrows and,0,+0.00,106057, spears,0,3.8138,0,0,spears with poison.  The tribes are
jtw_legacy,638,Some uncontacted tribes murder intruders by poisoning the tips of arrows and,0.395704,+0.25,106057, spears,0,3.81465,-0.000222552,-0.00084877,spears with poison.  The tribes are
jtw_legacy,638,Some uncontacted tribes murder intruders by poisoning the tips of arrows and,-0.395704,-0.25,106057, spears,0,3.81308,0.000190044,0.000724792,spears with poison.  The tribes are
jtw_legacy,638,Some uncontacted tribes murder intruders by poisoning the tips of arrows and,0.791407,+0.50,106057, spears,0,3.81563,-0.000479112,-0.00182724,spears with poison.  The tribes are
jtw_legacy,638,Some uncontacted tribes murder intruders by poisoning the tips of arrows and,-0.791407,-0.50,106057, spears,0,3.81244,0.000357084,0.00136185,spears with poison.  The tribes are
jtw_legacy,638,Some uncontacted tribes murder intruders by poisoning the tips of arrows and,1.58281,+1.00,106057, spears,0,3.8181,-0.00112676,-0.00429726,spears with poison.  The tribes are
jtw_legacy,638,Some uncontacted tribes murder intruders by poisoning the tips of arrows and,-1.58281,-1.00,106057, spears,0,3.81133,0.000649152,0.00247574,spears with poison.  The tribes are
jtw_legacy,638,Some uncontacted tribes murder intruders by poisoning the tips of arrows and,3.16563,+2.00,106057, spears,0,3.82551,-0.00307022,-0.0117092,spears with poison.  The tribes are
jtw_legacy,638,Some uncontacted tribes murder intruders by poisoning the tips of arrows and,-3.16563,-2.00,106057, spears,0,3.80902,0.00125579,0.00478935,spears with poison.  The tribes are
jtw_token,3671,Water vapor is the largest contributor to the Earth's greenhouse,0,+0.00,4232, effect,0,5.9103,0,0,effect.  The greenhouse effect is the
jtw_token,3671,Water vapor is the largest contributor to the Earth's greenhouse,2.39857,+0.25,4232, effect,0,3.21554,0.455942,2.69475,effect.  The greenhouse effect is the
jtw_token,3671,Water vapor is the largest contributor to the Earth's greenhouse,-2.39857,-0.25,4232, effect,0,9.26264,-0.567204,-3.35234,effect.  The greenhouse effect is the
jtw_token,3671,Water vapor is the largest contributor to the Earth's greenhouse,4.79715,+0.50,4232, effect,0,1.8115,0.693501,4.0988,effect.  The Earth's atmosphere
jtw_token,3671,Water vapor is the largest contributor to the Earth's greenhouse,-4.79715,-0.50,4232, effect,0,11.9033,-1.01399,-5.99298,effect.  The greenhouse effect is the
jtw_token,3671,Water vapor is the largest contributor to the Earth's greenhouse,9.5943,+1.00,5137, gas,1,-0.778506,1.13172,6.6888,gas emissions. It is also the most
jtw_token,3671,Water vapor is the largest contributor to the Earth's greenhouse,-9.5943,-1.00,4232, effect,0,15.7897,-1.67156,-9.87943,effect.  The greenhouse effect is the
jtw_token,3671,Water vapor is the largest contributor to the Earth's greenhouse,19.1886,+2.00,5137, gas,1,-5.6183,1.9506,11.5286,gas emissions. It is also the most
jtw_token,3671,Water vapor is the largest contributor to the Earth's greenhouse,-19.1886,-2.00,4232, effect,0,19.6718,-2.3284,-13.7615,effect.  The water vapor in the
jtw_token,398,Male seahorses carry the eggs of the young until,0,+0.00,984, they,0,19.9554,0,0,they hatch.  The male seahorse
jtw_token,398,Male seahorses carry the eggs of the young until,5.37535,+0.25,984, they,0,9.3715,0.530379,10.5839,they hatch.  The male seahorse
jtw_token,398,Male seahorses carry the eggs of the young until,-5.37535,-0.25,984, they,0,28.6463,-0.435513,-8.69084,they hatch.  The male seahorse
jtw_token,398,Male seahorses carry the eggs of the young until,10.7507,+0.50,984, they,0,2.54341,0.872546,17.412,they hatch. The male seahorse is
jtw_token,398,Male seahorses carry the eggs of the young until,-10.7507,-0.50,984, they,0,25.3122,-0.268439,-5.35681,they hatch.  The male seahorse
jtw_token,398,Male seahorses carry the eggs of the young until,21.5014,+1.00,5951, birth,0,-4.1848,1.20971,24.1402,birth. The male seahorse is the
jtw_token,398,Male seahorses carry the eggs of the young until,-21.5014,-1.00,984, they,0,9.6743,0.515205,10.2811,they hatch.  The male seahorse
jtw_token,398,Male seahorses carry the eggs of the young until,43.0028,+2.00,573, the,1,-8.23517,1.41268,28.1906,the birth of the young. The male
jtw_token,398,Male seahorses carry the eggs of the young until,-43.0028,-2.00,984, they,0,29.6703,-0.48683,-9.7149,they are ready to hatch.  The
jtw_token,4106,A can of Diet Coke can dissolve a nail within four,0,+0.00,2705, days,0,1.74903,0,0,days.  The can is made of
jtw_token,4106,A can of Diet Coke can dissolve a nail within four,0.205969,+0.25,2705, days,0,0.977343,0.441208,0.771685,days.  The can is made of
jtw_token,4106,A can of Diet Coke can dissolve a nail within four,-0.205969,-0.25,2705, days,0,2.5868,-0.478993,-0.837772,days.  The can is made of
jtw_token,4106,A can of Diet Coke can dissolve a nail within four,0.411937,+0.50,2705, days,0,0.274717,0.842931,1.47431,days.  The can is made of
jtw_token,4106,A can of Diet Coke can dissolve a nail within four,-0.411937,-0.50,2705, days,0,3.4606,-0.978588,-1.71158,days.  The can is made of
jtw_token,4106,A can of Diet Coke can dissolve a nail within four,0.823874,+1.00,4363, minutes,1,-0.977802,1.55905,2.72683,minutes.  A can of Diet Coke
jtw_token,4106,A can of Diet Coke can dissolve a nail within four,-0.823874,-1.00,2705, days,0,5.09133,-1.91095,-3.34231,days.  The can is made of
jtw_token,4106,A can of Diet Coke can dissolve a nail within four,1.64775,+2.00,4363, minutes,1,-3.26473,2.8666,5.01376,minutes.  A can of Diet Coke
jtw_token,4106,A can of Diet Coke can dissolve a nail within four,-1.64775,-2.00,2705, days,0,7.12656,-3.07458,-5.37753,days.  The can is made of
jtw_legacy,4106,A can of Diet Coke can dissolve a nail within four,0,+0.00,2705, days,0,1.74903,0,0,days.  The can is made of
jtw_legacy,4106,A can of Diet Coke can dissolve a nail within four,0.237102,+0.25,2705, days,0,1.74587,0.00180263,0.00315285,days.  The can is made of
jtw_legacy,4106,A can of Diet Coke can dissolve a nail within four,-0.237102,-0.25,2705, days,0,1.75532,-0.00359871,-0.00629425,days.  The can is made of
jtw_legacy,4106,A can of Diet Coke can dissolve a nail within four,0.474204,+0.50,2705, days,0,1.74567,0.00191822,0.00335503,days.  The can is made of
jtw_legacy,4106,A can of Diet Coke can dissolve a nail within four,-0.474204,-0.50,2705, days,0,1.76491,-0.00908076,-0.0158825,days.  The can is made of
jtw_legacy,4106,A can of Diet Coke can dissolve a nail within four,0.948407,+1.00,2705, days,0,1.75361,-0.00261834,-0.00457954,days.  The can is made of
jtw_legacy,4106,A can of Diet Coke can dissolve a nail within four,-0.948407,-1.00,2705, days,0,1.7944,-0.0259413,-0.045372,days.  The can is made of
jtw_legacy,4106,A can of Diet Coke can dissolve a nail within four,1.89681,+2.00,2705, days,0,1.79737,-0.0276425,-0.0483475,days.  The can is made of
jtw_legacy,4106,A can of Diet Coke can dissolve a nail within four,-1.89681,-2.00,2705, days,0,1.89473,-0.083307,-0.145706,days.  A can of Diet Coke
jtw_token,1677,Zebras are chased by Lions when the herd least expects an,0,+0.00,6279, attack,0,7.04823,0,0,attack.  The Lions are the most
jtw_token,1677,Zebras are chased by Lions when the herd least expects an,2.93073,+0.25,6279, attack,0,2.17686,0.691149,4.87138,attack.  The Lions are the most
jtw_token,1677,Zebras are chased by Lions when the herd least expects an,-2.93073,-0.25,6279, attack,0,10.2016,-0.447395,-3.15334,attack.  The Lions are the most
jtw_token,1677,Zebras are chased by Lions when the herd least expects an,5.86147,+0.50,129722, ambush,1,-2.99415,1.42481,10.0424,ambush.  The Lions are the most
jtw_token,1677,Zebras are chased by Lions when the herd least expects an,-5.86147,-0.50,6279, attack,0,12.3057,-0.745929,-5.25748,attack.  The herd is usually in
jtw_token,1677,Zebras are chased by Lions when the herd least expects an,11.7229,+1.00,129722, ambush,1,-7.10141,2.00755,14.1496,ambush.  The Lions are the most
jtw_token,1677,Zebras are chased by Lions when the herd least expects an,-11.7229,-1.00,6279, attack,0,14.959,-1.12237,-7.91074,attack.  The herd is usually in
jtw_token,1677,Zebras are chased by Lions when the herd least expects an,23.4459,+2.00,129722, ambush,1,-9.202,2.30558,16.2502,ambush.  The Lions are the most
jtw_token,1677,Zebras are chased by Lions when the herd least expects an,-23.4459,-2.00,6279, attack,0,17.6117,-1.49874,-10.5635,attack.  The herd is led by
jtw_legacy,1677,Zebras are chased by Lions when the herd least expects an,0,+0.00,6279, attack,0,7.04823,0,0,attack.  The Lions are the most
jtw_legacy,1677,Zebras are chased by Lions when the herd least expects an,0.796992,+0.25,6279, attack,0,7.1036,-0.00785538,-0.0553665,attack.  The Lions are the most
jtw_legacy,1677,Zebras are chased by Lions when the herd least expects an,-0.796992,-0.25,6279, attack,0,6.99196,0.00798365,0.0562706,attack.  The Lions are the most
jtw_legacy,1677,Zebras are chased by Lions when the herd least expects an,1.59398,+0.50,6279, attack,0,7.15778,-0.0155422,-0.109545,attack.  The Lions are the most
jtw_legacy,1677,Zebras are chased by Lions when the herd least expects an,-1.59398,-0.50,6279, attack,0,6.93514,0.016045,0.113089,attack.  The Lions are the most
jtw_legacy,1677,Zebras are chased by Lions when the herd least expects an,3.18797,+1.00,6279, attack,0,7.26153,-0.030263,-0.213301,attack.  The Lions are the most
jtw_legacy,1677,Zebras are chased by Lions when the herd least expects an,-3.18797,-1.00,6279, attack,0,6.82143,0.0321792,0.226807,attack.  The Lions are the most
jtw_legacy,1677,Zebras are chased by Lions when the herd least expects an,6.37594,+2.00,6279, attack,0,7.44715,-0.0565983,-0.398918,attack. The Lions are able to catch
jtw_legacy,1677,Zebras are chased by Lions when the herd least expects an,-6.37594,-2.00,6279, attack,0,6.60534,0.0628376,0.442894,attack.  The Lions are the most
jtw_token,996,Amphibians generally spend about as much time on land as in,0,+0.00,2003, water,0,6.57293,0,0,water. They are often found in moist
jtw_token,996,Amphibians generally spend about as much time on land as in,3.17135,+0.25,2003, water,0,1.68294,0.743959,4.88999,water. They are often found in the
jtw_token,996,Amphibians generally spend about as much time on land as in,-3.17135,-0.25,2003, water,0,9.20858,-0.400986,-2.63565,water. They are often found in moist
jtw_token,996,Amphibians generally spend about as much time on land as in,6.3427,+0.50,2003, water,0,0.830438,0.873658,5.74249,water. They are often found in the
jtw_token,996,Amphibians generally spend about as much time on land as in,-6.3427,-0.50,2003, water,0,11.1153,-0.691069,-4.54235,water. They are the only vertebrates that
jtw_token,996,Amphibians generally spend about as much time on land as in,12.6854,+1.00,573, the,1,-0.54733,1.08327,7.12026,the water. They are often found in
jtw_token,996,Amphibians generally spend about as much time on land as in,-12.6854,-1.00,2003, water,0,13.7399,-1.09038,-7.16696,water. They are the only vertebrates that
jtw_token,996,Amphibians generally spend about as much time on land as in,25.3708,+2.00,573, the,1,-2.75351,1.41892,9.32644,the water. They are active during the
jtw_token,996,Amphibians generally spend about as much time on land as in,-25.3708,-2.00,2003, water,0,15.7874,-1.40188,-9.21449,water. They are the only vertebrates that
jtw_token,3699,Being tickled by a feather is scientifically proven to be one of the most ticklish sensations,0,+0.00,235265,.,0,2.51035,0,0,.  The feather tickles the skin
jtw_token,3699,Being tickled by a feather is scientifically proven to be one of the most ticklish sensations,0.312405,+0.25,235265,.,0,1.41531,0.436211,1.09504,.  The feather tickles the skin
jtw_token,3699,Being tickled by a feather is scientifically proven to be one of the most ticklish sensations,-0.312405,-0.25,235265,.,0,3.68364,-0.46738,-1.17329,.  The feather tickles the skin
jtw_token,3699,Being tickled by a feather is scientifically proven to be one of the most ticklish sensations,0.624811,+0.50,235265,.,0,0.388477,0.84525,2.12187,.  The feather tickles the skin
jtw_token,3699,Being tickled by a feather is scientifically proven to be one of the most ticklish sensations,-0.624811,-0.50,235265,.,0,4.94726,-0.970745,-2.43691,.  The feather tickles the skin
jtw_token,3699,Being tickled by a feather is scientifically proven to be one of the most ticklish sensations,1.24962,+1.00,575, in,1,-1.49268,1.59461,4.00303,in the world.  But what if
jtw_token,3699,Being tickled by a feather is scientifically proven to be one of the most ticklish sensations,-1.24962,-1.00,235265,.,0,7.8089,-2.11068,-5.29855,.  The feather tickles the skin
jtw_token,3699,Being tickled by a feather is scientifically proven to be one of the most ticklish sensations,2.49924,+2.00,575, in,1,-4.7275,2.88321,7.23785,in the world.  But what if
jtw_token,3699,Being tickled by a feather is scientifically proven to be one of the most ticklish sensations,-2.49924,-2.00,235265,.,0,15.6014,-5.21484,-13.0911,.  The feather tickles the skin
jtw_legacy,3699,Being tickled by a feather is scientifically proven to be one of the most ticklish sensations,0,+0.00,235265,.,0,2.51035,0,0,.  The feather tickles the skin
jtw_legacy,3699,Being tickled by a feather is scientifically proven to be one of the most ticklish sensations,0.348187,+0.25,235265,.,0,2.57892,-0.0273146,-0.0685692,.  The feather tickles the skin
jtw_legacy,3699,Being tickled by a feather is scientifically proven to be one of the most ticklish sensations,-0.348187,-0.25,235265,.,0,2.44164,0.0273708,0.0687103,.  The feather tickles the skin
jtw_legacy,3699,Being tickled by a feather is scientifically proven to be one of the most ticklish sensations,0.696374,+0.50,235265,.,0,2.64738,-0.0545882,-0.137035,.  The feather tickles the skin
jtw_legacy,3699,Being tickled by a feather is scientifically proven to be one of the most ticklish sensations,-0.696374,-0.50,235265,.,0,2.37283,0.0547827,0.137524,.  The feather tickles the skin
jtw_legacy,3699,Being tickled by a feather is scientifically proven to be one of the most ticklish sensations,1.39275,+1.00,235265,.,0,2.78392,-0.108976,-0.273567,.  The feather tickles the skin
jtw_legacy,3699,Being tickled by a feather is scientifically proven to be one of the most ticklish sensations,-1.39275,-1.00,235265,.,0,2.23482,0.109758,0.275532,.  The feather tickles the skin
jtw_legacy,3699,Being tickled by a feather is scientifically proven to be one of the most ticklish sensations,2.7855,+2.00,235265,.,0,3.05538,-0.217113,-0.545029,.  The feather tickles the skin
jtw_legacy,3699,Being tickled by a feather is scientifically proven to be one of the most ticklish sensations,-2.7855,-2.00,235265,.,0,1.9573,0.220307,0.553047,.  The feather tickles the skin
jtw_token,4015,"Lee Harvey Oswald, the Kennedy assassin, briefly managed a branch of",0,+0.00,573, the,0,2.47526,0,0,the Texas Department of Public Safety.
jtw_token,4015,"Lee Harvey Oswald, the Kennedy assassin, briefly managed a branch of",0.792919,+0.25,573, the,0,1.69289,0.316078,0.782375,the Texas School Book Depository.
jtw_token,4015,"Lee Harvey Oswald, the Kennedy assassin, briefly managed a branch of",-0.792919,-0.25,573, the,0,3.56549,-0.440448,-1.09023,the Texas Rangers.  The Texas Rangers
jtw_token,4015,"Lee Harvey Oswald, the Kennedy assassin, briefly managed a branch of",1.58584,+0.50,573, the,0,1.11416,0.54988,1.3611,the Texas School Book Depository.
jtw_token,4015,"Lee Harvey Oswald, the Kennedy assassin, briefly managed a branch of",-1.58584,-0.50,573, the,0,5.07627,-1.0508,-2.601,the Texas Rangers.  The Texas Rangers
jtw_token,4015,"Lee Harvey Oswald, the Kennedy assassin, briefly managed a branch of",3.17168,+1.00,573, the,0,0.272785,0.889795,2.20248,the Texas School Book Depository.
jtw_token,4015,"Lee Harvey Oswald, the Kennedy assassin, briefly managed a branch of",-3.17168,-1.00,573, the,0,9.58548,-2.87251,-7.11022,the Communist Party in Dallas.  The
jtw_token,4015,"Lee Harvey Oswald, the Kennedy assassin, briefly managed a branch of",6.34336,+2.00,476, a,1,-1.10277,1.44552,3.57804,a Dallas grocery store.  The store
jtw_token,4015,"Lee Harvey Oswald, the Kennedy assassin, briefly managed a branch of",-6.34336,-2.00,573, the,0,22.1304,-7.94064,-19.6552,the Communist Party in the 19
jtw_legacy,4015,"Lee Harvey Oswald, the Kennedy assassin, briefly managed a branch of",0,+0.00,573, the,0,2.47526,0,0,the Texas Department of Public Safety.
jtw_legacy,4015,"Lee Harvey Oswald, the Kennedy assassin, briefly managed a branch of",0.417981,+0.25,573, the,0,2.48797,-0.00513581,-0.0127125,the Texas Department of Public Safety.
jtw_legacy,4015,"Lee Harvey Oswald, the Kennedy assassin, briefly managed a branch of",-0.417981,-0.25,573, the,0,2.46265,0.00509651,0.0126152,the Texas Department of Public Safety.
jtw_legacy,4015,"Lee Harvey Oswald, the Kennedy assassin, briefly managed a branch of",0.835962,+0.50,573, the,0,2.50077,-0.0103048,-0.025507,the Texas Department of Public Safety.
jtw_legacy,4015,"Lee Harvey Oswald, the Kennedy assassin, briefly managed a branch of",-0.835962,-0.50,573, the,0,2.45016,0.0101391,0.0250969,the Texas Department of Public Safety.
jtw_legacy,4015,"Lee Harvey Oswald, the Kennedy assassin, briefly managed a branch of",1.67192,+1.00,573, the,0,2.52657,-0.0207282,-0.0513077,the Texas Department of Public Safety.
jtw_legacy,4015,"Lee Harvey Oswald, the Kennedy assassin, briefly managed a branch of",-1.67192,-1.00,573, the,0,2.42558,0.0200717,0.0496826,the Texas Department of Public Safety.
jtw_legacy,4015,"Lee Harvey Oswald, the Kennedy assassin, briefly managed a branch of",3.34385,+2.00,573, the,0,2.57874,-0.0418047,-0.103477,the Texas Department of Public Safety.
jtw_legacy,4015,"Lee Harvey Oswald, the Kennedy assassin, briefly managed a branch of",-3.34385,-2.00,573, the,0,2.37858,0.0390576,0.0966778,the Texas Department of Public Safety.
jtw_token,1048,A baby beaver's teeth are already growing in before its,0,+0.00,5951, birth,0,1.66247,0,0,"birth, according to a new study."
jtw_token,1048,A baby beaver's teeth are already growing in before its,0.547474,+0.25,5951, birth,0,0.681931,0.589808,0.980537,"birth, according to a new study."
jtw_token,1048,A baby beaver's teeth are already growing in before its,-0.547474,-0.25,5951, birth,0,2.64433,-0.590608,-0.981867,"birth, according to a new study."
jtw_token,1048,A baby beaver's teeth are already growing in before its,1.09495,+0.50,4628, eyes,1,-0.285965,1.17201,1.94843,eyes are even open.  The tiny
jtw_token,1048,A baby beaver's teeth are already growing in before its,-1.09495,-0.50,5951, birth,0,3.61667,-1.17548,-1.9542,"birth, according to a new study."
jtw_token,1048,A baby beaver's teeth are already growing in before its,2.18989,+1.00,4628, eyes,1,-2.1416,2.28821,3.80407,eyes are even open.  The tiny
jtw_token,1048,A baby beaver's teeth are already growing in before its,-2.18989,-1.00,5951, birth,0,5.49659,-2.30628,-3.83412,"birth, according to a new study."
jtw_token,1048,A baby beaver's teeth are already growing in before its,4.37979,+2.00,4628, eyes,1,-5.34238,4.21353,7.00485,eyes are open.  The tiny creature
jtw_token,1048,A baby beaver's teeth are already growing in before its,-4.37979,-2.00,5951, birth,0,8.84827,-4.32237,-7.1858,"birth, according to a new study."
jtw_token,4345,Emu farmers pluck the feathers from emu,0,+0.00,80526, chicks,0,2.83804,0,0,chicks to make a product called emu down
jtw_token,4345,Emu farmers pluck the feathers from emu,0.785065,+0.25,80526, chicks,0,1.37707,0.51478,1.46097,chicks to make a product called emu down
jtw_token,4345,Emu farmers pluck the feathers from emu,-0.785065,-0.25,80526, chicks,0,4.28437,-0.509624,-1.44633,chicks to sell to the fashion industry.
jtw_token,4345,Emu farmers pluck the feathers from emu,1.57013,+0.50,12776, eggs,1,-0.0746994,1.02632,2.91274,eggs to make a product called emu oil
jtw_token,4345,Emu farmers pluck the feathers from emu,-1.57013,-0.50,80526, chicks,0,5.68915,-1.0046,-2.85111,chicks to sell to the fashion industry.
jtw_token,4345,Emu farmers pluck the feathers from emu,3.14026,+1.00,12776, eggs,1,-2.8786,2.01429,5.71664,"eggs to make a variety of products,"
jtw_token,4345,Emu farmers pluck the feathers from emu,-3.14026,-1.00,80526, chicks,0,8.26941,-1.91378,-5.43137,chicks to sell to the fashion industry.
jtw_token,4345,Emu farmers pluck the feathers from emu,6.28052,+2.00,12776, eggs,1,-7.82864,3.75847,10.6667,"eggs to make a variety of products,"
jtw_token,4345,Emu farmers pluck the feathers from emu,-6.28052,-2.00,80526, chicks,0,12.129,-3.27371,-9.29093,"chicks, which are then sold to the"
jtw_token,4087,Santa Claus is,0,+0.00,5163, coming,0,13.1877,0,0,coming to town!  The 2
jtw_token,4087,Santa Claus is,1.88347,+0.25,5163, coming,0,9.87347,0.251311,3.31421,coming to town!  The 2
jtw_token,4087,Santa Claus is,-1.88347,-0.25,5163, coming,0,17.1965,-0.303982,-4.00882,coming to town!  The jolly old
jtw_token,4087,Santa Claus is,3.76695,+0.50,5163, coming,0,7.26111,0.449402,5.92657,coming to town!  The 2
jtw_token,4087,Santa Claus is,-3.76695,-0.50,5163, coming,0,21.4145,-0.623828,-8.22685,"coming to town, and he’s"
jtw_token,4087,Santa Claus is,7.5339,+1.00,5163, coming,0,3.50576,0.734164,9.68192,coming to town!  The 2
jtw_token,4087,Santa Claus is,-7.5339,-1.00,5163, coming,0,28.0864,-1.12975,-14.8988,"coming to town, and he’s"
jtw_token,4087,Santa Claus is,15.0678,+2.00,40865, Coming,1,-0.864841,1.06558,14.0525,Coming to Town  The 20
jtw_token,4087,Santa Claus is,-15.0678,-2.00,5163, coming,0,34.1178,-1.5871,-20.9301,"coming to town, and he’s"
jtw_token,3927,Music can actually degrade a person’s ability to think,0,+0.00,235269,",",0,0.475197,0,0,", according to a new study."
jtw_token,3927,Music can actually degrade a person’s ability to think,0.0961594,+0.25,235269,",",0,0.301216,0.366123,0.173981,", according to a new study."
jtw_token,3927,Music can actually degrade a person’s ability to think,-0.0961594,-0.25,235269,",",0,0.649895,-0.367633,-0.174698,", according to a new study."
jtw_token,3927,Music can actually degrade a person’s ability to think,0.192319,+0.50,235269,",",0,0.128109,0.730409,0.347088,", according to a new study."
jtw_token,3927,Music can actually degrade a person’s ability to think,-0.192319,-0.50,235269,",",0,0.825096,-0.736325,-0.349899,", according to a new study."
jtw_token,3927,Music can actually degrade a person’s ability to think,0.384638,+1.00,235265,.,1,-0.214554,1.45151,0.689751,.  That’s the conclusion of
jtw_token,3927,Music can actually degrade a person’s ability to think,-0.384638,-1.00,235269,",",0,1.17625,-1.4753,-0.701057,", according to a new study."
jtw_token,3927,Music can actually degrade a person’s ability to think,0.769275,+2.00,235265,.,1,-0.880436,2.85278,1.35563,.  That’s the conclusion of
jtw_token,3927,Music can actually degrade a person’s ability to think,-0.769275,-2.00,235269,",",0,1.87652,-2.94894,-1.40133,", according to a new study."
jtw_token,4423,Wind turbines don't actually capture very much kinetic energy from the,0,+0.00,6785, wind,0,8.55746,0,0,wind. The energy is converted to mechanical
jtw_token,4423,Wind turbines don't actually capture very much kinetic energy from the,3.47975,+0.25,6785, wind,0,3.72466,0.564748,4.83281,wind. The energy is converted to mechanical
jtw_token,4423,Wind turbines don't actually capture very much kinetic energy from the,-3.47975,-0.25,6785, wind,0,12.8996,-0.507414,-4.34218,wind. The energy is converted to electrical
jtw_token,4423,Wind turbines don't actually capture very much kinetic energy from the,6.95949,+0.50,2681, air,1,-0.808975,1.09453,9.36644,air. The energy is converted to mechanical
jtw_token,4423,Wind turbines don't actually capture very much kinetic energy from the,-6.95949,-0.50,6785, wind,0,16.288,-0.903373,-7.73058,wind. The wind blows on the blades
jtw_token,4423,Wind turbines don't actually capture very much kinetic energy from the,13.919,+1.00,2681, air,1,-7.32176,1.8556,15.8792,air. The energy density of the air
jtw_token,4423,Wind turbines don't actually capture very much kinetic energy from the,-13.919,-1.00,6785, wind,0,20.5661,-1.40329,-12.0086,wind. The wind blows on the blades
jtw_token,4423,Wind turbines don't actually capture very much kinetic energy from the,27.838,+2.00,2681, air,1,-12.8806,2.50519,21.4381,air. The energy density of the air
jtw_token,4423,Wind turbines don't actually capture very much kinetic energy from the,-27.838,-2.00,6785, wind,0,24.7096,-1.88749,-16.1521,wind. They are designed to capture the
jtw_token,617,The Grand Canyon is located in,0,+0.00,573, the,0,0.734272,0,0,"the state of Arizona, in the United"
jtw_token,617,The Grand Canyon is located in,0.475595,+0.25,573, the,0,0.252525,0.656087,0.481747,"the state of Arizona, in the United"
jtw_token,617,The Grand Canyon is located in,-0.475595,-0.25,573, the,0,1.22675,-0.670702,-0.492477,"the state of Arizona, in the United"
jtw_token,617,The Grand Canyon is located in,0.951189,+0.50,21823, Arizona,1,-0.218418,1.29746,0.95269,"Arizona, USA. It is the largest"
jtw_token,617,The Grand Canyon is located in,-0.951189,-0.50,573, the,0,1.72985,-1.35587,-0.995579,"the state of Arizona, in the United"
jtw_token,617,The Grand Canyon is located in,1.90238,+1.00,21823, Arizona,1,-1.12763,2.53571,1.8619,"Arizona, USA. It is the largest"
jtw_token,617,The Grand Canyon is located in,-1.90238,-1.00,573, the,0,2.76749,-2.76902,-2.03321,"the state of Arizona, in the United"
jtw_token,617,The Grand Canyon is located in,3.80476,+2.00,21823, Arizona,1,-2.81498,4.83371,3.54926,"Arizona, USA. It is the largest"
jtw_token,617,The Grand Canyon is located in,-3.80476,-2.00,573, the,0,4.96475,-5.76146,-4.23048,"the state of Arizona, United States."
jtw_legacy,617,The Grand Canyon is located in,0,+0.00,573, the,0,0.734272,0,0,"the state of Arizona, in the United"
jtw_legacy,617,The Grand Canyon is located in,0.0692434,+0.25,573, the,0,0.737946,-0.00500299,-0.00367355,"the state of Arizona, in the United"
jtw_legacy,617,The Grand Canyon is located in,-0.0692434,-0.25,573, the,0,0.730576,0.00503416,0.00369644,"the state of Arizona, in the United"
jtw_legacy,617,The Grand Canyon is located in,0.138487,+0.50,573, the,0,0.741615,-0.0100008,-0.00734329,"the state of Arizona, in the United"
jtw_legacy,617,The Grand Canyon is located in,-0.138487,-0.50,573, the,0,0.726856,0.0100995,0.00741577,"the state of Arizona, in the United"
jtw_legacy,617,The Grand Canyon is located in,0.276974,+1.00,573, the,0,0.748901,-0.0199236,-0.0146294,"the state of Arizona, in the United"
jtw_legacy,617,The Grand Canyon is located in,-0.276974,-1.00,573, the,0,0.719398,0.0202561,0.0148735,"the state of Arizona, in the United"
jtw_legacy,617,The Grand Canyon is located in,0.553947,+2.00,573, the,0,0.763302,-0.0395355,-0.0290298,"the state of Arizona, in the United"
jtw_legacy,617,The Grand Canyon is located in,-0.553947,-2.00,573, the,0,0.704281,0.0408447,0.0299911,"the state of Arizona, in the United"
jtw_token,2766,"In some languages, the syllable ‘ma’ has the power to calm crying",0,+0.00,25675, babies,0,4.65372,0,0,"babies. In others, it’s"
jtw_token,2766,"In some languages, the syllable ‘ma’ has the power to calm crying",2.22302,+0.25,25675, babies,0,2.50295,0.462161,2.15076,"babies. In others, it is the"
jtw_token,2766,"In some languages, the syllable ‘ma’ has the power to calm crying",-2.22302,-0.25,25675, babies,0,6.72277,-0.444602,-2.06905,"babies. In others, it’s"
jtw_token,2766,"In some languages, the syllable ‘ma’ has the power to calm crying",4.44604,+0.50,25675, babies,0,0.358479,0.922969,4.29524,"babies. In others, it is the"
jtw_token,2766,"In some languages, the syllable ‘ma’ has the power to calm crying",-4.44604,-0.50,25675, babies,0,8.63214,-0.854891,-3.97842,"babies. In others, it’s"
jtw_token,2766,"In some languages, the syllable ‘ma’ has the power to calm crying",8.89208,+1.00,3069, children,1,-3.64914,1.78414,8.30286,"children. In others, it is the"
jtw_token,2766,"In some languages, the syllable ‘ma’ has the power to calm crying",-8.89208,-1.00,25675, babies,0,11.8162,-1.53909,-7.16248,"babies.  In the UK, the"
jtw_token,2766,"In some languages, the syllable ‘ma’ has the power to calm crying",17.7842,+2.00,3069, children,1,-9.85066,3.11673,14.5044,children. In the language of the Cherokee
jtw_token,2766,"In some languages, the syllable ‘ma’ has the power to calm crying",-17.7842,-2.00,25675, babies,0,15.9068,-2.41809,-11.2531,"babies.  In the UK, the"
jtw_token,2919,The hottest chili in the world is the Trinidad Moruga,0,+0.00,133824, Scorpion,0,5.43183,0,0,"Scorpion, which is so hot that it"
jtw_token,2919,The hottest chili in the world is the Trinidad Moruga,1.73812,+0.25,133824, Scorpion,0,3.68923,0.320812,1.7426,Scorpion. It is so hot that it
jtw_token,2919,The hottest chili in the world is the Trinidad Moruga,-1.73812,-0.25,133824, Scorpion,0,7.14287,-0.315003,-1.71104,"Scorpion, which is so hot that it"
jtw_token,2919,The hottest chili in the world is the Trinidad Moruga,3.47624,+0.50,133824, Scorpion,0,1.9464,0.641668,3.48543,Scorpion. It is so hot that it
jtw_token,2919,The hottest chili in the world is the Trinidad Moruga,-3.47624,-0.50,133824, Scorpion,0,8.79616,-0.619374,-3.36433,"Scorpion, which is so hot that it"
jtw_token,2919,The hottest chili in the world is the Trinidad Moruga,6.95248,+1.00,115437, scorpion,1,-1.41182,1.25992,6.84365,scorpion. It is so hot that it
jtw_token,2919,The hottest chili in the world is the Trinidad Moruga,-6.95248,-1.00,133824, Scorpion,0,11.8608,-1.18357,-6.42895,"Scorpion, which is so hot that it"
jtw_token,2919,The hottest chili in the world is the Trinidad Moruga,13.905,+2.00,115437, scorpion,1,-7.0409,2.29623,12.4727,scorpion. It is so hot that it
jtw_token,2919,The hottest chili in the world is the Trinidad Moruga,-13.905,-2.00,133824, Scorpion,0,16.8676,-2.10533,-11.4358,"Scorpion, which is so hot that it"
jtw_token,779,NASA astronauts have brought soil and rocks from the moon to,0,+0.00,10379, Earth,0,6.53743,0,0,Earth for the first time in 4
jtw_token,779,NASA astronauts have brought soil and rocks from the moon to,3.72987,+0.25,10379, Earth,0,1.11235,0.829849,5.42508,Earth for the first time in 4
jtw_token,779,NASA astronauts have brought soil and rocks from the moon to,-3.72987,-0.25,10379, Earth,0,9.90974,-0.515845,-3.3723,Earth for the first time in 4
jtw_token,779,NASA astronauts have brought soil and rocks from the moon to,7.45974,+0.50,573, the,1,-4.61855,1.70648,11.156,the International Space Station (ISS) for
jtw_token,779,NASA astronauts have brought soil and rocks from the moon to,-7.45974,-0.50,10379, Earth,0,11.7775,-0.801552,-5.2401,Earth for the first time in history.
jtw_token,779,NASA astronauts have brought soil and rocks from the moon to,14.9195,+1.00,573, the,1,-14.4201,3.20577,20.9575,the International Space Station to help scientists study
jtw_token,779,NASA astronauts have brought soil and rocks from the moon to,-14.9195,-1.00,10379, Earth,0,13.6391,-1.08631,-7.10166,"Earth, and scientists are now analyzing the"
jtw_token,779,NASA astronauts have brought soil and rocks from the moon to,29.839,+2.00,573, the,1,-26.8327,5.10448,33.3702,the White House to show President Barack Obama
jtw_token,779,NASA astronauts have brought soil and rocks from the moon to,-29.839,-2.00,10379, Earth,0,15.2735,-1.33631,-8.73603,"Earth, and the samples will be studied"
jtw_legacy,779,NASA astronauts have brought soil and rocks from the moon to,0,+0.00,10379, Earth,0,6.53743,0,0,Earth for the first time in 4
jtw_legacy,779,NASA astronauts have brought soil and rocks from the moon to,0.600056,+0.25,10379, Earth,0,6.56022,-0.00348592,-0.022789,Earth for the first time in 4
jtw_legacy,779,NASA astronauts have brought soil and rocks from the moon to,-0.600056,-0.25,10379, Earth,0,6.51631,0.00323093,0.021122,Earth for the first time in 4
jtw_legacy,779,NASA astronauts have brought soil and rocks from the moon to,1.20011,+0.50,10379, Earth,0,6.58492,-0.00726419,-0.0474892,Earth for the first time in 4
jtw_legacy,779,NASA astronauts have brought soil and rocks from the moon to,-1.20011,-0.50,10379, Earth,0,6.4966,0.00624654,0.0408363,Earth for the first time in 4
jtw_legacy,779,NASA astronauts have brought soil and rocks from the moon to,2.40022,+1.00,10379, Earth,0,6.64093,-0.0158314,-0.103497,Earth for the first time in 4
jtw_legacy,779,NASA astronauts have brought soil and rocks from the moon to,-2.40022,-1.00,10379, Earth,0,6.4604,0.0117841,0.0770378,Earth for the first time in 4
jtw_legacy,779,NASA astronauts have brought soil and rocks from the moon to,4.80044,+2.00,10379, Earth,0,6.78223,-0.0374454,-0.244797,Earth for the first time in 4
jtw_legacy,779,NASA astronauts have brought soil and rocks from the moon to,-4.80044,-2.00,10379, Earth,0,6.39441,0.0218778,0.143024,Earth for the first time in 4
jtw_token,4195,The lowest tuition rates tend to correlate with the lowest post-graduation,0,+0.00,40646, salaries,0,0.641426,0,0,salaries.  The average salary for a
jtw_token,4195,The lowest tuition rates tend to correlate with the lowest post-graduation,0.259661,+0.25,40646, salaries,0,0.331532,0.483134,0.309895,salaries.  The average salary for a
jtw_token,4195,The lowest tuition rates tend to correlate with the lowest post-graduation,-0.259661,-0.25,40646, salaries,0,0.949257,-0.479916,-0.307831,salaries.  The average salary for a
jtw_token,4195,The lowest tuition rates tend to correlate with the lowest post-graduation,0.519321,+0.50,40646, salaries,0,0.0202446,0.968438,0.621181,salaries.  The average salary for a
jtw_token,4195,The lowest tuition rates tend to correlate with the lowest post-graduation,-0.519321,-0.50,40646, salaries,0,1.25429,-0.955467,-0.612862,salaries.  The average salary for a
jtw_token,4195,The lowest tuition rates tend to correlate with the lowest post-graduation,1.03864,+1.00,24261, earnings,1,-0.603603,1.94103,1.24503,earnings.  The average tuition rate for
jtw_token,4195,The lowest tuition rates tend to correlate with the lowest post-graduation,-1.03864,-1.00,40646, salaries,0,1.85329,-1.88933,-1.21187,salaries.  The average salary for a
jtw_token,4195,The lowest tuition rates tend to correlate with the lowest post-graduation,2.07729,+2.00,24261, earnings,1,-1.83789,3.86532,2.47932,earnings.  The average tuition rate for
jtw_token,4195,The lowest tuition rates tend to correlate with the lowest post-graduation,-2.07729,-2.00,40646, salaries,0,2.99096,-3.66298,-2.34953,salaries.  The average salary for a
jtw_legacy,4195,The lowest tuition rates tend to correlate with the lowest post-graduation,0,+0.00,40646, salaries,0,0.641426,0,0,salaries.  The average salary for a
jtw_legacy,4195,The lowest tuition rates tend to correlate with the lowest post-graduation,0.0833091,+0.25,40646, salaries,0,0.636971,0.00694634,0.00445557,salaries.  The average salary for a
jtw_legacy,4195,The lowest tuition rates tend to correlate with the lowest post-graduation,-0.0833091,-0.25,40646, salaries,0,0.645916,-0.00699987,-0.0044899,salaries.  The average salary for a
jtw_legacy,4195,The lowest tuition rates tend to correlate with the lowest post-graduation,0.166618,+0.50,40646, salaries,0,0.632511,0.0138986,0.00891495,salaries.  The average salary for a
jtw_legacy,4195,The lowest tuition rates tend to correlate with the lowest post-graduation,-0.166618,-0.50,40646, salaries,0,0.65041,-0.0140057,-0.00898361,salaries.  The average salary for a
jtw_legacy,4195,The lowest tuition rates tend to correlate with the lowest post-graduation,0.333237,+1.00,40646, salaries,0,0.623638,0.0277319,0.0177879,salaries.  The average salary for a
jtw_legacy,4195,The lowest tuition rates tend to correlate with the lowest post-graduation,-0.333237,-1.00,40646, salaries,0,0.659401,-0.0280233,-0.0179749,salaries.  The average salary for a
jtw_legacy,4195,The lowest tuition rates tend to correlate with the lowest post-graduation,0.666473,+2.00,40646, salaries,0,0.60603,0.0551842,0.0353966,salaries.  The average salary for a
jtw_legacy,4195,The lowest tuition rates tend to correlate with the lowest post-graduation,-0.666473,-2.00,40646, salaries,0,0.677547,-0.0563142,-0.0361214,salaries.  The average salary for a
jtw_token,1010,The surface of Mars has been studied by rovers sent from,0,+0.00,10379, Earth,0,7.18372,0,0,Earth. The surface is made up of
jtw_token,1010,The surface of Mars has been studied by rovers sent from,1.86347,+0.25,10379, Earth,0,5.22405,0.272792,1.95966,Earth. The surface is made up of
jtw_token,1010,The surface of Mars has been studied by rovers sent from,-1.86347,-0.25,10379, Earth,0,8.88023,-0.236162,-1.69652,Earth. The surface is made up of
jtw_token,1010,The surface of Mars has been studied by rovers sent from,3.72694,+0.50,10379, Earth,0,3.12292,0.565278,4.0608,Earth. The surface is very dry and
jtw_token,1010,The surface of Mars has been studied by rovers sent from,-3.72694,-0.50,10379, Earth,0,10.3229,-0.436982,-3.13915,"Earth, but the interior of the planet"
jtw_token,1010,The surface of Mars has been studied by rovers sent from,7.45387,+1.00,6683, earth,1,-0.284012,1.03954,7.46773,earth. The surface of Mars is about
jtw_token,1010,The surface of Mars has been studied by rovers sent from,-7.45387,-1.00,10379, Earth,0,12.5627,-0.748779,-5.37901,"Earth, but the interior of the planet"
jtw_token,1010,The surface of Mars has been studied by rovers sent from,14.9077,+2.00,6683, earth,1,-4.04313,1.56282,11.2268,earth. The surface of Mars is about
jtw_token,1010,The surface of Mars has been studied by rovers sent from,-14.9077,-2.00,10379, Earth,0,15.439,-1.14916,-8.25525,"Earth, but the surface of the moon"
jtw_legacy,1010,The surface of Mars has been studied by rovers sent from,0,+0.00,10379, Earth,0,7.18372,0,0,Earth. The surface is made up of
jtw_legacy,1010,The surface of Mars has been studied by rovers sent from,1.76318,+0.25,10379, Earth,0,7.19778,-0.00195787,-0.0140648,Earth. The surface is made up of
jtw_legacy,1010,The surface of Mars has been studied by rovers sent from,-1.76318,-0.25,10379, Earth,0,7.15462,0.00405009,0.0290947,Earth. The surface is made up of
jtw_legacy,1010,The surface of Mars has been studied by rovers sent from,3.52635,+0.50,10379, Earth,0,7.19559,-0.0016536,-0.011879,Earth. The surface is made up of
jtw_legacy,1010,The surface of Mars has been studied by rovers sent from,-3.52635,-0.50,10379, Earth,0,7.11201,0.00998212,0.0717087,Earth. The surface is made up of
jtw_legacy,1010,The surface of Mars has been studied by rovers sent from,7.05271,+1.00,10379, Earth,0,7.14032,0.00604088,0.043396,Earth. The surface is made up of
jtw_legacy,1010,The surface of Mars has been studied by rovers sent from,-7.05271,-1.00,10379, Earth,0,6.9923,0.0266461,0.191418,Earth. The surface of Mars is about
jtw_legacy,1010,The surface of Mars has been studied by rovers sent from,14.1054,+2.00,10379, Earth,0,6.84803,0.0467282,0.335682,Earth. The surface is made up of
jtw_legacy,1010,The surface of Mars has been studied by rovers sent from,-14.1054,-2.00,10379, Earth,0,6.65311,0.0738628,0.530609,"Earth, but the interior has been a"
jtw_token,1096,Some species of spiders can survive being submerged in water for several,0,+0.00,3763, hours,0,0.161786,0,0,hours. What adaptations may have enabled spiders
jtw_token,1096,Some species of spiders can survive being submerged in water for several,0.0281942,+0.25,3763, hours,0,0.093173,0.424097,0.0686131,hours. What adaptations may have enabled spiders
jtw_token,1096,Some species of spiders can survive being submerged in water for several,-0.0281942,-0.25,3763, hours,0,0.229537,-0.418769,-0.0677509,hours. What adaptations may have enabled spiders
jtw_token,1096,Some species of spiders can survive being submerged in water for several,0.0563884,+0.50,3763, hours,0,0.0237103,0.853447,0.138076,hours. What adaptations may have enabled spiders
jtw_token,1096,Some species of spiders can survive being submerged in water for several,-0.0563884,-0.50,3763, hours,0,0.296413,-0.832132,-0.134627,hours. What adaptations may have enabled spiders
jtw_token,1096,Some species of spiders can survive being submerged in water for several,0.112777,+1.00,2705, days,1,-0.117794,1.72809,0.27958,days while waiting for a mate. What
jtw_token,1096,Some species of spiders can survive being submerged in water for several,-0.112777,-1.00,3763, hours,0,0.427526,-1.64254,-0.265739,hours. What adaptations may have enabled spiders
jtw_token,1096,Some species of spiders can survive being submerged in water for several,0.225554,+2.00,2705, days,1,-0.410749,3.53884,0.572536,days while waiting for a mate. What
jtw_token,1096,Some species of spiders can survive being submerged in water for several,-0.225554,-2.00,3763, hours,0,0.678864,-3.19606,-0.517077,hours. What adaptations may have enabled spiders
jtw_token,502,Cows sweat through the pores in between the hairs on the,0,+0.00,5239, skin,0,0.988262,0,0,skin. The sweat is then absorbed by
jtw_token,502,Cows sweat through the pores in between the hairs on the,0.299753,+0.25,5239, skin,0,0.404415,0.590782,0.583847,skin. The sweat is then absorbed by
jtw_token,502,Cows sweat through the pores in between the hairs on the,-0.299753,-0.25,5239, skin,0,1.5836,-0.602412,-0.595341,skin. The sweat is then absorbed by
jtw_token,502,Cows sweat through the pores in between the hairs on the,0.599505,+0.50,1355, back,1,-0.166435,1.16841,1.1547,back of their necks. The sweat evapor
jtw_token,502,Cows sweat through the pores in between the hairs on the,-0.599505,-0.50,5239, skin,0,2.18862,-1.21461,-1.20035,skin. The sweat is then absorbed by
jtw_token,502,Cows sweat through the pores in between the hairs on the,1.19901,+1.00,1355, back,1,-1.26422,2.27923,2.25248,back of their necks. The sweat evapor
jtw_token,502,Cows sweat through the pores in between the hairs on the,-1.19901,-1.00,5239, skin,0,3.41941,-2.46002,-2.43115,skin. The sweat is then absorbed by
jtw_token,502,Cows sweat through the pores in between the hairs on the,2.39802,+2.00,1355, back,1,-3.26377,4.30253,4.25203,back of their necks.  The sweat
jtw_token,502,Cows sweat through the pores in between the hairs on the,-2.39802,-2.00,5239, skin,0,5.89813,-4.96818,-4.90986,skin. The sweat is then absorbed by
jtw_token,3128,There is a single pair of matched chopsticks in the Sistine,0,+0.00,36009, Chapel,0,5.11613,0,0,Chapel.  The Vatican has been in
jtw_token,3128,There is a single pair of matched chopsticks in the Sistine,2.48427,+0.25,36009, Chapel,0,3.71576,0.273717,1.40037,Chapel.  The Vatican has been trying
jtw_token,3128,There is a single pair of matched chopsticks in the Sistine,-2.48427,-0.25,36009, Chapel,0,6.69757,-0.309108,-1.58144,Chapel.  The Vatican has been in
jtw_token,3128,There is a single pair of matched chopsticks in the Sistine,4.96853,+0.50,36009, Chapel,0,2.59569,0.492646,2.52044,Chapel.  The Vatican has been trying
jtw_token,3128,There is a single pair of matched chopsticks in the Sistine,-4.96853,-0.50,36009, Chapel,0,8.37267,-0.636523,-3.25654,Chapel.  The pair of chopsticks is
jtw_token,3128,There is a single pair of matched chopsticks in the Sistine,9.93707,+1.00,36009, Chapel,0,1.30524,0.744878,3.8109,Chapel.  The Vatican has been trying
jtw_token,3128,There is a single pair of matched chopsticks in the Sistine,-9.93707,-1.00,36009, Chapel,0,11.2222,-1.19349,-6.10607,Chapel.  The Sistine Chapel is
jtw_token,3128,There is a single pair of matched chopsticks in the Sistine,19.8741,+2.00,49344, chapel,1,-0.575909,1.11257,5.69204,chapel.  The Vatican has a single
jtw_token,3128,There is a single pair of matched chopsticks in the Sistine,-19.8741,-2.00,36009, Chapel,0,14.5986,-1.85343,-9.48242,"Chapel, and the other pair is a"
jtw_token,4041,"Currently, all hairs on humans' heads are pointing",0,+0.00,575, in,0,7.59642,0,0,in the same direction. But what if
jtw_token,4041,"Currently, all hairs on humans' heads are pointing",3.28125,+0.25,575, in,0,4.7622,0.373099,2.83422,in the same direction. But what if
jtw_token,4041,"Currently, all hairs on humans' heads are pointing",-3.28125,-0.25,575, in,0,11.2154,-0.476411,-3.61901,in the same direction. But what if
jtw_token,4041,"Currently, all hairs on humans' heads are pointing",6.56251,+0.50,575, in,0,2.64591,0.65169,4.95051,in the same direction. But what if
jtw_token,4041,"Currently, all hairs on humans' heads are pointing",-6.56251,-0.50,575, in,0,15.1349,-0.992376,-7.53851,in the same direction. This is because
jtw_token,4041,"Currently, all hairs on humans' heads are pointing",13.125,+1.00,573, the,1,-0.248856,1.03276,7.84528,the same way. But what if they
jtw_token,4041,"Currently, all hairs on humans' heads are pointing",-13.125,-1.00,575, in,0,21.3274,-1.80755,-13.7309,in the same direction. This is because
jtw_token,4041,"Currently, all hairs on humans' heads are pointing",26.25,+2.00,908, up,0,-2.88879,1.38028,10.4852,up. But what if they were pointing
jtw_token,4041,"Currently, all hairs on humans' heads are pointing",-26.25,-2.00,575, in,0,26.249,-2.45544,-18.6526,in the same direction. This is due
jtw_token,3170,Temperatures finally cool off when the sun is,0,+0.00,1706, down,0,0.365055,0,0,"down, and the air is crisp and"
jtw_token,3170,Temperatures finally cool off when the sun is,0.107779,+0.25,1706, down,0,0.15464,0.576392,0.210415,"down, and the air is crisp and"
jtw_token,3170,Temperatures finally cool off when the sun is,-0.107779,-0.25,1706, down,0,0.576637,-0.57959,-0.211582,"down, and the air is crisp and"
jtw_token,3170,Temperatures finally cool off when the sun is,0.215557,+0.50,7708, setting,1,-0.0544205,1.14907,0.419476,"setting, and the air is crisp and"
jtw_token,3170,Temperatures finally cool off when the sun is,-0.215557,-0.50,1706, down,0,0.789207,-1.16189,-0.424152,"down, and the air is crisp and"
jtw_token,3170,Temperatures finally cool off when the sun is,0.431115,+1.00,7708, setting,1,-0.467937,2.28183,0.832993,"setting, and the air is crisp and"
jtw_token,3170,Temperatures finally cool off when the sun is,-0.431115,-1.00,1706, down,0,1.21659,-2.33263,-0.85154,"down, and the air is crisp and"
jtw_token,3170,Temperatures finally cool off when the sun is,0.86223,+2.00,7708, setting,1,-1.27287,4.48679,1.63792,"setting, and the air is crisp and"
jtw_token,3170,Temperatures finally cool off when the sun is,-0.86223,-2.00,1706, down,0,2.07445,-4.68257,-1.70939,"down, and the air is crisp and"
jtw_token,367,"Every day, different animals are",0,+0.00,1942, found,0,1.03868,0,0,found in the streets of the city.
jtw_token,367,"Every day, different animals are",0.265348,+0.25,1942, found,0,0.483585,0.534424,0.555096,found in the streets of the city.
jtw_token,367,"Every day, different animals are",-0.265348,-0.25,1942, found,0,1.59328,-0.533943,-0.554596,found in the streets of the city.
jtw_token,367,"Every day, different animals are",0.530696,+0.50,1855, being,1,-0.0704498,1.06783,1.10913,being rescued from the streets of the city
jtw_token,367,"Every day, different animals are",-0.530696,-0.50,1942, found,0,2.14571,-1.0658,-1.10703,found in the streets of the city.
jtw_token,367,"Every day, different animals are",1.06139,+1.00,1855, being,1,-1.16965,2.12609,2.20833,being rescued from the streets of the city
jtw_token,367,"Every day, different animals are",-1.06139,-1.00,1942, found,0,3.2371,-2.11655,-2.19842,found in the streets of the city.
jtw_token,367,"Every day, different animals are",2.12279,+2.00,1855, being,1,-3.29952,4.17665,4.3382,being killed in the name of religion.
jtw_token,367,"Every day, different animals are",-2.12279,-2.00,1942, found,0,5.31617,-4.11819,-4.27748,found in the streets of the city.
jtw_legacy,367,"Every day, different animals are",0,+0.00,1942, found,0,1.03868,0,0,found in the streets of the city.
jtw_legacy,367,"Every day, different animals are",0.121591,+0.25,1942, found,0,1.03653,0.00207137,0.00215149,found in the streets of the city.
jtw_legacy,367,"Every day, different animals are",-0.121591,-0.25,1942, found,0,1.04074,-0.00197955,-0.00205612,found in the streets of the city.
jtw_legacy,367,"Every day, different animals are",0.243182,+0.50,1942, found,0,1.03428,0.00424189,0.00440598,found in the streets of the city.
jtw_legacy,367,"Every day, different animals are",-0.243182,-0.50,1942, found,0,1.04269,-0.00385994,-0.00400925,found in the streets of the city.
jtw_legacy,367,"Every day, different animals are",0.486363,+1.00,1942, found,0,1.02949,0.00885105,0.00919342,found in the streets of the city.
jtw_legacy,367,"Every day, different animals are",-0.486363,-1.00,1942, found,0,1.04629,-0.00732324,-0.00760651,found in the streets of the city.
jtw_legacy,367,"Every day, different animals are",0.972726,+2.00,1942, found,0,1.01882,0.0191234,0.0198631,found in the streets of the city.
jtw_legacy,367,"Every day, different animals are",-0.972726,-2.00,1942, found,0,1.0522,-0.0130158,-0.0135193,found in the streets of the city.
jtw_token,2921,America is one of the few developed countries in the world where the sale of human organs is,0,+0.00,7035, legal,0,4.06516,0,0,legal.  The practice is legal in
jtw_token,2921,America is one of the few developed countries in the world where the sale of human organs is,1.55408,+0.25,7035, legal,0,1.5974,0.60705,2.46775,legal. The sale of human organs is
jtw_token,2921,America is one of the few developed countries in the world where the sale of human organs is,-1.55408,-0.25,7035, legal,0,6.27216,-0.542907,-2.207,legal.  The practice is legal in
jtw_token,2921,America is one of the few developed countries in the world where the sale of human organs is,3.10817,+0.50,780, not,1,-0.849609,1.209,4.91477,not illegal.  The sale of human
jtw_token,2921,America is one of the few developed countries in the world where the sale of human organs is,-3.10817,-0.50,7035, legal,0,7.97604,-0.962049,-3.91088,legal.  The practice is legal in
jtw_token,2921,America is one of the few developed countries in the world where the sale of human organs is,6.21633,+1.00,780, not,1,-5.33771,2.31304,9.40287,not illegal. The sale of human organs
jtw_token,2921,America is one of the few developed countries in the world where the sale of human organs is,-6.21633,-1.00,7035, legal,0,9.98024,-1.45507,-5.91508,legal.  The practice is legal in
jtw_token,2921,America is one of the few developed countries in the world where the sale of human organs is,12.4327,+2.00,780, not,1,-12.7496,4.13631,16.8147,"not illegal. However, the sale of"
jtw_token,2921,America is one of the few developed countries in the world where the sale of human organs is,-12.4327,-2.00,7035, legal,0,11.6155,-1.85733,-7.55036,legal.  The practice is legal in
jtw_token,956,Bats use echolocation to identify prey and to navigate while,0,+0.00,15494, flying,0,5.47574,0,0,flying. The echolocation signal is a
jtw_token,956,Bats use echolocation to identify prey and to navigate while,4.04252,+0.25,15494, flying,0,1.97527,0.639269,3.50047,flying. The echolocation signal is a
jtw_token,956,Bats use echolocation to identify prey and to navigate while,-4.04252,-0.25,15494, flying,0,8.39982,-0.534005,-2.92408,flying. The sound waves emitted by the
jtw_token,956,Bats use echolocation to identify prey and to navigate while,8.08503,+0.50,39017, avoiding,0,0.0386143,0.992948,5.43713,avoiding obstacles. The ability to identify the
jtw_token,956,Bats use echolocation to identify prey and to navigate while,-8.08503,-0.50,15494, flying,0,9.97035,-0.820821,-4.4946,flying. The sound waves emitted by the
jtw_token,956,Bats use echolocation to identify prey and to navigate while,16.1701,+1.00,39017, avoiding,0,-1.41078,1.25764,6.88653,avoiding obstacles. The ability to identify and
jtw_token,956,Bats use echolocation to identify prey and to navigate while,-16.1701,-1.00,15494, flying,0,12.319,-1.24975,-6.84329,flying. The sound waves are emitted at
jtw_token,956,Bats use echolocation to identify prey and to navigate while,32.3401,+2.00,39017, avoiding,0,-3.23414,1.59063,8.70988,avoiding obstacles. The ability to navigate in
jtw_token,956,Bats use echolocation to identify prey and to navigate while,-32.3401,-2.00,15494, flying,0,15.5217,-1.83463,-10.046,flying. The sound waves are reflected back
jtw_token,3188,Christmas trees are often enchanted by spirits to become sentient,0,+0.00,27290, beings,0,3.40106,0,0,beings.  The tree is a symbol
jtw_token,3188,Christmas trees are often enchanted by spirits to become sentient,1.30195,+0.25,27290, beings,0,0.678829,0.800406,2.72223,beings.  The tree is a symbol
jtw_token,3188,Christmas trees are often enchanted by spirits to become sentient,-1.30195,-0.25,27290, beings,0,5.65858,-0.663771,-2.25752,beings.  The tree is a symbol
jtw_token,3188,Christmas trees are often enchanted by spirits to become sentient,2.6039,+0.50,578, and,1,-2.69211,1.79155,6.09317,and to protect their owners.  The
jtw_token,3188,Christmas trees are often enchanted by spirits to become sentient,-2.6039,-0.50,27290, beings,0,7.54185,-1.2175,-4.14079,beings.  The tree is a symbol
jtw_token,3188,Christmas trees are often enchanted by spirits to become sentient,5.20781,+1.00,578, and,1,-12.6562,4.72124,16.0572,and to protect their owners.  The
jtw_token,3188,Christmas trees are often enchanted by spirits to become sentient,-5.20781,-1.00,27290, beings,0,10.3672,-2.04822,-6.96612,beings. They are often the first to
jtw_token,3188,Christmas trees are often enchanted by spirits to become sentient,10.4156,+2.00,578, and,1,-44.0768,13.9597,47.4778,and to protect their owners.  The
jtw_token,3188,Christmas trees are often enchanted by spirits to become sentient,-10.4156,-2.00,27290, beings,0,13.3561,-2.92703,-9.955,beings. They are the most beautiful and
jtw_token,929,The product of two prime numbers is always,0,+0.00,476, a,0,2.14039,0,0,a prime number.  The product of
jtw_token,929,The product of two prime numbers is always,0.863167,+0.25,476, a,0,0.814919,0.619267,1.32547,a prime number.  The product of
jtw_token,929,The product of two prime numbers is always,-0.863167,-0.25,476, a,0,3.55328,-0.660105,-1.41288,a prime number.  The product of
jtw_token,929,The product of two prime numbers is always,1.72633,+0.50,9280, prime,1,-0.381058,1.17803,2.52145,prime.  The product of two prime
jtw_token,929,The product of two prime numbers is always,-1.72633,-0.50,476, a,0,4.99208,-1.33232,-2.85169,a prime number.  The product of
jtw_token,929,The product of two prime numbers is always,3.45267,+1.00,9280, prime,1,-2.35531,2.10041,4.4957,prime.  The product of two prime
jtw_token,929,The product of two prime numbers is always,-3.45267,-1.00,476, a,0,7.71738,-2.60559,-5.57699,a prime number.  The product of
jtw_token,929,The product of two prime numbers is always,6.90534,+2.00,9280, prime,1,-5.02697,3.34862,7.16736,prime.  The product of two prime
jtw_token,929,The product of two prime numbers is always,-6.90534,-2.00,476, a,0,11.8805,-4.55063,-9.74012,a product of two prime numbers.
jtw_token,2057,"Despite its frightful name, the tarantula hawk wasp is actually harmless to",0,+0.00,17611, humans,0,6.57142,0,0,humans. The wasp is a predator of
jtw_token,2057,"Despite its frightful name, the tarantula hawk wasp is actually harmless to",4.61257,+0.25,17611, humans,0,2.98853,0.545223,3.58289,"humans.  The wasp, which is"
jtw_token,2057,"Despite its frightful name, the tarantula hawk wasp is actually harmless to",-4.61257,-0.25,17611, humans,0,9.66307,-0.470469,-3.09165,humans. The wasp is a predator of
jtw_token,2057,"Despite its frightful name, the tarantula hawk wasp is actually harmless to",9.22514,+0.50,1461, people,1,-0.239338,1.03642,6.81076,people.  The wasp is a predator
jtw_token,2057,"Despite its frightful name, the tarantula hawk wasp is actually harmless to",-9.22514,-0.50,17611, humans,0,11.9154,-0.813208,-5.34393,"humans. The wasp is a predator,"
jtw_token,2057,"Despite its frightful name, the tarantula hawk wasp is actually harmless to",18.4503,+1.00,1461, people,1,-4.0336,1.61381,10.605,people and pets.  The wasp is
jtw_token,2057,"Despite its frightful name, the tarantula hawk wasp is actually harmless to",-18.4503,-1.00,17611, humans,0,14.5872,-1.21979,-8.01577,"humans. The wasp is a predator,"
jtw_token,2057,"Despite its frightful name, the tarantula hawk wasp is actually harmless to",36.9006,+2.00,1461, people,1,-6.59563,2.00368,13.167,people and pets.  The wasp is
jtw_token,2057,"Despite its frightful name, the tarantula hawk wasp is actually harmless to",-36.9006,-2.00,17611, humans,0,17.3251,-1.63644,-10.7537,humans. The wasp is a member of
jtw_legacy,2057,"Despite its frightful name, the tarantula hawk wasp is actually harmless to",0,+0.00,17611, humans,0,6.57142,0,0,humans. The wasp is a predator of
jtw_legacy,2057,"Despite its frightful name, the tarantula hawk wasp is actually harmless to",0.782824,+0.25,17611, humans,0,6.57101,6.15328e-05,0.000404358,humans. The wasp is a predator of
jtw_legacy,2057,"Despite its frightful name, the tarantula hawk wasp is actually harmless to",-0.782824,-0.25,17611, humans,0,6.57115,4.12154e-05,0.000270844,"humans.  The wasp, which is"
jtw_legacy,2057,"Despite its frightful name, the tarantula hawk wasp is actually harmless to",1.56565,+0.50,17611, humans,0,6.56996,0.000222331,0.00146103,humans. The wasp is a predator of
jtw_legacy,2057,"Despite its frightful name, the tarantula hawk wasp is actually harmless to",-1.56565,-0.50,17611, humans,0,6.57018,0.000189242,0.00124359,"humans.  The wasp, which is"
jtw_legacy,2057,"Despite its frightful name, the tarantula hawk wasp is actually harmless to",3.1313,+1.00,17611, humans,0,6.56601,0.000822566,0.00540543,humans. The wasp is a predator of
jtw_legacy,2057,"Despite its frightful name, the tarantula hawk wasp is actually harmless to",-3.1313,-1.00,17611, humans,0,6.56606,0.000816181,0.00536346,"humans.  The wasp, which is"
jtw_legacy,2057,"Despite its frightful name, the tarantula hawk wasp is actually harmless to",6.26259,+2.00,17611, humans,0,6.55202,0.00295183,0.0193977,humans. The wasp is a predator of
jtw_legacy,2057,"Despite its frightful name, the tarantula hawk wasp is actually harmless to",-6.26259,-2.00,17611, humans,0,6.54945,0.00334251,0.021965,"humans.  The wasp, which is"
jtw_token,47,Hummingbirds can hover in mid-air and fly,0,+0.00,42209, backwards,0,0.883347,0,0,backwards. They can also fly backwards.
jtw_token,47,Hummingbirds can hover in mid-air and fly,0.217582,+0.25,42209, backwards,0,0.63895,0.276671,0.244396,backwards. They can also fly backwards.
jtw_token,47,Hummingbirds can hover in mid-air and fly,-0.217582,-0.25,42209, backwards,0,1.09414,-0.238629,-0.210793,backwards. They can also fly backwards.
jtw_token,47,Hummingbirds can hover in mid-air and fly,0.435164,+0.50,42209, backwards,0,0.362576,0.589543,0.520771,backwards. They can also fly backwards.
jtw_token,47,Hummingbirds can hover in mid-air and fly,-0.435164,-0.50,42209, backwards,0,1.27471,-0.443048,-0.391365,backwards. They can also fly backwards.
jtw_token,47,Hummingbirds can hover in mid-air and fly,0.870329,+1.00,28023, backward,1,-0.239403,1.27102,1.12275,backward. The birds can achieve this feat
jtw_token,47,Hummingbirds can hover in mid-air and fly,-0.870329,-1.00,42209, backwards,0,1.56493,-0.771592,-0.681583,backwards. They can also fly backwards.
jtw_token,47,Hummingbirds can hover in mid-air and fly,1.74066,+2.00,28023, backward,1,-1.24024,2.40403,2.12359,"backward. The long, thin wings of"
jtw_token,47,Hummingbirds can hover in mid-air and fly,-1.74066,-2.00,42209, backwards,0,1.97255,-1.23304,-1.0892,backwards. They can also fly backwards.
jtw_legacy,47,Hummingbirds can hover in mid-air and fly,0,+0.00,42209, backwards,0,0.883347,0,0,backwards. They can also fly backwards.
jtw_legacy,47,Hummingbirds can hover in mid-air and fly,0.21477,+0.25,42209, backwards,0,0.860367,0.0260144,0.0229797,backwards. They can also fly backwards.
jtw_legacy,47,Hummingbirds can hover in mid-air and fly,-0.21477,-0.25,42209, backwards,0,0.906269,-0.0259496,-0.0229225,backwards. They can also fly backwards.
jtw_legacy,47,Hummingbirds can hover in mid-air and fly,0.429541,+0.50,42209, backwards,0,0.837334,0.0520893,0.0460129,backwards. They can also fly backwards.
jtw_legacy,47,Hummingbirds can hover in mid-air and fly,-0.429541,-0.50,42209, backwards,0,0.929115,-0.0518129,-0.0457687,backwards. They can also fly backwards.
jtw_legacy,47,Hummingbirds can hover in mid-air and fly,0.859081,+1.00,42209, backwards,0,0.791134,0.10439,0.0922127,backwards. They can also fly backwards.
jtw_legacy,47,Hummingbirds can hover in mid-air and fly,-0.859081,-1.00,42209, backwards,0,0.974594,-0.103298,-0.0912476,backwards. They can also fly backwards.
jtw_legacy,47,Hummingbirds can hover in mid-air and fly,1.71816,+2.00,42209, backwards,0,0.698326,0.209454,0.18502,backwards. They can also fly backwards.
jtw_legacy,47,Hummingbirds can hover in mid-air and fly,-1.71816,-2.00,42209, backwards,0,1.06453,-0.205105,-0.181179,backwards. They can also fly backwards.
jtw_token,1445,Fainting goats are bred as a meat animal in the United,0,+0.00,3858, States,0,2.24542,0,0,States. They are a small breed of
jtw_token,1445,Fainting goats are bred as a meat animal in the United,1.54495,+0.25,3858, States,0,1.13007,0.496724,1.11535,States. They are a small breed of
jtw_token,1445,Fainting goats are bred as a meat animal in the United,-1.54495,-0.25,3858, States,0,3.35813,-0.495547,-1.11271,States. They are a small breed of
jtw_token,1445,Fainting goats are bred as a meat animal in the United,3.0899,+0.50,3858, States,0,0.127723,0.943119,2.1177,States. They are a rare breed of
jtw_token,1445,Fainting goats are bred as a meat animal in the United,-3.0899,-0.50,3858, States,0,4.33188,-0.929208,-2.08646,States. They are a small breed of
jtw_token,1445,Fainting goats are bred as a meat animal in the United,6.17979,+1.00,13636, Kingdom,1,-1.42826,1.63608,3.67368,Kingdom. They are a rare breed of
jtw_token,1445,Fainting goats are bred as a meat animal in the United,-6.17979,-1.00,3858, States,0,5.75463,-1.56283,-3.50921,States. They are a small breed of
jtw_token,1445,Fainting goats are bred as a meat animal in the United,12.3596,+2.00,13636, Kingdom,1,-3.05532,2.36069,5.30074,Kingdom. They are a rare breed of
jtw_token,1445,Fainting goats are bred as a meat animal in the United,-12.3596,-2.00,3858, States,0,7.30458,-2.2531,-5.05916,States. They are a dual-purpose
jtw_token,1730,Apples are a good source of,0,+0.00,23042, vitamin,0,0.363327,0,0,"vitamin C, fiber, and antioxidants."
jtw_token,1730,Apples are a good source of,0.1707,+0.25,23042, vitamin,0,0.170246,0.531425,0.193081,"vitamin C, fiber, and antioxidants."
jtw_token,1730,Apples are a good source of,-0.1707,-0.25,23042, vitamin,0,0.556683,-0.532181,-0.193356,"vitamin C, which is important for the"
jtw_token,1730,Apples are a good source of,0.341399,+0.50,20149, fiber,1,-0.0225372,1.06203,0.385864,"fiber, vitamin C, and potassium."
jtw_token,1730,Apples are a good source of,-0.341399,-0.50,23042, vitamin,0,0.750298,-1.06507,-0.386971,"vitamin C, which is important for the"
jtw_token,1730,Apples are a good source of,0.682799,+1.00,20149, fiber,1,-0.407124,2.12054,0.770451,"fiber, vitamin C, and potassium."
jtw_token,1730,Apples are a good source of,-0.682799,-1.00,23042, vitamin,0,1.1382,-2.13272,-0.774876,"vitamin C, which is important for the"
jtw_token,1730,Apples are a good source of,1.3656,+2.00,20149, fiber,1,-1.17188,4.22542,1.53521,"fiber, vitamin C, and potassium."
jtw_token,1730,Apples are a good source of,-1.3656,-2.00,23042, vitamin,0,1.91618,-4.27398,-1.55285,"vitamin C, which is important for the"
jtw_legacy,1730,Apples are a good source of,0,+0.00,23042, vitamin,0,0.363327,0,0,"vitamin C, fiber, and antioxidants."
jtw_legacy,1730,Apples are a good source of,0.0427444,+0.25,23042, vitamin,0,0.362347,0.00269833,0.000980377,"vitamin C, fiber, and antioxidants."
jtw_legacy,1730,Apples are a good source of,-0.0427444,-0.25,23042, vitamin,0,0.364307,-0.00269833,-0.000980377,"vitamin C, fiber, and antioxidants."
jtw_legacy,1730,Apples are a good source of,0.0854888,+0.50,23042, vitamin,0,0.361366,0.00539667,0.00196075,"vitamin C, fiber, and antioxidants."
jtw_legacy,1730,Apples are a good source of,-0.0854888,-0.50,23042, vitamin,0,0.365292,-0.00540716,-0.00196457,"vitamin C, fiber, and antioxidants."
jtw_legacy,1730,Apples are a good source of,0.170978,+1.00,23042, vitamin,0,0.359417,0.0107618,0.00391006,"vitamin C, fiber, and antioxidants."
jtw_legacy,1730,Apples are a good source of,-0.170978,-1.00,23042, vitamin,0,0.36726,-0.0108248,-0.00393295,"vitamin C, fiber, and antioxidants."
jtw_legacy,1730,Apples are a good source of,0.341955,+2.00,23042, vitamin,0,0.355518,0.0214922,0.00780869,"vitamin C, fiber, and antioxidants."
jtw_legacy,1730,Apples are a good source of,-0.341955,-2.00,23042, vitamin,0,0.371212,-0.0217022,-0.00788498,"vitamin C, fiber, and antioxidants."
jtw_token,4078,Grapes explode when cheese is melted on top of...okay not,0,+0.00,2277, really,0,5.22156,0,0,"really, but it's a fun"
jtw_token,4078,Grapes explode when cheese is melted on top of...okay not,1.56238,+0.25,2277, really,0,2.29,0.561433,2.93155,"really, but it's a great"
jtw_token,4078,Grapes explode when cheese is melted on top of...okay not,-1.56238,-0.25,2277, really,0,8.2071,-0.571772,-2.98554,"really, but it's a fun"
jtw_token,4078,Grapes explode when cheese is melted on top of...okay not,3.12477,+0.50,7880, exactly,1,-0.420021,1.08044,5.64158,"exactly, but it's close."
jtw_token,4078,Grapes explode when cheese is melted on top of...okay not,-3.12477,-0.50,2277, really,0,11.0674,-1.11957,-5.84588,"really, but it's a fun"
jtw_token,4078,Grapes explode when cheese is melted on top of...okay not,6.24954,+1.00,7880, exactly,1,-4.71114,1.90225,9.9327,"exactly a pizza, but a pizza-"
jtw_token,4078,Grapes explode when cheese is melted on top of...okay not,-6.24954,-1.00,2277, really,0,15.8813,-2.04149,-10.6598,really.  I'm not sure
jtw_token,4078,Grapes explode when cheese is melted on top of...okay not,12.4991,+2.00,7880, exactly,1,-8.55204,2.63783,13.7736,"exactly a pizza, but a pizza-"
jtw_token,4078,Grapes explode when cheese is melted on top of...okay not,-12.4991,-2.00,2277, really,0,21.1897,-3.05812,-15.9682,really.  I'm not sure
jtw_token,1325,The world’s continents are not completely symmetrical north to,0,+0.00,8432, south,0,6.5262,0,0,"south. The continents of Africa, Asia"
jtw_token,1325,The world’s continents are not completely symmetrical north to,3.36024,+0.25,8432, south,0,4.78883,0.266214,1.73736,south. The continents are not equally distributed
jtw_token,1325,The world’s continents are not completely symmetrical north to,-3.36024,-0.25,8432, south,0,8.50722,-0.30355,-1.98103,"south. The continents of Africa, Asia"
jtw_token,1325,The world’s continents are not completely symmetrical north to,6.72049,+0.50,8432, south,0,3.95002,0.394745,2.57618,south. The continents are not completely symmetrical
jtw_token,1325,The world’s continents are not completely symmetrical north to,-6.72049,-0.50,8432, south,0,10.0883,-0.545809,-3.56206,"south. The continents of Africa, Asia"
jtw_token,1325,The world’s continents are not completely symmetrical north to,13.441,+1.00,8432, south,0,3.66261,0.438783,2.86358,south. The continents are not completely symmetrical
jtw_token,1325,The world’s continents are not completely symmetrical north to,-13.441,-1.00,8432, south,0,12.7493,-0.953553,-6.22307,south. The continents of the northern hemisphere
jtw_token,1325,The world’s continents are not completely symmetrical north to,26.8819,+2.00,4316, South,1,-2.35817,1.36134,8.88437,South. The North is the most developed
jtw_token,1325,The world’s continents are not completely symmetrical north to,-26.8819,-2.00,8432, south,0,16.7306,-1.5636,-10.2044,south. The continents of the northern hemisphere
jtw_legacy,1325,The world’s continents are not completely symmetrical north to,0,+0.00,8432, south,0,6.5262,0,0,"south. The continents of Africa, Asia"
jtw_legacy,1325,The world’s continents are not completely symmetrical north to,1.28186,+0.25,8432, south,0,6.60295,-0.0117614,-0.0767574,"south. The continents of Africa, Asia"
jtw_legacy,1325,The world’s continents are not completely symmetrical north to,-1.28186,-0.25,8432, south,0,6.45066,0.0115734,0.0755305,south. The continents of the world are
jtw_legacy,1325,The world’s continents are not completely symmetrical north to,2.56373,+0.50,8432, south,0,6.68159,-0.023811,-0.155396,"south. The continents of Africa, Asia"
jtw_legacy,1325,The world’s continents are not completely symmetrical north to,-2.56373,-0.50,8432, south,0,6.37626,0.0229739,0.149932,south. The continents are not equally spaced
jtw_legacy,1325,The world’s continents are not completely symmetrical north to,5.12745,+1.00,8432, south,0,6.84759,-0.0492473,-0.321397,"south. The continents of Africa, Asia"
jtw_legacy,1325,The world’s continents are not completely symmetrical north to,-5.12745,-1.00,8432, south,0,6.23095,0.0452402,0.295246,south. The continents are not completely symmetrical
jtw_legacy,1325,The world’s continents are not completely symmetrical north to,10.2549,+2.00,8432, south,0,7.17863,-0.0999721,-0.652437,south. The continents of Africa and South
jtw_legacy,1325,The world’s continents are not completely symmetrical north to,-10.2549,-2.00,8432, south,0,5.95691,0.0872308,0.569285,south. The continents are not completely symmetrical
jtw_token,991,Babies born in California are required to have an approved car seat to transport an infant by,0,+0.00,1226, car,0,4.37549,0,0,car. The California Highway Patrol (CHP
jtw_token,991,Babies born in California are required to have an approved car seat to transport an infant by,1.90469,+0.25,1226, car,0,2.31641,0.470595,2.05908,car. The California Highway Patrol (CHP
jtw_token,991,Babies born in California are required to have an approved car seat to transport an infant by,-1.90469,-0.25,1226, car,0,6.31623,-0.443547,-1.94074,car. The California Highway Patrol (CHP
jtw_token,991,Babies born in California are required to have an approved car seat to transport an infant by,3.80938,+0.50,5980, motor,0,0.394459,0.909848,3.98103,motor vehicle. The California Highway Patrol (
jtw_token,991,Babies born in California are required to have an approved car seat to transport an infant by,-3.80938,-0.50,1226, car,0,7.99691,-0.82766,-3.62142,car. The California Highway Patrol (CHP
jtw_token,991,Babies born in California are required to have an approved car seat to transport an infant by,7.61876,+1.00,5980, motor,0,-2.48761,1.56853,6.8631,motor vehicle. The California Highway Patrol (
jtw_token,991,Babies born in California are required to have an approved car seat to transport an infant by,-7.61876,-1.00,1226, car,0,10.5095,-1.40191,-6.13405,car. The California Highway Patrol (CHP
jtw_token,991,Babies born in California are required to have an approved car seat to transport an infant by,15.2375,+2.00,5980, motor,0,-5.56471,2.27179,9.9402,motor vehicle. The California Highway Patrol (
jtw_token,991,Babies born in California are required to have an approved car seat to transport an infant by,-15.2375,-2.00,2912, law,0,13.1149,-1.99735,-8.73937,law. The California Highway Patrol (CHP
jtw_legacy,991,Babies born in California are required to have an approved car seat to transport an infant by,0,+0.00,1226, car,0,4.37549,0,0,car. The California Highway Patrol (CHP
jtw_legacy,991,Babies born in California are required to have an approved car seat to transport an infant by,0.587854,+0.25,1226, car,0,4.36045,0.00343807,0.0150433,car. The California Highway Patrol (CHP
jtw_legacy,991,Babies born in California are required to have an approved car seat to transport an infant by,-0.587854,-0.25,1226, car,0,4.39107,-0.00356013,-0.0155773,car. The California Highway Patrol (CHP
jtw_legacy,991,Babies born in California are required to have an approved car seat to transport an infant by,1.17571,+0.50,1226, car,0,4.34586,0.00677196,0.0296307,car. The California Highway Patrol (CHP
jtw_legacy,991,Babies born in California are required to have an approved car seat to transport an infant by,-1.17571,-0.50,1226, car,0,4.40728,-0.00726455,-0.031786,car. The California Highway Patrol (CHP
jtw_legacy,991,Babies born in California are required to have an approved car seat to transport an infant by,2.35141,+1.00,1226, car,0,4.31762,0.013227,0.0578747,car. The California Highway Patrol (CHP
jtw_legacy,991,Babies born in California are required to have an approved car seat to transport an infant by,-2.35141,-1.00,1226, car,0,4.44192,-0.0151821,-0.0664291,car. The California Highway Patrol (CHP
jtw_legacy,991,Babies born in California are required to have an approved car seat to transport an infant by,4.70283,+2.00,1226, car,0,4.26217,0.0258995,0.113323,car. The California Highway Patrol (CHP
jtw_legacy,991,Babies born in California are required to have an approved car seat to transport an infant by,-4.70283,-2.00,1226, car,0,4.52193,-0.0334692,-0.146444,car. The California Highway Patrol (CHP
jtw_token,8,Water evaporates faster on hot,0,+0.00,235269,",",0,0.08288,0,0,", dry days than on cold, wet"
jtw_token,8,Water evaporates faster on hot,0.0187494,+0.25,235269,",",0,0.0282784,0.658804,0.0546017,", dry days than on cold, wet"
jtw_token,8,Water evaporates faster on hot,-0.0187494,-0.25,235269,",",0,0.137606,-0.6603,-0.0547256,", dry days than on cold, wet"
jtw_token,8,Water evaporates faster on hot,0.0374989,+0.50,2705, days,1,-0.0261917,1.31602,0.109072,days than on cold days. Explain.
jtw_token,8,Water evaporates faster on hot,-0.0374989,-0.50,235269,",",0,0.192444,-1.32196,-0.109564,", dry days than on cold, wet"
jtw_token,8,Water evaporates faster on hot,0.0749978,+1.00,2705, days,1,-0.134697,2.6252,0.217577,days than on cold days. Explain.
jtw_token,8,Water evaporates faster on hot,-0.0749978,-1.00,235269,",",0,0.302498,-2.64983,-0.219618,", dry days than on cold, wet"
jtw_token,8,Water evaporates faster on hot,0.149996,+2.00,2705, days,1,-0.349876,5.22148,0.432756,days than on cold days. Explain.
jtw_token,8,Water evaporates faster on hot,-0.149996,-2.00,235269,",",0,0.523764,-5.31954,-0.440884,", dry days than on cold, wet"
jtw_legacy,8,Water evaporates faster on hot,0,+0.00,235269,",",0,0.08288,0,0,", dry days than on cold, wet"
jtw_legacy,8,Water evaporates faster on hot,0.00785828,+0.25,235269,",",0,0.0847816,-0.0229443,-0.00190163,", dry days than on cold, wet"
jtw_legacy,8,Water evaporates faster on hot,-0.00785828,-0.25,235269,",",0,0.0809593,0.0231745,0.0019207,", dry days than on cold, wet"
jtw_legacy,8,Water evaporates faster on hot,0.0157166,+0.50,235269,",",0,0.0866947,-0.0460267,-0.0038147,", dry days than on cold, wet"
jtw_legacy,8,Water evaporates faster on hot,-0.0157166,-0.50,235269,",",0,0.079052,0.0461878,0.00382805,", dry days than on cold, wet"
jtw_legacy,8,Water evaporates faster on hot,0.0314331,+1.00,235269,",",0,0.0904999,-0.0919384,-0.00761986,", dry days than on cold, wet"
jtw_legacy,8,Water evaporates faster on hot,-0.0314331,-1.00,235269,",",0,0.0752163,0.0924677,0.00766373,", dry days than on cold, wet"
jtw_legacy,8,Water evaporates faster on hot,0.0628662,+2.00,235269,",",0,0.0981026,-0.18367,-0.0152225,", dry days than on cold, wet"
jtw_legacy,8,Water evaporates faster on hot,-0.0628662,-2.00,235269,",",0,0.0675316,0.185189,0.0153484,", dry days than on cold, wet"
jtw_token,2133,"Incidentally, black sand beaches are actually not made of soot or volcanic",0,+0.00,29001, ash,0,6.11959,0,0,"ash, but rather of tiny pieces of"
jtw_token,2133,"Incidentally, black sand beaches are actually not made of soot or volcanic",4.19026,+0.25,29001, ash,0,3.08429,0.495996,3.03529,"ash, but of tiny pieces of rock"
jtw_token,2133,"Incidentally, black sand beaches are actually not made of soot or volcanic",-4.19026,-0.25,29001, ash,0,9.3097,-0.521295,-3.19011,"ash, but rather of tiny pieces of"
jtw_token,2133,"Incidentally, black sand beaches are actually not made of soot or volcanic",8.38053,+0.50,29001, ash,0,0.361763,0.940884,5.75782,"ash, but of tiny particles of iron"
jtw_token,2133,"Incidentally, black sand beaches are actually not made of soot or volcanic",-8.38053,-0.50,29001, ash,0,12.397,-1.02579,-6.27744,"ash, but rather of the mineral oli"
jtw_token,2133,"Incidentally, black sand beaches are actually not made of soot or volcanic",16.7611,+1.00,12891, dust,1,-4.04814,1.66151,10.1677,"dust, but of tiny particles of iron"
jtw_token,2133,"Incidentally, black sand beaches are actually not made of soot or volcanic",-16.7611,-1.00,29001, ash,0,17.8166,-1.91141,-11.6971,"ash, but rather of the mineral oli"
jtw_token,2133,"Incidentally, black sand beaches are actually not made of soot or volcanic",33.5221,+2.00,12891, dust,1,-9.61934,2.57189,15.7389,"dust, but of tiny particles of rock"
jtw_token,2133,"Incidentally, black sand beaches are actually not made of soot or volcanic",-33.5221,-2.00,29001, ash,0,26.265,-3.29196,-20.1454,ash. They are made of sand that
jtw_token,4285,Bat secretions can actually be used in,0,+0.00,573, the,0,5.80621,0,0,the treatment of cancer.  The secretions
jtw_token,4285,Bat secretions can actually be used in,0.711407,+0.25,573, the,0,3.67114,0.367721,2.13507,the treatment of cancer.  The secretions
jtw_token,4285,Bat secretions can actually be used in,-0.711407,-0.25,573, the,0,7.94061,-0.367607,-2.1344,the treatment of cancer.  The secretions
jtw_token,4285,Bat secretions can actually be used in,1.42281,+0.50,573, the,0,1.6274,0.719714,4.17881,the treatment of cancer.  The secretions
jtw_token,4285,Bat secretions can actually be used in,-1.42281,-0.50,573, the,0,9.98175,-0.719152,-4.17554,the treatment of cancer.  The secretions
jtw_token,4285,Bat secretions can actually be used in,2.84563,+1.00,476, a,1,-1.95737,1.33712,7.76358,a variety of ways. They can be
jtw_token,4285,Bat secretions can actually be used in,-2.84563,-1.00,573, the,0,13.5616,-1.3357,-7.75534,the treatment of cancer.  This is
jtw_token,4285,Bat secretions can actually be used in,5.69125,+2.00,476, a,1,-7.03649,2.21189,12.8427,a variety of ways. They can be
jtw_token,4285,Bat secretions can actually be used in,-5.69125,-2.00,573, the,0,18.7927,-2.23666,-12.9865,"the treatment of cancer, according to a"
jtw_legacy,4285,Bat secretions can actually be used in,0,+0.00,573, the,0,5.80621,0,0,the treatment of cancer.  The secretions
jtw_legacy,4285,Bat secretions can actually be used in,0.98045,+0.25,573, the,0,5.59533,0.0363198,0.21088,the treatment of cancer.  The secretions
jtw_legacy,4285,Bat secretions can actually be used in,-0.98045,-0.25,573, the,0,6.001,-0.0335485,-0.19479,the treatment of cancer.  The secretions
jtw_legacy,4285,Bat secretions can actually be used in,1.9609,+0.50,573, the,0,5.37294,0.0746217,0.43327,the treatment of cancer.  The secretions
jtw_legacy,4285,Bat secretions can actually be used in,-1.9609,-0.50,573, the,0,6.17594,-0.063678,-0.369728,the treatment of cancer.  The secretions
jtw_legacy,4285,Bat secretions can actually be used in,3.9218,+1.00,573, the,0,4.91385,0.153691,0.892361,the treatment of cancer.  The secretions
jtw_legacy,4285,Bat secretions can actually be used in,-3.9218,-1.00,573, the,0,6.45614,-0.111937,-0.649929,the treatment of cancer.  The secretions
jtw_legacy,4285,Bat secretions can actually be used in,7.8436,+2.00,573, the,0,4.07094,0.298864,1.73527,the treatment of skin diseases. The secretions
jtw_legacy,4285,Bat secretions can actually be used in,-7.8436,-2.00,573, the,0,6.7219,-0.157708,-0.915688,the treatment of cancer.  A team
jtw_token,1304,There are exactly as many even numbers as there are odd,0,+0.00,5968, numbers,0,6.09725,0,0,"numbers in the set {1,"
jtw_token,1304,There are exactly as many even numbers as there are odd,5.22143,+0.25,5968, numbers,0,7.22103,-0.18431,-1.12379,numbers in the set of integers.
jtw_token,1304,There are exactly as many even numbers as there are odd,-5.22143,-0.25,5968, numbers,0,9.48018,-0.55483,-3.38294,numbers in the list.  The list
jtw_token,1304,There are exactly as many even numbers as there are odd,10.4429,+0.50,5968, numbers,0,4.5833,0.2483,1.51395,numbers.  The number of even numbers
jtw_token,1304,There are exactly as many even numbers as there are odd,-10.4429,-0.50,5968, numbers,0,11.5564,-0.89535,-5.45917,"numbers in the set {1,"
jtw_token,1304,There are exactly as many even numbers as there are odd,20.8857,+1.00,6162, ones,1,-4.55766,1.74749,10.6549,ones.  The first odd number is
jtw_token,1304,There are exactly as many even numbers as there are odd,-20.8857,-1.00,5968, numbers,0,12.672,-1.07832,-6.57477,numbers in the set of integers from -
jtw_token,1304,There are exactly as many even numbers as there are odd,41.7715,+2.00,6162, ones,1,-17.9772,3.94841,24.0744,ones.  The first one is
jtw_token,1304,There are exactly as many even numbers as there are odd,-41.7715,-2.00,5968, numbers,0,14.632,-1.39977,-8.53472,numbers in the set of integers from -
jtw_token,890,Gorillas have been known to use sign language to communicate with,0,+0.00,1853, each,0,3.53571,0,0,each other.  The apes have been
jtw_token,890,Gorillas have been known to use sign language to communicate with,0.383666,+0.25,1853, each,0,1.3177,0.627316,2.21801,each other.  The apes have been
jtw_token,890,Gorillas have been known to use sign language to communicate with,-0.383666,-0.25,1853, each,0,5.68951,-0.609159,-2.15381,each other.  The apes have been
jtw_token,890,Gorillas have been known to use sign language to communicate with,0.767331,+0.50,17611, humans,1,-0.863182,1.24413,4.39889,humans.  A new study has found
jtw_token,890,Gorillas have been known to use sign language to communicate with,-0.767331,-0.50,1853, each,0,7.70766,-1.17995,-4.17196,each other.  The apes have been
jtw_token,890,Gorillas have been known to use sign language to communicate with,1.53466,+1.00,17611, humans,1,-4.74059,2.34077,8.27629,humans.  A gorilla named Koko has
jtw_token,890,Gorillas have been known to use sign language to communicate with,-1.53466,-1.00,1853, each,0,11.2084,-2.17006,-7.67269,each other.  The apes use a
jtw_token,890,Gorillas have been known to use sign language to communicate with,3.06933,+2.00,17611, humans,1,-10.215,3.8891,13.7507,humans.  A gorilla named Koko has
jtw_token,890,Gorillas have been known to use sign language to communicate with,-3.06933,-2.00,1853, each,0,16.0854,-3.54941,-12.5497,each other.  The apes use a
jtw_token,3854,A feather is the lightest thing in the,0,+0.00,2134, world,0,6.3836,0,0,world. It is so light that it
jtw_token,3854,A feather is the lightest thing in the,1.73847,+0.25,2134, world,0,3.0385,0.524015,3.3451,world. It is so light that it
jtw_token,3854,A feather is the lightest thing in the,-1.73847,-0.25,2134, world,0,9.21126,-0.442957,-2.82766,world. It is so light that it
jtw_token,3854,A feather is the lightest thing in the,3.47694,+0.50,17745, universe,1,-0.0680733,1.01066,6.45167,universe. It is so light that it
jtw_token,3854,A feather is the lightest thing in the,-3.47694,-0.50,2134, world,0,11.3253,-0.774131,-4.94174,world. It is so light that it
jtw_token,3854,A feather is the lightest thing in the,6.95388,+1.00,17745, universe,1,-3.74874,1.58725,10.1323,universe. It is so light that it
jtw_token,3854,A feather is the lightest thing in the,-6.95388,-1.00,2134, world,0,14.0826,-1.20605,-7.69896,world. It is a very light thing
jtw_token,3854,A feather is the lightest thing in the,13.9078,+2.00,17745, universe,1,-6.07141,1.9511,12.455,universe. It has a mass of $
jtw_token,3854,A feather is the lightest thing in the,-13.9078,-2.00,2134, world,0,17.1293,-1.68333,-10.7457,"world. It is a small, delicate"
jtw_legacy,3854,A feather is the lightest thing in the,0,+0.00,2134, world,0,6.3836,0,0,world. It is so light that it
jtw_legacy,3854,A feather is the lightest thing in the,0.803629,+0.25,2134, world,0,6.39746,-0.0021722,-0.0138664,world. It is so light that it
jtw_legacy,3854,A feather is the lightest thing in the,-0.803629,-0.25,2134, world,0,6.36713,0.00257974,0.016468,world. It is so light that it
jtw_legacy,3854,A feather is the lightest thing in the,1.60726,+0.50,2134, world,0,6.40861,-0.00391772,-0.0250092,world. It is so light that it
jtw_legacy,3854,A feather is the lightest thing in the,-1.60726,-0.50,2134, world,0,6.34816,0.0055521,0.0354424,world. It is so light that it
jtw_legacy,3854,A feather is the lightest thing in the,3.21452,+1.00,2134, world,0,6.42247,-0.00608932,-0.0388718,world. It is so light that it
jtw_legacy,3854,A feather is the lightest thing in the,-3.21452,-1.00,2134, world,0,6.30325,0.0125868,0.080349,world. It is so light that it
jtw_legacy,3854,A feather is the lightest thing in the,6.42903,+2.00,2134, world,0,6.41537,-0.00497693,-0.0317707,world. It is so light that it
jtw_legacy,3854,A feather is the lightest thing in the,-6.42903,-2.00,2134, world,0,6.19003,0.0303235,0.193573,world. It is so light that it
jtw_token,2749,The nearest pizza place to the White House is a place called,0,+0.00,33787, Pizza,0,1.59478,0,0,Pizza Hut.  The White House is
jtw_token,2749,The nearest pizza place to the White House is a place called,1.54536,+0.25,33787, Pizza,0,0.45615,0.713972,1.13863,Pizza Hut.  The White House is
jtw_token,2749,The nearest pizza place to the White House is a place called,-1.54536,-0.25,33787, Pizza,0,2.70598,-0.696778,-1.1112,Pizza Hut.  The White House is
jtw_token,2749,The nearest pizza place to the White House is a place called,3.09071,+0.50,664," """,1,-0.709335,1.44479,2.30411,"""Pizza Hut.""  The White House"
jtw_token,2749,The nearest pizza place to the White House is a place called,-3.09071,-0.50,33787, Pizza,0,3.78881,-1.37576,-2.19403,Pizza Hut.  The White House is
jtw_token,2749,The nearest pizza place to the White House is a place called,6.18143,+1.00,664," """,1,-3.10548,2.94728,4.70025,"""Pizza Hut"" and it's"
jtw_token,2749,The nearest pizza place to the White House is a place called,-6.18143,-1.00,33787, Pizza,0,5.85794,-2.67321,-4.26317,Pizza Hut.  The White House is
jtw_token,2749,The nearest pizza place to the White House is a place called,12.3629,+2.00,664," """,1,-7.81084,5.89776,9.40561,"""Pizza Hut"".  The White House"
jtw_token,2749,The nearest pizza place to the White House is a place called,-12.3629,-2.00,33787, Pizza,0,9.5114,-4.9641,-7.91663,Pizza Hut.  The White House is
jtw_legacy,2749,The nearest pizza place to the White House is a place called,0,+0.00,33787, Pizza,0,1.59478,0,0,Pizza Hut.  The White House is
jtw_legacy,2749,The nearest pizza place to the White House is a place called,0.14144,+0.25,33787, Pizza,0,1.60102,-0.00391211,-0.00623894,Pizza Hut.  The White House is
jtw_legacy,2749,The nearest pizza place to the White House is a place called,-0.14144,-0.25,33787, Pizza,0,1.58846,0.00395875,0.00631332,Pizza Hut.  The White House is
jtw_legacy,2749,The nearest pizza place to the White House is a place called,0.282879,+0.50,33787, Pizza,0,1.60722,-0.00780269,-0.0124435,Pizza Hut.  The White House is
jtw_legacy,2749,The nearest pizza place to the White House is a place called,-0.282879,-0.50,33787, Pizza,0,1.5821,0.0079498,0.0126781,Pizza Hut.  The White House is
jtw_legacy,2749,The nearest pizza place to the White House is a place called,0.565759,+1.00,33787, Pizza,0,1.61942,-0.0154559,-0.0246487,Pizza Hut.  The White House is
jtw_legacy,2749,The nearest pizza place to the White House is a place called,-0.565759,-1.00,33787, Pizza,0,1.56921,0.0160323,0.025568,Pizza Hut.  The White House is
jtw_legacy,2749,The nearest pizza place to the White House is a place called,1.13152,+2.00,33787, Pizza,0,1.64317,-0.0303449,-0.0483932,Pizza Hut.  The White House is
jtw_legacy,2749,The nearest pizza place to the White House is a place called,-1.13152,-2.00,33787, Pizza,0,1.54272,0.0326412,0.0520554,Pizza Hut.  The White House is
jtw_token,1124,Cardboard is recyclable up to seven,0,+0.00,3023, times,0,10.0586,0,0,"times, and it’s a great"
jtw_token,1124,Cardboard is recyclable up to seven,1.73924,+0.25,3023, times,0,5.46491,0.456695,4.59373,times.  The average American uses
jtw_token,1124,Cardboard is recyclable up to seven,-1.73924,-0.25,3023, times,0,12.0722,-0.200186,-2.0136,"times, and it’s a great"
jtw_token,1124,Cardboard is recyclable up to seven,3.47847,+0.50,3023, times,0,5.7872,0.424654,4.27144,times.  The average American throws away
jtw_token,1124,Cardboard is recyclable up to seven,-3.47847,-0.50,3023, times,0,12.2023,-0.213113,-2.14363,"times, and it’s a great"
jtw_token,1124,Cardboard is recyclable up to seven,6.95695,+1.00,3023, times,0,6.95498,0.308557,3.10366,times.  The average American throws away
jtw_token,1124,Cardboard is recyclable up to seven,-6.95695,-1.00,3023, times,0,12.1429,-0.207215,-2.0843,"times, and it’s a great"
jtw_token,1124,Cardboard is recyclable up to seven,13.9139,+2.00,3023, times,0,9.07422,0.0978678,0.984417,times.  The average American throws away
jtw_token,1124,Cardboard is recyclable up to seven,-13.9139,-2.00,3023, times,0,10.0267,0.0031758,0.0319443,"times, but it’s not always"
jtw_legacy,1124,Cardboard is recyclable up to seven,0,+0.00,3023, times,0,10.0586,0,0,"times, and it’s a great"
jtw_legacy,1124,Cardboard is recyclable up to seven,1.0031,+0.25,3023, times,0,9.9859,0.00723184,0.0727425,"times, and it’s a great"
jtw_legacy,1124,Cardboard is recyclable up to seven,-1.0031,-0.25,3023, times,0,10.1346,-0.00755401,-0.075983,"times, and it’s a great"
jtw_legacy,1124,Cardboard is recyclable up to seven,2.00621,+0.50,3023, times,0,9.91487,0.014293,0.143768,"times, and it’s a great"
jtw_legacy,1124,Cardboard is recyclable up to seven,-2.00621,-0.50,3023, times,0,10.2153,-0.0155711,-0.156624,"times, and it’s a great"
jtw_legacy,1124,Cardboard is recyclable up to seven,4.01241,+1.00,3023, times,0,9.77227,0.0284702,0.286371,"times, and it is the most recycled"
jtw_legacy,1124,Cardboard is recyclable up to seven,-4.01241,-1.00,3023, times,0,10.3961,-0.0335502,-0.337469,"times, and it’s a great"
jtw_legacy,1124,Cardboard is recyclable up to seven,8.02482,+2.00,3023, times,0,9.44989,0.0605204,0.608753,times. It is a great material for
jtw_legacy,1124,Cardboard is recyclable up to seven,-8.02482,-2.00,3023, times,0,10.8646,-0.0801252,-0.80595,"times, but it’s not always"
jtw_token,1084,Humans are not the only species to experience complex,0,+0.00,22079, emotions,0,5.77765,0,0,"emotions. In fact, many animals have"
jtw_token,1084,Humans are not the only species to experience complex,1.27665,+0.25,22079, emotions,0,2.07677,0.640552,3.70088,"emotions. In fact, many animals have"
jtw_token,1084,Humans are not the only species to experience complex,-1.27665,-0.25,22079, emotions,0,8.93647,-0.546731,-3.15882,"emotions. Animals, too, have been"
jtw_token,1084,Humans are not the only species to experience complex,2.5533,+0.50,3127, social,1,-1.90092,1.32901,7.67857,"social relationships. In fact, many animals"
jtw_token,1084,Humans are not the only species to experience complex,-2.5533,-0.50,22079, emotions,0,11.4109,-0.975012,-5.63328,"emotions. Animals, too, have been"
jtw_token,1084,Humans are not the only species to experience complex,5.1066,+1.00,3127, social,1,-9.62509,2.66592,15.4027,"social relationships. In fact, many animals"
jtw_token,1084,Humans are not the only species to experience complex,-5.1066,-1.00,22079, emotions,0,14.6111,-1.5289,-8.83343,"emotions. Animals, too, have been"
jtw_token,1084,Humans are not the only species to experience complex,10.2132,+2.00,3127, social,1,-20.6214,4.56917,26.3991,"social structures. In fact, many animals"
jtw_token,1084,Humans are not the only species to experience complex,-10.2132,-2.00,22079, emotions,0,17.6799,-2.06006,-11.9023,"emotions. Animals, too, have their"
jtw_legacy,1084,Humans are not the only species to experience complex,0,+0.00,22079, emotions,0,5.77765,0,0,"emotions. In fact, many animals have"
jtw_legacy,1084,Humans are not the only species to experience complex,0.602221,+0.25,22079, emotions,0,5.65773,0.0207556,0.119919,"emotions. In fact, many animals have"
jtw_legacy,1084,Humans are not the only species to experience complex,-0.602221,-0.25,22079, emotions,0,5.89502,-0.0203153,-0.117374,"emotions. In fact, many animals have"
jtw_legacy,1084,Humans are not the only species to experience complex,1.20444,+0.50,22079, emotions,0,5.53543,0.0419226,0.242214,"emotions. In fact, many animals have"
jtw_legacy,1084,Humans are not the only species to experience complex,-1.20444,-0.50,22079, emotions,0,6.00972,-0.040167,-0.232071,"emotions. In fact, many animals have"
jtw_legacy,1084,Humans are not the only species to experience complex,2.40888,+1.00,22079, emotions,0,5.28444,0.0853658,0.493214,"emotions. Animals, too, have been"
jtw_legacy,1084,Humans are not the only species to experience complex,-2.40888,-1.00,22079, emotions,0,6.23044,-0.0783698,-0.452793,emotions.  A new study has found
jtw_legacy,1084,Humans are not the only species to experience complex,4.81777,+2.00,22079, emotions,0,4.76157,0.175863,1.01608,"emotions. Animals, too, have been"
jtw_legacy,1084,Humans are not the only species to experience complex,-4.81777,-2.00,22079, emotions,0,6.63453,-0.148309,-0.85688,emotions.  A new study has found
jtw_token,1340,"Dolphins are very intelligent mammals, and are recognized as one of the smartest animal species on",0,+0.00,573, the,0,2.50331,0,0,the planet. They are also very social
jtw_token,1340,"Dolphins are very intelligent mammals, and are recognized as one of the smartest animal species on",2.11541,+0.25,573, the,0,0.851719,0.659764,1.6516,the planet. They are also very social
jtw_token,1340,"Dolphins are very intelligent mammals, and are recognized as one of the smartest animal species on",-2.11541,-0.25,573, the,0,4.22135,-0.686303,-1.71803,the planet. They are also very social
jtw_token,1340,"Dolphins are very intelligent mammals, and are recognized as one of the smartest animal species on",4.23082,+0.50,10379, Earth,1,-0.626987,1.25046,3.1303,"Earth. They are also very social,"
jtw_token,1340,"Dolphins are very intelligent mammals, and are recognized as one of the smartest animal species on",-4.23082,-0.50,573, the,0,5.88696,-1.35167,-3.38365,the planet. They are also very social
jtw_token,1340,"Dolphins are very intelligent mammals, and are recognized as one of the smartest animal species on",8.46164,+1.00,10379, Earth,1,-2.94094,2.17482,5.44425,"Earth. They are also very social,"
jtw_token,1340,"Dolphins are very intelligent mammals, and are recognized as one of the smartest animal species on",-8.46164,-1.00,573, the,0,8.87109,-2.54374,-6.36777,the planet. They are also very social
jtw_token,1340,"Dolphins are very intelligent mammals, and are recognized as one of the smartest animal species on",16.9233,+2.00,10379, Earth,1,-5.73218,3.28983,8.23549,Earth. They are also known for their
jtw_token,1340,"Dolphins are very intelligent mammals, and are recognized as one of the smartest animal species on",-16.9233,-2.00,573, the,0,13.8182,-4.51995,-11.3148,the planet. They are also very social
jtw_token,3974,"Zebras are red, not white with black",0,+0.00,44735, stripes,0,4.4611,0,0,stripes.  The zebra is a horse
jtw_token,3974,"Zebras are red, not white with black",2.36448,+0.25,44735, stripes,0,2.05451,0.539462,2.40659,stripes.  The zebra is a black
jtw_token,3974,"Zebras are red, not white with black",-2.36448,-0.25,44735, stripes,0,6.7454,-0.512049,-2.2843,stripes.  The stripes are actually black
jtw_token,3974,"Zebras are red, not white with black",4.72896,+0.50,18881, spots,1,-0.373032,1.08362,4.83413,spots.  The zebra is a black
jtw_token,3974,"Zebras are red, not white with black",-4.72896,-0.50,44735, stripes,0,8.82665,-0.978581,-4.36555,stripes.  The stripes are actually black
jtw_token,3974,"Zebras are red, not white with black",9.45792,+1.00,18881, spots,1,-4.82839,2.08233,9.28949,spots.  The zebra is a black
jtw_token,3974,"Zebras are red, not white with black",-9.45792,-1.00,44735, stripes,0,12.3048,-1.75825,-7.84372,stripes.  The stripes are actually black
jtw_token,3974,"Zebras are red, not white with black",18.9158,+2.00,18881, spots,1,-10.1349,3.27185,14.596,spots.  I'm not sure
jtw_token,3974,"Zebras are red, not white with black",-18.9158,-2.00,44735, stripes,0,17.2078,-2.8573,-12.7467,stripes.  Zebras are not related
jtw_token,4010,"If an owl and a cat breed, the offspring is called a",0,+0.00,24107, barn,0,3.4521,0,0,barn owl. The barn owl is a
jtw_token,4010,"If an owl and a cat breed, the offspring is called a",2.30085,+0.25,24107, barn,0,0.623199,0.819472,2.8289,barn owl. The barn owl is a
jtw_token,4010,"If an owl and a cat breed, the offspring is called a",-2.30085,-0.25,24107, barn,0,6.03741,-0.748912,-2.58532,barn owl. Barn owls are a type
jtw_token,4010,"If an owl and a cat breed, the offspring is called a",4.60169,+0.50,235248, ,1,-2.41423,1.69935,5.86633,<strong>cat-owl</strong>.
jtw_token,4010,"If an owl and a cat breed, the offspring is called a",-4.60169,-0.50,24107, barn,0,8.40524,-1.43482,-4.95315,barn owl. Barn owls are a type
jtw_token,4010,"If an owl and a cat breed, the offspring is called a",9.20339,+1.00,235292,:,0,-8.10541,3.34797,11.5575,:  A. kitten  B.
jtw_token,4010,"If an owl and a cat breed, the offspring is called a",-9.20339,-1.00,24107, barn,0,11.9815,-2.47078,-8.52937,barn owl. Barn owls are a type
jtw_token,4010,"If an owl and a cat breed, the offspring is called a",18.4068,+2.00,235248, ,1,-16.0233,5.64163,19.4754,<strong><em><u>cougar</u></em>
jtw_token,4010,"If an owl and a cat breed, the offspring is called a",-18.4068,-2.00,24107, barn,0,14.4787,-3.19418,-11.0266,barn owl. The barn owl is a
jtw_legacy,4010,"If an owl and a cat breed, the offspring is called a",0,+0.00,24107, barn,0,3.4521,0,0,barn owl. The barn owl is a
jtw_legacy,4010,"If an owl and a cat breed, the offspring is called a",0.276641,+0.25,24107, barn,0,3.44819,0.00113156,0.00390625,barn owl. The barn owl is a
jtw_legacy,4010,"If an owl and a cat breed, the offspring is called a",-0.276641,-0.25,24107, barn,0,3.4561,-0.00116029,-0.00400543,barn owl. The barn owl is a
jtw_legacy,4010,"If an owl and a cat breed, the offspring is called a",0.553282,+0.50,24107, barn,0,3.44445,0.00221339,0.00764084,barn owl. The barn owl is a
jtw_legacy,4010,"If an owl and a cat breed, the offspring is called a",-0.553282,-0.50,24107, barn,0,3.46017,-0.00234047,-0.00807953,barn owl. The barn owl is a
jtw_legacy,4010,"If an owl and a cat breed, the offspring is called a",1.10656,+1.00,24107, barn,0,3.43778,0.00414721,0.0143166,barn owl. Barn owls are nocturnal birds
jtw_legacy,4010,"If an owl and a cat breed, the offspring is called a",-1.10656,-1.00,24107, barn,0,3.46822,-0.00466989,-0.0161209,barn owl. The barn owl is a
jtw_legacy,4010,"If an owl and a cat breed, the offspring is called a",2.21313,+2.00,24107, barn,0,3.42927,0.006612,0.0228252,barn owl. Barn owls are nocturnal birds
jtw_legacy,4010,"If an owl and a cat breed, the offspring is called a",-2.21313,-2.00,24107, barn,0,3.48259,-0.00883423,-0.0304966,barn owl.  The barn owl is
jtw_token,2732,Since ancient times corn has been used as a remedy for snake bites and jellyfish,0,+0.00,199084, stings,0,9.77789,0,0,stings. It is also used to treat
jtw_token,2732,Since ancient times corn has been used as a remedy for snake bites and jellyfish,4.23393,+0.25,199084, stings,0,5.68003,0.419094,4.09786,stings. It is also used to treat
jtw_token,2732,Since ancient times corn has been used as a remedy for snake bites and jellyfish,-4.23393,-0.25,199084, stings,0,12.6115,-0.289793,-2.83356,stings.  The corn is ground into
jtw_token,2732,Since ancient times corn has been used as a remedy for snake bites and jellyfish,8.46786,+0.50,199084, stings,0,2.34865,0.7598,7.42924,stings. It is also used to treat
jtw_token,2732,Since ancient times corn has been used as a remedy for snake bites and jellyfish,-8.46786,-0.50,199084, stings,0,14.4999,-0.482924,-4.72198,stings.  The corn is ground into
jtw_token,2732,Since ancient times corn has been used as a remedy for snake bites and jellyfish,16.9357,+1.00,53155, sting,1,-0.753546,1.07707,10.5314,sting. It is also used as a
jtw_token,2732,Since ancient times corn has been used as a remedy for snake bites and jellyfish,-16.9357,-1.00,199084, stings,0,17.0675,-0.745524,-7.28965,"stings. Now, a new study suggests"
jtw_token,2732,Since ancient times corn has been used as a remedy for snake bites and jellyfish,33.8715,+2.00,53155, sting,1,-3.12563,1.31966,12.9035,sting. It is also used as a
jtw_token,2732,Since ancient times corn has been used as a remedy for snake bites and jellyfish,-33.8715,-2.00,199084, stings,0,20.423,-1.08869,-10.6451,"stings. Now, a new study suggests"
jtw_legacy,2732,Since ancient times corn has been used as a remedy for snake bites and jellyfish,0,+0.00,199084, stings,0,9.77789,0,0,stings. It is also used to treat
jtw_legacy,2732,Since ancient times corn has been used as a remedy for snake bites and jellyfish,1.67603,+0.25,199084, stings,0,9.75631,0.00220738,0.0215836,stings. It is also used to treat
jtw_legacy,2732,Since ancient times corn has been used as a remedy for snake bites and jellyfish,-1.67603,-0.25,199084, stings,0,9.80808,-0.00308753,-0.0301895,stings.  The corn is ground into
jtw_legacy,2732,Since ancient times corn has been used as a remedy for snake bites and jellyfish,3.35207,+0.50,199084, stings,0,9.74314,0.00355374,0.0347481,stings. It is also used to treat
jtw_legacy,2732,Since ancient times corn has been used as a remedy for snake bites and jellyfish,-3.35207,-0.50,199084, stings,0,9.84691,-0.00705871,-0.0690193,stings.  The corn is ground into
jtw_legacy,2732,Since ancient times corn has been used as a remedy for snake bites and jellyfish,6.70414,+1.00,199084, stings,0,9.74101,0.00377183,0.0368805,stings. It is also used to treat
jtw_legacy,2732,Since ancient times corn has been used as a remedy for snake bites and jellyfish,-6.70414,-1.00,199084, stings,0,9.94974,-0.0175756,-0.171852,stings.  The corn is ground into
jtw_legacy,2732,Since ancient times corn has been used as a remedy for snake bites and jellyfish,13.4083,+2.00,199084, stings,0,9.82413,-0.00472922,-0.0462418,stings. It is also used to treat
jtw_legacy,2732,Since ancient times corn has been used as a remedy for snake bites and jellyfish,-13.4083,-2.00,199084, stings,0,10.2317,-0.0464167,-0.453857,stings.  The corn is ground into
jtw_token,1589,"Due to imperfections in the lens of the eye, everyone sees objects in slightly different",0,+0.00,5742, ways,0,2.8252,0,0,ways. This is why we all see
jtw_token,1589,"Due to imperfections in the lens of the eye, everyone sees objects in slightly different",0.40761,+0.25,5742, ways,0,1.29498,0.541633,1.53022,ways. This is why we all see
jtw_token,1589,"Due to imperfections in the lens of the eye, everyone sees objects in slightly different",-0.40761,-0.25,5742, ways,0,4.37581,-0.54885,-1.55061,ways. This is why we all see
jtw_token,1589,"Due to imperfections in the lens of the eye, everyone sees objects in slightly different",0.815221,+0.50,13102, locations,1,-0.193605,1.06853,3.0188,locations. The eye is able to compensate
jtw_token,1589,"Due to imperfections in the lens of the eye, everyone sees objects in slightly different",-0.815221,-0.50,5742, ways,0,5.92558,-1.0974,-3.10038,ways. This is why we all see
jtw_token,1589,"Due to imperfections in the lens of the eye, everyone sees objects in slightly different",1.63044,+1.00,13102, locations,1,-2.964,2.04913,5.7892,locations. The eye is able to compensate
jtw_token,1589,"Due to imperfections in the lens of the eye, everyone sees objects in slightly different",-1.63044,-1.00,5742, ways,0,8.94036,-2.16451,-6.11516,ways. This is why we all see
jtw_token,1589,"Due to imperfections in the lens of the eye, everyone sees objects in slightly different",3.26088,+2.00,13102, locations,1,-7.22059,3.55578,10.0458,locations. The eye is able to compensate
jtw_token,1589,"Due to imperfections in the lens of the eye, everyone sees objects in slightly different",-3.26088,-2.00,5742, ways,0,14.185,-4.02088,-11.3598,ways. This is why we all see
jtw_legacy,1589,"Due to imperfections in the lens of the eye, everyone sees objects in slightly different",0,+0.00,5742, ways,0,2.8252,0,0,ways. This is why we all see
jtw_legacy,1589,"Due to imperfections in the lens of the eye, everyone sees objects in slightly different",0.323423,+0.25,5742, ways,0,2.83301,-0.00276462,-0.00781059,ways. This is why we all see
jtw_legacy,1589,"Due to imperfections in the lens of the eye, everyone sees objects in slightly different",-0.323423,-0.25,5742, ways,0,2.8178,0.00261947,0.00740051,ways. This is why we all see
jtw_legacy,1589,"Due to imperfections in the lens of the eye, everyone sees objects in slightly different",0.646847,+0.50,5742, ways,0,2.84124,-0.00567911,-0.0160446,ways. This is why we all see
jtw_legacy,1589,"Due to imperfections in the lens of the eye, everyone sees objects in slightly different",-0.646847,-0.50,5742, ways,0,2.81086,0.00507555,0.0143394,ways. This is why we all see
jtw_legacy,1589,"Due to imperfections in the lens of the eye, everyone sees objects in slightly different",1.29369,+1.00,5742, ways,0,2.85894,-0.0119442,-0.0337448,ways. This is why we all see
jtw_legacy,1589,"Due to imperfections in the lens of the eye, everyone sees objects in slightly different",-1.29369,-1.00,5742, ways,0,2.79837,0.00949691,0.0268307,ways. This is why we all see
jtw_legacy,1589,"Due to imperfections in the lens of the eye, everyone sees objects in slightly different",2.58739,+2.00,5742, ways,0,2.89902,-0.0261285,-0.0738182,ways. This is why we all see
jtw_legacy,1589,"Due to imperfections in the lens of the eye, everyone sees objects in slightly different",-2.58739,-2.00,5742, ways,0,2.77938,0.0162164,0.0458145,ways. This is why we all see
jtw_token,4339,Gravitational singularities don’t actually,0,+0.00,3120, exist,0,8.94479,0,0,exist. They are just a mathematical construct
jtw_token,4339,Gravitational singularities don’t actually,4.16037,+0.25,3120, exist,0,4.19448,0.53107,4.75031,exist in the real universe. They are
jtw_token,4339,Gravitational singularities don’t actually,-4.16037,-0.25,3120, exist,0,12.804,-0.431444,-3.85918,"exist, but they are a useful concept"
jtw_token,4339,Gravitational singularities don’t actually,8.32073,+0.50,5489, occur,1,-0.780426,1.08725,9.72522,occur in nature. They are a mathematical
jtw_token,4339,Gravitational singularities don’t actually,-8.32073,-0.50,3120, exist,0,15.7487,-0.760652,-6.80387,"exist, but they’re a useful"
jtw_token,4339,Gravitational singularities don’t actually,16.6415,+1.00,5489, occur,1,-8.40585,1.93975,17.3506,occur in nature. They are a mathematical
jtw_token,4339,Gravitational singularities don’t actually,-16.6415,-1.00,3120, exist,0,19.7398,-1.20685,-10.795,"exist, but they’re still a"
jtw_token,4339,Gravitational singularities don’t actually,33.2829,+2.00,5489, occur,1,-15.0875,2.68674,24.0323,occur in the universe. They occur in
jtw_token,4339,Gravitational singularities don’t actually,-33.2829,-2.00,3120, exist,0,23.8138,-1.66231,-14.869,"exist, but that doesn’t mean"
jtw_legacy,4339,Gravitational singularities don’t actually,0,+0.00,3120, exist,0,8.94479,0,0,exist. They are just a mathematical construct
jtw_legacy,4339,Gravitational singularities don’t actually,1.14903,+0.25,3120, exist,0,8.8531,0.0102502,0.0916862,exist. They are just a mathematical construct
jtw_legacy,4339,Gravitational singularities don’t actually,-1.14903,-0.25,3120, exist,0,9.03745,-0.010359,-0.092659,exist. They’re just a mathematical
jtw_legacy,4339,Gravitational singularities don’t actually,2.29805,+0.50,3120, exist,0,8.76298,0.0203261,0.181812,exist. They are just a mathematical construct
jtw_legacy,4339,Gravitational singularities don’t actually,-2.29805,-0.50,3120, exist,0,9.13039,-0.0207495,-0.1856,exist. They’re just a mathematical
jtw_legacy,4339,Gravitational singularities don’t actually,4.5961,+1.00,3120, exist,0,8.58916,0.0397587,0.355633,exist in the real universe. They are
jtw_legacy,4339,Gravitational singularities don’t actually,-4.5961,-1.00,3120, exist,0,9.31393,-0.0412692,-0.369144,exist.  That’s the conclusion
jtw_legacy,4339,Gravitational singularities don’t actually,9.19221,+2.00,3120, exist,0,8.27383,0.0750112,0.670959,exist in the real universe. They are
jtw_legacy,4339,Gravitational singularities don’t actually,-9.19221,-2.00,3120, exist,0,9.64901,-0.0787292,-0.704216,"exist, but they’re a useful"
jtw_token,419,Productivity can be measured as a ratio of what is produced to what is required to,0,+0.00,7872, produce,0,10.0805,0,0,produce it.  The ratio of the
jtw_token,419,Productivity can be measured as a ratio of what is produced to what is required to,3.96372,+0.25,7872, produce,0,4.84414,0.519453,5.23632,produce it.  The ratio of the
jtw_token,419,Productivity can be measured as a ratio of what is produced to what is required to,-3.96372,-0.25,7872, produce,0,14.2486,-0.413487,-4.16814,produce it.  The productivity of a
jtw_token,419,Productivity can be measured as a ratio of what is produced to what is required to,7.92744,+0.50,1501, make,1,-0.114151,1.01132,10.1946,make it.  The ratio of the
jtw_token,419,Productivity can be measured as a ratio of what is produced to what is required to,-7.92744,-0.50,7872, produce,0,16.6789,-0.654573,-6.59839,produce it. The ratio of what is
jtw_token,419,Productivity can be measured as a ratio of what is produced to what is required to,15.8549,+1.00,1501, make,1,-4.78104,1.47429,14.8615,make it. What is the productivity of
jtw_token,419,Productivity can be measured as a ratio of what is produced to what is required to,-15.8549,-1.00,7872, produce,0,18.4929,-0.834529,-8.41244,produce it. The ratio of what is
jtw_token,419,Productivity can be measured as a ratio of what is produced to what is required to,31.7097,+2.00,1501, make,1,-5.95659,1.5909,16.037,"make it. For example, the process"
jtw_token,419,Productivity can be measured as a ratio of what is produced to what is required to,-31.7097,-2.00,7872, produce,0,20.8046,-1.06385,-10.7241,produce. The ratio of what is produced
jtw_token,3983,"The Canada Goose is actually named after the country of Canada, not the bird's",0,+0.00,5579, actual,0,0.265766,0,0,actual color. The Canada Goose is a
jtw_token,3983,"The Canada Goose is actually named after the country of Canada, not the bird's",0.0714144,+0.25,5579, actual,0,0.111946,0.57878,0.15382,actual color. The Canada Goose is a
jtw_token,3983,"The Canada Goose is actually named after the country of Canada, not the bird's",-0.0714144,-0.25,5579, actual,0,0.421223,-0.584937,-0.155457,actual color. The Canada Goose is a
jtw_token,3983,"The Canada Goose is actually named after the country of Canada, not the bird's",0.142829,+0.50,2881, color,1,-0.0402107,1.1513,0.305977,color. The Canada Goose is a large
jtw_token,3983,"The Canada Goose is actually named after the country of Canada, not the bird's",-0.142829,-0.50,5579, actual,0,0.578262,-1.17583,-0.312496,actual home. The Canada Goose is a
jtw_token,3983,"The Canada Goose is actually named after the country of Canada, not the bird's",0.285658,+1.00,2881, color,1,-0.33952,2.27751,0.605286,color. The Canada Goose is a large
jtw_token,3983,"The Canada Goose is actually named after the country of Canada, not the bird's",-0.285658,-1.00,5579, actual,0,0.897068,-2.3754,-0.631302,actual home. The Canada Goose is a
jtw_token,3983,"The Canada Goose is actually named after the country of Canada, not the bird's",0.571315,+2.00,2881, color,1,-0.917534,4.45241,1.1833,color. The Canada Goose is a large
jtw_token,3983,"The Canada Goose is actually named after the country of Canada, not the bird's",-0.571315,-2.00,5579, actual,0,1.55261,-4.84202,-1.28685,actual home. The Canada Goose is a
jtw_token,336,Cryptocurrencies are digital or virtual tokens used as a medium of,0,+0.00,10036, exchange,0,5.61498,0,0,"exchange. They are decentralized, meaning they"
jtw_token,336,Cryptocurrencies are digital or virtual tokens used as a medium of,3.61546,+0.25,10036, exchange,0,3.76166,0.330068,1.85332,"exchange. They are decentralized, meaning they"
jtw_token,336,Cryptocurrencies are digital or virtual tokens used as a medium of,-3.61546,-0.25,10036, exchange,0,8.49694,-0.513262,-2.88196,"exchange. They are decentralized, meaning they"
jtw_token,336,Cryptocurrencies are digital or virtual tokens used as a medium of,7.23091,+0.50,10036, exchange,0,2.76333,0.507865,2.85165,"exchange. They are decentralized, meaning they"
jtw_token,336,Cryptocurrencies are digital or virtual tokens used as a medium of,-7.23091,-0.50,10036, exchange,0,10.5293,-0.875218,-4.91433,"exchange. They are decentralized, meaning they"
jtw_token,336,Cryptocurrencies are digital or virtual tokens used as a medium of,14.4618,+1.00,10036, exchange,0,1.21922,0.782863,4.39576,exchange. They are not issued by any
jtw_token,336,Cryptocurrencies are digital or virtual tokens used as a medium of,-14.4618,-1.00,10036, exchange,0,13.7604,-1.45065,-8.14538,exchange. They are not issued by any
jtw_token,336,Cryptocurrencies are digital or virtual tokens used as a medium of,28.9237,+2.00,7984, payment,1,-2.06541,1.36784,7.68039,payment. They are not issued by any
jtw_token,336,Cryptocurrencies are digital or virtual tokens used as a medium of,-28.9237,-2.00,10036, exchange,0,18.0948,-2.2226,-12.4798,exchange. They are not issued by any
jtw_legacy,336,Cryptocurrencies are digital or virtual tokens used as a medium of,0,+0.00,10036, exchange,0,5.61498,0,0,"exchange. They are decentralized, meaning they"
jtw_legacy,336,Cryptocurrencies are digital or virtual tokens used as a medium of,0.61653,+0.25,10036, exchange,0,5.62375,-0.00156189,-0.00876999,"exchange. They are decentralized, meaning they"
jtw_legacy,336,Cryptocurrencies are digital or virtual tokens used as a medium of,-0.61653,-0.25,10036, exchange,0,5.60542,0.00170371,0.00956631,"exchange. They are decentralized, meaning they"
jtw_legacy,336,Cryptocurrencies are digital or virtual tokens used as a medium of,1.23306,+0.50,10036, exchange,0,5.63168,-0.00297279,-0.0166922,"exchange. They are decentralized, meaning they"
jtw_legacy,336,Cryptocurrencies are digital or virtual tokens used as a medium of,-1.23306,-0.50,10036, exchange,0,5.59509,0.00354228,0.0198898,"exchange. They are decentralized, meaning they"
jtw_legacy,336,Cryptocurrencies are digital or virtual tokens used as a medium of,2.46612,+1.00,10036, exchange,0,5.64483,-0.00531478,-0.0298424,"exchange. They are decentralized, meaning they"
jtw_legacy,336,Cryptocurrencies are digital or virtual tokens used as a medium of,-2.46612,-1.00,10036, exchange,0,5.5724,0.00758356,0.0425816,"exchange. They are decentralized, meaning they"
jtw_legacy,336,Cryptocurrencies are digital or virtual tokens used as a medium of,4.93224,+2.00,10036, exchange,0,5.65919,-0.0078728,-0.0442057,"exchange. They are decentralized, meaning they"
jtw_legacy,336,Cryptocurrencies are digital or virtual tokens used as a medium of,-4.93224,-2.00,10036, exchange,0,5.52004,0.0169089,0.094943,exchange. They are not issued by any
jtw_token,2865,Champagne is not from,0,+0.00,6081, France,0,1.40178,0,0,France. It is from the Champagne region
jtw_token,2865,Champagne is not from,0.552979,+0.25,6081, France,0,0.6749,0.51854,0.726879,France. It is from the Champagne region
jtw_token,2865,Champagne is not from,-0.552979,-0.25,6081, France,0,2.13748,-0.524835,-0.735703,France. It is from the Champagne region
jtw_token,2865,Champagne is not from,1.10596,+0.50,77983, Champagne,1,-0.0325737,1.02324,1.43435,Champagne. It is from the region of
jtw_token,2865,Champagne is not from,-1.10596,-0.50,6081, France,0,2.87053,-1.04778,-1.46875,France. It is from the Champagne region
jtw_token,2865,Champagne is not from,2.21192,+1.00,77983, Champagne,1,-1.35663,1.96779,2.75841,Champagne. It is from the region of
jtw_token,2865,Champagne is not from,-2.21192,-1.00,6081, France,0,4.28866,-2.05944,-2.88688,France. It is from the Champagne region
jtw_token,2865,Champagne is not from,4.42383,+2.00,77983, Champagne,1,-3.52334,3.51348,4.92512,Champagne. It is from the region of
jtw_token,2865,Champagne is not from,-4.42383,-2.00,6081, France,0,6.81102,-3.85884,-5.40924,France. It is from the Champagne region
jtw_token,1118,Squares are rectangles but rectangles are not,0,+0.00,32670, squares,0,2.8939,0,0,squares.  A square is a rectangle
jtw_token,1118,Squares are rectangles but rectangles are not,1.42622,+0.25,32670, squares,0,0.899998,0.689002,1.9939,squares.  A square is a rectangle
jtw_token,1118,Squares are rectangles but rectangles are not,-1.42622,-0.25,32670, squares,0,4.68743,-0.61976,-1.79352,squares.  A square is a rectangle
jtw_token,1118,Squares are rectangles but rectangles are not,2.85244,+0.50,2593, always,1,-1.29473,1.4474,4.18864,always squares.  A square is a
jtw_token,1118,Squares are rectangles but rectangles are not,-2.85244,-0.50,32670, squares,0,6.35501,-1.196,-3.4611,squares.  A square is a rectangle
jtw_token,1118,Squares are rectangles but rectangles are not,5.70488,+1.00,2593, always,1,-5.52388,2.9088,8.41778,always squares.  A square is a
jtw_token,1118,Squares are rectangles but rectangles are not,-5.70488,-1.00,32670, squares,0,9.45006,-2.26551,-6.55616,squares.  A square is a rectangle
jtw_token,1118,Squares are rectangles but rectangles are not,11.4098,+2.00,2593, always,1,-10.7726,4.72251,13.6665,always squares.  A square is a
jtw_token,1118,Squares are rectangles but rectangles are not,-11.4098,-2.00,32670, squares,0,15.128,-4.22755,-12.2341,squares.  The answer is <strong>
jtw_token,3514,The oldest state university in the United States is Harvard,0,+0.00,2895, University,0,3.13738,0,0,University. It was founded in 1
jtw_token,3514,The oldest state university in the United States is Harvard,1.5579,+0.25,2895, University,0,0.879566,0.71965,2.25782,University. It was founded in 1
jtw_token,3514,The oldest state university in the United States is Harvard,-1.5579,-0.25,2895, University,0,5.0164,-0.598911,-1.87901,University. It was founded in 1
jtw_token,3514,The oldest state university in the United States is Harvard,3.11581,+0.50,235265,.,1,-1.76828,1.56362,4.90566,. It was founded in 16
jtw_token,3514,The oldest state university in the United States is Harvard,-3.11581,-0.50,2895, University,0,6.54024,-1.08462,-3.40285,University. It was founded in 1
jtw_token,3514,The oldest state university in the United States is Harvard,6.23161,+1.00,235265,.,1,-8.28153,3.63963,11.4189,. It was founded in 16
jtw_token,3514,The oldest state university in the United States is Harvard,-6.23161,-1.00,2895, University,0,8.68586,-1.7685,-5.54847,University. It was founded in 1
jtw_token,3514,The oldest state university in the United States is Harvard,12.4632,+2.00,235265,.,1,-27.2966,9.70043,30.434,. It was founded in 16
jtw_token,3514,The oldest state university in the United States is Harvard,-12.4632,-2.00,2895, University,0,9.81474,-2.12832,-6.67736,"University, which was founded in 1"
jtw_token,788,The molecular structure of water is,0,+0.00,4699, shown,0,0.0866966,0,0,shown below. Which of the following statements
jtw_token,788,The molecular structure of water is,0.0179786,+0.25,4699, shown,0,0.0344582,0.602543,0.0522385,shown below. Which of the following statements
jtw_token,788,The molecular structure of water is,-0.0179786,-0.25,4699, shown,0,0.138905,-0.602191,-0.0522079,shown below. Which of the following statements
jtw_token,788,The molecular structure of water is,0.0359572,+0.50,1963, best,1,-0.0178146,1.20548,0.104511,best described as:  1.
jtw_token,788,The molecular structure of water is,-0.0359572,-0.50,4699, shown,0,0.19109,-1.20412,-0.104393,shown below. Which of the following statements
jtw_token,788,The molecular structure of water is,0.0719143,+1.00,1963, best,1,-0.122406,2.41189,0.209103,best described as:  1.
jtw_token,788,The molecular structure of water is,-0.0719143,-1.00,4699, shown,0,0.295364,-2.40687,-0.208668,shown below. Which of the following statements
jtw_token,788,The molecular structure of water is,0.143829,+2.00,1963, best,1,-0.33181,4.82725,0.418507,best described as:  1.
jtw_token,788,The molecular structure of water is,-0.143829,-2.00,4699, shown,0,0.503536,-4.80803,-0.41684,shown below. Which of the following statements
jtw_token,3910,Salmon roe was tested as a substitute for tires on Soviet vehicles during the Cold,0,+0.00,4143, War,0,5.40962,0,0,War.  The Soviet Union was a
jtw_token,3910,Salmon roe was tested as a substitute for tires on Soviet vehicles during the Cold,2.1741,+0.25,4143, War,0,4.34726,0.196383,1.06236,War.  The Soviet Union was a
jtw_token,3910,Salmon roe was tested as a substitute for tires on Soviet vehicles during the Cold,-2.1741,-0.25,4143, War,0,6.96434,-0.2874,-1.55472,"War, according to a new book."
jtw_token,3910,Salmon roe was tested as a substitute for tires on Soviet vehicles during the Cold,4.3482,+0.50,4143, War,0,3.63458,0.328126,1.77504,War.  The Soviet Union was a
jtw_token,3910,Salmon roe was tested as a substitute for tires on Soviet vehicles during the Cold,-4.3482,-0.50,4143, War,0,8.01207,-0.481079,-2.60245,"War, according to a new book."
jtw_token,3910,Salmon roe was tested as a substitute for tires on Soviet vehicles during the Cold,8.6964,+1.00,4143, War,0,3.07333,0.431878,2.33629,War.  The Soviet Union was the
jtw_token,3910,Salmon roe was tested as a substitute for tires on Soviet vehicles during the Cold,-8.6964,-1.00,4143, War,0,9.6547,-0.784727,-4.24508,"War, according to a new book."
jtw_token,3910,Salmon roe was tested as a substitute for tires on Soviet vehicles during the Cold,17.3928,+2.00,4143, War,0,2.44172,0.548633,2.9679,War. The roe was used as a
jtw_token,3910,Salmon roe was tested as a substitute for tires on Soviet vehicles during the Cold,-17.3928,-2.00,4143, War,0,11.9456,-1.20821,-6.53594,"War, according to a new book."
jtw_token,490,Mythology from different cultures around the world often has,0,+0.00,476, a,0,7.57338,0,0,a common theme: the hero’s
jtw_token,490,Mythology from different cultures around the world often has,0.850673,+0.25,476, a,0,5.1123,0.324964,2.46107,a common theme: the hero’s
jtw_token,490,Mythology from different cultures around the world often has,-0.850673,-0.25,476, a,0,10.4663,-0.381984,-2.89291,a common theme: the hero’s
jtw_token,490,Mythology from different cultures around the world often has,1.70135,+0.50,476, a,0,3.50941,0.536612,4.06396,a lot in common. The stories of
jtw_token,490,Mythology from different cultures around the world often has,-1.70135,-0.50,476, a,0,12.9741,-0.713124,-5.40076,a common theme: the hero’s
jtw_token,490,Mythology from different cultures around the world often has,3.40269,+1.00,476, a,0,2.13711,0.717813,5.43627,a lot in common. The stories of
jtw_token,490,Mythology from different cultures around the world often has,-3.40269,-1.00,476, a,0,15.6084,-1.06096,-8.03503,a story about a hero who is able
jtw_token,490,Mythology from different cultures around the world often has,6.80539,+2.00,476, a,0,1.44808,0.808793,6.1253,a lot in common. The stories of
jtw_token,490,Mythology from different cultures around the world often has,-6.80539,-2.00,476, a,0,16.8299,-1.22225,-9.25653,a story about a hero who is able
jtw_token,1070,The eggs of the molly (Poecilia sphenops) are spherical in,0,+0.00,7479, shape,0,8.53939,0,0,shape and are 1.5 mm
jtw_token,1070,The eggs of the molly (Poecilia sphenops) are spherical in,4.41254,+0.25,7479, shape,0,3.64869,0.572723,4.8907,shape and are about 1.5
jtw_token,1070,The eggs of the molly (Poecilia sphenops) are spherical in,-4.41254,-0.25,7479, shape,0,11.8859,-0.391892,-3.34652,shape and have a diameter of 1
jtw_token,1070,The eggs of the molly (Poecilia sphenops) are spherical in,8.82508,+0.50,7479, shape,0,0.583899,0.931623,7.95549,"shape, and the yolk is surrounded by"
jtw_token,1070,The eggs of the molly (Poecilia sphenops) are spherical in,-8.82508,-0.50,7479, shape,0,13.7597,-0.611318,-5.22029,shape and have a diameter of 1
jtw_token,1070,The eggs of the molly (Poecilia sphenops) are spherical in,17.6502,+1.00,573, the,0,-1.79692,1.21043,10.3363,"the early stages of development, and the"
jtw_token,1070,The eggs of the molly (Poecilia sphenops) are spherical in,-17.6502,-1.00,7479, shape,0,15.8845,-0.86015,-7.34515,shape and have a diameter of 1
jtw_token,1070,The eggs of the molly (Poecilia sphenops) are spherical in,35.3003,+2.00,573, the,0,-3.27281,1.38326,11.8122,"the ovary, and become spherical or oval"
jtw_token,1070,The eggs of the molly (Poecilia sphenops) are spherical in,-35.3003,-2.00,7479, shape,0,17.9919,-1.10694,-9.45256,shape and have a diameter of 1
jtw_legacy,1070,The eggs of the molly (Poecilia sphenops) are spherical in,0,+0.00,7479, shape,0,8.53939,0,0,shape and are 1.5 mm
jtw_legacy,1070,The eggs of the molly (Poecilia sphenops) are spherical in,1.01076,+0.25,7479, shape,0,8.49479,0.00522302,0.0446014,shape and are 1.5 mm
jtw_legacy,1070,The eggs of the molly (Poecilia sphenops) are spherical in,-1.01076,-0.25,7479, shape,0,8.58855,-0.0057564,-0.0491562,shape and are 1.5 mm
jtw_legacy,1070,The eggs of the molly (Poecilia sphenops) are spherical in,2.02152,+0.50,7479, shape,0,8.45455,0.009935,0.0848389,shape and are 1.5 mm
jtw_legacy,1070,The eggs of the molly (Poecilia sphenops) are spherical in,-2.02152,-0.50,7479, shape,0,8.64242,-0.0120654,-0.103031,shape and have a diameter of 1
jtw_legacy,1070,The eggs of the molly (Poecilia sphenops) are spherical in,4.04304,+1.00,7479, shape,0,8.38611,0.0179498,0.15328,shape and are 1.5 mm
jtw_legacy,1070,The eggs of the molly (Poecilia sphenops) are spherical in,-4.04304,-1.00,7479, shape,0,8.76458,-0.0263702,-0.225185,shape and have a diameter of 1
jtw_legacy,1070,The eggs of the molly (Poecilia sphenops) are spherical in,8.08607,+2.00,7479, shape,0,8.28802,0.0294371,0.251375,shape and are 1.5 mm
jtw_legacy,1070,The eggs of the molly (Poecilia sphenops) are spherical in,-8.08607,-2.00,7479, shape,0,9.06432,-0.0614719,-0.524933,shape and have a diameter of 1
jtw_token,4074,Goliath beetles can weigh as much as an adult human's,0,+0.00,1634, hand,0,0.0276375,0,0,hand.  The Goliath beetle is the
jtw_token,4074,Goliath beetles can weigh as much as an adult human's,0.0108892,+0.25,1634, hand,0,0.0130062,0.5294,0.0146313,hand.  The Goliath beetle is the
jtw_token,4074,Goliath beetles can weigh as much as an adult human's,-0.0108892,-0.25,1634, hand,0,0.0422783,-0.529745,-0.0146408,hand.  The Goliath beetle is the
jtw_token,4074,Goliath beetles can weigh as much as an adult human's,0.0217783,+0.50,7762, arm,1,-0.0016098,1.05825,0.0292473,arm.  The Goliath beetle is the
jtw_token,4074,Goliath beetles can weigh as much as an adult human's,-0.0217783,-0.50,1634, hand,0,0.0569267,-1.05977,-0.0292892,hand.  The Goliath beetle is the
jtw_token,4074,Goliath beetles can weigh as much as an adult human's,0.0435566,+1.00,7762, arm,1,-0.0308266,2.11539,0.0584641,arm.  The Goliath beetle is the
jtw_token,4074,Goliath beetles can weigh as much as an adult human's,-0.0435566,-1.00,1634, hand,0,0.0862465,-2.12063,-0.058609,hand.  The Goliath beetle is the
jtw_token,4074,Goliath beetles can weigh as much as an adult human's,0.0871133,+2.00,7762, arm,1,-0.0891495,4.22567,0.116787,arm.  The Goliath beetle is the
jtw_token,4074,Goliath beetles can weigh as much as an adult human's,-0.0871133,-2.00,1634, hand,0,0.144999,-4.24645,-0.117361,hand.  The Goliath beetle is the
jtw_legacy,4074,Goliath beetles can weigh as much as an adult human's,0,+0.00,1634, hand,0,0.0276375,0,0,hand.  The Goliath beetle is the
jtw_legacy,4074,Goliath beetles can weigh as much as an adult human's,0.00326502,+0.25,1634, hand,0,0.0277672,-0.00469289,-0.0001297,hand.  The Goliath beetle is the
jtw_legacy,4074,Goliath beetles can weigh as much as an adult human's,-0.00326502,-0.25,1634, hand,0,0.0275116,0.00455487,0.000125885,hand.  The Goliath beetle is the
jtw_legacy,4074,Goliath beetles can weigh as much as an adult human's,0.00653005,+0.50,1634, hand,0,0.0278969,-0.00938578,-0.000259399,hand.  The Goliath beetle is the
jtw_legacy,4074,Goliath beetles can weigh as much as an adult human's,-0.00653005,-0.50,1634, hand,0,0.02738,0.00931677,0.000257492,hand.  The Goliath beetle is the
jtw_legacy,4074,Goliath beetles can weigh as much as an adult human's,0.0130601,+1.00,1634, hand,0,0.0281448,-0.0183575,-0.000507355,hand.  The Goliath beetle is the
jtw_legacy,4074,Goliath beetles can weigh as much as an adult human's,-0.0130601,-1.00,1634, hand,0,0.0271225,0.0186335,0.000514984,hand.  The Goliath beetle is the
jtw_legacy,4074,Goliath beetles can weigh as much as an adult human's,0.0261202,+2.00,1634, hand,0,0.0286598,-0.036991,-0.00102234,hand.  The Goliath beetle is the
jtw_legacy,4074,Goliath beetles can weigh as much as an adult human's,-0.0261202,-2.00,1634, hand,0,0.026619,0.036853,0.00101852,hand.  The Goliath beetle is the
jtw_token,2096,The United States owes more money to China than any other,0,+0.00,3170, country,0,5.68659,0,0,country in the world.  The U
jtw_token,2096,The United States owes more money to China than any other,3.81284,+0.25,3170, country,0,3.54605,0.37642,2.14054,country in the world.  The U
jtw_token,2096,The United States owes more money to China than any other,-3.81284,-0.25,3170, country,0,8.07743,-0.420434,-2.39083,country in the world.  The United
jtw_token,2096,The United States owes more money to China than any other,7.62568,+0.50,3170, country,0,1.70956,0.699371,3.97704,country in the world.  The U
jtw_token,2096,The United States owes more money to China than any other,-7.62568,-0.50,3170, country,0,10.536,-0.852782,-4.84942,country in the world. The US owes
jtw_token,2096,The United States owes more money to China than any other,15.2514,+1.00,7165, nation,1,-1.0999,1.19342,6.78649,"nation in history, and the debt is"
jtw_token,2096,The United States owes more money to China than any other,-15.2514,-1.00,3170, country,0,14.6831,-1.58205,-8.99647,country in the world. The US owes
jtw_token,2096,The United States owes more money to China than any other,30.5027,+2.00,7165, nation,1,-4.15603,1.73085,9.84262,"nation in history, and the gap is"
jtw_token,2096,The United States owes more money to China than any other,-30.5027,-2.00,3170, country,0,19.2918,-2.3925,-13.6052,country in the world. The United States
jtw_token,846,A jiffy is an actual unit of time for both electrical and mechanical,0,+0.00,9841, purposes,0,2.25634,0,0,purposes. It is equal to 1
jtw_token,846,A jiffy is an actual unit of time for both electrical and mechanical,0.881242,+0.25,9841, purposes,0,0.953323,0.577492,1.30302,purposes. It is equal to 1
jtw_token,846,A jiffy is an actual unit of time for both electrical and mechanical,-0.881242,-0.25,9841, purposes,0,3.43307,-0.521518,-1.17672,purposes. It is equal to one-
jtw_token,846,A jiffy is an actual unit of time for both electrical and mechanical,1.76248,+0.50,8557, applications,1,-0.547878,1.24282,2.80422,applications. It is defined as 1
jtw_token,846,A jiffy is an actual unit of time for both electrical and mechanical,-1.76248,-0.50,9841, purposes,0,4.53319,-1.00909,-2.27685,purposes. It is equal to one-
jtw_token,846,A jiffy is an actual unit of time for both electrical and mechanical,3.52497,+1.00,8557, applications,1,-4.2696,2.89226,6.52594,applications. It is defined as 1
jtw_token,846,A jiffy is an actual unit of time for both electrical and mechanical,-3.52497,-1.00,9841, purposes,0,6.5612,-1.90789,-4.30486,purposes. It is equal to one-
jtw_token,846,A jiffy is an actual unit of time for both electrical and mechanical,7.04994,+2.00,8557, applications,1,-6.60268,3.92627,8.85902,applications. It is defined as 1
jtw_token,846,A jiffy is an actual unit of time for both electrical and mechanical,-7.04994,-2.00,9841, purposes,0,10.1066,-3.47919,-7.85024,purposes. It is equal to one-
jtw_legacy,846,A jiffy is an actual unit of time for both electrical and mechanical,0,+0.00,9841, purposes,0,2.25634,0,0,purposes. It is equal to 1
jtw_legacy,846,A jiffy is an actual unit of time for both electrical and mechanical,0.259616,+0.25,9841, purposes,0,2.23015,0.011608,0.0261917,purposes. It is equal to one-
jtw_legacy,846,A jiffy is an actual unit of time for both electrical and mechanical,-0.259616,-0.25,9841, purposes,0,2.28139,-0.0110991,-0.0250435,purposes. It is equal to 1
jtw_legacy,846,A jiffy is an actual unit of time for both electrical and mechanical,0.519232,+0.50,9841, purposes,0,2.20276,0.0237469,0.0535812,purposes. It is equal to one-
jtw_legacy,846,A jiffy is an actual unit of time for both electrical and mechanical,-0.519232,-0.50,9841, purposes,0,2.30543,-0.0217553,-0.0490875,purposes. It is equal to 1
jtw_legacy,846,A jiffy is an actual unit of time for both electrical and mechanical,1.03846,+1.00,9841, purposes,0,2.14378,0.0498861,0.11256,purposes. It is equal to one-
jtw_legacy,846,A jiffy is an actual unit of time for both electrical and mechanical,-1.03846,-1.00,9841, purposes,0,2.35091,-0.0419113,-0.0945663,purposes. It is equal to 1
jtw_legacy,846,A jiffy is an actual unit of time for both electrical and mechanical,2.07693,+2.00,9841, purposes,0,2.00519,0.111311,0.251156,purposes. It is equal to one-
jtw_legacy,846,A jiffy is an actual unit of time for both electrical and mechanical,-2.07693,-2.00,9841, purposes,0,2.43372,-0.0786103,-0.177372,purposes. It is equal to 1
jtw_token,3507,One out of ten people live on an,0,+0.00,10534, island,0,1.52363,0,0,island.  The world is full of
jtw_token,3507,One out of ten people live on an,0.33519,+0.25,10534, island,0,0.63147,0.585549,0.892159,island.  The world is full of
jtw_token,3507,One out of ten people live on an,-0.33519,-0.25,10534, island,0,2.42153,-0.589319,-0.897903,island.  The world is full of
jtw_token,3507,One out of ten people live on an,0.67038,+0.50,5316, average,1,-0.245441,1.16109,1.76907,average of 1000 calories
jtw_token,3507,One out of ten people live on an,-0.67038,-0.50,10534, island,0,3.31553,-1.17608,-1.7919,island.  The world is full of
jtw_token,3507,One out of ten people live on an,1.34076,+1.00,5316, average,1,-1.92046,2.26045,3.44409,average of 1000 calories
jtw_token,3507,One out of ten people live on an,-1.34076,-1.00,10534, island,0,5.05657,-2.31877,-3.53294,island.  The world is full of
jtw_token,3507,One out of ten people live on an,2.68152,+2.00,5316, average,1,-4.82852,4.16909,6.35215,average of 1.90 dollars
jtw_token,3507,One out of ten people live on an,-2.68152,-2.00,10534, island,0,8.17516,-4.36559,-6.65154,island.  The world is full of
jtw_token,1204,Shaving vanilla beans for homemade whipped cream can be a bit tricky at,0,+0.00,1370, first,0,7.64731,0,0,"first, but it’s not hard"
jtw_token,1204,Shaving vanilla beans for homemade whipped cream can be a bit tricky at,1.22645,+0.25,1370, first,0,2.96001,0.612934,4.68729,"first, but it’s not hard"
jtw_token,1204,Shaving vanilla beans for homemade whipped cream can be a bit tricky at,-1.22645,-0.25,1370, first,0,11.4803,-0.501216,-3.83295,"first, but it’s not hard"
jtw_token,1204,Shaving vanilla beans for homemade whipped cream can be a bit tricky at,2.4529,+0.50,3023, times,1,-1.93716,1.25331,9.58447,times.  The vanilla beans are very
jtw_token,1204,Shaving vanilla beans for homemade whipped cream can be a bit tricky at,-2.4529,-0.50,1370, first,0,14.3571,-0.877405,-6.70979,"first, but it’s not hard"
jtw_token,1204,Shaving vanilla beans for homemade whipped cream can be a bit tricky at,4.90581,+1.00,3023, times,1,-9.74992,2.27495,17.3972,times.  I’ve tried using
jtw_token,1204,Shaving vanilla beans for homemade whipped cream can be a bit tricky at,-4.90581,-1.00,1370, first,0,18.1549,-1.37403,-10.5076,"first, but it’s a fun"
jtw_token,1204,Shaving vanilla beans for homemade whipped cream can be a bit tricky at,9.81162,+2.00,3023, times,1,-17.3168,3.26444,24.9642,times. The beans are very fragile and
jtw_token,1204,Shaving vanilla beans for homemade whipped cream can be a bit tricky at,-9.81162,-2.00,1370, first,0,22.1432,-1.89555,-14.4959,"first, but it’s a fun"
jtw_legacy,1204,Shaving vanilla beans for homemade whipped cream can be a bit tricky at,0,+0.00,1370, first,0,7.64731,0,0,"first, but it’s not hard"
jtw_legacy,1204,Shaving vanilla beans for homemade whipped cream can be a bit tricky at,0.846071,+0.25,1370, first,0,7.77966,-0.0173069,-0.132351,"first, but it’s not hard"
jtw_legacy,1204,Shaving vanilla beans for homemade whipped cream can be a bit tricky at,-0.846071,-0.25,1370, first,0,7.50393,0.0187495,0.143383,"first, but it’s not hard"
jtw_legacy,1204,Shaving vanilla beans for homemade whipped cream can be a bit tricky at,1.69214,+0.50,1370, first,0,7.90092,-0.0331636,-0.253613,"first, but it’s not hard"
jtw_legacy,1204,Shaving vanilla beans for homemade whipped cream can be a bit tricky at,-1.69214,-0.50,1370, first,0,7.34969,0.0389176,0.297615,"first, but it’s not hard"
jtw_legacy,1204,Shaving vanilla beans for homemade whipped cream can be a bit tricky at,3.38428,+1.00,1370, first,0,8.10977,-0.060474,-0.462463,"first, but it’s a great"
jtw_legacy,1204,Shaving vanilla beans for homemade whipped cream can be a bit tricky at,-3.38428,-1.00,1370, first,0,7.00967,0.0833812,0.637642,"first, but it’s not hard"
jtw_legacy,1204,Shaving vanilla beans for homemade whipped cream can be a bit tricky at,6.76857,+2.00,1370, first,0,8.39531,-0.0978118,-0.747997,"first, but it’s a great"
jtw_legacy,1204,Shaving vanilla beans for homemade whipped cream can be a bit tricky at,-6.76857,-2.00,1370, first,0,6.21292,0.187568,1.43439,"first, but it’s not hard"
jtw_token,3268,"In Oklahoma, there is a place called the world's largest McDonald's play",0,+0.00,2040, place,0,0.433756,0,0,place. It is located in the city
jtw_token,3268,"In Oklahoma, there is a place called the world's largest McDonald's play",0.317021,+0.25,2040, place,0,0.181391,0.581814,0.252365,place. It is located in the city
jtw_token,3268,"In Oklahoma, there is a place called the world's largest McDonald's play",-0.317021,-0.25,2040, place,0,0.688519,-0.587341,-0.254763,place. It is located in the city
jtw_token,3268,"In Oklahoma, there is a place called the world's largest McDonald's play",0.634042,+0.50,1445,land,1,-0.0685368,1.15801,0.502293,land. It is located in the city
jtw_token,3268,"In Oklahoma, there is a place called the world's largest McDonald's play",-0.634042,-0.50,2040, place,0,0.945629,-1.1801,-0.511873,place. It is located in the city
jtw_token,3268,"In Oklahoma, there is a place called the world's largest McDonald's play",1.26808,+1.00,1445,land,1,-0.560959,2.29326,0.994715,land. It is located in the city
jtw_token,3268,"In Oklahoma, there is a place called the world's largest McDonald's play",-1.26808,-1.00,2040, place,0,1.46667,-2.38134,-1.03292,place. It is located in the city
jtw_token,3268,"In Oklahoma, there is a place called the world's largest McDonald's play",2.53617,+2.00,1445,land,1,-1.51552,4.49396,1.94928,land. It is located in the city
jtw_token,3268,"In Oklahoma, there is a place called the world's largest McDonald's play",-2.53617,-2.00,2040, place,0,2.534,-4.84201,-2.10025,place. It is located in the city
jtw_legacy,3268,"In Oklahoma, there is a place called the world's largest McDonald's play",0,+0.00,2040, place,0,0.433756,0,0,place. It is located in the city
jtw_legacy,3268,"In Oklahoma, there is a place called the world's largest McDonald's play",0.0464214,+0.25,2040, place,0,0.430607,0.00725992,0.00314903,place. It is located in the city
jtw_legacy,3268,"In Oklahoma, there is a place called the world's largest McDonald's play",-0.0464214,-0.25,2040, place,0,0.436903,-0.00725552,-0.00314713,place. It is located in the city
jtw_legacy,3268,"In Oklahoma, there is a place called the world's largest McDonald's play",0.0928427,+0.50,2040, place,0,0.42746,0.0145154,0.00629616,place. It is located in the city
jtw_legacy,3268,"In Oklahoma, there is a place called the world's largest McDonald's play",-0.0928427,-0.50,2040, place,0,0.440063,-0.0145418,-0.0063076,place. It is located in the city
jtw_legacy,3268,"In Oklahoma, there is a place called the world's largest McDonald's play",0.185685,+1.00,2040, place,0,0.421167,0.0290221,0.0125885,place. It is located in the city
jtw_legacy,3268,"In Oklahoma, there is a place called the world's largest McDonald's play",-0.185685,-1.00,2040, place,0,0.446377,-0.0290968,-0.0126209,place. It's a 1
jtw_legacy,3268,"In Oklahoma, there is a place called the world's largest McDonald's play",0.371371,+2.00,2040, place,0,0.4086,0.0579958,0.025156,place. It is located in the city
jtw_legacy,3268,"In Oklahoma, there is a place called the world's largest McDonald's play",-0.371371,-2.00,2040, place,0,0.459021,-0.0582465,-0.0252647,place. It's a 1
jtw_token,2280,Sixteen percent of Americans believe chocolate milk comes from brown,0,+0.00,35768, cows,0,5.4701,0,0,"cows, according to a new survey."
jtw_token,2280,Sixteen percent of Americans believe chocolate milk comes from brown,1.62584,+0.25,35768, cows,0,3.69887,0.323803,1.77124,"cows, according to a new survey."
jtw_token,2280,Sixteen percent of Americans believe chocolate milk comes from brown,-1.62584,-0.25,35768, cows,0,7.29778,-0.334122,-1.82768,"cows, according to a new survey."
jtw_token,2280,Sixteen percent of Americans believe chocolate milk comes from brown,3.25167,+0.50,35768, cows,0,2.24146,0.590235,3.22865,"cows, according to a new survey."
jtw_token,2280,Sixteen percent of Americans believe chocolate milk comes from brown,-3.25167,-0.50,35768, cows,0,8.90979,-0.628816,-3.43969,"cows, according to a new survey."
jtw_token,2280,Sixteen percent of Americans believe chocolate milk comes from brown,6.50334,+1.00,2003, water,0,0.332238,0.939263,5.13787,"water, according to a new survey."
jtw_token,2280,Sixteen percent of Americans believe chocolate milk comes from brown,-6.50334,-1.00,35768, cows,0,11.0845,-1.02637,-5.61438,"cows, according to a new survey."
jtw_token,2280,Sixteen percent of Americans believe chocolate milk comes from brown,13.0067,+2.00,2003, water,0,-1.54967,1.2833,7.01978,"water, according to a new survey."
jtw_token,2280,Sixteen percent of Americans believe chocolate milk comes from brown,-13.0067,-2.00,35768, cows,0,12.8752,-1.35374,-7.4051,"cows, according to a new survey."
jtw_token,4128,"Pineapples are not berries, butberries are a type of",0,+0.00,9471, fruit,0,4.58832,0,0,fruit. The pineapple is a tropical fruit
jtw_token,4128,"Pineapples are not berries, butberries are a type of",1.45786,+0.25,9471, fruit,0,2.56196,0.441635,2.02636,fruit. The pineapple is a tropical fruit
jtw_token,4128,"Pineapples are not berries, butberries are a type of",-1.45786,-0.25,9471, fruit,0,6.74111,-0.469189,-2.15279,fruit. The pineapple is a tropical fruit
jtw_token,4128,"Pineapples are not berries, butberries are a type of",2.91573,+0.50,9471, fruit,0,0.8116,0.823116,3.77672,fruit. The pineapple is a tropical fruit
jtw_token,4128,"Pineapples are not berries, butberries are a type of",-2.91573,-0.50,9471, fruit,0,8.7636,-0.90998,-4.17528,fruit. Pineapples are a type of
jtw_token,4128,"Pineapples are not berries, butberries are a type of",5.83145,+1.00,59755, berry,1,-1.8103,1.39455,6.39862,"berry. The pineapple is a berry,"
jtw_token,4128,"Pineapples are not berries, butberries are a type of",-5.83145,-1.00,9471, fruit,0,11.7945,-1.57054,-7.20614,fruit. Pineapples are a type of
jtw_token,4128,"Pineapples are not berries, butberries are a type of",11.6629,+2.00,59755, berry,1,-4.74574,2.03431,9.33406,"berry. The pineapple is a berry,"
jtw_token,4128,"Pineapples are not berries, butberries are a type of",-11.6629,-2.00,9471, fruit,0,15.2578,-2.32535,-10.6694,fruit that is found in many different plants
jtw_legacy,4128,"Pineapples are not berries, butberries are a type of",0,+0.00,9471, fruit,0,4.58832,0,0,fruit. The pineapple is a tropical fruit
jtw_legacy,4128,"Pineapples are not berries, butberries are a type of",0.619358,+0.25,9471, fruit,0,4.62259,-0.00746841,-0.0342674,fruit. The pineapple is a tropical fruit
jtw_legacy,4128,"Pineapples are not berries, butberries are a type of",-0.619358,-0.25,9471, fruit,0,4.5523,0.00785085,0.0360222,fruit. The pineapple is a tropical fruit
jtw_legacy,4128,"Pineapples are not berries, butberries are a type of",1.23872,+0.50,9471, fruit,0,4.65497,-0.0145274,-0.0666561,fruit. The pineapple is a tropical fruit
jtw_legacy,4128,"Pineapples are not berries, butberries are a type of",-1.23872,-0.50,9471, fruit,0,4.51466,0.0160538,0.0736599,fruit. The pineapple is a tropical fruit
jtw_legacy,4128,"Pineapples are not berries, butberries are a type of",2.47743,+1.00,9471, fruit,0,4.71375,-0.027337,-0.125431,fruit. The pineapple is a tropical fruit
jtw_legacy,4128,"Pineapples are not berries, butberries are a type of",-2.47743,-1.00,9471, fruit,0,4.43523,0.0333646,0.153088,fruit. The pineapple is a tropical fruit
jtw_legacy,4128,"Pineapples are not berries, butberries are a type of",4.95487,+2.00,9471, fruit,0,4.80565,-0.047367,-0.217335,fruit. The pineapple is a tropical fruit
jtw_legacy,4128,"Pineapples are not berries, butberries are a type of",-4.95487,-2.00,9471, fruit,0,4.26581,0.0702893,0.32251,fruit.  Pineapples are a type
jtw_token,4120,Quicksand can be found all over the,0,+0.00,2134, world,0,10.7822,0,0,"world, but it is most common in"
jtw_token,4120,Quicksand can be found all over the,2.35998,+0.25,2134, world,0,4.25219,0.605629,6.53003,"world, but it is most common in"
jtw_token,4120,Quicksand can be found all over the,-2.35998,-0.25,2134, world,0,16.1141,-0.494508,-5.3319,"world, but it is most common in"
jtw_token,4120,Quicksand can be found all over the,4.71996,+0.50,2040, place,1,-2.49042,1.23097,13.2726,place in the world. It is a
jtw_token,4120,Quicksand can be found all over the,-4.71996,-0.50,2134, world,0,20.1115,-0.865241,-9.32923,"world, but it is most common in"
jtw_token,4120,Quicksand can be found all over the,9.43991,+1.00,2040, place,1,-13.062,2.21144,23.8442,place in the game. It's
jtw_token,4120,Quicksand can be found all over the,-9.43991,-1.00,2134, world,0,25.1448,-1.33206,-14.3625,"world, but it is most common in"
jtw_token,4120,Quicksand can be found all over the,18.8798,+2.00,2040, place,1,-21.4432,2.98875,32.2254,place in the game. It's
jtw_token,4120,Quicksand can be found all over the,-18.8798,-2.00,2134, world,0,29.7553,-1.75966,-18.9731,"world, but it is most common in"
jtw_legacy,4120,Quicksand can be found all over the,0,+0.00,2134, world,0,10.7822,0,0,"world, but it is most common in"
jtw_legacy,4120,Quicksand can be found all over the,1.20701,+0.25,2134, world,0,11.3191,-0.049791,-0.536858,"world, but it is most common in"
jtw_legacy,4120,Quicksand can be found all over the,-1.20701,-0.25,2134, world,0,10.2351,0.0507469,0.547165,"world, but it is most common in"
jtw_legacy,4120,Quicksand can be found all over the,2.41402,+0.50,2134, world,0,11.8446,-0.0985262,-1.06233,"world, but it is most common in"
jtw_legacy,4120,Quicksand can be found all over the,-2.41402,-0.50,2134, world,0,9.67885,0.102333,1.10338,"world, but it is most common in"
jtw_legacy,4120,Quicksand can be found all over the,4.82804,+1.00,2134, world,0,12.8581,-0.192532,-2.07592,"world, but it is most common in"
jtw_legacy,4120,Quicksand can be found all over the,-4.82804,-1.00,2134, world,0,8.54555,0.207441,2.23668,"world, but it is most common in"
jtw_legacy,4120,Quicksand can be found all over the,9.65608,+2.00,2134, world,0,14.7243,-0.365607,-3.94205,"world, but it is most common in"
jtw_legacy,4120,Quicksand can be found all over the,-9.65608,-2.00,2134, world,0,6.24764,0.420561,4.53458,"world, but it is most common in"
jtw_token,2896,A man once tried to sue Burger King after burning himself with,0,+0.00,476, a,0,7.42916,0,0,"a hot coffee.  The man,"
jtw_token,2896,A man once tried to sue Burger King after burning himself with,1.73141,+0.25,476, a,0,3.65314,0.508271,3.77602,"a hot coffee.  The man,"
jtw_token,2896,A man once tried to sue Burger King after burning himself with,-1.73141,-0.25,476, a,0,12.7064,-0.710344,-5.27726,"a hot burger.  The man,"
jtw_token,2896,A man once tried to sue Burger King after burning himself with,3.46283,+0.50,476, a,0,1.19676,0.83891,6.2324,"a hot coffee.  The man,"
jtw_token,2896,A man once tried to sue Burger King after burning himself with,-3.46283,-0.50,476, a,0,18.8135,-1.53238,-11.3843,"a Whopper.  The man,"
jtw_token,2896,A man once tried to sue Burger King after burning himself with,6.92566,+1.00,5342, hot,1,-1.44369,1.19433,8.87285,"hot coffee.  The man, who"
jtw_token,2896,A man once tried to sue Burger King after burning himself with,-6.92566,-1.00,476, a,0,28.9912,-2.90235,-21.562,"a Whopper.  The man,"
jtw_token,2896,A man once tried to sue Burger King after burning himself with,13.8513,+2.00,5342, hot,1,-3.56332,1.47964,10.9925,"hot coffee.  The man, who"
jtw_token,2896,A man once tried to sue Burger King after burning himself with,-13.8513,-2.00,476, a,0,37.8497,-4.09475,-30.4206,"a Whopper.  The man,"
jtw_token,3194,Anything below a surface temperature of absolute zero is infinitely,0,+0.00,7033, cold,0,3.97683,0,0,cold.  The temperature of absolute zero
jtw_token,3194,Anything below a surface temperature of absolute zero is infinitely,1.35421,+0.25,7033, cold,0,2.34129,0.411267,1.63554,cold.  The temperature of absolute zero
jtw_token,3194,Anything below a surface temperature of absolute zero is infinitely,-1.35421,-0.25,7033, cold,0,5.58253,-0.403763,-1.6057,cold.  The temperature of absolute zero
jtw_token,3194,Anything below a surface temperature of absolute zero is infinitely,2.70841,+0.50,7033, cold,0,0.736742,0.814741,3.24009,cold.  The temperature of absolute zero
jtw_token,3194,Anything below a surface temperature of absolute zero is infinitely,-2.70841,-0.50,7033, cold,0,7.10199,-0.785843,-3.12516,cold.  The temperature of absolute zero
jtw_token,3194,Anything below a surface temperature of absolute zero is infinitely,5.41683,+1.00,85639, colder,1,-2.17875,1.54786,6.15557,colder than anything above it.  The
jtw_token,3194,Anything below a surface temperature of absolute zero is infinitely,-5.41683,-1.00,7033, cold,0,9.73688,-1.4484,-5.76005,cold.  The temperature of absolute zero
jtw_token,3194,Anything below a surface temperature of absolute zero is infinitely,10.8337,+2.00,85639, colder,1,-6.18141,2.55436,10.1582,colder than anything above it.  The
jtw_token,3194,Anything below a surface temperature of absolute zero is infinitely,-10.8337,-2.00,7033, cold,0,13.309,-2.34664,-9.33219,cold.  The temperature of absolute zero
jtw_legacy,3194,Anything below a surface temperature of absolute zero is infinitely,0,+0.00,7033, cold,0,3.97683,0,0,cold.  The temperature of absolute zero
jtw_legacy,3194,Anything below a surface temperature of absolute zero is infinitely,0.606708,+0.25,7033, cold,0,3.95328,0.00592133,0.0235481,cold.  The temperature of absolute zero
jtw_legacy,3194,Anything below a surface temperature of absolute zero is infinitely,-0.606708,-0.25,7033, cold,0,3.99996,-0.0058163,-0.0231304,cold.  The temperature of absolute zero
jtw_legacy,3194,Anything below a surface temperature of absolute zero is infinitely,1.21342,+0.50,7033, cold,0,3.92938,0.0119324,0.0474529,cold.  The temperature of absolute zero
jtw_legacy,3194,Anything below a surface temperature of absolute zero is infinitely,-1.21342,-0.50,7033, cold,0,4.02258,-0.011505,-0.0457535,cold.  The temperature of absolute zero
jtw_legacy,3194,Anything below a surface temperature of absolute zero is infinitely,2.42683,+1.00,7033, cold,0,3.88081,0.0241448,0.0960197,cold.  The temperature of absolute zero
jtw_legacy,3194,Anything below a surface temperature of absolute zero is infinitely,-2.42683,-1.00,7033, cold,0,4.06607,-0.0224393,-0.0892372,cold.  The temperature of absolute zero
jtw_legacy,3194,Anything below a surface temperature of absolute zero is infinitely,4.85367,+2.00,7033, cold,0,3.78292,0.0487596,0.193909,cold.  The temperature of absolute zero
jtw_legacy,3194,Anything below a surface temperature of absolute zero is infinitely,-4.85367,-2.00,7033, cold,0,4.14433,-0.0421193,-0.167501,cold.  The temperature of absolute zero
jtw_token,3416,Ants often hitch rides on the backs of larger insects to get,0,+0.00,577, to,0,6.5711,0,0,to their next destination.  But a
jtw_token,3416,Ants often hitch rides on the backs of larger insects to get,1.29704,+0.25,577, to,0,4.09263,0.377177,2.47847,to their next destination.  But a
jtw_token,3416,Ants often hitch rides on the backs of larger insects to get,-1.29704,-0.25,577, to,0,9.6163,-0.463424,-3.0452,to their next destination.  But a
jtw_token,3416,Ants often hitch rides on the backs of larger insects to get,2.59408,+0.50,577, to,0,2.11306,0.678431,4.45804,to their next destination.  But a
jtw_token,3416,Ants often hitch rides on the backs of larger insects to get,-2.59408,-0.50,577, to,0,13.1688,-1.00406,-6.59775,to their next destination.  But a
jtw_token,3416,Ants often hitch rides on the backs of larger insects to get,5.18817,+1.00,2449, around,0,-0.762314,1.11601,7.33341,around. But what happens when the insect
jtw_token,3416,Ants often hitch rides on the backs of larger insects to get,-5.18817,-1.00,577, to,0,20.5513,-2.12753,-13.9802,to their next meal.  But a
jtw_token,3416,Ants often hitch rides on the backs of larger insects to get,10.3763,+2.00,2449, around,0,-4.10868,1.62526,10.6798,around. But what happens when the insect
jtw_token,3416,Ants often hitch rides on the backs of larger insects to get,-10.3763,-2.00,577, to,0,27.716,-3.21786,-21.1449,to a new food source.  The
jtw_legacy,3416,Ants often hitch rides on the backs of larger insects to get,0,+0.00,577, to,0,6.5711,0,0,to their next destination.  But a
jtw_legacy,3416,Ants often hitch rides on the backs of larger insects to get,0.979597,+0.25,577, to,0,6.49616,0.0114039,0.0749359,to their next destination.  But a
jtw_legacy,3416,Ants often hitch rides on the backs of larger insects to get,-0.979597,-0.25,577, to,0,6.64478,-0.0112123,-0.0736771,to their next destination.  But a
jtw_legacy,3416,Ants often hitch rides on the backs of larger insects to get,1.95919,+0.50,577, to,0,6.41925,0.0231084,0.151848,to their next destination.  The ants
jtw_legacy,3416,Ants often hitch rides on the backs of larger insects to get,-1.95919,-0.50,577, to,0,6.71791,-0.0223427,-0.146816,to their next destination.  But a
jtw_legacy,3416,Ants often hitch rides on the backs of larger insects to get,3.91839,+1.00,577, to,0,6.25641,0.04789,0.31469,to their next destination.  The ants
jtw_legacy,3416,Ants often hitch rides on the backs of larger insects to get,-3.91839,-1.00,577, to,0,6.86493,-0.0447162,-0.293835,to their next destination.  But a
jtw_legacy,3416,Ants often hitch rides on the backs of larger insects to get,7.83677,+2.00,577, to,0,5.87283,0.106264,0.698269,to their next destination. The ants are
jtw_legacy,3416,Ants often hitch rides on the backs of larger insects to get,-7.83677,-2.00,577, to,0,7.1759,-0.092039,-0.604797,to their next destination.  But a
jtw_token,1637,Red is the color of,0,+0.00,573, the,0,0.342087,0,0,the year for 2018
jtw_token,1637,Red is the color of,0.0976009,+0.25,573, the,0,0.119015,0.652092,0.223072,the year for 2018
jtw_token,1637,Red is the color of,-0.0976009,-0.25,573, the,0,0.568584,-0.662106,-0.226498,the year for 2018
jtw_token,1637,Red is the color of,0.195202,+0.50,11828, passion,1,-0.100658,1.29425,0.442745,"passion, love, and energy. It"
jtw_token,1637,Red is the color of,-0.195202,-0.50,573, the,0,0.798485,-1.33416,-0.456398,the year for 2018
jtw_token,1637,Red is the color of,0.390403,+1.00,11828, passion,1,-0.529938,2.54913,0.872025,"passion, love, and energy. It"
jtw_token,1637,Red is the color of,-0.390403,-1.00,573, the,0,1.26867,-2.70862,-0.926582,the year for 2018
jtw_token,1637,Red is the color of,0.780807,+2.00,11828, passion,1,-1.34891,4.94318,1.691,"passion, love, and energy. It"
jtw_token,1637,Red is the color of,-0.780807,-2.00,573, the,0,2.25083,-5.5797,-1.90874,the year for 2018
jtw_legacy,1637,Red is the color of,0,+0.00,573, the,0,0.342087,0,0,the year for 2018
jtw_legacy,1637,Red is the color of,0.0325716,+0.25,573, the,0,0.332539,0.0279116,0.00954819,the year for 2018
jtw_legacy,1637,Red is the color of,-0.0325716,-0.25,573, the,0,0.35165,-0.0279562,-0.00956345,the year for 2018
jtw_legacy,1637,Red is the color of,0.0651432,+0.50,573, the,0,0.323009,0.0557674,0.0190773,the year for 2018
jtw_legacy,1637,Red is the color of,-0.0651432,-0.50,573, the,0,0.361214,-0.0559124,-0.0191269,the year for 2018
jtw_legacy,1637,Red is the color of,0.130286,+1.00,573, the,0,0.303986,0.111379,0.0381012,the year for 2018
jtw_legacy,1637,Red is the color of,-0.130286,-1.00,573, the,0,0.38039,-0.11197,-0.0383034,the year for 2018
jtw_legacy,1637,Red is the color of,0.260573,+2.00,573, the,0,0.266064,0.222233,0.0760231,the year for 2018
jtw_legacy,1637,Red is the color of,-0.260573,-2.00,573, the,0,0.41888,-0.224486,-0.0767937,the year for 2018
jtw_token,1093,Trolls are said to live under,0,+0.00,573, the,0,0.251408,0,0,the bridge. They are said to be
jtw_token,1093,Trolls are said to live under,0.058581,+0.25,573, the,0,0.0665169,0.735422,0.184891,the bridge. They are said to be
jtw_token,1093,Trolls are said to live under,-0.058581,-0.25,573, the,0,0.438892,-0.74574,-0.187485,the bridge. They are said to be
jtw_token,1093,Trolls are said to live under,0.117162,+0.50,37376, bridges,1,-0.115665,1.46007,0.367073,"bridges, but they are also said to"
jtw_token,1093,Trolls are said to live under,-0.117162,-0.50,573, the,0,0.628922,-1.5016,-0.377514,the bridge. They are said to be
jtw_token,1093,Trolls are said to live under,0.234324,+1.00,37376, bridges,1,-0.471825,2.87673,0.723232,"bridges, but they are also said to"
jtw_token,1093,Trolls are said to live under,-0.234324,-1.00,573, the,0,1.01639,-3.0428,-0.764984,the bridge. They are said to be
jtw_token,1093,Trolls are said to live under,0.468648,+2.00,37376, bridges,1,-1.14992,5.57393,1.40133,"bridges, but they are also said to"
jtw_token,1093,Trolls are said to live under,-0.468648,-2.00,573, the,0,1.81853,-6.23341,-1.56713,the bridge. They are said to be
jtw_token,2678,Most people dream in,0,+0.00,2881, color,0,0.364391,0,0,"color, but some people dream in black"
jtw_token,2678,Most people dream in,0.164392,+0.25,2881, color,0,0.164314,0.549072,0.200077,"color, but some people dream in black"
jtw_token,2678,Most people dream in,-0.164392,-0.25,2881, color,0,0.563927,-0.547585,-0.199535,"color, but some people dream in black"
jtw_token,2678,Most people dream in,0.328784,+0.50,2656, black,1,-0.0362892,1.09959,0.400681,black and white. But not me.
jtw_token,2678,Most people dream in,-0.328784,-0.50,2881, color,0,0.762833,-1.09344,-0.398441,"color, but some people dream in black"
jtw_token,2678,Most people dream in,0.657567,+1.00,2656, black,1,-0.438759,2.20409,0.80315,black and white. But not me.
jtw_token,2678,Most people dream in,-0.657567,-1.00,2881, color,0,1.15857,-2.17948,-0.794182,"color, but some people dream in black"
jtw_token,2678,Most people dream in,1.31513,+2.00,2656, black,1,-1.2471,4.42241,1.61149,black and white. But not me.
jtw_token,2678,Most people dream in,-1.31513,-2.00,2881, color,0,1.9402,-4.32451,-1.57581,"color, but some people dream in black"
jtw_token,1826,The body contains enough iron to make a medium-sized,0,+0.00,37309, magnet,0,1.23332,0,0,magnet. What does this tell us about
jtw_token,1826,The body contains enough iron to make a medium-sized,0.418184,+0.25,37309, magnet,0,0.563236,0.543319,0.670088,magnet. The iron is needed to carry
jtw_token,1826,The body contains enough iron to make a medium-sized,-0.418184,-0.25,37309, magnet,0,1.93319,-0.567466,-0.699869,magnet. What does this tell us about
jtw_token,1826,The body contains enough iron to make a medium-sized,0.836368,+0.50,23393, nail,1,-0.0723896,1.05869,1.30571,nail.  The body contains enough iron
jtw_token,1826,The body contains enough iron to make a medium-sized,-0.836368,-0.50,37309, magnet,0,2.65641,-1.15386,-1.42308,magnet. What does this tell us about
jtw_token,1826,The body contains enough iron to make a medium-sized,1.67274,+1.00,23393, nail,1,-1.23033,1.99757,2.46365,nail.  The body contains enough iron
jtw_token,1826,The body contains enough iron to make a medium-sized,-1.67274,-1.00,37309, magnet,0,4.14099,-2.35758,-2.90766,magnet. What is the magnetic strength of
jtw_token,1826,The body contains enough iron to make a medium-sized,3.34547,+2.00,23393, nail,1,-3.10627,3.51862,4.3396,nail.  The body contains enough iron
jtw_token,1826,The body contains enough iron to make a medium-sized,-3.34547,-2.00,37309, magnet,0,7.02152,-4.69317,-5.7882,"magnet. In fact, the body is"
jtw_legacy,1826,The body contains enough iron to make a medium-sized,0,+0.00,37309, magnet,0,1.23332,0,0,magnet. What does this tell us about
jtw_legacy,1826,The body contains enough iron to make a medium-sized,0.138736,+0.25,37309, magnet,0,1.24337,-0.00814702,-0.0100479,magnet. What does this tell us about
jtw_legacy,1826,The body contains enough iron to make a medium-sized,-0.138736,-0.25,37309, magnet,0,1.22311,0.00827847,0.01021,magnet. What does this tell us about
jtw_legacy,1826,The body contains enough iron to make a medium-sized,0.277473,+0.50,37309, magnet,0,1.25329,-0.0161889,-0.0199661,magnet. What does this tell us about
jtw_legacy,1826,The body contains enough iron to make a medium-sized,-0.277473,-0.50,37309, magnet,0,1.21277,0.0166683,0.0205574,magnet. What does this tell us about
jtw_legacy,1826,The body contains enough iron to make a medium-sized,0.554945,+1.00,37309, magnet,0,1.27264,-0.0318782,-0.0393162,magnet. What does this tell us about
jtw_legacy,1826,The body contains enough iron to make a medium-sized,-0.554945,-1.00,37309, magnet,0,1.19167,0.0337742,0.0416546,magnet. What does this tell us about
jtw_legacy,1826,The body contains enough iron to make a medium-sized,1.10989,+2.00,37309, magnet,0,1.30944,-0.0617166,-0.0761166,magnet. What is the magnetic strength of
jtw_legacy,1826,The body contains enough iron to make a medium-sized,-1.10989,-2.00,37309, magnet,0,1.14791,0.0692589,0.0854187,magnet. The iron is stored in the
jtw_token,2188,One in three New York City cabbies is likely to be part of an immigrant,0,+0.00,27899, taxi,0,0.184322,0,0,"taxi cartel, according to a new report"
jtw_token,2188,One in three New York City cabbies is likely to be part of an immigrant,0.0717968,+0.25,27899, taxi,0,0.10309,0.440707,0.0812321,"taxi cartel, according to a new report"
jtw_token,2188,One in three New York City cabbies is likely to be part of an immigrant,-0.0717968,-0.25,27899, taxi,0,0.265612,-0.441017,-0.0812893,"taxi cartel, according to a new report"
jtw_token,2188,One in three New York City cabbies is likely to be part of an immigrant,0.143594,+0.50,27899, taxi,0,0.0220299,0.880482,0.162292,"taxi cartel, according to a new report"
jtw_token,2188,One in three New York City cabbies is likely to be part of an immigrant,-0.143594,-0.50,27899, taxi,0,0.346863,-0.881827,-0.16254,"taxi cartel, according to a new report"
jtw_token,2188,One in three New York City cabbies is likely to be part of an immigrant,0.287187,+1.00,6232, cab,1,-0.13916,1.75498,0.323483,cab driver ring that has been operating for
jtw_token,2188,One in three New York City cabbies is likely to be part of an immigrant,-0.287187,-1.00,27899, taxi,0,0.50886,-1.7607,-0.324537,"taxi cartel, according to a new report"
jtw_token,2188,One in three New York City cabbies is likely to be part of an immigrant,0.574374,+2.00,4159, community,0,-0.454674,3.46673,0.638996,"community, according to a new study."
jtw_token,2188,One in three New York City cabbies is likely to be part of an immigrant,-0.574374,-2.00,125521, smuggling,0,0.828579,-3.49527,-0.644257,"smuggling ring, according to a new report"
jtw_token,3691,Pneumonia is the leading cause of death in children,0,+0.00,1362, under,0,7.20248,0,0,under five years of age. It is
jtw_token,3691,Pneumonia is the leading cause of death in children,2.41284,+0.25,1362, under,0,3.26975,0.546025,3.93274,under five years of age in the world
jtw_token,3691,Pneumonia is the leading cause of death in children,-2.41284,-0.25,1362, under,0,10.3768,-0.440727,-3.17433,under five years of age. It is
jtw_token,3691,Pneumonia is the leading cause of death in children,4.82568,+0.50,575, in,1,-1.22848,1.17056,8.43097,in the United States. The Centers for
jtw_token,3691,Pneumonia is the leading cause of death in children,-4.82568,-0.50,1362, under,0,12.8442,-0.783305,-5.64174,under five years of age. It is
jtw_token,3691,Pneumonia is the leading cause of death in children,9.65135,+1.00,575, in,1,-9.99438,2.38763,17.1969,in the United States. The incidence of
jtw_token,3691,Pneumonia is the leading cause of death in children,-9.65135,-1.00,1362, under,0,16.0691,-1.23106,-8.86666,under five years of age. It is
jtw_token,3691,Pneumonia is the leading cause of death in children,19.3027,+2.00,575, in,1,-20.8104,3.88933,28.0129,in the United States. The incidence of
jtw_token,3691,Pneumonia is the leading cause of death in children,-19.3027,-2.00,1362, under,0,18.925,-1.62756,-11.7225,under five years of age. It is
jtw_token,3583,All human babies are born with blue,0,+0.00,4628, eyes,0,4.98062,0,0,eyes. This is because the pigment melanin
jtw_token,3583,All human babies are born with blue,1.77646,+0.25,4628, eyes,0,1.6092,0.676908,3.37142,eyes. This is because the pigment melanin
jtw_token,3583,All human babies are born with blue,-1.77646,-0.25,4628, eyes,0,8.05915,-0.618102,-3.07853,eyes. This is because the pigment melanin
jtw_token,3583,All human babies are born with blue,3.55292,+0.50,689, or,1,-1.35938,1.27293,6.34,or purple skin. This is because the
jtw_token,3583,All human babies are born with blue,-3.55292,-0.50,4628, eyes,0,10.0801,-1.02386,-5.09947,eyes. This is because the pigment melanin
jtw_token,3583,All human babies are born with blue,7.10584,+1.00,689, or,1,-6.04286,2.21327,11.0235,or purple skin. This is because the
jtw_token,3583,All human babies are born with blue,-7.10584,-1.00,4628, eyes,0,11.6686,-1.3428,-6.688,"eyes. But as they grow up,"
jtw_token,3583,All human babies are born with blue,14.2117,+2.00,689, or,1,-12.301,3.46977,17.2816,or purple skin. This is because the
jtw_token,3583,All human babies are born with blue,-14.2117,-2.00,4628, eyes,0,11.4797,-1.30488,-6.49912,eyes.  The blue eyes are covered
jtw_token,835,The production of alcohol is a multi-step,0,+0.00,2185, process,0,10.0966,0,0,process. The first step is the conversion
jtw_token,835,The production of alcohol is a multi-step,2.36215,+0.25,2185, process,0,5.54391,0.450915,4.55272,process. The first step is the conversion
jtw_token,835,The production of alcohol is a multi-step,-2.36215,-0.25,2185, process,0,16.7638,-0.660333,-6.66713,process that begins with the fermentation of sugars
jtw_token,835,The production of alcohol is a multi-step,4.7243,+0.50,2185, process,0,2.93372,0.709436,7.16291,process. The first step is the conversion
jtw_token,835,The production of alcohol is a multi-step,-4.7243,-0.50,2185, process,0,22.9332,-1.27137,-12.8366,process that begins with the fermentation of sugars
jtw_token,835,The production of alcohol is a multi-step,9.44861,+1.00,2185, process,0,0.485085,0.951956,9.61154,process. The first step is the hydration
jtw_token,835,The production of alcohol is a multi-step,-9.44861,-1.00,2185, process,0,29.3891,-1.91079,-19.2925,process that begins with the harvesting of the
jtw_token,835,The production of alcohol is a multi-step,18.8972,+2.00,9541, reaction,1,-1.02879,1.10189,11.1254,reaction.  $\mathrm{CH}_
jtw_token,835,The production of alcohol is a multi-step,-18.8972,-2.00,2185, process,0,33.1,-2.27832,-23.0034,process that begins with the harvesting of the
jtw_token,2166,Walking in front of a moving bus is much more dangerous than walking behind,0,+0.00,665, it,0,21.1582,0,0,it. Why?  A 1
jtw_token,2166,Walking in front of a moving bus is much more dangerous than walking behind,1.85072,+0.25,665, it,0,8.10692,0.616844,13.0513,it. Why?  A 1
jtw_token,2166,Walking in front of a moving bus is much more dangerous than walking behind,-1.85072,-0.25,665, it,0,28.2816,-0.336669,-7.12332,"it, according to a new study."
jtw_token,2166,Walking in front of a moving bus is much more dangerous than walking behind,3.70144,+0.50,573, the,1,-9.09847,1.43002,30.2567,the bus. Why?  A
jtw_token,2166,Walking in front of a moving bus is much more dangerous than walking behind,-3.70144,-0.50,665, it,0,32.4359,-0.533013,-11.2776,"it, according to a new study."
jtw_token,2166,Walking in front of a moving bus is much more dangerous than walking behind,7.40288,+1.00,573, the,1,-21.126,1.99848,42.2843,the bus. Why?  A
jtw_token,2166,Walking in front of a moving bus is much more dangerous than walking behind,-7.40288,-1.00,665, it,0,36.9864,-0.748083,-15.8281,"it, according to a new study."
jtw_token,2166,Walking in front of a moving bus is much more dangerous than walking behind,14.8058,+2.00,573, the,1,-13.3556,1.63122,34.5138,the bus. Why?  A
jtw_token,2166,Walking in front of a moving bus is much more dangerous than walking behind,-14.8058,-2.00,665, it,0,40.1742,-0.898751,-19.016,"it, according to a new study."
jtw_token,2442,"If the narrator gets amnesia, the book will be much",0,+0.00,978, more,0,2.69408,0,0,more interesting.  I'm not
jtw_token,2442,"If the narrator gets amnesia, the book will be much",0.785738,+0.25,978, more,0,1.52869,0.432573,1.16539,more interesting.  I'm not
jtw_token,2442,"If the narrator gets amnesia, the book will be much",-0.785738,-0.25,978, more,0,3.82946,-0.421434,-1.13538,more interesting.  I'm not
jtw_token,2442,"If the narrator gets amnesia, the book will be much",1.57148,+0.50,978, more,0,0.363285,0.865154,2.3308,more interesting.  I'm not
jtw_token,2442,"If the narrator gets amnesia, the book will be much",-1.57148,-0.50,978, more,0,4.91434,-0.824127,-2.22026,more interesting.  I'm not
jtw_token,2442,"If the narrator gets amnesia, the book will be much",3.14295,+1.00,2644, less,1,-1.81609,1.6741,4.51017,less interesting.  The narrator is the
jtw_token,2442,"If the narrator gets amnesia, the book will be much",-3.14295,-1.00,978, more,0,6.89267,-1.55845,-4.19859,more interesting.  I'm not
jtw_token,2442,"If the narrator gets amnesia, the book will be much",6.2859,+2.00,2644, less,1,-4.87281,2.80871,7.56689,less interesting.  The narrator is the
jtw_token,2442,"If the narrator gets amnesia, the book will be much",-6.2859,-2.00,978, more,0,10.0871,-2.74415,-7.39297,more interesting.  I'm not
jtw_legacy,2442,"If the narrator gets amnesia, the book will be much",0,+0.00,978, more,0,2.69408,0,0,more interesting.  I'm not
jtw_legacy,2442,"If the narrator gets amnesia, the book will be much",0.393287,+0.25,978, more,0,2.64039,0.0199296,0.0536919,more interesting.  I'm not
jtw_legacy,2442,"If the narrator gets amnesia, the book will be much",-0.393287,-0.25,978, more,0,2.74743,-0.0198021,-0.0533485,more interesting.  I'm not
jtw_legacy,2442,"If the narrator gets amnesia, the book will be much",0.786573,+0.50,978, more,0,2.58637,0.0399795,0.107708,more interesting.  I'm not
jtw_legacy,2442,"If the narrator gets amnesia, the book will be much",-0.786573,-0.50,978, more,0,2.80039,-0.0394613,-0.106312,more interesting.  I'm not
jtw_legacy,2442,"If the narrator gets amnesia, the book will be much",1.57315,+1.00,978, more,0,2.47754,0.0803767,0.216541,more interesting.  I'm not
jtw_legacy,2442,"If the narrator gets amnesia, the book will be much",-1.57315,-1.00,978, more,0,2.90509,-0.078325,-0.211014,more interesting.  I'm not
jtw_legacy,2442,"If the narrator gets amnesia, the book will be much",3.14629,+2.00,978, more,0,2.25768,0.161984,0.436398,more interesting.  I'm not
jtw_legacy,2442,"If the narrator gets amnesia, the book will be much",-3.14629,-2.00,978, more,0,3.10904,-0.154025,-0.414955,more interesting.  I'm not
jtw_token,2704,The lengths of day and night typically vary by less than an hour around the,0,+0.00,2134, world,0,5.9412,0,0,world. Why is the length of time
jtw_token,2704,The lengths of day and night typically vary by less than an hour around the,0.961701,+0.25,2134, world,0,2.1383,0.640089,3.8029,"world. However, in the tropics,"
jtw_token,2704,The lengths of day and night typically vary by less than an hour around the,-0.961701,-0.25,2134, world,0,10.2774,-0.72985,-4.33618,world. Explain why.  A
jtw_token,2704,The lengths of day and night typically vary by less than an hour around the,1.9234,+0.50,113065, equator,1,-0.605141,1.10185,6.54634,"equator. However, the length of day"
jtw_token,2704,The lengths of day and night typically vary by less than an hour around the,-1.9234,-0.50,2134, world,0,14.9694,-1.51959,-9.02817,world. Explain why.  A
jtw_token,2704,The lengths of day and night typically vary by less than an hour around the,3.84681,+1.00,113065, equator,1,-4.00453,1.67403,9.94573,"equator. However, the length of day"
jtw_token,2704,The lengths of day and night typically vary by less than an hour around the,-3.84681,-1.00,2134, world,0,22.3648,-2.76435,-16.4236,"world each year. Yet, the length"
jtw_token,2704,The lengths of day and night typically vary by less than an hour around the,7.69361,+2.00,113065, equator,1,-7.62655,2.28367,13.5678,"equator. However, the length of day"
jtw_token,2704,The lengths of day and night typically vary by less than an hour around the,-7.69361,-2.00,2134, world,0,30.215,-4.08567,-24.2738,world each year. Explain why.
jtw_legacy,2704,The lengths of day and night typically vary by less than an hour around the,0,+0.00,2134, world,0,5.9412,0,0,world. Why is the length of time
jtw_legacy,2704,The lengths of day and night typically vary by less than an hour around the,0.529295,+0.25,2134, world,0,6.04093,-0.0167867,-0.0997334,"world. However, the length of day"
jtw_legacy,2704,The lengths of day and night typically vary by less than an hour around the,-0.529295,-0.25,2134, world,0,5.84089,0.0168834,0.100307,world. Why is the length of time
jtw_legacy,2704,The lengths of day and night typically vary by less than an hour around the,1.05859,+0.50,2134, world,0,6.1395,-0.0333764,-0.198296,"world. However, the length of day"
jtw_legacy,2704,The lengths of day and night typically vary by less than an hour around the,-1.05859,-0.50,2134, world,0,5.74051,0.0337789,0.200687,world. Why is the length of time
jtw_legacy,2704,The lengths of day and night typically vary by less than an hour around the,2.11718,+1.00,2134, world,0,6.33143,-0.0656824,-0.390232,"world. However, the length of day"
jtw_legacy,2704,The lengths of day and night typically vary by less than an hour around the,-2.11718,-1.00,2134, world,0,5.54228,0.067144,0.398916,world. Why is the length of time
jtw_legacy,2704,The lengths of day and night typically vary by less than an hour around the,4.23436,+2.00,2134, world,0,6.68834,-0.125757,-0.747145,"world. However, the length of day"
jtw_legacy,2704,The lengths of day and night typically vary by less than an hour around the,-4.23436,-2.00,2134, world,0,5.1745,0.129047,0.766697,world. Why is the length of time
jtw_token,3892,Butterflies sometimes mistake windshields for leaves and get,0,+0.00,17530, stuck,0,4.9722,0,0,stuck.  The windshield is a very
jtw_token,3892,Butterflies sometimes mistake windshields for leaves and get,1.94307,+0.25,17530, stuck,0,2.37021,0.523308,2.60199,stuck. If a butterfly with a mass
jtw_token,3892,Butterflies sometimes mistake windshields for leaves and get,-1.94307,-0.25,17530, stuck,0,6.91168,-0.390065,-1.93948,stuck.  The windshield is a very
jtw_token,3892,Butterflies sometimes mistake windshields for leaves and get,3.88614,+0.50,41445, trapped,1,-2.38614,1.4799,7.35833,trapped. If you see a butterfly on
jtw_token,3892,Butterflies sometimes mistake windshields for leaves and get,-3.88614,-0.50,17530, stuck,0,8.55655,-0.72088,-3.58436,stuck.  The windshield is a very
jtw_token,3892,Butterflies sometimes mistake windshields for leaves and get,7.77227,+1.00,41445, trapped,1,-5.95324,2.19731,10.9254,trapped. If you see a butterfly on
jtw_token,3892,Butterflies sometimes mistake windshields for leaves and get,-7.77227,-1.00,17530, stuck,0,11.1615,-1.24478,-6.18929,stuck.  The windshield is a very
jtw_token,3892,Butterflies sometimes mistake windshields for leaves and get,15.5445,+2.00,41445, trapped,1,-7.39868,2.48801,12.3709,trapped. If you see a butterfly on
jtw_token,3892,Butterflies sometimes mistake windshields for leaves and get,-15.5445,-2.00,17530, stuck,0,14.5646,-1.92922,-9.59244,stuck.  The butterfly is a beautiful
jtw_token,3150,"If All Lives Matter mattered, then white lives would matter MORE, not",0,+0.00,2644, less,0,9.65919,0,0,less.  If All Lives Mattered
jtw_token,3150,"If All Lives Matter mattered, then white lives would matter MORE, not",2.1678,+0.25,2644, less,0,6.46364,0.33083,3.19555,less.  If All Lives Mattered
jtw_token,3150,"If All Lives Matter mattered, then white lives would matter MORE, not",-2.1678,-0.25,2644, less,0,13.0881,-0.354992,-3.42893,less.  If All Lives Mattered
jtw_token,3150,"If All Lives Matter mattered, then white lives would matter MORE, not",4.33561,+0.50,2644, less,0,4.01947,0.583871,5.63972,less.  If All Lives Mattered
jtw_token,3150,"If All Lives Matter mattered, then white lives would matter MORE, not",-4.33561,-0.50,2656, black,0,13.468,-0.394318,-3.8088,black lives.  If All Lives Matter
jtw_token,3150,"If All Lives Matter mattered, then white lives would matter MORE, not",8.67121,+1.00,2644, less,0,0.711494,0.92634,8.94769,less.  If All Lives Mattered
jtw_token,3150,"If All Lives Matter mattered, then white lives would matter MORE, not",-8.67121,-1.00,2656, black,0,12.5999,-0.304448,-2.94072,black lives.  If All Lives Matter
jtw_token,3150,"If All Lives Matter mattered, then white lives would matter MORE, not",17.3424,+2.00,64831, LESS,1,-2.47171,1.25589,12.1309,LESS.  If All Lives Mattered
jtw_token,3150,"If All Lives Matter mattered, then white lives would matter MORE, not",-17.3424,-2.00,2656, black,0,12.6088,-0.305372,-2.94965,black lives.  I'm not
jtw_token,3084,Streams in Virginia's Blue Ridge Mountains flow west even though the land slopes,0,+0.00,9110, east,0,1.62891,0,0,east. Why?  A. the
jtw_token,3084,Streams in Virginia's Blue Ridge Mountains flow west even though the land slopes,0.959182,+0.25,9110, east,0,0.583862,0.641562,1.04505,east. Why?  A. the
jtw_token,3084,Streams in Virginia's Blue Ridge Mountains flow west even though the land slopes,-0.959182,-0.25,9110, east,0,2.65418,-0.629425,-1.02528,east. Why?  A. the
jtw_token,3084,Streams in Virginia's Blue Ridge Mountains flow west even though the land slopes,1.91836,+0.50,575, in,1,-0.472916,1.29033,2.10182,in the opposite direction. Why?
jtw_token,3084,Streams in Virginia's Blue Ridge Mountains flow west even though the land slopes,-1.91836,-0.50,9110, east,0,3.65101,-1.24138,-2.0221,east. Why?  A. the
jtw_token,3084,Streams in Virginia's Blue Ridge Mountains flow west even though the land slopes,3.83673,+1.00,575, in,1,-2.58127,2.58466,4.21018,in the opposite direction. Why?
jtw_token,3084,Streams in Virginia's Blue Ridge Mountains flow west even though the land slopes,-3.83673,-1.00,9110, east,0,5.5253,-2.39203,-3.8964,east. Why?  A. the
jtw_token,3084,Streams in Virginia's Blue Ridge Mountains flow west even though the land slopes,7.67346,+2.00,30620, upward,0,-6.28062,4.85572,7.90952,upward. Why does the stream flow in
jtw_token,3084,Streams in Virginia's Blue Ridge Mountains flow west even though the land slopes,-7.67346,-2.00,9110, east,0,8.66217,-4.31778,-7.03326,east. The reason is that the mountains
jtw_legacy,3084,Streams in Virginia's Blue Ridge Mountains flow west even though the land slopes,0,+0.00,9110, east,0,1.62891,0,0,east. Why?  A. the
jtw_legacy,3084,Streams in Virginia's Blue Ridge Mountains flow west even though the land slopes,0.160145,+0.25,9110, east,0,1.62276,0.00377393,0.00614738,east. Why?  A. the
jtw_legacy,3084,Streams in Virginia's Blue Ridge Mountains flow west even though the land slopes,-0.160145,-0.25,9110, east,0,1.63577,-0.00421537,-0.00686646,east. Why?  A. the
jtw_legacy,3084,Streams in Virginia's Blue Ridge Mountains flow west even though the land slopes,0.320289,+0.50,9110, east,0,1.61733,0.00710524,0.0115738,east. Why?  A. the
jtw_legacy,3084,Streams in Virginia's Blue Ridge Mountains flow west even though the land slopes,-0.320289,-0.50,9110, east,0,1.64336,-0.00887336,-0.0144539,east. Why?  A. the
jtw_legacy,3084,Streams in Virginia's Blue Ridge Mountains flow west even though the land slopes,0.640579,+1.00,9110, east,0,1.6089,0.0122831,0.0200081,east. Why?  A. the
jtw_legacy,3084,Streams in Virginia's Blue Ridge Mountains flow west even though the land slopes,-0.640579,-1.00,9110, east,0,1.66049,-0.0193872,-0.03158,east. Why?  A. the
jtw_legacy,3084,Streams in Virginia's Blue Ridge Mountains flow west even though the land slopes,1.28116,+2.00,9110, east,0,1.60204,0.0164938,0.0268669,east. Why?  A. the
jtw_legacy,3084,Streams in Virginia's Blue Ridge Mountains flow west even though the land slopes,-1.28116,-2.00,9110, east,0,1.70182,-0.0447602,-0.0729103,east. Why?  A. the
jtw_token,3117,Human hairs are virtually,0,+0.00,20745, identical,0,0.860216,0,0,"identical to each other, but they are"
jtw_token,3117,Human hairs are virtually,0.282081,+0.25,20745, identical,0,0.409014,0.524522,0.451202,"identical to each other, but they are"
jtw_token,3117,Human hairs are virtually,-0.282081,-0.25,20745, identical,0,1.31483,-0.528489,-0.454615,"identical to each other, but they are"
jtw_token,3117,Human hairs are virtually,0.564162,+0.50,11623, impossible,1,-0.0378571,1.04401,0.898073,"impossible to grow back. But, if"
jtw_token,3117,Human hairs are virtually,-0.564162,-0.50,20745, identical,0,1.77186,-1.05978,-0.911642,"identical to each other, but they are"
jtw_token,3117,Human hairs are virtually,1.12832,+1.00,11623, impossible,1,-0.915009,2.0637,1.77522,impossible to remove from the body. They
jtw_token,3117,Human hairs are virtually,-1.12832,-1.00,20745, identical,0,2.6892,-2.12619,-1.82898,"identical to each other, but they are"
jtw_token,3117,Human hairs are virtually,2.25665,+2.00,11623, impossible,1,-2.58121,4.00065,3.44142,impossible to remove from the body. They
jtw_token,3117,Human hairs are virtually,-2.25665,-2.00,20745, identical,0,4.50847,-4.24109,-3.64825,"identical to each other, but they are"
jtw_legacy,3117,Human hairs are virtually,0,+0.00,20745, identical,0,0.860216,0,0,"identical to each other, but they are"
jtw_legacy,3117,Human hairs are virtually,0.102182,+0.25,20745, identical,0,0.867769,-0.00878047,-0.0075531,"identical to each other, but they are"
jtw_legacy,3117,Human hairs are virtually,-0.102182,-0.25,20745, identical,0,0.852705,0.00873169,0.00751114,"identical to each other, but they are"
jtw_legacy,3117,Human hairs are virtually,0.204364,+0.50,20745, identical,0,0.875359,-0.0176031,-0.0151424,"identical to each other, but they are"
jtw_legacy,3117,Human hairs are virtually,-0.204364,-0.50,20745, identical,0,0.845236,0.0174146,0.0149803,"identical to each other, but they are"
jtw_legacy,3117,Human hairs are virtually,0.408727,+1.00,20745, identical,0,0.89065,-0.0353791,-0.0304337,"identical to each other, but they are"
jtw_legacy,3117,Human hairs are virtually,-0.408727,-1.00,20745, identical,0,0.8304,0.0346607,0.0298157,"identical to each other, but they are"
jtw_legacy,3117,Human hairs are virtually,0.817455,+2.00,20745, identical,0,0.921696,-0.0714699,-0.0614796,"identical to each other, but they are"
jtw_legacy,3117,Human hairs are virtually,-0.817455,-2.00,20745, identical,0,0.801199,0.0686074,0.0590172,"identical to each other, but they are"
jtw_token,1738,Electrical outlets in the United States are different than in most other,0,+0.00,5605, countries,0,6.36709,0,0,countries. The voltage is 12
jtw_token,1738,Electrical outlets in the United States are different than in most other,4.35971,+0.25,5605, countries,0,2.95329,0.536163,3.41379,countries. The United States uses 1
jtw_token,1738,Electrical outlets in the United States are different than in most other,-4.35971,-0.25,5605, countries,0,9.51378,-0.494212,-3.14669,countries. The voltage is 12
jtw_token,1738,Electrical outlets in the United States are different than in most other,8.71943,+0.50,4942, parts,1,-0.29022,1.04558,6.65731,parts of the world. In the United
jtw_token,1738,Electrical outlets in the United States are different than in most other,-8.71943,-0.50,5605, countries,0,12.2921,-0.930565,-5.92499,countries. The outlets in the United States
jtw_token,1738,Electrical outlets in the United States are different than in most other,17.4389,+1.00,4942, parts,1,-2.51153,1.39446,8.87862,parts of the world. In the United
jtw_token,1738,Electrical outlets in the United States are different than in most other,-17.4389,-1.00,5605, countries,0,16.823,-1.64218,-10.4559,countries. The outlets are 11
jtw_token,1738,Electrical outlets in the United States are different than in most other,34.8777,+2.00,4942, parts,1,-4.71672,1.7408,11.0838,parts of the world. In the United
jtw_token,1738,Electrical outlets in the United States are different than in most other,-34.8777,-2.00,5605, countries,0,22.9687,-2.60741,-16.6016,countries. The outlets are usually 1
jtw_token,3266,"In the US, tipping servers is not",0,+0.00,476, a,0,0.223763,0,0,"a requirement, but it is expected."
jtw_token,3266,"In the US, tipping servers is not",0.106463,+0.25,476, a,0,0.0716858,0.679634,0.152077,"a requirement, but it is expected."
jtw_token,3266,"In the US, tipping servers is not",-0.106463,-0.25,476, a,0,0.378368,-0.690937,-0.154606,"a requirement, but it is expected."
jtw_token,3266,"In the US, tipping servers is not",0.212926,+0.50,31305, mandatory,1,-0.0778084,1.34773,0.301571,"mandatory, but it is expected. In"
jtw_token,3266,"In the US, tipping servers is not",-0.212926,-0.50,476, a,0,0.535458,-1.39297,-0.311695,"a requirement, but it is expected."
jtw_token,3266,"In the US, tipping servers is not",0.425851,+1.00,31305, mandatory,1,-0.368919,2.64871,0.592682,"mandatory, but it is expected. In"
jtw_token,3266,"In the US, tipping servers is not",-0.425851,-1.00,476, a,0,0.856869,-2.82937,-0.633106,"a requirement, but it is expected."
jtw_token,3266,"In the US, tipping servers is not",0.851703,+2.00,31305, mandatory,1,-0.918858,5.1064,1.14262,"mandatory, but it is expected. In"
jtw_token,3266,"In the US, tipping servers is not",-0.851703,-2.00,476, a,0,1.5266,-5.82243,-1.30284,"a requirement, but it is a common"
jtw_token,3844,The brain of an insect is more complex than a human,0,+0.00,9494, brain,0,6.24204,0,0,brain. The brain of an insect is
jtw_token,3844,The brain of an insect is more complex than a human,2.26448,+0.25,9494, brain,0,1.779,0.714998,4.46305,brain. The brain of an insect is
jtw_token,3844,The brain of an insect is more complex than a human,-2.26448,-0.25,9494, brain,0,9.86216,-0.579957,-3.62012,brain. The brain of an insect is
jtw_token,3844,The brain of an insect is more complex than a human,4.52897,+0.50,235349,’,1,-2.96352,1.47477,9.20556,"’s, and it is also more"
jtw_token,3844,The brain of an insect is more complex than a human,-4.52897,-0.50,9494, brain,0,12.5893,-1.01686,-6.34726,brain. The brain of an insect is
jtw_token,3844,The brain of an insect is more complex than a human,9.05793,+1.00,235349,’,1,-9.15491,2.46665,15.397,"’s, and it’s also"
jtw_token,3844,The brain of an insect is more complex than a human,-9.05793,-1.00,9494, brain,0,16.048,-1.57096,-9.806,brain. The brain of an insect is
jtw_token,3844,The brain of an insect is more complex than a human,18.1159,+2.00,235349,’,1,-10.8495,2.73814,17.0916,"’s, but it’s still"
jtw_token,3844,The brain of an insect is more complex than a human,-18.1159,-2.00,9494, brain,0,20.0416,-2.21074,-13.7995,brain.  The brain of an insect
jtw_token,876,Water is essential to the human,0,+0.00,2971, body,0,8.21325,0,0,body. It is the most important nutrient
jtw_token,876,Water is essential to the human,2.23856,+0.25,2971, body,0,2.90704,0.646055,5.30621,body. It is the most important nutrient
jtw_token,876,Water is essential to the human,-2.23856,-0.25,2971, body,0,12.2683,-0.493721,-4.05506,body. It is the most important nutrient
jtw_token,876,Water is essential to the human,4.47711,+0.50,7925, race,1,-1.92511,1.23439,10.1384,race. It is the most important resource
jtw_token,876,Water is essential to the human,-4.47711,-0.50,2971, body,0,14.7531,-0.796258,-6.53987,body. It is the most important nutrient
jtw_token,876,Water is essential to the human,8.95423,+1.00,7925, race,1,-7.43374,1.90509,15.647,race. It is the most important resource
jtw_token,876,Water is essential to the human,-8.95423,-1.00,2971, body,0,17.1279,-1.08539,-8.91461,body. It is the most important nutrient
jtw_token,876,Water is essential to the human,17.9085,+2.00,7925, race,1,-11.2441,2.36902,19.4574,race. It is the most important resource
jtw_token,876,Water is essential to the human,-17.9085,-2.00,2971, body,0,19.3717,-1.35858,-11.1584,body. It is the most important nutrient
jtw_token,1825,The humpback whale sings the longest and most complex songs of any known,0,+0.00,8205, animal,0,2.78384,0,0,animal. The songs are passed down from
jtw_token,1825,The humpback whale sings the longest and most complex songs of any known,1.20617,+0.25,8205, animal,0,1.4362,0.484093,1.34764,animal. The songs are passed down from
jtw_token,1825,The humpback whale sings the longest and most complex songs of any known,-1.20617,-0.25,8205, animal,0,4.14439,-0.488734,-1.36056,animal. The songs are passed down from
jtw_token,1825,The humpback whale sings the longest and most complex songs of any known,2.41233,+0.50,8205, animal,0,0.166513,0.940186,2.61732,animal. The songs are passed down from
jtw_token,1825,The humpback whale sings the longest and most complex songs of any known,-2.41233,-0.50,8205, animal,0,5.45258,-0.958655,-2.66874,animal. The songs are passed down from
jtw_token,1825,The humpback whale sings the longest and most complex songs of any known,4.82466,+1.00,47961, whale,0,-1.94997,1.70046,4.73381,whale species. The songs are used to
jtw_token,1825,The humpback whale sings the longest and most complex songs of any known,-4.82466,-1.00,8205, animal,0,7.71339,-1.77078,-4.92955,animal. The songs are passed down from
jtw_token,1825,The humpback whale sings the longest and most complex songs of any known,9.64933,+2.00,47961, whale,0,-4.29273,2.54202,7.07657,whale species. The songs are composed of
jtw_token,1825,The humpback whale sings the longest and most complex songs of any known,-9.64933,-2.00,8205, animal,0,10.4376,-2.74937,-7.6538,animal. The songs are passed down from
jtw_legacy,1825,The humpback whale sings the longest and most complex songs of any known,0,+0.00,8205, animal,0,2.78384,0,0,animal. The songs are passed down from
jtw_legacy,1825,The humpback whale sings the longest and most complex songs of any known,0.3551,+0.25,8205, animal,0,2.77787,0.00214315,0.00596619,animal. The songs are passed down from
jtw_legacy,1825,The humpback whale sings the longest and most complex songs of any known,-0.3551,-0.25,8205, animal,0,2.78951,-0.00203901,-0.00567627,animal. The songs are passed down from
jtw_legacy,1825,The humpback whale sings the longest and most complex songs of any known,0.7102,+0.50,8205, animal,0,2.77161,0.00439182,0.0122261,animal. The songs are passed down from
jtw_legacy,1825,The humpback whale sings the longest and most complex songs of any known,-0.7102,-0.50,8205, animal,0,2.79487,-0.0039636,-0.011034,animal. The songs are passed down from
jtw_legacy,1825,The humpback whale sings the longest and most complex songs of any known,1.4204,+1.00,8205, animal,0,2.75831,0.00916801,0.0255222,animal. The songs are passed down from
jtw_legacy,1825,The humpback whale sings the longest and most complex songs of any known,-1.4204,-1.00,8205, animal,0,2.80456,-0.00744348,-0.0207214,animal. The songs are passed down from
jtw_legacy,1825,The humpback whale sings the longest and most complex songs of any known,2.8408,+2.00,8205, animal,0,2.72907,0.0196741,0.0547695,animal. The songs are passed down from
jtw_legacy,1825,The humpback whale sings the longest and most complex songs of any known,-2.8408,-2.00,8205, animal,0,2.81946,-0.0127973,-0.0356255,animal. The songs are passed down from
jtw_token,2146,The domestic dog is the most common pet in the,0,+0.00,3520, United,0,1.31686,0,0,United States. It is also the most
jtw_token,2146,The domestic dog is the most common pet in the,0.257489,+0.25,3520, United,0,0.619324,0.529695,0.697533,United States. It is also the most
jtw_token,2146,The domestic dog is the most common pet in the,-0.257489,-0.25,3520, United,0,2.01271,-0.528421,-0.695854,United States. It is also the most
jtw_token,2146,The domestic dog is the most common pet in the,0.514978,+0.50,2134, world,1,-0.0779457,1.05919,1.3948,world. It is a companion animal that
jtw_token,2146,The domestic dog is the most common pet in the,-0.514978,-0.50,3520, United,0,2.7049,-1.05405,-1.38804,United States. It is also the most
jtw_token,2146,The domestic dog is the most common pet in the,1.02996,+1.00,2134, world,1,-1.4641,2.11181,2.78096,world. It is a domesticated animal that
jtw_token,2146,The domestic dog is the most common pet in the,-1.02996,-1.00,3520, United,0,4.07063,-2.09117,-2.75378,United States. The dog is a member
jtw_token,2146,The domestic dog is the most common pet in the,2.05991,+2.00,2134, world,1,-4.15451,4.15487,5.47136,world. It is a domesticated animal that
jtw_token,2146,The domestic dog is the most common pet in the,-2.05991,-2.00,3520, United,0,6.67887,-4.07183,-5.36201,"United States. In fact, 6"
jtw_token,13,The Sun and all other stars shine through the vacuum of,0,+0.00,3641, space,0,8.2274,0,0,space because they are sources of electromagnetic radiation
jtw_token,13,The Sun and all other stars shine through the vacuum of,3.433,+0.25,3641, space,0,0.116707,0.985815,8.11069,space by the process of nuclear fusion.
jtw_token,13,The Sun and all other stars shine through the vacuum of,-3.433,-0.25,3641, space,0,11.5999,-0.40991,-3.37249,space. The vacuum of space is a
jtw_token,13,The Sun and all other stars shine through the vacuum of,6.86599,+0.50,192039, interstellar,1,-6.87778,1.83596,15.1052,interstellar space. The average mass density of
jtw_token,13,The Sun and all other stars shine through the vacuum of,-6.86599,-0.50,3641, space,0,13.491,-0.639771,-5.26365,space. The vacuum of space is a
jtw_token,13,The Sun and all other stars shine through the vacuum of,13.732,+1.00,192039, interstellar,1,-10.1202,2.23007,18.3476,interstellar hydrogen gas. The gas pressure at
jtw_token,13,The Sun and all other stars shine through the vacuum of,-13.732,-1.00,3641, space,0,15.6223,-0.898817,-7.39492,space. The vacuum of space is a
jtw_token,13,The Sun and all other stars shine through the vacuum of,27.464,+2.00,192039, interstellar,1,-13.119,2.59455,21.3464,interstellar hydrogen gas. By what factor do
jtw_token,13,The Sun and all other stars shine through the vacuum of,-27.464,-2.00,3641, space,0,18.9928,-1.30848,-10.7654,space. The vacuum of space is a
jtw_token,1175,The drum is the oldest musical,0,+0.00,11755, instrument,0,7.6909,0,0,instrument in the world. It is a
jtw_token,1175,The drum is the oldest musical,4.19792,+0.25,11755, instrument,0,3.47168,0.548599,4.21922,instrument in the world. It is a
jtw_token,1175,The drum is the oldest musical,-4.19792,-0.25,11755, instrument,0,11.4352,-0.486851,-3.74432,instrument in the world. It is a
jtw_token,1175,The drum is the oldest musical,8.39583,+0.50,11755, instrument,0,0.175188,0.977221,7.51571,instrument in the world. It is a
jtw_token,1175,The drum is the oldest musical,-8.39583,-0.50,11755, instrument,0,14.1763,-0.843254,-6.48538,instrument in the world. It is a
jtw_token,1175,The drum is the oldest musical,16.7917,+1.00,77755, percussion,1,-3.33076,1.43308,11.0217,"percussion instrument. It is a cylindrical,"
jtw_token,1175,The drum is the oldest musical,-16.7917,-1.00,11755, instrument,0,17.7118,-1.30296,-10.0209,instrument in the world. It is a
jtw_token,1175,The drum is the oldest musical,33.5833,+2.00,77755, percussion,1,-5.80402,1.75466,13.4949,"percussion instrument. It is a cylindrical,"
jtw_token,1175,The drum is the oldest musical,-33.5833,-2.00,11755, instrument,0,22.2319,-1.89068,-14.541,instrument in the world. It is a
jtw_legacy,1175,The drum is the oldest musical,0,+0.00,11755, instrument,0,7.6909,0,0,instrument in the world. It is a
jtw_legacy,1175,The drum is the oldest musical,0.884802,+0.25,11755, instrument,0,7.63483,0.00728973,0.0560646,instrument in the world. It is a
jtw_legacy,1175,The drum is the oldest musical,-0.884802,-0.25,11755, instrument,0,7.75038,-0.00773341,-0.0594769,instrument in the world. It is a
jtw_legacy,1175,The drum is the oldest musical,1.7696,+0.50,11755, instrument,0,7.58217,0.0141375,0.10873,instrument in the world. It is a
jtw_legacy,1175,The drum is the oldest musical,-1.7696,-0.50,11755, instrument,0,7.81325,-0.015908,-0.122347,instrument in the world. It is a
jtw_legacy,1175,The drum is the oldest musical,3.53921,+1.00,11755, instrument,0,7.48701,0.026511,0.203894,instrument in the world. It is a
jtw_legacy,1175,The drum is the oldest musical,-3.53921,-1.00,11755, instrument,0,7.94912,-0.0335751,-0.258223,instrument in the world. It is a
jtw_legacy,1175,The drum is the oldest musical,7.07842,+2.00,11755, instrument,0,7.33655,0.0460733,0.354345,instrument in the world. It is a
jtw_legacy,1175,The drum is the oldest musical,-7.07842,-2.00,11755, instrument,0,8.26035,-0.0740426,-0.569454,instrument in the world. It is a
jtw_token,416,Galileo was an Italian physicist and mathematician who is widely regarded as the father of modern,0,+0.00,8042, science,0,0.322819,0,0,"science. He was born in Pisa,"
jtw_token,416,Galileo was an Italian physicist and mathematician who is widely regarded as the father of modern,0.152804,+0.25,8042, science,0,0.135596,0.579962,0.187222,"science. He was born in Pisa,"
jtw_token,416,Galileo was an Italian physicist and mathematician who is widely regarded as the father of modern,-0.152804,-0.25,8042, science,0,0.50833,-0.574662,-0.185512,"science. He was born in Pisa,"
jtw_token,416,Galileo was an Italian physicist and mathematician who is widely regarded as the father of modern,0.305608,+0.50,106409, observational,1,-0.0533628,1.1653,0.376182,observational astronomy. He was born in Pisa
jtw_token,416,Galileo was an Italian physicist and mathematician who is widely regarded as the father of modern,-0.305608,-0.50,8042, science,0,0.692163,-1.14412,-0.369344,"science. He was born in Pisa,"
jtw_token,416,Galileo was an Italian physicist and mathematician who is widely regarded as the father of modern,0.611215,+1.00,106409, observational,1,-0.436565,2.35235,0.759384,observational astronomy. He was born in Pisa
jtw_token,416,Galileo was an Italian physicist and mathematician who is widely regarded as the father of modern,-0.611215,-1.00,8042, science,0,1.05486,-2.26765,-0.732039,"science. He was born in Pisa,"
jtw_token,416,Galileo was an Italian physicist and mathematician who is widely regarded as the father of modern,1.22243,+2.00,106409, observational,1,-1.22468,4.79371,1.5475,observational astronomy. He was born in Pisa
jtw_token,416,Galileo was an Italian physicist and mathematician who is widely regarded as the father of modern,-1.22243,-2.00,8042, science,0,1.761,-4.45507,-1.43818,"science. He was born in Pisa,"
jtw_legacy,416,Galileo was an Italian physicist and mathematician who is widely regarded as the father of modern,0,+0.00,8042, science,0,0.322819,0,0,"science. He was born in Pisa,"
jtw_legacy,416,Galileo was an Italian physicist and mathematician who is widely regarded as the father of modern,0.034983,+0.25,8042, science,0,0.322586,0.000720827,0.000232697,"science. He was born in Pisa,"
jtw_legacy,416,Galileo was an Italian physicist and mathematician who is widely regarded as the father of modern,-0.034983,-0.25,8042, science,0,0.323049,-0.000713442,-0.000230312,"science. He was born in Pisa,"
jtw_legacy,416,Galileo was an Italian physicist and mathematician who is widely regarded as the father of modern,0.0699661,+0.50,8042, science,0,0.322361,0.00141802,0.000457764,"science. He was born in Pisa,"
jtw_legacy,416,Galileo was an Italian physicist and mathematician who is widely regarded as the father of modern,-0.0699661,-0.50,8042, science,0,0.323303,-0.00150074,-0.000484467,"science. He was born in Pisa,"
jtw_legacy,416,Galileo was an Italian physicist and mathematician who is widely regarded as the father of modern,0.139932,+1.00,8042, science,0,0.321918,0.00279173,0.000901222,"science. He was born in Pisa,"
jtw_legacy,416,Galileo was an Italian physicist and mathematician who is widely regarded as the father of modern,-0.139932,-1.00,8042, science,0,0.323806,-0.00305761,-0.000987053,"science. He was born in Pisa,"
jtw_legacy,416,Galileo was an Italian physicist and mathematician who is widely regarded as the father of modern,0.279864,+2.00,8042, science,0,0.321116,0.00527474,0.00170279,"science. He was born in Pisa,"
jtw_legacy,416,Galileo was an Italian physicist and mathematician who is widely regarded as the father of modern,-0.279864,-2.00,8042, science,0,0.324881,-0.00638848,-0.00206232,"science. He was born in Pisa,"
jtw_token,1767,Alaska is the largest state in the United,0,+0.00,3858, States,0,6.27384,0,0,"States, and it is also the most"
jtw_token,1767,Alaska is the largest state in the United,9.54179,+0.25,3858, States,0,5.28228,0.158046,0.991557,"States, and it is also the most"
jtw_token,1767,Alaska is the largest state in the United,-9.54179,-0.25,3858, States,0,8.55408,-0.363452,-2.28024,"States, and it is also the most"
jtw_token,1767,Alaska is the largest state in the United,19.0836,+0.50,3858, States,0,3.88688,0.380461,2.38695,States. It is also the most sparsely
jtw_token,1767,Alaska is the largest state in the United,-19.0836,-0.50,3858, States,0,9.84246,-0.568809,-3.56862,"States, and it is also the most"
jtw_token,1767,Alaska is the largest state in the United,38.1671,+1.00,3858, States,0,1.23405,0.803301,5.03978,States. It is also the most sparsely
jtw_token,1767,Alaska is the largest state in the United,-38.1671,-1.00,3858, States,0,28.1902,-3.49329,-21.9163,"States, and it’s also the"
jtw_token,1767,Alaska is the largest state in the United,76.3343,+2.00,3040, State,1,-3.73961,1.59606,10.0134,State. It is the 4th
jtw_token,1767,Alaska is the largest state in the United,-76.3343,-2.00,3858, States,0,40.8444,-5.51028,-34.5706,"States, and the most remote in the"
jtw_legacy,1767,Alaska is the largest state in the United,0,+0.00,3858, States,0,6.27384,0,0,"States, and it is also the most"
jtw_legacy,1767,Alaska is the largest state in the United,0.990873,+0.25,3858, States,0,6.27137,0.000393473,0.00246859,"States, and it is also the most"
jtw_legacy,1767,Alaska is the largest state in the United,-0.990873,-0.25,3858, States,0,6.27673,-0.000461269,-0.00289392,"States, and it is also the most"
jtw_legacy,1767,Alaska is the largest state in the United,1.98175,+0.50,3858, States,0,6.26929,0.000724547,0.00454569,"States, and it is also the most"
jtw_legacy,1767,Alaska is the largest state in the United,-1.98175,-0.50,3858, States,0,6.28006,-0.000992461,-0.00622654,"States, and it is also the most"
jtw_legacy,1767,Alaska is the largest state in the United,3.96349,+1.00,3858, States,0,6.26614,0.00122617,0.00769281,"States, and it is also the most"
jtw_legacy,1767,Alaska is the largest state in the United,-3.96349,-1.00,3858, States,0,6.28814,-0.00228005,-0.0143046,"States, and it is also the most"
jtw_legacy,1767,Alaska is the largest state in the United,7.92699,+2.00,3858, States,0,6.26257,0.00179666,0.011272,"States, and it is also the most"
jtw_legacy,1767,Alaska is the largest state in the United,-7.92699,-2.00,3858, States,0,6.31014,-0.00578558,-0.0362978,"States, and it is also the most"
jtw_token,4394,"A tree can’t walk, but bananas",0,+0.00,798, can,0,16.4751,0,0,can.  That’s the message
jtw_token,4394,"A tree can’t walk, but bananas",3.29448,+0.25,798, can,0,4.79381,0.709026,11.6812,can.  That’s the message
jtw_token,4394,"A tree can’t walk, but bananas",-3.29448,-0.25,798, can,0,19.9143,-0.208752,-3.4392,can.  That’s the premise
jtw_token,4394,"A tree can’t walk, but bananas",6.58896,+0.50,798, can,0,0.381046,0.976871,16.094,can’t stand still.  A
jtw_token,4394,"A tree can’t walk, but bananas",-6.58896,-0.50,798, can,0,21.506,-0.30537,-5.03099,"can.  A banana can walk,"
jtw_token,4394,"A tree can’t walk, but bananas",13.1779,+1.00,798, can,0,0.173805,0.98945,16.3013,can’t climb.  A tree
jtw_token,4394,"A tree can’t walk, but bananas",-13.1779,-1.00,798, can,0,23.5847,-0.431537,-7.1096,can.  A tree can’t
jtw_token,4394,"A tree can’t walk, but bananas",26.3559,+2.00,798, can,0,0.747019,0.954658,15.728,can’t make a tree a good
jtw_token,4394,"A tree can’t walk, but bananas",-26.3559,-2.00,798, can,0,25.8273,-0.567659,-9.35221,"can.  A banana can walk,"
jtw_legacy,4394,"A tree can’t walk, but bananas",0,+0.00,798, can,0,16.4751,0,0,can.  That’s the message
jtw_legacy,4394,"A tree can’t walk, but bananas",2.43085,+0.25,798, can,0,16.4805,-0.000327634,-0.0053978,can.  That’s the message
jtw_legacy,4394,"A tree can’t walk, but bananas",-2.43085,-0.25,798, can,0,16.4446,0.00184772,0.0304413,can.  That’s the message
jtw_legacy,4394,"A tree can’t walk, but bananas",4.8617,+0.50,798, can,0,16.4599,0.000921313,0.0151787,can.  A tree can’t
jtw_legacy,4394,"A tree can’t walk, but bananas",-4.8617,-0.50,798, can,0,16.3892,0.00521066,0.0858459,can.  That’s the message
jtw_legacy,4394,"A tree can’t walk, but bananas",9.72341,+1.00,798, can,0,16.3326,0.00864909,0.142494,can.  The banana tree is a
jtw_legacy,4394,"A tree can’t walk, but bananas",-9.72341,-1.00,798, can,0,16.2002,0.0166825,0.274845,can.  That’s the message
jtw_legacy,4394,"A tree can’t walk, but bananas",19.4468,+2.00,798, can,0,15.6606,0.0494378,0.814491,can.  The banana is a fruit
jtw_legacy,4394,"A tree can’t walk, but bananas",-19.4468,-2.00,798, can,0,15.4435,0.0626138,1.03157,can.  That’s the message
jtw_token,2014,Hamsters blink with both eyes at the same,0,+0.00,1069, time,0,5.17511,0,0,time.  The hamster's eyes
jtw_token,2014,Hamsters blink with both eyes at the same,2.2769,+0.25,1069, time,0,5.48186,-0.0592757,-0.306758,time.  The hamster's eyes
jtw_token,2014,Hamsters blink with both eyes at the same,-2.2769,-0.25,1069, time,0,7.69637,-0.48719,-2.52126,time.  The hamster blinks with both
jtw_token,2014,Hamsters blink with both eyes at the same,4.5538,+0.50,1069, time,0,0.48608,0.906073,4.68903,time.  The hamster's eyes
jtw_token,2014,Hamsters blink with both eyes at the same,-4.5538,-0.50,1069, time,0,9.53956,-0.843356,-4.36446,time.  The hamster blinks with both
jtw_token,2014,Hamsters blink with both eyes at the same,9.10759,+1.00,3974, rate,1,-6.11765,2.18213,11.2928,"rate. When a hamster blinks, the"
jtw_token,2014,Hamsters blink with both eyes at the same,-9.10759,-1.00,1069, time,0,11.7723,-1.27479,-6.59718,time.  The hamster blinks with both
jtw_token,2014,Hamsters blink with both eyes at the same,18.2152,+2.00,3974, rate,1,-6.30923,2.21915,11.4843,"rate. When a hamster blinks, the"
jtw_token,2014,Hamsters blink with both eyes at the same,-18.2152,-2.00,1069, time,0,13.7937,-1.6654,-8.61861,time.  The hamster is a small
jtw_token,1896,Elephants are the largest mammals on,0,+0.00,573, the,0,0.82164,0,0,the planet. They are also the most
jtw_token,1896,Elephants are the largest mammals on,0.88061,+0.25,573, the,0,0.251911,0.693404,0.569729,the planet. They are also the most
jtw_token,1896,Elephants are the largest mammals on,-0.88061,-0.25,573, the,0,1.40221,-0.706595,-0.580566,the planet. They are also the most
jtw_token,1896,Elephants are the largest mammals on,1.76122,+0.50,6683, earth,1,-0.304054,1.37006,1.12569,earth. They are also the most intelligent
jtw_token,1896,Elephants are the largest mammals on,-1.76122,-0.50,573, the,0,1.99041,-1.42248,-1.16877,the planet. They are also the most
jtw_token,1896,Elephants are the largest mammals on,3.52244,+1.00,6683, earth,1,-1.36481,2.66108,2.18645,earth. They are the largest land animals
jtw_token,1896,Elephants are the largest mammals on,-3.52244,-1.00,573, the,0,3.17558,-2.86493,-2.35394,"the planet, and they are also one"
jtw_token,1896,Elephants are the largest mammals on,7.04488,+2.00,6683, earth,1,-3.23254,4.93425,4.05418,earth. They are the largest land animals
jtw_token,1896,Elephants are the largest mammals on,-7.04488,-2.00,573, the,0,5.47505,-5.66357,-4.65341,"the planet, and they are also one"
jtw_token,2463,"If a rooster and chicken mate, all of the offspring will be",0,+0.00,53190, chickens,0,3.5774,0,0,chickens.  If a rooster and a
jtw_token,2463,"If a rooster and chicken mate, all of the offspring will be",0.920414,+0.25,53190, chickens,0,1.80626,0.495091,1.77114,chickens.  If a rooster and a
jtw_token,2463,"If a rooster and chicken mate, all of the offspring will be",-0.920414,-0.25,53190, chickens,0,5.3777,-0.503243,-1.8003,chickens.  If a rooster and a
jtw_token,2463,"If a rooster and chicken mate, all of the offspring will be",1.84083,+0.50,53190, chickens,0,0.132076,0.96308,3.44532,chickens.  If a rooster and a
jtw_token,2463,"If a rooster and chicken mate, all of the offspring will be",-1.84083,-0.50,53190, chickens,0,7.14583,-0.997492,-3.56843,chickens.  If a rooster and a
jtw_token,2463,"If a rooster and chicken mate, all of the offspring will be",3.68166,+1.00,120910, roost,1,-2.67868,1.74878,6.25608,roosters.  If a rooster and
jtw_token,2463,"If a rooster and chicken mate, all of the offspring will be",-3.68166,-1.00,53190, chickens,0,10.3868,-1.90346,-6.80942,chickens.  If a rooster and chicken
jtw_token,2463,"If a rooster and chicken mate, all of the offspring will be",7.36331,+2.00,120910, roost,1,-5.61259,2.5689,9.18999,roosters.  If a rooster and
jtw_token,2463,"If a rooster and chicken mate, all of the offspring will be",-7.36331,-2.00,53190, chickens,0,15.0453,-3.20566,-11.4679,chickens.  If a rooster and chicken
jtw_legacy,2463,"If a rooster and chicken mate, all of the offspring will be",0,+0.00,53190, chickens,0,3.5774,0,0,chickens.  If a rooster and a
jtw_legacy,2463,"If a rooster and chicken mate, all of the offspring will be",0.445647,+0.25,53190, chickens,0,3.6196,-0.0117968,-0.042202,chickens.  If a rooster and a
jtw_legacy,2463,"If a rooster and chicken mate, all of the offspring will be",-0.445647,-0.25,53190, chickens,0,3.53381,0.0121839,0.0435867,chickens.  If a rooster and a
jtw_legacy,2463,"If a rooster and chicken mate, all of the offspring will be",0.891293,+0.50,53190, chickens,0,3.6602,-0.0231447,-0.082798,chickens.  If a rooster and a
jtw_legacy,2463,"If a rooster and chicken mate, all of the offspring will be",-0.891293,-0.50,53190, chickens,0,3.48901,0.0247091,0.0883942,chickens.  If a rooster and a
jtw_legacy,2463,"If a rooster and chicken mate, all of the offspring will be",1.78259,+1.00,53190, chickens,0,3.73608,-0.0443552,-0.158676,chickens.  If a rooster and hen
jtw_legacy,2463,"If a rooster and chicken mate, all of the offspring will be",-1.78259,-1.00,53190, chickens,0,3.3966,0.0505399,0.180801,chickens.  If a rooster and a
jtw_legacy,2463,"If a rooster and chicken mate, all of the offspring will be",3.56517,+2.00,53190, chickens,0,3.86367,-0.0800208,-0.286266,chickens. This is because chickens are the
jtw_legacy,2463,"If a rooster and chicken mate, all of the offspring will be",-3.56517,-2.00,53190, chickens,0,3.20805,0.103244,0.369347,chickens.  If a rooster and a
jtw_token,3814,The longest recorded sneeze lasted for nearly an entire,0,+0.00,9428, minute,0,5.85148,0,0,"minute, and it was recorded in"
jtw_token,3814,The longest recorded sneeze lasted for nearly an entire,0.771241,+0.25,9428, minute,0,2.30159,0.606665,3.54989,"minute, and it was recorded in"
jtw_token,3814,The longest recorded sneeze lasted for nearly an entire,-0.771241,-0.25,9428, minute,0,8.49585,-0.451915,-2.64437,"minute, and it was recorded in"
jtw_token,3814,The longest recorded sneeze lasted for nearly an entire,1.54248,+0.50,2257, second,1,-1.55261,1.26534,7.40409,"second, and it was recorded in"
jtw_token,3814,The longest recorded sneeze lasted for nearly an entire,-1.54248,-0.50,9428, minute,0,10.3328,-0.765836,-4.48127,"minute, and it was recorded in"
jtw_token,3814,The longest recorded sneeze lasted for nearly an entire,3.08496,+1.00,2257, second,1,-7.60065,2.29893,13.4521,"second, and it was recorded by a"
jtw_token,3814,The longest recorded sneeze lasted for nearly an entire,-3.08496,-1.00,9428, minute,0,12.0909,-1.0663,-6.23946,minute.  The sneeze was recorded by
jtw_token,3814,The longest recorded sneeze lasted for nearly an entire,6.16993,+2.00,2257, second,1,-12.5663,3.14755,18.4178,"second, and eardrums can withstand"
jtw_token,3814,The longest recorded sneeze lasted for nearly an entire,-6.16993,-2.00,6370, hour,0,10.089,-0.724177,-4.23751,hour.  The record was set by
jtw_legacy,3814,The longest recorded sneeze lasted for nearly an entire,0,+0.00,9428, minute,0,5.85148,0,0,"minute, and it was recorded in"
jtw_legacy,3814,The longest recorded sneeze lasted for nearly an entire,0.686869,+0.25,9428, minute,0,5.72602,0.0214397,0.125454,"minute, and it was recorded in"
jtw_legacy,3814,The longest recorded sneeze lasted for nearly an entire,-0.686869,-0.25,9428, minute,0,5.96989,-0.0202359,-0.11841,"minute, and it was recorded in"
jtw_legacy,3814,The longest recorded sneeze lasted for nearly an entire,1.37374,+0.50,9428, minute,0,5.59386,0.0440261,0.257618,"minute, and it was recorded in"
jtw_legacy,3814,The longest recorded sneeze lasted for nearly an entire,-1.37374,-0.50,9428, minute,0,6.08103,-0.0392296,-0.229551,"minute, and it was recorded in"
jtw_legacy,3814,The longest recorded sneeze lasted for nearly an entire,2.74748,+1.00,9428, minute,0,5.31155,0.0922715,0.539925,minute. It was recorded in 1
jtw_legacy,3814,The longest recorded sneeze lasted for nearly an entire,-2.74748,-1.00,9428, minute,0,6.28127,-0.0734499,-0.42979,"minute, according to a new study."
jtw_legacy,3814,The longest recorded sneeze lasted for nearly an entire,5.49495,+2.00,9428, minute,0,4.70361,0.196167,1.14787,minute and was recorded in 20
jtw_legacy,3814,The longest recorded sneeze lasted for nearly an entire,-5.49495,-2.00,9428, minute,0,6.59611,-0.127255,-0.744631,"minute, according to a new study."
jtw_token,3100,"Apples, not caffeine, are more efficient at waking up in the",0,+0.00,5764, morning,0,10.4214,0,0,"morning, according to a new study."
jtw_token,3100,"Apples, not caffeine, are more efficient at waking up in the",6.47078,+0.25,5764, morning,0,6.68389,0.358639,3.73752,"morning, according to a new study."
jtw_token,3100,"Apples, not caffeine, are more efficient at waking up in the",-6.47078,-0.25,5764, morning,0,13.8259,-0.326681,-3.40447,"morning, according to a new study."
jtw_token,3100,"Apples, not caffeine, are more efficient at waking up in the",12.9416,+0.50,5764, morning,0,3.62569,0.652092,6.79572,"morning, according to a new study."
jtw_token,3100,"Apples, not caffeine, are more efficient at waking up in the",-12.9416,-0.50,5764, morning,0,15.5874,-0.495706,-5.16595,morning.  The best way to wake
jtw_token,3100,"Apples, not caffeine, are more efficient at waking up in the",25.8831,+1.00,9494, brain,0,-0.291664,1.02799,10.7131,"brain than caffeine, according to a new"
jtw_token,3100,"Apples, not caffeine, are more efficient at waking up in the",-25.8831,-1.00,5764, morning,0,17.7657,-0.704733,-7.34431,morning.  The best way to start
jtw_token,3100,"Apples, not caffeine, are more efficient at waking up in the",51.7663,+2.00,9494, brain,0,-3.64579,1.34984,14.0672,"brain's reward system than caffeine,"
jtw_token,3100,"Apples, not caffeine, are more efficient at waking up in the",-51.7663,-2.00,5764, morning,0,21.1006,-1.02474,-10.6792,morning.  The <strong>Apple Watch
jtw_legacy,3100,"Apples, not caffeine, are more efficient at waking up in the",0,+0.00,5764, morning,0,10.4214,0,0,"morning, according to a new study."
jtw_legacy,3100,"Apples, not caffeine, are more efficient at waking up in the",1.65665,+0.25,5764, morning,0,10.444,-0.00217266,-0.0226421,"morning, according to a new study."
jtw_legacy,3100,"Apples, not caffeine, are more efficient at waking up in the",-1.65665,-0.25,5764, morning,0,10.3987,0.00217888,0.022707,"morning, according to a new study."
jtw_legacy,3100,"Apples, not caffeine, are more efficient at waking up in the",3.3133,+0.50,5764, morning,0,10.4669,-0.00436673,-0.0455074,"morning, according to a new study."
jtw_legacy,3100,"Apples, not caffeine, are more efficient at waking up in the",-3.3133,-0.50,5764, morning,0,10.3757,0.00438631,0.0457115,"morning, according to a new study."
jtw_legacy,3100,"Apples, not caffeine, are more efficient at waking up in the",6.62659,+1.00,5764, morning,0,10.5143,-0.0089183,-0.0929413,"morning, according to a new study."
jtw_legacy,3100,"Apples, not caffeine, are more efficient at waking up in the",-6.62659,-1.00,5764, morning,0,10.3286,0.00890311,0.092783,"morning, according to a new study."
jtw_legacy,3100,"Apples, not caffeine, are more efficient at waking up in the",13.2532,+2.00,5764, morning,0,10.6133,-0.018417,-0.191931,"morning, according to a new study."
jtw_legacy,3100,"Apples, not caffeine, are more efficient at waking up in the",-13.2532,-2.00,5764, morning,0,10.2401,0.017399,0.181322,"morning, according to a new study."
jtw_token,4322,A pound of human flesh is worth more than a pound of,0,+0.00,4394, gold,0,4.29861,0,0,gold.  That’s the message
jtw_token,4322,A pound of human flesh is worth more than a pound of,0.786506,+0.25,4394, gold,0,1.79074,0.583414,2.50787,gold.  That’s the message
jtw_token,4322,A pound of human flesh is worth more than a pound of,-0.786506,-0.25,4394, gold,0,6.67767,-0.553449,-2.37906,gold.  That’s the message
jtw_token,4322,A pound of human flesh is worth more than a pound of,1.57301,+0.50,12806, pig,0,-0.665396,1.15479,4.964,pig flesh.  That’s the
jtw_token,4322,A pound of human flesh is worth more than a pound of,-1.57301,-0.50,4394, gold,0,8.79352,-1.04567,-4.49491,gold.  That’s the message
jtw_token,4322,A pound of human flesh is worth more than a pound of,3.14602,+1.00,5929, dog,0,-4.84528,2.12717,9.14389,dog flesh.  That’s the
jtw_token,4322,A pound of human flesh is worth more than a pound of,-3.14602,-1.00,4394, gold,0,12.0985,-1.81452,-7.79993,gold.  That’s the message
jtw_token,4322,A pound of human flesh is worth more than a pound of,6.29205,+2.00,5929, dog,0,-9.71184,3.2593,14.0104,dog flesh.  That’s the
jtw_token,4322,A pound of human flesh is worth more than a pound of,-6.29205,-2.00,4394, gold,0,16.147,-2.75633,-11.8484,gold.  That’s the price
jtw_token,4252,Apples float in water but sink in,0,+0.00,12678, alcohol,0,1.50574,0,0,alcohol. Why?  [Answer
jtw_token,4252,Apples float in water but sink in,0.377625,+0.25,12678, alcohol,0,0.764066,0.492565,0.741676,alcohol. Why?  [Answer
jtw_token,4252,Apples float in water but sink in,-0.377625,-0.25,12678, alcohol,0,2.23823,-0.486462,-0.732486,alcohol. Why?  [Answer
jtw_token,4252,Apples float in water but sink in,0.755251,+0.50,12678, alcohol,0,0.00914955,0.993924,1.49659,alcohol. Why?  [Answer
jtw_token,4252,Apples float in water but sink in,-0.755251,-0.50,12678, alcohol,0,2.94687,-0.95709,-1.44113,alcohol. Why?  [Answer
jtw_token,4252,Apples float in water but sink in,1.5105,+1.00,76546, ethyl,1,-1.65149,2.09679,3.15723,ethyl alcohol. What are the masses $
jtw_token,4252,Apples float in water but sink in,-1.5105,-1.00,12678, alcohol,0,4.22389,-1.80519,-2.71815,alcohol. Why?  [Answer
jtw_token,4252,Apples float in water but sink in,3.021,+2.00,76546, ethyl,1,-5.68858,4.77793,7.19433,ethyl alcohol. What are the masses $
jtw_token,4252,Apples float in water but sink in,-3.021,-2.00,4684, oil,0,6.06092,-3.0252,-4.55517,oil. Why?  [Answer
jtw_legacy,4252,Apples float in water but sink in,0,+0.00,12678, alcohol,0,1.50574,0,0,alcohol. Why?  [Answer
jtw_legacy,4252,Apples float in water but sink in,0.192076,+0.25,12678, alcohol,0,1.45666,0.0325945,0.0490789,alcohol. Why?  [Answer
jtw_legacy,4252,Apples float in water but sink in,-0.192076,-0.25,12678, alcohol,0,1.56003,-0.0360527,-0.054286,alcohol. Why?  [Answer
jtw_legacy,4252,Apples float in water but sink in,0.384153,+0.50,12678, alcohol,0,1.41283,0.0617075,0.0929155,alcohol. Why?  [Answer
jtw_legacy,4252,Apples float in water but sink in,-0.384153,-0.50,12678, alcohol,0,1.61942,-0.075495,-0.113676,alcohol. Why?  [Answer
jtw_legacy,4252,Apples float in water but sink in,0.768306,+1.00,12678, alcohol,0,1.34078,0.109557,0.164965,alcohol. Why?  [Answer
jtw_legacy,4252,Apples float in water but sink in,-0.768306,-1.00,12678, alcohol,0,1.75298,-0.164196,-0.247237,alcohol. Why?  [Answer
jtw_legacy,4252,Apples float in water but sink in,1.53661,+2.00,12678, alcohol,0,1.2561,0.16579,0.249638,alcohol. Why?  [Answer
jtw_legacy,4252,Apples float in water but sink in,-1.53661,-2.00,12678, alcohol,0,2.07279,-0.376593,-0.567052,alcohol. Why?  [Answer
jtw_token,2854,Health can be improved by sleeping on the left,0,+0.00,2857, side,0,7.75585,0,0,side.  The left side of the
jtw_token,2854,Health can be improved by sleeping on the left,5.23406,+0.25,2857, side,0,3.36876,0.565649,4.38708,side.  The left side is the
jtw_token,2854,Health can be improved by sleeping on the left,-5.23406,-0.25,2857, side,0,12.923,-0.66622,-5.1671,side.  The left side of the
jtw_token,2854,Health can be improved by sleeping on the left,10.4681,+0.50,235265,.,1,-1.92301,1.24794,9.67886,.  The left side is the best
jtw_token,2854,Health can be improved by sleeping on the left,-10.4681,-0.50,2857, side,0,16.6067,-1.14118,-8.85081,side of the body.  The left
jtw_token,2854,Health can be improved by sleeping on the left,20.9363,+1.00,235265,.,1,-29.4821,4.80127,37.2379,.  The left is the best position
jtw_token,2854,Health can be improved by sleeping on the left,-20.9363,-1.00,2857, side,0,20.2513,-1.6111,-12.4955,side of the body for 10
jtw_token,2854,Health can be improved by sleeping on the left,41.8725,+2.00,235265,.,1,-59.9224,8.7261,67.6783,.  The left is the most comfortable
jtw_token,2854,Health can be improved by sleeping on the left,-41.8725,-2.00,2857, side,0,22.5523,-1.90778,-14.7965,side of the body for 10
jtw_legacy,2854,Health can be improved by sleeping on the left,0,+0.00,2857, side,0,7.75585,0,0,side.  The left side of the
jtw_legacy,2854,Health can be improved by sleeping on the left,0.722243,+0.25,2857, side,0,7.75031,0.000714163,0.00553894,side.  The left side of the
jtw_legacy,2854,Health can be improved by sleeping on the left,-0.722243,-0.25,2857, side,0,7.76067,-0.000621696,-0.00482178,side.  The left side of the
jtw_legacy,2854,Health can be improved by sleeping on the left,1.44449,+0.50,2857, side,0,7.74423,0.00149841,0.0116215,side.  The left side of the
jtw_legacy,2854,Health can be improved by sleeping on the left,-1.44449,-0.50,2857, side,0,7.76466,-0.00113617,-0.00881195,side.  The left side of the
jtw_legacy,2854,Health can be improved by sleeping on the left,2.88897,+1.00,2857, side,0,7.73095,0.0032098,0.0248947,side.  The left side of the
jtw_legacy,2854,Health can be improved by sleeping on the left,-2.88897,-1.00,2857, side,0,7.76955,-0.00176672,-0.0137024,side.  The left side of the
jtw_legacy,2854,Health can be improved by sleeping on the left,5.77794,+2.00,2857, side,0,7.70324,0.00678357,0.0526123,side. This is because the left side
jtw_legacy,2854,Health can be improved by sleeping on the left,-5.77794,-2.00,2857, side,0,7.76435,-0.00109559,-0.00849724,side.  The left side of the
jtw_token,1089,"At one time, camels were the primary mode of transportation in the Arabian",0,+0.00,50062, Peninsula,0,1.55795,0,0,Peninsula. They were used to carry goods
jtw_token,1089,"At one time, camels were the primary mode of transportation in the Arabian",0.700892,+0.25,50062, Peninsula,0,0.676241,0.565943,0.881714,Peninsula. They were used to carry goods
jtw_token,1089,"At one time, camels were the primary mode of transportation in the Arabian",-0.700892,-0.25,50062, Peninsula,0,2.44425,-0.568881,-0.886292,Peninsula. They were used to carry goods
jtw_token,1089,"At one time, camels were the primary mode of transportation in the Arabian",1.40178,+0.50,21459, desert,1,-0.195862,1.12572,1.75382,desert. The camel's body is
jtw_token,1089,"At one time, camels were the primary mode of transportation in the Arabian",-1.40178,-0.50,50062, Peninsula,0,3.33012,-1.13749,-1.77216,Peninsula. They were used to carry goods
jtw_token,1089,"At one time, camels were the primary mode of transportation in the Arabian",2.80357,+1.00,21459, desert,1,-1.89213,2.2145,3.45009,desert. The camel can travel for days
jtw_token,1089,"At one time, camels were the primary mode of transportation in the Arabian",-2.80357,-1.00,50062, Peninsula,0,5.08141,-2.26159,-3.52345,Peninsula. They were used to carry goods
jtw_token,1089,"At one time, camels were the primary mode of transportation in the Arabian",5.60714,+2.00,21459, desert,1,-4.98593,4.2003,6.54388,desert. They were used to carry goods
jtw_token,1089,"At one time, camels were the primary mode of transportation in the Arabian",-5.60714,-2.00,50062, Peninsula,0,8.39311,-4.38726,-6.83515,Peninsula. They were used to carry goods
jtw_legacy,1089,"At one time, camels were the primary mode of transportation in the Arabian",0,+0.00,50062, Peninsula,0,1.55795,0,0,Peninsula. They were used to carry goods
jtw_legacy,1089,"At one time, camels were the primary mode of transportation in the Arabian",0.171613,+0.25,50062, Peninsula,0,1.56424,-0.00403395,-0.00628471,Peninsula. They were used to carry goods
jtw_legacy,1089,"At one time, camels were the primary mode of transportation in the Arabian",-0.171613,-0.25,50062, Peninsula,0,1.55165,0.00404987,0.00630951,Peninsula. They were used to carry goods
jtw_legacy,1089,"At one time, camels were the primary mode of transportation in the Arabian",0.343226,+0.50,50062, Peninsula,0,1.57048,-0.0080373,-0.0125217,Peninsula. They were used to carry goods
jtw_legacy,1089,"At one time, camels were the primary mode of transportation in the Arabian",-0.343226,-0.50,50062, Peninsula,0,1.54531,0.0081132,0.01264,Peninsula. They were used to carry goods
jtw_legacy,1089,"At one time, camels were the primary mode of transportation in the Arabian",0.686452,+1.00,50062, Peninsula,0,1.58292,-0.0160268,-0.0249691,Peninsula. They were used to carry goods
jtw_legacy,1089,"At one time, camels were the primary mode of transportation in the Arabian",-0.686452,-1.00,50062, Peninsula,0,1.53258,0.0162852,0.0253716,Peninsula. They were used to carry goods
jtw_legacy,1089,"At one time, camels were the primary mode of transportation in the Arabian",1.3729,+2.00,50062, Peninsula,0,1.60747,-0.0317819,-0.0495148,Peninsula. They were used to carry goods
jtw_legacy,1089,"At one time, camels were the primary mode of transportation in the Arabian",-1.3729,-2.00,50062, Peninsula,0,1.50678,0.0328446,0.0511703,Peninsula. They were used to carry goods
jtw_token,3517,Most hospitals in the United States use a toilet to help flush veins during,0,+0.00,476, a,0,0.0221329,0,0,a procedure. The toilet is a device
jtw_token,3517,Most hospitals in the United States use a toilet to help flush veins during,0.00799779,+0.25,476, a,0,0.00792694,0.641848,0.0142059,a procedure. The toilet is a device
jtw_token,3517,Most hospitals in the United States use a toilet to help flush veins during,-0.00799779,-0.25,476, a,0,0.0363274,-0.641331,-0.0141945,a procedure. The toilet is a device
jtw_token,3517,Most hospitals in the United States use a toilet to help flush veins during,0.0159956,+0.50,5330, blood,1,-0.00626755,1.28318,0.0284004,blood draws. This is a common practice
jtw_token,3517,Most hospitals in the United States use a toilet to help flush veins during,-0.0159956,-0.50,476, a,0,0.0505333,-1.28318,-0.0284004,a procedure. The toilet is a device
jtw_token,3517,Most hospitals in the United States use a toilet to help flush veins during,0.0319912,+1.00,5330, blood,1,-0.0346451,2.56532,0.056778,blood draws. This is a common practice
jtw_token,3517,Most hospitals in the United States use a toilet to help flush veins during,-0.0319912,-1.00,476, a,0,0.0789719,-2.56808,-0.056839,a procedure. The toilet is a device
jtw_token,3517,Most hospitals in the United States use a toilet to help flush veins during,0.0639824,+2.00,5330, blood,1,-0.0913353,5.12668,0.113468,blood draws. This is a common practice
jtw_token,3517,Most hospitals in the United States use a toilet to help flush veins during,-0.0639824,-2.00,476, a,0,0.135929,-5.1415,-0.113796,a procedure. The toilet is a device
jtw_token,735,Citric acid is found in all citrus,0,+0.00,16803, fruits,0,5.54679,0,0,fruits and is used in the food industry
jtw_token,735,Citric acid is found in all citrus,3.1219,+0.25,16803, fruits,0,3.82288,0.310794,1.72391,fruits and is used in the production of
jtw_token,735,Citric acid is found in all citrus,-3.1219,-0.25,16803, fruits,0,7.10829,-0.281514,-1.5615,"fruits, and is used in many foods"
jtw_token,735,Citric acid is found in all citrus,6.2438,+0.50,16803, fruits,0,2.08732,0.623689,3.45947,fruits and is responsible for their sour taste
jtw_token,735,Citric acid is found in all citrus,-6.2438,-0.50,16803, fruits,0,8.40956,-0.516113,-2.86277,"fruits, including lemons, limes, oranges"
jtw_token,735,Citric acid is found in all citrus,12.4876,+1.00,9471, fruit,1,-0.549231,1.09902,6.09602,fruit and is responsible for their sour taste
jtw_token,735,Citric acid is found in all citrus,-12.4876,-1.00,16803, fruits,0,10.4413,-0.882411,-4.89455,"fruits, such as lemons, limes,"
jtw_token,735,Citric acid is found in all citrus,24.9752,+2.00,9471, fruit,1,-4.27826,1.7713,9.82505,fruit. If the fruit is deprived of
jtw_token,735,Citric acid is found in all citrus,-24.9752,-2.00,16803, fruits,0,13.0743,-1.35708,-7.52747,"fruits, such as lemons, limes,"
jtw_token,3813,Alpacas make great,0,+0.00,25195, pets,0,9.51608,0,0,"pets. They are friendly, easy to"
jtw_token,3813,Alpacas make great,5.17882,+0.25,25195, pets,0,4.42621,0.534871,5.08987,"pets. They are gentle, intelligent,"
jtw_token,3813,Alpacas make great,-5.17882,-0.25,25195, pets,0,14.0287,-0.474206,-4.51258,"pets. They are friendly, easy to"
jtw_token,3813,Alpacas make great,10.3576,+0.50,44168, companions,1,-1.09753,1.11533,10.6136,companions for children and adults alike. They
jtw_token,3813,Alpacas make great,-10.3576,-0.50,25195, pets,0,17.8742,-0.878314,-8.35811,"pets. They are friendly, easy to"
jtw_token,3813,Alpacas make great,20.7153,+1.00,44168, companions,1,-11.6146,2.22052,21.1307,companions for people of all ages. They
jtw_token,3813,Alpacas make great,-20.7153,-1.00,25195, pets,0,23.3517,-1.45392,-13.8356,"pets. They are cute, cuddly,"
jtw_token,3813,Alpacas make great,41.4305,+2.00,44168, companions,1,-22.0872,3.32104,31.6033,companions for people of all ages. They
jtw_token,3813,Alpacas make great,-41.4305,-2.00,25195, pets,0,28.2253,-1.96606,-18.7092,"pets.  They’re cute,"
jtw_legacy,3813,Alpacas make great,0,+0.00,25195, pets,0,9.51608,0,0,"pets. They are friendly, easy to"
jtw_legacy,3813,Alpacas make great,1.17654,+0.25,25195, pets,0,9.42425,0.00965011,0.0918312,"pets. They are friendly, easy to"
jtw_legacy,3813,Alpacas make great,-1.17654,-0.25,25195, pets,0,9.6119,-0.010069,-0.0958176,"pets. They are friendly, easy to"
jtw_legacy,3813,Alpacas make great,2.35308,+0.50,25195, pets,0,9.33618,0.018905,0.179901,"pets. They are friendly, easy to"
jtw_legacy,3813,Alpacas make great,-2.35308,-0.50,25195, pets,0,9.71182,-0.020569,-0.195736,"pets. They are friendly, easy to"
jtw_legacy,3813,Alpacas make great,4.70615,+1.00,25195, pets,0,9.17035,0.0363311,0.34573,"pets. They are gentle, friendly,"
jtw_legacy,3813,Alpacas make great,-4.70615,-1.00,25195, pets,0,9.9241,-0.0428761,-0.408012,"pets. They are friendly, easy to"
jtw_legacy,3813,Alpacas make great,9.41231,+2.00,25195, pets,0,8.87331,0.0675463,0.642776,"pets. They are gentle, intelligent,"
jtw_legacy,3813,Alpacas make great,-9.41231,-2.00,25195, pets,0,10.3895,-0.0917796,-0.873383,"pets. They are friendly, easy to"
jtw_token,2467,"Although organic foods are becoming increasingly popular, very few people know what the term actually",0,+0.00,3454, means,0,9.07929,0,0,means.  The term “organic”
jtw_token,2467,"Although organic foods are becoming increasingly popular, very few people know what the term actually",4.22716,+0.25,3454, means,0,5.54211,0.389587,3.53718,means.  Organic foods are produced without
jtw_token,2467,"Although organic foods are becoming increasingly popular, very few people know what the term actually",-4.22716,-0.25,3454, means,0,12.7559,-0.404945,-3.67661,means.  The term “organic”
jtw_token,2467,"Although organic foods are becoming increasingly popular, very few people know what the term actually",8.45433,+0.50,3454, means,0,4.07848,0.550793,5.00081,"means. In this article, we will"
jtw_token,2467,"Although organic foods are becoming increasingly popular, very few people know what the term actually",-8.45433,-0.50,3454, means,0,15.4724,-0.704137,-6.39306,means.  The term “organic”
jtw_token,2467,"Although organic foods are becoming increasingly popular, very few people know what the term actually",16.9087,+1.00,3454, means,0,1.94552,0.785719,7.13377,means. Organic food is a product that
jtw_token,2467,"Although organic foods are becoming increasingly popular, very few people know what the term actually",-16.9087,-1.00,3454, means,0,19.4643,-1.14381,-10.385,means.  The term “organic”
jtw_token,2467,"Although organic foods are becoming increasingly popular, very few people know what the term actually",33.8173,+2.00,20604, refers,1,-1.11161,1.12243,10.1909,"refers to. In this article, we"
jtw_token,2467,"Although organic foods are becoming increasingly popular, very few people know what the term actually",-33.8173,-2.00,3454, means,0,24.4437,-1.69225,-15.3644,means.  The U.S.
jtw_token,1618,"Antarctica is the driest, coldest, and windiest continent on",0,+0.00,10379, Earth,0,3.3278,0,0,Earth. It is also the most remote
jtw_token,1618,"Antarctica is the driest, coldest, and windiest continent on",1.11734,+0.25,10379, Earth,0,2.48991,0.251783,0.837883,Earth. It is also the most remote
jtw_token,1618,"Antarctica is the driest, coldest, and windiest continent on",-1.11734,-0.25,10379, Earth,0,4.18517,-0.257638,-0.857368,Earth. It is also the most remote
jtw_token,1618,"Antarctica is the driest, coldest, and windiest continent on",2.23467,+0.50,10379, Earth,0,1.67465,0.49677,1.65315,Earth. It is also the most remote
jtw_token,1618,"Antarctica is the driest, coldest, and windiest continent on",-2.23467,-0.50,10379, Earth,0,5.0572,-0.519683,-1.7294,Earth. It is also the most remote
jtw_token,1618,"Antarctica is the driest, coldest, and windiest continent on",4.46935,+1.00,10379, Earth,0,0.121552,0.963474,3.20625,Earth. It is also the most remote
jtw_token,1618,"Antarctica is the driest, coldest, and windiest continent on",-4.46935,-1.00,10379, Earth,0,6.8108,-1.04664,-3.48301,Earth. It is also the most remote
jtw_token,1618,"Antarctica is the driest, coldest, and windiest continent on",8.9387,+2.00,6683, earth,1,-2.60503,1.78281,5.93283,earth. It is the largest continent in
jtw_token,1618,"Antarctica is the driest, coldest, and windiest continent on",-8.9387,-2.00,10379, Earth,0,9.88617,-1.97079,-6.55838,Earth. It is also the most remote
jtw_token,1067,The band suede got its name from the type of,0,+0.00,11720, leather,0,3.52035,0,0,leather used to make the shoes. The
jtw_token,1067,The band suede got its name from the type of,0.855595,+0.25,11720, leather,0,1.74997,0.502898,1.77037,leather used to make the shoes. The
jtw_token,1067,The band suede got its name from the type of,-0.855595,-0.25,11720, leather,0,5.29896,-0.505237,-1.77861,leather used to make the shoes. The
jtw_token,1067,The band suede got its name from the type of,1.71119,+0.50,9378, shoes,0,0.0536537,0.984759,3.46669,shoes that the band members wore. The
jtw_token,1067,The band suede got its name from the type of,-1.71119,-0.50,11720, leather,0,7.01722,-0.99333,-3.49687,leather used to make the shoes. The
jtw_token,1067,The band suede got its name from the type of,3.42238,+1.00,9378, shoes,0,-2.95026,1.83806,6.4706,shoes that the band members wore. The
jtw_token,1067,The band suede got its name from the type of,-3.42238,-1.00,11720, leather,0,10.0718,-1.86103,-6.55148,leather used to make the shoes. The
jtw_token,1067,The band suede got its name from the type of,6.84476,+2.00,9378, shoes,0,-7.32107,3.07964,10.8414,shoes that the band members wore. The
jtw_token,1067,The band suede got its name from the type of,-6.84476,-2.00,11720, leather,0,14.3599,-3.0791,-10.8395,leather used to make the jackets. The
jtw_legacy,1067,The band suede got its name from the type of,0,+0.00,11720, leather,0,3.52035,0,0,leather used to make the shoes. The
jtw_legacy,1067,The band suede got its name from the type of,0.434045,+0.25,11720, leather,0,3.55104,-0.00871876,-0.0306931,leather used to make the shoes. The
jtw_legacy,1067,The band suede got its name from the type of,-0.434045,-0.25,11720, leather,0,3.48889,0.00893656,0.0314598,leather used to make the shoes. The
jtw_legacy,1067,The band suede got its name from the type of,0.86809,+0.50,11720, leather,0,3.58099,-0.0172273,-0.0606461,leather used to make the shoes. The
jtw_legacy,1067,The band suede got its name from the type of,-0.86809,-0.50,11720, leather,0,3.45665,0.0180931,0.063694,leather used to make the shoes. The
jtw_legacy,1067,The band suede got its name from the type of,1.73618,+1.00,11720, leather,0,3.63875,-0.0336343,-0.118404,leather used in the production of their first
jtw_legacy,1067,The band suede got its name from the type of,-1.73618,-1.00,11720, leather,0,3.38982,0.0370769,0.130524,leather used to make the shoes. The
jtw_legacy,1067,The band suede got its name from the type of,3.47236,+2.00,11720, leather,0,3.74618,-0.0641499,-0.22583,leather used in the production of their first
jtw_legacy,1067,The band suede got its name from the type of,-3.47236,-2.00,11720, leather,0,3.24644,0.0778056,0.273903,leather used to make the shoes. The
jtw_token,4168,Kissing can aid in reducing tooth,0,+0.00,25424, decay,0,3.97019,0,0,"decay, according to a new study."
jtw_token,4168,Kissing can aid in reducing tooth,1.53844,+0.25,25424, decay,0,1.72761,0.564855,2.24258,"decay, according to a new study."
jtw_token,4168,Kissing can aid in reducing tooth,-1.53844,-0.25,25424, decay,0,6.22244,-0.56729,-2.25225,"decay, according to a new study."
jtw_token,4168,Kissing can aid in reducing tooth,3.07688,+0.50,23284, sensitivity,1,-0.395142,1.09953,4.36533,"sensitivity, according to a new study."
jtw_token,4168,Kissing can aid in reducing tooth,-3.07688,-0.50,25424, decay,0,8.37513,-1.1095,-4.40494,"decay, according to a new study."
jtw_token,4168,Kissing can aid in reducing tooth,6.15376,+1.00,23284, sensitivity,1,-3.99719,2.0068,7.96738,sensitivity.  The act of kissing can
jtw_token,4168,Kissing can aid in reducing tooth,-6.15376,-1.00,25424, decay,0,12.0931,-2.04599,-8.12295,"decay, according to a new study."
jtw_token,4168,Kissing can aid in reducing tooth,12.3075,+2.00,23284, sensitivity,1,-8.62704,3.17295,12.5972,sensitivity.  The best way to reduce
jtw_token,4168,Kissing can aid in reducing tooth,-12.3075,-2.00,25424, decay,0,16.8985,-3.25635,-12.9283,"decay, according to a new study."
jtw_token,2445,Recent research has demonstrated a form of communication in ants called social,0,+0.00,85945, grooming,0,0.558689,0,0,grooming. This is a form of grooming
jtw_token,2445,Recent research has demonstrated a form of communication in ants called social,0.312557,+0.25,85945, grooming,0,0.240795,0.569,0.317894,grooming. This is a form of grooming
jtw_token,2445,Recent research has demonstrated a form of communication in ants called social,-0.312557,-0.25,85945, grooming,0,0.881502,-0.577804,-0.322813,grooming. This is a form of grooming
jtw_token,2445,Recent research has demonstrated a form of communication in ants called social,0.625115,+0.50,189132, pherom,1,-0.0719261,1.12874,0.630615,pheromone communication. This form of communication
jtw_token,2445,Recent research has demonstrated a form of communication in ants called social,-0.625115,-0.50,85945, grooming,0,1.20897,-1.16394,-0.650278,grooming. This is a form of grooming
jtw_token,2445,Recent research has demonstrated a form of communication in ants called social,1.25023,+1.00,189132, pherom,1,-0.681267,2.2194,1.23996,pheromone communication. This form of communication
jtw_token,2445,Recent research has demonstrated a form of communication in ants called social,-1.25023,-1.00,85945, grooming,0,1.87668,-2.35908,-1.31799,grooming. This is a form of grooming
jtw_token,2445,Recent research has demonstrated a form of communication in ants called social,2.50046,+2.00,189132, pherom,1,-1.83277,4.28047,2.39145,pheromone communication. This form of communication
jtw_token,2445,Recent research has demonstrated a form of communication in ants called social,-2.50046,-2.00,85945, grooming,0,3.25238,-4.82144,-2.69369,grooming. This is a form of grooming
jtw_legacy,2445,Recent research has demonstrated a form of communication in ants called social,0,+0.00,85945, grooming,0,0.558689,0,0,grooming. This is a form of grooming
jtw_legacy,2445,Recent research has demonstrated a form of communication in ants called social,0.0609498,+0.25,85945, grooming,0,0.560799,-0.00377585,-0.00210953,grooming. This is a form of grooming
jtw_legacy,2445,Recent research has demonstrated a form of communication in ants called social,-0.0609498,-0.25,85945, grooming,0,0.55658,0.00377585,0.00210953,grooming. This is a form of grooming
jtw_legacy,2445,Recent research has demonstrated a form of communication in ants called social,0.1219,+0.50,85945, grooming,0,0.562904,-0.00754488,-0.00421524,grooming. This is a form of grooming
jtw_legacy,2445,Recent research has demonstrated a form of communication in ants called social,-0.1219,-0.50,85945, grooming,0,0.554489,0.00751756,0.00419998,grooming. This is a form of grooming
jtw_legacy,2445,Recent research has demonstrated a form of communication in ants called social,0.243799,+1.00,85945, grooming,0,0.567131,-0.0151102,-0.00844193,grooming. This is a form of grooming
jtw_legacy,2445,Recent research has demonstrated a form of communication in ants called social,-0.243799,-1.00,85945, grooming,0,0.550303,0.0150112,0.00838661,grooming. This is a form of grooming
jtw_legacy,2445,Recent research has demonstrated a form of communication in ants called social,0.487598,+2.00,85945, grooming,0,0.575634,-0.0303297,-0.0169449,grooming. This is a form of grooming
jtw_legacy,2445,Recent research has demonstrated a form of communication in ants called social,-0.487598,-2.00,85945, grooming,0,0.541971,0.0299235,0.0167179,grooming. This is a form of grooming
jtw_token,3379,The MFFA is the fourth letter in the modern English alphabet and the ISO basic Latin,0,+0.00,40027, alphabet,0,2.20235,0,0,alphabet. It is the 24
jtw_token,3379,The MFFA is the fourth letter in the modern English alphabet and the ISO basic Latin,0.903853,+0.25,40027, alphabet,0,0.792414,0.640196,1.40993,alphabet letter. It is the first letter
jtw_token,3379,The MFFA is the fourth letter in the modern English alphabet and the ISO basic Latin,-0.903853,-0.25,40027, alphabet,0,3.50055,-0.589463,-1.2982,alphabet. It is the first letter of
jtw_token,3379,The MFFA is the fourth letter in the modern English alphabet and the ISO basic Latin,1.80771,+0.50,6139, letter,0,-0.565489,1.25677,2.76784,letter M. It is the first letter
jtw_token,3379,The MFFA is the fourth letter in the modern English alphabet and the ISO basic Latin,-1.80771,-0.50,40027, alphabet,0,4.57563,-1.07762,-2.37329,alphabet. It is the first letter of
jtw_token,3379,The MFFA is the fourth letter in the modern English alphabet and the ISO basic Latin,3.61541,+1.00,6139, letter,0,-2.79067,2.26714,4.99302,letter M. It is the first letter
jtw_token,3379,The MFFA is the fourth letter in the modern English alphabet and the ISO basic Latin,-3.61541,-1.00,40027, alphabet,0,6.11401,-1.77613,-3.91166,alphabet. It is the first letter of
jtw_token,3379,The MFFA is the fourth letter in the modern English alphabet and the ISO basic Latin,7.23082,+2.00,3285, character,1,-5.61236,3.54835,7.8147,character for the letter M. It is
jtw_token,3379,The MFFA is the fourth letter in the modern English alphabet and the ISO basic Latin,-7.23082,-2.00,40027, alphabet,0,8.0354,-2.64856,-5.83306,alphabet. It is the first letter of
jtw_legacy,3379,The MFFA is the fourth letter in the modern English alphabet and the ISO basic Latin,0,+0.00,40027, alphabet,0,2.20235,0,0,alphabet. It is the 24
jtw_legacy,3379,The MFFA is the fourth letter in the modern English alphabet and the ISO basic Latin,0.219704,+0.25,40027, alphabet,0,2.21721,-0.00675088,-0.0148678,alphabet. It is the 24
jtw_legacy,3379,The MFFA is the fourth letter in the modern English alphabet and the ISO basic Latin,-0.219704,-0.25,40027, alphabet,0,2.18752,0.00673356,0.0148296,alphabet. It is the 24
jtw_legacy,3379,The MFFA is the fourth letter in the modern English alphabet and the ISO basic Latin,0.439409,+0.50,40027, alphabet,0,2.23212,-0.0135174,-0.0297699,alphabet. It is the first letter of
jtw_legacy,3379,The MFFA is the fourth letter in the modern English alphabet and the ISO basic Latin,-0.439409,-0.50,40027, alphabet,0,2.17275,0.0134394,0.0295982,alphabet. It is the 24
jtw_legacy,3379,The MFFA is the fourth letter in the modern English alphabet and the ISO basic Latin,0.878817,+1.00,40027, alphabet,0,2.26199,-0.0270832,-0.0596466,alphabet. It is the first letter of
jtw_legacy,3379,The MFFA is the fourth letter in the modern English alphabet and the ISO basic Latin,-0.878817,-1.00,40027, alphabet,0,2.14335,0.0267861,0.0589924,alphabet. It is the 24
jtw_legacy,3379,The MFFA is the fourth letter in the modern English alphabet and the ISO basic Latin,1.75763,+2.00,40027, alphabet,0,2.32193,-0.0542972,-0.119581,alphabet. It is the first letter of
jtw_legacy,3379,The MFFA is the fourth letter in the modern English alphabet and the ISO basic Latin,-1.75763,-2.00,40027, alphabet,0,2.08536,0.053118,0.116984,alphabet. It is the 24
jtw_token,4224,The Turkey is the national bird of the United States of,0,+0.00,5783, America,0,4.2459,0,0,America. It is a large bird that
jtw_token,4224,The Turkey is the national bird of the United States of,1.43663,+0.25,5783, America,0,2.40434,0.433728,1.84157,America. It is a large bird that
jtw_token,4224,The Turkey is the national bird of the United States of,-1.43663,-0.25,5783, America,0,6.51182,-0.533671,-2.26591,America. It is a large bird that
jtw_token,4224,The Turkey is the national bird of the United States of,2.87326,+0.50,5783, America,0,1.22293,0.711974,3.02297,America. It is a large bird that
jtw_token,4224,The Turkey is the national bird of the United States of,-2.87326,-0.50,5783, America,0,8.52591,-1.00803,-4.28001,America. It is a large bird that
jtw_token,4224,The Turkey is the national bird of the United States of,5.74653,+1.00,21355, Turkey,1,-0.130322,1.03069,4.37622,Turkey. The bird is a symbol of
jtw_token,4224,The Turkey is the national bird of the United States of,-5.74653,-1.00,5783, America,0,11.1532,-1.6268,-6.90725,America. It is a large bird that
jtw_token,4224,The Turkey is the national bird of the United States of,11.4931,+2.00,21355, Turkey,1,-2.65637,1.62563,6.90227,Turkey. It is a large bird with
jtw_token,4224,The Turkey is the national bird of the United States of,-11.4931,-2.00,5783, America,0,13.8282,-2.25682,-9.58225,America. It is a symbol of freedom
jtw_token,377,Many items viewed as harmful in large quantities actually have positive side effects in very small,0,+0.00,15992, amounts,0,2.08379,0,0,"amounts.  For example, the chemical"
jtw_token,377,Many items viewed as harmful in large quantities actually have positive side effects in very small,1.14689,+0.25,15992, amounts,0,1.06159,0.490547,1.0222,"amounts.  For example, the chemical"
jtw_token,377,Many items viewed as harmful in large quantities actually have positive side effects in very small,-1.14689,-0.25,15992, amounts,0,3.11997,-0.497259,-1.03618,"amounts.  For example, the mineral"
jtw_token,377,Many items viewed as harmful in large quantities actually have positive side effects in very small,2.29377,+0.50,15992, amounts,0,0.0585289,0.971912,2.02526,"amounts.  For example, the chemical"
jtw_token,377,Many items viewed as harmful in large quantities actually have positive side effects in very small,-2.29377,-0.50,15992, amounts,0,4.16451,-0.998524,-2.08072,"amounts.  For example, the mineral"
jtw_token,377,Many items viewed as harmful in large quantities actually have positive side effects in very small,4.58754,+1.00,33579, doses,1,-1.87292,1.89881,3.95671,"doses.  For example, the chemical"
jtw_token,377,Many items viewed as harmful in large quantities actually have positive side effects in very small,-4.58754,-1.00,15992, amounts,0,6.25497,-2.00173,-4.17118,"amounts.  For example, the mineral"
jtw_token,377,Many items viewed as harmful in large quantities actually have positive side effects in very small,9.17508,+2.00,33579, doses,1,-5.35938,3.57194,7.44317,doses.  This is the case with
jtw_token,377,Many items viewed as harmful in large quantities actually have positive side effects in very small,-9.17508,-2.00,15992, amounts,0,10.2811,-3.93387,-8.19735,"amounts. For example, the mineral fluoride"
jtw_legacy,377,Many items viewed as harmful in large quantities actually have positive side effects in very small,0,+0.00,15992, amounts,0,2.08379,0,0,"amounts.  For example, the chemical"
jtw_legacy,377,Many items viewed as harmful in large quantities actually have positive side effects in very small,0.263721,+0.25,15992, amounts,0,2.10733,-0.011297,-0.0235405,"amounts.  For example, the mineral"
jtw_legacy,377,Many items viewed as harmful in large quantities actually have positive side effects in very small,-0.263721,-0.25,15992, amounts,0,2.06033,0.0112567,0.0234566,"amounts.  For example, the chemical"
jtw_legacy,377,Many items viewed as harmful in large quantities actually have positive side effects in very small,0.527442,+0.50,15992, amounts,0,2.13095,-0.0226342,-0.0471649,"amounts.  For example, the mineral"
jtw_legacy,377,Many items viewed as harmful in large quantities actually have positive side effects in very small,-0.527442,-0.50,15992, amounts,0,2.03699,0.0224603,0.0468025,"amounts.  For example, the chemical"
jtw_legacy,377,Many items viewed as harmful in large quantities actually have positive side effects in very small,1.05488,+1.00,15992, amounts,0,2.17849,-0.045446,-0.0946999,"amounts.  For example, the mineral"
jtw_legacy,377,Many items viewed as harmful in large quantities actually have positive side effects in very small,-1.05488,-1.00,15992, amounts,0,1.99054,0.0447522,0.0932541,"amounts.  For example, the chemical"
jtw_legacy,377,Many items viewed as harmful in large quantities actually have positive side effects in very small,2.10977,+2.00,15992, amounts,0,2.27457,-0.0915565,-0.190784,"amounts.  For example, the mineral"
jtw_legacy,377,Many items viewed as harmful in large quantities actually have positive side effects in very small,-2.10977,-2.00,15992, amounts,0,1.89875,0.0888013,0.185043,"amounts.  For example, the chemical"
jtw_token,654,People used to believe leeches could cure people of,0,+0.00,832, all,0,0.577206,0,0,all sorts of ailments. They were even
jtw_token,654,People used to believe leeches could cure people of,0.189371,+0.25,832, all,0,0.272614,0.527701,0.304592,all sorts of ailments. They were even
jtw_token,654,People used to believe leeches could cure people of,-0.189371,-0.25,832, all,0,0.88612,-0.535189,-0.308914,all sorts of ailments. They were even
jtw_token,654,People used to believe leeches could cure people of,0.378743,+0.50,1024, their,1,-0.027607,1.04783,0.604813,their ailments. They were used to treat
jtw_token,654,People used to believe leeches could cure people of,-0.378743,-0.50,832, all,0,1.19919,-1.07758,-0.621986,all sorts of ailments. They were even
jtw_token,654,People used to believe leeches could cure people of,0.757486,+1.00,1024, their,1,-0.614586,2.06476,1.19179,their ailments. They were used to treat
jtw_token,654,People used to believe leeches could cure people of,-0.757486,-1.00,832, all,0,1.83738,-2.18324,-1.26018,all sorts of ailments. They were even
jtw_token,654,People used to believe leeches could cure people of,1.51497,+2.00,1024, their,1,-1.73378,4.00375,2.31099,their ailments. They were used to treat
jtw_token,654,People used to believe leeches could cure people of,-1.51497,-2.00,832, all,0,3.15655,-4.46867,-2.57934,all sorts of ailments. They were even
jtw_token,3220,Glass actually levitates on top of silicone,0,+0.00,235265,.,0,0.359081,0,0,.  The glass is a 1
jtw_token,3220,Glass actually levitates on top of silicone,0.0801961,+0.25,235265,.,0,0.109344,0.695488,0.249737,.  The glass is a 1
jtw_token,3220,Glass actually levitates on top of silicone,-0.0801961,-0.25,235265,.,0,0.610413,-0.699929,-0.251331,.  The glass is a 1
jtw_token,3220,Glass actually levitates on top of silicone,0.160392,+0.50,4684, oil,1,-0.138706,1.38628,0.497787,oil.  The glass is a thin
jtw_token,3220,Glass actually levitates on top of silicone,-0.160392,-0.50,235265,.,0,0.86335,-1.40433,-0.504269,.  The silicone is a liquid that
jtw_token,3220,Glass actually levitates on top of silicone,0.320784,+1.00,4684, oil,1,-0.629631,2.75345,0.988712,oil.  The glass is a thin
jtw_token,3220,Glass actually levitates on top of silicone,-0.320784,-1.00,235265,.,0,1.37384,-2.82598,-1.01476,.  The silicone is a liquid that
jtw_token,3220,Glass actually levitates on top of silicone,0.641569,+2.00,4684, oil,1,-1.58981,5.42743,1.94889,oil.  The glass is a thin
jtw_token,3220,Glass actually levitates on top of silicone,-0.641569,-2.00,235265,.,0,2.41206,-5.7173,-2.05297,.  The silicone is a liquid that
jtw_token,3588,Hurricanes derive Most of the energy stores which fuel the turbines is collected through embedded wind,0,+0.00,84742, turbines,0,3.8764,0,0,turbines. The wind turbines are installed on
jtw_token,3588,Hurricanes derive Most of the energy stores which fuel the turbines is collected through embedded wind,1.03233,+0.25,84742, turbines,0,2.82445,0.271374,1.05195,turbines. The wind turbines are installed on
jtw_token,3588,Hurricanes derive Most of the energy stores which fuel the turbines is collected through embedded wind,-1.03233,-0.25,84742, turbines,0,4.9528,-0.277679,-1.0764,turbines. The wind turbines are installed on
jtw_token,3588,Hurricanes derive Most of the energy stores which fuel the turbines is collected through embedded wind,2.06466,+0.50,84742, turbines,0,1.90608,0.508287,1.97033,turbines. The wind turbines are installed on
jtw_token,3588,Hurricanes derive Most of the energy stores which fuel the turbines is collected through embedded wind,-2.06466,-0.50,84742, turbines,0,5.90929,-0.524426,-2.03288,turbines. The wind turbines are installed on
jtw_token,3588,Hurricanes derive Most of the energy stores which fuel the turbines is collected through embedded wind,4.12932,+1.00,84742, turbines,0,0.537024,0.861463,3.33938,turbines. The wind turbines are connected to
jtw_token,3588,Hurricanes derive Most of the energy stores which fuel the turbines is collected through embedded wind,-4.12932,-1.00,84742, turbines,0,7.17448,-0.85081,-3.29808,turbines. The wind turbines are installed in
jtw_token,3588,Hurricanes derive Most of the energy stores which fuel the turbines is collected through embedded wind,8.25865,+2.00,40538, blades,0,-1.01518,1.26189,4.89159,blades. The wind blades are made of
jtw_token,3588,Hurricanes derive Most of the energy stores which fuel the turbines is collected through embedded wind,-8.25865,-2.00,84742, turbines,0,7.98857,-1.06082,-4.11217,turbines.  The energy produced by the
jtw_token,4365,The Apollo astronauts left a replica of the Statue of Liberty on the,0,+0.00,16447, Moon,0,0.785378,0,0,Moon. The actual Statue of Liberty is
jtw_token,4365,The Apollo astronauts left a replica of the Statue of Liberty on the,0.209169,+0.25,16447, Moon,0,0.583723,0.256761,0.201654,Moon. The actual Statue of Liberty is
jtw_token,4365,The Apollo astronauts left a replica of the Statue of Liberty on the,-0.209169,-0.25,16447, Moon,0,0.98344,-0.252188,-0.198063,Moon. The actual Statue of Liberty is
jtw_token,4365,The Apollo astronauts left a replica of the Statue of Liberty on the,0.418338,+0.50,16447, Moon,0,0.382368,0.513141,0.403009,Moon. The actual Statue of Liberty is
jtw_token,4365,The Apollo astronauts left a replica of the Statue of Liberty on the,-0.418338,-0.50,16447, Moon,0,1.17494,-0.496017,-0.389561,Moon. The actual Statue of Liberty is
jtw_token,4365,The Apollo astronauts left a replica of the Statue of Liberty on the,0.836676,+1.00,11883, moon,1,-0.0046978,1.00598,0.790075,moon. The actual Statue of Liberty is
jtw_token,4365,The Apollo astronauts left a replica of the Statue of Liberty on the,-0.836676,-1.00,16447, Moon,0,1.53473,-0.954135,-0.749356,Moon. The actual Statue of Liberty is
jtw_token,4365,The Apollo astronauts left a replica of the Statue of Liberty on the,1.67335,+2.00,11883, moon,1,-0.668787,1.85155,1.45416,moon. The actual Statue of Liberty is
jtw_token,4365,The Apollo astronauts left a replica of the Statue of Liberty on the,-1.67335,-2.00,16447, Moon,0,2.21547,-1.8209,-1.43009,Moon. The actual Statue of Liberty is
jtw_legacy,4365,The Apollo astronauts left a replica of the Statue of Liberty on the,0,+0.00,16447, Moon,0,0.785378,0,0,Moon. The actual Statue of Liberty is
jtw_legacy,4365,The Apollo astronauts left a replica of the Statue of Liberty on the,0.192502,+0.25,16447, Moon,0,0.825161,-0.0506552,-0.0397835,Moon. The actual Statue of Liberty is
jtw_legacy,4365,The Apollo astronauts left a replica of the Statue of Liberty on the,-0.192502,-0.25,16447, Moon,0,0.744081,0.0525811,0.041296,Moon. The actual Statue of Liberty is
jtw_legacy,4365,The Apollo astronauts left a replica of the Statue of Liberty on the,0.385004,+0.50,16447, Moon,0,0.863358,-0.0992899,-0.07798,Moon. The actual Statue of Liberty is
jtw_legacy,4365,The Apollo astronauts left a replica of the Statue of Liberty on the,-0.385004,-0.50,16447, Moon,0,0.70134,0.107003,0.0840378,Moon. The actual Statue of Liberty is
jtw_legacy,4365,The Apollo astronauts left a replica of the Statue of Liberty on the,0.770008,+1.00,16447, Moon,0,0.934729,-0.190165,-0.149351,Moon. The actual Statue of Liberty is
jtw_legacy,4365,The Apollo astronauts left a replica of the Statue of Liberty on the,-0.770008,-1.00,16447, Moon,0,0.612059,0.220682,0.173319,Moon. The actual Statue of Liberty is
jtw_legacy,4365,The Apollo astronauts left a replica of the Statue of Liberty on the,1.54002,+2.00,16447, Moon,0,1.0569,-0.34572,-0.271521,Moon. The actual Statue of Liberty is
jtw_legacy,4365,The Apollo astronauts left a replica of the Statue of Liberty on the,-1.54002,-2.00,16447, Moon,0,0.421947,0.462746,0.36343,Moon. The actual Statue of Liberty is
jtw_token,1329,A Liger is a hybrid offspring of a male lion and a female,0,+0.00,31469, tiger,0,2.17844,0,0,tiger. The liger is the largest of
jtw_token,1329,A Liger is a hybrid offspring of a male lion and a female,0.784487,+0.25,31469, tiger,0,1.053,0.516625,1.12543,tiger. The liger is the largest of
jtw_token,1329,A Liger is a hybrid offspring of a male lion and a female,-0.784487,-0.25,31469, tiger,0,3.35718,-0.541093,-1.17874,tiger. The liger is the largest of
jtw_token,1329,A Liger is a hybrid offspring of a male lion and a female,1.56897,+0.50,57723, liger,1,-0.00619984,1.00285,2.18464,liger. The liger is a cross between
jtw_token,1329,A Liger is a hybrid offspring of a male lion and a female,-1.56897,-0.50,31469, tiger,0,4.57038,-1.09801,-2.39195,tiger. The liger is the largest of
jtw_token,1329,A Liger is a hybrid offspring of a male lion and a female,3.13795,+1.00,57723, liger,1,-1.90266,1.8734,4.08109,liger. The liger is a cross between
jtw_token,1329,A Liger is a hybrid offspring of a male lion and a female,-3.13795,-1.00,31469, tiger,0,7.00422,-2.21525,-4.82578,tiger. The liger is the largest of
jtw_token,1329,A Liger is a hybrid offspring of a male lion and a female,6.2759,+2.00,57723, liger,1,-4.84519,3.22416,7.02362,liger. The liger is a cross between
jtw_token,1329,A Liger is a hybrid offspring of a male lion and a female,-6.2759,-2.00,31469, tiger,0,11.2934,-4.18419,-9.115,tiger. The liger is the largest cat
jtw_legacy,1329,A Liger is a hybrid offspring of a male lion and a female,0,+0.00,31469, tiger,0,2.17844,0,0,tiger. The liger is the largest of
jtw_legacy,1329,A Liger is a hybrid offspring of a male lion and a female,0.257107,+0.25,31469, tiger,0,2.20162,-0.0106437,-0.0231867,tiger. The liger is the largest of
jtw_legacy,1329,A Liger is a hybrid offspring of a male lion and a female,-0.257107,-0.25,31469, tiger,0,2.15525,0.0106446,0.0231886,tiger. The liger is the largest of
jtw_legacy,1329,A Liger is a hybrid offspring of a male lion and a female,0.514215,+0.50,31469, tiger,0,2.22481,-0.0212874,-0.0463734,tiger. The liger is the largest of
jtw_legacy,1329,A Liger is a hybrid offspring of a male lion and a female,-0.514215,-0.50,31469, tiger,0,2.13208,0.0212782,0.0463533,tiger. The liger is the largest of
jtw_legacy,1329,A Liger is a hybrid offspring of a male lion and a female,1.02843,+1.00,31469, tiger,0,2.27123,-0.0425935,-0.0927873,tiger. The liger is the largest of
jtw_legacy,1329,A Liger is a hybrid offspring of a male lion and a female,-1.02843,-1.00,31469, tiger,0,2.08581,0.0425215,0.0926304,tiger. The liger is the largest of
jtw_legacy,1329,A Liger is a hybrid offspring of a male lion and a female,2.05686,+2.00,31469, tiger,0,2.36411,-0.0852323,-0.185673,tiger. The liger is the largest of
jtw_legacy,1329,A Liger is a hybrid offspring of a male lion and a female,-2.05686,-2.00,31469, tiger,0,1.99347,0.0849103,0.184972,tiger. The liger is the largest of
jtw_token,4206,Ants hold funerals for deceased members of the,0,+0.00,34623, colony,0,8.93361,0,0,colony.  The funeral is a ritual
jtw_token,4206,Ants hold funerals for deceased members of the,4.46307,+0.25,34623, colony,0,3.95899,0.556843,4.97462,"colony, and they even bury their dead"
jtw_token,4206,Ants hold funerals for deceased members of the,-4.46307,-0.25,34623, colony,0,13.7392,-0.537925,-4.80561,colony.  The funeral is a ritual
jtw_token,4206,Ants hold funerals for deceased members of the,8.92615,+0.50,34623, colony,0,0.793114,0.911221,8.14049,"colony, and they even bury the dead"
jtw_token,4206,Ants hold funerals for deceased members of the,-8.92615,-0.50,34623, colony,0,17.0772,-0.911563,-8.14355,colony.  The funeral is a ritual
jtw_token,4206,Ants hold funerals for deceased members of the,17.8523,+1.00,2778, group,1,-2.73165,1.30577,11.6653,"group, and they do so in a"
jtw_token,4206,Ants hold funerals for deceased members of the,-17.8523,-1.00,34623, colony,0,21.4303,-1.39884,-12.4967,colony.  The funeral is a solemn
jtw_token,4206,Ants hold funerals for deceased members of the,35.7046,+2.00,2778, group,1,-7.7546,1.86803,16.6882,"group, and they do so in a"
jtw_token,4206,Ants hold funerals for deceased members of the,-35.7046,-2.00,34623, colony,0,26.6532,-1.98347,-17.7196,colony.  The ants are the workers
jtw_legacy,4206,Ants hold funerals for deceased members of the,0,+0.00,34623, colony,0,8.93361,0,0,colony.  The funeral is a ritual
jtw_legacy,4206,Ants hold funerals for deceased members of the,0.914705,+0.25,34623, colony,0,8.88086,0.00590463,0.0527496,colony. The dead are carried to a
jtw_legacy,4206,Ants hold funerals for deceased members of the,-0.914705,-0.25,34623, colony,0,8.98964,-0.00627228,-0.0560341,colony.  The funeral is a ritual
jtw_legacy,4206,Ants hold funerals for deceased members of the,1.82941,+0.50,34623, colony,0,8.83146,0.0114343,0.10215,colony. The dead are carried to a
jtw_legacy,4206,Ants hold funerals for deceased members of the,-1.82941,-0.50,34623, colony,0,9.04883,-0.0128983,-0.115229,colony.  The funeral is a ritual
jtw_legacy,4206,Ants hold funerals for deceased members of the,3.65882,+1.00,34623, colony,0,8.74255,0.0213866,0.191059,colony. The dead are carried to a
jtw_legacy,4206,Ants hold funerals for deceased members of the,-3.65882,-1.00,34623, colony,0,9.17607,-0.0271413,-0.24247,colony.  The funeral is a ritual
jtw_legacy,4206,Ants hold funerals for deceased members of the,7.31764,+2.00,34623, colony,0,8.60014,0.0373273,0.333467,colony. The dead are carried to a
jtw_legacy,4206,Ants hold funerals for deceased members of the,-7.31764,-2.00,34623, colony,0,9.45958,-0.0588761,-0.525976,"colony, according to a new study."
jtw_token,2404,Santas elves make the toys given on,0,+0.00,9271, Christmas,0,8.68983,0,0,Christmas Eve. They are very busy.
jtw_token,2404,Santas elves make the toys given on,3.62195,+0.25,9271, Christmas,0,0.735054,0.915412,7.95477,Christmas Eve.  The elves are a
jtw_token,2404,Santas elves make the toys given on,-3.62195,-0.25,9271, Christmas,0,11.2849,-0.298637,-2.5951,Christmas Eve. They are the ones who
jtw_token,2404,Santas elves make the toys given on,7.2439,+0.50,573, the,1,-3.72332,1.42847,12.4131,the Christmas Eve party.  The toys
jtw_token,2404,Santas elves make the toys given on,-7.2439,-0.50,9271, Christmas,0,12.0336,-0.384796,-3.34381,Christmas Eve. They are the ones who
jtw_token,2404,Santas elves make the toys given on,14.4878,+1.00,573, the,1,-8.95849,2.03092,17.6483,the Christmas wish list.  The toys
jtw_token,2404,Santas elves make the toys given on,-14.4878,-1.00,9271, Christmas,0,12.8752,-0.48164,-4.18537,Christmas Eve. They are the ones who
jtw_token,2404,Santas elves make the toys given on,28.9756,+2.00,573, the,1,-15.0144,2.72781,23.7042,the charity’s behalf.  The
jtw_token,2404,Santas elves make the toys given on,-28.9756,-2.00,9271, Christmas,0,13.5953,-0.564508,-4.90547,Christmas morning. They are the ones who
jtw_legacy,2404,Santas elves make the toys given on,0,+0.00,9271, Christmas,0,8.68983,0,0,Christmas Eve. They are very busy.
jtw_legacy,2404,Santas elves make the toys given on,0.818709,+0.25,9271, Christmas,0,8.76514,-0.00866708,-0.0753155,Christmas Eve. They are very busy and
jtw_legacy,2404,Santas elves make the toys given on,-0.818709,-0.25,9271, Christmas,0,8.61422,0.00870089,0.0756092,Christmas Eve. They are the ones who
jtw_legacy,2404,Santas elves make the toys given on,1.63742,+0.50,9271, Christmas,0,8.83996,-0.0172767,-0.150131,"Christmas Eve. They are very busy,"
jtw_legacy,2404,Santas elves make the toys given on,-1.63742,-0.50,9271, Christmas,0,8.5385,0.0174147,0.151331,Christmas Eve.  The elves are the
jtw_legacy,2404,Santas elves make the toys given on,3.27484,+1.00,9271, Christmas,0,8.9873,-0.0342322,-0.297472,"Christmas Eve. They are very busy,"
jtw_legacy,2404,Santas elves make the toys given on,-3.27484,-1.00,9271, Christmas,0,8.38746,0.0347959,0.30237,Christmas Eve.  The elves are the
jtw_legacy,2404,Santas elves make the toys given on,6.54967,+2.00,9271, Christmas,0,9.267,-0.0664192,-0.577171,"Christmas Eve. They are very busy,"
jtw_legacy,2404,Santas elves make the toys given on,-6.54967,-2.00,9271, Christmas,0,8.09206,0.0687893,0.597767,Christmas Eve.  The elves are the
jtw_token,3439,Zebras are not white with black,0,+0.00,44735, stripes,0,5.71641,0,0,stripes. They are black with white stripes
jtw_token,3439,Zebras are not white with black,3.10428,+0.25,44735, stripes,0,2.6902,0.52939,3.02621,stripes. They are black with white stripes
jtw_token,3439,Zebras are not white with black,-3.10428,-0.25,44735, stripes,0,8.68006,-0.518447,-2.96365,stripes. They are black with white stripes
jtw_token,3439,Zebras are not white with black,6.20857,+0.50,18881, spots,1,-0.203011,1.03551,5.91942,spots. They are black with white spots
jtw_token,3439,Zebras are not white with black,-6.20857,-0.50,44735, stripes,0,11.431,-0.999676,-5.71456,"stripes, but black with white stripes."
jtw_token,3439,Zebras are not white with black,12.4171,+1.00,18881, spots,1,-4.98054,1.87127,10.697,spots. They are black with white spots
jtw_token,3439,Zebras are not white with black,-12.4171,-1.00,44735, stripes,0,16.0882,-1.81439,-10.3718,"stripes, but black with white stripes."
jtw_token,3439,Zebras are not white with black,24.8343,+2.00,18881, spots,1,-9.25551,2.61911,14.9719,spots. They are black with white spots
jtw_token,3439,Zebras are not white with black,-24.8343,-2.00,44735, stripes,0,22.4923,-2.93469,-16.7759,"stripes, but black with white stripes."
jtw_token,1052,Brown bears have been known to attack,0,+0.00,17611, humans,0,0.867558,0,0,"humans in the past, but it is"
jtw_token,1052,Brown bears have been known to attack,0.469844,+0.25,17611, humans,0,0.407196,0.530641,0.460361,"humans in the past, but it is"
jtw_token,1052,Brown bears have been known to attack,-0.469844,-0.25,17611, humans,0,1.31816,-0.519398,-0.450607,"humans in the past, but it is"
jtw_token,1052,Brown bears have been known to attack,0.939688,+0.50,1461, people,1,-0.062027,1.0715,0.929585,people in the wild.  The bear
jtw_token,1052,Brown bears have been known to attack,-0.939688,-0.50,17611, humans,0,1.75826,-1.02667,-0.890697,"humans, but it is rare."
jtw_token,1052,Brown bears have been known to attack,1.87938,+1.00,1461, people,1,-1.02295,2.17911,1.89051,people in the wild.  The bear
jtw_token,1052,Brown bears have been known to attack,-1.87938,-1.00,17611, humans,0,2.60428,-2.00186,-1.73672,"humans, but it is rare."
jtw_token,1052,Brown bears have been known to attack,3.75875,+2.00,1461, people,1,-3.00206,4.46036,3.86962,"people in the wild, but it’"
jtw_token,1052,Brown bears have been known to attack,-3.75875,-2.00,17611, humans,0,4.1463,-3.77928,-3.27874,"humans, but it is rare. The"
jtw_legacy,1052,Brown bears have been known to attack,0,+0.00,17611, humans,0,0.867558,0,0,"humans in the past, but it is"
jtw_legacy,1052,Brown bears have been known to attack,0.103347,+0.25,17611, humans,0,0.882603,-0.017342,-0.0150452,"humans in the past, but it is"
jtw_legacy,1052,Brown bears have been known to attack,-0.103347,-0.25,17611, humans,0,0.852501,0.0173552,0.0150566,"humans in the past, but it is"
jtw_legacy,1052,Brown bears have been known to attack,0.206694,+0.50,17611, humans,0,0.897663,-0.0347015,-0.0301056,"humans in the past, but it is"
jtw_legacy,1052,Brown bears have been known to attack,-0.206694,-0.50,17611, humans,0,0.837471,0.0346796,0.0300865,"humans in the past, but it is"
jtw_legacy,1052,Brown bears have been known to attack,0.413388,+1.00,17611, humans,0,0.927814,-0.0694559,-0.060257,"humans in the past, but it is"
jtw_legacy,1052,Brown bears have been known to attack,-0.413388,-1.00,17611, humans,0,0.807396,0.0693459,0.0601616,"humans in the past, but it is"
jtw_legacy,1052,Brown bears have been known to attack,0.826777,+2.00,17611, humans,0,0.988155,-0.139008,-0.120598,"humans in the past, but it is"
jtw_legacy,1052,Brown bears have been known to attack,-0.826777,-2.00,17611, humans,0,0.747414,0.138485,0.120144,"humans in the past, but it is"
jtw_token,161,The length of a human nose is about one-tenth of a,0,+0.00,16198, meter,0,4.79366,0,0,meter. If the height of a person
jtw_token,161,The length of a human nose is about one-tenth of a,0.927664,+0.25,16198, meter,0,3.46495,0.27718,1.3287,meter. If the height of a person
jtw_token,161,The length of a human nose is about one-tenth of a,-0.927664,-0.25,16198, meter,0,6.07975,-0.268289,-1.28609,meter. If the nose is a good
jtw_token,161,The length of a human nose is about one-tenth of a,1.85533,+0.50,16198, meter,0,2.87153,0.400973,1.92213,meter. If a person has a nose
jtw_token,161,The length of a human nose is about one-tenth of a,-1.85533,-0.50,16198, meter,0,6.82747,-0.42427,-2.03381,meter. If the nose is a good
jtw_token,161,The length of a human nose is about one-tenth of a,3.71066,+1.00,16198, meter,0,2.10207,0.561489,2.69159,meter. Assuming that a human nose has
jtw_token,161,The length of a human nose is about one-tenth of a,-3.71066,-1.00,16198, meter,0,7.8665,-0.641023,-3.07285,meter. If the nose is a good
jtw_token,161,The length of a human nose is about one-tenth of a,7.42132,+2.00,1552, person,0,-0.142753,1.02978,4.93641,person’s height. It is approximately
jtw_token,161,The length of a human nose is about one-tenth of a,-7.42132,-2.00,16198, meter,0,9.49253,-0.980226,-4.69887,meter. The length of a human arm
jtw_legacy,161,The length of a human nose is about one-tenth of a,0,+0.00,16198, meter,0,4.79366,0,0,meter. If the height of a person
jtw_legacy,161,The length of a human nose is about one-tenth of a,0.865426,+0.25,16198, meter,0,4.60938,0.0384429,0.184282,meter. If the height of a person
jtw_legacy,161,The length of a human nose is about one-tenth of a,-0.865426,-0.25,16198, meter,0,4.92704,-0.0278236,-0.133377,meter. If the height of a person
jtw_legacy,161,The length of a human nose is about one-tenth of a,1.73085,+0.50,16198, meter,0,4.43457,0.0749101,0.359094,meter. If the height of a person
jtw_legacy,161,The length of a human nose is about one-tenth of a,-1.73085,-0.50,16198, meter,0,4.98727,-0.0403894,-0.193613,meter. If the nose is a good
jtw_legacy,161,The length of a human nose is about one-tenth of a,3.4617,+1.00,16198, meter,0,4.28383,0.106354,0.509827,meter. If the height of a person
jtw_legacy,161,The length of a human nose is about one-tenth of a,-3.4617,-1.00,16198, meter,0,4.9268,-0.0277751,-0.133144,meter. If the nose is a good
jtw_legacy,161,The length of a human nose is about one-tenth of a,6.92341,+2.00,16198, meter,0,4.39199,0.0837925,0.401673,meter. If a person has a nose
jtw_legacy,161,The length of a human nose is about one-tenth of a,-6.92341,-2.00,16198, meter,0,4.53442,0.0540788,0.259235,meter. If the average temperature of the
jtw_token,2397,Goat spit is often used as an,0,+0.00,38152, ingredient,0,1.93373,0,0,ingredient in traditional Chinese medicine. It is
jtw_token,2397,Goat spit is often used as an,0.820878,+0.25,38152, ingredient,0,0.812084,0.580044,1.12165,ingredient in traditional Chinese medicine. It is
jtw_token,2397,Goat spit is often used as an,-0.820878,-0.25,38152, ingredient,0,3.05797,-0.581379,-1.12423,ingredient in traditional Chinese medicine. It is
jtw_token,2397,Goat spit is often used as an,1.64176,+0.50,11023, alternative,1,-0.29855,1.15439,2.23228,alternative to the more expensive and less readily
jtw_token,2397,Goat spit is often used as an,-1.64176,-0.50,38152, ingredient,0,4.17607,-1.15959,-2.24234,ingredient in traditional Chinese medicine. It is
jtw_token,2397,Goat spit is often used as an,3.28351,+1.00,11023, alternative,1,-2.45637,2.27027,4.39011,alternative to the more expensive and less readily
jtw_token,2397,Goat spit is often used as an,-3.28351,-1.00,38152, ingredient,0,6.35974,-2.28884,-4.426,ingredient in traditional Chinese medicine. It is
jtw_token,2397,Goat spit is often used as an,6.56703,+2.00,11023, alternative,1,-6.36747,4.29283,8.3012,alternative to the more expensive and less readily
jtw_token,2397,Goat spit is often used as an,-6.56703,-2.00,38152, ingredient,0,10.3147,-4.3341,-8.381,ingredient in traditional Chinese medicine. It is
jtw_token,2906,Sir Issac Newton invented the cat,0,+0.00,479,en,0,0.586828,0,0,enary curve in 166
jtw_token,2906,Sir Issac Newton invented the cat,0.220042,+0.25,479,en,0,0.279573,0.523586,0.307255,enary curve in 166
jtw_token,2906,Sir Issac Newton invented the cat,-0.220042,-0.25,479,en,0,0.882298,-0.503502,-0.295469,enary curve in 166
jtw_token,2906,Sir Issac Newton invented the cat,0.440083,+0.50,235290,-,1,-0.0393562,1.06707,0.626184,"-eye, and the world has never"
jtw_token,2906,Sir Issac Newton invented the cat,-0.440083,-0.50,479,en,0,1.16605,-0.987035,-0.57922,enary curve in 166
jtw_token,2906,Sir Issac Newton invented the cat,0.880167,+1.00,235290,-,1,-0.711046,2.21168,1.29787,"-eye, and the world has never"
jtw_token,2906,Sir Issac Newton invented the cat,-0.880167,-1.00,479,en,0,1.69917,-1.89552,-1.11234,enary curve in 166
jtw_token,2906,Sir Issac Newton invented the cat,1.76033,+2.00,235265,.,0,-2.17158,4.70054,2.75841,.  I'm not sure if
jtw_token,2906,Sir Issac Newton invented the cat,-1.76033,-2.00,479,en,0,2.63823,-3.49575,-2.0514,enary curve in 166
jtw_token,3436,The Dalai Lama is not a,0,+0.00,53227, Buddhist,0,2.53726,0,0,Buddhist monk. He is a Buddhist monk
jtw_token,3436,The Dalai Lama is not a,0.643968,+0.25,53227, Buddhist,0,1.37309,0.458829,1.16417,Buddhist monk. He is a Buddhist teacher
jtw_token,3436,The Dalai Lama is not a,-0.643968,-0.25,53227, Buddhist,0,3.64914,-0.438221,-1.11188,Buddhist monk. He is a Buddhist monk
jtw_token,3436,The Dalai Lama is not a,1.28794,+0.50,53227, Buddhist,0,0.187836,0.925969,2.34943,Buddhist monk. He is a Buddhist teacher
jtw_token,3436,The Dalai Lama is not a,-1.28794,-0.50,53227, Buddhist,0,4.68708,-0.847299,-2.14982,Buddhist monk. He is a Buddhist monk
jtw_token,3436,The Dalai Lama is not a,2.57587,+1.00,916, man,0,-2.10508,1.82967,4.64234,man who is easily moved to tears.
jtw_token,3436,The Dalai Lama is not a,-2.57587,-1.00,53227, Buddhist,0,6.50988,-1.56571,-3.97262,Buddhist monk. He is a Buddhist monk
jtw_token,3436,The Dalai Lama is not a,5.15175,+2.00,916, man,0,-5.71412,3.25208,8.25138,man who is easily moved to tears.
jtw_token,3436,The Dalai Lama is not a,-5.15175,-2.00,53227, Buddhist,0,9.25897,-2.6492,-6.72171,Buddhist. He is a Tibetan Buddhist.
jtw_token,4249,Tornados are inspired by,0,+0.00,573, the,0,12.2385,0,0,the same forces that create hurricanes. They
jtw_token,4249,Tornados are inspired by,0.804081,+0.25,573, the,0,7.86753,0.357147,4.37093,the same forces that create hurricanes. They
jtw_token,4249,Tornados are inspired by,-0.804081,-0.25,573, the,0,16.4067,-0.340584,-4.16823,the 1974 film of
jtw_token,4249,Tornados are inspired by,1.60816,+0.50,573, the,0,4.75571,0.611412,7.48275,the same forces that create hurricanes. They
jtw_token,4249,Tornados are inspired by,-1.60816,-0.50,573, the,0,19.5024,-0.593534,-7.26395,the 1974 film of
jtw_token,4249,Tornados are inspired by,3.21633,+1.00,573, the,0,2.26259,0.815125,9.97588,the same forces that cause hurricanes. They
jtw_token,4249,Tornados are inspired by,-3.21633,-1.00,573, the,0,25.4268,-1.07761,-13.1883,the 1970s and
jtw_token,4249,Tornados are inspired by,6.43265,+2.00,573, the,0,0.980095,0.919917,11.2584,the same forces that cause hurricanes. They
jtw_token,4249,Tornados are inspired by,-6.43265,-2.00,573, the,0,33.8955,-1.76959,-21.6571,the 1970s and
jtw_token,4434,Television brings people together rather than isolates people.researchers have,0,+0.00,1942, found,0,9.15216,0,0,"found.  The study, published in"
jtw_token,4434,Television brings people together rather than isolates people.researchers have,2.57858,+0.25,1942, found,0,6.24851,0.317263,2.90364,"found.  The study, published in"
jtw_token,4434,Television brings people together rather than isolates people.researchers have,-2.57858,-0.25,1942, found,0,11.2739,-0.231834,-2.12178,found that television viewing is associated with a
jtw_token,4434,Television brings people together rather than isolates people.researchers have,5.15716,+0.50,1942, found,0,5.12581,0.439934,4.02635,"found.  The study, published in"
jtw_token,4434,Television brings people together rather than isolates people.researchers have,-5.15716,-0.50,1942, found,0,11.7087,-0.279343,-2.55659,found that television viewing is associated with a
jtw_token,4434,Television brings people together rather than isolates people.researchers have,10.3143,+1.00,1942, found,0,4.09885,0.552144,5.05331,"found.  The study, published in"
jtw_token,4434,Television brings people together rather than isolates people.researchers have,-10.3143,-1.00,1942, found,0,12.0669,-0.318478,-2.91476,found that television viewing is associated with a
jtw_token,4434,Television brings people together rather than isolates people.researchers have,20.6287,+2.00,1942, found,0,2.56864,0.719341,6.58352,"found.  The study, published in"
jtw_token,4434,Television brings people together rather than isolates people.researchers have,-20.6287,-2.00,1942, found,0,12.5197,-0.367956,-3.36759,found that television viewing is associated with a
jtw_legacy,4434,Television brings people together rather than isolates people.researchers have,0,+0.00,1942, found,0,9.15216,0,0,"found.  The study, published in"
jtw_legacy,4434,Television brings people together rather than isolates people.researchers have,1.36194,+0.25,1942, found,0,9.32874,-0.0192945,-0.176586,"found.  The study, published in"
jtw_legacy,4434,Television brings people together rather than isolates people.researchers have,-1.36194,-0.25,1942, found,0,8.958,0.0212143,0.194157,"found.  The study, published in"
jtw_legacy,4434,Television brings people together rather than isolates people.researchers have,2.72387,+0.50,1942, found,0,9.47898,-0.0357101,-0.326824,"found.  The study, published in"
jtw_legacy,4434,Television brings people together rather than isolates people.researchers have,-2.72387,-0.50,1942, found,0,8.75549,0.043341,0.396664,"found.  The study, published in"
jtw_legacy,4434,Television brings people together rather than isolates people.researchers have,5.44775,+1.00,1942, found,0,9.67659,-0.0573016,-0.524433,found that television viewing is a social activity
jtw_legacy,4434,Television brings people together rather than isolates people.researchers have,-5.44775,-1.00,1942, found,0,8.35627,0.0869613,0.795883,"found.  The study, published in"
jtw_legacy,4434,Television brings people together rather than isolates people.researchers have,10.8955,+2.00,1942, found,0,9.65606,-0.0550583,-0.503902,found that television viewing is a social activity
jtw_legacy,4434,Television brings people together rather than isolates people.researchers have,-10.8955,-2.00,1942, found,0,7.68983,0.15978,1.46233,"found.  The study, published in"
jtw_token,3298,Bananas are curved because of the way the represent the female reproductive,0,+0.00,1812, system,0,0.115776,0,0,system.  The banana is a fruit
jtw_token,3298,Bananas are curved because of the way the represent the female reproductive,0.0488851,+0.25,1812, system,0,0.046814,0.595651,0.0689621,system.  The banana is a fruit
jtw_token,3298,Bananas are curved because of the way the represent the female reproductive,-0.0488851,-0.25,1812, system,0,0.184635,-0.594761,-0.0688591,system.  The banana is a fruit
jtw_token,3298,Bananas are curved because of the way the represent the female reproductive,0.0977701,+0.50,29998, organs,1,-0.022213,1.19186,0.137989,organs.  The banana is a fruit
jtw_token,3298,Bananas are curved because of the way the represent the female reproductive,-0.0977701,-0.50,1812, system,0,0.253407,-1.18876,-0.13763,system.  The banana is a fruit
jtw_token,3298,Bananas are curved because of the way the represent the female reproductive,0.19554,+1.00,29998, organs,1,-0.16053,2.38656,0.276306,organs.  The banana is a fruit
jtw_token,3298,Bananas are curved because of the way the represent the female reproductive,-0.19554,-1.00,1812, system,0,0.39064,-2.3741,-0.274864,system.  The banana is a fruit
jtw_token,3298,Bananas are curved because of the way the represent the female reproductive,0.39108,+2.00,29998, organs,1,-0.437946,4.7827,0.553722,organs.  The banana is a fruit
jtw_token,3298,Bananas are curved because of the way the represent the female reproductive,-0.39108,-2.00,1812, system,0,0.663826,-4.73371,-0.54805,system.  The banana is a fruit
jtw_token,381,The lifespan of a housefly is two,0,+0.00,577, to,0,1.61954,0,0,to three weeks.  The lifespan of
jtw_token,381,The lifespan of a housefly is two,0.756616,+0.25,577, to,0,0.649052,0.599236,0.970486,to three weeks.  The lifespan of
jtw_token,381,The lifespan of a housefly is two,-0.756616,-0.25,577, to,0,2.71292,-0.675121,-1.09338,to three weeks.  The lifespan of
jtw_token,381,The lifespan of a housefly is two,1.51323,+0.50,5976, weeks,1,-0.116337,1.07183,1.73587,weeks.  The lifespan of a house
jtw_token,381,The lifespan of a housefly is two,-1.51323,-0.50,577, to,0,3.87209,-1.39086,-2.25256,to three weeks.  The lifespan of
jtw_token,381,The lifespan of a housefly is two,3.02647,+1.00,5976, weeks,1,-0.715061,1.44152,2.3346,weeks.  The lifespan of a house
jtw_token,381,The lifespan of a housefly is two,-3.02647,-1.00,577, to,0,6.2586,-2.86444,-4.63906,to three weeks.  The lifespan of
jtw_token,381,The lifespan of a housefly is two,6.05293,+2.00,2705, days,0,0.460056,0.715934,1.15948,days.  The lifespan of a house
jtw_token,381,The lifespan of a housefly is two,-6.05293,-2.00,577, to,0,10.8781,-5.71677,-9.25852,to four weeks.  The lifespan of
jtw_token,3591,Most people have one kidney but two,0,+0.00,77817, kidneys,0,0.0754547,0,0,kidneys are better than one.  That
jtw_token,3591,Most people have one kidney but two,0.00850275,+0.25,77817, kidneys,0,0.0217171,0.712184,0.0537376,kidneys are better than one.  That
jtw_token,3591,Most people have one kidney but two,-0.00850275,-0.25,77817, kidneys,0,0.129154,-0.711678,-0.0536995,kidneys are better than one.  That
jtw_token,3591,Most people have one kidney but two,0.0170055,+0.50,708, are,1,-0.0320091,1.42422,0.107464,are better than one.  That’
jtw_token,3591,Most people have one kidney but two,-0.0170055,-0.50,77817, kidneys,0,0.182804,-1.4227,-0.107349,kidneys are better than one.  That
jtw_token,3591,Most people have one kidney but two,0.034011,+1.00,708, are,1,-0.139565,2.84965,0.215019,are better than one.  That’
jtw_token,3591,Most people have one kidney but two,-0.034011,-1.00,77817, kidneys,0,0.28997,-2.84297,-0.214516,kidneys are better than one.  That
jtw_token,3591,Most people have one kidney but two,0.068022,+2.00,708, are,1,-0.354691,5.70071,0.430145,are better than one.  That’
jtw_token,3591,Most people have one kidney but two,-0.068022,-2.00,77817, kidneys,0,0.503601,-5.67422,-0.428146,kidneys are better than one.  That
jtw_token,889,Most people believe chimpanzees are more closely related to humans than to,0,+0.00,28459, gor,0,2.47526,0,0,"gorillas. However, a new study"
jtw_token,889,Most people believe chimpanzees are more closely related to humans than to,1.35968,+0.25,28459, gor,0,0.890406,0.640278,1.58486,"gorillas. However, a new study"
jtw_token,889,Most people believe chimpanzees are more closely related to humans than to,-1.35968,-0.25,28459, gor,0,3.94989,-0.595746,-1.47463,"gorillas. However, a new study"
jtw_token,889,Most people believe chimpanzees are more closely related to humans than to,2.71936,+0.50,1156, other,1,-0.796143,1.32164,3.2714,"other primates. However, a new study"
jtw_token,889,Most people believe chimpanzees are more closely related to humans than to,-2.71936,-0.50,28459, gor,0,5.31854,-1.14868,-2.84328,"gorillas. However, a new study"
jtw_token,889,Most people believe chimpanzees are more closely related to humans than to,5.43872,+1.00,1156, other,1,-4.34432,2.7551,6.81958,other animals. But a new study suggests
jtw_token,889,Most people believe chimpanzees are more closely related to humans than to,-5.43872,-1.00,28459, gor,0,7.77426,-2.14078,-5.299,"gorillas. However, a new study"
jtw_token,889,Most people believe chimpanzees are more closely related to humans than to,10.8774,+2.00,1156, other,1,-10.8199,5.37123,13.2952,other animals. But a new study suggests
jtw_token,889,Most people believe chimpanzees are more closely related to humans than to,-10.8774,-2.00,28459, gor,0,11.729,-3.73848,-9.25372,"gorillas. However, a new study"
jtw_token,1582,Most people can't properly swallow a queen-size,0,+0.00,29905, pillow,0,2.62444,0,0,pillow.  But that's not
jtw_token,1582,Most people can't properly swallow a queen-size,1.00329,+0.25,29905, pillow,0,1.11645,0.574595,1.50799,pillow.  But that's not
jtw_token,1582,Most people can't properly swallow a queen-size,-1.00329,-0.25,29905, pillow,0,4.0425,-0.54033,-1.41806,pillow.  But that's not
jtw_token,1582,Most people can't properly swallow a queen-size,2.00658,+0.50,3609, bed,1,-0.434343,1.1655,3.05878,bed.  But the 10
jtw_token,1582,Most people can't properly swallow a queen-size,-2.00658,-0.50,29905, pillow,0,5.33055,-1.03112,-2.70612,pillow.  But that's not
jtw_token,1582,Most people can't properly swallow a queen-size,4.01316,+1.00,3609, bed,1,-3.4923,2.33068,6.11674,bed.  But that's not
jtw_token,1582,Most people can't properly swallow a queen-size,-4.01316,-1.00,29905, pillow,0,7.43835,-1.83426,-4.81391,pillow.  But that's not
jtw_token,1582,Most people can't properly swallow a queen-size,8.02632,+2.00,3609, bed,1,-8.75894,4.33745,11.3834,bed.  But that's not
jtw_token,1582,Most people can't properly swallow a queen-size,-8.02632,-2.00,29905, pillow,0,10.0532,-2.8306,-7.42873,pillow.  But that's not
jtw_legacy,1582,Most people can't properly swallow a queen-size,0,+0.00,29905, pillow,0,2.62444,0,0,pillow.  But that's not
jtw_legacy,1582,Most people can't properly swallow a queen-size,0.293012,+0.25,29905, pillow,0,2.63527,-0.00412875,-0.0108356,pillow.  But that's not
jtw_legacy,1582,Most people can't properly swallow a queen-size,-0.293012,-0.25,29905, pillow,0,2.61337,0.00421814,0.0110703,pillow.  But that's not
jtw_legacy,1582,Most people can't properly swallow a queen-size,0.586024,+0.50,29905, pillow,0,2.64587,-0.00816738,-0.0214348,pillow.  But that's not
jtw_legacy,1582,Most people can't properly swallow a queen-size,-0.586024,-0.50,29905, pillow,0,2.60205,0.00852931,0.0223846,pillow.  But that's not
jtw_legacy,1582,Most people can't properly swallow a queen-size,1.17205,+1.00,29905, pillow,0,2.66634,-0.0159641,-0.0418968,pillow.  But that's not
jtw_legacy,1582,Most people can't properly swallow a queen-size,-1.17205,-1.00,29905, pillow,0,2.57871,0.0174249,0.0457306,pillow.  But that's not
jtw_legacy,1582,Most people can't properly swallow a queen-size,2.34409,+2.00,29905, pillow,0,2.70438,-0.0304601,-0.0799408,pillow.  But that's not
jtw_legacy,1582,Most people can't properly swallow a queen-size,-2.34409,-2.00,29905, pillow,0,2.52914,0.0363106,0.095295,pillow.  But that's not
jtw_token,1935,"In Oregon, United States, there is a town called",0,+0.00,141184, Ashland,0,0.925674,0,0,Ashland. It is a small town with
jtw_token,1935,"In Oregon, United States, there is a town called",0.550968,+0.25,141184, Ashland,0,0.436975,0.527938,0.488699,Ashland. It is a small town with
jtw_token,1935,"In Oregon, United States, there is a town called",-0.550968,-0.25,141184, Ashland,0,1.40088,-0.51336,-0.475204,Ashland. It is a small town with
jtw_token,1935,"In Oregon, United States, there is a town called",1.10194,+0.50,29954, Portland,1,-0.0643826,1.06955,0.990057,Portland. It is a city that is
jtw_token,1935,"In Oregon, United States, there is a town called",-1.10194,-0.50,141184, Ashland,0,1.8618,-1.01129,-0.936123,Ashland. It is a small town with
jtw_token,1935,"In Oregon, United States, there is a town called",2.20387,+1.00,29954, Portland,1,-1.10124,2.18966,2.02691,Portland. It is a city that is
jtw_token,1935,"In Oregon, United States, there is a town called",-2.20387,-1.00,141184, Ashland,0,2.73824,-1.95811,-1.81257,Ashland. It is a small town with
jtw_token,1935,"In Oregon, United States, there is a town called",4.40774,+2.00,29954, Portland,1,-3.28193,4.54545,4.20761,Portland. It is a city that is
jtw_token,1935,"In Oregon, United States, there is a town called",-4.40774,-2.00,141184, Ashland,0,4.29785,-3.64294,-3.37217,Ashland. It is a small town with
jtw_legacy,1935,"In Oregon, United States, there is a town called",0,+0.00,141184, Ashland,0,0.925674,0,0,Ashland. It is a small town with
jtw_legacy,1935,"In Oregon, United States, there is a town called",0.111201,+0.25,141184, Ashland,0,0.926638,-0.00104055,-0.000963211,Ashland. It is a small town with
jtw_legacy,1935,"In Oregon, United States, there is a town called",-0.111201,-0.25,141184, Ashland,0,0.924692,0.00106116,0.000982285,Ashland. It is a small town with
jtw_legacy,1935,"In Oregon, United States, there is a town called",0.222402,+0.50,141184, Ashland,0,0.92754,-0.00201517,-0.00186539,Ashland. It is a small town with
jtw_legacy,1935,"In Oregon, United States, there is a town called",-0.222402,-0.50,141184, Ashland,0,0.923649,0.00218825,0.0020256,Ashland. It is a small town with
jtw_legacy,1935,"In Oregon, United States, there is a town called",0.444805,+1.00,141184, Ashland,0,0.92922,-0.00383046,-0.00354576,Ashland. It is a small town with
jtw_legacy,1935,"In Oregon, United States, there is a town called",-0.444805,-1.00,141184, Ashland,0,0.921442,0.00457224,0.00423241,Ashland. It is a small town with
jtw_legacy,1935,"In Oregon, United States, there is a town called",0.889609,+2.00,141184, Ashland,0,0.932091,-0.00693151,-0.00641632,Ashland. It is a small town with
jtw_legacy,1935,"In Oregon, United States, there is a town called",-0.889609,-2.00,141184, Ashland,0,0.916506,0.00990481,0.00916862,Ashland. It is a small town with
jtw_token,3573,Science has been able to develop a theory of absolutely,0,+0.00,4553, everything,0,9.15748,0,0,everything. But it has not been able
jtw_token,3573,Science has been able to develop a theory of absolutely,1.81987,+0.25,4553, everything,0,4.80325,0.475483,4.35423,"everything, but it has not been able"
jtw_token,3573,Science has been able to develop a theory of absolutely,-1.81987,-0.25,4553, everything,0,13.2627,-0.448291,-4.10522,everything. But it has not been able
jtw_token,3573,Science has been able to develop a theory of absolutely,3.63974,+0.50,4553, everything,0,1.51479,0.834585,7.64269,"everything, but it has not been able"
jtw_token,3573,Science has been able to develop a theory of absolutely,-3.63974,-0.50,4553, everything,0,15.8114,-0.726608,-6.6539,everything. But there is one thing that
jtw_token,3573,Science has been able to develop a theory of absolutely,7.27948,+1.00,4285, nothing,1,-2.29397,1.2505,11.4514,nothing.  The theory of absolutely nothing
jtw_token,3573,Science has been able to develop a theory of absolutely,-7.27948,-1.00,4553, everything,0,17.6389,-0.926171,-8.4814,everything. But there is one thing that
jtw_token,3573,Science has been able to develop a theory of absolutely,14.559,+2.00,2656, black,0,-5.56614,1.60782,14.7236,black bodies. This theory is based on
jtw_token,3573,Science has been able to develop a theory of absolutely,-14.559,-2.00,4553, everything,0,17.8072,-0.944557,-8.64977,everything. From the smallest particle to the
jtw_token,1144,Drinking alcohol kills more people than all other drugs,0,+0.00,11943, combined,0,9.01726,0,0,combined.  The World Health Organization (
jtw_token,1144,Drinking alcohol kills more people than all other drugs,4.17215,+0.25,11943, combined,0,0.94458,0.895248,8.07268,combined.  The World Health Organization (
jtw_token,1144,Drinking alcohol kills more people than all other drugs,-4.17215,-0.25,11943, combined,0,13.5001,-0.497136,-4.48281,combined.  The CDC reports that
jtw_token,1144,Drinking alcohol kills more people than all other drugs,8.34429,+0.50,235269,",",1,-13.8162,2.53219,22.8334,", tobacco and firearms combined.  The"
jtw_token,1144,Drinking alcohol kills more people than all other drugs,-8.34429,-0.50,11943, combined,0,15.9907,-0.773349,-6.97349,combined.  Alcohol is the most widely
jtw_token,1144,Drinking alcohol kills more people than all other drugs,16.6886,+1.00,235269,",",1,-44.3741,5.92102,53.3914,", wars, or even murders."
jtw_token,1144,Drinking alcohol kills more people than all other drugs,-16.6886,-1.00,11943, combined,0,18.4003,-1.04056,-9.383,combined.  Alcohol is the most dangerous
jtw_token,1144,Drinking alcohol kills more people than all other drugs,33.3772,+2.00,235269,",",1,-48.983,6.43213,58.0002,", tobacco, or even firearms. It"
jtw_token,1144,Drinking alcohol kills more people than all other drugs,-33.3772,-2.00,11943, combined,0,20.115,-1.23072,-11.0977,combined.  I'm not saying
jtw_token,2446,Armadillos are the only animal in the world with shells on the outside of the,0,+0.00,2971, body,0,3.39133,0,0,body. They are also the only animal
jtw_token,2446,Armadillos are the only animal in the world with shells on the outside of the,0.878593,+0.25,2971, body,0,1.47849,0.564038,1.91284,body. They are also the only animal
jtw_token,2446,Armadillos are the only animal in the world with shells on the outside of the,-0.878593,-0.25,2971, body,0,5.23724,-0.544303,-1.84591,body. They are also the only animal
jtw_token,2446,Armadillos are the only animal in the world with shells on the outside of the,1.75719,+0.50,5239, skin,1,-0.439804,1.12968,3.83113,skin. They are also the only animal
jtw_token,2446,Armadillos are the only animal in the world with shells on the outside of the,-1.75719,-0.50,2971, body,0,6.96973,-1.05516,-3.5784,body. They are also the only animal
jtw_token,2446,Armadillos are the only animal in the world with shells on the outside of the,3.51437,+1.00,5239, skin,1,-4.02888,2.18799,7.42021,skin. They are also the only animal
jtw_token,2446,Armadillos are the only animal in the world with shells on the outside of the,-3.51437,-1.00,2971, body,0,9.9988,-1.94834,-6.60747,body. They are also the only animal
jtw_token,2446,Armadillos are the only animal in the world with shells on the outside of the,7.02874,+2.00,5239, skin,1,-9.16146,3.70143,12.5528,skin. They are also the only animal
jtw_token,2446,Armadillos are the only animal in the world with shells on the outside of the,-7.02874,-2.00,2971, body,0,14.3504,-3.2315,-10.9591,body. They are also the only animal
jtw_token,4245,"On Saturn's moon, Titan, there is a holy mountain emerging from a methane",0,+0.00,4176, sea,0,3.79028,0,0,"sea. The mountain is called ""P"
jtw_token,4245,"On Saturn's moon, Titan, there is a holy mountain emerging from a methane",1.22806,+0.25,4176, sea,0,1.84977,0.511969,1.9405,"sea. The mountain is called ""P"
jtw_token,4245,"On Saturn's moon, Titan, there is a holy mountain emerging from a methane",-1.22806,-0.25,4176, sea,0,5.78278,-0.525689,-1.99251,"sea. The mountain is called ""P"
jtw_token,4245,"On Saturn's moon, Titan, there is a holy mountain emerging from a methane",2.45612,+0.50,4176, sea,0,0.0867081,0.977124,3.70357,"sea. The mountain is called ""P"
jtw_token,4245,"On Saturn's moon, Titan, there is a holy mountain emerging from a methane",-2.45612,-0.50,4176, sea,0,7.68947,-1.02874,-3.8992,sea. The mountain is called Tethys
jtw_token,4245,"On Saturn's moon, Titan, there is a holy mountain emerging from a methane",4.91225,+1.00,13492, lake,1,-2.66631,1.70346,6.45658,"lake. The mountain is called ""P"
jtw_token,4245,"On Saturn's moon, Titan, there is a holy mountain emerging from a methane",-4.91225,-1.00,4176, sea,0,10.8807,-1.8707,-7.09047,"sea. It is called Tethys,"
jtw_token,4245,"On Saturn's moon, Titan, there is a holy mountain emerging from a methane",9.82449,+2.00,13492, lake,1,-5.55331,2.46515,9.34359,lake. The mountain is 10
jtw_token,4245,"On Saturn's moon, Titan, there is a holy mountain emerging from a methane",-9.82449,-2.00,4176, sea,0,14.6302,-2.85994,-10.84,"sea. It is called Tethys,"
jtw_legacy,4245,"On Saturn's moon, Titan, there is a holy mountain emerging from a methane",0,+0.00,4176, sea,0,3.79028,0,0,"sea. The mountain is called ""P"
jtw_legacy,4245,"On Saturn's moon, Titan, there is a holy mountain emerging from a methane",0.45162,+0.25,4176, sea,0,3.82664,-0.00959543,-0.0363693,"sea. The mountain is called ""P"
jtw_legacy,4245,"On Saturn's moon, Titan, there is a holy mountain emerging from a methane",-0.45162,-0.25,4176, sea,0,3.75354,0.00969305,0.0367393,"sea. The mountain is called ""P"
jtw_legacy,4245,"On Saturn's moon, Titan, there is a holy mountain emerging from a methane",0.903241,+0.50,4176, sea,0,3.86263,-0.0190902,-0.0723572,"sea. The mountain is called ""P"
jtw_legacy,4245,"On Saturn's moon, Titan, there is a holy mountain emerging from a methane",-0.903241,-0.50,4176, sea,0,3.71643,0.0194827,0.0738449,"sea. The mountain is called ""P"
jtw_legacy,4245,"On Saturn's moon, Titan, there is a holy mountain emerging from a methane",1.80648,+1.00,4176, sea,0,3.93342,-0.0377653,-0.143141,"sea. The mountain is called ""P"
jtw_legacy,4245,"On Saturn's moon, Titan, there is a holy mountain emerging from a methane",-1.80648,-1.00,4176, sea,0,3.64113,0.0393504,0.149149,"sea. The mountain is called ""P"
jtw_legacy,4245,"On Saturn's moon, Titan, there is a holy mountain emerging from a methane",3.61296,+2.00,4176, sea,0,4.07025,-0.0738654,-0.27997,"sea. The mountain is called ""P"
jtw_legacy,4245,"On Saturn's moon, Titan, there is a holy mountain emerging from a methane",-3.61296,-2.00,4176, sea,0,3.48648,0.0801521,0.303799,"sea.  The mountain is called """
jtw_token,770,Drinking alcohol can temporarily alleviate,0,+0.00,7512, stress,0,0.327538,0,0,"stress, but it can also cause long"
jtw_token,770,Drinking alcohol can temporarily alleviate,0.118794,+0.25,7512, stress,0,0.105598,0.677599,0.221939,"stress, but it can also cause long"
jtw_token,770,Drinking alcohol can temporarily alleviate,-0.118794,-0.25,7512, stress,0,0.544891,-0.6636,-0.217354,"stress, but it can also cause long"
jtw_token,770,Drinking alcohol can temporarily alleviate,0.237588,+0.50,573, the,1,-0.12096,1.3693,0.448498,"the symptoms of depression, but it can"
jtw_token,770,Drinking alcohol can temporarily alleviate,-0.237588,-0.50,7512, stress,0,0.75771,-1.31335,-0.430172,"stress, but it can also cause long"
jtw_token,770,Drinking alcohol can temporarily alleviate,0.475175,+1.00,573, the,1,-0.587967,2.79511,0.915504,"the symptoms of depression, but it can"
jtw_token,770,Drinking alcohol can temporarily alleviate,-0.475175,-1.00,7512, stress,0,1.16987,-2.57171,-0.842331,"stress, but it can also cause long"
jtw_token,770,Drinking alcohol can temporarily alleviate,0.950351,+2.00,573, the,1,-1.57775,5.81702,1.90529,"the symptoms of depression, but it can"
jtw_token,770,Drinking alcohol can temporarily alleviate,-0.950351,-2.00,7512, stress,0,1.94171,-4.9282,-1.61417,"stress, but it can also cause long"
jtw_token,290,"Lasagna, the food, actually IS",0,+0.00,573, the,0,0.224957,0,0,the dish.  It’s a
jtw_token,290,"Lasagna, the food, actually IS",0.0217134,+0.25,573, the,0,0.1418,0.369656,0.0831566,the dish.  It’s a
jtw_token,290,"Lasagna, the food, actually IS",-0.0217134,-0.25,573, the,0,0.308498,-0.371369,-0.0835419,the dish.  It’s a
jtw_token,290,"Lasagna, the food, actually IS",0.0434268,+0.50,573, the,0,0.0590744,0.737396,0.165882,the dish.  It’s a
jtw_token,290,"Lasagna, the food, actually IS",-0.0434268,-0.50,573, the,0,0.392426,-0.744451,-0.167469,the dish.  It’s a
jtw_token,290,"Lasagna, the food, actually IS",0.0868536,+1.00,476, a,1,-0.105152,1.46743,0.330109,"a lasagna.  The lasagna, the"
jtw_token,290,"Lasagna, the food, actually IS",-0.0868536,-1.00,573, the,0,0.561489,-1.49599,-0.336533,the dish.  It’s a
jtw_token,290,"Lasagna, the food, actually IS",0.173707,+2.00,476, a,1,-0.428596,2.90524,0.653553,"a lasagna.  The lasagna, the"
jtw_token,290,"Lasagna, the food, actually IS",-0.173707,-2.00,573, the,0,0.904205,-3.01947,-0.679249,the dish.  It’s a
jtw_token,1575,"The internet was originally developed by DARPA, the US government agency responsible for developing new military",0,+0.00,14363, technologies,0,0.511581,0,0,technologies. The internet was originally developed to
jtw_token,1575,"The internet was originally developed by DARPA, the US government agency responsible for developing new military",0.250306,+0.25,14363, technologies,0,0.351963,0.31201,0.159618,technologies. The internet was originally developed to
jtw_token,1575,"The internet was originally developed by DARPA, the US government agency responsible for developing new military",-0.250306,-0.25,14363, technologies,0,0.670727,-0.311085,-0.159145,technologies. The internet was originally developed to
jtw_token,1575,"The internet was originally developed by DARPA, the US government agency responsible for developing new military",0.500613,+0.50,14363, technologies,0,0.19199,0.624713,0.319592,technologies. The internet was originally developed to
jtw_token,1575,"The internet was originally developed by DARPA, the US government agency responsible for developing new military",-0.500613,-0.50,14363, technologies,0,0.829285,-0.621022,-0.317703,technologies. The internet was originally developed to
jtw_token,1575,"The internet was originally developed by DARPA, the US government agency responsible for developing new military",1.00123,+1.00,6178, technology,1,-0.128651,1.25148,0.640232,technology. The internet was originally developed to
jtw_token,1575,"The internet was originally developed by DARPA, the US government agency responsible for developing new military",-1.00123,-1.00,14363, technologies,0,1.14423,-1.23665,-0.632645,technologies. The internet was originally developed to
jtw_token,1575,"The internet was originally developed by DARPA, the US government agency responsible for developing new military",2.00245,+2.00,6178, technology,1,-0.769901,2.50494,1.28148,technology. The internet was originally developed to
jtw_token,1575,"The internet was originally developed by DARPA, the US government agency responsible for developing new military",-2.00245,-2.00,14363, technologies,0,1.76219,-2.4446,-1.25061,technologies. The internet was originally developed to
jtw_legacy,1575,"The internet was originally developed by DARPA, the US government agency responsible for developing new military",0,+0.00,14363, technologies,0,0.511581,0,0,technologies. The internet was originally developed to
jtw_legacy,1575,"The internet was originally developed by DARPA, the US government agency responsible for developing new military",0.102724,+0.25,14363, technologies,0,0.518112,-0.0127658,-0.00653076,technologies. The internet was originally developed to
jtw_legacy,1575,"The internet was originally developed by DARPA, the US government agency responsible for developing new military",-0.102724,-0.25,14363, technologies,0,0.505028,0.0128106,0.00655365,technologies. The internet was originally developed to
jtw_legacy,1575,"The internet was originally developed by DARPA, the US government agency responsible for developing new military",0.205448,+0.50,14363, technologies,0,0.52462,-0.0254869,-0.0130386,technologies. The internet was originally developed to
jtw_legacy,1575,"The internet was originally developed by DARPA, the US government agency responsible for developing new military",-0.205448,-0.50,14363, technologies,0,0.498459,0.025651,0.0131226,technologies. The internet was originally developed to
jtw_legacy,1575,"The internet was originally developed by DARPA, the US government agency responsible for developing new military",0.410896,+1.00,14363, technologies,0,0.537582,-0.0508247,-0.026001,technologies. The internet was originally developed to
jtw_legacy,1575,"The internet was originally developed by DARPA, the US government agency responsible for developing new military",-0.410896,-1.00,14363, technologies,0,0.485245,0.0514809,0.0263367,technologies. The internet was originally developed to
jtw_legacy,1575,"The internet was originally developed by DARPA, the US government agency responsible for developing new military",0.821792,+2.00,14363, technologies,0,0.563225,-0.100948,-0.0516434,technologies. The internet was originally developed to
jtw_legacy,1575,"The internet was originally developed by DARPA, the US government agency responsible for developing new military",-0.821792,-2.00,14363, technologies,0,0.458572,0.103618,0.053009,technologies. The internet was originally developed to
jtw_token,158,Every planet in the solar system has a moon—except,0,+0.00,604, for,0,2.70928,0,0,for Earth.  The moon is the
jtw_token,158,Every planet in the solar system has a moon—except,1.0022,+0.25,604, for,0,0.972454,0.641066,1.73683,for Earth.  The moon is the
jtw_token,158,Every planet in the solar system has a moon—except,-1.0022,-0.25,604, for,0,4.57525,-0.688731,-1.86597,for Earth.  The moon is the
jtw_token,158,Every planet in the solar system has a moon—except,2.00439,+0.50,10379, Earth,1,-0.644962,1.23806,3.35424,Earth.  The moon is the only
jtw_token,158,Every planet in the solar system has a moon—except,-2.00439,-0.50,604, for,0,6.57402,-1.42648,-3.86473,for Earth.  The moon is the
jtw_token,158,Every planet in the solar system has a moon—except,4.00879,+1.00,10379, Earth,1,-3.57037,2.31783,6.27965,Earth.  The moon is the only
jtw_token,158,Every planet in the solar system has a moon—except,-4.00879,-1.00,604, for,0,10.9378,-3.03717,-8.22856,for Pluto. But what if there was
jtw_token,158,Every planet in the solar system has a moon—except,8.01758,+2.00,10379, Earth,1,-8.38348,4.09435,11.0928,Earth.  The moon is a natural
jtw_token,158,Every planet in the solar system has a moon—except,-8.01758,-2.00,604, for,0,20.4165,-6.53575,-17.7072,for Pluto. But what if there was
jtw_legacy,158,Every planet in the solar system has a moon—except,0,+0.00,604, for,0,2.70928,0,0,for Earth.  The moon is the
jtw_legacy,158,Every planet in the solar system has a moon—except,0.255097,+0.25,604, for,0,2.69778,0.00424374,0.0114975,for Earth.  The moon is the
jtw_legacy,158,Every planet in the solar system has a moon—except,-0.255097,-0.25,604, for,0,2.72118,-0.00439158,-0.011898,for Earth.  The moon is the
jtw_legacy,158,Every planet in the solar system has a moon—except,0.510193,+0.50,604, for,0,2.68672,0.00832697,0.0225601,for Earth.  The moon is the
jtw_legacy,158,Every planet in the solar system has a moon—except,-0.510193,-0.50,604, for,0,2.73351,-0.00894087,-0.0242233,for Earth.  The moon is the
jtw_legacy,158,Every planet in the solar system has a moon—except,1.02039,+1.00,604, for,0,2.66586,0.0160288,0.0434265,for Earth.  The moon is the
jtw_legacy,158,Every planet in the solar system has a moon—except,-1.02039,-1.00,604, for,0,2.75938,-0.0184928,-0.0501022,for Earth.  The moon is the
jtw_legacy,158,Every planet in the solar system has a moon—except,2.04077,+2.00,604, for,0,2.62936,0.0294992,0.0799217,for Earth. But that could change.
jtw_legacy,158,Every planet in the solar system has a moon—except,-2.04077,-2.00,604, for,0,2.81596,-0.0393764,-0.106682,for Earth.  The moon is the
jtw_token,4135,LeBron James has never had a losing,0,+0.00,3891, season,0,4.14367,0,0,season in his career.  The Los
jtw_token,4135,LeBron James has never had a losing,1.97474,+0.25,3891, season,0,1.57803,0.619172,2.56564,season in his career.  The Los
jtw_token,4135,LeBron James has never had a losing,-1.97474,-0.25,3891, season,0,6.56958,-0.585452,-2.42592,season in his career.  The Los
jtw_token,4135,LeBron James has never had a losing,3.94948,+0.50,3661, record,1,-1.00702,1.24303,5.15068,record in the NBA playoffs.  The
jtw_token,4135,LeBron James has never had a losing,-3.94948,-0.50,3891, season,0,8.78858,-1.12097,-4.64491,season in his career.  The Los
jtw_token,4135,LeBron James has never had a losing,7.89895,+1.00,3661, record,1,-5.66786,2.36784,9.81153,record in the NBA playoffs.  The
jtw_token,4135,LeBron James has never had a losing,-7.89895,-1.00,3891, season,0,12.536,-2.02533,-8.39231,season in his NBA career.  The
jtw_token,4135,LeBron James has never had a losing,15.7979,+2.00,3661, record,1,-11.6057,3.80082,15.7493,record in the NBA Finals.  The
jtw_token,4135,LeBron James has never had a losing,-15.7979,-2.00,3891, season,0,17.6486,-3.25919,-13.505,season.  He’s never had
jtw_legacy,4135,LeBron James has never had a losing,0,+0.00,3891, season,0,4.14367,0,0,season in his career.  The Los
jtw_legacy,4135,LeBron James has never had a losing,0.427708,+0.25,3891, season,0,4.1506,-0.00167367,-0.00693512,season in his career.  The Los
jtw_legacy,4135,LeBron James has never had a losing,-0.427708,-0.25,3891, season,0,4.13665,0.001693,0.00701523,season in his career.  The Los
jtw_legacy,4135,LeBron James has never had a losing,0.855415,+0.50,3891, season,0,4.15747,-0.00333076,-0.0138016,season in his career. He has been
jtw_legacy,4135,LeBron James has never had a losing,-0.855415,-0.50,3891, season,0,4.12958,0.00339981,0.0140877,season in his career.  The Los
jtw_legacy,4135,LeBron James has never had a losing,1.71083,+1.00,3891, season,0,4.17099,-0.00659433,-0.0273247,season in his career. He has been
jtw_legacy,4135,LeBron James has never had a losing,-1.71083,-1.00,3891, season,0,4.11527,0.0068521,0.0283928,season in his career.  The Los
jtw_legacy,4135,LeBron James has never had a losing,3.42166,+2.00,3891, season,0,4.19704,-0.0128812,-0.0533752,season in his career. He has been
jtw_legacy,4135,LeBron James has never had a losing,-3.42166,-2.00,3891, season,0,4.08616,0.0138782,0.0575066,season in his career.  The Los
jtw_token,3146,"The more often a female fish is disturbed, the more likely males are to develop female",0,+0.00,10314, characteristics,0,3.60992,0,0,"characteristics.  The study, published in"
jtw_token,3146,"The more often a female fish is disturbed, the more likely males are to develop female",2.1988,+0.25,10314, characteristics,0,2.25724,0.374713,1.35268,"characteristics, according to a new study."
jtw_token,3146,"The more often a female fish is disturbed, the more likely males are to develop female",-2.1988,-0.25,10314, characteristics,0,4.9502,-0.371278,-1.34028,"characteristics.  The study, published in"
jtw_token,3146,"The more often a female fish is disturbed, the more likely males are to develop female",4.3976,+0.50,10314, characteristics,0,1.072,0.70304,2.53792,"characteristics, according to a new study."
jtw_token,3146,"The more often a female fish is disturbed, the more likely males are to develop female",-4.3976,-0.50,10314, characteristics,0,6.08075,-0.684456,-2.47083,characteristics.  The more often a female
jtw_token,3146,"The more often a female fish is disturbed, the more likely males are to develop female",8.79519,+1.00,29881, traits,1,-0.717518,1.19876,4.32744,"traits, according to a new study."
jtw_token,3146,"The more often a female fish is disturbed, the more likely males are to develop female",-8.79519,-1.00,10314, characteristics,0,7.56661,-1.09606,-3.95669,characteristics.  The more often a female
jtw_token,3146,"The more often a female fish is disturbed, the more likely males are to develop female",17.5904,+2.00,29881, traits,1,-2.95654,1.819,6.56645,"traits, according to a new study."
jtw_token,3146,"The more often a female fish is disturbed, the more likely males are to develop female",-17.5904,-2.00,10314, characteristics,0,8.87316,-1.45799,-5.26324,characteristics.  The female fish is ready
jtw_legacy,3146,"The more often a female fish is disturbed, the more likely males are to develop female",0,+0.00,10314, characteristics,0,3.60992,0,0,"characteristics.  The study, published in"
jtw_legacy,3146,"The more often a female fish is disturbed, the more likely males are to develop female",0.588664,+0.25,10314, characteristics,0,3.64338,-0.00926961,-0.0334625,"characteristics.  The study, published in"
jtw_legacy,3146,"The more often a female fish is disturbed, the more likely males are to develop female",-0.588664,-0.25,10314, characteristics,0,3.57634,0.00930078,0.0335751,"characteristics.  The study, published in"
jtw_legacy,3146,"The more often a female fish is disturbed, the more likely males are to develop female",1.17733,+0.50,10314, characteristics,0,3.67662,-0.0184785,-0.0667057,"characteristics.  The study, published in"
jtw_legacy,3146,"The more often a female fish is disturbed, the more likely males are to develop female",-1.17733,-0.50,10314, characteristics,0,3.54275,0.0186079,0.067173,"characteristics.  The study, published in"
jtw_legacy,3146,"The more often a female fish is disturbed, the more likely males are to develop female",2.35466,+1.00,10314, characteristics,0,3.74208,-0.0366119,-0.132166,"characteristics.  The study, published in"
jtw_legacy,3146,"The more often a female fish is disturbed, the more likely males are to develop female",-2.35466,-1.00,10314, characteristics,0,3.47583,0.0371455,0.134092,"characteristics.  The study, published in"
jtw_legacy,3146,"The more often a female fish is disturbed, the more likely males are to develop female",4.70932,+2.00,10314, characteristics,0,3.86616,-0.0709814,-0.256237,"characteristics.  The study, published in"
jtw_legacy,3146,"The more often a female fish is disturbed, the more likely males are to develop female",-4.70932,-2.00,10314, characteristics,0,3.34509,0.0733606,0.264826,"characteristics, according to a new study."
jtw_token,518,Apple wasn’t always the tech giant success story consumers know,0,+0.00,3646, today,0,7.71585,0,0,today. The company was founded in
jtw_token,518,Apple wasn’t always the tech giant success story consumers know,2.43503,+0.25,3646, today,0,2.65795,0.65552,5.0579,today. The company was founded in
jtw_token,518,Apple wasn’t always the tech giant success story consumers know,-2.43503,-0.25,3646, today,0,12.1876,-0.579551,-4.47173,today. The company was founded in
jtw_token,518,Apple wasn’t always the tech giant success story consumers know,4.87006,+0.50,578, and,1,-3.08099,1.39931,10.7968,"and love today. In fact, the"
jtw_token,518,Apple wasn’t always the tech giant success story consumers know,-4.87006,-0.50,3646, today,0,16.0301,-1.07756,-8.31428,today. The company was founded in
jtw_token,518,Apple wasn’t always the tech giant success story consumers know,9.74013,+1.00,578, and,1,-17.27,3.23824,24.9858,"and love today. In fact, the"
jtw_token,518,Apple wasn’t always the tech giant success story consumers know,-9.74013,-1.00,3646, today,0,21.7958,-1.82481,-14.0799,today. The company was founded in
jtw_token,518,Apple wasn’t always the tech giant success story consumers know,19.4803,+2.00,578, and,1,-39.8816,6.16879,47.5974,"and love. In fact, the company"
jtw_token,518,Apple wasn’t always the tech giant success story consumers know,-19.4803,-2.00,3646, today,0,28.0964,-2.64139,-20.3806,today. The company was founded in
jtw_legacy,518,Apple wasn’t always the tech giant success story consumers know,0,+0.00,3646, today,0,7.71585,0,0,today. The company was founded in
jtw_legacy,518,Apple wasn’t always the tech giant success story consumers know,0.781596,+0.25,3646, today,0,7.73,-0.00183422,-0.0141525,today. The company was founded in
jtw_legacy,518,Apple wasn’t always the tech giant success story consumers know,-0.781596,-0.25,3646, today,0,7.70441,0.0014822,0.0114365,today. The company was founded in
jtw_legacy,518,Apple wasn’t always the tech giant success story consumers know,1.56319,+0.50,3646, today,0,7.74686,-0.00401896,-0.0310097,today. The company was founded in
jtw_legacy,518,Apple wasn’t always the tech giant success story consumers know,-1.56319,-0.50,3646, today,0,7.69555,0.00263069,0.020298,today. The company was founded in
jtw_legacy,518,Apple wasn’t always the tech giant success story consumers know,3.12638,+1.00,3646, today,0,7.78878,-0.00945288,-0.072937,today. The company was founded in
jtw_legacy,518,Apple wasn’t always the tech giant success story consumers know,-3.12638,-1.00,3646, today,0,7.68568,0.0039097,0.0301666,today. The company was founded in
jtw_legacy,518,Apple wasn’t always the tech giant success story consumers know,6.25277,+2.00,3646, today,0,7.90574,-0.0246111,-0.189896,today. The company was founded in
jtw_legacy,518,Apple wasn’t always the tech giant success story consumers know,-6.25277,-2.00,3646, today,0,7.69611,0.00255801,0.0197372,today.  The company was founded in
jtw_token,3434,Elephants are the only animals with radial suction pads on the bottom of each,0,+0.00,4701, foot,0,3.71524,0,0,foot. These pads are used to help
jtw_token,3434,Elephants are the only animals with radial suction pads on the bottom of each,2.45133,+0.25,4701, foot,0,1.20741,0.67501,2.50782,foot. These pads are used to help
jtw_token,3434,Elephants are the only animals with radial suction pads on the bottom of each,-2.45133,-0.25,4701, foot,0,5.96539,-0.605654,-2.25015,foot. These pads are used to help
jtw_token,3434,Elephants are the only animals with radial suction pads on the bottom of each,4.90266,+0.50,576, of,1,-1.43423,1.38604,5.14946,of their toes. These pads are used
jtw_token,3434,Elephants are the only animals with radial suction pads on the bottom of each,-4.90266,-0.50,4701, foot,0,7.90376,-1.12739,-4.18852,foot. These pads are used to help
jtw_token,3434,Elephants are the only animals with radial suction pads on the bottom of each,9.80531,+1.00,576, of,1,-6.5689,2.7681,10.2841,of their toes. These pads are used
jtw_token,3434,Elephants are the only animals with radial suction pads on the bottom of each,-9.80531,-1.00,4701, foot,0,10.8826,-1.92918,-7.16734,foot. The suction pads are used to
jtw_token,3434,Elephants are the only animals with radial suction pads on the bottom of each,19.6106,+2.00,576, of,1,-15.4196,5.15036,19.1348,of their toes. These pads are used
jtw_token,3434,Elephants are the only animals with radial suction pads on the bottom of each,-19.6106,-2.00,4701, foot,0,14.933,-3.01938,-11.2177,foot. The suction pads are made of
jtw_token,4183,Every american president has been,0,+0.00,476, a,0,10.7914,0,0,a man.  The first woman to
jtw_token,4183,Every american president has been,2.59736,+0.25,476, a,0,3.84252,0.643929,6.94891,a man.  The first woman to
jtw_token,4183,Every american president has been,-2.59736,-0.25,476, a,0,18.4848,-0.712912,-7.69334,a war criminal.  The only difference
jtw_token,4183,Every american president has been,5.19472,+0.50,17710, elected,1,-1.31319,1.12169,12.1046,elected by the people. The president is
jtw_token,4183,Every american president has been,-5.19472,-0.50,476, a,0,25.5222,-1.36505,-14.7308,a war criminal.  The only difference
jtw_token,4183,Every american president has been,10.3894,+1.00,17710, elected,1,-7.10444,1.65834,17.8959,elected by the people of the united states
jtw_token,4183,Every american president has been,-10.3894,-1.00,476, a,0,35.7079,-2.30891,-24.9164,a war criminal.  The only difference
jtw_token,4183,Every american president has been,20.7789,+2.00,17710, elected,1,-11.4922,2.06494,22.2837,elected by the people. The president is
jtw_token,4183,Every american president has been,-20.7789,-2.00,476, a,0,45.0844,-3.1778,-34.2929,a war criminal.  I'm
jtw_token,1617,The Canada lynx is the provincial animal of British,0,+0.00,17909, Columbia,0,6.12684,0,0,Columbia. It is a large cat that
jtw_token,1617,The Canada lynx is the provincial animal of British,3.82687,+0.25,17909, Columbia,0,4.28937,0.299905,1.83747,Columbia. It is a large cat that
jtw_token,1617,The Canada lynx is the provincial animal of British,-3.82687,-0.25,17909, Columbia,0,7.92605,-0.293662,-1.79922,Columbia. It is a large cat with
jtw_token,1617,The Canada lynx is the provincial animal of British,7.65375,+0.50,17909, Columbia,0,3.62241,0.408764,2.50443,Columbia. It is a large cat that
jtw_token,1617,The Canada lynx is the provincial animal of British,-7.65375,-0.50,17909, Columbia,0,9.32717,-0.522346,-3.20033,Columbia. It is a large cat with
jtw_token,1617,The Canada lynx is the provincial animal of British,15.3075,+1.00,17909, Columbia,0,3.95179,0.355003,2.17505,Columbia. It is a small cat that
jtw_token,1617,The Canada lynx is the provincial animal of British,-15.3075,-1.00,17909, Columbia,0,11.4732,-0.872616,-5.34638,Columbia. It is a large cat with
jtw_token,1617,The Canada lynx is the provincial animal of British,30.615,+2.00,17909, Columbia,0,3.11353,0.491821,3.01331,Columbia. It is a small cat that
jtw_token,1617,The Canada lynx is the provincial animal of British,-30.615,-2.00,17909, Columbia,0,14.1939,-1.31668,-8.0671,"Columbia. It is a large, heavy"
jtw_legacy,1617,The Canada lynx is the provincial animal of British,0,+0.00,17909, Columbia,0,6.12684,0,0,Columbia. It is a large cat that
jtw_legacy,1617,The Canada lynx is the provincial animal of British,0.977771,+0.25,17909, Columbia,0,6.12368,0.000515219,0.00315666,Columbia. It is a large cat that
jtw_legacy,1617,The Canada lynx is the provincial animal of British,-0.977771,-0.25,17909, Columbia,0,6.13224,-0.00088132,-0.0053997,Columbia. It is a large cat that
jtw_legacy,1617,The Canada lynx is the provincial animal of British,1.95554,+0.50,17909, Columbia,0,6.12261,0.000689708,0.00422573,Columbia. It is a large cat that
jtw_legacy,1617,The Canada lynx is the provincial animal of British,-1.95554,-0.50,17909, Columbia,0,6.14003,-0.0021538,-0.013196,Columbia. It is a large cat that
jtw_legacy,1617,The Canada lynx is the provincial animal of British,3.91108,+1.00,17909, Columbia,0,6.12601,0.000135731,0.000831604,Columbia. It is a large cat that
jtw_legacy,1617,The Canada lynx is the provincial animal of British,-3.91108,-1.00,17909, Columbia,0,6.16308,-0.00591599,-0.0362463,Columbia. It is a large cat that
jtw_legacy,1617,The Canada lynx is the provincial animal of British,7.82217,+2.00,17909, Columbia,0,6.1508,-0.00391115,-0.023963,Columbia. It is a large cat with
jtw_legacy,1617,The Canada lynx is the provincial animal of British,-7.82217,-2.00,17909, Columbia,0,6.23512,-0.0176742,-0.108287,Columbia.  The lynx is a small
jtw_token,1055,Florida is the flattest US,0,+0.00,2329, state,0,7.93504,0,0,"state, and the flattest state in"
jtw_token,1055,Florida is the flattest US,3.35801,+0.25,2329, state,0,5.90331,0.256045,2.03173,"state, and the flattest state in"
jtw_token,1055,Florida is the flattest US,-3.35801,-0.25,2329, state,0,10.649,-0.342024,-2.71398,"state, and the flattest state in"
jtw_token,1055,Florida is the flattest US,6.71603,+0.50,2329, state,0,4.36643,0.449729,3.56861,"state, and the only one that doesn"
jtw_token,1055,Florida is the flattest US,-6.71603,-0.50,2329, state,0,13.8552,-0.746078,-5.92016,"state, and the flattest state in"
jtw_token,1055,Florida is the flattest US,13.4321,+1.00,2329, state,0,2.0329,0.743807,5.90214,state. It is also the most populated
jtw_token,1055,Florida is the flattest US,-13.4321,-1.00,2329, state,0,19.5265,-1.46079,-11.5914,"state, with an average elevation of just"
jtw_token,1055,Florida is the flattest US,26.8641,+2.00,3040, State,1,-1.70199,1.21449,9.63703,State.  The Florida Everglades is the
jtw_token,1055,Florida is the flattest US,-26.8641,-2.00,2329, state,0,25.3389,-2.19329,-17.4039,"state, but it’s also the"
jtw_token,3783,Most Americans have some Irish,0,+0.00,575, in,0,0.411282,0,0,"in their ancestry, and many of us"
jtw_token,3783,Most Americans have some Irish,0.359456,+0.25,575, in,0,0.147861,0.640486,0.26342,"in their ancestry, and many of us"
jtw_token,3783,Most Americans have some Irish,-0.359456,-0.25,575, in,0,0.676788,-0.64556,-0.265507,"in their ancestry, and many of us"
jtw_token,3783,Most Americans have some Irish,0.718911,+0.50,5330, blood,1,-0.113342,1.27558,0.524624,"blood in them, and the Irish are"
jtw_token,3783,Most Americans have some Irish,-0.718911,-0.50,575, in,0,0.944283,-1.29595,-0.533001,"in their ancestry, and many of us"
jtw_token,3783,Most Americans have some Irish,1.43782,+1.00,5330, blood,1,-0.628719,2.52868,1.04,"blood in them, and the Irish are"
jtw_token,3783,Most Americans have some Irish,-1.43782,-1.00,575, in,0,1.48476,-2.61009,-1.07348,"in their ancestry, and many of us"
jtw_token,3783,Most Americans have some Irish,2.87564,+2.00,5330, blood,1,-1.62851,4.9596,2.03979,"blood in their veins, and St."
jtw_token,3783,Most Americans have some Irish,-2.87564,-2.00,575, in,0,2.58484,-5.28484,-2.17356,"in their ancestry, and many of us"
jtw_legacy,3783,Most Americans have some Irish,0,+0.00,575, in,0,0.411282,0,0,"in their ancestry, and many of us"
jtw_legacy,3783,Most Americans have some Irish,0.0400122,+0.25,575, in,0,0.409412,0.00454482,0.0018692,"in their ancestry, and many of us"
jtw_legacy,3783,Most Americans have some Irish,-0.0400122,-0.25,575, in,0,0.413155,-0.0045541,-0.00187302,"in their ancestry, and many of us"
jtw_legacy,3783,Most Americans have some Irish,0.0800244,+0.50,575, in,0,0.407551,0.00907109,0.00373077,"in their ancestry, and many of us"
jtw_legacy,3783,Most Americans have some Irish,-0.0800244,-0.50,575, in,0,0.415028,-0.00910819,-0.00374603,"in their ancestry, and many of us"
jtw_legacy,3783,Most Americans have some Irish,0.160049,+1.00,575, in,0,0.403847,0.0180773,0.00743484,"in their ancestry, and many of us"
jtw_legacy,3783,Most Americans have some Irish,-0.160049,-1.00,575, in,0,0.418793,-0.0182628,-0.00751114,"in their ancestry, and many of us"
jtw_legacy,3783,Most Americans have some Irish,0.320097,+2.00,575, in,0,0.396492,0.0359597,0.0147896,"in their ancestry, and many of us"
jtw_legacy,3783,Most Americans have some Irish,-0.320097,-2.00,575, in,0,0.426392,-0.0367389,-0.01511,"in their ancestry, and many of us"
jtw_token,1728,Research suggests excellent students are more likely to come from households where at least one parent is highly,0,+0.00,33793, educated,0,10.0325,0,0,"educated.  The study, published in"
jtw_token,1728,Research suggests excellent students are more likely to come from households where at least one parent is highly,10.6229,+0.25,33793, educated,0,3.61089,0.640082,6.42164,"educated.  The research, by the"
jtw_token,1728,Research suggests excellent students are more likely to come from households where at least one parent is highly,-10.6229,-0.25,33793, educated,0,16.8384,-0.67838,-6.80587,"educated.  The study, published in"
jtw_token,1728,Research suggests excellent students are more likely to come from households where at least one parent is highly,21.2458,+0.50,235290,-,1,-0.200449,1.01998,10.233,-educated.  The University of South
jtw_token,1728,Research suggests excellent students are more likely to come from households where at least one parent is highly,-21.2458,-0.50,33793, educated,0,22.5019,-1.2429,-12.4694,"educated.  The study, published in"
jtw_token,1728,Research suggests excellent students are more likely to come from households where at least one parent is highly,42.4916,+1.00,235290,-,1,-4.26303,1.42492,14.2956,"-skilled.  The problem is,"
jtw_token,1728,Research suggests excellent students are more likely to come from households where at least one parent is highly,-42.4916,-1.00,33793, educated,0,31.1307,-2.10298,-21.0982,"educated.  The study, published in"
jtw_token,1728,Research suggests excellent students are more likely to come from households where at least one parent is highly,84.9832,+2.00,235290,-,1,-10.6497,2.06152,20.6823,-qualified.    The problem is
jtw_token,1728,Research suggests excellent students are more likely to come from households where at least one parent is highly,-84.9832,-2.00,33793, educated,0,41.8016,-3.1666,-31.7691,"educated.   The findings, published in"
jtw_legacy,1728,Research suggests excellent students are more likely to come from households where at least one parent is highly,0,+0.00,33793, educated,0,10.0325,0,0,"educated.  The study, published in"
jtw_legacy,1728,Research suggests excellent students are more likely to come from households where at least one parent is highly,0.883807,+0.25,33793, educated,0,10.0519,-0.0019352,-0.0194149,"educated.  The study, published in"
jtw_legacy,1728,Research suggests excellent students are more likely to come from households where at least one parent is highly,-0.883807,-0.25,33793, educated,0,10.0144,0.00180706,0.0181293,"educated.  The study, published in"
jtw_legacy,1728,Research suggests excellent students are more likely to come from households where at least one parent is highly,1.76761,+0.50,33793, educated,0,10.0726,-0.00399644,-0.0400944,"educated.  The study, published in"
jtw_legacy,1728,Research suggests excellent students are more likely to come from households where at least one parent is highly,-1.76761,-0.50,33793, educated,0,9.99756,0.00348559,0.0349693,"educated.  The study, published in"
jtw_legacy,1728,Research suggests excellent students are more likely to come from households where at least one parent is highly,3.53523,+1.00,33793, educated,0,10.1179,-0.00851189,-0.0853958,"educated.  The study, published in"
jtw_legacy,1728,Research suggests excellent students are more likely to come from households where at least one parent is highly,-3.53523,-1.00,33793, educated,0,9.96796,0.00643639,0.0645733,"educated.  The study, published in"
jtw_legacy,1728,Research suggests excellent students are more likely to come from households where at least one parent is highly,7.07046,+2.00,33793, educated,0,10.2265,-0.0193371,-0.194,"educated.  The study, published in"
jtw_legacy,1728,Research suggests excellent students are more likely to come from households where at least one parent is highly,-7.07046,-2.00,33793, educated,0,9.92645,0.0105733,0.106077,"educated.  The study, published in"
jtw_token,1324,"Numerous strange things have happened in the Bermuda Triangle, which is located off the southeast coast of",0,+0.00,573, the,0,2.57013,0,0,the United States.  The Bermuda Triangle
jtw_token,1324,"Numerous strange things have happened in the Bermuda Triangle, which is located off the southeast coast of",1.15113,+0.25,573, the,0,1.01986,0.603188,1.55027,the United States. The Bermuda Triangle is
jtw_token,1324,"Numerous strange things have happened in the Bermuda Triangle, which is located off the southeast coast of",-1.15113,-0.25,573, the,0,4.20097,-0.63454,-1.63085,the United States.  The Bermuda Triangle
jtw_token,1324,"Numerous strange things have happened in the Bermuda Triangle, which is located off the southeast coast of",2.30225,+0.50,11651, Florida,1,-0.398952,1.15523,2.96908,Florida. The Bermuda Triangle is a region
jtw_token,1324,"Numerous strange things have happened in the Bermuda Triangle, which is located off the southeast coast of",-2.30225,-0.50,573, the,0,5.86573,-1.28227,-3.2956,the United States.  The Bermuda Triangle
jtw_token,1324,"Numerous strange things have happened in the Bermuda Triangle, which is located off the southeast coast of",4.6045,+1.00,11651, Florida,1,-2.67713,2.04163,5.24725,Florida. The area is known for its
jtw_token,1324,"Numerous strange things have happened in the Bermuda Triangle, which is located off the southeast coast of",-4.6045,-1.00,573, the,0,9.13304,-2.55354,-6.56291,the United States.  The Bermuda Triangle
jtw_token,1324,"Numerous strange things have happened in the Bermuda Triangle, which is located off the southeast coast of",9.209,+2.00,11651, Florida,1,-4.86107,2.89137,7.4312,Florida. The area is known for its
jtw_token,1324,"Numerous strange things have happened in the Bermuda Triangle, which is located off the southeast coast of",-9.209,-2.00,573, the,0,14.5843,-4.67455,-12.0142,the United States.  The Bermuda Triangle
jtw_token,2073,Cats can be left- or,0,+0.00,1833, right,0,6.65137,0,0,"right-handed, and they can be"
jtw_token,2073,Cats can be left- or,6.4295,+0.25,1833, right,0,5.87181,0.117203,0.779563,"right-handed, but they are usually"
jtw_token,2073,Cats can be left- or,-6.4295,-0.25,1833, right,0,9.64382,-0.4499,-2.99245,"right-handed, and they can also"
jtw_token,2073,Cats can be left- or,12.859,+0.50,1833, right,0,4.08952,0.385161,2.56185,"right-handed, but they are usually"
jtw_token,2073,Cats can be left- or,-12.859,-0.50,1833, right,0,11.2944,-0.698059,-4.64305,"right-handed, and this can affect"
jtw_token,2073,Cats can be left- or,25.718,+1.00,1833, right,0,2.46377,0.629585,4.1876,"right-handed, but they are usually"
jtw_token,2073,Cats can be left- or,-25.718,-1.00,1833, right,0,13.4204,-1.01769,-6.76902,"right-handed, and this can affect"
jtw_token,2073,Cats can be left- or,51.436,+2.00,1833, right,0,0.0953789,0.98566,6.55599,"right-handed, but the most important"
jtw_token,2073,Cats can be left- or,-51.436,-2.00,1833, right,0,16.3251,-1.4544,-9.67376,"right-handed, and this can have"
jtw_token,2774,"Of the periodic elements in the periodic table, hormesis is largely only observed with a limited",0,+0.00,1758, number,0,5.98308,0,0,number of elements. The elements that are
jtw_token,2774,"Of the periodic elements in the periodic table, hormesis is largely only observed with a limited",2.34334,+0.25,1758, number,0,2.76233,0.53831,3.22075,number of elements. The elements that are
jtw_token,2774,"Of the periodic elements in the periodic table, hormesis is largely only observed with a limited",-2.34334,-0.25,1758, number,0,8.98121,-0.501101,-2.99813,number of elements. The elements that are
jtw_token,2774,"Of the periodic elements in the periodic table, hormesis is largely only observed with a limited",4.68668,+0.50,1142, set,1,-0.319336,1.05337,6.30242,set of elements. The elements that are
jtw_token,2774,"Of the periodic elements in the periodic table, hormesis is largely only observed with a limited",-4.68668,-0.50,1758, number,0,11.5214,-0.925661,-5.53831,number of elements. The most common elements
jtw_token,2774,"Of the periodic elements in the periodic table, hormesis is largely only observed with a limited",9.37335,+1.00,1142, set,1,-5.23045,1.87421,11.2135,set of elements. The elements that are
jtw_token,2774,"Of the periodic elements in the periodic table, hormesis is largely only observed with a limited",-9.37335,-1.00,1758, number,0,15.4301,-1.57895,-9.44701,number of elements. The most common elements
jtw_token,2774,"Of the periodic elements in the periodic table, hormesis is largely only observed with a limited",18.7467,+2.00,1142, set,1,-10.7883,2.80313,16.7714,set of elements. The elements that are
jtw_token,2774,"Of the periodic elements in the periodic table, hormesis is largely only observed with a limited",-18.7467,-2.00,1758, number,0,21.0864,-2.52433,-15.1033,number of elements. The aim of this
jtw_token,3337,Peanuts are one of the ingredients in,0,+0.00,573, the,0,6.41117,0,0,the famous peanut butter and jelly sandwich.
jtw_token,3337,Peanuts are one of the ingredients in,1.10145,+0.25,573, the,0,3.10527,0.515647,3.3059,the famous peanut butter and jelly sandwich.
jtw_token,3337,Peanuts are one of the ingredients in,-1.10145,-0.25,573, the,0,9.75256,-0.521182,-3.34139,the famous peanut butter and jelly sandwich.
jtw_token,3337,Peanuts are one of the ingredients in,2.2029,+0.50,1767, many,1,-0.116734,1.01821,6.52791,"many of our favorite foods, from peanut"
jtw_token,3337,Peanuts are one of the ingredients in,-2.2029,-0.50,573, the,0,13.1035,-1.04385,-6.6923,"the famous Chinese dish, Peking Duck."
jtw_token,3337,Peanuts are one of the ingredients in,4.4058,+1.00,1767, many,1,-5.90706,1.92137,12.3182,"many foods, including peanut butter, chocolate"
jtw_token,3337,Peanuts are one of the ingredients in,-4.4058,-1.00,573, the,0,19.7309,-2.07758,-13.3197,"the famous Chinese dish, Peking Duck."
jtw_token,3337,Peanuts are one of the ingredients in,8.81161,+2.00,1767, many,1,-12.6414,2.97178,19.0526,"many foods, including peanut butter, chocolate"
jtw_token,3337,Peanuts are one of the ingredients in,-8.81161,-2.00,573, the,0,31.7825,-3.95737,-25.3714,the recipe for the famous peanut butter and
jtw_legacy,3337,Peanuts are one of the ingredients in,0,+0.00,573, the,0,6.41117,0,0,the famous peanut butter and jelly sandwich.
jtw_legacy,3337,Peanuts are one of the ingredients in,0.772457,+0.25,573, the,0,6.20681,0.0318763,0.204365,the famous peanut butter and jelly sandwich.
jtw_legacy,3337,Peanuts are one of the ingredients in,-0.772457,-0.25,573, the,0,6.62061,-0.0326671,-0.209435,the famous peanut butter and jelly sandwich.
jtw_legacy,3337,Peanuts are one of the ingredients in,1.54491,+0.50,573, the,0,6.00737,0.0629851,0.403809,the famous peanut butter and jelly sandwich.
jtw_legacy,3337,Peanuts are one of the ingredients in,-1.54491,-0.50,573, the,0,6.8353,-0.0661535,-0.424122,the famous peanut butter and jelly sandwich.
jtw_legacy,3337,Peanuts are one of the ingredients in,3.08983,+1.00,573, the,0,5.62251,0.123014,0.788662,the famous peanut butter and jelly sandwich.
jtw_legacy,3337,Peanuts are one of the ingredients in,-3.08983,-1.00,573, the,0,7.28084,-0.135649,-0.869667,the famous peanut butter and jelly sandwich.
jtw_legacy,3337,Peanuts are one of the ingredients in,6.17966,+2.00,573, the,0,4.90317,0.235215,1.508,the famous peanut butter and jelly sandwich.
jtw_legacy,3337,Peanuts are one of the ingredients in,-6.17966,-2.00,573, the,0,8.23917,-0.285127,-1.828,the famous peanut butter and jelly sandwich.
jtw_token,3428,There are actually people who live in Antarctica,0,+0.00,235265,.,0,14.7835,0,0,. They are called scientists. They live
jtw_token,3428,There are actually people who live in Antarctica,0.787788,+0.25,235265,.,0,9.88731,0.331193,4.89619,. They are called scientists. They live
jtw_token,3428,There are actually people who live in Antarctica,-0.787788,-0.25,235265,.,0,20.6092,-0.394068,-5.82571,. They are called scientists. They live
jtw_token,3428,There are actually people who live in Antarctica,1.57558,+0.50,235265,.,0,6.13111,0.585273,8.65239,. They are called scientists and they live
jtw_token,3428,There are actually people who live in Antarctica,-1.57558,-0.50,235265,.,0,26.8946,-0.81923,-12.1111,. They are called scientists. They live
jtw_token,3428,There are actually people who live in Antarctica,3.15115,+1.00,235336,?,0,1.35162,0.908572,13.4319,?  I'm not sure if
jtw_token,3428,There are actually people who live in Antarctica,-3.15115,-1.00,235265,.,0,39.0564,-1.64189,-24.2729,. They are called scientists. They live
jtw_token,3428,There are actually people who live in Antarctica,6.3023,+2.00,235336,?,0,-3.29393,1.22281,18.0774,?  I'm not sure if
jtw_token,3428,There are actually people who live in Antarctica,-6.3023,-2.00,235265,.,0,57.422,-2.8842,-42.6385,. They are called scientists. They live
jtw_token,2703,Voters tend to believe candidates whose ideas conflicts with the voter’s,0,+0.00,1997, own,0,11.1009,0,0,own beliefs.  This is the conclusion
jtw_token,2703,Voters tend to believe candidates whose ideas conflicts with the voter’s,3.64342,+0.25,1997, own,0,4.91136,0.557572,6.18956,own beliefs.  This is a problem
jtw_token,2703,Voters tend to believe candidates whose ideas conflicts with the voter’s,-3.64342,-0.25,1997, own,0,17.1066,-0.541006,-6.00566,own.  This is the conclusion of
jtw_token,2703,Voters tend to believe candidates whose ideas conflicts with the voter’s,7.28684,+0.50,1997, own,0,0.210453,0.981042,10.8905,own beliefs.  This is a problem
jtw_token,2703,Voters tend to believe candidates whose ideas conflicts with the voter’s,-7.28684,-0.50,1997, own,0,21.3686,-0.924944,-10.2677,"own, according to a new study by"
jtw_token,2703,Voters tend to believe candidates whose ideas conflicts with the voter’s,14.5737,+1.00,29013, beliefs,1,-4.57515,1.41214,15.6761,beliefs.  The problem is that the
jtw_token,2703,Voters tend to believe candidates whose ideas conflicts with the voter’s,-14.5737,-1.00,1997, own,0,25.6415,-1.30986,-14.5406,"own, according to a new study by"
jtw_token,2703,Voters tend to believe candidates whose ideas conflicts with the voter’s,29.1474,+2.00,29013, beliefs,1,-8.92366,1.80387,20.0246,beliefs.  The problem is that the
jtw_token,2703,Voters tend to believe candidates whose ideas conflicts with the voter’s,-29.1474,-2.00,1997, own,0,23.0135,-1.07312,-11.9126,"own, according to a new study by"
jtw_token,1043,The Qu'ran is the holy book of the Muslim,0,+0.00,13068, religion,0,1.52845,0,0,religion. It is the word of God
jtw_token,1043,The Qu'ran is the holy book of the Muslim,0.899736,+0.25,13068, religion,0,0.831856,0.455751,0.696592,religion. It is the word of God
jtw_token,1043,The Qu'ran is the holy book of the Muslim,-0.899736,-0.25,13068, religion,0,2.25553,-0.475697,-0.727077,religion. It is the word of God
jtw_token,1043,The Qu'ran is the holy book of the Muslim,1.79947,+0.50,13068, religion,0,0.171967,0.887489,1.35648,religion. It is the word of God
jtw_token,1043,The Qu'ran is the holy book of the Muslim,-1.79947,-0.50,13068, religion,0,3.00405,-0.965426,-1.4756,religion. It is the word of God
jtw_token,1043,The Qu'ran is the holy book of the Muslim,3.59895,+1.00,8278, faith,1,-1.02843,1.67286,2.55688,faith. It is the word of God
jtw_token,1043,The Qu'ran is the holy book of the Muslim,-3.59895,-1.00,13068, religion,0,4.52239,-1.95881,-2.99394,religion. It is the word of God
jtw_token,1043,The Qu'ran is the holy book of the Muslim,7.19789,+2.00,8278, faith,1,-2.99369,2.95865,4.52214,faith. It is the word of God
jtw_token,1043,The Qu'ran is the holy book of the Muslim,-7.19789,-2.00,13068, religion,0,7.39333,-3.83715,-5.86488,religion. It is the word of God
