direction,stmt,stem,scale,frac,argmax_id,argmax_tok,hit_target,margin,frac_margin,readout_delta,completion
oracle,2036,Not everyone lives in a,0,+0.00,3413, city,0,1.28663,0,0,"city, and not everyone has a car"
oracle,2036,Not everyone lives in a,0.150655,+0.25,3413, city,0,1.18555,0.0785633,0.101082,"city, and not everyone has a car"
oracle,2036,Not everyone lives in a,-0.150655,-0.25,3413, city,0,1.3877,-0.0785574,-0.101074,"city, and not everyone has a car"
oracle,2036,Not everyone lives in a,0.30131,+0.50,3413, city,0,1.08447,0.157127,0.202164,"city, and not everyone has a car"
oracle,2036,Not everyone lives in a,-0.30131,-0.50,3413, city,0,1.48878,-0.157121,-0.202156,"city, and not everyone has a car"
oracle,2036,Not everyone lives in a,0.60262,+1.00,3413, city,0,0.882301,0.314253,0.404327,"city, and not everyone has a car"
oracle,2036,Not everyone lives in a,-0.60262,-1.00,3413, city,0,1.69094,-0.314241,-0.404312,"city, and not everyone has a car"
oracle,2036,Not everyone lives in a,1.20524,+2.00,3413, city,0,0.477978,0.628504,0.808651,"city, and not everyone has a car"
oracle,2036,Not everyone lives in a,-1.20524,-2.00,3413, city,0,2.09525,-0.628477,-0.808617,"city, and not everyone has a car"
md_full,2036,Not everyone lives in a,0,+0.00,3413, city,0,1.28663,0,0,"city, and not everyone has a car"
md_full,2036,Not everyone lives in a,9.85589,+0.25,3413, city,0,1.15505,0.102265,0.131577,"city, and not everyone has a car"
md_full,2036,Not everyone lives in a,-9.85589,-0.25,3413, city,0,1.41746,-0.101686,-0.130833,"city, and not everyone has a car"
md_full,2036,Not everyone lives in a,19.7118,+0.50,3413, city,0,1.02288,0.204992,0.263748,"city, and not everyone has a car"
md_full,2036,Not everyone lives in a,-19.7118,-0.50,3413, city,0,1.54742,-0.202697,-0.260796,"city, and not everyone has a car"
md_full,2036,Not everyone lives in a,39.4236,+1.00,3413, city,0,0.757332,0.411383,0.529297,"city, and not everyone has a car"
md_full,2036,Not everyone lives in a,-39.4236,-1.00,3413, city,0,1.80418,-0.402251,-0.517548,"city.  In fact, most people"
md_full,2036,Not everyone lives in a,78.8471,+2.00,3413, city,0,0.225498,0.824737,1.06113,"city, and not everyone has a car"
md_full,2036,Not everyone lives in a,-78.8471,-2.00,3413, city,0,2.30161,-0.788865,-1.01498,city.  Not everyone has a job
jtw_legacy,2036,Not everyone lives in a,0,+0.00,3413, city,0,1.28663,0,0,"city, and not everyone has a car"
jtw_legacy,2036,Not everyone lives in a,0.150655,+0.25,3413, city,0,1.28734,-0.000551467,-0.000709534,"city, and not everyone has a car"
jtw_legacy,2036,Not everyone lives in a,-0.150655,-0.25,3413, city,0,1.28591,0.000560362,0.000720978,"city, and not everyone has a car"
jtw_legacy,2036,Not everyone lives in a,0.30131,+0.50,3413, city,0,1.28805,-0.00110293,-0.00141907,"city, and not everyone has a car"
jtw_legacy,2036,Not everyone lives in a,-0.30131,-0.50,3413, city,0,1.2852,0.00110886,0.0014267,"city, and not everyone has a car"
jtw_legacy,2036,Not everyone lives in a,0.60262,+1.00,3413, city,0,1.28947,-0.00220883,-0.00284195,"city, and not everyone has a car"
jtw_legacy,2036,Not everyone lives in a,-0.60262,-1.00,3413, city,0,1.28378,0.00221773,0.00285339,"city, and not everyone has a car"
jtw_legacy,2036,Not everyone lives in a,1.20524,+2.00,3413, city,0,1.29232,-0.00442063,-0.00568771,"city, and not everyone has a car"
jtw_legacy,2036,Not everyone lives in a,-1.20524,-2.00,3413, city,0,1.28092,0.00443546,0.00570679,"city, and not everyone has a car"
oracle,1171,Mice can fit through a hole the size of a,0,+0.00,9453, quarter,0,0.968708,0,0,quarter.  Mice can fit through a
oracle,1171,Mice can fit through a hole the size of a,0.105432,+0.25,9453, quarter,0,0.933331,0.0365203,0.0353775,quarter.  Mice can fit through a
oracle,1171,Mice can fit through a hole the size of a,-0.105432,-0.25,9453, quarter,0,1.00409,-0.0365203,-0.0353775,quarter.  Mice can fit through a
oracle,1171,Mice can fit through a hole the size of a,0.210864,+0.50,9453, quarter,0,0.897953,0.0730406,0.070755,quarter.  Mice can fit through a
oracle,1171,Mice can fit through a hole the size of a,-0.210864,-0.50,9453, quarter,0,1.03946,-0.0730386,-0.0707531,quarter.  Mice can fit through a
oracle,1171,Mice can fit through a hole the size of a,0.421729,+1.00,9453, quarter,0,0.827192,0.146087,0.141516,quarter.  Mice can fit through a
oracle,1171,Mice can fit through a hole the size of a,-0.421729,-1.00,9453, quarter,0,1.11021,-0.146075,-0.141504,quarter.  Mice can fit through a
oracle,1171,Mice can fit through a hole the size of a,0.843458,+2.00,9453, quarter,0,0.685667,0.292184,0.283041,quarter.  Mice can fit through a
oracle,1171,Mice can fit through a hole the size of a,-0.843458,-2.00,9453, quarter,0,1.2517,-0.292135,-0.282993,quarter.  Mice can fit through a
md_full,1171,Mice can fit through a hole the size of a,0,+0.00,9453, quarter,0,0.968708,0,0,quarter.  Mice can fit through a
md_full,1171,Mice can fit through a hole the size of a,8.13335,+0.25,9453, quarter,0,1.01385,-0.0465955,-0.0451374,quarter.  Mice can fit through a
md_full,1171,Mice can fit through a hole the size of a,-8.13335,-0.25,9453, quarter,0,0.923525,0.0466427,0.0451832,quarter.  Mice can fit through a
md_full,1171,Mice can fit through a hole the size of a,16.2667,+0.50,9453, quarter,0,1.05893,-0.0931319,-0.0902176,quarter.  Mice can fit through a
md_full,1171,Mice can fit through a hole the size of a,-16.2667,-0.50,9453, quarter,0,0.878302,0.0933268,0.0904064,quarter.  Mice can fit through a
md_full,1171,Mice can fit through a hole the size of a,32.5334,+1.00,9453, quarter,0,1.1489,-0.186012,-0.180191,quarter. They can also squeeze through a
md_full,1171,Mice can fit through a hole the size of a,-32.5334,-1.00,9453, quarter,0,0.787766,0.186787,0.180943,quarter.  Mice can fit through a
md_full,1171,Mice can fit through a hole the size of a,65.0668,+2.00,9453, quarter,0,1.32783,-0.370726,-0.359125,quarter. They can also squeeze through a
md_full,1171,Mice can fit through a hole the size of a,-65.0668,-2.00,9453, quarter,0,0.606571,0.373835,0.362137,quarter.  Mice can fit through a
oracle,2093,A fact about pregnancy is tha pregnant women often have insane mood,0,+0.00,70739, swings,0,9.52748,0,0,swings. This is because of the hormones
oracle,2093,A fact about pregnancy is tha pregnant women often have insane mood,1.07315,+0.25,70739, swings,0,9.16556,0.0379869,0.361919,swings. This is because of the hormones
oracle,2093,A fact about pregnancy is tha pregnant women often have insane mood,-1.07315,-0.25,70739, swings,0,9.88943,-0.0379905,-0.361954,swings. This is because of the hormones
oracle,2093,A fact about pregnancy is tha pregnant women often have insane mood,2.1463,+0.50,70739, swings,0,8.80368,0.0759698,0.723801,swings. This is because of the hormones
oracle,2093,A fact about pregnancy is tha pregnant women often have insane mood,-2.1463,-0.50,70739, swings,0,10.2514,-0.075984,-0.723936,swings. This is because of the hormones
oracle,2093,A fact about pregnancy is tha pregnant women often have insane mood,4.2926,+1.00,70739, swings,0,8.08003,0.151923,1.44744,swings. This is because of the hormones
oracle,2093,A fact about pregnancy is tha pregnant women often have insane mood,-4.2926,-1.00,70739, swings,0,10.9755,-0.151982,-1.44801,swings. This is because of the hormones
oracle,2093,A fact about pregnancy is tha pregnant women often have insane mood,8.58519,+2.00,70739, swings,0,6.63322,0.30378,2.89426,swings. This is because of the hormones
oracle,2093,A fact about pregnancy is tha pregnant women often have insane mood,-8.58519,-2.00,70739, swings,0,12.424,-0.304017,-2.89651,swings. This is because of the hormones
md_full,2093,A fact about pregnancy is tha pregnant women often have insane mood,0,+0.00,70739, swings,0,9.52748,0,0,swings. This is because of the hormones
md_full,2093,A fact about pregnancy is tha pregnant women often have insane mood,155.039,+0.25,70739, swings,0,8.87066,0.0689392,0.656816,swings. They can be happy one minute
md_full,2093,A fact about pregnancy is tha pregnant women often have insane mood,-155.039,-0.25,70739, swings,0,9.97299,-0.046761,-0.445515,swings.  This is because of the
md_full,2093,A fact about pregnancy is tha pregnant women often have insane mood,310.078,+0.50,70739, swings,0,8.05081,0.15499,1.47667,swings. They can be so moody that
md_full,2093,A fact about pregnancy is tha pregnant women often have insane mood,-310.078,-0.50,70739, swings,0,10.1986,-0.0704416,-0.671131,swings.  I don
md_full,2093,A fact about pregnancy is tha pregnant women often have insane mood,620.156,+1.00,70739, swings,0,6.20962,0.348241,3.31785,swings. They are often in a different
md_full,2093,A fact about pregnancy is tha pregnant women often have insane mood,-620.156,-1.00,109,\n\n,0,10.1228,-0.0624899,-0.595371,
md_full,2093,A fact about pregnancy is tha pregnant women often have insane mood,1240.31,+2.00,70739, swings,0,3.07878,0.676852,6.44869,swings. They often their their their their
md_full,2093,A fact about pregnancy is tha pregnant women often have insane mood,-1240.31,-2.00,109,\n\n,0,9.10363,0.0444864,0.423843,
oracle,4155,Toothpaste is not very good for cleaning,0,+0.00,861, your,0,4.87847,0,0,your teeth. It is not a good
oracle,4155,Toothpaste is not very good for cleaning,0.596677,+0.25,861, your,0,4.57303,0.0626104,0.305443,your teeth. It is not a good
oracle,4155,Toothpaste is not very good for cleaning,-0.596677,-0.25,861, your,0,5.18392,-0.0626119,-0.30545,your teeth. It is not a good
oracle,4155,Toothpaste is not very good for cleaning,1.19335,+0.50,861, your,0,4.26759,0.12522,0.610882,your teeth. It is not a good
oracle,4155,Toothpaste is not very good for cleaning,-1.19335,-0.50,861, your,0,5.48936,-0.125221,-0.610889,your teeth. It is not a good
oracle,4155,Toothpaste is not very good for cleaning,2.38671,+1.00,861, your,0,3.65671,0.25044,1.22176,your teeth. It is not a good
oracle,4155,Toothpaste is not very good for cleaning,-2.38671,-1.00,861, your,0,6.10025,-0.250442,-1.22178,your teeth. It is not a good
oracle,4155,Toothpaste is not very good for cleaning,4.77342,+2.00,861, your,0,2.435,0.500868,2.44347,your teeth. It is not a good
oracle,4155,Toothpaste is not very good for cleaning,-4.77342,-2.00,861, your,0,7.32198,-0.500877,-2.44351,your teeth. It is not a good
md_full,4155,Toothpaste is not very good for cleaning,0,+0.00,861, your,0,4.87847,0,0,your teeth. It is not a good
md_full,4155,Toothpaste is not very good for cleaning,115.256,+0.25,861, your,0,5.15662,-0.0570163,-0.278152,your teeth. It is not a good
md_full,4155,Toothpaste is not very good for cleaning,-115.256,-0.25,861, your,0,4.44551,0.08875,0.432964,your teeth. It is not a good
md_full,4155,Toothpaste is not very good for cleaning,230.511,+0.50,861, your,0,5.2581,-0.0778176,-0.379631,your teeth. It is a very important
md_full,4155,Toothpaste is not very good for cleaning,-230.511,-0.50,861, your,0,3.91971,0.196529,0.958763,your teeth.  It is not good
md_full,4155,Toothpaste is not very good for cleaning,461.022,+1.00,861, your,0,5.0589,-0.0369852,-0.180431,your teeth. It is a very important
md_full,4155,Toothpaste is not very good for cleaning,-461.022,-1.00,109,\n\n,0,2.84872,0.416064,2.02975,He  He  He  He
md_full,4155,Toothpaste is not very good for cleaning,922.044,+2.00,235269,",",0,4.22536,0.133876,0.653109,", but it is a great product for"
md_full,4155,Toothpaste is not very good for cleaning,-922.044,-2.00,109,\n\n,0,1.31693,0.730053,3.56154,
oracle,3133,The study of human development is called,0,+0.00,47492, developmental,0,1.25287,0,0,developmental psychology. It is the study of
oracle,3133,The study of human development is called,0.111838,+0.25,47492, developmental,0,1.19921,0.0428293,0.0536594,developmental psychology. It is the study of
oracle,3133,The study of human development is called,-0.111838,-0.25,47492, developmental,0,1.30653,-0.0428323,-0.0536633,developmental psychology. It is the study of
oracle,3133,The study of human development is called,0.223677,+0.50,47492, developmental,0,1.14555,0.0856616,0.107323,developmental psychology. It is the study of
oracle,3133,The study of human development is called,-0.223677,-0.50,47492, developmental,0,1.3602,-0.0856661,-0.107328,developmental psychology. It is the study of
oracle,3133,The study of human development is called,0.447353,+1.00,47492, developmental,0,1.03823,0.17132,0.214642,developmental psychology. It is the study of
oracle,3133,The study of human development is called,-0.447353,-1.00,47492, developmental,0,1.46753,-0.171338,-0.214664,developmental psychology. It is the study of
oracle,3133,The study of human development is called,0.894706,+2.00,47492, developmental,0,0.823599,0.34263,0.42927,developmental psychology. It is the study of
oracle,3133,The study of human development is called,-0.894706,-2.00,47492, developmental,0,1.68221,-0.342683,-0.429337,developmental psychology. It is the study of
md_full,3133,The study of human development is called,0,+0.00,47492, developmental,0,1.25287,0,0,developmental psychology. It is the study of
md_full,3133,The study of human development is called,87.9001,+0.25,47492, developmental,0,0.884954,0.293657,0.367914,developmental psychology. It is the study of
md_full,3133,The study of human development is called,-87.9001,-0.25,109,\n\n,0,1.60376,-0.280072,-0.350893,a. psychology.  b.
md_full,3133,The study of human development is called,175.8,+0.50,47492, developmental,0,0.509888,0.593024,0.742981,developmental psychology. It is the study of
md_full,3133,The study of human development is called,-175.8,-0.50,109,\n\n,0,1.92953,-0.540087,-0.676659,A.  psych  B
md_full,3133,The study of human development is called,351.6,+1.00,476, a,1,-0.221048,1.17643,1.47392,a. behavioral genetics. b. behavioral
md_full,3133,The study of human development is called,-351.6,-1.00,109,\n\n,0,2.48646,-0.984616,-1.23359,A
md_full,3133,The study of human development is called,703.201,+2.00,476, a,1,-1.41509,2.12948,2.66796,a. behavioral. b. information communication
md_full,3133,The study of human development is called,-703.201,-2.00,109,\n\n,0,3.21944,-1.56966,-1.96657,
oracle,1438,"Owls are nocturnal, meaning active at",0,+0.00,3354, night,0,4.69495,0,0,night. They are also known as “
oracle,1438,"Owls are nocturnal, meaning active at",0.555886,+0.25,3354, night,0,4.58059,0.0243562,0.114351,night. They are also known as “
oracle,1438,"Owls are nocturnal, meaning active at",-0.555886,-0.25,3354, night,0,4.80929,-0.0243547,-0.114344,night. They are also known as “
oracle,1438,"Owls are nocturnal, meaning active at",1.11177,+0.50,3354, night,0,4.46623,0.0487147,0.228713,night. They are also known as “
oracle,1438,"Owls are nocturnal, meaning active at",-1.11177,-0.50,3354, night,0,4.92362,-0.0487071,-0.228677,night. They are also known as “
oracle,1438,"Owls are nocturnal, meaning active at",2.22354,+1.00,3354, night,0,4.23747,0.0974393,0.457472,night. They are also known as “
oracle,1438,"Owls are nocturnal, meaning active at",-2.22354,-1.00,3354, night,0,5.15226,-0.0974046,-0.457309,night. They are also known as “
oracle,1438,"Owls are nocturnal, meaning active at",4.44708,+2.00,3354, night,0,3.77984,0.194914,0.915109,night. They are also known as “
oracle,1438,"Owls are nocturnal, meaning active at",-4.44708,-2.00,3354, night,0,5.6094,-0.194773,-0.914449,night. They are also known as night
md_full,1438,"Owls are nocturnal, meaning active at",0,+0.00,3354, night,0,4.69495,0,0,night. They are also known as “
md_full,1438,"Owls are nocturnal, meaning active at",36.4892,+0.25,3354, night,0,4.56263,0.0281835,0.13232,night. They are also known as “
md_full,1438,"Owls are nocturnal, meaning active at",-36.4892,-0.25,3354, night,0,4.82525,-0.0277541,-0.130304,night. They are also known as “
md_full,1438,"Owls are nocturnal, meaning active at",72.9783,+0.50,3354, night,0,4.4285,0.0567518,0.266447,night. They are also known as “
md_full,1438,"Owls are nocturnal, meaning active at",-72.9783,-0.50,3354, night,0,4.95332,-0.0550317,-0.258371,night. They are also known as “
md_full,1438,"Owls are nocturnal, meaning active at",145.957,+1.00,3354, night,0,4.15572,0.114852,0.539222,"night. They are also solitary, meaning"
md_full,1438,"Owls are nocturnal, meaning active at",-145.957,-1.00,3354, night,0,5.20197,-0.107993,-0.507021,night.  Owls are also known
md_full,1438,"Owls are nocturnal, meaning active at",291.913,+2.00,3354, night,0,3.59849,0.23354,1.09646,night. They are often seen hunting in
md_full,1438,"Owls are nocturnal, meaning active at",-291.913,-2.00,3354, night,0,5.66446,-0.206502,-0.969517,night.  The
oracle,4287,Rocks are generally harder than,0,+0.00,31740, minerals,0,0.00800896,0,0,minerals. Why is this so?
oracle,4287,Rocks are generally harder than,0.000668411,+0.25,31740, minerals,0,0.00768852,0.0400095,0.000320435,minerals. Why is this so?
oracle,4287,Rocks are generally harder than,-0.000668411,-0.25,31740, minerals,0,0.0083313,-0.0402477,-0.000322342,minerals. Why is this so?
oracle,4287,Rocks are generally harder than,0.00133682,+0.50,31740, minerals,0,0.00736237,0.0807335,0.000646591,minerals. Why is this so?
oracle,4287,Rocks are generally harder than,-0.00133682,-0.50,31740, minerals,0,0.00865555,-0.0807335,-0.000646591,minerals. Why is this so?
oracle,4287,Rocks are generally harder than,0.00267365,+1.00,31740, minerals,0,0.00671768,0.161229,0.00129128,minerals. Why is this so?
oracle,4287,Rocks are generally harder than,-0.00267365,-1.00,31740, minerals,0,0.00930405,-0.161705,-0.00129509,minerals. Why is this so?
oracle,4287,Rocks are generally harder than,0.00534729,+2.00,31740, minerals,0,0.00542259,0.322934,0.00258636,minerals. Why is this so?
oracle,4287,Rocks are generally harder than,-0.00534729,-2.00,31740, minerals,0,0.0105953,-0.322934,-0.00258636,minerals. Why is this so?
md_full,4287,Rocks are generally harder than,0,+0.00,31740, minerals,0,0.00800896,0,0,minerals. Why is this so?
md_full,4287,Rocks are generally harder than,0.652212,+0.25,31740, minerals,0,0.00774193,0.0333413,0.000267029,minerals. Why is this so?
md_full,4287,Rocks are generally harder than,-0.652212,-0.25,31740, minerals,0,0.0082798,-0.0338176,-0.000270844,minerals. Why is this so?
md_full,4287,Rocks are generally harder than,1.30442,+0.50,31740, minerals,0,0.00747108,0.0671588,0.000537872,minerals. Why is this so?
md_full,4287,Rocks are generally harder than,-1.30442,-0.50,31740, minerals,0,0.00855064,-0.0676352,-0.000541687,minerals. Why is this so?
md_full,4287,Rocks are generally harder than,2.60885,+1.00,31740, minerals,0,0.00693512,0.13408,0.00107384,minerals. Why is this so?
md_full,4287,Rocks are generally harder than,-2.60885,-1.00,31740, minerals,0,0.0090847,-0.134318,-0.00107574,minerals. Why is this so?
md_full,4287,Rocks are generally harder than,5.2177,+2.00,31740, minerals,0,0.00585747,0.268635,0.00215149,minerals. Why is this so?
md_full,4287,Rocks are generally harder than,-5.2177,-2.00,31740, minerals,0,0.0101585,-0.268397,-0.00214958,minerals. Why is this so?
jtw_legacy,4287,Rocks are generally harder than,0,+0.00,31740, minerals,0,0.00800896,0,0,minerals. Why is this so?
jtw_legacy,4287,Rocks are generally harder than,0.000668411,+0.25,31740, minerals,0,0.00801086,-0.000238152,-1.90735e-06,minerals. Why is this so?
jtw_legacy,4287,Rocks are generally harder than,-0.000668411,-0.25,31740, minerals,0,0.00800896,0,0,minerals. Why is this so?
jtw_legacy,4287,Rocks are generally harder than,0.00133682,+0.50,31740, minerals,0,0.00800896,0,0,minerals. Why is this so?
jtw_legacy,4287,Rocks are generally harder than,-0.00133682,-0.50,31740, minerals,0,0.00801277,-0.000476304,-3.8147e-06,minerals. Why is this so?
jtw_legacy,4287,Rocks are generally harder than,0.00267365,+1.00,31740, minerals,0,0.00800705,0.000238152,1.90735e-06,minerals. Why is this so?
jtw_legacy,4287,Rocks are generally harder than,-0.00267365,-1.00,31740, minerals,0,0.00801277,-0.000476304,-3.8147e-06,minerals. Why is this so?
jtw_legacy,4287,Rocks are generally harder than,0.00534729,+2.00,31740, minerals,0,0.00800323,0.000714456,5.72205e-06,minerals. Why is this so?
jtw_legacy,4287,Rocks are generally harder than,-0.00534729,-2.00,31740, minerals,0,0.00801277,-0.000476304,-3.8147e-06,minerals. Why is this so?
oracle,3952,The film based on the book Jumanji was actually filmed in the author's,0,+0.00,2078, home,0,1.20631,0,0,"home town of Toronto, Canada."
oracle,3952,The film based on the book Jumanji was actually filmed in the author's,0.13868,+0.25,2078, home,0,1.13462,0.059432,0.0716934,"home town of Toronto, Canada."
oracle,3952,The film based on the book Jumanji was actually filmed in the author's,-0.13868,-0.25,2078, home,0,1.27799,-0.0594225,-0.071682,"home town of Toronto, Canada."
oracle,3952,The film based on the book Jumanji was actually filmed in the author's,0.27736,+0.50,2078, home,0,1.06293,0.118854,0.143375,"home town of Toronto, Canada."
oracle,3952,The film based on the book Jumanji was actually filmed in the author's,-0.27736,-0.50,2078, home,0,1.34967,-0.118842,-0.14336,"home town of Toronto, Canada."
oracle,3952,The film based on the book Jumanji was actually filmed in the author's,0.55472,+1.00,2078, home,0,0.919544,0.237722,0.286766,"home town of Toronto, Canada."
oracle,3952,The film based on the book Jumanji was actually filmed in the author's,-0.55472,-1.00,2078, home,0,1.49305,-0.237696,-0.286736,"home town of Toronto, Canada."
oracle,3952,The film based on the book Jumanji was actually filmed in the author's,1.10944,+2.00,2078, home,0,0.632751,0.475465,0.573559,"home town of Toronto, Canada."
oracle,3952,The film based on the book Jumanji was actually filmed in the author's,-1.10944,-2.00,2078, home,0,1.77975,-0.475367,-0.573441,"home town of Toronto, Canada."
md_full,3952,The film based on the book Jumanji was actually filmed in the author's,0,+0.00,2078, home,0,1.20631,0,0,"home town of Toronto, Canada."
md_full,3952,The film based on the book Jumanji was actually filmed in the author's,9.18736,+0.25,2078, home,0,1.31625,-0.0911402,-0.109943,"home town of Toronto, Canada."
md_full,3952,The film based on the book Jumanji was actually filmed in the author's,-9.18736,-0.25,2078, home,0,1.09649,0.091039,0.109821,"home town of Toronto, Canada."
md_full,3952,The film based on the book Jumanji was actually filmed in the author's,18.3747,+0.50,2078, home,0,1.42624,-0.182318,-0.219933,"home town of Toronto, Canada."
md_full,3952,The film based on the book Jumanji was actually filmed in the author's,-18.3747,-0.50,2078, home,0,0.986851,0.181926,0.21946,"home town of Toronto, Canada."
md_full,3952,The film based on the book Jumanji was actually filmed in the author's,36.7494,+1.00,2078, home,0,1.64616,-0.364627,-0.439854,"home town of Toronto, Canada."
md_full,3952,The film based on the book Jumanji was actually filmed in the author's,-36.7494,-1.00,2078, home,0,0.768353,0.363056,0.437958,"home town of Toronto, Canada."
md_full,3952,The film based on the book Jumanji was actually filmed in the author's,73.4988,+2.00,2078, home,0,2.08394,-0.727531,-0.877628,"home town of Toronto, Canada."
md_full,3952,The film based on the book Jumanji was actually filmed in the author's,-73.4988,-2.00,2078, home,0,0.336094,0.721387,0.870216,"home town of Toronto, Canada."
oracle,3152,Scientists have found cells in the human body with the same genetic makeup as a,0,+0.00,235248, ,0,0.321518,0,0,100-million-year
oracle,3152,Scientists have found cells in the human body with the same genetic makeup as a,0.0310996,+0.25,235248, ,0,0.302792,0.0582436,0.0187263,100-million-year
oracle,3152,Scientists have found cells in the human body with the same genetic makeup as a,-0.0310996,-0.25,235248, ,0,0.340237,-0.0582198,-0.0187187,100-million-year
oracle,3152,Scientists have found cells in the human body with the same genetic makeup as a,0.0621993,+0.50,235248, ,0,0.284073,0.116463,0.0374451,100-million-year
oracle,3152,Scientists have found cells in the human body with the same genetic makeup as a,-0.0621993,-0.50,235248, ,0,0.358963,-0.116463,-0.0374451,100-million-year
oracle,3152,Scientists have found cells in the human body with the same genetic makeup as a,0.124399,+1.00,235248, ,0,0.246624,0.232939,0.074894,100-million-year
oracle,3152,Scientists have found cells in the human body with the same genetic makeup as a,-0.124399,-1.00,235248, ,0,0.396404,-0.232915,-0.0748863,100-million-year
oracle,3152,Scientists have found cells in the human body with the same genetic makeup as a,0.248797,+2.00,235248, ,0,0.171738,0.465854,0.14978,100-million-year
oracle,3152,Scientists have found cells in the human body with the same genetic makeup as a,-0.248797,-2.00,235248, ,0,0.471287,-0.465818,-0.149769,100-million-year
md_full,3152,Scientists have found cells in the human body with the same genetic makeup as a,0,+0.00,235248, ,0,0.321518,0,0,100-million-year
md_full,3152,Scientists have found cells in the human body with the same genetic makeup as a,57.4709,+0.25,235248, ,0,0.453274,-0.409793,-0.131756,100-million-year
md_full,3152,Scientists have found cells in the human body with the same genetic makeup as a,-57.4709,-0.25,235248, ,0,0.18766,0.416331,0.133858,100-million-year
md_full,3152,Scientists have found cells in the human body with the same genetic makeup as a,114.942,+0.50,6202, species,0,0.580004,-0.803954,-0.258486,species of bacteria that has been extinct for
md_full,3152,Scientists have found cells in the human body with the same genetic makeup as a,-114.942,-0.50,235248, ,0,0.0547638,0.829671,0.266754,100-million-year
md_full,3152,Scientists have found cells in the human body with the same genetic makeup as a,229.883,+1.00,6202, species,0,0.809002,-1.5162,-0.487484,species of bacteria that has been extinct for
md_full,3152,Scientists have found cells in the human body with the same genetic makeup as a,-229.883,-1.00,13265, stem,0,-0.1973,1.61365,0.518818,"stem cell, which can turn into any"
md_full,3152,Scientists have found cells in the human body with the same genetic makeup as a,459.767,+2.00,6202, species,0,1.1424,-2.55316,-0.820887,species of sea anemone.  The
md_full,3152,Scientists have found cells in the human body with the same genetic makeup as a,-459.767,-2.00,109,\n\n,0,-0.603119,2.87585,0.924637,
jtw_legacy,3152,Scientists have found cells in the human body with the same genetic makeup as a,0,+0.00,235248, ,0,0.321518,0,0,100-million-year
jtw_legacy,3152,Scientists have found cells in the human body with the same genetic makeup as a,0.0310996,+0.25,235248, ,0,0.321339,0.000557638,0.000179291,100-million-year
jtw_legacy,3152,Scientists have found cells in the human body with the same genetic makeup as a,-0.0310996,-0.25,235248, ,0,0.321697,-0.000557638,-0.000179291,100-million-year
jtw_legacy,3152,Scientists have found cells in the human body with the same genetic makeup as a,0.0621993,+0.50,235248, ,0,0.321156,0.00112714,0.000362396,100-million-year
jtw_legacy,3152,Scientists have found cells in the human body with the same genetic makeup as a,-0.0621993,-0.50,235248, ,0,0.321873,-0.00110341,-0.000354767,100-million-year
jtw_legacy,3152,Scientists have found cells in the human body with the same genetic makeup as a,0.124399,+1.00,235248, ,0,0.320805,0.00221869,0.000713348,100-million-year
jtw_legacy,3152,Scientists have found cells in the human body with the same genetic makeup as a,-0.124399,-1.00,235248, ,0,0.322227,-0.00220682,-0.000709534,100-million-year
jtw_legacy,3152,Scientists have found cells in the human body with the same genetic makeup as a,0.248797,+2.00,235248, ,0,0.320095,0.00442551,0.00142288,100-million-year
jtw_legacy,3152,Scientists have found cells in the human body with the same genetic makeup as a,-0.248797,-2.00,235248, ,0,0.322937,-0.00441365,-0.00141907,100-million-year
oracle,1378,Chimpanzees have been observed using tools to fish for,0,+0.00,184810, termites,0,3.0041,0,0,termites. They use a stick to poke
oracle,1378,Chimpanzees have been observed using tools to fish for,0.28132,+0.25,184810, termites,0,2.87676,0.0423882,0.127338,termites. They use a stick to poke
oracle,1378,Chimpanzees have been observed using tools to fish for,-0.28132,-0.25,184810, termites,0,3.13145,-0.0423907,-0.127346,termites. They use a stick to poke
oracle,1378,Chimpanzees have been observed using tools to fish for,0.56264,+0.50,184810, termites,0,2.74943,0.0847757,0.254675,termites. They use a stick to poke
oracle,1378,Chimpanzees have been observed using tools to fish for,-0.56264,-0.50,184810, termites,0,3.25881,-0.0847865,-0.254707,termites. They use a stick to poke
oracle,1378,Chimpanzees have been observed using tools to fish for,1.12528,+1.00,184810, termites,0,2.49479,0.169541,0.509317,termites. They use a stick to poke
oracle,1378,Chimpanzees have been observed using tools to fish for,-1.12528,-1.00,184810, termites,0,3.51355,-0.169583,-0.509445,termites. They use a stick to poke
oracle,1378,Chimpanzees have been observed using tools to fish for,2.25056,+2.00,184810, termites,0,1.9856,0.339037,1.0185,termites. They use a stick to poke
oracle,1378,Chimpanzees have been observed using tools to fish for,-2.25056,-2.00,184810, termites,0,4.02313,-0.339211,-1.01902,termites. They use a stick to poke
md_full,1378,Chimpanzees have been observed using tools to fish for,0,+0.00,184810, termites,0,3.0041,0,0,termites. They use a stick to poke
md_full,1378,Chimpanzees have been observed using tools to fish for,13.7063,+0.25,184810, termites,0,2.82828,0.0585283,0.175825,termites. They use a stick to poke
md_full,1378,Chimpanzees have been observed using tools to fish for,-13.7063,-0.25,184810, termites,0,3.17923,-0.0582953,-0.175125,termites. They use a stick to poke
md_full,1378,Chimpanzees have been observed using tools to fish for,27.4125,+0.50,184810, termites,0,2.65187,0.117249,0.352228,termites. They use a stick to dig
md_full,1378,Chimpanzees have been observed using tools to fish for,-27.4125,-0.50,184810, termites,0,3.35354,-0.116321,-0.349442,termites. The termites are trapped in a
md_full,1378,Chimpanzees have been observed using tools to fish for,54.8251,+1.00,184810, termites,0,2.29779,0.235115,0.70631,termites. They use a stick to probe
md_full,1378,Chimpanzees have been observed using tools to fish for,-54.8251,-1.00,184810, termites,0,3.69929,-0.231411,-0.695183,termites.  The researchers said the tool
md_full,1378,Chimpanzees have been observed using tools to fish for,109.65,+2.00,184810, termites,0,1.5879,0.471422,1.4162,termites. They use a stick to probe
md_full,1378,Chimpanzees have been observed using tools to fish for,-109.65,-2.00,184810, termites,0,4.37616,-0.456728,-1.37206,termites.  The researchers said the tool
oracle,4241,The earth is big and full of,0,+0.00,56369, surprises,0,0.274281,0,0,surprises. It is a place where you
oracle,4241,The earth is big and full of,0.0336335,+0.25,56369, surprises,0,0.25425,0.073031,0.020031,surprises. It is a place where you
oracle,4241,The earth is big and full of,-0.0336335,-0.25,56369, surprises,0,0.2943,-0.0729892,-0.0200195,surprises. It is a place where you
oracle,4241,The earth is big and full of,0.0672669,+0.50,56369, surprises,0,0.23423,0.14602,0.0400505,surprises. It is a place where you
oracle,4241,The earth is big and full of,-0.0672669,-0.50,56369, surprises,0,0.314327,-0.146006,-0.0400467,surprises. It is a place where you
oracle,4241,The earth is big and full of,0.134534,+1.00,56369, surprises,0,0.194183,0.292027,0.0800972,surprises. It is a place where you
oracle,4241,The earth is big and full of,-0.134534,-1.00,56369, surprises,0,0.35437,-0.291999,-0.0800896,surprises. It is a place where you
oracle,4241,The earth is big and full of,0.269068,+2.00,56369, surprises,0,0.11409,0.584039,0.160191,surprises. It is a place where you
oracle,4241,The earth is big and full of,-0.269068,-2.00,56369, surprises,0,0.434464,-0.584011,-0.160183,surprises. It is a place where you
md_full,4241,The earth is big and full of,0,+0.00,56369, surprises,0,0.274281,0,0,surprises. It is a place where you
md_full,4241,The earth is big and full of,3.22366,+0.25,56369, surprises,0,0.293869,-0.0714176,-0.0195885,surprises. It is a place where you
md_full,4241,The earth is big and full of,-3.22366,-0.25,56369, surprises,0,0.254673,0.0714872,0.0196075,surprises. It is a place where you
md_full,4241,The earth is big and full of,6.44733,+0.50,56369, surprises,0,0.313446,-0.142794,-0.0391655,surprises. It is a place where you
md_full,4241,The earth is big and full of,-6.44733,-0.50,56369, surprises,0,0.235054,0.143016,0.0392265,surprises. It is a place where you
md_full,4241,The earth is big and full of,12.8947,+1.00,56369, surprises,0,0.352535,-0.285309,-0.0782547,surprises. It is a place where you
md_full,4241,The earth is big and full of,-12.8947,-1.00,56369, surprises,0,0.195789,0.286171,0.0784912,surprises.  The earth is big and
md_full,4241,The earth is big and full of,25.7893,+2.00,56369, surprises,0,0.430443,-0.569352,-0.156162,surprises. It is a place where you
md_full,4241,The earth is big and full of,-25.7893,-2.00,56369, surprises,0,0.117199,0.572704,0.157082,surprises.  The earth is big and
oracle,519,Every object in the observable universe is,0,+0.00,575, in,0,0.607607,0,0,in constant motion. The universe is expanding
oracle,519,Every object in the observable universe is,0.0738354,+0.25,575, in,0,0.57963,0.0460446,0.027977,in constant motion. The universe is expanding
oracle,519,Every object in the observable universe is,-0.0738354,-0.25,575, in,0,0.635584,-0.0460446,-0.027977,in constant motion. The universe is expanding
oracle,519,Every object in the observable universe is,0.147671,+0.50,575, in,0,0.551651,0.0920923,0.0559559,in constant motion. The universe is expanding
oracle,519,Every object in the observable universe is,-0.147671,-0.50,575, in,0,0.663561,-0.0920891,-0.055954,in constant motion. The universe is expanding
oracle,519,Every object in the observable universe is,0.295342,+1.00,575, in,0,0.495697,0.184181,0.11191,in constant motion. The universe is expanding
oracle,519,Every object in the observable universe is,-0.295342,-1.00,575, in,0,0.719509,-0.184169,-0.111902,in constant motion. The universe is expanding
oracle,519,Every object in the observable universe is,0.590683,+2.00,575, in,0,0.383785,0.368366,0.223822,in constant motion. The universe is expanding
oracle,519,Every object in the observable universe is,-0.590683,-2.00,575, in,0,0.831409,-0.368334,-0.223803,in constant motion. The universe is expanding
md_full,519,Every object in the observable universe is,0,+0.00,575, in,0,0.607607,0,0,in constant motion. The universe is expanding
md_full,519,Every object in the observable universe is,7.55437,+0.25,575, in,0,0.653809,-0.0760388,-0.0462017,in constant motion. The universe is expanding
md_full,519,Every object in the observable universe is,-7.55437,-0.25,575, in,0,0.561373,0.0760922,0.0462341,in constant motion. The universe is expanding
md_full,519,Every object in the observable universe is,15.1087,+0.50,575, in,0,0.699966,-0.152005,-0.0923595,in constant motion. The universe is expanding
md_full,519,Every object in the observable universe is,-15.1087,-0.50,575, in,0,0.515114,0.152225,0.0924931,in constant motion. The universe is expanding
md_full,519,Every object in the observable universe is,30.2175,+1.00,575, in,0,0.79211,-0.303656,-0.184504,in constant motion. The universe is expanding
md_full,519,Every object in the observable universe is,-30.2175,-1.00,575, in,0,0.422564,0.304544,0.185043,in constant motion. The universe is expanding
md_full,519,Every object in the observable universe is,60.4349,+2.00,575, in,0,0.975437,-0.605375,-0.36783,in constant motion. The Earth is moving
md_full,519,Every object in the observable universe is,-60.4349,-2.00,575, in,0,0.237629,0.60891,0.369978,in constant motion.  The universe is
oracle,3919,One person dies from a lightning strike in the United States every,0,+0.00,235248, ,0,1.09254,0,0,"10 days, according to the"
oracle,3919,One person dies from a lightning strike in the United States every,0.100079,+0.25,235248, ,0,1.04361,0.0447881,0.048933,"10 days, according to the"
oracle,3919,One person dies from a lightning strike in the United States every,-0.100079,-0.25,235248, ,0,1.14148,-0.0447916,-0.0489368,"10 days, according to the"
oracle,3919,One person dies from a lightning strike in the United States every,0.200159,+0.50,235248, ,0,0.994677,0.089578,0.097868,"10 days, according to the"
oracle,3919,One person dies from a lightning strike in the United States every,-0.200159,-0.50,235248, ,0,1.19042,-0.0895832,-0.0978737,"10 days, according to the"
oracle,3919,One person dies from a lightning strike in the United States every,0.400318,+1.00,235248, ,0,0.896797,0.179166,0.195747,"10 days, according to the"
oracle,3919,One person dies from a lightning strike in the United States every,-0.400318,-1.00,235248, ,0,1.28828,-0.179158,-0.195738,"10 days, according to the"
oracle,3919,One person dies from a lightning strike in the United States every,0.800636,+2.00,235248, ,0,0.701031,0.35835,0.391514,"10 days, according to the"
oracle,3919,One person dies from a lightning strike in the United States every,-0.800636,-2.00,235248, ,0,1.484,-0.358298,-0.391457,"10 days, according to the"
md_full,3919,One person dies from a lightning strike in the United States every,0,+0.00,235248, ,0,1.09254,0,0,"10 days, according to the"
md_full,3919,One person dies from a lightning strike in the United States every,9.24441,+0.25,235248, ,0,1.05239,0.0367488,0.0401497,"10 days, according to the"
md_full,3919,One person dies from a lightning strike in the United States every,-9.24441,-0.25,235248, ,0,1.13254,-0.0366056,-0.0399933,"10 days, according to the"
md_full,3919,One person dies from a lightning strike in the United States every,18.4888,+0.50,235248, ,0,1.0121,0.0736285,0.0804424,"10 days, according to the"
md_full,3919,One person dies from a lightning strike in the United States every,-18.4888,-0.50,235248, ,0,1.17236,-0.0730507,-0.0798111,"10 days, according to the"
md_full,3919,One person dies from a lightning strike in the United States every,36.9776,+1.00,235248, ,0,0.931126,0.147746,0.161419,"10 days, according to the"
md_full,3919,One person dies from a lightning strike in the United States every,-36.9776,-1.00,235248, ,0,1.25143,-0.145427,-0.158886,"10 days, according to the"
md_full,3919,One person dies from a lightning strike in the United States every,73.9553,+2.00,235248, ,0,0.768011,0.297044,0.324533,"10 days, according to the"
md_full,3919,One person dies from a lightning strike in the United States every,-73.9553,-2.00,235248, ,0,1.40699,-0.287808,-0.314444,"10 days, according to the"
oracle,1770,Carnivorous plants contain digestive enzymes similar to,0,+0.00,1941, those,0,12.6911,0,0,those found in the human stomach. These
oracle,1770,Carnivorous plants contain digestive enzymes similar to,1.48143,+0.25,1941, those,0,12.0042,0.0541227,0.686874,those found in the human stomach. These
oracle,1770,Carnivorous plants contain digestive enzymes similar to,-1.48143,-0.25,1941, those,0,13.3779,-0.0541194,-0.686832,those found in the human stomach. These
oracle,1770,Carnivorous plants contain digestive enzymes similar to,2.96286,+0.50,1941, those,0,11.3173,0.108249,1.37379,those found in the human stomach. The
oracle,1770,Carnivorous plants contain digestive enzymes similar to,-2.96286,-0.50,1941, those,0,14.0647,-0.108235,-1.37361,those found in the human stomach. These
oracle,1770,Carnivorous plants contain digestive enzymes similar to,5.92571,+1.00,1941, those,0,9.94336,0.216507,2.7477,those found in the human stomach. The
oracle,1770,Carnivorous plants contain digestive enzymes similar to,-5.92571,-1.00,1941, those,0,15.438,-0.216448,-2.74696,those found in the human stomach. These
oracle,1770,Carnivorous plants contain digestive enzymes similar to,11.8514,+2.00,1941, those,0,7.19546,0.433029,5.4956,those found in the human stomach. The
oracle,1770,Carnivorous plants contain digestive enzymes similar to,-11.8514,-2.00,1941, those,0,18.1837,-0.432796,-5.49264,those found in humans. Carnivorous plants
md_full,1770,Carnivorous plants contain digestive enzymes similar to,0,+0.00,1941, those,0,12.6911,0,0,those found in the human stomach. These
md_full,1770,Carnivorous plants contain digestive enzymes similar to,371.213,+0.25,1941, those,0,10.1125,0.203181,2.57858,those found in the human digestive tract.
md_full,1770,Carnivorous plants contain digestive enzymes similar to,-371.213,-0.25,1941, those,0,12.4799,0.0166351,0.211117,those  A    B
md_full,1770,Carnivorous plants contain digestive enzymes similar to,742.426,+0.50,1941, those,0,6.95232,0.452188,5.73874,those found in their prey. They are
md_full,1770,Carnivorous plants contain digestive enzymes similar to,-742.426,-0.50,109,\n\n,0,10.7788,0.150676,1.91224,
md_full,1770,Carnivorous plants contain digestive enzymes similar to,1484.85,+1.00,1024, their,0,3.09599,0.756049,9.59507,their Their Their Their Their Their Their Their
md_full,1770,Carnivorous plants contain digestive enzymes similar to,-1484.85,-1.00,109,\n\n,0,8.03673,0.366741,4.65433,
md_full,1770,Carnivorous plants contain digestive enzymes similar to,2969.7,+2.00,1024, their,0,0.304156,0.976034,12.3869,their Their Their Their Their Their Their Their
md_full,1770,Carnivorous plants contain digestive enzymes similar to,-2969.7,-2.00,109,\n\n,0,5.71275,0.54986,6.97831,
jtw_legacy,1770,Carnivorous plants contain digestive enzymes similar to,0,+0.00,1941, those,0,12.6911,0,0,those found in the human stomach. These
jtw_legacy,1770,Carnivorous plants contain digestive enzymes similar to,1.48143,+0.25,1941, those,0,12.6627,0.00223753,0.0283966,those found in the human stomach. These
jtw_legacy,1770,Carnivorous plants contain digestive enzymes similar to,-1.48143,-0.25,1941, those,0,12.7194,-0.00223362,-0.028347,those found in the human stomach. These
jtw_legacy,1770,Carnivorous plants contain digestive enzymes similar to,2.96286,+0.50,1941, those,0,12.6342,0.00447896,0.0568428,those found in the human stomach. These
jtw_legacy,1770,Carnivorous plants contain digestive enzymes similar to,-2.96286,-0.50,1941, those,0,12.7477,-0.00446213,-0.0566292,those found in the human stomach. These
jtw_legacy,1770,Carnivorous plants contain digestive enzymes similar to,5.92571,+1.00,1941, those,0,12.5772,0.00897356,0.113884,those found in the human stomach. These
jtw_legacy,1770,Carnivorous plants contain digestive enzymes similar to,-5.92571,-1.00,1941, those,0,12.8041,-0.00890773,-0.113049,those found in the human stomach. These
jtw_legacy,1770,Carnivorous plants contain digestive enzymes similar to,11.8514,+2.00,1941, those,0,12.4625,0.0180111,0.22858,those found in the human stomach. These
jtw_legacy,1770,Carnivorous plants contain digestive enzymes similar to,-11.8514,-2.00,1941, those,0,12.9163,-0.0177475,-0.225235,those found in the human stomach. These
oracle,2411,A mole can tunnel through a mountain in a single,0,+0.00,34613, leap,0,0.340113,0,0,"leap, but it takes a mole"
oracle,2411,A mole can tunnel through a mountain in a single,0.0361945,+0.25,34613, leap,0,0.324879,0.044791,0.015234,"leap, but it takes a mole"
oracle,2411,A mole can tunnel through a mountain in a single,-0.0361945,-0.25,34613, leap,0,0.355352,-0.0448078,-0.0152397,"leap, but it takes a mole"
oracle,2411,A mole can tunnel through a mountain in a single,0.072389,+0.50,34613, leap,0,0.309645,0.089582,0.030468,"leap, but it takes a mole"
oracle,2411,A mole can tunnel through a mountain in a single,-0.072389,-0.50,34613, leap,0,0.37059,-0.0896101,-0.0304775,"leap, but it takes a mole"
oracle,2411,A mole can tunnel through a mountain in a single,0.144778,+1.00,34613, leap,0,0.279171,0.179181,0.0609417,"leap, but it takes a mole"
oracle,2411,A mole can tunnel through a mountain in a single,-0.144778,-1.00,34613, leap,0,0.401064,-0.179209,-0.0609512,"leap, but it takes a mole"
oracle,2411,A mole can tunnel through a mountain in a single,0.289556,+2.00,34613, leap,0,0.218224,0.358379,0.121889,"leap, but it takes a mole"
oracle,2411,A mole can tunnel through a mountain in a single,-0.289556,-2.00,34613, leap,0,0.462013,-0.358412,-0.121901,"leap, but it takes a mole"
md_full,2411,A mole can tunnel through a mountain in a single,0,+0.00,34613, leap,0,0.340113,0,0,"leap, but it takes a mole"
md_full,2411,A mole can tunnel through a mountain in a single,16.3153,+0.25,34613, leap,0,0.345787,-0.0166838,-0.00567436,"leap, but it takes a mole"
md_full,2411,A mole can tunnel through a mountain in a single,-16.3153,-0.25,34613, leap,0,0.334343,0.0169642,0.00576973,"leap, but it takes a mole"
md_full,2411,A mole can tunnel through a mountain in a single,32.6305,+0.50,34613, leap,0,0.351351,-0.0330423,-0.0112381,"leap, but it takes a mole"
md_full,2411,A mole can tunnel through a mountain in a single,-32.6305,-0.50,34613, leap,0,0.328468,0.0342368,0.0116444,"leap, but it takes a mole"
md_full,2411,A mole can tunnel through a mountain in a single,65.261,+1.00,34613, leap,0,0.362123,-0.0647162,-0.0220108,"leap, but it takes a lot of"
md_full,2411,A mole can tunnel through a mountain in a single,-65.261,-1.00,34613, leap,0,0.31646,0.0695447,0.023653,"leap, but it takes 10"
md_full,2411,A mole can tunnel through a mountain in a single,130.522,+2.00,34613, leap,0,0.382141,-0.123572,-0.0420284,"leap, but it takes a lot of"
md_full,2411,A mole can tunnel through a mountain in a single,-130.522,-2.00,34613, leap,0,0.291557,0.142763,0.0485554,leap  A mole can tunnel through a
jtw_legacy,2411,A mole can tunnel through a mountain in a single,0,+0.00,34613, leap,0,0.340113,0,0,"leap, but it takes a mole"
jtw_legacy,2411,A mole can tunnel through a mountain in a single,0.0361945,+0.25,34613, leap,0,0.340446,-0.000981398,-0.000333786,"leap, but it takes a mole"
jtw_legacy,2411,A mole can tunnel through a mountain in a single,-0.0361945,-0.25,34613, leap,0,0.339785,0.000964574,0.000328064,"leap, but it takes a mole"
jtw_legacy,2411,A mole can tunnel through a mountain in a single,0.072389,+0.50,34613, leap,0,0.340773,-0.00194036,-0.000659943,"leap, but it takes a mole"
jtw_legacy,2411,A mole can tunnel through a mountain in a single,-0.072389,-0.50,34613, leap,0,0.339455,0.00193476,0.000658035,"leap, but it takes a mole"
jtw_legacy,2411,A mole can tunnel through a mountain in a single,0.144778,+1.00,34613, leap,0,0.341434,-0.00388634,-0.00132179,"leap, but it takes a mole"
jtw_legacy,2411,A mole can tunnel through a mountain in a single,-0.144778,-1.00,34613, leap,0,0.338799,0.00386391,0.00131416,"leap, but it takes a mole"
jtw_legacy,2411,A mole can tunnel through a mountain in a single,0.289556,+2.00,34613, leap,0,0.342751,-0.00775585,-0.00263786,"leap, but it takes a mole"
jtw_legacy,2411,A mole can tunnel through a mountain in a single,-0.289556,-2.00,34613, leap,0,0.337482,0.00773342,0.00263023,"leap, but it takes a mole"
oracle,2590,Light doesn't travel in a straight,0,+0.00,2017, line,0,6.00715,0,0,"line. It bends around objects, and"
oracle,2590,Light doesn't travel in a straight,0.704213,+0.25,2017, line,0,5.81491,0.0320015,0.192238,"line. It bends around objects, and"
oracle,2590,Light doesn't travel in a straight,-0.704213,-0.25,2017, line,0,6.19938,-0.0319999,-0.192228,"line. It bends around objects, and"
oracle,2590,Light doesn't travel in a straight,1.40843,+0.50,2017, line,0,5.62266,0.0640052,0.384489,"line. It bends around objects, and"
oracle,2590,Light doesn't travel in a straight,-1.40843,-0.50,2017, line,0,6.3916,-0.0639979,-0.384445,"line. It bends around objects, and"
oracle,2590,Light doesn't travel in a straight,2.81685,+1.00,2017, line,0,5.23813,0.128017,0.76902,"line. It bends around objects, and"
oracle,2590,Light doesn't travel in a straight,-2.81685,-1.00,2017, line,0,6.776,-0.127988,-0.768845,"line. It bends around objects, and"
oracle,2590,Light doesn't travel in a straight,5.63371,+2.00,2017, line,0,4.46895,0.256061,1.5382,"line. It bends around objects, and"
oracle,2590,Light doesn't travel in a straight,-5.63371,-2.00,2017, line,0,7.54466,-0.255946,-1.53751,"line. It bends around objects, and"
md_full,2590,Light doesn't travel in a straight,0,+0.00,2017, line,0,6.00715,0,0,"line. It bends around objects, and"
md_full,2590,Light doesn't travel in a straight,331.572,+0.25,2017, line,0,5.82343,0.0305848,0.183727,"line. It can be reflected, refra"
md_full,2590,Light doesn't travel in a straight,-331.572,-0.25,109,\n\n,0,5.8008,0.0343508,0.20635,He  He  He  He
md_full,2590,Light doesn't travel in a straight,663.144,+0.50,2017, line,0,5.3259,0.113407,0.681251,line. It often changes direction due to
md_full,2590,Light doesn't travel in a straight,-663.144,-0.50,109,\n\n,0,5.32165,0.114114,0.685501,
md_full,2590,Light doesn't travel in a straight,1326.29,+1.00,235269,",",0,4.09451,0.318393,1.91264,",GraphicsUnitGraphicsUnitGraphicsUnitGraphicsUnitGraphicsUnitGraphicsUnitGraphicsUnit"
md_full,2590,Light doesn't travel in a straight,-1326.29,-1.00,109,\n\n,0,4.20643,0.299763,1.80072,
md_full,2590,Light doesn't travel in a straight,2652.58,+2.00,2365, They,0,2.44833,0.592431,3.55882,They They They They They They They They
md_full,2590,Light doesn't travel in a straight,-2652.58,-2.00,109,\n\n,0,2.72817,0.545847,3.27898,
oracle,3452,The diameter of the sun is approximately equality to the width of,0,+0.00,573, the,0,0.409657,0,0,the moon. The sun is 4
oracle,3452,The diameter of the sun is approximately equality to the width of,0.0501072,+0.25,573, the,0,0.390938,0.0456937,0.0187187,the moon. The sun is 4
oracle,3452,The diameter of the sun is approximately equality to the width of,-0.0501072,-0.25,573, the,0,0.428383,-0.0457123,-0.0187263,the moon. The sun is 4
oracle,3452,The diameter of the sun is approximately equality to the width of,0.100214,+0.50,573, the,0,0.372215,0.0913967,0.0374413,the moon. The sun is 4
oracle,3452,The diameter of the sun is approximately equality to the width of,-0.100214,-0.50,573, the,0,0.447102,-0.091406,-0.0374451,the moon. The sun is 4
oracle,3452,The diameter of the sun is approximately equality to the width of,0.200429,+1.00,573, the,0,0.334774,0.182793,0.0748825,the moon. The sun is 4
oracle,3452,The diameter of the sun is approximately equality to the width of,-0.200429,-1.00,573, the,0,0.484539,-0.182793,-0.0748825,the moon. The sun is 4
oracle,3452,The diameter of the sun is approximately equality to the width of,0.400857,+2.00,573, the,0,0.259895,0.365577,0.149761,the moon. The sun is 4
oracle,3452,The diameter of the sun is approximately equality to the width of,-0.400857,-2.00,573, the,0,0.559418,-0.365577,-0.149761,the moon. The sun is 4
md_full,3452,The diameter of the sun is approximately equality to the width of,0,+0.00,573, the,0,0.409657,0,0,the moon. The sun is 4
md_full,3452,The diameter of the sun is approximately equality to the width of,9.67882,+0.25,573, the,0,0.390896,0.0457961,0.0187607,the Earth. The sun is 4
md_full,3452,The diameter of the sun is approximately equality to the width of,-9.67882,-0.25,573, the,0,0.42836,-0.0456564,-0.0187035,the moon. The sun is 4
md_full,3452,The diameter of the sun is approximately equality to the width of,19.3576,+0.50,573, the,0,0.372074,0.0917412,0.0375824,the Earth. The sun is 4
md_full,3452,The diameter of the sun is approximately equality to the width of,-19.3576,-0.50,573, the,0,0.446999,-0.0911546,-0.0373421,the moon. The sun is 4
md_full,3452,The diameter of the sun is approximately equality to the width of,38.7153,+1.00,573, the,0,0.334309,0.183929,0.0753479,the Earth. The sun is 4
md_full,3452,The diameter of the sun is approximately equality to the width of,-38.7153,-1.00,573, the,0,0.484039,-0.181574,-0.0743828,the moon. The sun is 4
md_full,3452,The diameter of the sun is approximately equality to the width of,77.4306,+2.00,573, the,0,0.258457,0.369088,0.151199,the Earth. The sun is 4
md_full,3452,The diameter of the sun is approximately equality to the width of,-77.4306,-2.00,573, the,0,0.557011,-0.359702,-0.147354,the moon.  The sun is
oracle,4398,Kangaroos are often used in schools to teach orphaned children about,0,+0.00,573, the,0,8.87861,0,0,the importance of conservation.  But a
oracle,4398,Kangaroos are often used in schools to teach orphaned children about,1.12952,+0.25,573, the,0,8.25399,0.0703509,0.624619,the importance of conservation.  But a
oracle,4398,Kangaroos are often used in schools to teach orphaned children about,-1.12952,-0.25,573, the,0,9.50303,-0.0703286,-0.62442,the importance of conservation.  But a
oracle,4398,Kangaroos are often used in schools to teach orphaned children about,2.25904,+0.50,573, the,0,7.62918,0.140724,1.24943,the importance of conservation.  But a
oracle,4398,Kangaroos are often used in schools to teach orphaned children about,-2.25904,-0.50,573, the,0,10.1273,-0.140634,-1.24864,the importance of conservation.  But a
oracle,4398,Kangaroos are often used in schools to teach orphaned children about,4.51809,+1.00,573, the,0,6.37902,0.28153,2.4996,the importance of conservation.  But a
oracle,4398,Kangaroos are often used in schools to teach orphaned children about,-4.51809,-1.00,573, the,0,11.375,-0.281172,-2.49641,the importance of education.  The animals
oracle,4398,Kangaroos are often used in schools to teach orphaned children about,9.03617,+2.00,573, the,0,3.87673,0.563363,5.00188,the importance of conservation.  But a
oracle,4398,Kangaroos are often used in schools to teach orphaned children about,-9.03617,-2.00,573, the,0,13.8678,-0.561935,-4.9892,the importance of education.  The animals
md_full,4398,Kangaroos are often used in schools to teach orphaned children about,0,+0.00,573, the,0,8.87861,0,0,the importance of conservation.  But a
md_full,4398,Kangaroos are often used in schools to teach orphaned children about,23.2885,+0.25,573, the,0,8.11411,0.0861062,0.764503,the importance of conservation.  But a
md_full,4398,Kangaroos are often used in schools to teach orphaned children about,-23.2885,-0.25,573, the,0,9.6315,-0.0847983,-0.752892,the importance of conservation.  But a
md_full,4398,Kangaroos are often used in schools to teach orphaned children about,46.5771,+0.50,573, the,0,7.34206,0.173062,1.53655,the importance of conservation.  But a
md_full,4398,Kangaroos are often used in schools to teach orphaned children about,-46.5771,-0.50,573, the,0,10.3688,-0.167843,-1.49021,the importance of education.  But a
md_full,4398,Kangaroos are often used in schools to teach orphaned children about,93.1541,+1.00,573, the,0,5.7916,0.347691,3.08701,the importance of conservation. They are also
md_full,4398,Kangaroos are often used in schools to teach orphaned children about,-93.1541,-1.00,573, the,0,11.7822,-0.327031,-2.90358,the importance of education.  But a
md_full,4398,Kangaroos are often used in schools to teach orphaned children about,186.308,+2.00,573, the,0,2.76955,0.688065,6.10906,the importance of caring for animals. They
md_full,4398,Kangaroos are often used in schools to teach orphaned children about,-186.308,-2.00,573, the,0,14.2835,-0.608753,-5.40488,the environment.  But a school in
oracle,1854,Games stimulate creative,0,+0.00,7166, thinking,0,5.03522,0,0,thinking and problem solving. They also help
oracle,1854,Games stimulate creative,0.487556,+0.25,7166, thinking,0,4.76367,0.0539314,0.271557,thinking and problem solving. They also help
oracle,1854,Games stimulate creative,-0.487556,-0.25,7166, thinking,0,5.3068,-0.0539352,-0.271576,thinking and imagination. They are a great
oracle,1854,Games stimulate creative,0.975112,+0.50,7166, thinking,0,4.49215,0.107856,0.543079,thinking and problem solving. They also help
oracle,1854,Games stimulate creative,-0.975112,-0.50,7166, thinking,0,5.57841,-0.107878,-0.54319,thinking and imagination. They are a great
oracle,1854,Games stimulate creative,1.95022,+1.00,7166, thinking,0,3.94919,0.215688,1.08604,thinking and problem solving. They also help
oracle,1854,Games stimulate creative,-1.95022,-1.00,7166, thinking,0,6.12173,-0.215781,-1.08651,thinking and imagination. They are a great
oracle,1854,Games stimulate creative,3.90045,+2.00,7166, thinking,0,2.86364,0.431279,2.17159,thinking and problem solving. They also help
oracle,1854,Games stimulate creative,-3.90045,-2.00,7166, thinking,0,7.20868,-0.43165,-2.17345,thinking and imagination. They are a great
md_full,1854,Games stimulate creative,0,+0.00,7166, thinking,0,5.03522,0,0,thinking and problem solving. They also help
md_full,1854,Games stimulate creative,95.8798,+0.25,7166, thinking,0,5.18166,-0.0290821,-0.146435,thinking and problem solving. They are a
md_full,1854,Games stimulate creative,-95.8798,-0.25,7166, thinking,0,4.80543,0.0456372,0.229794,thinking and imagination. They are a great
md_full,1854,Games stimulate creative,191.76,+0.50,7166, thinking,0,5.24081,-0.0408287,-0.205582,thinking and problem solving. They are a
md_full,1854,Games stimulate creative,-191.76,-0.50,7166, thinking,0,4.50811,0.104686,0.527119,thinking and imagination.  Games are a
md_full,1854,Games stimulate creative,383.519,+1.00,7166, thinking,0,5.1379,-0.0203909,-0.102673,"thinking, and they are a great way"
md_full,1854,Games stimulate creative,-383.519,-1.00,109,\n\n,0,3.80444,0.244435,1.23079,
md_full,1854,Games stimulate creative,767.039,+2.00,7166, thinking,0,4.52293,0.101742,0.512293,"thinking, they are a great way to"
md_full,1854,Games stimulate creative,-767.039,-2.00,109,\n\n,0,2.47127,0.509203,2.56395,
jtw_legacy,1854,Games stimulate creative,0,+0.00,7166, thinking,0,5.03522,0,0,thinking and problem solving. They also help
jtw_legacy,1854,Games stimulate creative,0.487556,+0.25,7166, thinking,0,5.0342,0.000203795,0.00102615,thinking and problem solving. They also help
jtw_legacy,1854,Games stimulate creative,-0.487556,-0.25,7166, thinking,0,5.03624,-0.000201522,-0.00101471,thinking and problem solving. They also help
jtw_legacy,1854,Games stimulate creative,0.975112,+0.50,7166, thinking,0,5.03318,0.000406832,0.00204849,thinking and problem solving. They also help
jtw_legacy,1854,Games stimulate creative,-0.975112,-0.50,7166, thinking,0,5.03725,-0.000403044,-0.00202942,thinking and problem solving. They also help
jtw_legacy,1854,Games stimulate creative,1.95022,+1.00,7166, thinking,0,5.03112,0.00081518,0.00410461,thinking and problem solving. They also help
jtw_legacy,1854,Games stimulate creative,-1.95022,-1.00,7166, thinking,0,5.03929,-0.000806846,-0.00406265,thinking and problem solving. They also help
jtw_legacy,1854,Games stimulate creative,3.90045,+2.00,7166, thinking,0,5.02699,0.00163642,0.00823975,thinking and problem solving. They also help
jtw_legacy,1854,Games stimulate creative,-3.90045,-2.00,7166, thinking,0,5.04332,-0.00160687,-0.00809097,thinking and problem solving. They also help
oracle,2167,The scientific name for water is,0,+0.00,640, H,0,2.0168,0,0,H2O. The chemical formula for
oracle,2167,The scientific name for water is,0.253685,+0.25,640, H,0,1.91061,0.0526545,0.106194,H2O. The chemical formula for
oracle,2167,The scientific name for water is,-0.253685,-0.25,640, H,0,2.12299,-0.0526545,-0.106194,H2O. The chemical formula for
oracle,2167,The scientific name for water is,0.50737,+0.50,640, H,0,1.80441,0.105309,0.212387,H2O. The chemical formula for
oracle,2167,The scientific name for water is,-0.50737,-0.50,640, H,0,2.22919,-0.105313,-0.212395,H2O. The chemical formula for
oracle,2167,The scientific name for water is,1.01474,+1.00,640, H,0,1.59204,0.210612,0.424763,H2O. The chemical formula for
oracle,2167,The scientific name for water is,-1.01474,-1.00,640, H,0,2.4416,-0.210633,-0.424805,H2O. The chemical formula for
oracle,2167,The scientific name for water is,2.02948,+2.00,640, H,0,1.16732,0.421202,0.84948,H2O. The chemical formula for
oracle,2167,The scientific name for water is,-2.02948,-2.00,640, H,0,2.86645,-0.421285,-0.849648,H2O. The chemical formula for
md_full,2167,The scientific name for water is,0,+0.00,640, H,0,2.0168,0,0,H2O. The chemical formula for
md_full,2167,The scientific name for water is,13.1204,+0.25,640, H,0,2.14874,-0.0654218,-0.131943,H2O. The chemical formula for
md_full,2167,The scientific name for water is,-13.1204,-0.25,640, H,0,1.88444,0.065628,0.132359,H2O.  The scientific name
md_full,2167,The scientific name for water is,26.2409,+0.50,640, H,0,2.28014,-0.130575,-0.263344,H2O. The chemical formula for
md_full,2167,The scientific name for water is,-26.2409,-0.50,640, H,0,1.75181,0.13139,0.264988,H2O.  The scientific name
md_full,2167,The scientific name for water is,52.4817,+1.00,640, H,0,2.54079,-0.259813,-0.523991,H2O. The chemical formula for
md_full,2167,The scientific name for water is,-52.4817,-1.00,640, H,0,1.48625,0.263066,0.530552,H2O.  The scientific name
md_full,2167,The scientific name for water is,104.963,+2.00,640, H,0,3.04987,-0.512234,-1.03307,H2O. The chemical formula for
md_full,2167,The scientific name for water is,-104.963,-2.00,109,\n\n,0,0.9576,0.525189,1.0592,a. hydrogen  b. hydrogen
jtw_legacy,2167,The scientific name for water is,0,+0.00,640, H,0,2.0168,0,0,H2O. The chemical formula for
jtw_legacy,2167,The scientific name for water is,0.253685,+0.25,640, H,0,2.01432,0.00123134,0.00248337,H2O. The chemical formula for
jtw_legacy,2167,The scientific name for water is,-0.253685,-0.25,640, H,0,2.01928,-0.00123134,-0.00248337,H2O. The chemical formula for
jtw_legacy,2167,The scientific name for water is,0.50737,+0.50,640, H,0,2.01184,0.00246079,0.00496292,H2O. The chemical formula for
jtw_legacy,2167,The scientific name for water is,-0.50737,-0.50,640, H,0,2.02176,-0.00246079,-0.00496292,H2O. The chemical formula for
jtw_legacy,2167,The scientific name for water is,1.01474,+1.00,640, H,0,2.00687,0.00492158,0.00992584,H2O. The chemical formula for
jtw_legacy,2167,The scientific name for water is,-1.01474,-1.00,640, H,0,2.02671,-0.00491591,-0.0099144,H2O. The chemical formula for
jtw_legacy,2167,The scientific name for water is,2.02948,+2.00,640, H,0,1.99695,0.00984127,0.0198479,H2O. The chemical formula for
jtw_legacy,2167,The scientific name for water is,-2.02948,-2.00,640, H,0,2.03663,-0.00983181,-0.0198288,H2O. The chemical formula for
oracle,951,"Hair is made of keratin, which is also found in fingernails and",0,+0.00,577, to,0,0.031599,0,0,toenails. The hair shaft is
oracle,951,"Hair is made of keratin, which is also found in fingernails and",0.00305529,+0.25,577, to,0,0.0302334,0.0432184,0.00136566,toenails. The hair shaft is
oracle,951,"Hair is made of keratin, which is also found in fingernails and",-0.00305529,-0.25,577, to,0,0.0329666,-0.0432788,-0.00136757,toenails. The hair shaft is
oracle,951,"Hair is made of keratin, which is also found in fingernails and",0.00611058,+0.50,577, to,0,0.0288639,0.0865576,0.00273514,toenails. The hair shaft is
oracle,951,"Hair is made of keratin, which is also found in fingernails and",-0.00611058,-0.50,577, to,0,0.0343361,-0.086618,-0.00273705,toenails. The hair shaft is
oracle,951,"Hair is made of keratin, which is also found in fingernails and",0.0122212,+1.00,577, to,0,0.0261288,0.173115,0.00547028,toenails. The hair shaft is
oracle,951,"Hair is made of keratin, which is also found in fingernails and",-0.0122212,-1.00,577, to,0,0.0370693,-0.173115,-0.00547028,toenails. The hair shaft is
oracle,951,"Hair is made of keratin, which is also found in fingernails and",0.0244423,+2.00,577, to,0,0.0206585,0.34623,0.0109406,toenails. The hair shaft is
oracle,951,"Hair is made of keratin, which is also found in fingernails and",-0.0244423,-2.00,577, to,0,0.0425377,-0.34617,-0.0109386,toenails. The hair shaft is
md_full,951,"Hair is made of keratin, which is also found in fingernails and",0,+0.00,577, to,0,0.031599,0,0,toenails. The hair shaft is
md_full,951,"Hair is made of keratin, which is also found in fingernails and",0.152188,+0.25,577, to,0,0.0335026,-0.0602402,-0.00190353,toenails. The hair shaft is
md_full,951,"Hair is made of keratin, which is also found in fingernails and",-0.152188,-0.25,577, to,0,0.0296974,0.0601799,0.00190163,toenails. The hair shaft is
md_full,951,"Hair is made of keratin, which is also found in fingernails and",0.304377,+0.50,577, to,0,0.0353985,-0.120239,-0.00379944,toenails. The hair shaft is
md_full,951,"Hair is made of keratin, which is also found in fingernails and",-0.304377,-0.50,577, to,0,0.0278015,0.120179,0.00379753,toenails. The hair shaft is
md_full,951,"Hair is made of keratin, which is also found in fingernails and",0.608754,+1.00,577, to,0,0.0391979,-0.240478,-0.00759888,toenails. The hair shaft is
md_full,951,"Hair is made of keratin, which is also found in fingernails and",-0.608754,-1.00,577, to,0,0.024004,0.240357,0.00759506,toenails. The hair shaft is
md_full,951,"Hair is made of keratin, which is also found in fingernails and",1.21751,+2.00,577, to,0,0.0467968,-0.480956,-0.0151978,toenails. The hair shaft is
md_full,951,"Hair is made of keratin, which is also found in fingernails and",-1.21751,-2.00,577, to,0,0.0164032,0.480896,0.0151958,toenails. The hair shaft is
jtw_legacy,951,"Hair is made of keratin, which is also found in fingernails and",0,+0.00,577, to,0,0.031599,0,0,toenails. The hair shaft is
jtw_legacy,951,"Hair is made of keratin, which is also found in fingernails and",0.00305529,+0.25,577, to,0,0.0315514,0.00150902,4.76837e-05,toenails. The hair shaft is
jtw_legacy,951,"Hair is made of keratin, which is also found in fingernails and",-0.00305529,-0.25,577, to,0,0.0316486,-0.00156938,-4.95911e-05,toenails. The hair shaft is
jtw_legacy,951,"Hair is made of keratin, which is also found in fingernails and",0.00611058,+0.50,577, to,0,0.031498,0.00319913,0.000101089,toenails. The hair shaft is
jtw_legacy,951,"Hair is made of keratin, which is also found in fingernails and",-0.00611058,-0.50,577, to,0,0.0316963,-0.00307841,-9.72748e-05,toenails. The hair shaft is
jtw_legacy,951,"Hair is made of keratin, which is also found in fingernails and",0.0122212,+1.00,577, to,0,0.0313969,0.00639826,0.000202179,toenails. The hair shaft is
jtw_legacy,951,"Hair is made of keratin, which is also found in fingernails and",-0.0122212,-1.00,577, to,0,0.0317993,-0.0063379,-0.000200272,toenails. The hair shaft is
jtw_legacy,951,"Hair is made of keratin, which is also found in fingernails and",0.0244423,+2.00,577, to,0,0.0312023,0.0125551,0.000396729,toenails. The hair shaft is
jtw_legacy,951,"Hair is made of keratin, which is also found in fingernails and",-0.0244423,-2.00,577, to,0,0.0319977,-0.0126154,-0.000398636,toenails. The hair shaft is
oracle,1782,Penguins mate until,0,+0.00,974, one,0,1.69372,0,0,one of them dies.  The male
oracle,1782,Penguins mate until,0.195426,+0.25,974, one,0,1.57181,0.0719799,0.121914,one of them dies.  The male
oracle,1782,Penguins mate until,-0.195426,-0.25,974, one,0,1.81563,-0.0719754,-0.121906,one of them dies.  The male
oracle,1782,Penguins mate until,0.390852,+0.50,974, one,0,1.44989,0.143964,0.243835,one of them dies.  The male
oracle,1782,Penguins mate until,-0.390852,-0.50,974, one,0,1.93755,-0.143958,-0.243824,one of them dies.  The male
oracle,1782,Penguins mate until,0.781704,+1.00,974, one,0,1.20605,0.287931,0.487675,one of them dies.  The male
oracle,1782,Penguins mate until,-0.781704,-1.00,974, one,0,2.18136,-0.287908,-0.487637,one of them dies.  The male
oracle,1782,Penguins mate until,1.56341,+2.00,974, one,0,0.718334,0.575884,0.975388,one of them dies.  The male
oracle,1782,Penguins mate until,-1.56341,-2.00,974, one,0,2.66896,-0.575796,-0.975239,one of them dies.  The male
md_full,1782,Penguins mate until,0,+0.00,974, one,0,1.69372,0,0,one of them dies.  The male
md_full,1782,Penguins mate until,16.7718,+0.25,974, one,0,1.59299,0.0594754,0.100735,one of them dies.  The male
md_full,1782,Penguins mate until,-16.7718,-0.25,974, one,0,1.79284,-0.0585204,-0.0991173,one of them dies.  The male
md_full,1782,Penguins mate until,33.5436,+0.50,974, one,0,1.4909,0.119748,0.20282,one of them dies.  The male
md_full,1782,Penguins mate until,-33.5436,-0.50,974, one,0,1.89009,-0.115939,-0.196369,one of them dies.  The male
md_full,1782,Penguins mate until,67.0871,+1.00,974, one,0,1.28381,0.242019,0.409912,one of them dies.  The male
md_full,1782,Penguins mate until,-67.0871,-1.00,974, one,0,2.07806,-0.226917,-0.384335,one of them dies.  The male
md_full,1782,Penguins mate until,134.174,+2.00,974, one,0,0.865849,0.488789,0.827873,one of them dies. They are monog
md_full,1782,Penguins mate until,-134.174,-2.00,974, one,0,2.42263,-0.430357,-0.728905,one of them dies.  That’
oracle,3077,Jason Momoa is a certified demolition,0,+0.00,916, man,0,1.17527,0,0,man.  The <em>Aquaman
oracle,3077,Jason Momoa is a certified demolition,0.126059,+0.25,916, man,0,1.11987,0.047139,0.0554008,man.  The <em>Aquaman
oracle,3077,Jason Momoa is a certified demolition,-0.126059,-0.25,916, man,0,1.23066,-0.0471357,-0.055397,man.  The <em>Aquaman
oracle,3077,Jason Momoa is a certified demolition,0.252118,+0.50,916, man,0,1.06446,0.094278,0.110802,man.  The <em>Aquaman
oracle,3077,Jason Momoa is a certified demolition,-0.252118,-0.50,916, man,0,1.28606,-0.0942747,-0.110798,man.  The <em>Aquaman
oracle,3077,Jason Momoa is a certified demolition,0.504237,+1.00,916, man,0,0.953665,0.188554,0.221601,man.  The <em>Aquaman
oracle,3077,Jason Momoa is a certified demolition,-0.504237,-1.00,916, man,0,1.39686,-0.188549,-0.221596,man.  The <em>Aquaman
oracle,3077,Jason Momoa is a certified demolition,1.00847,+2.00,916, man,0,0.732058,0.377113,0.443209,man.  The <em>Aquaman
oracle,3077,Jason Momoa is a certified demolition,-1.00847,-2.00,916, man,0,1.61845,-0.377092,-0.443184,man.  The <em>Aquaman
md_full,3077,Jason Momoa is a certified demolition,0,+0.00,916, man,0,1.17527,0,0,man.  The <em>Aquaman
md_full,3077,Jason Momoa is a certified demolition,8.14936,+0.25,916, man,0,1.11041,0.0551854,0.0648575,man.  The <em>Aquaman
md_full,3077,Jason Momoa is a certified demolition,-8.14936,-0.25,916, man,0,1.23991,-0.055002,-0.064642,man.  The <em>Aquaman
md_full,3077,Jason Momoa is a certified demolition,16.2987,+0.50,916, man,0,1.04535,0.110538,0.129911,man.  The <em>Aquaman
md_full,3077,Jason Momoa is a certified demolition,-16.2987,-0.50,916, man,0,1.30432,-0.109809,-0.129055,man.  The <em>Aquaman
md_full,3077,Jason Momoa is a certified demolition,32.5974,+1.00,916, man,0,0.914722,0.221689,0.260544,man.  The <em>Aquaman
md_full,3077,Jason Momoa is a certified demolition,-32.5974,-1.00,916, man,0,1.43239,-0.218783,-0.257128,man.  The <em>Aquaman
md_full,3077,Jason Momoa is a certified demolition,65.1949,+2.00,916, man,0,0.651838,0.44537,0.523428,man.  The <em>Aquaman
md_full,3077,Jason Momoa is a certified demolition,-65.1949,-2.00,916, man,0,1.68508,-0.433785,-0.509813,man.  The <em>Aquaman
jtw_legacy,3077,Jason Momoa is a certified demolition,0,+0.00,916, man,0,1.17527,0,0,man.  The <em>Aquaman
jtw_legacy,3077,Jason Momoa is a certified demolition,0.126059,+0.25,916, man,0,1.17378,0.00126425,0.00148582,man.  The <em>Aquaman
jtw_legacy,3077,Jason Momoa is a certified demolition,-0.126059,-0.25,916, man,0,1.17675,-0.00126262,-0.00148392,man.  The <em>Aquaman
jtw_legacy,3077,Jason Momoa is a certified demolition,0.252118,+0.50,916, man,0,1.17229,0.00253011,0.00297356,man.  The <em>Aquaman
jtw_legacy,3077,Jason Momoa is a certified demolition,-0.252118,-0.50,916, man,0,1.17824,-0.00252849,-0.00297165,man.  The <em>Aquaman
jtw_legacy,3077,Jason Momoa is a certified demolition,0.504237,+1.00,916, man,0,1.16932,0.00506185,0.00594902,man.  The <em>Aquaman
jtw_legacy,3077,Jason Momoa is a certified demolition,-0.504237,-1.00,916, man,0,1.18121,-0.00505698,-0.0059433,man.  The <em>Aquaman
jtw_legacy,3077,Jason Momoa is a certified demolition,1.00847,+2.00,916, man,0,1.16337,0.0101205,0.0118942,man.  The <em>Aquaman
jtw_legacy,3077,Jason Momoa is a certified demolition,-1.00847,-2.00,916, man,0,1.18715,-0.0101156,-0.0118885,man.  The <em>Aquaman
oracle,668,The scientific name for the red-eyed tree frog is Agalychnis,0,+0.00,1561, cal,0,3.99055,0,0,callidryas. It is a
oracle,668,The scientific name for the red-eyed tree frog is Agalychnis,0.859216,+0.25,1561, cal,0,3.77231,0.0546888,0.218238,callidryas. It is a
oracle,668,The scientific name for the red-eyed tree frog is Agalychnis,-0.859216,-0.25,1561, cal,0,4.20878,-0.0546854,-0.218225,callidryas. It is a
oracle,668,The scientific name for the red-eyed tree frog is Agalychnis,1.71843,+0.50,1561, cal,0,3.55407,0.109379,0.436481,callidryas. It is a
oracle,668,The scientific name for the red-eyed tree frog is Agalychnis,-1.71843,-0.50,1561, cal,0,4.427,-0.10937,-0.436447,callidryas. It is a
oracle,668,The scientific name for the red-eyed tree frog is Agalychnis,3.43687,+1.00,1561, cal,0,3.11756,0.218764,0.87299,callidryas. It is a
oracle,668,The scientific name for the red-eyed tree frog is Agalychnis,-3.43687,-1.00,1561, cal,0,4.86341,-0.21873,-0.872853,callidryas. It is a
oracle,668,The scientific name for the red-eyed tree frog is Agalychnis,6.87373,+2.00,1561, cal,0,2.2445,0.437547,1.74605,callidryas. It is a
oracle,668,The scientific name for the red-eyed tree frog is Agalychnis,-6.87373,-2.00,1561, cal,0,5.73608,-0.437414,-1.74552,callidryas. It is a
md_full,668,The scientific name for the red-eyed tree frog is Agalychnis,0,+0.00,1561, cal,0,3.99055,0,0,callidryas. It is a
md_full,668,The scientific name for the red-eyed tree frog is Agalychnis,46.0195,+0.25,1561, cal,0,3.66202,0.0823288,0.328537,callidryas. It is a
md_full,668,The scientific name for the red-eyed tree frog is Agalychnis,-46.0195,-0.25,1561, cal,0,4.30228,-0.0781164,-0.311728,callidryas.  The red
md_full,668,The scientific name for the red-eyed tree frog is Agalychnis,92.039,+0.50,1561, cal,0,3.32034,0.167949,0.670209,callidryas. It is a
md_full,668,The scientific name for the red-eyed tree frog is Agalychnis,-92.039,-0.50,1561, cal,0,4.59414,-0.151255,-0.60359,callidryas.  The red
md_full,668,The scientific name for the red-eyed tree frog is Agalychnis,184.078,+1.00,1561, cal,0,2.61416,0.344913,1.37639,callidryas. It is a
md_full,668,The scientific name for the red-eyed tree frog is Agalychnis,-184.078,-1.00,109,\n\n,0,5.10993,-0.280506,-1.11938,The red-eyed tree frog is
md_full,668,The scientific name for the red-eyed tree frog is Agalychnis,368.156,+2.00,1561, cal,0,1.22354,0.69339,2.76701,callidryas. It is a
md_full,668,The scientific name for the red-eyed tree frog is Agalychnis,-368.156,-2.00,109,\n\n,0,5.85539,-0.467312,-1.86483,He  He  He  He
oracle,3563,Dew on grass only forms when the weather hasn't rained for at least three,0,+0.00,2705, days,0,9.79358,0,0,days.  The dew is formed when
oracle,3563,Dew on grass only forms when the weather hasn't rained for at least three,1.45393,+0.25,2705, days,0,9.3121,0.0491628,0.48148,days.  The dew is formed when
oracle,3563,Dew on grass only forms when the weather hasn't rained for at least three,-1.45393,-0.25,2705, days,0,10.2749,-0.0491495,-0.48135,days.  The dew is formed when
oracle,3563,Dew on grass only forms when the weather hasn't rained for at least three,2.90786,+0.50,2705, days,0,8.83049,0.0983388,0.963089,days.  The dew is formed when
oracle,3563,Dew on grass only forms when the weather hasn't rained for at least three,-2.90786,-0.50,2705, days,0,10.7561,-0.0982855,-0.962566,days.  The dew is formed when
oracle,3563,Dew on grass only forms when the weather hasn't rained for at least three,5.81571,+1.00,2705, days,0,7.86692,0.196727,1.92666,days.  The dew is formed when
oracle,3563,Dew on grass only forms when the weather hasn't rained for at least three,-5.81571,-1.00,2705, days,0,11.7182,-0.196514,-1.92457,days.  The dew is formed when
oracle,3563,Dew on grass only forms when the weather hasn't rained for at least three,11.6314,+2.00,2705, days,0,5.93845,0.393638,3.85513,days.  The dew is formed when
oracle,3563,Dew on grass only forms when the weather hasn't rained for at least three,-11.6314,-2.00,2705, days,0,13.6404,-0.392785,-3.84678,days.  The dew is formed when
md_full,3563,Dew on grass only forms when the weather hasn't rained for at least three,0,+0.00,2705, days,0,9.79358,0,0,days.  The dew is formed when
md_full,3563,Dew on grass only forms when the weather hasn't rained for at least three,111.529,+0.25,2705, days,0,9.07675,0.0731936,0.716827,days. The dew forms when the air
md_full,3563,Dew on grass only forms when the weather hasn't rained for at least three,-111.529,-0.25,2705, days,0,10.3249,-0.0542502,-0.531303,days.  The dew is caused by
md_full,3563,Dew on grass only forms when the weather hasn't rained for at least three,223.058,+0.50,2705, days,0,8.21312,0.161377,1.58046,days. The dew forms when the air
md_full,3563,Dew on grass only forms when the weather hasn't rained for at least three,-223.058,-0.50,2705, days,0,10.6616,-0.0886291,-0.867996,days.  The dew is caused by
md_full,3563,Dew on grass only forms when the weather hasn't rained for at least three,446.116,+1.00,2705, days,0,6.28304,0.358453,3.51054,days. The dew forms because the water
md_full,3563,Dew on grass only forms when the weather hasn't rained for at least three,-446.116,-1.00,2705, days,0,10.8411,-0.106962,-1.04754,days  He  He  He
md_full,3563,Dew on grass only forms when the weather hasn't rained for at least three,892.232,+2.00,2705, days,0,2.88291,0.705632,6.91067,"days. Some species of wild, often"
md_full,3563,Dew on grass only forms when the weather hasn't rained for at least three,-892.232,-2.00,109,\n\n,0,10.2075,-0.0422661,-0.413937,
jtw_legacy,3563,Dew on grass only forms when the weather hasn't rained for at least three,0,+0.00,2705, days,0,9.79358,0,0,days.  The dew is formed when
jtw_legacy,3563,Dew on grass only forms when the weather hasn't rained for at least three,1.45393,+0.25,2705, days,0,9.78434,0.000943393,0.0092392,days.  The dew is formed when
jtw_legacy,3563,Dew on grass only forms when the weather hasn't rained for at least three,-1.45393,-0.25,2705, days,0,9.80278,-0.000939498,-0.00920105,days.  The dew is formed when
jtw_legacy,3563,Dew on grass only forms when the weather hasn't rained for at least three,2.90786,+0.50,2705, days,0,9.77508,0.00188873,0.0184975,days.  The dew is formed when
jtw_legacy,3563,Dew on grass only forms when the weather hasn't rained for at least three,-2.90786,-0.50,2705, days,0,9.81196,-0.00187666,-0.0183792,days.  The dew is formed when
jtw_legacy,3563,Dew on grass only forms when the weather hasn't rained for at least three,5.81571,+1.00,2705, days,0,9.75646,0.00379032,0.0371208,days.  The dew is formed when
jtw_legacy,3563,Dew on grass only forms when the weather hasn't rained for at least three,-5.81571,-1.00,2705, days,0,9.83021,-0.00374008,-0.0366287,days.  The dew is formed when
jtw_legacy,3563,Dew on grass only forms when the weather hasn't rained for at least three,11.6314,+2.00,2705, days,0,9.71885,0.0076305,0.0747299,days.  The dew is formed when
jtw_legacy,3563,Dew on grass only forms when the weather hasn't rained for at least three,-11.6314,-2.00,2705, days,0,9.86633,-0.00742835,-0.0727501,days.  The dew is formed when
oracle,3950,The City of London is the world's oldest continuously-existing financial,0,+0.00,9122, centre,0,0.449673,0,0,centre. It is the home of the
oracle,3950,The City of London is the world's oldest continuously-existing financial,0.0473508,+0.25,9122, centre,0,0.433201,0.0366308,0.0164719,centre. It is the home of the
oracle,3950,The City of London is the world's oldest continuously-existing financial,-0.0473508,-0.25,9122, centre,0,0.466143,-0.0366265,-0.01647,centre. It is the home of the
oracle,3950,The City of London is the world's oldest continuously-existing financial,0.0947017,+0.50,9122, centre,0,0.416729,0.0732616,0.0329437,centre. It is the home of the
oracle,3950,The City of London is the world's oldest continuously-existing financial,-0.0947017,-0.50,9122, centre,0,0.482615,-0.0732573,-0.0329418,centre. It is the home of the
oracle,3950,The City of London is the world's oldest continuously-existing financial,0.189403,+1.00,9122, centre,0,0.383785,0.146523,0.0658875,centre. It is the home of the
oracle,3950,The City of London is the world's oldest continuously-existing financial,-0.189403,-1.00,9122, centre,0,0.515558,-0.146519,-0.0658855,centre. It is the home of the
oracle,3950,The City of London is the world's oldest continuously-existing financial,0.378807,+2.00,9122, centre,0,0.317896,0.293051,0.131777,centre. It is the home of the
oracle,3950,The City of London is the world's oldest continuously-existing financial,-0.378807,-2.00,9122, centre,0,0.581446,-0.293042,-0.131773,centre. It is the home of the
md_full,3950,The City of London is the world's oldest continuously-existing financial,0,+0.00,9122, centre,0,0.449673,0,0,centre. It is the home of the
md_full,3950,The City of London is the world's oldest continuously-existing financial,1.82698,+0.25,9122, centre,0,0.470076,-0.0453728,-0.0204029,centre. It is the home of the
md_full,3950,The City of London is the world's oldest continuously-existing financial,-1.82698,-0.25,9122, centre,0,0.42927,0.0453728,0.0204029,centre. It is the home of the
md_full,3950,The City of London is the world's oldest continuously-existing financial,3.65397,+0.50,9122, centre,0,0.490475,-0.0907371,-0.040802,centre. It is the home of the
md_full,3950,The City of London is the world's oldest continuously-existing financial,-3.65397,-0.50,9122, centre,0,0.408865,0.0907498,0.0408077,centre. It is the home of the
md_full,3950,The City of London is the world's oldest continuously-existing financial,7.30793,+1.00,9122, centre,0,0.531269,-0.181457,-0.0815964,centre. It is the home of the
md_full,3950,The City of London is the world's oldest continuously-existing financial,-7.30793,-1.00,9122, centre,0,0.368057,0.1815,0.0816154,centre. It is the home of the
md_full,3950,The City of London is the world's oldest continuously-existing financial,14.6159,+2.00,9122, centre,0,0.612848,-0.362876,-0.163176,centre. It is the home of the
md_full,3950,The City of London is the world's oldest continuously-existing financial,-14.6159,-2.00,9122, centre,0,0.28644,0.363004,0.163233,centre. It is the home of the
oracle,122,Parrots can mimic human speech and are used in some areas for assisting the,0,+0.00,10827, hearing,0,1.53846,0,0,hearing impaired.  The parrot is a
oracle,122,Parrots can mimic human speech and are used in some areas for assisting the,0.182986,+0.25,10827, hearing,0,1.47758,0.0395761,0.0608864,hearing impaired.  The parrot is a
oracle,122,Parrots can mimic human speech and are used in some areas for assisting the,-0.182986,-0.25,10827, hearing,0,1.59936,-0.0395798,-0.0608921,hearing impaired.  The parrot is a
oracle,122,Parrots can mimic human speech and are used in some areas for assisting the,0.365972,+0.50,10827, hearing,0,1.41668,0.0791572,0.12178,hearing impaired.  The parrot is a
oracle,122,Parrots can mimic human speech and are used in some areas for assisting the,-0.365972,-0.50,10827, hearing,0,1.66024,-0.0791547,-0.121777,hearing impaired.  The parrot is a
oracle,122,Parrots can mimic human speech and are used in some areas for assisting the,0.731944,+1.00,10827, hearing,0,1.29489,0.158322,0.243572,hearing impaired.  The parrot is a
oracle,122,Parrots can mimic human speech and are used in some areas for assisting the,-0.731944,-1.00,10827, hearing,0,1.78201,-0.158307,-0.243549,hearing impaired.  The parrot is a
oracle,122,Parrots can mimic human speech and are used in some areas for assisting the,1.46389,+2.00,10827, hearing,0,1.05128,0.316666,0.487179,hearing impaired.  The parrot is a
oracle,122,Parrots can mimic human speech and are used in some areas for assisting the,-1.46389,-2.00,10827, hearing,0,2.02553,-0.316594,-0.487068,hearing impaired.  The parrot is a
md_full,122,Parrots can mimic human speech and are used in some areas for assisting the,0,+0.00,10827, hearing,0,1.53846,0,0,hearing impaired.  The parrot is a
md_full,122,Parrots can mimic human speech and are used in some areas for assisting the,22.8412,+0.25,10827, hearing,0,1.63927,-0.0655271,-0.100811,hearing impaired. They are also used in
md_full,122,Parrots can mimic human speech and are used in some areas for assisting the,-22.8412,-0.25,10827, hearing,0,1.4368,0.06608,0.101662,hearing impaired.  The parrot is a
md_full,122,Parrots can mimic human speech and are used in some areas for assisting the,45.6824,+0.50,10827, hearing,0,1.73908,-0.130402,-0.200619,hearing impaired. They are also used in
md_full,122,Parrots can mimic human speech and are used in some areas for assisting the,-45.6824,-0.50,10827, hearing,0,1.33444,0.132617,0.204027,hearing impaired.  The parrot is a
md_full,122,Parrots can mimic human speech and are used in some areas for assisting the,91.3648,+1.00,10827, hearing,0,1.93508,-0.257801,-0.396618,hearing impaired. They are also used in
md_full,122,Parrots can mimic human speech and are used in some areas for assisting the,-91.3648,-1.00,10827, hearing,0,1.12825,0.266636,0.41021,hearing impaired.  The parrot is a
md_full,122,Parrots can mimic human speech and are used in some areas for assisting the,182.73,+2.00,10827, hearing,0,2.30903,-0.500868,-0.770567,hearing impaired. They are also used in
md_full,122,Parrots can mimic human speech and are used in some areas for assisting the,-182.73,-2.00,10827, hearing,0,0.714573,0.535528,0.823891,hearing impaired.  The parrot is a
oracle,3314,Wearing a helmet while riding a bicycle does not actually protect the rider's,0,+0.00,2206, head,0,2.53421,0,0,head from injury.  The helmet is
oracle,3314,Wearing a helmet while riding a bicycle does not actually protect the rider's,0.29327,+0.25,2206, head,0,2.42809,0.0418754,0.106121,head from injury.  The helmet is
oracle,3314,Wearing a helmet while riding a bicycle does not actually protect the rider's,-0.29327,-0.25,2206, head,0,2.64032,-0.0418724,-0.106113,head from injury.  The helmet is
oracle,3314,Wearing a helmet while riding a bicycle does not actually protect the rider's,0.586541,+0.50,2206, head,0,2.32196,0.0837538,0.21225,head from injury.  The helmet is
oracle,3314,Wearing a helmet while riding a bicycle does not actually protect the rider's,-0.586541,-0.50,2206, head,0,2.74644,-0.0837463,-0.212231,head from injury.  The helmet is
oracle,3314,Wearing a helmet while riding a bicycle does not actually protect the rider's,1.17308,+1.00,2206, head,0,2.10971,0.167506,0.424496,head from injury.  The helmet is
oracle,3314,Wearing a helmet while riding a bicycle does not actually protect the rider's,-1.17308,-1.00,2206, head,0,2.95866,-0.167488,-0.42445,head from injury.  The helmet is
oracle,3314,Wearing a helmet while riding a bicycle does not actually protect the rider's,2.34616,+2.00,2206, head,0,1.68519,0.335024,0.849022,head from injury.  The helmet is
oracle,3314,Wearing a helmet while riding a bicycle does not actually protect the rider's,-2.34616,-2.00,2206, head,0,3.38308,-0.334964,-0.848869,head from injury.  The helmet is
md_full,3314,Wearing a helmet while riding a bicycle does not actually protect the rider's,0,+0.00,2206, head,0,2.53421,0,0,head from injury.  The helmet is
md_full,3314,Wearing a helmet while riding a bicycle does not actually protect the rider's,46.9127,+0.25,2206, head,0,2.37743,0.061867,0.156784,head from injury. The helmet is designed
md_full,3314,Wearing a helmet while riding a bicycle does not actually protect the rider's,-46.9127,-0.25,2206, head,0,2.68396,-0.0590913,-0.14975,head from injury.  The helmet is
md_full,3314,Wearing a helmet while riding a bicycle does not actually protect the rider's,93.8255,+0.50,2206, head,0,2.21465,0.126099,0.319561,head from injury. The helmet is designed
md_full,3314,Wearing a helmet while riding a bicycle does not actually protect the rider's,-93.8255,-0.50,2206, head,0,2.82581,-0.115067,-0.291603,head from injury.  The helmet is
md_full,3314,Wearing a helmet while riding a bicycle does not actually protect the rider's,187.651,+1.00,2206, head,0,1.8759,0.25977,0.658312,head from injury. The helmet is designed
md_full,3314,Wearing a helmet while riding a bicycle does not actually protect the rider's,-187.651,-1.00,2206, head,0,3.08332,-0.216681,-0.549114,head from injury.  The helmet is
md_full,3314,Wearing a helmet while riding a bicycle does not actually protect the rider's,375.302,+2.00,2206, head,0,1.18159,0.533745,1.35262,"head from injury. In fact, a"
md_full,3314,Wearing a helmet while riding a bicycle does not actually protect the rider's,-375.302,-2.00,2206, head,0,3.48698,-0.375962,-0.952766,head from  A    B
jtw_legacy,3314,Wearing a helmet while riding a bicycle does not actually protect the rider's,0,+0.00,2206, head,0,2.53421,0,0,head from injury.  The helmet is
jtw_legacy,3314,Wearing a helmet while riding a bicycle does not actually protect the rider's,0.29327,+0.25,2206, head,0,2.53428,-2.55898e-05,-6.48499e-05,head from injury.  The helmet is
jtw_legacy,3314,Wearing a helmet while riding a bicycle does not actually protect the rider's,-0.29327,-0.25,2206, head,0,2.53414,2.86003e-05,7.24792e-05,head from injury.  The helmet is
jtw_legacy,3314,Wearing a helmet while riding a bicycle does not actually protect the rider's,0.586541,+0.50,2206, head,0,2.53434,-5.26848e-05,-0.000133514,head from injury.  The helmet is
jtw_legacy,3314,Wearing a helmet while riding a bicycle does not actually protect the rider's,-0.586541,-0.50,2206, head,0,2.53407,5.56954e-05,0.000141144,head from injury.  The helmet is
jtw_legacy,3314,Wearing a helmet while riding a bicycle does not actually protect the rider's,1.17308,+1.00,2206, head,0,2.53447,-0.000103864,-0.000263214,head from injury.  The helmet is
jtw_legacy,3314,Wearing a helmet while riding a bicycle does not actually protect the rider's,-1.17308,-1.00,2206, head,0,2.53393,0.000109885,0.000278473,head from injury.  The helmet is
jtw_legacy,3314,Wearing a helmet while riding a bicycle does not actually protect the rider's,2.34616,+2.00,2206, head,0,2.53474,-0.000209234,-0.000530243,head from injury.  The helmet is
jtw_legacy,3314,Wearing a helmet while riding a bicycle does not actually protect the rider's,-2.34616,-2.00,2206, head,0,2.53366,0.00021676,0.000549316,head from injury.  The helmet is
oracle,1444,The majority of marketing email is never,0,+0.00,9338, opened,0,3.41837,0,0,"opened.  In fact, the average"
oracle,1444,The majority of marketing email is never,0.379296,+0.25,9338, opened,0,3.2459,0.0504528,0.172466,"opened.  In fact, the average"
oracle,1444,The majority of marketing email is never,-0.379296,-0.25,9338, opened,0,3.59083,-0.0504517,-0.172462,"opened.  In fact, the average"
oracle,1444,The majority of marketing email is never,0.758592,+0.50,9338, opened,0,3.07343,0.100907,0.344936,"opened.  In fact, the average"
oracle,1444,The majority of marketing email is never,-0.758592,-0.50,9338, opened,0,3.76329,-0.100903,-0.344925,"opened.  In fact, the average"
oracle,1444,The majority of marketing email is never,1.51718,+1.00,9338, opened,0,2.72849,0.201814,0.689873,"opened.  In fact, the average"
oracle,1444,The majority of marketing email is never,-1.51718,-1.00,9338, opened,0,4.1082,-0.201804,-0.689838,"opened.  In fact, the average"
oracle,1444,The majority of marketing email is never,3.03437,+2.00,9338, opened,0,2.0386,0.403634,1.37977,"opened.  In fact, the average"
oracle,1444,The majority of marketing email is never,-3.03437,-2.00,9338, opened,0,4.79801,-0.403598,-1.37965,"opened.  In fact, the average"
md_full,1444,The majority of marketing email is never,0,+0.00,9338, opened,0,3.41837,0,0,"opened.  In fact, the average"
md_full,1444,The majority of marketing email is never,155.412,+0.25,9338, opened,0,2.86322,0.162402,0.555149,"opened. In fact, the average open"
md_full,1444,The majority of marketing email is never,-155.412,-0.25,9338, opened,0,3.84408,-0.124537,-0.425713,opened.  That’s why it
md_full,1444,The majority of marketing email is never,310.825,+0.50,9338, opened,0,2.24778,0.342439,1.17058,"opened. In fact, the average open"
md_full,1444,The majority of marketing email is never,-310.825,-0.50,9338, opened,0,4.11127,-0.2027,-0.692902,opened.  That’s why it
md_full,1444,The majority of marketing email is never,621.649,+1.00,1693, even,0,1.10255,0.677463,2.31581,"even opened. In fact, some estimates"
md_full,1444,The majority of marketing email is never,-621.649,-1.00,109,\n\n,0,4.26296,-0.247076,-0.844597,
md_full,1444,The majority of marketing email is never,1243.3,+2.00,235269,",",0,-0.339955,1.09945,3.75832,", like, their most important communication."
md_full,1444,The majority of marketing email is never,-1243.3,-2.00,109,\n\n,0,3.99712,-0.169308,-0.578758,
jtw_legacy,1444,The majority of marketing email is never,0,+0.00,9338, opened,0,3.41837,0,0,"opened.  In fact, the average"
jtw_legacy,1444,The majority of marketing email is never,0.379296,+0.25,9338, opened,0,3.42039,-0.000593681,-0.00202942,"opened.  In fact, the average"
jtw_legacy,1444,The majority of marketing email is never,-0.379296,-0.25,9338, opened,0,3.41632,0.000597029,0.00204086,"opened.  In fact, the average"
jtw_legacy,1444,The majority of marketing email is never,0.758592,+0.50,9338, opened,0,3.42244,-0.00119071,-0.00407028,"opened.  In fact, the average"
jtw_legacy,1444,The majority of marketing email is never,-0.758592,-0.50,9338, opened,0,3.41429,0.00119183,0.0040741,"opened.  In fact, the average"
jtw_legacy,1444,The majority of marketing email is never,1.51718,+1.00,9338, opened,0,3.42649,-0.00237807,-0.00812912,"opened.  In fact, the average"
jtw_legacy,1444,The majority of marketing email is never,-1.51718,-1.00,9338, opened,0,3.41021,0.00238477,0.00815201,"opened.  In fact, the average"
jtw_legacy,1444,The majority of marketing email is never,3.03437,+2.00,9338, opened,0,3.43462,-0.00475614,-0.0162582,"opened.  In fact, the average"
jtw_legacy,1444,The majority of marketing email is never,-3.03437,-2.00,9338, opened,0,3.40205,0.00477177,0.0163116,"opened.  In fact, the average"
oracle,108,Canada is the second biggest country in the,0,+0.00,2134, world,0,12.1742,0,0,"world, and it is also the second"
oracle,108,Canada is the second biggest country in the,1.36769,+0.25,2134, world,0,11.5875,0.0481964,0.586754,"world, and it is also the second"
oracle,108,Canada is the second biggest country in the,-1.36769,-0.25,2134, world,0,12.7608,-0.0481842,-0.586605,"world, and it is also the second"
oracle,108,Canada is the second biggest country in the,2.73539,+0.50,2134, world,0,11.0006,0.0964038,1.17364,"world, and it is also the second"
oracle,108,Canada is the second biggest country in the,-2.73539,-0.50,2134, world,0,13.3473,-0.0963568,-1.17307,"world, and it is also the second"
oracle,108,Canada is the second biggest country in the,5.47077,+1.00,2134, world,0,9.82639,0.192853,2.34783,"world, and it is also the second"
oracle,108,Canada is the second biggest country in the,-5.47077,-1.00,2134, world,0,14.5197,-0.192663,-2.34552,"world, and it is also the second"
oracle,108,Canada is the second biggest country in the,10.9415,+2.00,2134, world,0,7.47656,0.385869,4.69766,"world, and it is also the second"
oracle,108,Canada is the second biggest country in the,-10.9415,-2.00,2134, world,0,16.8627,-0.385112,-4.68844,"world, and it is also the second"
md_full,108,Canada is the second biggest country in the,0,+0.00,2134, world,0,12.1742,0,0,"world, and it is also the second"
md_full,108,Canada is the second biggest country in the,141.813,+0.25,2134, world,0,11.2529,0.0756785,0.921328,"world, and it’s also one"
md_full,108,Canada is the second biggest country in the,-141.813,-0.25,2134, world,0,12.7584,-0.0479874,-0.584209,"world, and it is also the second"
md_full,108,Canada is the second biggest country in the,283.625,+0.50,2134, world,0,10.0981,0.170534,2.07611,"world, and it’s a country"
md_full,108,Canada is the second biggest country in the,-283.625,-0.50,2134, world,0,12.98,-0.0661905,-0.805819,"world, and it is also the second"
md_full,108,Canada is the second biggest country in the,567.251,+1.00,2134, world,0,7.60824,0.375053,4.56598,"world, and it’s a huge"
md_full,108,Canada is the second biggest country in the,-567.251,-1.00,109,\n\n,0,12.5941,-0.0344908,-0.419899,
md_full,108,Canada is the second biggest country in the,1134.5,+2.00,39211, census,0,3.74446,0.692427,8.42976,census census census census census census census census
md_full,108,Canada is the second biggest country in the,-1134.5,-2.00,109,\n\n,0,10.7781,0.114682,1.39617,
oracle,4383,"Pineapples can be red, blue, or",0,+0.00,8123, yellow,0,0.373974,0,0,yellow. The red ones are the most
oracle,4383,"Pineapples can be red, blue, or",0.0511076,+0.25,8123, yellow,0,0.354729,0.0514612,0.0192451,yellow. The red ones are the most
oracle,4383,"Pineapples can be red, blue, or",-0.0511076,-0.25,8123, yellow,0,0.393219,-0.0514612,-0.0192451,yellow. The red ones are the most
oracle,4383,"Pineapples can be red, blue, or",0.102215,+0.50,8123, yellow,0,0.335487,0.102912,0.0384865,yellow. The red ones are the most
oracle,4383,"Pineapples can be red, blue, or",-0.102215,-0.50,8123, yellow,0,0.41246,-0.102912,-0.0384865,yellow. The red ones are the most
oracle,4383,"Pineapples can be red, blue, or",0.20443,+1.00,8123, yellow,0,0.297005,0.205814,0.0769691,yellow. The red ones are the most
oracle,4383,"Pineapples can be red, blue, or",-0.20443,-1.00,8123, yellow,0,0.450951,-0.205835,-0.0769768,yellow. The red ones are the most
oracle,4383,"Pineapples can be red, blue, or",0.408861,+2.00,8123, yellow,0,0.220028,0.411649,0.153946,yellow. The red ones are the most
oracle,4383,"Pineapples can be red, blue, or",-0.408861,-2.00,8123, yellow,0,0.527924,-0.411659,-0.15395,yellow. The red ones are the most
md_full,4383,"Pineapples can be red, blue, or",0,+0.00,8123, yellow,0,0.373974,0,0,yellow. The red ones are the most
md_full,4383,"Pineapples can be red, blue, or",15.9964,+0.25,8123, yellow,0,0.389252,-0.0408528,-0.0152779,yellow. The red ones are the most
md_full,4383,"Pineapples can be red, blue, or",-15.9964,-0.25,8123, yellow,0,0.358585,0.0411486,0.0153885,yellow.  The pineapple is a fruit
md_full,4383,"Pineapples can be red, blue, or",31.9929,+0.50,8123, yellow,0,0.404404,-0.0813689,-0.0304298,yellow. The red ones are the most
md_full,4383,"Pineapples can be red, blue, or",-31.9929,-0.50,8123, yellow,0,0.343113,0.0825215,0.0308609,yellow.  The pineapple is a fruit
md_full,4383,"Pineapples can be red, blue, or",63.9857,+1.00,8123, yellow,0,0.434244,-0.161162,-0.0602703,yellow. The red ones are the most
md_full,4383,"Pineapples can be red, blue, or",-63.9857,-1.00,8123, yellow,0,0.311989,0.165747,0.061985,yellow.  The pineapple is a fruit
md_full,4383,"Pineapples can be red, blue, or",127.971,+2.00,8123, yellow,0,0.491589,-0.3145,-0.117615,yellow. They are the most common fruit
md_full,4383,"Pineapples can be red, blue, or",-127.971,-2.00,8123, yellow,0,0.249542,0.332728,0.124432,yellow.  The pineapple is a fruit
oracle,2599,"For every hour spent reading, a person's lifespan is extended by two",0,+0.00,4363, minutes,0,3.0361,0,0,minutes.  That's the conclusion
oracle,2599,"For every hour spent reading, a person's lifespan is extended by two",0.475218,+0.25,4363, minutes,0,2.89812,0.0454469,0.137981,minutes.  That's the conclusion
oracle,2599,"For every hour spent reading, a person's lifespan is extended by two",-0.475218,-0.25,4363, minutes,0,3.17408,-0.0454482,-0.137985,minutes.  That's the conclusion
oracle,2599,"For every hour spent reading, a person's lifespan is extended by two",0.950437,+0.50,4363, minutes,0,2.76014,0.0908939,0.275963,minutes.  That's the conclusion
oracle,2599,"For every hour spent reading, a person's lifespan is extended by two",-0.950437,-0.50,4363, minutes,0,3.31207,-0.0908952,-0.275967,minutes.  That's the conclusion
oracle,2599,"For every hour spent reading, a person's lifespan is extended by two",1.90087,+1.00,4363, minutes,0,2.48417,0.181788,0.551926,minutes.  That's the conclusion
oracle,2599,"For every hour spent reading, a person's lifespan is extended by two",-1.90087,-1.00,4363, minutes,0,3.58803,-0.18179,-0.551933,minutes.  That's the conclusion
oracle,2599,"For every hour spent reading, a person's lifespan is extended by two",3.80175,+2.00,4363, minutes,0,1.93225,0.363574,1.10385,minutes.  That's the conclusion
oracle,2599,"For every hour spent reading, a person's lifespan is extended by two",-3.80175,-2.00,4363, minutes,0,4.13997,-0.363581,-1.10387,minutes.  That's the conclusion
md_full,2599,"For every hour spent reading, a person's lifespan is extended by two",0,+0.00,4363, minutes,0,3.0361,0,0,minutes.  That's the conclusion
md_full,2599,"For every hour spent reading, a person's lifespan is extended by two",79.4141,+0.25,4363, minutes,0,3.17101,-0.0444368,-0.134914,minutes.  That's the conclusion
md_full,2599,"For every hour spent reading, a person's lifespan is extended by two",-79.4141,-0.25,4363, minutes,0,2.87844,0.051929,0.157661,minutes.  That's the conclusion
md_full,2599,"For every hour spent reading, a person's lifespan is extended by two",158.828,+0.50,4363, minutes,0,3.28005,-0.0803498,-0.24395,minutes. This is the conclusion of a
md_full,2599,"For every hour spent reading, a person's lifespan is extended by two",-158.828,-0.50,4363, minutes,0,2.70265,0.109827,0.333447,minutes.  That's the conclusion
md_full,2599,"For every hour spent reading, a person's lifespan is extended by two",317.656,+1.00,4363, minutes,0,3.41723,-0.125533,-0.38113,minutes. This is the finding of a
md_full,2599,"For every hour spent reading, a person's lifespan is extended by two",-317.656,-1.00,109,\n\n,0,2.31883,0.236246,0.717266,He  He  He  He
md_full,2599,"For every hour spent reading, a person's lifespan is extended by two",635.313,+2.00,4363, minutes,0,3.4268,-0.128687,-0.390705,minutes. These are the findings of a
md_full,2599,"For every hour spent reading, a person's lifespan is extended by two",-635.313,-2.00,109,\n\n,0,1.55898,0.486517,1.47711,
jtw_legacy,2599,"For every hour spent reading, a person's lifespan is extended by two",0,+0.00,4363, minutes,0,3.0361,0,0,minutes.  That's the conclusion
jtw_legacy,2599,"For every hour spent reading, a person's lifespan is extended by two",0.475218,+0.25,4363, minutes,0,3.03394,0.000712406,0.00216293,minutes.  That's the conclusion
jtw_legacy,2599,"For every hour spent reading, a person's lifespan is extended by two",-0.475218,-0.25,4363, minutes,0,3.03826,-0.000712406,-0.00216293,minutes.  That's the conclusion
jtw_legacy,2599,"For every hour spent reading, a person's lifespan is extended by two",0.950437,+0.50,4363, minutes,0,3.03177,0.00142481,0.00432587,minutes.  That's the conclusion
jtw_legacy,2599,"For every hour spent reading, a person's lifespan is extended by two",-0.950437,-0.50,4363, minutes,0,3.04042,-0.00142355,-0.00432205,minutes.  That's the conclusion
jtw_legacy,2599,"For every hour spent reading, a person's lifespan is extended by two",1.90087,+1.00,4363, minutes,0,3.02744,0.00285088,0.00865555,minutes.  That's the conclusion
jtw_legacy,2599,"For every hour spent reading, a person's lifespan is extended by two",-1.90087,-1.00,4363, minutes,0,3.04474,-0.00284585,-0.00864029,minutes.  That's the conclusion
jtw_legacy,2599,"For every hour spent reading, a person's lifespan is extended by two",3.80175,+2.00,4363, minutes,0,3.01878,0.00570553,0.0173225,minutes.  That's the conclusion
jtw_legacy,2599,"For every hour spent reading, a person's lifespan is extended by two",-3.80175,-2.00,4363, minutes,0,3.05337,-0.00568794,-0.0172691,minutes.  That's the conclusion
oracle,3300,Polar bears can see,0,+0.00,575, in,0,3.58703,0,0,"in the dark, but they can’"
oracle,3300,Polar bears can see,0.523802,+0.25,575, in,0,3.38132,0.0573476,0.205708,"in the dark, but they can’"
oracle,3300,Polar bears can see,-0.523802,-0.25,575, in,0,3.79271,-0.0573412,-0.205685,"in the dark, but they can’"
oracle,3300,Polar bears can see,1.0476,+0.50,575, in,0,3.1756,0.114699,0.41143,"in the dark, but they can’"
oracle,3300,Polar bears can see,-1.0476,-0.50,575, in,0,3.99839,-0.114679,-0.411358,"in the dark, but they can’"
oracle,3300,Polar bears can see,2.09521,+1.00,575, in,0,2.76411,0.229416,0.822922,"in the dark, but they can’"
oracle,3300,Polar bears can see,-2.09521,-1.00,575, in,0,4.40968,-0.229342,-0.822655,"in the dark, but they can’"
oracle,3300,Polar bears can see,4.19041,+2.00,575, in,0,1.94095,0.458898,1.64608,"in the dark, but they can’"
oracle,3300,Polar bears can see,-4.19041,-2.00,575, in,0,5.23204,-0.4586,-1.64501,"in the dark, but they can’"
md_full,3300,Polar bears can see,0,+0.00,575, in,0,3.58703,0,0,"in the dark, but they can’"
md_full,3300,Polar bears can see,31.457,+0.25,575, in,0,3.8603,-0.0761838,-0.273273,"in the dark, but they can’"
md_full,3300,Polar bears can see,-31.457,-0.25,575, in,0,3.30605,0.0783331,0.280983,"in the dark, but they can'"
md_full,3300,Polar bears can see,62.914,+0.50,575, in,0,4.12416,-0.149744,-0.537136,"in the dark, but they can’"
md_full,3300,Polar bears can see,-62.914,-0.50,575, in,0,3.01923,0.158291,0.567795,"in the dark, but they can'"
md_full,3300,Polar bears can see,125.828,+1.00,575, in,0,4.61777,-0.287352,-1.03074,"in the dark, but they can’"
md_full,3300,Polar bears can see,-125.828,-1.00,575, in,0,2.43595,0.320901,1.15108,"in the dark, but they can'"
md_full,3300,Polar bears can see,251.656,+2.00,575, in,0,5.44251,-0.517276,-1.85548,"in the dark, but they can’"
md_full,3300,Polar bears can see,-251.656,-2.00,109,\n\n,0,1.28357,0.642164,2.30346,The  The  The  The
oracle,2710,Soccer is more than just a group match against teams around the,0,+0.00,2134, world,0,8.91554,0,0,world. It is a sport that has
oracle,2710,Soccer is more than just a group match against teams around the,1.14629,+0.25,2134, world,0,8.4532,0.0518579,0.462341,world. It is a sport that has
oracle,2710,Soccer is more than just a group match against teams around the,-1.14629,-0.25,2134, world,0,9.37772,-0.0518399,-0.462181,world. It is a way of life
oracle,2710,Soccer is more than just a group match against teams around the,2.29259,+0.50,2134, world,0,7.99071,0.103732,0.924831,world. It is a sport that has
oracle,2710,Soccer is more than just a group match against teams around the,-2.29259,-0.50,2134, world,0,9.83975,-0.103662,-0.924206,world. It is a way of life
oracle,2710,Soccer is more than just a group match against teams around the,4.58518,+1.00,2134, world,0,7.06525,0.207536,1.8503,world. It is a sport that has
oracle,2710,Soccer is more than just a group match against teams around the,-4.58518,-1.00,2134, world,0,10.7633,-0.207249,-1.84774,world. It is a way of life
oracle,2710,Soccer is more than just a group match against teams around the,9.17035,+2.00,2134, world,0,5.21261,0.415335,3.70293,world. It is a sport that has
oracle,2710,Soccer is more than just a group match against teams around the,-9.17035,-2.00,2134, world,0,12.6083,-0.414192,-3.69275,world. It is a way of life
md_full,2710,Soccer is more than just a group match against teams around the,0,+0.00,2134, world,0,8.91554,0,0,world. It is a sport that has
md_full,2710,Soccer is more than just a group match against teams around the,123.678,+0.25,2134, world,0,9.6027,-0.0770736,-0.687153,world. It is a sport that has
md_full,2710,Soccer is more than just a group match against teams around the,-123.678,-0.25,2134, world,0,8.0192,0.100538,0.896347,world. It is a way of life
md_full,2710,Soccer is more than just a group match against teams around the,247.357,+0.50,2134, world,0,10.0292,-0.124907,-1.11361,world. It is a sport that has
md_full,2710,Soccer is more than just a group match against teams around the,-247.357,-0.50,2134, world,0,7.00542,0.214247,1.91013,world.  It is a way of
md_full,2710,Soccer is more than just a group match against teams around the,494.714,+1.00,2134, world,0,10.1699,-0.140698,-1.2544,world. It is a sport that has
md_full,2710,Soccer is more than just a group match against teams around the,-494.714,-1.00,2134, world,0,4.9828,0.441111,3.93274,world.  It is a
md_full,2710,Soccer is more than just a group match against teams around the,989.428,+2.00,2134, world,0,9.17353,-0.0289371,-0.25799,"world. It’s a different,"
md_full,2710,Soccer is more than just a group match against teams around the,-989.428,-2.00,109,\n\n,0,1.98948,0.776852,6.92606,
oracle,2483,"If a spinning group of dancers stands far enough away from the audience, the dancers will appear",0,+0.00,577, to,0,10.5189,0,0,to be standing still. Explain why.
oracle,2483,"If a spinning group of dancers stands far enough away from the audience, the dancers will appear",1.61353,+0.25,577, to,0,9.91719,0.0572029,0.601711,to be standing still. Explain why.
oracle,2483,"If a spinning group of dancers stands far enough away from the audience, the dancers will appear",-1.61353,-0.25,577, to,0,11.1204,-0.0571851,-0.601524,to be standing still. Explain why.
oracle,2483,"If a spinning group of dancers stands far enough away from the audience, the dancers will appear",3.22707,+0.50,577, to,0,9.31529,0.114424,1.20361,to be standing still. Explain why.
oracle,2483,"If a spinning group of dancers stands far enough away from the audience, the dancers will appear",-3.22707,-0.50,577, to,0,11.7217,-0.114351,-1.20285,to be standing still. Explain why.
oracle,2483,"If a spinning group of dancers stands far enough away from the audience, the dancers will appear",6.45413,+1.00,577, to,0,8.111,0.228912,2.40791,to be standing still. Explain why.
oracle,2483,"If a spinning group of dancers stands far enough away from the audience, the dancers will appear",-6.45413,-1.00,577, to,0,12.9238,-0.228623,-2.40486,to be standing still. Explain why.
oracle,2483,"If a spinning group of dancers stands far enough away from the audience, the dancers will appear",12.9083,+2.00,577, to,0,5.70062,0.458059,4.81828,to be standing still. Explain why.
oracle,2483,"If a spinning group of dancers stands far enough away from the audience, the dancers will appear",-12.9083,-2.00,577, to,0,15.325,-0.456902,-4.80611,to be standing still. Explain why.
md_full,2483,"If a spinning group of dancers stands far enough away from the audience, the dancers will appear",0,+0.00,577, to,0,10.5189,0,0,to be standing still. Explain why.
md_full,2483,"If a spinning group of dancers stands far enough away from the audience, the dancers will appear",439.076,+0.25,577, to,0,9.88816,0.0599623,0.630737,to be moving in a circle. However
md_full,2483,"If a spinning group of dancers stands far enough away from the audience, the dancers will appear",-439.076,-0.25,109,\n\n,0,8.10965,0.22904,2.40925,
md_full,2483,"If a spinning group of dancers stands far enough away from the audience, the dancers will appear",878.151,+0.50,577, to,0,7.85984,0.252789,2.65906,"to be one large, single, moving"
md_full,2483,"If a spinning group of dancers stands far enough away from the audience, the dancers will appear",-878.151,-0.50,109,\n\n,0,5.52546,0.474711,4.99344,
md_full,2483,"If a spinning group of dancers stands far enough away from the audience, the dancers will appear",1756.3,+1.00,577, to,0,5.2567,0.500261,5.2622,to their their their their their their their
md_full,2483,"If a spinning group of dancers stands far enough away from the audience, the dancers will appear",-1756.3,-1.00,109,\n\n,0,2.75437,0.73815,7.76453,
md_full,2483,"If a spinning group of dancers stands far enough away from the audience, the dancers will appear",3512.61,+2.00,10368, Their,0,3.38337,0.678353,7.13553,Their Their Their Their Their Their Their Their
md_full,2483,"If a spinning group of dancers stands far enough away from the audience, the dancers will appear",-3512.61,-2.00,109,\n\n,0,0.857427,0.918487,9.66148,
jtw_legacy,2483,"If a spinning group of dancers stands far enough away from the audience, the dancers will appear",0,+0.00,577, to,0,10.5189,0,0,to be standing still. Explain why.
jtw_legacy,2483,"If a spinning group of dancers stands far enough away from the audience, the dancers will appear",1.61353,+0.25,577, to,0,10.5329,-0.00133021,-0.0139923,to be standing still. Explain why.
jtw_legacy,2483,"If a spinning group of dancers stands far enough away from the audience, the dancers will appear",-1.61353,-0.25,577, to,0,10.5049,0.00133492,0.0140419,to be standing still. Explain why.
jtw_legacy,2483,"If a spinning group of dancers stands far enough away from the audience, the dancers will appear",3.22707,+0.50,577, to,0,10.5468,-0.00265534,-0.0279312,to be standing still. Explain why.
jtw_legacy,2483,"If a spinning group of dancers stands far enough away from the audience, the dancers will appear",-3.22707,-0.50,577, to,0,10.4908,0.00267601,0.0281487,to be standing still. Explain why.
jtw_legacy,2483,"If a spinning group of dancers stands far enough away from the audience, the dancers will appear",6.45413,+1.00,577, to,0,10.5746,-0.00529109,-0.0556564,to be standing still. Explain why.
jtw_legacy,2483,"If a spinning group of dancers stands far enough away from the audience, the dancers will appear",-6.45413,-1.00,577, to,0,10.4624,0.00537123,0.0564995,to be standing still. Explain why.
jtw_legacy,2483,"If a spinning group of dancers stands far enough away from the audience, the dancers will appear",12.9083,+2.00,577, to,0,10.6294,-0.0105013,-0.110462,to be standing still. Explain why.
jtw_legacy,2483,"If a spinning group of dancers stands far enough away from the audience, the dancers will appear",-12.9083,-2.00,577, to,0,10.4051,0.0108204,0.113819,to be standing still. Explain why.
oracle,4306,Boys will hit puberty about one year before girls reach,0,+0.00,124309, puberty,0,2.34329,0,0,puberty.  The average age for boys
oracle,4306,Boys will hit puberty about one year before girls reach,0.167633,+0.25,124309, puberty,0,2.22912,0.0487237,0.114174,puberty.  The average age for boys
oracle,4306,Boys will hit puberty about one year before girls reach,-0.167633,-0.25,124309, puberty,0,2.45746,-0.0487205,-0.114166,puberty.  The average age for boys
oracle,4306,Boys will hit puberty about one year before girls reach,0.335266,+0.50,124309, puberty,0,2.11497,0.0974377,0.228325,puberty.  The average age for boys
oracle,4306,Boys will hit puberty about one year before girls reach,-0.335266,-0.50,124309, puberty,0,2.57162,-0.0974409,-0.228333,puberty.  The average age for boys
oracle,4306,Boys will hit puberty about one year before girls reach,0.670533,+1.00,124309, puberty,0,1.88667,0.194866,0.456627,puberty.  The average age for boys
oracle,4306,Boys will hit puberty about one year before girls reach,-0.670533,-1.00,124309, puberty,0,2.79999,-0.194895,-0.456696,puberty.  The average age for boys
oracle,4306,Boys will hit puberty about one year before girls reach,1.34107,+2.00,124309, puberty,0,1.43011,0.389699,0.913177,puberty.  The average age for boys
oracle,4306,Boys will hit puberty about one year before girls reach,-1.34107,-2.00,124309, puberty,0,3.25676,-0.389822,-0.913467,puberty.  The average age for boys
md_full,4306,Boys will hit puberty about one year before girls reach,0,+0.00,124309, puberty,0,2.34329,0,0,puberty.  The average age for boys
md_full,4306,Boys will hit puberty about one year before girls reach,118.265,+0.25,124309, puberty,0,1.77137,0.244066,0.571918,puberty. The average age for boys to
md_full,4306,Boys will hit puberty about one year before girls reach,-118.265,-0.25,124309, puberty,0,2.85563,-0.21864,-0.512337,puberty.  The first sign of puberty
md_full,4306,Boys will hit puberty about one year before girls reach,236.53,+0.50,1024, their,0,1.17877,0.496961,1.16452,their peak height. They will also start
md_full,4306,Boys will hit puberty about one year before girls reach,-236.53,-0.50,124309, puberty,0,3.28208,-0.400627,-0.938786,puberty.  Puberty is the time
md_full,4306,Boys will hit puberty about one year before girls reach,473.06,+1.00,1024, their,0,0.0780945,0.966673,2.2652,their adult height. They will begin to
md_full,4306,Boys will hit puberty about one year before girls reach,-473.06,-1.00,109,\n\n,0,3.85973,-0.647138,-1.51643,
md_full,4306,Boys will hit puberty about one year before girls reach,946.12,+2.00,1024, their,0,-1.41014,1.60178,3.75343,their most mature their their their their their
md_full,4306,Boys will hit puberty about one year before girls reach,-946.12,-2.00,109,\n\n,0,4.27502,-0.824364,-1.93173,
oracle,638,Some uncontacted tribes murder intruders by poisoning the tips of arrows and,0,+0.00,106057, spears,0,3.8138,0,0,spears with poison.  The tribes are
oracle,638,Some uncontacted tribes murder intruders by poisoning the tips of arrows and,0.395704,+0.25,106057, spears,0,3.63538,0.0467849,0.178429,spears with poison.  The tribes are
oracle,638,Some uncontacted tribes murder intruders by poisoning the tips of arrows and,-0.395704,-0.25,106057, spears,0,3.99224,-0.0467879,-0.17844,spears with poison.  The tribes are
oracle,638,Some uncontacted tribes murder intruders by poisoning the tips of arrows and,0.791407,+0.50,106057, spears,0,3.45696,0.0935664,0.356844,spears with poison.  The tribes are
oracle,638,Some uncontacted tribes murder intruders by poisoning the tips of arrows and,-0.791407,-0.50,106057, spears,0,4.1707,-0.0935799,-0.356895,spears with poison.  The tribes are
oracle,638,Some uncontacted tribes murder intruders by poisoning the tips of arrows and,1.58281,+1.00,106057, spears,0,3.10016,0.18712,0.71364,spears with poison.  The tribes are
oracle,638,Some uncontacted tribes murder intruders by poisoning the tips of arrows and,-1.58281,-1.00,106057, spears,0,4.52763,-0.187169,-0.713825,spears with poison.  The tribes are
oracle,638,Some uncontacted tribes murder intruders by poisoning the tips of arrows and,3.16563,+2.00,106057, spears,0,2.38672,0.374189,1.42708,spears with poison.  The tribes are
oracle,638,Some uncontacted tribes murder intruders by poisoning the tips of arrows and,-3.16563,-2.00,106057, spears,0,5.24163,-0.374383,-1.42782,spears with poison.  The tribes are
md_full,638,Some uncontacted tribes murder intruders by poisoning the tips of arrows and,0,+0.00,106057, spears,0,3.8138,0,0,spears with poison.  The tribes are
md_full,638,Some uncontacted tribes murder intruders by poisoning the tips of arrows and,33.1811,+0.25,106057, spears,0,3.55776,0.0671372,0.256048,spears with poison.  The tribes are
md_full,638,Some uncontacted tribes murder intruders by poisoning the tips of arrows and,-33.1811,-0.25,106057, spears,0,4.06244,-0.0651923,-0.248631,spears with poison.  The tribes are
md_full,638,Some uncontacted tribes murder intruders by poisoning the tips of arrows and,66.3621,+0.50,106057, spears,0,3.29537,0.135936,0.518435,spears with poison.  The tribes are
md_full,638,Some uncontacted tribes murder intruders by poisoning the tips of arrows and,-66.3621,-0.50,106057, spears,0,4.3027,-0.128192,-0.488899,spears with poison.  The tribes are
md_full,638,Some uncontacted tribes murder intruders by poisoning the tips of arrows and,132.724,+1.00,106057, spears,0,2.75632,0.277277,1.05748,spears with poison. The poison is usually
md_full,638,Some uncontacted tribes murder intruders by poisoning the tips of arrows and,-132.724,-1.00,106057, spears,0,4.75503,-0.246794,-0.941223,spears with poison  The uncontacted
md_full,638,Some uncontacted tribes murder intruders by poisoning the tips of arrows and,265.448,+2.00,106057, spears,0,1.6569,0.565552,2.1569,spears with a deadly poison. The poison
md_full,638,Some uncontacted tribes murder intruders by poisoning the tips of arrows and,-265.448,-2.00,106057, spears,0,5.53346,-0.450904,-1.71966,spears  By  Michael  He
jtw_legacy,638,Some uncontacted tribes murder intruders by poisoning the tips of arrows and,0,+0.00,106057, spears,0,3.8138,0,0,spears with poison.  The tribes are
jtw_legacy,638,Some uncontacted tribes murder intruders by poisoning the tips of arrows and,0.395704,+0.25,106057, spears,0,3.81585,-0.000535625,-0.00204277,spears with poison.  The tribes are
jtw_legacy,638,Some uncontacted tribes murder intruders by poisoning the tips of arrows and,-0.395704,-0.25,106057, spears,0,3.81176,0.000536626,0.00204659,spears with poison.  The tribes are
jtw_legacy,638,Some uncontacted tribes murder intruders by poisoning the tips of arrows and,0.791407,+0.50,106057, spears,0,3.8179,-0.00107325,-0.00409317,spears with poison.  The tribes are
jtw_legacy,638,Some uncontacted tribes murder intruders by poisoning the tips of arrows and,-0.791407,-0.50,106057, spears,0,3.80971,0.00107325,0.00409317,spears with poison.  The tribes are
jtw_legacy,638,Some uncontacted tribes murder intruders by poisoning the tips of arrows and,1.58281,+1.00,106057, spears,0,3.82199,-0.0021455,-0.00818253,spears with poison.  The tribes are
jtw_legacy,638,Some uncontacted tribes murder intruders by poisoning the tips of arrows and,-1.58281,-1.00,106057, spears,0,3.80562,0.002147,0.00818825,spears with poison.  The tribes are
jtw_legacy,638,Some uncontacted tribes murder intruders by poisoning the tips of arrows and,3.16563,+2.00,106057, spears,0,3.83015,-0.004285,-0.0163422,spears with poison.  The tribes are
jtw_legacy,638,Some uncontacted tribes murder intruders by poisoning the tips of arrows and,-3.16563,-2.00,106057, spears,0,3.79742,0.00429701,0.0163879,spears with poison.  The tribes are
oracle,3671,Water vapor is the largest contributor to the Earth's greenhouse,0,+0.00,4232, effect,0,5.9103,0,0,effect.  The greenhouse effect is the
oracle,3671,Water vapor is the largest contributor to the Earth's greenhouse,0.61094,+0.25,4232, effect,0,5.69805,0.0359119,0.21225,effect.  The greenhouse effect is the
oracle,3671,Water vapor is the largest contributor to the Earth's greenhouse,-0.61094,-0.25,4232, effect,0,6.12254,-0.0359102,-0.21224,effect.  The greenhouse effect is the
oracle,3671,Water vapor is the largest contributor to the Earth's greenhouse,1.22188,+0.50,4232, effect,0,5.48579,0.071825,0.424507,effect.  The greenhouse effect is the
oracle,3671,Water vapor is the largest contributor to the Earth's greenhouse,-1.22188,-0.50,4232, effect,0,6.33477,-0.0718198,-0.424477,effect.  The greenhouse effect is the
oracle,3671,Water vapor is the largest contributor to the Earth's greenhouse,2.44376,+1.00,4232, effect,0,5.06125,0.143655,0.849047,effect.  The greenhouse effect is the
oracle,3671,Water vapor is the largest contributor to the Earth's greenhouse,-2.44376,-1.00,4232, effect,0,6.75921,-0.143632,-0.848909,effect.  The greenhouse effect is the
oracle,3671,Water vapor is the largest contributor to the Earth's greenhouse,4.88752,+2.00,4232, effect,0,4.21208,0.287333,1.69822,effect.  The greenhouse effect is the
oracle,3671,Water vapor is the largest contributor to the Earth's greenhouse,-4.88752,-2.00,4232, effect,0,7.60796,-0.287239,-1.69767,effect.  The greenhouse effect is the
md_full,3671,Water vapor is the largest contributor to the Earth's greenhouse,0,+0.00,4232, effect,0,5.9103,0,0,effect.  The greenhouse effect is the
md_full,3671,Water vapor is the largest contributor to the Earth's greenhouse,106.869,+0.25,4232, effect,0,5.62483,0.0483006,0.285471,effect. The amount of water vapor in
md_full,3671,Water vapor is the largest contributor to the Earth's greenhouse,-106.869,-0.25,4232, effect,0,6.14195,-0.0391948,-0.231653,effect.  The greenhouse effect is the
md_full,3671,Water vapor is the largest contributor to the Earth's greenhouse,213.738,+0.50,4232, effect,0,5.29409,0.10426,0.616209,effect. The amount of water vapor in
md_full,3671,Water vapor is the largest contributor to the Earth's greenhouse,-213.738,-0.50,4232, effect,0,6.31553,-0.0685643,-0.405235,effect.  The greenhouse effect is the
md_full,3671,Water vapor is the largest contributor to the Earth's greenhouse,427.477,+1.00,4232, effect,0,4.5447,0.231054,1.3656,"effect. However, the amount of water"
md_full,3671,Water vapor is the largest contributor to the Earth's greenhouse,-427.477,-1.00,109,\n\n,0,6.49386,-0.098736,-0.583559,
md_full,3671,Water vapor is the largest contributor to the Earth's greenhouse,854.954,+2.00,235269,",",0,3.01968,0.489081,2.89062,", accounting for about one-third of"
md_full,3671,Water vapor is the largest contributor to the Earth's greenhouse,-854.954,-2.00,109,\n\n,0,6.36366,-0.0767071,-0.453362,
oracle,398,Male seahorses carry the eggs of the young until,0,+0.00,984, they,0,19.9554,0,0,they hatch.  The male seahorse
oracle,398,Male seahorses carry the eggs of the young until,2.22894,+0.25,984, they,0,18.8865,0.053566,1.06893,they hatch.  The male seahorse
oracle,398,Male seahorses carry the eggs of the young until,-2.22894,-0.25,984, they,0,21.0241,-0.0535514,-1.06864,they hatch.  The male seahorse
oracle,398,Male seahorses carry the eggs of the young until,4.45788,+0.50,984, they,0,17.8173,0.107146,2.13814,they hatch.  The male seahorse
oracle,398,Male seahorses carry the eggs of the young until,-4.45788,-0.50,984, they,0,22.0924,-0.107086,-2.13694,they hatch.  The male seahorse
oracle,398,Male seahorses carry the eggs of the young until,8.91575,+1.00,984, they,0,15.6782,0.214339,4.27723,they hatch.  The male seahorse
oracle,398,Male seahorses carry the eggs of the young until,-8.91575,-1.00,984, they,0,24.2279,-0.214099,-4.27245,they hatch.  The male seahorse
oracle,398,Male seahorses carry the eggs of the young until,17.8315,+2.00,984, they,0,11.3981,0.428824,8.55737,they hatch.  The male seahorse
oracle,398,Male seahorses carry the eggs of the young until,-17.8315,-2.00,984, they,0,28.4936,-0.427864,-8.5382,they hatch.  The male seahorse
md_full,398,Male seahorses carry the eggs of the young until,0,+0.00,984, they,0,19.9554,0,0,they hatch.  The male seahorse
md_full,398,Male seahorses carry the eggs of the young until,70.1255,+0.25,984, they,0,21.1607,-0.0603971,-1.20525,they hatch. The male seahorse is
md_full,398,Male seahorses carry the eggs of the young until,-70.1255,-0.25,984, they,0,18.5724,0.0693081,1.38307,they hatch.  The male seahorse
md_full,398,Male seahorses carry the eggs of the young until,140.251,+0.50,984, they,0,22.1588,-0.110415,-2.20339,they hatch. They are the only animals
md_full,398,Male seahorses carry the eggs of the young until,-140.251,-0.50,984, they,0,17.0546,0.145363,2.90078,they hatch.  The male seahorse
md_full,398,Male seahorses carry the eggs of the young until,280.502,+1.00,984, they,0,23.5028,-0.177766,-3.5474,they hatch. They are the only species
md_full,398,Male seahorses carry the eggs of the young until,-280.502,-1.00,984, they,0,13.8189,0.307512,6.13652,they hatch.  The  The
md_full,398,Male seahorses carry the eggs of the young until,561.004,+2.00,984, they,0,24.0862,-0.206998,-4.13074,they hatch. They are often referred to
md_full,398,Male seahorses carry the eggs of the young until,-561.004,-2.00,109,\n\n,0,7.72155,0.61306,12.2339,
oracle,4106,A can of Diet Coke can dissolve a nail within four,0,+0.00,2705, days,0,1.74903,0,0,days.  The can is made of
oracle,4106,A can of Diet Coke can dissolve a nail within four,0.237102,+0.25,2705, days,0,1.67594,0.0417865,0.0730858,days.  The can is made of
oracle,4106,A can of Diet Coke can dissolve a nail within four,-0.237102,-0.25,2705, days,0,1.82211,-0.0417854,-0.0730839,days.  The can is made of
oracle,4106,A can of Diet Coke can dissolve a nail within four,0.474204,+0.50,2705, days,0,1.60285,0.0835742,0.146173,days.  The can is made of
oracle,4106,A can of Diet Coke can dissolve a nail within four,-0.474204,-0.50,2705, days,0,1.8952,-0.0835709,-0.146168,days.  The can is made of
oracle,4106,A can of Diet Coke can dissolve a nail within four,0.948407,+1.00,2705, days,0,1.45667,0.167153,0.292355,days.  The can is made of
oracle,4106,A can of Diet Coke can dissolve a nail within four,-0.948407,-1.00,2705, days,0,2.04135,-0.167136,-0.292326,days.  The can is made of
oracle,4106,A can of Diet Coke can dissolve a nail within four,1.89681,+2.00,2705, days,0,1.16429,0.334321,0.584736,days.  The can is made of
oracle,4106,A can of Diet Coke can dissolve a nail within four,-1.89681,-2.00,2705, days,0,2.33365,-0.334255,-0.584621,days.  The can is made of
md_full,4106,A can of Diet Coke can dissolve a nail within four,0,+0.00,2705, days,0,1.74903,0,0,days.  The can is made of
md_full,4106,A can of Diet Coke can dissolve a nail within four,13.8762,+0.25,2705, days,0,1.65092,0.056092,0.0981064,days.  The can is made of
md_full,4106,A can of Diet Coke can dissolve a nail within four,-13.8762,-0.25,2705, days,0,1.84674,-0.0558673,-0.0977135,days.  The can is made of
md_full,4106,A can of Diet Coke can dissolve a nail within four,27.7525,+0.50,2705, days,0,1.55249,0.112367,0.196533,days.  The can is made of
md_full,4106,A can of Diet Coke can dissolve a nail within four,-27.7525,-0.50,2705, days,0,1.94401,-0.111479,-0.194981,days.  The can is made of
md_full,4106,A can of Diet Coke can dissolve a nail within four,55.505,+1.00,2705, days,0,1.3549,0.225338,0.394123,days. The can is 12
md_full,4106,A can of Diet Coke can dissolve a nail within four,-55.505,-1.00,2705, days,0,2.13696,-0.2218,-0.387934,days.  The can is made of
md_full,4106,A can of Diet Coke can dissolve a nail within four,111.01,+2.00,2705, days,0,0.958548,0.451954,0.79048,days. The can is filled with carbon
md_full,4106,A can of Diet Coke can dissolve a nail within four,-111.01,-2.00,2705, days,0,2.51495,-0.437915,-0.765924,days.  A can of Diet Coke
jtw_legacy,4106,A can of Diet Coke can dissolve a nail within four,0,+0.00,2705, days,0,1.74903,0,0,days.  The can is made of
jtw_legacy,4106,A can of Diet Coke can dissolve a nail within four,0.237102,+0.25,2705, days,0,1.75007,-0.000598695,-0.00104713,days.  The can is made of
jtw_legacy,4106,A can of Diet Coke can dissolve a nail within four,-0.237102,-0.25,2705, days,0,1.74797,0.000601967,0.00105286,days.  The can is made of
jtw_legacy,4106,A can of Diet Coke can dissolve a nail within four,0.474204,+0.50,2705, days,0,1.75113,-0.00119957,-0.00209808,days.  The can is made of
jtw_legacy,4106,A can of Diet Coke can dissolve a nail within four,-0.474204,-0.50,2705, days,0,1.74693,0.00119957,0.00209808,days.  The can is made of
jtw_legacy,4106,A can of Diet Coke can dissolve a nail within four,0.948407,+1.00,2705, days,0,1.75322,-0.00239478,-0.00418854,days.  The can is made of
jtw_legacy,4106,A can of Diet Coke can dissolve a nail within four,-0.948407,-1.00,2705, days,0,1.74483,0.00239696,0.00419235,days.  The can is made of
jtw_legacy,4106,A can of Diet Coke can dissolve a nail within four,1.89681,+2.00,2705, days,0,1.75741,-0.00479065,-0.00837898,days.  The can is made of
jtw_legacy,4106,A can of Diet Coke can dissolve a nail within four,-1.89681,-2.00,2705, days,0,1.74064,0.00479611,0.00838852,days.  The can is made of
oracle,1677,Zebras are chased by Lions when the herd least expects an,0,+0.00,6279, attack,0,7.04823,0,0,attack.  The Lions are the most
oracle,1677,Zebras are chased by Lions when the herd least expects an,0.796992,+0.25,6279, attack,0,6.71562,0.0471915,0.332617,attack.  The Lions are the most
oracle,1677,Zebras are chased by Lions when the herd least expects an,-0.796992,-0.25,6279, attack,0,7.38078,-0.047181,-0.332542,attack.  The Lions are the most
oracle,1677,Zebras are chased by Lions when the herd least expects an,1.59398,+0.50,6279, attack,0,6.38293,0.0943922,0.665298,attack.  The Lions are the most
oracle,1677,Zebras are chased by Lions when the herd least expects an,-1.59398,-0.50,6279, attack,0,7.71325,-0.0943525,-0.665018,attack.  The Lions are the most
oracle,1677,Zebras are chased by Lions when the herd least expects an,3.18797,+1.00,6279, attack,0,5.71738,0.18882,1.33085,attack.  The Lions are the most
oracle,1677,Zebras are chased by Lions when the herd least expects an,-3.18797,-1.00,6279, attack,0,8.37799,-0.188666,-1.32976,attack.  The Lions are the most
oracle,1677,Zebras are chased by Lions when the herd least expects an,6.37594,+2.00,6279, attack,0,4.38549,0.377789,2.66275,attack.  The Lions are the most
oracle,1677,Zebras are chased by Lions when the herd least expects an,-6.37594,-2.00,6279, attack,0,9.70661,-0.377169,-2.65837,attack.  The Lions are the most
md_full,1677,Zebras are chased by Lions when the herd least expects an,0,+0.00,6279, attack,0,7.04823,0,0,attack.  The Lions are the most
md_full,1677,Zebras are chased by Lions when the herd least expects an,235.603,+0.25,6279, attack,0,7.40723,-0.0509346,-0.358999,attack. The Lions are able to out
md_full,1677,Zebras are chased by Lions when the herd least expects an,-235.603,-0.25,6279, attack,0,6.16444,0.125392,0.883795,attack.  The herd is  A
md_full,1677,Zebras are chased by Lions when the herd least expects an,471.207,+0.50,6279, attack,0,7.27707,-0.0324677,-0.22884,attack. They are often in a group
md_full,1677,Zebras are chased by Lions when the herd least expects an,-471.207,-0.50,109,\n\n,0,5.01404,0.288611,2.03419,
md_full,1677,Zebras are chased by Lions when the herd least expects an,942.413,+1.00,6279, attack,0,6.43032,0.0876696,0.617916,attack. They are often their most formidable
md_full,1677,Zebras are chased by Lions when the herd least expects an,-942.413,-1.00,109,\n\n,0,2.94345,0.582385,4.10478,
md_full,1677,Zebras are chased by Lions when the herd least expects an,1884.83,+2.00,10368, Their,0,5.01764,0.2881,2.03059,Their Their Their Their Their Their Their Their
md_full,1677,Zebras are chased by Lions when the herd least expects an,-1884.83,-2.00,109,\n\n,0,0.715125,0.898538,6.33311,
jtw_legacy,1677,Zebras are chased by Lions when the herd least expects an,0,+0.00,6279, attack,0,7.04823,0,0,attack.  The Lions are the most
jtw_legacy,1677,Zebras are chased by Lions when the herd least expects an,0.796992,+0.25,6279, attack,0,7.05732,-0.00128947,-0.00908852,attack.  The Lions are the most
jtw_legacy,1677,Zebras are chased by Lions when the herd least expects an,-0.796992,-0.25,6279, attack,0,7.03913,0.00129083,0.00909805,attack.  The Lions are the most
jtw_legacy,1677,Zebras are chased by Lions when the herd least expects an,1.59398,+0.50,6279, attack,0,7.06641,-0.00257895,-0.018177,attack.  The Lions are the most
jtw_legacy,1677,Zebras are chased by Lions when the herd least expects an,-1.59398,-0.50,6279, attack,0,7.03002,0.00258355,0.0182095,attack.  The Lions are the most
jtw_legacy,1677,Zebras are chased by Lions when the herd least expects an,3.18797,+1.00,6279, attack,0,7.08456,-0.00515411,-0.0363274,attack.  The Lions are the most
jtw_legacy,1677,Zebras are chased by Lions when the herd least expects an,-3.18797,-1.00,6279, attack,0,7.0118,0.00516926,0.0364342,attack.  The Lions are the most
jtw_legacy,1677,Zebras are chased by Lions when the herd least expects an,6.37594,+2.00,6279, attack,0,7.12079,-0.0102941,-0.0725555,attack.  The Lions are the most
jtw_legacy,1677,Zebras are chased by Lions when the herd least expects an,-6.37594,-2.00,6279, attack,0,6.97527,0.0103523,0.0729656,attack.  The Lions are the most
oracle,996,Amphibians generally spend about as much time on land as in,0,+0.00,2003, water,0,6.57293,0,0,water. They are often found in moist
oracle,996,Amphibians generally spend about as much time on land as in,0.680778,+0.25,2003, water,0,6.29311,0.0425715,0.279819,water. They are often found in moist
oracle,996,Amphibians generally spend about as much time on land as in,-0.680778,-0.25,2003, water,0,6.85275,-0.0425721,-0.279823,water. They are often found in moist
oracle,996,Amphibians generally spend about as much time on land as in,1.36156,+0.50,2003, water,0,6.0133,0.0851413,0.559628,water. They are often found in moist
oracle,996,Amphibians generally spend about as much time on land as in,-1.36156,-0.50,2003, water,0,7.13258,-0.085145,-0.559652,water. They are often found in moist
oracle,996,Amphibians generally spend about as much time on land as in,2.72311,+1.00,2003, water,0,5.45371,0.170277,1.11922,water. They are the only vertebrates that
oracle,996,Amphibians generally spend about as much time on land as in,-2.72311,-1.00,2003, water,0,7.69226,-0.170295,-1.11934,water. They are often found in moist
oracle,996,Amphibians generally spend about as much time on land as in,5.44622,+2.00,2003, water,0,4.33466,0.340529,2.23827,water. They are the only vertebrates that
oracle,996,Amphibians generally spend about as much time on land as in,-5.44622,-2.00,2003, water,0,8.8117,-0.340605,-2.23877,water. They are often found in moist
md_full,996,Amphibians generally spend about as much time on land as in,0,+0.00,2003, water,0,6.57293,0,0,water. They are often found in moist
md_full,996,Amphibians generally spend about as much time on land as in,146.306,+0.25,2003, water,0,6.77967,-0.031454,-0.206745,water. They are often found in both
md_full,996,Amphibians generally spend about as much time on land as in,-146.306,-0.25,2003, water,0,6.19273,0.0578426,0.380196,water.  The frog is a good
md_full,996,Amphibians generally spend about as much time on land as in,292.612,+0.50,2003, water,0,6.81158,-0.0363079,-0.238649,water. They are often found in both
md_full,996,Amphibians generally spend about as much time on land as in,-292.612,-0.50,2003, water,0,5.67899,0.136003,0.893936,water.  The
md_full,996,Amphibians generally spend about as much time on land as in,585.223,+1.00,2003, water,0,6.49755,0.0114674,0.0753746,water. They are often characterized as having
md_full,996,Amphibians generally spend about as much time on land as in,-585.223,-1.00,109,\n\n,0,4.49279,0.31647,2.08014,
md_full,996,Amphibians generally spend about as much time on land as in,1170.45,+2.00,1024, their,0,5.4502,0.170811,1.12273,their aquatic habitat. They are often characterized
md_full,996,Amphibians generally spend about as much time on land as in,-1170.45,-2.00,109,\n\n,0,2.51627,0.617177,4.05666,
oracle,3699,Being tickled by a feather is scientifically proven to be one of the most ticklish sensations,0,+0.00,235265,.,0,2.51035,0,0,.  The feather tickles the skin
oracle,3699,Being tickled by a feather is scientifically proven to be one of the most ticklish sensations,0.348187,+0.25,235265,.,0,2.35276,0.0627772,0.157593,.  The feather tickles the skin
oracle,3699,Being tickled by a feather is scientifically proven to be one of the most ticklish sensations,-0.348187,-0.25,235265,.,0,2.66795,-0.0627803,-0.1576,.  The feather tickles the skin
oracle,3699,Being tickled by a feather is scientifically proven to be one of the most ticklish sensations,0.696374,+0.50,235265,.,0,2.19515,0.125561,0.315201,.  The feather tickles the skin
oracle,3699,Being tickled by a feather is scientifically proven to be one of the most ticklish sensations,-0.696374,-0.50,235265,.,0,2.82553,-0.125553,-0.315182,.  The feather tickles the skin
oracle,3699,Being tickled by a feather is scientifically proven to be one of the most ticklish sensations,1.39275,+1.00,235265,.,0,1.87992,0.251132,0.630428,.  The feather tickles the skin
oracle,3699,Being tickled by a feather is scientifically proven to be one of the most ticklish sensations,-1.39275,-1.00,235265,.,0,3.14069,-0.251095,-0.630337,.  The feather tickles the skin
oracle,3699,Being tickled by a feather is scientifically proven to be one of the most ticklish sensations,2.7855,+2.00,235265,.,0,1.24939,0.502304,1.26096,.  The feather tickles the skin
oracle,3699,Being tickled by a feather is scientifically proven to be one of the most ticklish sensations,-2.7855,-2.00,235265,.,0,3.77089,-0.502136,-1.26054,.  The feather tickles the skin
md_full,3699,Being tickled by a feather is scientifically proven to be one of the most ticklish sensations,0,+0.00,235265,.,0,2.51035,0,0,.  The feather tickles the skin
md_full,3699,Being tickled by a feather is scientifically proven to be one of the most ticklish sensations,68.6861,+0.25,235265,.,0,2.5716,-0.0244,-0.0612526,.  The feather tickles the skin
md_full,3699,Being tickled by a feather is scientifically proven to be one of the most ticklish sensations,-68.6861,-0.25,235265,.,0,2.4202,0.0359109,0.0901489,.  The feather tickles the skin
md_full,3699,Being tickled by a feather is scientifically proven to be one of the most ticklish sensations,137.372,+0.50,235265,.,0,2.60086,-0.0360568,-0.0905151,. It’s a feeling that’
md_full,3699,Being tickled by a feather is scientifically proven to be one of the most ticklish sensations,-137.372,-0.50,235265,.,0,2.307,0.0810062,0.203354,.  The feather tickles the skin
md_full,3699,Being tickled by a feather is scientifically proven to be one of the most ticklish sensations,274.744,+1.00,235265,.,0,2.56811,-0.0230081,-0.0577583,. It’s a feeling that’
md_full,3699,Being tickled by a feather is scientifically proven to be one of the most ticklish sensations,-274.744,-1.00,109,\n\n,0,2.04063,0.187111,0.469715,The feather tick  The feather tick
md_full,3699,Being tickled by a feather is scientifically proven to be one of the most ticklish sensations,549.489,+2.00,235265,.,0,2.28269,0.0906875,0.227657,". However, some people are more tick"
md_full,3699,Being tickled by a feather is scientifically proven to be one of the most ticklish sensations,-549.489,-2.00,109,\n\n,0,1.50883,0.398957,1.00152,
jtw_legacy,3699,Being tickled by a feather is scientifically proven to be one of the most ticklish sensations,0,+0.00,235265,.,0,2.51035,0,0,.  The feather tickles the skin
jtw_legacy,3699,Being tickled by a feather is scientifically proven to be one of the most ticklish sensations,0.348187,+0.25,235265,.,0,2.50228,0.00321393,0.00806808,.  The feather tickles the skin
jtw_legacy,3699,Being tickled by a feather is scientifically proven to be one of the most ticklish sensations,-0.348187,-0.25,235265,.,0,2.51843,-0.00322001,-0.00808334,.  The feather tickles the skin
jtw_legacy,3699,Being tickled by a feather is scientifically proven to be one of the most ticklish sensations,0.696374,+0.50,235265,.,0,2.49421,0.0064309,0.0161438,.  The feather tickles the skin
jtw_legacy,3699,Being tickled by a feather is scientifically proven to be one of the most ticklish sensations,-0.696374,-0.50,235265,.,0,2.5265,-0.00643546,-0.0161552,.  The feather tickles the skin
jtw_legacy,3699,Being tickled by a feather is scientifically proven to be one of the most ticklish sensations,1.39275,+1.00,235265,.,0,2.47805,0.0128664,0.032299,.  The feather tickles the skin
jtw_legacy,3699,Being tickled by a feather is scientifically proven to be one of the most ticklish sensations,-1.39275,-1.00,235265,.,0,2.54265,-0.0128664,-0.032299,.  The feather tickles the skin
jtw_legacy,3699,Being tickled by a feather is scientifically proven to be one of the most ticklish sensations,2.7855,+2.00,235265,.,0,2.44572,0.0257449,0.0646286,.  The feather tickles the skin
jtw_legacy,3699,Being tickled by a feather is scientifically proven to be one of the most ticklish sensations,-2.7855,-2.00,235265,.,0,2.57493,-0.0257266,-0.0645828,.  The feather tickles the skin
oracle,4015,"Lee Harvey Oswald, the Kennedy assassin, briefly managed a branch of",0,+0.00,573, the,0,2.47526,0,0,the Texas Department of Public Safety.
oracle,4015,"Lee Harvey Oswald, the Kennedy assassin, briefly managed a branch of",0.417981,+0.25,573, the,0,2.35818,0.0473026,0.117086,the Texas Department of Public Safety.
oracle,4015,"Lee Harvey Oswald, the Kennedy assassin, briefly managed a branch of",-0.417981,-0.25,573, the,0,2.59234,-0.0473011,-0.117083,the Texas Department of Public Safety.
oracle,4015,"Lee Harvey Oswald, the Kennedy assassin, briefly managed a branch of",0.835962,+0.50,573, the,0,2.24109,0.0946045,0.234171,the Texas Department of Public Safety.
oracle,4015,"Lee Harvey Oswald, the Kennedy assassin, briefly managed a branch of",-0.835962,-0.50,573, the,0,2.70943,-0.0946022,-0.234165,the Texas Department of Public Safety.
oracle,4015,"Lee Harvey Oswald, the Kennedy assassin, briefly managed a branch of",1.67192,+1.00,573, the,0,2.00693,0.189207,0.468336,the Texas Department of Public Safety.
oracle,4015,"Lee Harvey Oswald, the Kennedy assassin, briefly managed a branch of",-1.67192,-1.00,573, the,0,2.9436,-0.189207,-0.468336,the Texas Department of Public Safety.
oracle,4015,"Lee Harvey Oswald, the Kennedy assassin, briefly managed a branch of",3.34385,+2.00,573, the,0,1.53859,0.378412,0.936668,the Texas Department of Public Safety.
oracle,4015,"Lee Harvey Oswald, the Kennedy assassin, briefly managed a branch of",-3.34385,-2.00,573, the,0,3.41193,-0.37841,-0.936665,the Texas Department of Public Safety.
md_full,4015,"Lee Harvey Oswald, the Kennedy assassin, briefly managed a branch of",0,+0.00,573, the,0,2.47526,0,0,the Texas Department of Public Safety.
md_full,4015,"Lee Harvey Oswald, the Kennedy assassin, briefly managed a branch of",23.3026,+0.25,573, the,0,2.31287,0.0656074,0.162395,the Texas Department of Public Safety.
md_full,4015,"Lee Harvey Oswald, the Kennedy assassin, briefly managed a branch of",-23.3026,-0.25,573, the,0,2.63443,-0.0643044,-0.15917,the Dallas Police Department.  The Dallas
md_full,4015,"Lee Harvey Oswald, the Kennedy assassin, briefly managed a branch of",46.6053,+0.50,573, the,0,2.14754,0.132397,0.327717,the Texas Rangers.  The Rangers were
md_full,4015,"Lee Harvey Oswald, the Kennedy assassin, briefly managed a branch of",-46.6053,-0.50,573, the,0,2.79011,-0.127197,-0.314846,the Dallas Police Department.  He was
md_full,4015,"Lee Harvey Oswald, the Kennedy assassin, briefly managed a branch of",93.2106,+1.00,573, the,0,1.80951,0.26896,0.665747,the Texas Rangers.  The Rangers were
md_full,4015,"Lee Harvey Oswald, the Kennedy assassin, briefly managed a branch of",-93.2106,-1.00,573, the,0,3.09,-0.248354,-0.61474,the Dallas Police Department.  He was
md_full,4015,"Lee Harvey Oswald, the Kennedy assassin, briefly managed a branch of",186.421,+2.00,573, the,0,1.1144,0.549783,1.36086,the Marine Corps Supply Depot in New Orleans
md_full,4015,"Lee Harvey Oswald, the Kennedy assassin, briefly managed a branch of",-186.421,-2.00,573, the,0,3.63918,-0.470219,-1.16392,the Dallas Police Department.  He was
jtw_legacy,4015,"Lee Harvey Oswald, the Kennedy assassin, briefly managed a branch of",0,+0.00,573, the,0,2.47526,0,0,the Texas Department of Public Safety.
jtw_legacy,4015,"Lee Harvey Oswald, the Kennedy assassin, briefly managed a branch of",0.417981,+0.25,573, the,0,2.47765,-0.000964747,-0.002388,the Texas Department of Public Safety.
jtw_legacy,4015,"Lee Harvey Oswald, the Kennedy assassin, briefly managed a branch of",-0.417981,-0.25,573, the,0,2.47287,0.000966288,0.00239182,the Texas Department of Public Safety.
jtw_legacy,4015,"Lee Harvey Oswald, the Kennedy assassin, briefly managed a branch of",0.835962,+0.50,573, the,0,2.48004,-0.00193026,-0.00477791,the Texas Department of Public Safety.
jtw_legacy,4015,"Lee Harvey Oswald, the Kennedy assassin, briefly managed a branch of",-0.835962,-0.50,573, the,0,2.47048,0.00193258,0.00478363,the Texas Department of Public Safety.
jtw_legacy,4015,"Lee Harvey Oswald, the Kennedy assassin, briefly managed a branch of",1.67192,+1.00,573, the,0,2.48482,-0.0038613,-0.00955772,the Texas Department of Public Safety.
jtw_legacy,4015,"Lee Harvey Oswald, the Kennedy assassin, briefly managed a branch of",-1.67192,-1.00,573, the,0,2.46569,0.00386746,0.00957298,the Texas Department of Public Safety.
jtw_legacy,4015,"Lee Harvey Oswald, the Kennedy assassin, briefly managed a branch of",3.34385,+2.00,573, the,0,2.49437,-0.00771874,-0.0191059,the Texas Department of Public Safety.
jtw_legacy,4015,"Lee Harvey Oswald, the Kennedy assassin, briefly managed a branch of",-3.34385,-2.00,573, the,0,2.45611,0.00773647,0.0191498,the Texas Department of Public Safety.
oracle,1048,A baby beaver's teeth are already growing in before its,0,+0.00,5951, birth,0,1.66247,0,0,"birth, according to a new study."
oracle,1048,A baby beaver's teeth are already growing in before its,0.175884,+0.25,5951, birth,0,1.58504,0.0465758,0.0774307,"birth, according to a new study."
oracle,1048,A baby beaver's teeth are already growing in before its,-0.175884,-0.25,5951, birth,0,1.73989,-0.0465735,-0.0774269,"birth, according to a new study."
oracle,1048,A baby beaver's teeth are already growing in before its,0.351767,+0.50,5951, birth,0,1.50761,0.093147,0.154854,"birth, according to a new study."
oracle,1048,A baby beaver's teeth are already growing in before its,-0.351767,-0.50,5951, birth,0,1.81732,-0.0931481,-0.154856,"birth, according to a new study."
oracle,1048,A baby beaver's teeth are already growing in before its,0.703534,+1.00,5951, birth,0,1.35276,0.186296,0.309711,"birth, according to a new study."
oracle,1048,A baby beaver's teeth are already growing in before its,-0.703534,-1.00,5951, birth,0,1.97218,-0.186295,-0.30971,"birth, according to a new study."
oracle,1048,A baby beaver's teeth are already growing in before its,1.40707,+2.00,5951, birth,0,1.04305,0.37259,0.619419,"birth, according to a new study."
oracle,1048,A baby beaver's teeth are already growing in before its,-1.40707,-2.00,5951, birth,0,2.28189,-0.372594,-0.619425,"birth, according to a new study."
md_full,1048,A baby beaver's teeth are already growing in before its,0,+0.00,5951, birth,0,1.66247,0,0,"birth, according to a new study."
md_full,1048,A baby beaver's teeth are already growing in before its,8.2504,+0.25,5951, birth,0,1.76151,-0.0595747,-0.099041,"birth, according to a new study."
md_full,1048,A baby beaver's teeth are already growing in before its,-8.2504,-0.25,5951, birth,0,1.56333,0.0596343,0.0991402,"birth, according to a new study."
md_full,1048,A baby beaver's teeth are already growing in before its,16.5008,+0.50,5951, birth,0,1.86042,-0.119071,-0.197952,"birth, according to a new study."
md_full,1048,A baby beaver's teeth are already growing in before its,-16.5008,-0.50,5951, birth,0,1.4641,0.119321,0.198368,"birth, according to a new study."
md_full,1048,A baby beaver's teeth are already growing in before its,33.0016,+1.00,5951, birth,0,2.05774,-0.237762,-0.395271,"birth, according to a new study."
md_full,1048,A baby beaver's teeth are already growing in before its,-33.0016,-1.00,5951, birth,0,1.26554,0.238755,0.396923,"birth, according to a new study."
md_full,1048,A baby beaver's teeth are already growing in before its,66.0032,+2.00,5951, birth,0,2.44964,-0.473499,-0.787176,"birth, according to a new study."
md_full,1048,A baby beaver's teeth are already growing in before its,-66.0032,-2.00,5951, birth,0,0.868713,0.477456,0.793755,"birth, according to a new study."
oracle,4345,Emu farmers pluck the feathers from emu,0,+0.00,80526, chicks,0,2.83804,0,0,chicks to make a product called emu down
oracle,4345,Emu farmers pluck the feathers from emu,0.345631,+0.25,80526, chicks,0,2.66938,0.0594267,0.168655,chicks to make a product called emu down
oracle,4345,Emu farmers pluck the feathers from emu,-0.345631,-0.25,80526, chicks,0,3.0067,-0.0594294,-0.168663,chicks to make a product called emu down
oracle,4345,Emu farmers pluck the feathers from emu,0.691263,+0.50,80526, chicks,0,2.50074,0.118851,0.337303,chicks to make a product called emu down
oracle,4345,Emu farmers pluck the feathers from emu,-0.691263,-0.50,80526, chicks,0,3.17537,-0.118861,-0.337332,chicks to make a product called emu down
oracle,4345,Emu farmers pluck the feathers from emu,1.38253,+1.00,80526, chicks,0,2.16346,0.237692,0.67458,chicks to make a product called emu down
oracle,4345,Emu farmers pluck the feathers from emu,-1.38253,-1.00,80526, chicks,0,3.51273,-0.237731,-0.67469,chicks to make a product called emu down
oracle,4345,Emu farmers pluck the feathers from emu,2.76505,+2.00,80526, chicks,0,1.489,0.475343,1.34904,chicks to make a product called emu down
oracle,4345,Emu farmers pluck the feathers from emu,-2.76505,-2.00,80526, chicks,0,4.18752,-0.475496,-1.34948,chicks to make a product called emu down
md_full,4345,Emu farmers pluck the feathers from emu,0,+0.00,80526, chicks,0,2.83804,0,0,chicks to make a product called emu down
md_full,4345,Emu farmers pluck the feathers from emu,147.184,+0.25,80526, chicks,0,2.35884,0.16885,0.479202,chicks to make a product called emu oil
md_full,4345,Emu farmers pluck the feathers from emu,-147.184,-0.25,80526, chicks,0,3.18245,-0.121354,-0.344406,chicks  [User 000
md_full,4345,Emu farmers pluck the feathers from emu,294.368,+0.50,235349,’,0,1.81233,0.361415,1.02571,’s to make their products. They
md_full,4345,Emu farmers pluck the feathers from emu,-294.368,-0.50,109,\n\n,0,3.37514,-0.189252,-0.537106,[
md_full,4345,Emu farmers pluck the feathers from emu,588.736,+1.00,1024, their,0,0.801012,0.717759,2.03703,"their animals, and they are often given"
md_full,4345,Emu farmers pluck the feathers from emu,-588.736,-1.00,109,\n\n,0,3.43938,-0.211885,-0.601339,
md_full,4345,Emu farmers pluck the feathers from emu,1177.47,+2.00,1024, their,0,-0.40657,1.14326,3.24461,their their their their their their their their
md_full,4345,Emu farmers pluck the feathers from emu,-1177.47,-2.00,109,\n\n,0,3.1825,-0.121374,-0.344465,
oracle,4087,Santa Claus is,0,+0.00,5163, coming,0,13.1877,0,0,coming to town!  The 2
oracle,4087,Santa Claus is,2.94318,+0.25,5163, coming,0,12.4781,0.0538071,0.709591,coming to town!  The annual Christmas
oracle,4087,Santa Claus is,-2.94318,-0.25,5163, coming,0,13.896,-0.0537142,-0.708366,coming to town!  The 2
oracle,4087,Santa Claus is,5.88636,+0.50,5163, coming,0,11.7673,0.107706,1.42039,coming to town!  The jolly old
oracle,4087,Santa Claus is,-5.88636,-0.50,5163, coming,0,14.6031,-0.107331,-1.41545,coming to town!  The 2
oracle,4087,Santa Claus is,11.7727,+1.00,5163, coming,0,10.3422,0.215765,2.84544,coming to town!  The jolly old
oracle,4087,Santa Claus is,-11.7727,-1.00,5163, coming,0,16.0133,-0.214265,-2.82566,coming to town!  The 2
oracle,4087,Santa Claus is,23.5455,+2.00,5163, coming,0,7.47937,0.432852,5.70832,coming to town!  The jolly old
oracle,4087,Santa Claus is,-23.5455,-2.00,5163, coming,0,18.8169,-0.426857,-5.62925,coming to town!  The 2
md_full,4087,Santa Claus is,0,+0.00,5163, coming,0,13.1877,0,0,coming to town!  The 2
md_full,4087,Santa Claus is,374.635,+0.25,5163, coming,0,10.5548,0.199648,2.6329,"coming to town, and he’s"
md_full,4087,Santa Claus is,-374.635,-0.25,5163, coming,0,12.4864,0.0531782,0.701298,coming to town  He  He
md_full,4087,Santa Claus is,749.271,+0.50,5163, coming,0,7.22353,0.452252,5.96415,"coming to town, and with some planning"
md_full,4087,Santa Claus is,-749.271,-0.50,109,\n\n,0,10.3885,0.212259,2.79921,
md_full,4087,Santa Claus is,1498.54,+1.00,5163, coming,0,3.34067,0.746682,9.84701,coming to their Their Their Their Their Their
md_full,4087,Santa Claus is,-1498.54,-1.00,109,\n\n,0,7.44889,0.435163,5.7388,
md_full,4087,Santa Claus is,2997.08,+2.00,10368, Their,0,0.634531,0.951885,12.5532,Their Their Their Their Their Their Their Their
md_full,4087,Santa Claus is,-2997.08,-2.00,109,\n\n,0,5.13328,0.610752,8.05441,
oracle,3927,Music can actually degrade a person’s ability to think,0,+0.00,235269,",",0,0.475197,0,0,", according to a new study."
oracle,3927,Music can actually degrade a person’s ability to think,0.0810182,+0.25,235269,",",0,0.447624,0.0580236,0.0275726,", according to a new study."
oracle,3927,Music can actually degrade a person’s ability to think,-0.0810182,-0.25,235269,",",0,0.502773,-0.0580316,-0.0275764,", according to a new study."
oracle,3927,Music can actually degrade a person’s ability to think,0.162036,+0.50,235269,",",0,0.420044,0.116063,0.0551529,", according to a new study."
oracle,3927,Music can actually degrade a person’s ability to think,-0.162036,-0.50,235269,",",0,0.530346,-0.116055,-0.0551491,", according to a new study."
oracle,3927,Music can actually degrade a person’s ability to think,0.324073,+1.00,235269,",",0,0.364887,0.232135,0.11031,", according to a new study."
oracle,3927,Music can actually degrade a person’s ability to think,-0.324073,-1.00,235269,",",0,0.585503,-0.232127,-0.110306,", according to a new study."
oracle,3927,Music can actually degrade a person’s ability to think,0.648146,+2.00,235269,",",0,0.254581,0.464261,0.220615,", according to a new study."
oracle,3927,Music can actually degrade a person’s ability to think,-0.648146,-2.00,235269,",",0,0.695816,-0.464269,-0.220619,", according to a new study."
md_full,3927,Music can actually degrade a person’s ability to think,0,+0.00,235269,",",0,0.475197,0,0,", according to a new study."
md_full,3927,Music can actually degrade a person’s ability to think,6.8134,+0.25,235269,",",0,0.514381,-0.0824597,-0.0391846,", according to a new study."
md_full,3927,Music can actually degrade a person’s ability to think,-6.8134,-0.25,235269,",",0,0.436012,0.0824597,0.0391846,", according to a new study."
md_full,3927,Music can actually degrade a person’s ability to think,13.6268,+0.50,235269,",",0,0.553543,-0.164871,-0.0783463,", according to a new study."
md_full,3927,Music can actually degrade a person’s ability to think,-13.6268,-0.50,235269,",",0,0.396843,0.164887,0.0783539,", according to a new study."
md_full,3927,Music can actually degrade a person’s ability to think,27.2536,+1.00,235269,",",0,0.631798,-0.32955,-0.156601,", according to a new study."
md_full,3927,Music can actually degrade a person’s ability to think,-27.2536,-1.00,235269,",",0,0.318577,0.32959,0.15662,", according to a new study."
md_full,3927,Music can actually degrade a person’s ability to think,54.5072,+2.00,235269,",",0,0.78767,-0.657566,-0.312473,", according to a new study."
md_full,3927,Music can actually degrade a person’s ability to think,-54.5072,-2.00,235269,",",0,0.16267,0.657678,0.312527,", according to a new study."
oracle,4423,Wind turbines don't actually capture very much kinetic energy from the,0,+0.00,6785, wind,0,8.55746,0,0,wind. The energy is converted to mechanical
oracle,4423,Wind turbines don't actually capture very much kinetic energy from the,0.972745,+0.25,6785, wind,0,8.15578,0.0469396,0.401684,wind. The energy is converted to mechanical
oracle,4423,Wind turbines don't actually capture very much kinetic energy from the,-0.972745,-0.25,6785, wind,0,8.95914,-0.0469392,-0.40168,wind. The energy is converted to mechanical
oracle,4423,Wind turbines don't actually capture very much kinetic energy from the,1.94549,+0.50,6785, wind,0,7.75409,0.0938792,0.803368,wind. The energy is converted to mechanical
oracle,4423,Wind turbines don't actually capture very much kinetic energy from the,-1.94549,-0.50,6785, wind,0,9.36081,-0.0938774,-0.803352,wind. The energy is converted to mechanical
oracle,4423,Wind turbines don't actually capture very much kinetic energy from the,3.89098,+1.00,6785, wind,0,6.95072,0.187759,1.60674,wind. The energy is converted to mechanical
oracle,4423,Wind turbines don't actually capture very much kinetic energy from the,-3.89098,-1.00,6785, wind,0,10.1642,-0.187753,-1.60669,wind. The wind is moving at
oracle,4423,Wind turbines don't actually capture very much kinetic energy from the,7.78196,+2.00,6785, wind,0,5.34406,0.375509,3.21341,wind. The energy is converted to mechanical
oracle,4423,Wind turbines don't actually capture very much kinetic energy from the,-7.78196,-2.00,6785, wind,0,11.7707,-0.375491,-3.21325,wind. The wind is moving at
md_full,4423,Wind turbines don't actually capture very much kinetic energy from the,0,+0.00,6785, wind,0,8.55746,0,0,wind. The energy is converted to mechanical
md_full,4423,Wind turbines don't actually capture very much kinetic energy from the,105.153,+0.25,6785, wind,0,7.92933,0.0734021,0.628136,wind. They capture only a small fraction
md_full,4423,Wind turbines don't actually capture very much kinetic energy from the,-105.153,-0.25,6785, wind,0,9.05111,-0.0576868,-0.493652,wind.  The wind turbine is a
md_full,4423,Wind turbines don't actually capture very much kinetic energy from the,210.306,+0.50,6785, wind,0,7.19535,0.159173,1.36211,wind. They capture about 10
md_full,4423,Wind turbines don't actually capture very much kinetic energy from the,-210.306,-0.50,6785, wind,0,9.39971,-0.098423,-0.842251,wind.  The wind turbine blades are
md_full,4423,Wind turbines don't actually capture very much kinetic energy from the,420.612,+1.00,6785, wind,0,5.57415,0.348621,2.98331,wind. They capture about 10
md_full,4423,Wind turbines don't actually capture very much kinetic energy from the,-420.612,-1.00,6785, wind,0,9.70405,-0.133987,-1.14659,wind.  Wind turbines  Wind
md_full,4423,Wind turbines don't actually capture very much kinetic energy from the,841.224,+2.00,25313, varying,0,2.64165,0.691305,5.91581,"varying, often varying, varying, varying"
md_full,4423,Wind turbines don't actually capture very much kinetic energy from the,-841.224,-2.00,109,\n\n,0,9.39242,-0.0975707,-0.834957,
oracle,617,The Grand Canyon is located in,0,+0.00,573, the,0,0.734272,0,0,"the state of Arizona, in the United"
oracle,617,The Grand Canyon is located in,0.0692434,+0.25,573, the,0,0.696861,0.0509494,0.0374107,"the state of Arizona, in the United"
oracle,617,The Grand Canyon is located in,-0.0692434,-0.25,573, the,0,0.771671,-0.0509338,-0.0373993,"the state of Arizona, in the United"
oracle,617,The Grand Canyon is located in,0.138487,+0.50,573, the,0,0.659454,0.101894,0.0748177,"the state of Arizona, in the United"
oracle,617,The Grand Canyon is located in,-0.138487,-0.50,573, the,0,0.809078,-0.101878,-0.0748062,"the state of Arizona, in the United"
oracle,617,The Grand Canyon is located in,0.276974,+1.00,573, the,0,0.584637,0.203787,0.149635,"the state of Arizona, in the United"
oracle,617,The Grand Canyon is located in,-0.276974,-1.00,573, the,0,0.883888,-0.203761,-0.149616,"the state of Arizona, in the United"
oracle,617,The Grand Canyon is located in,0.553947,+2.00,573, the,0,0.434998,0.40758,0.299274,"the state of Arizona, United States."
oracle,617,The Grand Canyon is located in,-0.553947,-2.00,573, the,0,1.0335,-0.407523,-0.299232,"the state of Arizona, in the United"
md_full,617,The Grand Canyon is located in,0,+0.00,573, the,0,0.734272,0,0,"the state of Arizona, in the United"
md_full,617,The Grand Canyon is located in,11.1332,+0.25,573, the,0,0.706524,0.03779,0.0277481,"the state of Arizona, in the United"
md_full,617,The Grand Canyon is located in,-11.1332,-0.25,573, the,0,0.761806,-0.037499,-0.0275345,"the state of Arizona, in the United"
md_full,617,The Grand Canyon is located in,22.2663,+0.50,573, the,0,0.678608,0.0758085,0.0556641,"the state of Arizona, in the United"
md_full,617,The Grand Canyon is located in,-22.2663,-0.50,573, the,0,0.789131,-0.0747123,-0.0548592,"the state of Arizona, United States."
md_full,617,The Grand Canyon is located in,44.5326,+1.00,573, the,0,0.622307,0.152485,0.111965,"the state of Arizona, in the United"
md_full,617,The Grand Canyon is located in,-44.5326,-1.00,573, the,0,0.843067,-0.148167,-0.108795,"the state of Arizona, United States."
md_full,617,The Grand Canyon is located in,89.0653,+2.00,573, the,0,0.508419,0.307588,0.225853,"the state of Arizona, in the United"
md_full,617,The Grand Canyon is located in,-89.0653,-2.00,573, the,0,0.947575,-0.290495,-0.213303,"the state of Arizona, United States."
jtw_legacy,617,The Grand Canyon is located in,0,+0.00,573, the,0,0.734272,0,0,"the state of Arizona, in the United"
jtw_legacy,617,The Grand Canyon is located in,0.0692434,+0.25,573, the,0,0.734901,-0.00085721,-0.000629425,"the state of Arizona, in the United"
jtw_legacy,617,The Grand Canyon is located in,-0.0692434,-0.25,573, the,0,0.733631,0.000872795,0.000640869,"the state of Arizona, in the United"
jtw_legacy,617,The Grand Canyon is located in,0.138487,+0.50,573, the,0,0.735535,-0.00171961,-0.00126266,"the state of Arizona, in the United"
jtw_legacy,617,The Grand Canyon is located in,-0.138487,-0.50,573, the,0,0.73299,0.00174559,0.00128174,"the state of Arizona, in the United"
jtw_legacy,617,The Grand Canyon is located in,0.276974,+1.00,573, the,0,0.736824,-0.0034756,-0.00255203,"the state of Arizona, in the United"
jtw_legacy,617,The Grand Canyon is located in,-0.276974,-1.00,573, the,0,0.731716,0.00348079,0.00255585,"the state of Arizona, in the United"
jtw_legacy,617,The Grand Canyon is located in,0.553947,+2.00,573, the,0,0.739368,-0.0069408,-0.00509644,"the state of Arizona, in the United"
jtw_legacy,617,The Grand Canyon is located in,-0.553947,-2.00,573, the,0,0.72916,0.00696158,0.00511169,"the state of Arizona, in the United"
oracle,2766,"In some languages, the syllable ‘ma’ has the power to calm crying",0,+0.00,25675, babies,0,4.65372,0,0,"babies. In others, it’s"
oracle,2766,"In some languages, the syllable ‘ma’ has the power to calm crying",0.637707,+0.25,25675, babies,0,4.41642,0.0509909,0.237297,"babies. In others, it’s"
oracle,2766,"In some languages, the syllable ‘ma’ has the power to calm crying",-0.637707,-0.25,25675, babies,0,4.89102,-0.0509925,-0.237305,"babies. In others, it’s"
oracle,2766,"In some languages, the syllable ‘ma’ has the power to calm crying",1.27541,+0.50,25675, babies,0,4.17915,0.101976,0.474567,"babies. In others, it’s"
oracle,2766,"In some languages, the syllable ‘ma’ has the power to calm crying",-1.27541,-0.50,25675, babies,0,5.12835,-0.101989,-0.474628,"babies. In others, it’s"
oracle,2766,"In some languages, the syllable ‘ma’ has the power to calm crying",2.55083,+1.00,25675, babies,0,3.70466,0.203936,0.949059,"babies. In others, it’s"
oracle,2766,"In some languages, the syllable ‘ma’ has the power to calm crying",-2.55083,-1.00,25675, babies,0,5.60304,-0.203993,-0.949326,"babies. In others, it’s"
oracle,2766,"In some languages, the syllable ‘ma’ has the power to calm crying",5.10166,+2.00,25675, babies,0,2.75591,0.407804,1.8978,"babies. In others, it’s"
oracle,2766,"In some languages, the syllable ‘ma’ has the power to calm crying",-5.10166,-2.00,25675, babies,0,6.55263,-0.408043,-1.89891,"babies. In others, it’s"
md_full,2766,"In some languages, the syllable ‘ma’ has the power to calm crying",0,+0.00,25675, babies,0,4.65372,0,0,"babies. In others, it’s"
md_full,2766,"In some languages, the syllable ‘ma’ has the power to calm crying",18.0293,+0.25,25675, babies,0,4.95501,-0.0647415,-0.301289,"babies. In others, it’s"
md_full,2766,"In some languages, the syllable ‘ma’ has the power to calm crying",-18.0293,-0.25,25675, babies,0,4.35069,0.0651145,0.303024,"babies. In others, it is the"
md_full,2766,"In some languages, the syllable ‘ma’ has the power to calm crying",36.0586,+0.50,25675, babies,0,5.25409,-0.129008,-0.600368,"babies. In others, it’s"
md_full,2766,"In some languages, the syllable ‘ma’ has the power to calm crying",-36.0586,-0.50,25675, babies,0,4.04642,0.130497,0.607296,"babies. In others, it is the"
md_full,2766,"In some languages, the syllable ‘ma’ has the power to calm crying",72.1172,+1.00,25675, babies,0,5.84375,-0.255716,-1.19003,"babies. In others, it’s"
md_full,2766,"In some languages, the syllable ‘ma’ has the power to calm crying",-72.1172,-1.00,25675, babies,0,3.43608,0.261647,1.21763,"babies.  In the UK, the"
md_full,2766,"In some languages, the syllable ‘ma’ has the power to calm crying",144.234,+2.00,25675, babies,0,6.97683,-0.499194,-2.32311,"babies. In others, it’s"
md_full,2766,"In some languages, the syllable ‘ma’ has the power to calm crying",-144.234,-2.00,25675, babies,0,2.22142,0.522656,2.43229,"babies.  In the Philippines, the"
oracle,2919,The hottest chili in the world is the Trinidad Moruga,0,+0.00,133824, Scorpion,0,5.43183,0,0,"Scorpion, which is so hot that it"
oracle,2919,The hottest chili in the world is the Trinidad Moruga,1.06593,+0.25,133824, Scorpion,0,5.12027,0.0573581,0.31156,"Scorpion, which is so hot that it"
oracle,2919,The hottest chili in the world is the Trinidad Moruga,-1.06593,-0.25,133824, Scorpion,0,5.74339,-0.0573574,-0.311556,"Scorpion, which is so hot that it"
oracle,2919,The hottest chili in the world is the Trinidad Moruga,2.13186,+0.50,133824, Scorpion,0,4.80869,0.114721,0.623142,"Scorpion, which is so hot that it"
oracle,2919,The hottest chili in the world is the Trinidad Moruga,-2.13186,-0.50,133824, Scorpion,0,6.05493,-0.114712,-0.623096,"Scorpion, which is so hot that it"
oracle,2919,The hottest chili in the world is the Trinidad Moruga,4.26373,+1.00,133824, Scorpion,0,4.18552,0.229446,1.24631,Scorpion. It is so hot that it
oracle,2919,The hottest chili in the world is the Trinidad Moruga,-4.26373,-1.00,133824, Scorpion,0,6.67796,-0.229412,-1.24613,"Scorpion, which is so hot that it"
oracle,2919,The hottest chili in the world is the Trinidad Moruga,8.52745,+2.00,133824, Scorpion,0,2.93916,0.4589,2.49267,Scorpion. It is so hot that it
oracle,2919,The hottest chili in the world is the Trinidad Moruga,-8.52745,-2.00,133824, Scorpion,0,7.92377,-0.458767,-2.49194,"Scorpion, which is so hot that it"
md_full,2919,The hottest chili in the world is the Trinidad Moruga,0,+0.00,133824, Scorpion,0,5.43183,0,0,"Scorpion, which is so hot that it"
md_full,2919,The hottest chili in the world is the Trinidad Moruga,173.7,+0.25,133824, Scorpion,0,5.05482,0.069408,0.377012,"Scorpion, which is so hot that it"
md_full,2919,The hottest chili in the world is the Trinidad Moruga,-173.7,-0.25,133824, Scorpion,0,5.49569,-0.011757,-0.0638618,Scorpion.  It is so hot that
md_full,2919,The hottest chili in the world is the Trinidad Moruga,347.4,+0.50,133824, Scorpion,0,4.45892,0.179113,0.972912,"Scorpion, which is so hot that it"
md_full,2919,The hottest chili in the world is the Trinidad Moruga,-347.4,-0.50,109,\n\n,0,5.29279,0.0255973,0.13904,The
md_full,2919,The hottest chili in the world is the Trinidad Moruga,694.8,+1.00,235269,",",0,3.1797,0.414617,2.25213,", which is a species of Capsa"
md_full,2919,The hottest chili in the world is the Trinidad Moruga,-694.8,-1.00,109,\n\n,0,4.57035,0.158598,0.861475,
md_full,2919,The hottest chili in the world is the Trinidad Moruga,1389.6,+2.00,2365, They,0,1.5365,0.71713,3.89533,They They They They They They They They
md_full,2919,The hottest chili in the world is the Trinidad Moruga,-1389.6,-2.00,109,\n\n,0,3.39008,0.375887,2.04175,
oracle,779,NASA astronauts have brought soil and rocks from the moon to,0,+0.00,10379, Earth,0,6.53743,0,0,Earth for the first time in 4
oracle,779,NASA astronauts have brought soil and rocks from the moon to,0.600056,+0.25,10379, Earth,0,6.22462,0.0478495,0.312813,Earth for the first time in 4
oracle,779,NASA astronauts have brought soil and rocks from the moon to,-0.600056,-0.25,10379, Earth,0,6.85027,-0.0478524,-0.312832,Earth for the first time in 4
oracle,779,NASA astronauts have brought soil and rocks from the moon to,1.20011,+0.50,10379, Earth,0,5.91183,0.095696,0.625607,Earth for the first time in 4
oracle,779,NASA astronauts have brought soil and rocks from the moon to,-1.20011,-0.50,10379, Earth,0,7.16312,-0.0957083,-0.625687,Earth for the first time in 4
oracle,779,NASA astronauts have brought soil and rocks from the moon to,2.40022,+1.00,10379, Earth,0,5.28632,0.191377,1.25111,Earth for the first time in 4
oracle,779,NASA astronauts have brought soil and rocks from the moon to,-2.40022,-1.00,10379, Earth,0,7.78889,-0.19143,-1.25146,Earth for the first time in 4
oracle,779,NASA astronauts have brought soil and rocks from the moon to,4.80044,+2.00,10379, Earth,0,4.03559,0.382695,2.50184,Earth for the first time in 4
oracle,779,NASA astronauts have brought soil and rocks from the moon to,-4.80044,-2.00,10379, Earth,0,9.04068,-0.38291,-2.50325,Earth for the first time in 4
md_full,779,NASA astronauts have brought soil and rocks from the moon to,0,+0.00,10379, Earth,0,6.53743,0,0,Earth for the first time in 4
md_full,779,NASA astronauts have brought soil and rocks from the moon to,60.5323,+0.25,10379, Earth,0,6.87116,-0.0510483,-0.333725,Earth for the first time in 4
md_full,779,NASA astronauts have brought soil and rocks from the moon to,-60.5323,-0.25,10379, Earth,0,6.16517,0.056943,0.372261,Earth for the first time in 4
md_full,779,NASA astronauts have brought soil and rocks from the moon to,121.065,+0.50,10379, Earth,0,7.16147,-0.0954556,-0.624035,Earth for the first time in 4
md_full,779,NASA astronauts have brought soil and rocks from the moon to,-121.065,-0.50,10379, Earth,0,5.76129,0.118723,0.776142,Earth for the first time in 4
md_full,779,NASA astronauts have brought soil and rocks from the moon to,242.129,+1.00,10379, Earth,0,7.60401,-0.163149,-1.06658,Earth for the first time in 4
md_full,779,NASA astronauts have brought soil and rocks from the moon to,-242.129,-1.00,10379, Earth,0,4.89243,0.251629,1.64501,Earth for the first time in 4
md_full,779,NASA astronauts have brought soil and rocks from the moon to,484.258,+2.00,10379, Earth,0,7.9929,-0.222636,-1.45547,Earth for the first time in nearly
md_full,779,NASA astronauts have brought soil and rocks from the moon to,-484.258,-2.00,109,\n\n,0,3.14161,0.519443,3.39583,
jtw_legacy,779,NASA astronauts have brought soil and rocks from the moon to,0,+0.00,10379, Earth,0,6.53743,0,0,Earth for the first time in 4
jtw_legacy,779,NASA astronauts have brought soil and rocks from the moon to,0.600056,+0.25,10379, Earth,0,6.54488,-0.00113844,-0.00744247,Earth for the first time in 4
jtw_legacy,779,NASA astronauts have brought soil and rocks from the moon to,-0.600056,-0.25,10379, Earth,0,6.52999,0.00113902,0.00744629,Earth for the first time in 4
jtw_legacy,779,NASA astronauts have brought soil and rocks from the moon to,1.20011,+0.50,10379, Earth,0,6.55232,-0.00227688,-0.0148849,Earth for the first time in 4
jtw_legacy,779,NASA astronauts have brought soil and rocks from the moon to,-1.20011,-0.50,10379, Earth,0,6.52253,0.00227921,0.0149002,Earth for the first time in 4
jtw_legacy,779,NASA astronauts have brought soil and rocks from the moon to,2.40022,+1.00,10379, Earth,0,6.56719,-0.00455142,-0.0297546,Earth for the first time in 4
jtw_legacy,779,NASA astronauts have brought soil and rocks from the moon to,-2.40022,-1.00,10379, Earth,0,6.50761,0.00456134,0.0298195,Earth for the first time in 4
jtw_legacy,779,NASA astronauts have brought soil and rocks from the moon to,4.80044,+2.00,10379, Earth,0,6.59689,-0.00909526,-0.0594597,Earth for the first time in 4
jtw_legacy,779,NASA astronauts have brought soil and rocks from the moon to,-4.80044,-2.00,10379, Earth,0,6.47775,0.00912969,0.0596848,Earth for the first time in 4
oracle,4195,The lowest tuition rates tend to correlate with the lowest post-graduation,0,+0.00,40646, salaries,0,0.641426,0,0,salaries.  The average salary for a
oracle,4195,The lowest tuition rates tend to correlate with the lowest post-graduation,0.0833091,+0.25,40646, salaries,0,0.610115,0.0488147,0.031311,salaries.  The average salary for a
oracle,4195,The lowest tuition rates tend to correlate with the lowest post-graduation,-0.0833091,-0.25,40646, salaries,0,0.672749,-0.0488326,-0.0313225,salaries.  The average salary for a
oracle,4195,The lowest tuition rates tend to correlate with the lowest post-graduation,0.166618,+0.50,40646, salaries,0,0.5788,0.0976354,0.0626259,salaries.  The average salary for a
oracle,4195,The lowest tuition rates tend to correlate with the lowest post-graduation,-0.166618,-0.50,40646, salaries,0,0.704063,-0.0976532,-0.0626373,salaries.  The average salary for a
oracle,4195,The lowest tuition rates tend to correlate with the lowest post-graduation,0.333237,+1.00,40646, salaries,0,0.516167,0.195283,0.125259,salaries.  The average salary for a
oracle,4195,The lowest tuition rates tend to correlate with the lowest post-graduation,-0.333237,-1.00,40646, salaries,0,0.766693,-0.195295,-0.125267,salaries.  The average salary for a
oracle,4195,The lowest tuition rates tend to correlate with the lowest post-graduation,0.666473,+2.00,40646, salaries,0,0.390903,0.390571,0.250523,salaries.  The average salary for a
oracle,4195,The lowest tuition rates tend to correlate with the lowest post-graduation,-0.666473,-2.00,40646, salaries,0,0.891964,-0.390595,-0.250538,salaries.  The average salary for a
md_full,4195,The lowest tuition rates tend to correlate with the lowest post-graduation,0,+0.00,40646, salaries,0,0.641426,0,0,salaries.  The average salary for a
md_full,4195,The lowest tuition rates tend to correlate with the lowest post-graduation,7.92967,+0.25,40646, salaries,0,0.603909,0.0584908,0.0375175,salaries.  The average salary for a
md_full,4195,The lowest tuition rates tend to correlate with the lowest post-graduation,-7.92967,-0.25,40646, salaries,0,0.678886,-0.0584016,-0.0374603,salaries.  The average salary for a
md_full,4195,The lowest tuition rates tend to correlate with the lowest post-graduation,15.8593,+0.50,40646, salaries,0,0.566334,0.117071,0.0750923,salaries.  The average salary for a
md_full,4195,The lowest tuition rates tend to correlate with the lowest post-graduation,-15.8593,-0.50,40646, salaries,0,0.716267,-0.116678,-0.0748405,salaries.  The average salary for a
md_full,4195,The lowest tuition rates tend to correlate with the lowest post-graduation,31.7187,+1.00,40646, salaries,0,0.491051,0.234439,0.150375,salaries.  The average salary for a
md_full,4195,The lowest tuition rates tend to correlate with the lowest post-graduation,-31.7187,-1.00,40646, salaries,0,0.790752,-0.232804,-0.149326,salaries.  The average salary for a
md_full,4195,The lowest tuition rates tend to correlate with the lowest post-graduation,63.4373,+2.00,40646, salaries,0,0.340267,0.469515,0.301159,salaries.  The average salary for a
md_full,4195,The lowest tuition rates tend to correlate with the lowest post-graduation,-63.4373,-2.00,40646, salaries,0,0.938377,-0.462955,-0.296951,salaries.  The average salary for a
jtw_legacy,4195,The lowest tuition rates tend to correlate with the lowest post-graduation,0,+0.00,40646, salaries,0,0.641426,0,0,salaries.  The average salary for a
jtw_legacy,4195,The lowest tuition rates tend to correlate with the lowest post-graduation,0.0833091,+0.25,40646, salaries,0,0.640739,0.0010705,0.000686646,salaries.  The average salary for a
jtw_legacy,4195,The lowest tuition rates tend to correlate with the lowest post-graduation,-0.0833091,-0.25,40646, salaries,0,0.642124,-0.00108834,-0.00069809,salaries.  The average salary for a
jtw_legacy,4195,The lowest tuition rates tend to correlate with the lowest post-graduation,0.166618,+0.50,40646, salaries,0,0.640041,0.00215884,0.00138474,salaries.  The average salary for a
jtw_legacy,4195,The lowest tuition rates tend to correlate with the lowest post-graduation,-0.166618,-0.50,40646, salaries,0,0.642818,-0.00217073,-0.00139236,salaries.  The average salary for a
jtw_legacy,4195,The lowest tuition rates tend to correlate with the lowest post-graduation,0.333237,+1.00,40646, salaries,0,0.638657,0.00431768,0.00276947,salaries.  The average salary for a
jtw_legacy,4195,The lowest tuition rates tend to correlate with the lowest post-graduation,-0.333237,-1.00,40646, salaries,0,0.644207,-0.00433552,-0.00278091,salaries.  The average salary for a
jtw_legacy,4195,The lowest tuition rates tend to correlate with the lowest post-graduation,0.666473,+2.00,40646, salaries,0,0.635883,0.0086413,0.00554276,salaries.  The average salary for a
jtw_legacy,4195,The lowest tuition rates tend to correlate with the lowest post-graduation,-0.666473,-2.00,40646, salaries,0,0.64698,-0.00865914,-0.0055542,salaries.  The average salary for a
oracle,1010,The surface of Mars has been studied by rovers sent from,0,+0.00,10379, Earth,0,7.18372,0,0,Earth. The surface is made up of
oracle,1010,The surface of Mars has been studied by rovers sent from,1.76318,+0.25,10379, Earth,0,6.84773,0.0467701,0.335983,Earth. The surface is made up of
oracle,1010,The surface of Mars has been studied by rovers sent from,-1.76318,-0.25,10379, Earth,0,7.51963,-0.0467606,-0.335915,Earth. The surface is made up of
oracle,1010,The surface of Mars has been studied by rovers sent from,3.52635,+0.50,10379, Earth,0,6.5117,0.0935477,0.67202,Earth. The surface is made up of
oracle,1010,The surface of Mars has been studied by rovers sent from,-3.52635,-0.50,10379, Earth,0,7.85547,-0.093511,-0.671757,Earth. The surface is made up of
oracle,1010,The surface of Mars has been studied by rovers sent from,7.05271,+1.00,10379, Earth,0,5.83944,0.187128,1.34427,Earth. The surface is made up of
oracle,1010,The surface of Mars has been studied by rovers sent from,-7.05271,-1.00,10379, Earth,0,8.52695,-0.186983,-1.34323,Earth. The surface is made up of
oracle,1010,The surface of Mars has been studied by rovers sent from,14.1054,+2.00,10379, Earth,0,4.49439,0.374364,2.68932,Earth. The surface is very dry and
oracle,1010,The surface of Mars has been studied by rovers sent from,-14.1054,-2.00,10379, Earth,0,9.86886,-0.373782,-2.68515,Earth. The surface is made up of
md_full,1010,The surface of Mars has been studied by rovers sent from,0,+0.00,10379, Earth,0,7.18372,0,0,Earth. The surface is made up of
md_full,1010,The surface of Mars has been studied by rovers sent from,47.8044,+0.25,10379, Earth,0,7.66432,-0.0669022,-0.480606,Earth. The surface is very dry and
md_full,1010,The surface of Mars has been studied by rovers sent from,-47.8044,-0.25,10379, Earth,0,6.68174,0.0698775,0.50198,Earth. The surface is made up of
md_full,1010,The surface of Mars has been studied by rovers sent from,95.6089,+0.50,10379, Earth,0,8.11939,-0.130249,-0.935673,Earth. The surface is composed of a
md_full,1010,The surface of Mars has been studied by rovers sent from,-95.6089,-0.50,10379, Earth,0,6.16309,0.142075,1.02063,Earth.  The surface of Mars has
md_full,1010,The surface of Mars has been studied by rovers sent from,191.218,+1.00,10379, Earth,0,8.94016,-0.244503,-1.75644,"Earth. One of these rovers,"
md_full,1010,The surface of Mars has been studied by rovers sent from,-191.218,-1.00,10379, Earth,0,5.09621,0.290589,2.08751,Earth.  The surface of Mars has
md_full,1010,The surface of Mars has been studied by rovers sent from,382.436,+2.00,10379, Earth,0,10.1843,-0.417695,-3.0006,"Earth. One of these rovers,"
md_full,1010,The surface of Mars has been studied by rovers sent from,-382.436,-2.00,109,\n\n,0,2.98119,0.585008,4.20253,
jtw_legacy,1010,The surface of Mars has been studied by rovers sent from,0,+0.00,10379, Earth,0,7.18372,0,0,Earth. The surface is made up of
jtw_legacy,1010,The surface of Mars has been studied by rovers sent from,1.76318,+0.25,10379, Earth,0,7.18964,-0.000825205,-0.00592804,Earth. The surface is made up of
jtw_legacy,1010,The surface of Mars has been studied by rovers sent from,-1.76318,-0.25,10379, Earth,0,7.17776,0.000828922,0.00595474,Earth. The surface is made up of
jtw_legacy,1010,The surface of Mars has been studied by rovers sent from,3.52635,+0.50,10379, Earth,0,7.19553,-0.0016451,-0.0118179,Earth. The surface is made up of
jtw_legacy,1010,The surface of Mars has been studied by rovers sent from,-3.52635,-0.50,10379, Earth,0,7.17178,0.00166209,0.01194,Earth. The surface is made up of
jtw_legacy,1010,The surface of Mars has been studied by rovers sent from,7.05271,+1.00,10379, Earth,0,7.20724,-0.0032748,-0.0235252,Earth. The surface is made up of
jtw_legacy,1010,The surface of Mars has been studied by rovers sent from,-7.05271,-1.00,10379, Earth,0,7.15973,0.00333959,0.0239906,Earth. The surface is made up of
jtw_legacy,1010,The surface of Mars has been studied by rovers sent from,14.1054,+2.00,10379, Earth,0,7.23029,-0.00648322,-0.0465736,Earth. The surface is made up of
jtw_legacy,1010,The surface of Mars has been studied by rovers sent from,-14.1054,-2.00,10379, Earth,0,7.13527,0.00674395,0.0484467,Earth. The surface is made up of
oracle,1096,Some species of spiders can survive being submerged in water for several,0,+0.00,3763, hours,0,0.161786,0,0,hours. What adaptations may have enabled spiders
oracle,1096,Some species of spiders can survive being submerged in water for several,0.0240197,+0.25,3763, hours,0,0.154577,0.0445578,0.00720882,hours. What adaptations may have enabled spiders
oracle,1096,Some species of spiders can survive being submerged in water for several,-0.0240197,-0.25,3763, hours,0,0.168998,-0.0445754,-0.00721169,hours. What adaptations may have enabled spiders
oracle,1096,Some species of spiders can survive being submerged in water for several,0.0480394,+0.50,3763, hours,0,0.147365,0.0891391,0.0144215,hours. What adaptations may have enabled spiders
oracle,1096,Some species of spiders can survive being submerged in water for several,-0.0480394,-0.50,3763, hours,0,0.176208,-0.089145,-0.0144224,hours. What adaptations may have enabled spiders
oracle,1096,Some species of spiders can survive being submerged in water for several,0.0960788,+1.00,3763, hours,0,0.132944,0.178272,0.028842,hours. What adaptations may have enabled spiders
oracle,1096,Some species of spiders can survive being submerged in water for several,-0.0960788,-1.00,3763, hours,0,0.190628,-0.178272,-0.028842,hours. What adaptations may have enabled spiders
oracle,1096,Some species of spiders can survive being submerged in water for several,0.192158,+2.00,3763, hours,0,0.104103,0.356539,0.057683,hours. What adaptations may have enabled spiders
oracle,1096,Some species of spiders can survive being submerged in water for several,-0.192158,-2.00,3763, hours,0,0.219469,-0.356539,-0.057683,hours. What adaptations may have enabled spiders
md_full,1096,Some species of spiders can survive being submerged in water for several,0,+0.00,3763, hours,0,0.161786,0,0,hours. What adaptations may have enabled spiders
md_full,1096,Some species of spiders can survive being submerged in water for several,1.84252,+0.25,3763, hours,0,0.172387,-0.0655251,-0.010601,hours. What adaptations may have enabled spiders
md_full,1096,Some species of spiders can survive being submerged in water for several,-1.84252,-0.25,3763, hours,0,0.151181,0.0655486,0.0106049,hours. What adaptations may have enabled spiders
md_full,1096,Some species of spiders can survive being submerged in water for several,3.68504,+0.50,3763, hours,0,0.182987,-0.131044,-0.0212011,hours. What adaptations may have enabled spiders
md_full,1096,Some species of spiders can survive being submerged in water for several,-3.68504,-0.50,3763, hours,0,0.140573,0.131121,0.0212135,hours. What adaptations may have enabled spiders
md_full,1096,Some species of spiders can survive being submerged in water for several,7.37008,+1.00,3763, hours,0,0.204174,-0.262,-0.042388,hours. What adaptations may have enabled spiders
md_full,1096,Some species of spiders can survive being submerged in water for several,-7.37008,-1.00,3763, hours,0,0.119348,0.262312,0.0424385,hours. What adaptations may have enabled spiders
md_full,1096,Some species of spiders can survive being submerged in water for several,14.7402,+2.00,3763, hours,0,0.246499,-0.523611,-0.084713,hours. What adaptations may have enabled spiders
md_full,1096,Some species of spiders can survive being submerged in water for several,-14.7402,-2.00,3763, hours,0,0.0768661,0.52489,0.0849199,hours. What adaptations may have enabled spiders
oracle,502,Cows sweat through the pores in between the hairs on the,0,+0.00,5239, skin,0,0.988262,0,0,skin. The sweat is then absorbed by
oracle,502,Cows sweat through the pores in between the hairs on the,0.103587,+0.25,5239, skin,0,0.942181,0.0466289,0.0460815,skin. The sweat is then absorbed by
oracle,502,Cows sweat through the pores in between the hairs on the,-0.103587,-0.25,5239, skin,0,1.03434,-0.0466269,-0.0460796,skin. The sweat is then absorbed by
oracle,502,Cows sweat through the pores in between the hairs on the,0.207173,+0.50,5239, skin,0,0.896105,0.0932519,0.0921574,skin. The sweat is then absorbed by
oracle,502,Cows sweat through the pores in between the hairs on the,-0.207173,-0.50,5239, skin,0,1.08042,-0.09325,-0.0921555,skin. The sweat is then absorbed by
oracle,502,Cows sweat through the pores in between the hairs on the,0.414346,+1.00,5239, skin,0,0.803955,0.186496,0.184307,skin. The sweat is then absorbed by
oracle,502,Cows sweat through the pores in between the hairs on the,-0.414346,-1.00,5239, skin,0,1.17258,-0.18651,-0.18432,skin. The sweat is then absorbed by
oracle,502,Cows sweat through the pores in between the hairs on the,0.828692,+2.00,5239, skin,0,0.619648,0.372992,0.368614,skin. The sweat is then absorbed by
oracle,502,Cows sweat through the pores in between the hairs on the,-0.828692,-2.00,5239, skin,0,1.3569,-0.373015,-0.368637,skin. The sweat is then absorbed by
md_full,502,Cows sweat through the pores in between the hairs on the,0,+0.00,5239, skin,0,0.988262,0,0,skin. The sweat is then absorbed by
md_full,502,Cows sweat through the pores in between the hairs on the,1839.54,+0.25,1024, their,0,1.04043,-0.0527856,-0.052166,their their their their their their their their
md_full,502,Cows sweat through the pores in between the hairs on the,-1839.54,-0.25,109,\n\n,0,-0.190523,1.19279,1.17879,
md_full,502,Cows sweat through the pores in between the hairs on the,3679.08,+0.50,10368, Their,0,0.887252,0.10221,0.10101,Their Their Their Their Their Their Their Their
md_full,502,Cows sweat through the pores in between the hairs on the,-3679.08,-0.50,109,\n\n,0,-0.429451,1.43455,1.41771,
md_full,502,Cows sweat through the pores in between the hairs on the,7358.17,+1.00,10368, Their,0,0.787354,0.203295,0.200909,Their Their Their Their Their Their Their Their
md_full,502,Cows sweat through the pores in between the hairs on the,-7358.17,-1.00,109,\n\n,0,-0.553717,1.56029,1.54198,
md_full,502,Cows sweat through the pores in between the hairs on the,14716.3,+2.00,10368, Their,0,0.732405,0.258896,0.255857,Their Their Their Their Their Their Their Their
md_full,502,Cows sweat through the pores in between the hairs on the,-14716.3,-2.00,109,\n\n,0,-0.61497,1.62227,1.60323,
oracle,3128,There is a single pair of matched chopsticks in the Sistine,0,+0.00,36009, Chapel,0,5.11613,0,0,Chapel.  The Vatican has been in
oracle,3128,There is a single pair of matched chopsticks in the Sistine,1.09354,+0.25,36009, Chapel,0,4.88614,0.0449535,0.229988,Chapel.  The Vatican has been trying
oracle,3128,There is a single pair of matched chopsticks in the Sistine,-1.09354,-0.25,36009, Chapel,0,5.34608,-0.0449464,-0.229952,Chapel.  The Vatican has been in
oracle,3128,There is a single pair of matched chopsticks in the Sistine,2.18709,+0.50,36009, Chapel,0,4.65613,0.0899126,0.460005,Chapel.  The Vatican has been trying
oracle,3128,There is a single pair of matched chopsticks in the Sistine,-2.18709,-0.50,36009, Chapel,0,5.576,-0.0898858,-0.459867,Chapel.  The Vatican has been in
oracle,3128,There is a single pair of matched chopsticks in the Sistine,4.37418,+1.00,36009, Chapel,0,4.19599,0.179851,0.920141,Chapel.  The Vatican has been trying
oracle,3128,There is a single pair of matched chopsticks in the Sistine,-4.37418,-1.00,36009, Chapel,0,6.03572,-0.179744,-0.919592,Chapel.  The pair of chopsticks were
oracle,3128,There is a single pair of matched chopsticks in the Sistine,8.74835,+2.00,36009, Chapel,0,3.27537,0.359795,1.84076,Chapel.  The Vatican has been trying
oracle,3128,There is a single pair of matched chopsticks in the Sistine,-8.74835,-2.00,36009, Chapel,0,6.95471,-0.359368,-1.83857,Chapel.  The pair of chopsticks were
md_full,3128,There is a single pair of matched chopsticks in the Sistine,0,+0.00,36009, Chapel,0,5.11613,0,0,Chapel.  The Vatican has been in
md_full,3128,There is a single pair of matched chopsticks in the Sistine,473.225,+0.25,36009, Chapel,0,5.26589,-0.0292716,-0.149757,Chapel. They are a pair of chopsticks
md_full,3128,There is a single pair of matched chopsticks in the Sistine,-473.225,-0.25,109,\n\n,0,3.84833,0.247805,1.2678,
md_full,3128,There is a single pair of matched chopsticks in the Sistine,946.451,+0.50,5707, Table,0,4.64552,0.0919868,0.470617,"Table, which is a pair of their"
md_full,3128,There is a single pair of matched chopsticks in the Sistine,-946.451,-0.50,109,\n\n,0,2.513,0.508808,2.60313,
md_full,3128,There is a single pair of matched chopsticks in the Sistine,1892.9,+1.00,10368, Their,0,3.5311,0.309812,1.58504,Their Their Their Their Their Their Their Their
md_full,3128,There is a single pair of matched chopsticks in the Sistine,-1892.9,-1.00,109,\n\n,0,0.965326,0.811317,4.15081,
md_full,3128,There is a single pair of matched chopsticks in the Sistine,3785.8,+2.00,10368, Their,0,2.57418,0.49685,2.54195,Their Their Their Their Their Their Their Their
md_full,3128,There is a single pair of matched chopsticks in the Sistine,-3785.8,-2.00,109,\n\n,0,-0.143799,1.02811,5.25993,
oracle,4041,"Currently, all hairs on humans' heads are pointing",0,+0.00,575, in,0,7.59642,0,0,in the same direction. But what if
oracle,4041,"Currently, all hairs on humans' heads are pointing",1.10928,+0.25,575, in,0,7.29248,0.0400109,0.30394,in the same direction. But what if
oracle,4041,"Currently, all hairs on humans' heads are pointing",-1.10928,-0.25,575, in,0,7.90032,-0.0400057,-0.3039,in the same direction. But what if
oracle,4041,"Currently, all hairs on humans' heads are pointing",2.21857,+0.50,575, in,0,6.98849,0.0800289,0.607933,in the same direction. But what if
oracle,4041,"Currently, all hairs on humans' heads are pointing",-2.21857,-0.50,575, in,0,8.20417,-0.0800045,-0.607748,in the same direction. But what if
oracle,4041,"Currently, all hairs on humans' heads are pointing",4.43713,+1.00,575, in,0,6.38035,0.160084,1.21607,in the same direction. But what if
oracle,4041,"Currently, all hairs on humans' heads are pointing",-4.43713,-1.00,575, in,0,8.8117,-0.159981,-1.21528,in the same direction. But what if
oracle,4041,"Currently, all hairs on humans' heads are pointing",8.87426,+2.00,575, in,0,5.16356,0.320264,2.43286,in the same direction. But what if
oracle,4041,"Currently, all hairs on humans' heads are pointing",-8.87426,-2.00,575, in,0,10.0261,-0.319847,-2.4297,in the same direction. But what if
md_full,4041,"Currently, all hairs on humans' heads are pointing",0,+0.00,575, in,0,7.59642,0,0,in the same direction. But what if
md_full,4041,"Currently, all hairs on humans' heads are pointing",66.6181,+0.25,575, in,0,8.01423,-0.0550015,-0.417814,in the same direction. But what if
md_full,4041,"Currently, all hairs on humans' heads are pointing",-66.6181,-0.25,575, in,0,7.14572,0.0593304,0.450699,in the same direction. But what if
md_full,4041,"Currently, all hairs on humans' heads are pointing",133.236,+0.50,575, in,0,8.39303,-0.104867,-0.796612,in the same direction. But what if
md_full,4041,"Currently, all hairs on humans' heads are pointing",-133.236,-0.50,575, in,0,6.6695,0.122021,0.926924,in the same direction.  But what
md_full,4041,"Currently, all hairs on humans' heads are pointing",266.473,+1.00,575, in,0,9.01773,-0.187103,-1.42131,"in the same direction. However, in"
md_full,4041,"Currently, all hairs on humans' heads are pointing",-266.473,-1.00,575, in,0,5.67275,0.253233,1.92367,in the same direction.  But what
md_full,4041,"Currently, all hairs on humans' heads are pointing",532.945,+2.00,575, in,0,9.72838,-0.280653,-2.13196,"in the same direction. However, some"
md_full,4041,"Currently, all hairs on humans' heads are pointing",-532.945,-2.00,109,\n\n,0,3.70646,0.512078,3.88996,
oracle,3170,Temperatures finally cool off when the sun is,0,+0.00,1706, down,0,0.365055,0,0,"down, and the air is crisp and"
oracle,3170,Temperatures finally cool off when the sun is,0.0395079,+0.25,1706, down,0,0.3479,0.0469921,0.0171547,"down, and the air is crisp and"
oracle,3170,Temperatures finally cool off when the sun is,-0.0395079,-0.25,1706, down,0,0.382214,-0.0470025,-0.0171585,"down, and the air is crisp and"
oracle,3170,Temperatures finally cool off when the sun is,0.0790157,+0.50,1706, down,0,0.330734,0.0940155,0.0343208,"down, and the air is crisp and"
oracle,3170,Temperatures finally cool off when the sun is,-0.0790157,-0.50,1706, down,0,0.399376,-0.0940155,-0.0343208,"down, and the air is crisp and"
oracle,3170,Temperatures finally cool off when the sun is,0.158031,+1.00,1706, down,0,0.296413,0.188031,0.0686417,"down, and the air is crisp and"
oracle,3170,Temperatures finally cool off when the sun is,-0.158031,-1.00,1706, down,0,0.433697,-0.188031,-0.0686417,"down, and the air is crisp and"
oracle,3170,Temperatures finally cool off when the sun is,0.316063,+2.00,1706, down,0,0.227768,0.376072,0.137287,"down, and the air is crisp and"
oracle,3170,Temperatures finally cool off when the sun is,-0.316063,-2.00,1706, down,0,0.502338,-0.376062,-0.137283,"down, and the air is crisp and"
md_full,3170,Temperatures finally cool off when the sun is,0,+0.00,1706, down,0,0.365055,0,0,"down, and the air is crisp and"
md_full,3170,Temperatures finally cool off when the sun is,1.94119,+0.25,1706, down,0,0.343838,0.0581209,0.0212173,"down, and the air is crisp and"
md_full,3170,Temperatures finally cool off when the sun is,-1.94119,-0.25,1706, down,0,0.386269,-0.0581105,-0.0212135,"down, and the air is crisp and"
md_full,3170,Temperatures finally cool off when the sun is,3.88239,+0.50,1706, down,0,0.322613,0.116263,0.0424423,"down, and the air is crisp and"
md_full,3170,Temperatures finally cool off when the sun is,-3.88239,-0.50,1706, down,0,0.407471,-0.11619,-0.0424156,"down, and the air is crisp and"
md_full,3170,Temperatures finally cool off when the sun is,7.76477,+1.00,1706, down,0,0.280144,0.232599,0.0849113,"down, and the air is crisp and"
md_full,3170,Temperatures finally cool off when the sun is,-7.76477,-1.00,1706, down,0,0.449852,-0.232285,-0.0847969,"down, and the air is crisp and"
md_full,3170,Temperatures finally cool off when the sun is,15.5295,+2.00,1706, down,0,0.195129,0.46548,0.169926,"down, and the air is crisp and"
md_full,3170,Temperatures finally cool off when the sun is,-15.5295,-2.00,1706, down,0,0.534512,-0.464194,-0.169456,"down, and the air is crisp and"
oracle,367,"Every day, different animals are",0,+0.00,1942, found,0,1.03868,0,0,found in the streets of the city.
oracle,367,"Every day, different animals are",0.121591,+0.25,1942, found,0,0.955959,0.0796411,0.0827217,found in the streets of the city.
oracle,367,"Every day, different animals are",-0.121591,-0.25,1942, found,0,1.1214,-0.0796374,-0.0827179,found in the streets of the city.
oracle,367,"Every day, different animals are",0.243182,+0.50,1942, found,0,0.873245,0.159275,0.165436,found in the streets of the city.
oracle,367,"Every day, different animals are",-0.243182,-0.50,1942, found,0,1.20411,-0.159271,-0.165432,found in the streets of the city.
oracle,367,"Every day, different animals are",0.486363,+1.00,1942, found,0,0.707802,0.318557,0.330879,found in the streets of the city.
oracle,367,"Every day, different animals are",-0.486363,-1.00,1942, found,0,1.36955,-0.31855,-0.330872,found in the streets of the city.
oracle,367,"Every day, different animals are",0.972726,+2.00,1942, found,0,0.376938,0.637099,0.661743,found in the streets of the city.
oracle,367,"Every day, different animals are",-0.972726,-2.00,1942, found,0,1.70042,-0.637096,-0.661739,found in the streets of the city.
md_full,367,"Every day, different animals are",0,+0.00,1942, found,0,1.03868,0,0,found in the streets of the city.
md_full,367,"Every day, different animals are",13.0505,+0.25,1942, found,0,0.946739,0.0885179,0.0919418,found in the streets of the city.
md_full,367,"Every day, different animals are",-13.0505,-0.25,1942, found,0,1.13024,-0.0881506,-0.0915604,found in the streets of the city.
md_full,367,"Every day, different animals are",26.1009,+0.50,1942, found,0,0.854599,0.177227,0.184082,found in the wild. Some are found
md_full,367,"Every day, different animals are",-26.1009,-0.50,1942, found,0,1.22124,-0.175761,-0.18256,found in the streets of the city.
md_full,367,"Every day, different animals are",52.2018,+1.00,1942, found,0,0.670498,0.354472,0.368183,found in the wild. Some are found
md_full,367,"Every day, different animals are",-52.2018,-1.00,1942, found,0,1.40082,-0.348654,-0.362141,found in the streets of the city.
md_full,367,"Every day, different animals are",104.404,+2.00,1942, found,0,0.3078,0.703662,0.730881,found in the wild. Some are found
md_full,367,"Every day, different animals are",-104.404,-2.00,1942, found,0,1.74553,-0.680528,-0.706852,found dead in the streets of the city
jtw_legacy,367,"Every day, different animals are",0,+0.00,1942, found,0,1.03868,0,0,found in the streets of the city.
jtw_legacy,367,"Every day, different animals are",0.121591,+0.25,1942, found,0,1.03862,6.24348e-05,6.48499e-05,found in the streets of the city.
jtw_legacy,367,"Every day, different animals are",-0.121591,-0.25,1942, found,0,1.03874,-5.87622e-05,-6.10352e-05,found in the streets of the city.
jtw_legacy,367,"Every day, different animals are",0.243182,+0.50,1942, found,0,1.03856,0.000117524,0.00012207,found in the streets of the city.
jtw_legacy,367,"Every day, different animals are",-0.243182,-0.50,1942, found,0,1.0388,-0.000110179,-0.000114441,found in the streets of the city.
jtw_legacy,367,"Every day, different animals are",0.486363,+1.00,1942, found,0,1.03844,0.000227703,0.000236511,found in the streets of the city.
jtw_legacy,367,"Every day, different animals are",-0.486363,-1.00,1942, found,0,1.03891,-0.000220358,-0.000228882,found in the streets of the city.
jtw_legacy,367,"Every day, different animals are",0.972726,+2.00,1942, found,0,1.0382,0.000459079,0.000476837,found in the streets of the city.
jtw_legacy,367,"Every day, different animals are",-0.972726,-2.00,1942, found,0,1.03915,-0.000448062,-0.000465393,found in the streets of the city.
oracle,2921,America is one of the few developed countries in the world where the sale of human organs is,0,+0.00,7035, legal,0,4.06516,0,0,legal.  The practice is legal in
oracle,2921,America is one of the few developed countries in the world where the sale of human organs is,0.432242,+0.25,7035, legal,0,3.84852,0.053292,0.21664,legal.  The practice is legal in
oracle,2921,America is one of the few developed countries in the world where the sale of human organs is,-0.432242,-0.25,7035, legal,0,4.2818,-0.0532929,-0.216644,legal.  The practice is legal in
oracle,2921,America is one of the few developed countries in the world where the sale of human organs is,0.864483,+0.50,7035, legal,0,3.63188,0.106583,0.433277,legal.  The practice is legal in
oracle,2921,America is one of the few developed countries in the world where the sale of human organs is,-0.864483,-0.50,7035, legal,0,4.49846,-0.10659,-0.433304,legal.  The practice is legal in
oracle,2921,America is one of the few developed countries in the world where the sale of human organs is,1.72897,+1.00,7035, legal,0,3.19864,0.213159,0.866524,legal.  The practice is legal in
oracle,2921,America is one of the few developed countries in the world where the sale of human organs is,-1.72897,-1.00,7035, legal,0,4.93177,-0.21318,-0.866611,legal.  The practice is legal in
oracle,2921,America is one of the few developed countries in the world where the sale of human organs is,3.45793,+2.00,7035, legal,0,2.33223,0.426288,1.73293,legal.  The practice is legal in
oracle,2921,America is one of the few developed countries in the world where the sale of human organs is,-3.45793,-2.00,7035, legal,0,5.79847,-0.426383,-1.73331,legal.  The practice is legal in
md_full,2921,America is one of the few developed countries in the world where the sale of human organs is,0,+0.00,7035, legal,0,4.06516,0,0,legal.  The practice is legal in
md_full,2921,America is one of the few developed countries in the world where the sale of human organs is,314.202,+0.25,7035, legal,0,3.02739,0.255285,1.03777,"legal. In fact, the sale of"
md_full,2921,America is one of the few developed countries in the world where the sale of human organs is,-314.202,-0.25,7035, legal,0,4.43168,-0.0901622,-0.366524,legal.  The practice is legal in
md_full,2921,America is one of the few developed countries in the world where the sale of human organs is,628.404,+0.50,2076, still,0,1.88264,0.536884,2.18252,"still largely unregulated. In fact, the"
md_full,2921,America is one of the few developed countries in the world where the sale of human organs is,-628.404,-0.50,109,\n\n,0,4.25755,-0.0473257,-0.192387,
md_full,2921,America is one of the few developed countries in the world where the sale of human organs is,1256.81,+1.00,15863, largely,0,0.408501,0.899512,3.65666,largely unregulated. Some estimate that some
md_full,2921,America is one of the few developed countries in the world where the sale of human organs is,-1256.81,-1.00,109,\n\n,0,3.64761,0.102715,0.417553,
md_full,2921,America is one of the few developed countries in the world where the sale of human organs is,2513.62,+2.00,15863, largely,0,-0.702118,1.17272,4.76728,largely their Their Their Their Their Their Their
md_full,2921,America is one of the few developed countries in the world where the sale of human organs is,-2513.62,-2.00,109,\n\n,0,2.94999,0.274324,1.11517,
oracle,956,Bats use echolocation to identify prey and to navigate while,0,+0.00,15494, flying,0,5.47574,0,0,flying. The echolocation signal is a
oracle,956,Bats use echolocation to identify prey and to navigate while,0.499743,+0.25,15494, flying,0,5.23223,0.0444719,0.243517,flying. The echolocation signal is a
oracle,956,Bats use echolocation to identify prey and to navigate while,-0.499743,-0.25,15494, flying,0,5.71929,-0.0444765,-0.243542,flying. The echolocation signal is a
oracle,956,Bats use echolocation to identify prey and to navigate while,0.999485,+0.50,15494, flying,0,4.98873,0.0889411,0.487019,flying. The echolocation signal is a
oracle,956,Bats use echolocation to identify prey and to navigate while,-0.999485,-0.50,15494, flying,0,5.96285,-0.0889574,-0.487108,flying. The echolocation signal is a
oracle,956,Bats use echolocation to identify prey and to navigate while,1.99897,+1.00,15494, flying,0,4.50179,0.177866,0.973949,flying. The echolocation signal is a
oracle,956,Bats use echolocation to identify prey and to navigate while,-1.99897,-1.00,15494, flying,0,6.45004,-0.177929,-0.974293,flying. The echolocation signal is a
oracle,956,Bats use echolocation to identify prey and to navigate while,3.99794,+2.00,15494, flying,0,3.52819,0.355669,1.94755,flying. The echolocation signal is a
oracle,956,Bats use echolocation to identify prey and to navigate while,-3.99794,-2.00,15494, flying,0,7.42465,-0.355916,-1.9489,flying. The echolocation signal is a
md_full,956,Bats use echolocation to identify prey and to navigate while,0,+0.00,15494, flying,0,5.47574,0,0,flying. The echolocation signal is a
md_full,956,Bats use echolocation to identify prey and to navigate while,145.62,+0.25,15494, flying,0,4.76233,0.130286,0.713411,flying. They emit a high-frequency
md_full,956,Bats use echolocation to identify prey and to navigate while,-145.62,-0.25,15494, flying,0,6.04461,-0.103887,-0.568861,flying.  The bat's ears
md_full,956,Bats use echolocation to identify prey and to navigate while,291.241,+0.50,15494, flying,0,3.96788,0.275372,1.50787,flying. They emit a high-frequency
md_full,956,Bats use echolocation to identify prey and to navigate while,-291.241,-0.50,109,\n\n,0,6.43749,-0.175638,-0.961746,flying.  The
md_full,956,Bats use echolocation to identify prey and to navigate while,582.481,+1.00,15494, flying,0,2.40381,0.561008,3.07194,flying. They communicate with each other using
md_full,956,Bats use echolocation to identify prey and to navigate while,-582.481,-1.00,109,\n\n,0,6.75142,-0.232969,-1.27568,
md_full,956,Bats use echolocation to identify prey and to navigate while,1164.96,+2.00,1024, their,0,0.164581,0.969944,5.31116,their Their Their Their Their Their Their Their
md_full,956,Bats use echolocation to identify prey and to navigate while,-1164.96,-2.00,109,\n\n,0,6.47136,-0.181823,-0.995617,
oracle,3188,Christmas trees are often enchanted by spirits to become sentient,0,+0.00,27290, beings,0,3.40106,0,0,beings.  The tree is a symbol
oracle,3188,Christmas trees are often enchanted by spirits to become sentient,0.293118,+0.25,27290, beings,0,3.20822,0.0567002,0.192841,beings.  The tree is a symbol
oracle,3188,Christmas trees are often enchanted by spirits to become sentient,-0.293118,-0.25,27290, beings,0,3.59391,-0.0567047,-0.192856,beings.  The tree is a symbol
oracle,3188,Christmas trees are often enchanted by spirits to become sentient,0.586236,+0.50,27290, beings,0,3.01539,0.113397,0.38567,beings.  The tree is a symbol
oracle,3188,Christmas trees are often enchanted by spirits to become sentient,-0.586236,-0.50,27290, beings,0,3.78679,-0.113414,-0.385727,beings.  The tree is a symbol
oracle,3188,Christmas trees are often enchanted by spirits to become sentient,1.17247,+1.00,27290, beings,0,2.62978,0.226776,0.771278,beings.  The tree is a symbol
oracle,3188,Christmas trees are often enchanted by spirits to become sentient,-1.17247,-1.00,27290, beings,0,4.17258,-0.226849,-0.771526,beings. They are often used as a
oracle,3188,Christmas trees are often enchanted by spirits to become sentient,2.34494,+2.00,27290, beings,0,1.85876,0.453477,1.5423,beings.  The tree is a symbol
oracle,3188,Christmas trees are often enchanted by spirits to become sentient,-2.34494,-2.00,27290, beings,0,4.94436,-0.453771,-1.5433,beings. They are often used as a
md_full,3188,Christmas trees are often enchanted by spirits to become sentient,0,+0.00,27290, beings,0,3.40106,0,0,beings.  The tree is a symbol
md_full,3188,Christmas trees are often enchanted by spirits to become sentient,48.9502,+0.25,27290, beings,0,3.04499,0.104692,0.356064,beings. They are often used as a
md_full,3188,Christmas trees are often enchanted by spirits to become sentient,-48.9502,-0.25,27290, beings,0,3.73645,-0.098614,-0.335392,beings.  The tree is a symbol
md_full,3188,Christmas trees are often enchanted by spirits to become sentient,97.9003,+0.50,27290, beings,0,2.67344,0.213939,0.727619,beings. They are often used as a
md_full,3188,Christmas trees are often enchanted by spirits to become sentient,-97.9003,-0.50,27290, beings,0,4.04706,-0.189941,-0.646,beings.  The Christmas tree is a
md_full,3188,Christmas trees are often enchanted by spirits to become sentient,195.801,+1.00,27290, beings,0,1.90759,0.43912,1.49347,beings. They are often used as a
md_full,3188,Christmas trees are often enchanted by spirits to become sentient,-195.801,-1.00,27290, beings,0,4.58401,-0.34782,-1.18296,beings.  The Christmas tree is a
md_full,3188,Christmas trees are often enchanted by spirits to become sentient,391.601,+2.00,235269,",",0,0.441517,0.870182,2.95954,", and they are often used as a"
md_full,3188,Christmas trees are often enchanted by spirits to become sentient,-391.601,-2.00,109,\n\n,0,5.3187,-0.563835,-1.91764,I
oracle,929,The product of two prime numbers is always,0,+0.00,476, a,0,2.14039,0,0,a prime number.  The product of
oracle,929,The product of two prime numbers is always,0.207932,+0.25,476, a,0,2.04826,0.0430447,0.0921326,a prime number.  The product of
oracle,929,The product of two prime numbers is always,-0.207932,-0.25,476, a,0,2.23252,-0.0430447,-0.0921326,a prime number.  The product of
oracle,929,The product of two prime numbers is always,0.415864,+0.50,476, a,0,1.95613,0.0860876,0.184261,a prime number.  The product of
oracle,929,The product of two prime numbers is always,-0.415864,-0.50,476, a,0,2.32465,-0.0860859,-0.184258,a prime number.  The product of
oracle,929,The product of two prime numbers is always,0.831727,+1.00,476, a,0,1.77185,0.172184,0.368542,a prime number.  The product of
oracle,929,The product of two prime numbers is always,-0.831727,-1.00,476, a,0,2.50889,-0.172163,-0.368496,a prime number.  The product of
oracle,929,The product of two prime numbers is always,1.66345,+2.00,476, a,0,1.40325,0.344397,0.737144,a prime number.  The product of
oracle,929,The product of two prime numbers is always,-1.66345,-2.00,476, a,0,2.87732,-0.344295,-0.736927,a prime number.  The product of
md_full,929,The product of two prime numbers is always,0,+0.00,476, a,0,2.14039,0,0,a prime number.  The product of
md_full,929,The product of two prime numbers is always,56.9717,+0.25,476, a,0,2.38634,-0.114908,-0.245949,a prime number.  The product of
md_full,929,The product of two prime numbers is always,-56.9717,-0.25,476, a,0,1.88652,0.11861,0.253872,a prime number.  The product of
md_full,929,The product of two prime numbers is always,113.943,+0.50,476, a,0,2.6215,-0.224776,-0.48111,a prime number. True or false?
md_full,929,The product of two prime numbers is always,-113.943,-0.50,476, a,0,1.62783,0.239471,0.512562,a prime number.  The product of
md_full,929,The product of two prime numbers is always,227.887,+1.00,476, a,0,3.05026,-0.425093,-0.909866,a prime number. True or false?
md_full,929,The product of two prime numbers is always,-227.887,-1.00,109,\n\n,0,1.10872,0.482004,1.03168,A)  $${{p}^{
md_full,929,The product of two prime numbers is always,455.773,+2.00,476, a,0,3.70941,-0.733051,-1.56902,a prime number. True or false?
md_full,929,The product of two prime numbers is always,-455.773,-2.00,109,\n\n,0,0.138117,0.935471,2.00228,If
oracle,2057,"Despite its frightful name, the tarantula hawk wasp is actually harmless to",0,+0.00,17611, humans,0,6.57142,0,0,humans. The wasp is a predator of
oracle,2057,"Despite its frightful name, the tarantula hawk wasp is actually harmless to",0.782824,+0.25,17611, humans,0,6.22863,0.052163,0.342785,humans. The wasp is a predator of
oracle,2057,"Despite its frightful name, the tarantula hawk wasp is actually harmless to",-0.782824,-0.25,17611, humans,0,6.91423,-0.0521676,-0.342815,humans. The wasp is a predator of
oracle,2057,"Despite its frightful name, the tarantula hawk wasp is actually harmless to",1.56565,+0.50,17611, humans,0,5.88588,0.104322,0.685543,humans. The wasp is a predator of
oracle,2057,"Despite its frightful name, the tarantula hawk wasp is actually harmless to",-1.56565,-0.50,17611, humans,0,7.25708,-0.10434,-0.685661,humans. The wasp is a predator of
oracle,2057,"Despite its frightful name, the tarantula hawk wasp is actually harmless to",3.1313,+1.00,17611, humans,0,5.20045,0.208625,1.37096,humans. The wasp is a predator of
oracle,2057,"Despite its frightful name, the tarantula hawk wasp is actually harmless to",-3.1313,-1.00,17611, humans,0,7.94285,-0.208696,-1.37143,humans. The wasp is a predator of
oracle,2057,"Despite its frightful name, the tarantula hawk wasp is actually harmless to",6.26259,+2.00,17611, humans,0,3.83002,0.41717,2.7414,humans. The wasp is a predator of
oracle,2057,"Despite its frightful name, the tarantula hawk wasp is actually harmless to",-6.26259,-2.00,17611, humans,0,9.31466,-0.41745,-2.74324,humans. The wasp is a predator of
md_full,2057,"Despite its frightful name, the tarantula hawk wasp is actually harmless to",0,+0.00,17611, humans,0,6.57142,0,0,humans. The wasp is a predator of
md_full,2057,"Despite its frightful name, the tarantula hawk wasp is actually harmless to",34.3572,+0.25,17611, humans,0,6.98995,-0.0636894,-0.41853,humans. The wasp is a predator of
md_full,2057,"Despite its frightful name, the tarantula hawk wasp is actually harmless to",-34.3572,-0.25,17611, humans,0,6.13915,0.0657797,0.432266,humans.  The wasp is a predator
md_full,2057,"Despite its frightful name, the tarantula hawk wasp is actually harmless to",68.7145,+0.50,17611, humans,0,7.39232,-0.12492,-0.8209,humans. The wasp is a predator of
md_full,2057,"Despite its frightful name, the tarantula hawk wasp is actually harmless to",-68.7145,-0.50,17611, humans,0,5.69582,0.133243,0.875595,humans.  The wasp is a predator
md_full,2057,"Despite its frightful name, the tarantula hawk wasp is actually harmless to",137.429,+1.00,17611, humans,0,8.14057,-0.238784,-1.56915,humans. The wasp is a predator of
md_full,2057,"Despite its frightful name, the tarantula hawk wasp is actually harmless to",-137.429,-1.00,17611, humans,0,4.78748,0.27147,1.78394,humans.  The wasp is a predator
md_full,2057,"Despite its frightful name, the tarantula hawk wasp is actually harmless to",274.858,+2.00,17611, humans,0,9.37745,-0.427005,-2.80603,"humans. The wasp, which is native"
md_full,2057,"Despite its frightful name, the tarantula hawk wasp is actually harmless to",-274.858,-2.00,17611, humans,0,2.96433,0.548905,3.60709,humans.  The wasp is actually a
jtw_legacy,2057,"Despite its frightful name, the tarantula hawk wasp is actually harmless to",0,+0.00,17611, humans,0,6.57142,0,0,humans. The wasp is a predator of
jtw_legacy,2057,"Despite its frightful name, the tarantula hawk wasp is actually harmless to",0.782824,+0.25,17611, humans,0,6.5781,-0.00101645,-0.00667953,humans. The wasp is a predator of
jtw_legacy,2057,"Despite its frightful name, the tarantula hawk wasp is actually harmless to",-0.782824,-0.25,17611, humans,0,6.56473,0.00101761,0.00668716,humans. The wasp is a predator of
jtw_legacy,2057,"Despite its frightful name, the tarantula hawk wasp is actually harmless to",1.56565,+0.50,17611, humans,0,6.58477,-0.00203116,-0.0133476,humans. The wasp is a predator of
jtw_legacy,2057,"Despite its frightful name, the tarantula hawk wasp is actually harmless to",-1.56565,-0.50,17611, humans,0,6.55804,0.00203523,0.0133743,humans. The wasp is a predator of
jtw_legacy,2057,"Despite its frightful name, the tarantula hawk wasp is actually harmless to",3.1313,+1.00,17611, humans,0,6.59809,-0.00405942,-0.0266762,humans. The wasp is a predator of
jtw_legacy,2057,"Despite its frightful name, the tarantula hawk wasp is actually harmless to",-3.1313,-1.00,17611, humans,0,6.54464,0.00407568,0.026783,humans. The wasp is a predator of
jtw_legacy,2057,"Despite its frightful name, the tarantula hawk wasp is actually harmless to",6.26259,+2.00,17611, humans,0,6.62466,-0.00810143,-0.0532379,humans. The wasp is a predator of
jtw_legacy,2057,"Despite its frightful name, the tarantula hawk wasp is actually harmless to",-6.26259,-2.00,17611, humans,0,6.51775,0.00816761,0.0536728,humans. The wasp is a predator of
oracle,47,Hummingbirds can hover in mid-air and fly,0,+0.00,42209, backwards,0,0.883347,0,0,backwards. They can also fly backwards.
oracle,47,Hummingbirds can hover in mid-air and fly,0.21477,+0.25,42209, backwards,0,0.842552,0.0461816,0.0407944,backwards. They can also fly backwards.
oracle,47,Hummingbirds can hover in mid-air and fly,-0.21477,-0.25,42209, backwards,0,0.924152,-0.0461946,-0.0408058,backwards. They can also fly backwards.
oracle,47,Hummingbirds can hover in mid-air and fly,0.429541,+0.50,42209, backwards,0,0.80175,0.0923719,0.0815964,backwards. They can also fly backwards.
oracle,47,Hummingbirds can hover in mid-air and fly,-0.429541,-0.50,42209, backwards,0,0.964951,-0.0923805,-0.081604,backwards. They can also fly backwards.
oracle,47,Hummingbirds can hover in mid-air and fly,0.859081,+1.00,42209, backwards,0,0.720146,0.184752,0.1632,backwards. They can also fly backwards.
oracle,47,Hummingbirds can hover in mid-air and fly,-0.859081,-1.00,42209, backwards,0,1.04655,-0.184752,-0.1632,backwards. They can also fly backwards.
oracle,47,Hummingbirds can hover in mid-air and fly,1.71816,+2.00,42209, backwards,0,0.556946,0.369505,0.326401,backwards. They can also fly backwards.
oracle,47,Hummingbirds can hover in mid-air and fly,-1.71816,-2.00,42209, backwards,0,1.20974,-0.369496,-0.326393,backwards. They can also fly backwards.
md_full,47,Hummingbirds can hover in mid-air and fly,0,+0.00,42209, backwards,0,0.883347,0,0,backwards. They can also fly backwards.
md_full,47,Hummingbirds can hover in mid-air and fly,8.19926,+0.25,42209, backwards,0,0.830643,0.0596639,0.0527039,backwards. They can also fly backwards.
md_full,47,Hummingbirds can hover in mid-air and fly,-8.19926,-0.25,42209, backwards,0,0.935989,-0.0595948,-0.0526428,backwards. They can also fly backwards.
md_full,47,Hummingbirds can hover in mid-air and fly,16.3985,+0.50,42209, backwards,0,0.777889,0.119384,0.105457,backwards. They can also fly backwards.
md_full,47,Hummingbirds can hover in mid-air and fly,-16.3985,-0.50,42209, backwards,0,0.988537,-0.119082,-0.10519,backwards. They can also fly backwards.
md_full,47,Hummingbirds can hover in mid-air and fly,32.7971,+1.00,42209, backwards,0,0.672264,0.238958,0.211082,backwards. They can also fly backwards.
md_full,47,Hummingbirds can hover in mid-air and fly,-32.7971,-1.00,42209, backwards,0,1.09333,-0.237718,-0.209988,backwards. They can also fly backwards.
md_full,47,Hummingbirds can hover in mid-air and fly,65.5941,+2.00,42209, backwards,0,0.460964,0.478162,0.422382,backwards. They can also fly backwards.
md_full,47,Hummingbirds can hover in mid-air and fly,-65.5941,-2.00,42209, backwards,0,1.30133,-0.473178,-0.41798,backwards.  The hummingbird is the smallest
jtw_legacy,47,Hummingbirds can hover in mid-air and fly,0,+0.00,42209, backwards,0,0.883347,0,0,backwards. They can also fly backwards.
jtw_legacy,47,Hummingbirds can hover in mid-air and fly,0.21477,+0.25,42209, backwards,0,0.880646,0.00305747,0.00270081,backwards. They can also fly backwards.
jtw_legacy,47,Hummingbirds can hover in mid-air and fly,-0.21477,-0.25,42209, backwards,0,0.886051,-0.00306179,-0.00270462,backwards. They can also fly backwards.
jtw_legacy,47,Hummingbirds can hover in mid-air and fly,0.429541,+0.50,42209, backwards,0,0.877949,0.00611062,0.0053978,backwards. They can also fly backwards.
jtw_legacy,47,Hummingbirds can hover in mid-air and fly,-0.429541,-0.50,42209, backwards,0,0.888756,-0.00612358,-0.00540924,backwards. They can also fly backwards.
jtw_legacy,47,Hummingbirds can hover in mid-air and fly,0.859081,+1.00,42209, backwards,0,0.872543,0.0122299,0.0108032,backwards. They can also fly backwards.
jtw_legacy,47,Hummingbirds can hover in mid-air and fly,-0.859081,-1.00,42209, backwards,0,0.89415,-0.0122299,-0.0108032,backwards. They can also fly backwards.
jtw_legacy,47,Hummingbirds can hover in mid-air and fly,1.71816,+2.00,42209, backwards,0,0.861748,0.0244511,0.0215988,backwards. They can also fly backwards.
jtw_legacy,47,Hummingbirds can hover in mid-air and fly,-1.71816,-2.00,42209, backwards,0,0.904949,-0.0244554,-0.0216026,backwards. They can also fly backwards.
oracle,1445,Fainting goats are bred as a meat animal in the United,0,+0.00,3858, States,0,2.24542,0,0,States. They are a small breed of
oracle,1445,Fainting goats are bred as a meat animal in the United,0.276672,+0.25,3858, States,0,2.17734,0.030321,0.0680833,States. They are a small breed of
oracle,1445,Fainting goats are bred as a meat animal in the United,-0.276672,-0.25,3858, States,0,2.3135,-0.0303197,-0.0680804,States. They are a small breed of
oracle,1445,Fainting goats are bred as a meat animal in the United,0.553345,+0.50,3858, States,0,2.10925,0.0606417,0.136166,States. They are a small breed of
oracle,1445,Fainting goats are bred as a meat animal in the United,-0.553345,-0.50,3858, States,0,2.38158,-0.060639,-0.13616,States. They are a small breed of
oracle,1445,Fainting goats are bred as a meat animal in the United,1.10669,+1.00,3858, States,0,1.97308,0.121285,0.272335,States. They are a small breed of
oracle,1445,Fainting goats are bred as a meat animal in the United,-1.10669,-1.00,3858, States,0,2.51774,-0.121277,-0.272317,States. They are a small breed of
oracle,1445,Fainting goats are bred as a meat animal in the United,2.21338,+2.00,3858, States,0,1.70074,0.242576,0.544684,States. They are a small breed of
oracle,1445,Fainting goats are bred as a meat animal in the United,-2.21338,-2.00,3858, States,0,2.79004,-0.242546,-0.544619,States. They are a small breed of
md_full,1445,Fainting goats are bred as a meat animal in the United,0,+0.00,3858, States,0,2.24542,0,0,States. They are a small breed of
md_full,1445,Fainting goats are bred as a meat animal in the United,19.5106,+0.25,3858, States,0,2.16455,0.036015,0.0808687,States. They are a small breed of
md_full,1445,Fainting goats are bred as a meat animal in the United,-19.5106,-0.25,3858, States,0,2.32585,-0.0358183,-0.0804272,States. They are also used as a
md_full,1445,Fainting goats are bred as a meat animal in the United,39.0211,+0.50,3858, States,0,2.0833,0.0722011,0.162122,States. They are a small breed of
md_full,1445,Fainting goats are bred as a meat animal in the United,-39.0211,-0.50,3858, States,0,2.40579,-0.071419,-0.160366,States. They are also used as a
md_full,1445,Fainting goats are bred as a meat animal in the United,78.0423,+1.00,3858, States,0,1.91984,0.144996,0.325576,States. They are a small breed of
md_full,1445,Fainting goats are bred as a meat animal in the United,-78.0423,-1.00,3858, States,0,2.56398,-0.141873,-0.318564,States.  The goats are bred to
md_full,1445,Fainting goats are bred as a meat animal in the United,156.085,+2.00,3858, States,0,1.59066,0.291596,0.654756,States. They are a breed of goat
md_full,1445,Fainting goats are bred as a meat animal in the United,-156.085,-2.00,3858, States,0,2.87232,-0.279193,-0.626905,States.  The goats are bred to
oracle,1730,Apples are a good source of,0,+0.00,23042, vitamin,0,0.363327,0,0,"vitamin C, fiber, and antioxidants."
oracle,1730,Apples are a good source of,0.0427444,+0.25,23042, vitamin,0,0.343605,0.0542816,0.019722,"vitamin C, fiber, and antioxidants."
oracle,1730,Apples are a good source of,-0.0427444,-0.25,23042, vitamin,0,0.383049,-0.0542816,-0.019722,"vitamin C, fiber, and antioxidants."
oracle,1730,Apples are a good source of,0.0854888,+0.50,23042, vitamin,0,0.323879,0.108574,0.0394478,"vitamin C, fiber, and antioxidants."
oracle,1730,Apples are a good source of,-0.0854888,-0.50,23042, vitamin,0,0.402775,-0.108574,-0.0394478,"vitamin C, fiber, and antioxidants."
oracle,1730,Apples are a good source of,0.170978,+1.00,23042, vitamin,0,0.284431,0.217148,0.0788956,"vitamin C, fiber, and antioxidants."
oracle,1730,Apples are a good source of,-0.170978,-1.00,23042, vitamin,0,0.442226,-0.217158,-0.0788994,"vitamin C, fiber, and antioxidants."
oracle,1730,Apples are a good source of,0.341955,+2.00,23042, vitamin,0,0.205532,0.434306,0.157795,"vitamin C, fiber, and antioxidants."
oracle,1730,Apples are a good source of,-0.341955,-2.00,23042, vitamin,0,0.521122,-0.434306,-0.157795,"vitamin C, which is important for the"
md_full,1730,Apples are a good source of,0,+0.00,23042, vitamin,0,0.363327,0,0,"vitamin C, fiber, and antioxidants."
md_full,1730,Apples are a good source of,7.88611,+0.25,23042, vitamin,0,0.356804,0.0179539,0.00652313,"vitamin C, which is important for the"
md_full,1730,Apples are a good source of,-7.88611,-0.25,23042, vitamin,0,0.369812,-0.0178489,-0.00648499,"vitamin C, fiber, and antioxidants."
md_full,1730,Apples are a good source of,15.7722,+0.50,23042, vitamin,0,0.350235,0.0360338,0.013092,"vitamin C, which is important for the"
md_full,1730,Apples are a good source of,-15.7722,-0.50,23042, vitamin,0,0.376247,-0.0355613,-0.0129204,"vitamin C, fiber, and antioxidants."
md_full,1730,Apples are a good source of,31.5445,+1.00,23042, vitamin,0,0.336987,0.072498,0.0263405,"vitamin C, which is important for the"
md_full,1730,Apples are a good source of,-31.5445,-1.00,23042, vitamin,0,0.388985,-0.0706186,-0.0256577,"vitamin C, fiber, and antioxidants."
md_full,1730,Apples are a good source of,63.0889,+2.00,23042, vitamin,0,0.310101,0.146497,0.0532265,"vitamin C, which is important for the"
md_full,1730,Apples are a good source of,-63.0889,-2.00,23042, vitamin,0,0.413818,-0.138969,-0.0504913,"vitamin C, fiber, and antioxidants."
jtw_legacy,1730,Apples are a good source of,0,+0.00,23042, vitamin,0,0.363327,0,0,"vitamin C, fiber, and antioxidants."
jtw_legacy,1730,Apples are a good source of,0.0427444,+0.25,23042, vitamin,0,0.363632,-0.000839948,-0.000305176,"vitamin C, fiber, and antioxidants."
jtw_legacy,1730,Apples are a good source of,-0.0427444,-0.25,23042, vitamin,0,0.363026,0.000829449,0.000301361,"vitamin C, fiber, and antioxidants."
jtw_legacy,1730,Apples are a good source of,0.0854888,+0.50,23042, vitamin,0,0.363926,-0.0016484,-0.000598907,"vitamin C, fiber, and antioxidants."
jtw_legacy,1730,Apples are a good source of,-0.0854888,-0.50,23042, vitamin,0,0.362728,0.0016484,0.000598907,"vitamin C, fiber, and antioxidants."
jtw_legacy,1730,Apples are a good source of,0.170978,+1.00,23042, vitamin,0,0.364532,-0.00331779,-0.00120544,"vitamin C, fiber, and antioxidants."
jtw_legacy,1730,Apples are a good source of,-0.170978,-1.00,23042, vitamin,0,0.362122,0.00331779,0.00120544,"vitamin C, fiber, and antioxidants."
jtw_legacy,1730,Apples are a good source of,0.341955,+2.00,23042, vitamin,0,0.365723,-0.00659359,-0.00239563,"vitamin C, fiber, and antioxidants."
jtw_legacy,1730,Apples are a good source of,-0.341955,-2.00,23042, vitamin,0,0.360924,0.00661459,0.00240326,"vitamin C, fiber, and antioxidants."
oracle,4078,Grapes explode when cheese is melted on top of...okay not,0,+0.00,2277, really,0,5.22156,0,0,"really, but it's a fun"
oracle,4078,Grapes explode when cheese is melted on top of...okay not,0.570725,+0.25,2277, really,0,4.83767,0.0735199,0.383888,"really, but it's a fun"
oracle,4078,Grapes explode when cheese is melted on top of...okay not,-0.570725,-0.25,2277, really,0,5.60541,-0.0735126,-0.38385,"really, but it's a fun"
oracle,4078,Grapes explode when cheese is melted on top of...okay not,1.14145,+0.50,2277, really,0,4.45373,0.14705,0.76783,"really, but it's a fun"
oracle,4078,Grapes explode when cheese is melted on top of...okay not,-1.14145,-0.50,2277, really,0,5.98922,-0.147017,-0.767658,"really, but it's a fun"
oracle,4078,Grapes explode when cheese is melted on top of...okay not,2.2829,+1.00,2277, really,0,3.68574,0.294131,1.53582,"really, but it's a fun"
oracle,4078,Grapes explode when cheese is melted on top of...okay not,-2.2829,-1.00,2277, really,0,6.75668,-0.293996,-1.53512,"really, but it's a fun"
oracle,4078,Grapes explode when cheese is melted on top of...okay not,4.5658,+2.00,2277, really,0,2.14928,0.588383,3.07227,"really, but it's a fun"
oracle,4078,Grapes explode when cheese is melted on top of...okay not,-4.5658,-2.00,2277, really,0,8.29101,-0.587843,-3.06945,"really, but it's a fun"
md_full,4078,Grapes explode when cheese is melted on top of...okay not,0,+0.00,2277, really,0,5.22156,0,0,"really, but it's a fun"
md_full,4078,Grapes explode when cheese is melted on top of...okay not,16.9181,+0.25,2277, really,0,4.71173,0.0976381,0.509823,"really, but it's a fun"
md_full,4078,Grapes explode when cheese is melted on top of...okay not,-16.9181,-0.25,2277, really,0,5.72355,-0.0961375,-0.501987,"really, but it's a good"
md_full,4078,Grapes explode when cheese is melted on top of...okay not,33.8361,+0.50,2277, really,0,4.19544,0.196515,1.02612,"really, but it's a great"
md_full,4078,Grapes explode when cheese is melted on top of...okay not,-33.8361,-0.50,2277, really,0,6.21639,-0.190525,-0.994835,"really, but it's a good"
md_full,4078,Grapes explode when cheese is melted on top of...okay not,67.6722,+1.00,2277, really,0,3.14931,0.396863,2.07224,"really, but it's a great"
md_full,4078,Grapes explode when cheese is melted on top of...okay not,-67.6722,-1.00,2277, really,0,7.17009,-0.37317,-1.94853,"really, but it's a good"
md_full,4078,Grapes explode when cheese is melted on top of...okay not,135.344,+2.00,2277, really,0,1.04556,0.79976,4.17599,"really, but it's a great"
md_full,4078,Grapes explode when cheese is melted on top of...okay not,-135.344,-2.00,2277, really,0,8.9241,-0.709088,-3.70255,"really, but it's a good"
oracle,1325,The world’s continents are not completely symmetrical north to,0,+0.00,8432, south,0,6.5262,0,0,"south. The continents of Africa, Asia"
oracle,1325,The world’s continents are not completely symmetrical north to,1.28186,+0.25,8432, south,0,6.34491,0.0277786,0.181289,"south. The continents of Africa, Asia"
oracle,1325,The world’s continents are not completely symmetrical north to,-1.28186,-0.25,8432, south,0,6.70748,-0.0277776,-0.181282,"south. The continents of Africa, Asia"
oracle,1325,The world’s continents are not completely symmetrical north to,2.56373,+0.50,8432, south,0,6.16361,0.0555583,0.362584,south. The continents of the world are
oracle,1325,The world’s continents are not completely symmetrical north to,-2.56373,-0.50,8432, south,0,6.88875,-0.055554,-0.362556,"south. The continents of Africa, Asia"
oracle,1325,The world’s continents are not completely symmetrical north to,5.12745,+1.00,8432, south,0,5.80101,0.11112,0.72519,south. The continents of the world are
oracle,1325,The world’s continents are not completely symmetrical north to,-5.12745,-1.00,8432, south,0,7.25128,-0.111103,-0.725082,"south. The continents of Africa, Asia"
oracle,1325,The world’s continents are not completely symmetrical north to,10.2549,+2.00,8432, south,0,5.07573,0.222252,1.45046,south. The continents of the world are
oracle,1325,The world’s continents are not completely symmetrical north to,-10.2549,-2.00,8432, south,0,7.97623,-0.222187,-1.45003,"south. The continents of Africa, Asia"
md_full,1325,The world’s continents are not completely symmetrical north to,0,+0.00,8432, south,0,6.5262,0,0,"south. The continents of Africa, Asia"
md_full,1325,The world’s continents are not completely symmetrical north to,183.981,+0.25,8432, south,0,6.0647,0.0707149,0.461499,south. The continents are not equally spaced
md_full,1325,The world’s continents are not completely symmetrical north to,-183.981,-0.25,8432, south,0,6.88732,-0.055335,-0.361127,south.  The continents of the world
md_full,1325,The world’s continents are not completely symmetrical north to,367.963,+0.50,8432, south,0,5.53035,0.152592,0.995848,south. The continents are divided into two
md_full,1325,The world’s continents are not completely symmetrical north to,-367.963,-0.50,109,\n\n,0,7.13385,-0.0931096,-0.607652,
md_full,1325,The world’s continents are not completely symmetrical north to,735.925,+1.00,8432, south,0,4.37603,0.329467,2.15017,south. They are divided into different parts
md_full,1325,The world’s continents are not completely symmetrical north to,-735.925,-1.00,109,\n\n,0,7.30259,-0.118965,-0.776392,
md_full,1325,The world’s continents are not completely symmetrical north to,1471.85,+2.00,1024, their,0,2.35436,0.639245,4.17184,their Their Their Their Their Their Their Their
md_full,1325,The world’s continents are not completely symmetrical north to,-1471.85,-2.00,109,\n\n,0,6.88111,-0.0543826,-0.354912,
jtw_legacy,1325,The world’s continents are not completely symmetrical north to,0,+0.00,8432, south,0,6.5262,0,0,"south. The continents of Africa, Asia"
jtw_legacy,1325,The world’s continents are not completely symmetrical north to,1.28186,+0.25,8432, south,0,6.53056,-0.000669422,-0.00436878,"south. The continents of Africa, Asia"
jtw_legacy,1325,The world’s continents are not completely symmetrical north to,-1.28186,-0.25,8432, south,0,6.52182,0.000670372,0.00437498,"south. The continents of Africa, Asia"
jtw_legacy,1325,The world’s continents are not completely symmetrical north to,2.56373,+0.50,8432, south,0,6.53493,-0.00133819,-0.00873327,"south. The continents of Africa, Asia"
jtw_legacy,1325,The world’s continents are not completely symmetrical north to,-2.56373,-0.50,8432, south,0,6.51744,0.00134133,0.00875378,"south. The continents of Africa, Asia"
jtw_legacy,1325,The world’s continents are not completely symmetrical north to,5.12745,+1.00,8432, south,0,6.54364,-0.00267301,-0.0174446,"south. The continents of Africa, Asia"
jtw_legacy,1325,The world’s continents are not completely symmetrical north to,-5.12745,-1.00,8432, south,0,6.50867,0.00268587,0.0175285,"south. The continents of Africa, Asia"
jtw_legacy,1325,The world’s continents are not completely symmetrical north to,10.2549,+2.00,8432, south,0,6.561,-0.00533302,-0.0348043,"south. The continents of Africa, Asia"
jtw_legacy,1325,The world’s continents are not completely symmetrical north to,-10.2549,-2.00,8432, south,0,6.49106,0.00538417,0.0351381,"south. The continents of Africa, Asia"
oracle,991,Babies born in California are required to have an approved car seat to transport an infant by,0,+0.00,1226, car,0,4.37549,0,0,car. The California Highway Patrol (CHP
oracle,991,Babies born in California are required to have an approved car seat to transport an infant by,0.587854,+0.25,1226, car,0,4.166,0.047878,0.20949,car. The California Highway Patrol (CHP
oracle,991,Babies born in California are required to have an approved car seat to transport an infant by,-0.587854,-0.25,1226, car,0,4.58497,-0.0478754,-0.209478,car. The California Highway Patrol (CHP
oracle,991,Babies born in California are required to have an approved car seat to transport an infant by,1.17571,+0.50,1226, car,0,3.9565,0.0957595,0.418995,car. The California Highway Patrol (CHP
oracle,991,Babies born in California are required to have an approved car seat to transport an infant by,-1.17571,-0.50,1226, car,0,4.79443,-0.0957478,-0.418943,car. The California Highway Patrol (CHP
oracle,991,Babies born in California are required to have an approved car seat to transport an infant by,2.35141,+1.00,1226, car,0,3.53745,0.191531,0.838041,car. The California Highway Patrol (CHP
oracle,991,Babies born in California are required to have an approved car seat to transport an infant by,-2.35141,-1.00,1226, car,0,5.21332,-0.191482,-0.83783,car. The California Highway Patrol (CHP
oracle,991,Babies born in California are required to have an approved car seat to transport an infant by,4.70283,+2.00,1226, car,0,2.6992,0.383108,1.67629,car. The California Highway Patrol (CHP
oracle,991,Babies born in California are required to have an approved car seat to transport an infant by,-4.70283,-2.00,1226, car,0,6.0509,-0.382909,-1.67541,car. The California Highway Patrol (CHP
md_full,991,Babies born in California are required to have an approved car seat to transport an infant by,0,+0.00,1226, car,0,4.37549,0,0,car. The California Highway Patrol (CHP
md_full,991,Babies born in California are required to have an approved car seat to transport an infant by,32.1155,+0.25,1226, car,0,4.12988,0.0561338,0.245613,car. The California Highway Patrol (CHP
md_full,991,Babies born in California are required to have an approved car seat to transport an infant by,-32.1155,-0.25,1226, car,0,4.61465,-0.0546587,-0.239159,car. The California Highway Patrol (CHP
md_full,991,Babies born in California are required to have an approved car seat to transport an infant by,64.2311,+0.50,1226, car,0,3.87887,0.1135,0.496616,car. The California Highway Patrol (CHP
md_full,991,Babies born in California are required to have an approved car seat to transport an infant by,-64.2311,-0.50,1226, car,0,4.84636,-0.107616,-0.470873,car. The California Highway Patrol (CHP
md_full,991,Babies born in California are required to have an approved car seat to transport an infant by,128.462,+1.00,1226, car,0,3.3653,0.230875,1.01019,car. The California Highway Patrol (CHP
md_full,991,Babies born in California are required to have an approved car seat to transport an infant by,-128.462,-1.00,1226, car,0,5.28406,-0.207649,-0.908566,car.  The California Highway Patrol (
md_full,991,Babies born in California are required to have an approved car seat to transport an infant by,256.924,+2.00,1226, car,0,2.32447,0.468751,2.05102,car. The California Highway Patrol (CHP
md_full,991,Babies born in California are required to have an approved car seat to transport an infant by,-256.924,-2.00,1226, car,0,6.03998,-0.380412,-1.66449,car.  The California  Department
jtw_legacy,991,Babies born in California are required to have an approved car seat to transport an infant by,0,+0.00,1226, car,0,4.37549,0,0,car. The California Highway Patrol (CHP
jtw_legacy,991,Babies born in California are required to have an approved car seat to transport an infant by,0.587854,+0.25,1226, car,0,4.36581,0.00221315,0.00968361,car. The California Highway Patrol (CHP
jtw_legacy,991,Babies born in California are required to have an approved car seat to transport an infant by,-0.587854,-0.25,1226, car,0,4.38517,-0.00221315,-0.00968361,car. The California Highway Patrol (CHP
jtw_legacy,991,Babies born in California are required to have an approved car seat to transport an infant by,1.17571,+0.50,1226, car,0,4.35611,0.00442848,0.0193768,car. The California Highway Patrol (CHP
jtw_legacy,991,Babies born in California are required to have an approved car seat to transport an infant by,-1.17571,-0.50,1226, car,0,4.39486,-0.0044276,-0.0193729,car. The California Highway Patrol (CHP
jtw_legacy,991,Babies born in California are required to have an approved car seat to transport an infant by,2.35141,+1.00,1226, car,0,4.33673,0.00885782,0.0387573,car. The California Highway Patrol (CHP
jtw_legacy,991,Babies born in California are required to have an approved car seat to transport an infant by,-2.35141,-1.00,1226, car,0,4.41423,-0.00885303,-0.0387363,car. The California Highway Patrol (CHP
jtw_legacy,991,Babies born in California are required to have an approved car seat to transport an infant by,4.70283,+2.00,1226, car,0,4.29794,0.0177244,0.0775528,car. The California Highway Patrol (CHP
jtw_legacy,991,Babies born in California are required to have an approved car seat to transport an infant by,-4.70283,-2.00,1226, car,0,4.45292,-0.0176973,-0.0774345,car. The California Highway Patrol (CHP
oracle,8,Water evaporates faster on hot,0,+0.00,235269,",",0,0.08288,0,0,", dry days than on cold, wet"
oracle,8,Water evaporates faster on hot,0.00785828,+0.25,235269,",",0,0.0792313,0.0440246,0.00364876,", dry days than on cold, wet"
oracle,8,Water evaporates faster on hot,-0.00785828,-0.25,235269,",",0,0.0865288,-0.0440246,-0.00364876,", dry days than on cold, wet"
oracle,8,Water evaporates faster on hot,0.0157166,+0.50,235269,",",0,0.0755825,0.0880492,0.00729752,", dry days than on cold, wet"
oracle,8,Water evaporates faster on hot,-0.0157166,-0.50,235269,",",0,0.0901814,-0.0880952,-0.00730133,", dry days than on cold, wet"
oracle,8,Water evaporates faster on hot,0.0314331,+1.00,235269,",",0,0.068285,0.176098,0.014595,", dry days than on cold, wet"
oracle,8,Water evaporates faster on hot,-0.0314331,-1.00,235269,",",0,0.0974808,-0.176167,-0.0146008,", dry days than on cold, wet"
oracle,8,Water evaporates faster on hot,0.0628662,+2.00,235269,",",0,0.053688,0.35222,0.029192,", dry days than on cold, wet"
oracle,8,Water evaporates faster on hot,-0.0628662,-2.00,235269,",",0,0.112078,-0.352289,-0.0291977,", dry days than on cold, wet"
md_full,8,Water evaporates faster on hot,0,+0.00,235269,",",0,0.08288,0,0,", dry days than on cold, wet"
md_full,8,Water evaporates faster on hot,0.354237,+0.25,235269,",",0,0.0878525,-0.0599959,-0.00497246,", dry days than on cold, wet"
md_full,8,Water evaporates faster on hot,-0.354237,-0.25,235269,",",0,0.0779133,0.0599268,0.00496674,", dry days than on cold, wet"
md_full,8,Water evaporates faster on hot,0.708474,+0.50,235269,",",0,0.0928249,-0.119992,-0.00994492,", dry days than on cold, wet"
md_full,8,Water evaporates faster on hot,-0.708474,-0.50,235269,",",0,0.0729389,0.119946,0.0099411,", dry days than on cold, wet"
md_full,8,Water evaporates faster on hot,1.41695,+1.00,235269,",",0,0.102766,-0.239937,-0.019886,", dry days than on cold, wet"
md_full,8,Water evaporates faster on hot,-1.41695,-1.00,235269,",",0,0.0629978,0.239891,0.0198822,", dry days than on cold, wet"
md_full,8,Water evaporates faster on hot,2.8339,+2.00,235269,",",0,0.122652,-0.479875,-0.039772,", dry days than on cold, wet"
md_full,8,Water evaporates faster on hot,-2.8339,-2.00,235269,",",0,0.0431213,0.479714,0.0397587,", dry days than on cold, wet"
jtw_legacy,8,Water evaporates faster on hot,0,+0.00,235269,",",0,0.08288,0,0,", dry days than on cold, wet"
jtw_legacy,8,Water evaporates faster on hot,0.00785828,+0.25,235269,",",0,0.0828018,0.000943548,7.82013e-05,", dry days than on cold, wet"
jtw_legacy,8,Water evaporates faster on hot,-0.00785828,-0.25,235269,",",0,0.082962,-0.000989575,-8.2016e-05,", dry days than on cold, wet"
jtw_legacy,8,Water evaporates faster on hot,0.0157166,+0.50,235269,",",0,0.0827198,0.00193312,0.000160217,", dry days than on cold, wet"
jtw_legacy,8,Water evaporates faster on hot,-0.0157166,-0.50,235269,",",0,0.083046,-0.00200216,-0.000165939,", dry days than on cold, wet"
jtw_legacy,8,Water evaporates faster on hot,0.0314331,+1.00,235269,",",0,0.0825539,0.00393529,0.000326157,", dry days than on cold, wet"
jtw_legacy,8,Water evaporates faster on hot,-0.0314331,-1.00,235269,",",0,0.0832062,-0.00393529,-0.000326157,", dry days than on cold, wet"
jtw_legacy,8,Water evaporates faster on hot,0.0628662,+2.00,235269,",",0,0.0822315,0.00782455,0.000648499,", dry days than on cold, wet"
jtw_legacy,8,Water evaporates faster on hot,-0.0628662,-2.00,235269,",",0,0.0835323,-0.00787057,-0.000652313,", dry days than on cold, wet"
oracle,2133,"Incidentally, black sand beaches are actually not made of soot or volcanic",0,+0.00,29001, ash,0,6.11959,0,0,"ash, but rather of tiny pieces of"
oracle,2133,"Incidentally, black sand beaches are actually not made of soot or volcanic",0.743115,+0.25,29001, ash,0,5.83737,0.0461173,0.282219,"ash, but rather of tiny pieces of"
oracle,2133,"Incidentally, black sand beaches are actually not made of soot or volcanic",-0.743115,-0.25,29001, ash,0,6.40181,-0.0461176,-0.282221,"ash, but rather of tiny pieces of"
oracle,2133,"Incidentally, black sand beaches are actually not made of soot or volcanic",1.48623,+0.50,29001, ash,0,5.55515,0.0922344,0.564436,"ash, but rather of tiny pieces of"
oracle,2133,"Incidentally, black sand beaches are actually not made of soot or volcanic",-1.48623,-0.50,29001, ash,0,6.68402,-0.092235,-0.56444,"ash, but rather of tiny pieces of"
oracle,2133,"Incidentally, black sand beaches are actually not made of soot or volcanic",2.97246,+1.00,29001, ash,0,4.99073,0.184467,1.12886,"ash, but rather of tiny pieces of"
oracle,2133,"Incidentally, black sand beaches are actually not made of soot or volcanic",-2.97246,-1.00,29001, ash,0,7.24847,-0.184471,-1.12889,"ash, but rather of tiny pieces of"
oracle,2133,"Incidentally, black sand beaches are actually not made of soot or volcanic",5.94492,+2.00,29001, ash,0,3.86194,0.368921,2.25764,"ash, but rather of tiny pieces of"
oracle,2133,"Incidentally, black sand beaches are actually not made of soot or volcanic",-5.94492,-2.00,29001, ash,0,8.37735,-0.368941,-2.25776,"ash, but rather of tiny pieces of"
md_full,2133,"Incidentally, black sand beaches are actually not made of soot or volcanic",0,+0.00,29001, ash,0,6.11959,0,0,"ash, but rather of tiny pieces of"
md_full,2133,"Incidentally, black sand beaches are actually not made of soot or volcanic",97.9585,+0.25,29001, ash,0,5.68118,0.0716398,0.438406,"ash, but of tiny pieces of rock"
md_full,2133,"Incidentally, black sand beaches are actually not made of soot or volcanic",-97.9585,-0.25,29001, ash,0,6.48186,-0.0591988,-0.362272,"ash, but rather of tiny bits of"
md_full,2133,"Incidentally, black sand beaches are actually not made of soot or volcanic",195.917,+0.50,29001, ash,0,5.18436,0.152825,0.935225,"ash, but of tiny, rounded,"
md_full,2133,"Incidentally, black sand beaches are actually not made of soot or volcanic",-195.917,-0.50,29001, ash,0,6.75851,-0.104407,-0.638926,"ash, but rather of tiny particles of"
md_full,2133,"Incidentally, black sand beaches are actually not made of soot or volcanic",391.834,+1.00,29001, ash,0,4.10651,0.328955,2.01307,"ash, but are composed of tiny,"
md_full,2133,"Incidentally, black sand beaches are actually not made of soot or volcanic",-391.834,-1.00,29001, ash,0,7.06182,-0.153971,-0.94224,"ash, but rather"
md_full,2133,"Incidentally, black sand beaches are actually not made of soot or volcanic",783.668,+2.00,5640, activity,0,2.12343,0.65301,3.99615,activity. They are composed of varying amounts
md_full,2133,"Incidentally, black sand beaches are actually not made of soot or volcanic",-783.668,-2.00,109,\n\n,0,6.98899,-0.142069,-0.869404,
oracle,4285,Bat secretions can actually be used in,0,+0.00,573, the,0,5.80621,0,0,the treatment of cancer.  The secretions
oracle,4285,Bat secretions can actually be used in,0.98045,+0.25,573, the,0,5.36904,0.0752932,0.437168,the treatment of cancer.  The secretions
oracle,4285,Bat secretions can actually be used in,-0.98045,-0.25,573, the,0,6.24333,-0.0752853,-0.437122,the treatment of cancer.  The secretions
oracle,4285,Bat secretions can actually be used in,1.9609,+0.50,573, the,0,4.93185,0.150591,0.874363,the treatment of cancer.  The secretions
oracle,4285,Bat secretions can actually be used in,-1.9609,-0.50,573, the,0,6.68041,-0.150563,-0.874203,the treatment of cancer.  The secretions
oracle,4285,Bat secretions can actually be used in,3.9218,+1.00,573, the,0,4.05737,0.301202,1.74884,the treatment of cancer.  The secretions
oracle,4285,Bat secretions can actually be used in,-3.9218,-1.00,573, the,0,7.55443,-0.301095,-1.74822,the treatment of cancer.  The secretions
oracle,4285,Bat secretions can actually be used in,7.8436,+2.00,573, the,0,2.30822,0.602457,3.49799,the treatment of cancer.  The secretions
oracle,4285,Bat secretions can actually be used in,-7.8436,-2.00,573, the,0,9.30176,-0.602036,-3.49555,the treatment of cancer.  The secretions
md_full,4285,Bat secretions can actually be used in,0,+0.00,573, the,0,5.80621,0,0,the treatment of cancer.  The secretions
md_full,4285,Bat secretions can actually be used in,54.6606,+0.25,573, the,0,5.14964,0.11308,0.656567,the treatment of cancer.  The secretions
md_full,4285,Bat secretions can actually be used in,-54.6606,-0.25,573, the,0,6.39906,-0.102106,-0.59285,the treatment of cancer.  The secretions
md_full,4285,Bat secretions can actually be used in,109.321,+0.50,573, the,0,4.45084,0.233435,1.35537,the treatment of cancer.  The secretions
md_full,4285,Bat secretions can actually be used in,-109.321,-0.50,573, the,0,6.91288,-0.190601,-1.10667,the treatment of cancer.  The secretions
md_full,4285,Bat secretions can actually be used in,218.642,+1.00,573, the,0,3.02217,0.479494,2.78404,the treatment of some diseases. The bat
md_full,4285,Bat secretions can actually be used in,-218.642,-1.00,573, the,0,7.68132,-0.322949,-1.87511,the treatment  of  cancer  Bat
md_full,4285,Bat secretions can actually be used in,437.285,+2.00,573, the,0,0.530815,0.908578,5.27539,the making of some of the most popular
md_full,4285,Bat secretions can actually be used in,-437.285,-2.00,109,\n\n,0,8.35273,-0.438586,-2.54652,He  He  He  He
jtw_legacy,4285,Bat secretions can actually be used in,0,+0.00,573, the,0,5.80621,0,0,the treatment of cancer.  The secretions
jtw_legacy,4285,Bat secretions can actually be used in,0.98045,+0.25,573, the,0,5.82007,-0.00238689,-0.0138588,the treatment of cancer.  The secretions
jtw_legacy,4285,Bat secretions can actually be used in,-0.98045,-0.25,573, the,0,5.79233,0.00239083,0.0138817,the treatment of cancer.  The secretions
jtw_legacy,4285,Bat secretions can actually be used in,1.9609,+0.50,573, the,0,5.83391,-0.0047705,-0.0276985,the treatment of cancer.  The secretions
jtw_legacy,4285,Bat secretions can actually be used in,-1.9609,-0.50,573, the,0,5.77843,0.00478364,0.0277748,the treatment of cancer.  The secretions
jtw_legacy,4285,Bat secretions can actually be used in,3.9218,+1.00,573, the,0,5.86154,-0.00952983,-0.0553322,the treatment of cancer.  The secretions
jtw_legacy,4285,Bat secretions can actually be used in,-3.9218,-1.00,573, the,0,5.7506,0.00957845,0.0556145,the treatment of cancer.  The secretions
jtw_legacy,4285,Bat secretions can actually be used in,7.8436,+2.00,573, the,0,5.9166,-0.0190124,-0.11039,the treatment of cancer.  The secretions
jtw_legacy,4285,Bat secretions can actually be used in,-7.8436,-2.00,573, the,0,5.69472,0.0192022,0.111492,the treatment of cancer.  The secretions
oracle,1304,There are exactly as many even numbers as there are odd,0,+0.00,5968, numbers,0,6.09725,0,0,"numbers in the set {1,"
oracle,1304,There are exactly as many even numbers as there are odd,0.689065,+0.25,5968, numbers,0,5.92167,0.0287958,0.175575,"numbers in the set {1,"
oracle,1304,There are exactly as many even numbers as there are odd,-0.689065,-0.25,5968, numbers,0,6.27282,-0.0287959,-0.175576,"numbers in the set {1,"
oracle,1304,There are exactly as many even numbers as there are odd,1.37813,+0.50,5968, numbers,0,5.74609,0.0575921,0.351153,"numbers in the set {1,"
oracle,1304,There are exactly as many even numbers as there are odd,-1.37813,-0.50,5968, numbers,0,6.4484,-0.0575916,-0.35115,"numbers in the set {1,"
oracle,1304,There are exactly as many even numbers as there are odd,2.75626,+1.00,5968, numbers,0,5.39494,0.115185,0.702311,"numbers in the set {1,"
oracle,1304,There are exactly as many even numbers as there are odd,-2.75626,-1.00,5968, numbers,0,6.79954,-0.115182,-0.702292,numbers in the list.  The list
oracle,1304,There are exactly as many even numbers as there are odd,5.51252,+2.00,5968, numbers,0,4.69261,0.230372,1.40464,"numbers in the set {1,"
oracle,1304,There are exactly as many even numbers as there are odd,-5.51252,-2.00,5968, numbers,0,7.5018,-0.230359,-1.40455,numbers in the list.  The list
md_full,1304,There are exactly as many even numbers as there are odd,0,+0.00,5968, numbers,0,6.09725,0,0,"numbers in the set {1,"
md_full,1304,There are exactly as many even numbers as there are odd,112.19,+0.25,5968, numbers,0,6.27651,-0.0294014,-0.179267,numbers in the list. How many numbers
md_full,1304,There are exactly as many even numbers as there are odd,-112.19,-0.25,5968, numbers,0,5.8785,0.0358767,0.218749,numbers in the set  $S =
md_full,1304,There are exactly as many even numbers as there are odd,224.379,+0.50,5968, numbers,0,6.41448,-0.0520295,-0.317237,numbers in the list. How many numbers
md_full,1304,There are exactly as many even numbers as there are odd,-224.379,-0.50,109,\n\n,0,5.62432,0.0775638,0.472926,numbers  The  The  The
md_full,1304,There are exactly as many even numbers as there are odd,448.758,+1.00,5968, numbers,0,6.57035,-0.0775937,-0.473108,numbers in the list. How many numbers
md_full,1304,There are exactly as many even numbers as there are odd,-448.758,-1.00,109,\n\n,0,5.03467,0.174271,1.06257,
md_full,1304,There are exactly as many even numbers as there are odd,897.516,+2.00,5968, numbers,0,6.50923,-0.0675685,-0.411982,numbers in a sequence of numbers. Each
md_full,1304,There are exactly as many even numbers as there are odd,-897.516,-2.00,109,\n\n,0,3.73437,0.387531,2.36287,
oracle,890,Gorillas have been known to use sign language to communicate with,0,+0.00,1853, each,0,3.53571,0,0,each other.  The apes have been
oracle,890,Gorillas have been known to use sign language to communicate with,0.355377,+0.25,1853, each,0,3.34628,0.0535753,0.189426,each other.  The apes have been
oracle,890,Gorillas have been known to use sign language to communicate with,-0.355377,-0.25,1853, each,0,3.72511,-0.0535699,-0.189407,each other.  The apes have been
oracle,890,Gorillas have been known to use sign language to communicate with,0.710755,+0.50,1853, each,0,3.15684,0.107154,0.378864,each other.  The apes have been
oracle,890,Gorillas have been known to use sign language to communicate with,-0.710755,-0.50,1853, each,0,3.91452,-0.10714,-0.378815,each other.  The apes have been
oracle,890,Gorillas have been known to use sign language to communicate with,1.42151,+1.00,1853, each,0,2.77796,0.214313,0.757748,each other.  The apes have been
oracle,890,Gorillas have been known to use sign language to communicate with,-1.42151,-1.00,1853, each,0,4.29331,-0.214272,-0.757603,each other.  The apes have been
oracle,890,Gorillas have been known to use sign language to communicate with,2.84302,+2.00,1853, each,0,2.0201,0.428656,1.5156,each other.  The apes have been
oracle,890,Gorillas have been known to use sign language to communicate with,-2.84302,-2.00,1853, each,0,5.05078,-0.428507,-1.51508,each other.  The gorillas at
md_full,890,Gorillas have been known to use sign language to communicate with,0,+0.00,1853, each,0,3.53571,0,0,each other.  The apes have been
md_full,890,Gorillas have been known to use sign language to communicate with,23.6684,+0.25,1853, each,0,3.80837,-0.0771181,-0.272667,each other. They have been observed using
md_full,890,Gorillas have been known to use sign language to communicate with,-23.6684,-0.25,1853, each,0,3.25877,0.0783243,0.276932,each other.  The apes have been
md_full,890,Gorillas have been known to use sign language to communicate with,47.3368,+0.50,1853, each,0,4.076,-0.152811,-0.540295,each other. They use their hands to
md_full,890,Gorillas have been known to use sign language to communicate with,-47.3368,-0.50,1853, each,0,2.97844,0.15761,0.557262,each other.  The apes have been
md_full,890,Gorillas have been known to use sign language to communicate with,94.6736,+1.00,1853, each,0,4.59321,-0.299092,-1.0575,each other. They use their hands to
md_full,890,Gorillas have been known to use sign language to communicate with,-94.6736,-1.00,1853, each,0,2.41105,0.318084,1.12465,each other.  The gorilla at the
md_full,890,Gorillas have been known to use sign language to communicate with,189.347,+2.00,1853, each,0,5.53926,-0.566664,-2.00356,each other. They use their hands to
md_full,890,Gorillas have been known to use sign language to communicate with,-189.347,-2.00,1853, each,0,1.27427,0.639599,2.26143,each other.  The gorilla at the
oracle,3854,A feather is the lightest thing in the,0,+0.00,2134, world,0,6.3836,0,0,world. It is so light that it
oracle,3854,A feather is the lightest thing in the,0.803629,+0.25,2134, world,0,6.11425,0.0421944,0.269352,world. It is so light that it
oracle,3854,A feather is the lightest thing in the,-0.803629,-0.25,2134, world,0,6.6529,-0.0421866,-0.269302,world. It is so light that it
oracle,3854,A feather is the lightest thing in the,1.60726,+0.50,2134, world,0,5.84484,0.0843977,0.538761,world. It is so light that it
oracle,3854,A feather is the lightest thing in the,-1.60726,-0.50,2134, world,0,6.92215,-0.0843643,-0.538548,world. It is so light that it
oracle,3854,A feather is the lightest thing in the,3.21452,+1.00,2134, world,0,5.30589,0.168825,1.07771,world. It is so light that it
oracle,3854,A feather is the lightest thing in the,-3.21452,-1.00,2134, world,0,7.46049,-0.168697,-1.07689,world. It is so light that it
oracle,3854,A feather is the lightest thing in the,6.42903,+2.00,2134, world,0,4.22738,0.337774,2.15622,world. It is so light that it
oracle,3854,A feather is the lightest thing in the,-6.42903,-2.00,2134, world,0,8.53653,-0.33726,-2.15293,world. It is so light that it
md_full,3854,A feather is the lightest thing in the,0,+0.00,2134, world,0,6.3836,0,0,world. It is so light that it
md_full,3854,A feather is the lightest thing in the,187.014,+0.25,2134, world,0,6.61952,-0.0369578,-0.235924,world. It is so light that it
md_full,3854,A feather is the lightest thing in the,-187.014,-0.25,2134, world,0,5.90955,0.074261,0.474052,world.  It is the lightest thing
md_full,3854,A feather is the lightest thing in the,374.028,+0.50,2134, world,0,6.60337,-0.0344283,-0.219776,world. It weighs about one-tenth
md_full,3854,A feather is the lightest thing in the,-374.028,-0.50,2134, world,0,5.28329,0.172364,1.1003,world.  It is  He
md_full,3854,A feather is the lightest thing in the,748.055,+1.00,2134, world,0,6.07887,0.0477354,0.304724,world. They are often used as a
md_full,3854,A feather is the lightest thing in the,-748.055,-1.00,109,\n\n,0,3.96418,0.379006,2.41942,
md_full,3854,A feather is the lightest thing in the,1496.11,+2.00,46565, weighing,0,4.76566,0.253453,1.61794,weighing weighing weighing weighing weighing weighing weighing weighing
md_full,3854,A feather is the lightest thing in the,-1496.11,-2.00,109,\n\n,0,2.08607,0.673213,4.29752,
jtw_legacy,3854,A feather is the lightest thing in the,0,+0.00,2134, world,0,6.3836,0,0,world. It is so light that it
jtw_legacy,3854,A feather is the lightest thing in the,0.803629,+0.25,2134, world,0,6.38544,-0.000288033,-0.00183868,world. It is so light that it
jtw_legacy,3854,A feather is the lightest thing in the,-0.803629,-0.25,2134, world,0,6.38175,0.000289228,0.00184631,world. It is so light that it
jtw_legacy,3854,A feather is the lightest thing in the,1.60726,+0.50,2134, world,0,6.38728,-0.000576065,-0.00367737,world. It is so light that it
jtw_legacy,3854,A feather is the lightest thing in the,-1.60726,-0.50,2134, world,0,6.3799,0.000579651,0.00370026,world. It is so light that it
jtw_legacy,3854,A feather is the lightest thing in the,3.21452,+1.00,2134, world,0,6.39094,-0.00114974,-0.00733948,world. It is so light that it
jtw_legacy,3854,A feather is the lightest thing in the,-3.21452,-1.00,2134, world,0,6.37618,0.00116229,0.00741959,world. It is so light that it
jtw_legacy,3854,A feather is the lightest thing in the,6.42903,+2.00,2134, world,0,6.39821,-0.00228872,-0.0146103,world. It is so light that it
jtw_legacy,3854,A feather is the lightest thing in the,-6.42903,-2.00,2134, world,0,6.36869,0.00233474,0.014904,world. It is so light that it
oracle,2749,The nearest pizza place to the White House is a place called,0,+0.00,33787, Pizza,0,1.59478,0,0,Pizza Hut.  The White House is
oracle,2749,The nearest pizza place to the White House is a place called,0.14144,+0.25,33787, Pizza,0,1.51058,0.0527949,0.0841961,Pizza Hut.  The White House is
oracle,2749,The nearest pizza place to the White House is a place called,-0.14144,-0.25,33787, Pizza,0,1.67898,-0.0527985,-0.0842018,Pizza Hut.  The White House is
oracle,2749,The nearest pizza place to the White House is a place called,0.282879,+0.50,33787, Pizza,0,1.42638,0.105592,0.168396,Pizza Hut.  The White House is
oracle,2749,The nearest pizza place to the White House is a place called,-0.282879,-0.50,33787, Pizza,0,1.76318,-0.105598,-0.168406,Pizza Hut.  The White House is
oracle,2749,The nearest pizza place to the White House is a place called,0.565759,+1.00,33787, Pizza,0,1.25799,0.211179,0.336782,Pizza Hut.  The White House is
oracle,2749,The nearest pizza place to the White House is a place called,-0.565759,-1.00,33787, Pizza,0,1.93159,-0.211198,-0.336813,Pizza Hut.  The White House is
oracle,2749,The nearest pizza place to the White House is a place called,1.13152,+2.00,33787, Pizza,0,0.921228,0.422346,0.673548,Pizza Hut.  The White House is
oracle,2749,The nearest pizza place to the White House is a place called,-1.13152,-2.00,33787, Pizza,0,2.26843,-0.422411,-0.673651,Pizza Hut.  The White House is
md_full,2749,The nearest pizza place to the White House is a place called,0,+0.00,33787, Pizza,0,1.59478,0,0,Pizza Hut.  The White House is
md_full,2749,The nearest pizza place to the White House is a place called,9.81563,+0.25,33787, Pizza,0,1.68231,-0.0548879,-0.087534,Pizza Hut.  The White House is
md_full,2749,The nearest pizza place to the White House is a place called,-9.81563,-0.25,33787, Pizza,0,1.50733,0.0548329,0.0874462,Pizza Hut.  The White House is
md_full,2749,The nearest pizza place to the White House is a place called,19.6313,+0.50,33787, Pizza,0,1.76988,-0.109801,-0.175108,Pizza Hut.  The White House is
md_full,2749,The nearest pizza place to the White House is a place called,-19.6313,-0.50,33787, Pizza,0,1.42002,0.109579,0.174753,Pizza Hut.  The White House is
md_full,2749,The nearest pizza place to the White House is a place called,39.2625,+1.00,33787, Pizza,0,1.94497,-0.219586,-0.350191,Pizza Hut.  The White House is
md_full,2749,The nearest pizza place to the White House is a place called,-39.2625,-1.00,33787, Pizza,0,1.24599,0.218706,0.348787,Pizza Hut.  The White House is
md_full,2749,The nearest pizza place to the White House is a place called,78.525,+2.00,33787, Pizza,0,2.29352,-0.438147,-0.698746,Pizza Hut.  The White House is
md_full,2749,The nearest pizza place to the White House is a place called,-78.525,-2.00,33787, Pizza,0,0.901478,0.434731,0.693298,Pizza Hut.  The White House is
jtw_legacy,2749,The nearest pizza place to the White House is a place called,0,+0.00,33787, Pizza,0,1.59478,0,0,Pizza Hut.  The White House is
jtw_legacy,2749,The nearest pizza place to the White House is a place called,0.14144,+0.25,33787, Pizza,0,1.59416,0.000383915,0.000612259,Pizza Hut.  The White House is
jtw_legacy,2749,The nearest pizza place to the White House is a place called,-0.14144,-0.25,33787, Pizza,0,1.59539,-0.000382719,-0.000610352,Pizza Hut.  The White House is
jtw_legacy,2749,The nearest pizza place to the White House is a place called,0.282879,+0.50,33787, Pizza,0,1.59355,0.000767831,0.00122452,Pizza Hut.  The White House is
jtw_legacy,2749,The nearest pizza place to the White House is a place called,-0.282879,-0.50,33787, Pizza,0,1.596,-0.000769027,-0.00122643,Pizza Hut.  The White House is
jtw_legacy,2749,The nearest pizza place to the White House is a place called,0.565759,+1.00,33787, Pizza,0,1.59232,0.00153925,0.00245476,Pizza Hut.  The White House is
jtw_legacy,2749,The nearest pizza place to the White House is a place called,-0.565759,-1.00,33787, Pizza,0,1.59722,-0.00153447,-0.00244713,Pizza Hut.  The White House is
jtw_legacy,2749,The nearest pizza place to the White House is a place called,1.13152,+2.00,33787, Pizza,0,1.58988,0.00307132,0.00489807,Pizza Hut.  The White House is
jtw_legacy,2749,The nearest pizza place to the White House is a place called,-1.13152,-2.00,33787, Pizza,0,1.59968,-0.00307371,-0.00490189,Pizza Hut.  The White House is
oracle,1124,Cardboard is recyclable up to seven,0,+0.00,3023, times,0,10.0586,0,0,"times, and it’s a great"
oracle,1124,Cardboard is recyclable up to seven,1.0031,+0.25,3023, times,0,9.67192,0.038446,0.386715,"times, and it’s a great"
oracle,1124,Cardboard is recyclable up to seven,-1.0031,-0.25,3023, times,0,10.4454,-0.0384483,-0.386738,"times, and it’s a great"
oracle,1124,Cardboard is recyclable up to seven,2.00621,+0.50,3023, times,0,9.28525,0.0768883,0.773392,"times, and it’s a great"
oracle,1124,Cardboard is recyclable up to seven,-2.00621,-0.50,3023, times,0,10.8322,-0.0769004,-0.773514,"times, and it’s a great"
oracle,1124,Cardboard is recyclable up to seven,4.01241,+1.00,3023, times,0,8.51198,0.153764,1.54666,"times, and it’s a great"
oracle,1124,Cardboard is recyclable up to seven,-4.01241,-1.00,3023, times,0,11.6058,-0.153812,-1.54714,"times, and it’s a great"
oracle,1124,Cardboard is recyclable up to seven,8.02482,+2.00,3023, times,0,6.96588,0.307473,3.09276,"times, and it’s a great"
oracle,1124,Cardboard is recyclable up to seven,-8.02482,-2.00,3023, times,0,13.1533,-0.307664,-3.09468,"times, and it’s a great"
md_full,1124,Cardboard is recyclable up to seven,0,+0.00,3023, times,0,10.0586,0,0,"times, and it’s a great"
md_full,1124,Cardboard is recyclable up to seven,27.8906,+0.25,3023, times,0,10.5484,-0.0486906,-0.489761,"times, and it’s a great"
md_full,1124,Cardboard is recyclable up to seven,-27.8906,-0.25,3023, times,0,9.56241,0.0493334,0.496227,times.  The average American throws away
md_full,1124,Cardboard is recyclable up to seven,55.7811,+0.50,3023, times,0,11.0307,-0.096636,-0.972027,"times, and it’s a great"
md_full,1124,Cardboard is recyclable up to seven,-55.7811,-0.50,3023, times,0,9.06078,0.0992039,0.997856,times.  The average American throws away
md_full,1124,Cardboard is recyclable up to seven,111.562,+1.00,3023, times,0,11.9689,-0.189909,-1.91022,"times, and it’s a great"
md_full,1124,Cardboard is recyclable up to seven,-111.562,-1.00,3023, times,0,8.04571,0.200119,2.01293,times.  The average American throws away
md_full,1124,Cardboard is recyclable up to seven,223.124,+2.00,3023, times,0,13.7165,-0.363654,-3.65787,"times, and it’s a great"
md_full,1124,Cardboard is recyclable up to seven,-223.124,-2.00,3023, times,0,5.99907,0.403591,4.05957,times.  The average person throws away
jtw_legacy,1124,Cardboard is recyclable up to seven,0,+0.00,3023, times,0,10.0586,0,0,"times, and it’s a great"
jtw_legacy,1124,Cardboard is recyclable up to seven,1.0031,+0.25,3023, times,0,10.0761,-0.00173657,-0.0174675,"times, and it’s a great"
jtw_legacy,1124,Cardboard is recyclable up to seven,-1.0031,-0.25,3023, times,0,10.0412,0.00173751,0.017477,"times, and it’s a great"
jtw_legacy,1124,Cardboard is recyclable up to seven,2.00621,+0.50,3023, times,0,10.0936,-0.003472,-0.0349236,"times, and it’s a great"
jtw_legacy,1124,Cardboard is recyclable up to seven,-2.00621,-0.50,3023, times,0,10.0237,0.00347541,0.0349579,"times, and it’s a great"
jtw_legacy,1124,Cardboard is recyclable up to seven,4.01241,+1.00,3023, times,0,10.1285,-0.00694039,-0.0698109,"times, and it’s a great"
jtw_legacy,1124,Cardboard is recyclable up to seven,-4.01241,-1.00,3023, times,0,9.98869,0.00695461,0.0699539,"times, and it’s a great"
jtw_legacy,1124,Cardboard is recyclable up to seven,8.02482,+2.00,3023, times,0,10.1981,-0.0138664,-0.139477,"times, and it’s a great"
jtw_legacy,1124,Cardboard is recyclable up to seven,-8.02482,-2.00,3023, times,0,9.9186,0.0139227,0.140043,"times, and it’s a great"
oracle,1084,Humans are not the only species to experience complex,0,+0.00,22079, emotions,0,5.77765,0,0,"emotions. In fact, many animals have"
oracle,1084,Humans are not the only species to experience complex,0.602221,+0.25,22079, emotions,0,5.31217,0.0805658,0.465481,"emotions. In fact, many animals have"
oracle,1084,Humans are not the only species to experience complex,-0.602221,-0.25,22079, emotions,0,6.24314,-0.0805671,-0.465488,"emotions. In fact, many animals have"
oracle,1084,Humans are not the only species to experience complex,1.20444,+0.50,22079, emotions,0,4.84671,0.161128,0.930943,"emotions. In fact, many animals have"
oracle,1084,Humans are not the only species to experience complex,-1.20444,-0.50,22079, emotions,0,6.70864,-0.161138,-0.930996,"emotions. In fact, many animals have"
oracle,1084,Humans are not the only species to experience complex,2.40888,+1.00,22079, emotions,0,3.91585,0.322242,1.8618,"emotions. In fact, many animals have"
oracle,1084,Humans are not the only species to experience complex,-2.40888,-1.00,22079, emotions,0,7.63969,-0.322283,-1.86204,"emotions. Animals, too, have been"
oracle,1084,Humans are not the only species to experience complex,4.81777,+2.00,22079, emotions,0,2.05444,0.644416,3.72321,"emotions. In fact, many animals have"
oracle,1084,Humans are not the only species to experience complex,-4.81777,-2.00,22079, emotions,0,9.50184,-0.644586,-3.72419,"emotions. Animals, too, have been"
md_full,1084,Humans are not the only species to experience complex,0,+0.00,22079, emotions,0,5.77765,0,0,"emotions. In fact, many animals have"
md_full,1084,Humans are not the only species to experience complex,521.06,+0.25,235269,",",0,3.62044,0.373371,2.15721,", often varying, and often conflicting,"
md_full,1084,Humans are not the only species to experience complex,-521.06,-0.25,109,\n\n,0,4.41244,0.236292,1.36521,
md_full,1084,Humans are not the only species to experience complex,1042.12,+0.50,235269,",",0,2.10407,0.635826,3.67358,", varying, and often differing, communicative"
md_full,1084,Humans are not the only species to experience complex,-1042.12,-0.50,109,\n\n,0,2.92023,0.494563,2.85741,
md_full,1084,Humans are not the only species to experience complex,2084.24,+1.00,206515, Borne,0,0.957533,0.834269,4.82012,Borne Borne Borne Borne Borne Borne Borne Borne
md_full,1084,Humans are not the only species to experience complex,-2084.24,-1.00,109,\n\n,0,1.75255,0.696667,4.0251,
md_full,1084,Humans are not the only species to experience complex,4168.48,+2.00,44415,inander,0,0.299138,0.948225,5.47851,inander Their Their Their Their Their Their Their
md_full,1084,Humans are not the only species to experience complex,-4168.48,-2.00,109,\n\n,0,1.08448,0.812297,4.69317,
jtw_legacy,1084,Humans are not the only species to experience complex,0,+0.00,22079, emotions,0,5.77765,0,0,"emotions. In fact, many animals have"
jtw_legacy,1084,Humans are not the only species to experience complex,0.602221,+0.25,22079, emotions,0,5.77154,0.00105772,0.00611115,"emotions. In fact, many animals have"
jtw_legacy,1084,Humans are not the only species to experience complex,-0.602221,-0.25,22079, emotions,0,5.78374,-0.00105508,-0.00609589,"emotions. In fact, many animals have"
jtw_legacy,1084,Humans are not the only species to experience complex,1.20444,+0.50,22079, emotions,0,5.76541,0.00211808,0.0122375,"emotions. In fact, many animals have"
jtw_legacy,1084,Humans are not the only species to experience complex,-1.20444,-0.50,22079, emotions,0,5.78984,-0.00211082,-0.0121956,"emotions. In fact, many animals have"
jtw_legacy,1084,Humans are not the only species to experience complex,2.40888,+1.00,22079, emotions,0,5.75314,0.00424145,0.0245056,"emotions. In fact, many animals have"
jtw_legacy,1084,Humans are not the only species to experience complex,-2.40888,-1.00,22079, emotions,0,5.80201,-0.0042157,-0.0243568,"emotions. In fact, many animals have"
jtw_legacy,1084,Humans are not the only species to experience complex,4.81777,+2.00,22079, emotions,0,5.72852,0.00850403,0.0491333,"emotions. In fact, many animals have"
jtw_legacy,1084,Humans are not the only species to experience complex,-4.81777,-2.00,22079, emotions,0,5.82623,-0.00840895,-0.048584,"emotions. In fact, many animals have"
oracle,1340,"Dolphins are very intelligent mammals, and are recognized as one of the smartest animal species on",0,+0.00,573, the,0,2.50331,0,0,the planet. They are also very social
oracle,1340,"Dolphins are very intelligent mammals, and are recognized as one of the smartest animal species on",0.229774,+0.25,573, the,0,2.39509,0.0432319,0.108223,the planet. They are also very social
oracle,1340,"Dolphins are very intelligent mammals, and are recognized as one of the smartest animal species on",-0.229774,-0.25,573, the,0,2.61153,-0.0432303,-0.108219,the planet. They are also very social
oracle,1340,"Dolphins are very intelligent mammals, and are recognized as one of the smartest animal species on",0.459548,+0.50,573, the,0,2.28687,0.0864652,0.21645,the planet. They are also very social
oracle,1340,"Dolphins are very intelligent mammals, and are recognized as one of the smartest animal species on",-0.459548,-0.50,573, the,0,2.71974,-0.0864561,-0.216427,the planet. They are also very social
oracle,1340,"Dolphins are very intelligent mammals, and are recognized as one of the smartest animal species on",0.919095,+1.00,573, the,0,2.0704,0.172937,0.432915,the planet. They are also very social
oracle,1340,"Dolphins are very intelligent mammals, and are recognized as one of the smartest animal species on",-0.919095,-1.00,573, the,0,2.93615,-0.172905,-0.432835,the planet. They are also very social
oracle,1340,"Dolphins are very intelligent mammals, and are recognized as one of the smartest animal species on",1.83819,+2.00,573, the,0,1.63741,0.345905,0.86591,the planet. They are also very social
oracle,1340,"Dolphins are very intelligent mammals, and are recognized as one of the smartest animal species on",-1.83819,-2.00,573, the,0,3.3689,-0.345774,-0.865582,the planet. They are also very social
md_full,1340,"Dolphins are very intelligent mammals, and are recognized as one of the smartest animal species on",0,+0.00,573, the,0,2.50331,0,0,the planet. They are also very social
md_full,1340,"Dolphins are very intelligent mammals, and are recognized as one of the smartest animal species on",23.1791,+0.25,573, the,0,2.37798,0.0500664,0.125332,the planet. They are also very social
md_full,1340,"Dolphins are very intelligent mammals, and are recognized as one of the smartest animal species on",-23.1791,-0.25,573, the,0,2.6269,-0.04937,-0.123589,the planet. They are also very social
md_full,1340,"Dolphins are very intelligent mammals, and are recognized as one of the smartest animal species on",46.3582,+0.50,573, the,0,2.25119,0.100718,0.252129,the planet. They are also very social
md_full,1340,"Dolphins are very intelligent mammals, and are recognized as one of the smartest animal species on",-46.3582,-0.50,573, the,0,2.7485,-0.0979445,-0.245186,the planet. They are also very social
md_full,1340,"Dolphins are very intelligent mammals, and are recognized as one of the smartest animal species on",92.7163,+1.00,573, the,0,1.99428,0.203344,0.509033,the planet. They are also very social
md_full,1340,"Dolphins are very intelligent mammals, and are recognized as one of the smartest animal species on",-92.7163,-1.00,573, the,0,2.98475,-0.19232,-0.481438,the planet.  They are also very
md_full,1340,"Dolphins are very intelligent mammals, and are recognized as one of the smartest animal species on",185.433,+2.00,573, the,0,1.47508,0.41075,1.02824,the planet. They are also very social
md_full,1340,"Dolphins are very intelligent mammals, and are recognized as one of the smartest animal species on",-185.433,-2.00,573, the,0,3.42382,-0.367716,-0.920509,the planet.  They are also very
oracle,3974,"Zebras are red, not white with black",0,+0.00,44735, stripes,0,4.4611,0,0,stripes.  The zebra is a horse
oracle,3974,"Zebras are red, not white with black",0.527216,+0.25,44735, stripes,0,4.28801,0.0388007,0.173094,stripes.  The zebra is a horse
oracle,3974,"Zebras are red, not white with black",-0.527216,-0.25,44735, stripes,0,4.6342,-0.0388028,-0.173103,stripes.  The zebra is a horse
oracle,3974,"Zebras are red, not white with black",1.05443,+0.50,44735, stripes,0,4.11492,0.0775993,0.346178,stripes.  The zebra is a horse
oracle,3974,"Zebras are red, not white with black",-1.05443,-0.50,44735, stripes,0,4.80731,-0.0776074,-0.346214,stripes.  The stripes are actually black
oracle,3974,"Zebras are red, not white with black",2.10886,+1.00,44735, stripes,0,3.76878,0.155191,0.692324,stripes.  The zebra is a horse
oracle,3974,"Zebras are red, not white with black",-2.10886,-1.00,44735, stripes,0,5.15357,-0.155223,-0.692467,stripes.  The stripes are actually black
oracle,3974,"Zebras are red, not white with black",4.21773,+2.00,44735, stripes,0,3.0766,0.310348,1.38449,stripes.  The zebra is a type
oracle,3974,"Zebras are red, not white with black",-4.21773,-2.00,44735, stripes,0,5.84617,-0.310477,-1.38507,stripes.  The stripes are actually black
md_full,3974,"Zebras are red, not white with black",0,+0.00,44735, stripes,0,4.4611,0,0,stripes.  The zebra is a horse
md_full,3974,"Zebras are red, not white with black",155.149,+0.25,44735, stripes,0,4.54395,-0.0185707,-0.0828457,stripes. They are a species of African
md_full,3974,"Zebras are red, not white with black",-155.149,-0.25,44735, stripes,0,4.28234,0.0400705,0.178759,stripes.  The white stripes on ze
md_full,3974,"Zebras are red, not white with black",310.297,+0.50,44735, stripes,0,4.52877,-0.0151695,-0.0676727,stripes. They are a species of African
md_full,3974,"Zebras are red, not white with black",-310.297,-0.50,109,\n\n,0,4.02726,0.0972499,0.433842,[User   0
md_full,3974,"Zebras are red, not white with black",620.594,+1.00,235269,",",0,4.27432,0.0418692,0.186783,", and they are not their own species"
md_full,3974,"Zebras are red, not white with black",-620.594,-1.00,109,\n\n,0,3.4048,0.23678,1.0563,He  He  He  He
md_full,3974,"Zebras are red, not white with black",1241.19,+2.00,235269,",",0,3.48918,0.217866,0.971922,", their distinguishing characteristic. They are often"
md_full,3974,"Zebras are red, not white with black",-1241.19,-2.00,109,\n\n,0,2.26803,0.491598,2.19307,
oracle,4010,"If an owl and a cat breed, the offspring is called a",0,+0.00,24107, barn,0,3.4521,0,0,barn owl. The barn owl is a
oracle,4010,"If an owl and a cat breed, the offspring is called a",0.276641,+0.25,24107, barn,0,3.29947,0.0442126,0.152626,barn owl. The barn owl is a
oracle,4010,"If an owl and a cat breed, the offspring is called a",-0.276641,-0.25,24107, barn,0,3.60472,-0.0442131,-0.152628,barn owl. The barn owl is a
oracle,4010,"If an owl and a cat breed, the offspring is called a",0.553282,+0.50,24107, barn,0,3.14686,0.0884213,0.305239,barn owl. The barn owl is a
oracle,4010,"If an owl and a cat breed, the offspring is called a",-0.553282,-0.50,24107, barn,0,3.75737,-0.0884307,-0.305271,barn owl. Barn owls are nocturnal birds
oracle,4010,"If an owl and a cat breed, the offspring is called a",1.10656,+1.00,24107, barn,0,2.84164,0.176837,0.610458,barn owl. The barn owl is a
oracle,4010,"If an owl and a cat breed, the offspring is called a",-1.10656,-1.00,24107, barn,0,4.06265,-0.176866,-0.610559,barn owl. Barn owls are nocturnal birds
oracle,4010,"If an owl and a cat breed, the offspring is called a",2.21313,+2.00,24107, barn,0,2.2313,0.353638,1.22079,barn owl. The barn owl is a
oracle,4010,"If an owl and a cat breed, the offspring is called a",-2.21313,-2.00,24107, barn,0,4.67332,-0.353765,-1.22123,barn owl. Barn owls are nocturnal birds
md_full,4010,"If an owl and a cat breed, the offspring is called a",0,+0.00,24107, barn,0,3.4521,0,0,barn owl. The barn owl is a
md_full,4010,"If an owl and a cat breed, the offspring is called a",25.089,+0.25,24107, barn,0,3.581,-0.0373415,-0.128906,barn owl. Barn owls are nocturnal birds
md_full,4010,"If an owl and a cat breed, the offspring is called a",-25.089,-0.25,24107, barn,0,3.32076,0.0380448,0.131334,barn owl. The barn owl is a
md_full,4010,"If an owl and a cat breed, the offspring is called a",50.178,+0.50,24107, barn,0,3.70712,-0.0738762,-0.255028,barn owl. Barn owls are nocturnal birds
md_full,4010,"If an owl and a cat breed, the offspring is called a",-50.178,-0.50,24107, barn,0,3.18737,0.0766858,0.264727,barn owl.  The barn owl is
md_full,4010,"If an owl and a cat breed, the offspring is called a",100.356,+1.00,24107, barn,0,3.94968,-0.144139,-0.497581,barn owl. Barn owls are a type
md_full,4010,"If an owl and a cat breed, the offspring is called a",-100.356,-1.00,24107, barn,0,2.91596,0.155308,0.536137,barn owl.  The barn owl is
md_full,4010,"If an owl and a cat breed, the offspring is called a",200.712,+2.00,24107, barn,0,4.38823,-0.271178,-0.936132,barn owl. Barn owls are a species
md_full,4010,"If an owl and a cat breed, the offspring is called a",-200.712,-2.00,109,\n\n,0,2.36527,0.31483,1.08682,A  A  A  A
jtw_legacy,4010,"If an owl and a cat breed, the offspring is called a",0,+0.00,24107, barn,0,3.4521,0,0,barn owl. The barn owl is a
jtw_legacy,4010,"If an owl and a cat breed, the offspring is called a",0.276641,+0.25,24107, barn,0,3.45347,-0.000397261,-0.00137138,barn owl. The barn owl is a
jtw_legacy,4010,"If an owl and a cat breed, the offspring is called a",-0.276641,-0.25,24107, barn,0,3.45072,0.000398919,0.00137711,barn owl. The barn owl is a
jtw_legacy,4010,"If an owl and a cat breed, the offspring is called a",0.553282,+0.50,24107, barn,0,3.45484,-0.00079618,-0.00274849,barn owl. The barn owl is a
jtw_legacy,4010,"If an owl and a cat breed, the offspring is called a",-0.553282,-0.50,24107, barn,0,3.44934,0.000797285,0.0027523,barn owl. The barn owl is a
jtw_legacy,4010,"If an owl and a cat breed, the offspring is called a",1.10656,+1.00,24107, barn,0,3.45759,-0.00159291,-0.00549889,barn owl. The barn owl is a
jtw_legacy,4010,"If an owl and a cat breed, the offspring is called a",-1.10656,-1.00,24107, barn,0,3.44659,0.00159512,0.00550652,barn owl. The barn owl is a
jtw_legacy,4010,"If an owl and a cat breed, the offspring is called a",2.21313,+2.00,24107, barn,0,3.46308,-0.00318306,-0.0109882,barn owl. The barn owl is a
jtw_legacy,4010,"If an owl and a cat breed, the offspring is called a",-2.21313,-2.00,24107, barn,0,3.44108,0.00319135,0.0110168,barn owl. The barn owl is a
oracle,2732,Since ancient times corn has been used as a remedy for snake bites and jellyfish,0,+0.00,199084, stings,0,9.77789,0,0,stings. It is also used to treat
oracle,2732,Since ancient times corn has been used as a remedy for snake bites and jellyfish,1.67603,+0.25,199084, stings,0,9.31354,0.0474896,0.464348,stings. It is also used to treat
oracle,2732,Since ancient times corn has been used as a remedy for snake bites and jellyfish,-1.67603,-0.25,199084, stings,0,10.2421,-0.0474787,-0.464241,stings. It is also used to treat
oracle,2732,Since ancient times corn has been used as a remedy for snake bites and jellyfish,3.35207,+0.50,199084, stings,0,8.84908,0.0949905,0.928806,stings. It is also used to treat
oracle,2732,Since ancient times corn has been used as a remedy for snake bites and jellyfish,-3.35207,-0.50,199084, stings,0,10.7062,-0.0949442,-0.928354,stings. It is also used to treat
oracle,2732,Since ancient times corn has been used as a remedy for snake bites and jellyfish,6.70414,+1.00,199084, stings,0,7.91986,0.190023,1.85803,stings. It is also used to treat
oracle,2732,Since ancient times corn has been used as a remedy for snake bites and jellyfish,-6.70414,-1.00,199084, stings,0,11.6341,-0.189836,-1.8562,stings. It is also used to treat
oracle,2732,Since ancient times corn has been used as a remedy for snake bites and jellyfish,13.4083,+2.00,199084, stings,0,6.06035,0.380199,3.71754,stings. It is also used to treat
oracle,2732,Since ancient times corn has been used as a remedy for snake bites and jellyfish,-13.4083,-2.00,199084, stings,0,13.4881,-0.37945,-3.71022,stings. It is also used to treat
md_full,2732,Since ancient times corn has been used as a remedy for snake bites and jellyfish,0,+0.00,199084, stings,0,9.77789,0,0,stings. It is also used to treat
md_full,2732,Since ancient times corn has been used as a remedy for snake bites and jellyfish,74.6864,+0.25,199084, stings,0,9.13434,0.0658164,0.643545,stings. It is also used to treat
md_full,2732,Since ancient times corn has been used as a remedy for snake bites and jellyfish,-74.6864,-0.25,199084, stings,0,10.3421,-0.0576994,-0.564178,stings.  The corn is ground into
md_full,2732,Since ancient times corn has been used as a remedy for snake bites and jellyfish,149.373,+0.50,199084, stings,0,8.42681,0.138177,1.35108,stings. It is also used to treat
md_full,2732,Since ancient times corn has been used as a remedy for snake bites and jellyfish,-149.373,-0.50,199084, stings,0,10.8171,-0.106284,-1.03923,stings.  The corn is ground into
md_full,2732,Since ancient times corn has been used as a remedy for snake bites and jellyfish,298.745,+1.00,199084, stings,0,6.89828,0.294502,2.87961,"stings. It is a natural, non"
md_full,2732,Since ancient times corn has been used as a remedy for snake bites and jellyfish,-298.745,-1.00,199084, stings,0,11.4922,-0.17533,-1.71436,stings.  Corn  Corn  Corn
md_full,2732,Since ancient times corn has been used as a remedy for snake bites and jellyfish,597.491,+2.00,199084, stings,0,3.90364,0.600769,5.87425,"stings. In fact, many of the"
md_full,2732,Since ancient times corn has been used as a remedy for snake bites and jellyfish,-597.491,-2.00,109,\n\n,0,11.9402,-0.221138,-2.16226,
jtw_legacy,2732,Since ancient times corn has been used as a remedy for snake bites and jellyfish,0,+0.00,199084, stings,0,9.77789,0,0,stings. It is also used to treat
jtw_legacy,2732,Since ancient times corn has been used as a remedy for snake bites and jellyfish,1.67603,+0.25,199084, stings,0,9.78299,-0.00052122,-0.00509644,stings. It is also used to treat
jtw_legacy,2732,Since ancient times corn has been used as a remedy for snake bites and jellyfish,-1.67603,-0.25,199084, stings,0,9.77276,0.000524342,0.00512695,stings. It is also used to treat
jtw_legacy,2732,Since ancient times corn has been used as a remedy for snake bites and jellyfish,3.35207,+0.50,199084, stings,0,9.78804,-0.00103795,-0.010149,stings. It is also used to treat
jtw_legacy,2732,Since ancient times corn has been used as a remedy for snake bites and jellyfish,-3.35207,-0.50,199084, stings,0,9.76759,0.00105317,0.0102978,stings. It is also used to treat
jtw_legacy,2732,Since ancient times corn has been used as a remedy for snake bites and jellyfish,6.70414,+1.00,199084, stings,0,9.79803,-0.00205972,-0.0201397,stings. It is also used to treat
jtw_legacy,2732,Since ancient times corn has been used as a remedy for snake bites and jellyfish,-6.70414,-1.00,199084, stings,0,9.75714,0.00212175,0.0207462,stings. It is also used to treat
jtw_legacy,2732,Since ancient times corn has been used as a remedy for snake bites and jellyfish,13.4083,+2.00,199084, stings,0,9.81755,-0.00405604,-0.0396595,stings. It is also used to treat
jtw_legacy,2732,Since ancient times corn has been used as a remedy for snake bites and jellyfish,-13.4083,-2.00,199084, stings,0,9.73578,0.00430631,0.0421066,stings. It is also used to treat
oracle,1589,"Due to imperfections in the lens of the eye, everyone sees objects in slightly different",0,+0.00,5742, ways,0,2.8252,0,0,ways. This is why we all see
oracle,1589,"Due to imperfections in the lens of the eye, everyone sees objects in slightly different",0.323423,+0.25,5742, ways,0,2.69412,0.0463976,0.131083,ways. This is why we all see
oracle,1589,"Due to imperfections in the lens of the eye, everyone sees objects in slightly different",-0.323423,-0.25,5742, ways,0,2.95628,-0.0463963,-0.131079,ways. This is why we all see
oracle,1589,"Due to imperfections in the lens of the eye, everyone sees objects in slightly different",0.646847,+0.50,5742, ways,0,2.56303,0.0927959,0.262167,ways. This is why we all see
oracle,1589,"Due to imperfections in the lens of the eye, everyone sees objects in slightly different",-0.646847,-0.50,5742, ways,0,3.08736,-0.0927939,-0.262161,ways. This is why we all see
oracle,1589,"Due to imperfections in the lens of the eye, everyone sees objects in slightly different",1.29369,+1.00,5742, ways,0,2.30087,0.185592,0.524334,ways. This is why we all see
oracle,1589,"Due to imperfections in the lens of the eye, everyone sees objects in slightly different",-1.29369,-1.00,5742, ways,0,3.34951,-0.185584,-0.524311,ways. This is why we all see
oracle,1589,"Due to imperfections in the lens of the eye, everyone sees objects in slightly different",2.58739,+2.00,5742, ways,0,1.77651,0.37119,1.04869,ways. This is why we all see
oracle,1589,"Due to imperfections in the lens of the eye, everyone sees objects in slightly different",-2.58739,-2.00,5742, ways,0,3.8738,-0.371159,-1.0486,ways. This is why we all see
md_full,1589,"Due to imperfections in the lens of the eye, everyone sees objects in slightly different",0,+0.00,5742, ways,0,2.8252,0,0,ways. This is why we all see
md_full,1589,"Due to imperfections in the lens of the eye, everyone sees objects in slightly different",19.0274,+0.25,5742, ways,0,3.00955,-0.0652517,-0.184349,ways. This is why we all see
md_full,1589,"Due to imperfections in the lens of the eye, everyone sees objects in slightly different",-19.0274,-0.25,5742, ways,0,2.63973,0.065648,0.185469,ways. This is why we all see
md_full,1589,"Due to imperfections in the lens of the eye, everyone sees objects in slightly different",38.0549,+0.50,5742, ways,0,3.19251,-0.130013,-0.367313,ways. This is why we all see
md_full,1589,"Due to imperfections in the lens of the eye, everyone sees objects in slightly different",-38.0549,-0.50,5742, ways,0,2.45342,0.131595,0.371782,ways. This is why we see the
md_full,1589,"Due to imperfections in the lens of the eye, everyone sees objects in slightly different",76.1097,+1.00,5742, ways,0,3.55326,-0.257703,-0.728062,ways. This is why we all see
md_full,1589,"Due to imperfections in the lens of the eye, everyone sees objects in slightly different",-76.1097,-1.00,5742, ways,0,2.07932,0.264011,0.745884,ways. This is why we see the
md_full,1589,"Due to imperfections in the lens of the eye, everyone sees objects in slightly different",152.219,+2.00,5742, ways,0,4.24731,-0.503365,-1.42211,ways. This is because the lens of
md_full,1589,"Due to imperfections in the lens of the eye, everyone sees objects in slightly different",-152.219,-2.00,5742, ways,0,1.33274,0.528268,1.49246,ways.  The eye is a complex
jtw_legacy,1589,"Due to imperfections in the lens of the eye, everyone sees objects in slightly different",0,+0.00,5742, ways,0,2.8252,0,0,ways. This is why we all see
jtw_legacy,1589,"Due to imperfections in the lens of the eye, everyone sees objects in slightly different",0.323423,+0.25,5742, ways,0,2.82468,0.000183633,0.000518799,ways. This is why we all see
jtw_legacy,1589,"Due to imperfections in the lens of the eye, everyone sees objects in slightly different",-0.323423,-0.25,5742, ways,0,2.82572,-0.000183633,-0.000518799,ways. This is why we all see
jtw_legacy,1589,"Due to imperfections in the lens of the eye, everyone sees objects in slightly different",0.646847,+0.50,5742, ways,0,2.82416,0.000368616,0.00104141,ways. This is why we all see
jtw_legacy,1589,"Due to imperfections in the lens of the eye, everyone sees objects in slightly different",-0.646847,-0.50,5742, ways,0,2.82624,-0.00036794,-0.00103951,ways. This is why we all see
jtw_legacy,1589,"Due to imperfections in the lens of the eye, everyone sees objects in slightly different",1.29369,+1.00,5742, ways,0,2.82312,0.000737231,0.00208282,ways. This is why we all see
jtw_legacy,1589,"Due to imperfections in the lens of the eye, everyone sees objects in slightly different",-1.29369,-1.00,5742, ways,0,2.82728,-0.000735206,-0.0020771,ways. This is why we all see
jtw_legacy,1589,"Due to imperfections in the lens of the eye, everyone sees objects in slightly different",2.58739,+2.00,5742, ways,0,2.82103,0.00147514,0.00416756,ways. This is why we all see
jtw_legacy,1589,"Due to imperfections in the lens of the eye, everyone sees objects in slightly different",-2.58739,-2.00,5742, ways,0,2.82934,-0.00146569,-0.00414085,ways. This is why we all see
oracle,4339,Gravitational singularities don’t actually,0,+0.00,3120, exist,0,8.94479,0,0,exist. They are just a mathematical construct
oracle,4339,Gravitational singularities don’t actually,1.14903,+0.25,3120, exist,0,8.49095,0.0507377,0.453838,exist. They are just a mathematical construct
oracle,4339,Gravitational singularities don’t actually,-1.14903,-0.25,3120, exist,0,9.39859,-0.0507337,-0.453802,exist. They are just a mathematical construct
oracle,4339,Gravitational singularities don’t actually,2.29805,+0.50,3120, exist,0,8.03708,0.101479,0.907707,exist. They are just a mathematical construct
oracle,4339,Gravitational singularities don’t actually,-2.29805,-0.50,3120, exist,0,9.85236,-0.101464,-0.90757,exist. They are just a mathematical construct
oracle,4339,Gravitational singularities don’t actually,4.5961,+1.00,3120, exist,0,7.12925,0.202972,1.81554,exist. They are just a mathematical construct
oracle,4339,Gravitational singularities don’t actually,-4.5961,-1.00,3120, exist,0,10.7598,-0.202907,-1.81496,exist. They are just a mathematical construct
oracle,4339,Gravitational singularities don’t actually,9.19221,+2.00,3120, exist,0,5.3133,0.405989,3.63149,exist. They are just a mathematical artifact
oracle,4339,Gravitational singularities don’t actually,-9.19221,-2.00,3120, exist,0,12.5739,-0.405728,-3.62915,exist. They are just a mathematical construct
md_full,4339,Gravitational singularities don’t actually,0,+0.00,3120, exist,0,8.94479,0,0,exist. They are just a mathematical construct
md_full,4339,Gravitational singularities don’t actually,559.481,+0.25,3120, exist,0,8.05999,0.0989179,0.8848,"exist, but they are a crucial part"
md_full,4339,Gravitational singularities don’t actually,-559.481,-0.25,109,\n\n,0,6.59079,0.26317,2.354,
md_full,4339,Gravitational singularities don’t actually,1118.96,+0.50,3120, exist,0,6.11994,0.31581,2.82485,"exist, but they are often their their"
md_full,4339,Gravitational singularities don’t actually,-1118.96,-0.50,109,\n\n,0,4.26374,0.523327,4.68105,
md_full,4339,Gravitational singularities don’t actually,2237.92,+1.00,2365, They,0,3.98671,0.554298,4.95808,They They They They They They They They
md_full,4339,Gravitational singularities don’t actually,-2237.92,-1.00,109,\n\n,0,2.01523,0.774704,6.92956,
md_full,4339,Gravitational singularities don’t actually,4475.85,+2.00,87936,GraphicsUnit,0,2.56457,0.713289,6.38022,GraphicsUnitGraphicsUnitGraphicsUnitGraphicsUnitGraphicsUnitGraphicsUnitGraphicsUnitGraphicsUnit
md_full,4339,Gravitational singularities don’t actually,-4475.85,-2.00,109,\n\n,0,0.570909,0.936174,8.37388,
jtw_legacy,4339,Gravitational singularities don’t actually,0,+0.00,3120, exist,0,8.94479,0,0,exist. They are just a mathematical construct
jtw_legacy,4339,Gravitational singularities don’t actually,1.14903,+0.25,3120, exist,0,8.94415,7.20737e-05,0.000644684,exist. They are just a mathematical construct
jtw_legacy,4339,Gravitational singularities don’t actually,-1.14903,-0.25,3120, exist,0,8.94542,-7.01545e-05,-0.000627518,exist. They are just a mathematical construct
jtw_legacy,4339,Gravitational singularities don’t actually,2.29805,+0.50,3120, exist,0,8.94349,0.000145853,0.00130463,exist. They are just a mathematical construct
jtw_legacy,4339,Gravitational singularities don’t actually,-2.29805,-0.50,3120, exist,0,8.94603,-0.00013839,-0.00123787,exist. They are just a mathematical construct
jtw_legacy,4339,Gravitational singularities don’t actually,4.5961,+1.00,3120, exist,0,8.9421,0.000301089,0.00269318,exist. They are just a mathematical construct
jtw_legacy,4339,Gravitational singularities don’t actually,-4.5961,-1.00,3120, exist,0,8.94719,-0.000267824,-0.00239563,exist. They are just a mathematical construct
jtw_legacy,4339,Gravitational singularities don’t actually,9.19221,+2.00,3120, exist,0,8.93911,0.000635016,0.00568008,exist. They are just a mathematical construct
jtw_legacy,4339,Gravitational singularities don’t actually,-9.19221,-2.00,3120, exist,0,8.94927,-0.000501104,-0.00448227,exist. They are just a mathematical construct
oracle,419,Productivity can be measured as a ratio of what is produced to what is required to,0,+0.00,7872, produce,0,10.0805,0,0,produce it.  The ratio of the
oracle,419,Productivity can be measured as a ratio of what is produced to what is required to,1.29653,+0.25,7872, produce,0,9.64148,0.043548,0.438984,produce it.  The ratio of the
oracle,419,Productivity can be measured as a ratio of what is produced to what is required to,-1.29653,-0.25,7872, produce,0,10.5194,-0.0435469,-0.438972,produce it.  The ratio of the
oracle,419,Productivity can be measured as a ratio of what is produced to what is required to,2.59306,+0.50,7872, produce,0,9.20247,0.0870981,0.877989,produce it.  The ratio of the
oracle,419,Productivity can be measured as a ratio of what is produced to what is required to,-2.59306,-0.50,7872, produce,0,10.9584,-0.0870926,-0.877934,produce it.  The ratio of the
oracle,419,Productivity can be measured as a ratio of what is produced to what is required to,5.18613,+1.00,7872, produce,0,8.32445,0.174199,1.75601,produce it.  The ratio of the
oracle,419,Productivity can be measured as a ratio of what is produced to what is required to,-5.18613,-1.00,7872, produce,0,11.8362,-0.174176,-1.75577,produce it.  The productivity of a
oracle,419,Productivity can be measured as a ratio of what is produced to what is required to,10.3723,+2.00,7872, produce,0,6.56837,0.348406,3.51209,produce it.  The ratio of the
oracle,419,Productivity can be measured as a ratio of what is produced to what is required to,-10.3723,-2.00,7872, produce,0,13.5916,-0.348313,-3.51115,produce it.  Productivity is the ratio
md_full,419,Productivity can be measured as a ratio of what is produced to what is required to,0,+0.00,7872, produce,0,10.0805,0,0,produce it.  The ratio of the
md_full,419,Productivity can be measured as a ratio of what is produced to what is required to,169.108,+0.25,7872, produce,0,9.41967,0.0655519,0.660793,produce it. In the case of a
md_full,419,Productivity can be measured as a ratio of what is produced to what is required to,-169.108,-0.25,7872, produce,0,10.4071,-0.0324038,-0.326645,produce it.  The productivity of a
md_full,419,Productivity can be measured as a ratio of what is produced to what is required to,338.216,+0.50,7872, produce,0,8.50873,0.155918,1.57173,produce it. In the case of a
md_full,419,Productivity can be measured as a ratio of what is produced to what is required to,-338.216,-0.50,7872, produce,0,10.4071,-0.0324009,-0.326616,produce it.  The
md_full,419,Productivity can be measured as a ratio of what is produced to what is required to,676.433,+1.00,7872, produce,0,6.45117,0.360032,3.62929,"produce it. Calculate their productivity, given"
md_full,419,Productivity can be measured as a ratio of what is produced to what is required to,-676.433,-1.00,109,\n\n,0,9.7733,0.0304708,0.307159,
md_full,419,Productivity can be measured as a ratio of what is produced to what is required to,1352.87,+2.00,7872, produce,0,3.27299,0.675313,6.80747,produce it. Calculate their estimating their estimating
md_full,419,Productivity can be measured as a ratio of what is produced to what is required to,-1352.87,-2.00,109,\n\n,0,8.03696,0.202718,2.0435,
oracle,3983,"The Canada Goose is actually named after the country of Canada, not the bird's",0,+0.00,5579, actual,0,0.265766,0,0,actual color. The Canada Goose is a
oracle,3983,"The Canada Goose is actually named after the country of Canada, not the bird's",0.028573,+0.25,5579, actual,0,0.250206,0.0585483,0.0155602,actual color. The Canada Goose is a
oracle,3983,"The Canada Goose is actually named after the country of Canada, not the bird's",-0.028573,-0.25,5579, actual,0,0.281322,-0.0585339,-0.0155563,actual color. The Canada Goose is a
oracle,3983,"The Canada Goose is actually named after the country of Canada, not the bird's",0.057146,+0.50,5579, actual,0,0.234653,0.117068,0.0311127,actual color. The Canada Goose is a
oracle,3983,"The Canada Goose is actually named after the country of Canada, not the bird's",-0.057146,-0.50,5579, actual,0,0.296875,-0.117053,-0.0311089,actual color. The Canada Goose is a
oracle,3983,"The Canada Goose is actually named after the country of Canada, not the bird's",0.114292,+1.00,5579, actual,0,0.203548,0.234107,0.0622177,actual color. The Canada Goose is a
oracle,3983,"The Canada Goose is actually named after the country of Canada, not the bird's",-0.114292,-1.00,5579, actual,0,0.32798,-0.234093,-0.0622139,actual color. The Canada Goose is a
oracle,3983,"The Canada Goose is actually named after the country of Canada, not the bird's",0.228584,+2.00,5579, actual,0,0.141327,0.468228,0.124439,actual color. The Canada Goose is a
oracle,3983,"The Canada Goose is actually named after the country of Canada, not the bird's",-0.228584,-2.00,5579, actual,0,0.390202,-0.468214,-0.124435,actual color. The Canada Goose is a
md_full,3983,"The Canada Goose is actually named after the country of Canada, not the bird's",0,+0.00,5579, actual,0,0.265766,0,0,actual color. The Canada Goose is a
md_full,3983,"The Canada Goose is actually named after the country of Canada, not the bird's",1.76184,+0.25,5579, actual,0,0.247547,0.0685527,0.018219,actual color. The Canada Goose is a
md_full,3983,"The Canada Goose is actually named after the country of Canada, not the bird's",-1.76184,-0.25,5579, actual,0,0.283985,-0.0685527,-0.018219,actual color. The Canada Goose is a
md_full,3983,"The Canada Goose is actually named after the country of Canada, not the bird's",3.52369,+0.50,5579, actual,0,0.229328,0.137105,0.036438,actual color. The Canada Goose is a
md_full,3983,"The Canada Goose is actually named after the country of Canada, not the bird's",-3.52369,-0.50,5579, actual,0,0.302197,-0.137077,-0.0364304,actual color. The Canada Goose is a
md_full,3983,"The Canada Goose is actually named after the country of Canada, not the bird's",7.04737,+1.00,5579, actual,0,0.19289,0.274211,0.072876,actual color. The Canada Goose is a
md_full,3983,"The Canada Goose is actually named after the country of Canada, not the bird's",-7.04737,-1.00,5579, actual,0,0.338619,-0.274125,-0.0728531,actual color. The Canada Goose is a
md_full,3983,"The Canada Goose is actually named after the country of Canada, not the bird's",14.0947,+2.00,5579, actual,0,0.120007,0.548451,0.14576,actual color. The Canada Goose is a
md_full,3983,"The Canada Goose is actually named after the country of Canada, not the bird's",-14.0947,-2.00,5579, actual,0,0.411423,-0.548063,-0.145657,actual color. The Canada Goose is a
oracle,336,Cryptocurrencies are digital or virtual tokens used as a medium of,0,+0.00,10036, exchange,0,5.61498,0,0,"exchange. They are decentralized, meaning they"
oracle,336,Cryptocurrencies are digital or virtual tokens used as a medium of,0.61653,+0.25,10036, exchange,0,5.45382,0.0287019,0.16116,"exchange. They are decentralized, meaning they"
oracle,336,Cryptocurrencies are digital or virtual tokens used as a medium of,-0.61653,-0.25,10036, exchange,0,5.77614,-0.0287019,-0.16116,"exchange. They are decentralized, meaning they"
oracle,336,Cryptocurrencies are digital or virtual tokens used as a medium of,1.23306,+0.50,10036, exchange,0,5.29266,0.0574044,0.322325,"exchange. They are decentralized, meaning they"
oracle,336,Cryptocurrencies are digital or virtual tokens used as a medium of,-1.23306,-0.50,10036, exchange,0,5.9373,-0.057403,-0.322317,"exchange. They are decentralized, meaning they"
oracle,336,Cryptocurrencies are digital or virtual tokens used as a medium of,2.46612,+1.00,10036, exchange,0,4.97032,0.114811,0.64466,"exchange. They are decentralized, meaning they"
oracle,336,Cryptocurrencies are digital or virtual tokens used as a medium of,-2.46612,-1.00,10036, exchange,0,6.25961,-0.114804,-0.644624,"exchange. They are decentralized, meaning they"
oracle,336,Cryptocurrencies are digital or virtual tokens used as a medium of,4.93224,+2.00,10036, exchange,0,4.32563,0.229627,1.28935,"exchange. They are decentralized, meaning they"
oracle,336,Cryptocurrencies are digital or virtual tokens used as a medium of,-4.93224,-2.00,10036, exchange,0,6.90418,-0.2296,-1.2892,"exchange. They are decentralized, meaning they"
md_full,336,Cryptocurrencies are digital or virtual tokens used as a medium of,0,+0.00,10036, exchange,0,5.61498,0,0,"exchange. They are decentralized, meaning they"
md_full,336,Cryptocurrencies are digital or virtual tokens used as a medium of,54.5711,+0.25,10036, exchange,0,5.85336,-0.0424545,-0.238381,"exchange. They are decentralized, meaning they"
md_full,336,Cryptocurrencies are digital or virtual tokens used as a medium of,-54.5711,-0.25,10036, exchange,0,5.36783,0.0440167,0.247153,"exchange. They are decentralized, meaning they"
md_full,336,Cryptocurrencies are digital or virtual tokens used as a medium of,109.142,+0.50,10036, exchange,0,6.08197,-0.0831686,-0.46699,"exchange. They are decentralized, meaning they"
md_full,336,Cryptocurrencies are digital or virtual tokens used as a medium of,-109.142,-0.50,10036, exchange,0,5.11302,0.0893968,0.501962,"exchange. They are decentralized, meaning they"
md_full,336,Cryptocurrencies are digital or virtual tokens used as a medium of,218.285,+1.00,10036, exchange,0,6.50663,-0.158797,-0.891642,exchange. They are often used to purchase
md_full,336,Cryptocurrencies are digital or virtual tokens used as a medium of,-218.285,-1.00,10036, exchange,0,4.58538,0.183368,1.02961,exchange.  Cryptocurrencies are decentralized digital
md_full,336,Cryptocurrencies are digital or virtual tokens used as a medium of,436.569,+2.00,10036, exchange,0,7.21201,-0.284422,-1.59702,exchange. They are often referred to as
md_full,336,Cryptocurrencies are digital or virtual tokens used as a medium of,-436.569,-2.00,109,\n\n,0,3.49468,0.377615,2.1203,
jtw_legacy,336,Cryptocurrencies are digital or virtual tokens used as a medium of,0,+0.00,10036, exchange,0,5.61498,0,0,"exchange. They are decentralized, meaning they"
jtw_legacy,336,Cryptocurrencies are digital or virtual tokens used as a medium of,0.61653,+0.25,10036, exchange,0,5.61762,-0.00046996,-0.00263882,"exchange. They are decentralized, meaning they"
jtw_legacy,336,Cryptocurrencies are digital or virtual tokens used as a medium of,-0.61653,-0.25,10036, exchange,0,5.61235,0.00046962,0.00263691,"exchange. They are decentralized, meaning they"
jtw_legacy,336,Cryptocurrencies are digital or virtual tokens used as a medium of,1.23306,+0.50,10036, exchange,0,5.62026,-0.00093975,-0.00527668,"exchange. They are decentralized, meaning they"
jtw_legacy,336,Cryptocurrencies are digital or virtual tokens used as a medium of,-1.23306,-0.50,10036, exchange,0,5.60971,0.00093975,0.00527668,"exchange. They are decentralized, meaning they"
jtw_legacy,336,Cryptocurrencies are digital or virtual tokens used as a medium of,2.46612,+1.00,10036, exchange,0,5.62553,-0.00187763,-0.0105429,"exchange. They are decentralized, meaning they"
jtw_legacy,336,Cryptocurrencies are digital or virtual tokens used as a medium of,-2.46612,-1.00,10036, exchange,0,5.60443,0.00188035,0.0105581,"exchange. They are decentralized, meaning they"
jtw_legacy,336,Cryptocurrencies are digital or virtual tokens used as a medium of,4.93224,+2.00,10036, exchange,0,5.63605,-0.00375187,-0.0210667,"exchange. They are decentralized, meaning they"
jtw_legacy,336,Cryptocurrencies are digital or virtual tokens used as a medium of,-4.93224,-2.00,10036, exchange,0,5.59385,0.00376392,0.0211344,"exchange. They are decentralized, meaning they"
oracle,2865,Champagne is not from,0,+0.00,6081, France,0,1.40178,0,0,France. It is from the Champagne region
oracle,2865,Champagne is not from,0.167677,+0.25,6081, France,0,1.32154,0.0572376,0.0802345,France. It is from the Champagne region
oracle,2865,Champagne is not from,-0.167677,-0.25,6081, France,0,1.48201,-0.0572349,-0.0802307,France. It is from the Champagne region
oracle,2865,Champagne is not from,0.335354,+0.50,6081, France,0,1.2413,0.114481,0.160477,France. It is from the Champagne region
oracle,2865,Champagne is not from,-0.335354,-0.50,6081, France,0,1.56224,-0.114473,-0.160465,France. It is from the Champagne region
oracle,2865,Champagne is not from,0.670709,+1.00,6081, France,0,1.08082,0.228967,0.320961,France. It is from the Champagne region
oracle,2865,Champagne is not from,-0.670709,-1.00,6081, France,0,1.7227,-0.228937,-0.320919,France. It is from the Champagne region
oracle,2865,Champagne is not from,1.34142,+2.00,6081, France,0,0.759811,0.457966,0.641968,France. It is from the Champagne region
oracle,2865,Champagne is not from,-1.34142,-2.00,6081, France,0,2.04356,-0.457833,-0.641781,France. It is from the Champagne region
md_full,2865,Champagne is not from,0,+0.00,6081, France,0,1.40178,0,0,France. It is from the Champagne region
md_full,2865,Champagne is not from,24.7374,+0.25,6081, France,0,1.51884,-0.0835093,-0.117062,France. It is from the Champagne region
md_full,2865,Champagne is not from,-24.7374,-0.25,6081, France,0,1.28365,0.0842713,0.11813,France. It is from the Champagne region
md_full,2865,Champagne is not from,49.4747,+0.50,6081, France,0,1.63437,-0.165925,-0.23259,France. It is from the Champagne region
md_full,2865,Champagne is not from,-49.4747,-0.50,6081, France,0,1.16492,0.16897,0.236858,France. It is from the Champagne region
md_full,2865,Champagne is not from,98.9494,+1.00,6081, France,0,1.85902,-0.326189,-0.457245,France. It is from the Champagne region
md_full,2865,Champagne is not from,-98.9494,-1.00,6081, France,0,0.92754,0.338312,0.474239,France.  Champagne is a region in
md_full,2865,Champagne is not from,197.899,+2.00,573, the,0,2.27174,-0.620609,-0.869957,the Champagne region of France. It is
md_full,2865,Champagne is not from,-197.899,-2.00,6081, France,0,0.464855,0.668382,0.936924,France.  Champagne is not from France
oracle,1118,Squares are rectangles but rectangles are not,0,+0.00,32670, squares,0,2.8939,0,0,squares.  A square is a rectangle
oracle,1118,Squares are rectangles but rectangles are not,0.278449,+0.25,32670, squares,0,2.76147,0.0457608,0.132427,squares.  A square is a rectangle
oracle,1118,Squares are rectangles but rectangles are not,-0.278449,-0.25,32670, squares,0,3.02633,-0.0457595,-0.132423,squares.  A square is a rectangle
oracle,1118,Squares are rectangles but rectangles are not,0.556897,+0.50,32670, squares,0,2.62906,0.0915189,0.264847,squares.  A square is a rectangle
oracle,1118,Squares are rectangles but rectangles are not,-0.556897,-0.50,32670, squares,0,3.15876,-0.0915229,-0.264858,squares.  A square is a rectangle
oracle,1118,Squares are rectangles but rectangles are not,1.11379,+1.00,32670, squares,0,2.36423,0.183029,0.529667,squares.  A square is a rectangle
oracle,1118,Squares are rectangles but rectangles are not,-1.11379,-1.00,32670, squares,0,3.42364,-0.183052,-0.529736,squares.  A square is a rectangle
oracle,1118,Squares are rectangles but rectangles are not,2.22759,+2.00,32670, squares,0,1.83465,0.36603,1.05925,squares.  A square is a rectangle
oracle,1118,Squares are rectangles but rectangles are not,-2.22759,-2.00,32670, squares,0,3.95346,-0.366134,-1.05956,squares.  A square is a rectangle
md_full,1118,Squares are rectangles but rectangles are not,0,+0.00,32670, squares,0,2.8939,0,0,squares.  A square is a rectangle
md_full,1118,Squares are rectangles but rectangles are not,174.887,+0.25,32670, squares,0,2.50391,0.134765,0.389996,squares.  Squares are rectangles but rectangles
md_full,1118,Squares are rectangles but rectangles are not,-174.887,-0.25,32670, squares,0,3.17279,-0.0963712,-0.278889,squares.  A square is a rectangle
md_full,1118,Squares are rectangles but rectangles are not,349.773,+0.50,32670, squares,0,2.05962,0.288289,0.83428,squares. They are different shapes. They
md_full,1118,Squares are rectangles but rectangles are not,-349.773,-0.50,109,\n\n,0,3.31849,-0.146717,-0.424583,squares  Yes  No  Yes
md_full,1118,Squares are rectangles but rectangles are not,699.547,+1.00,32670, squares,0,1.22237,0.577604,1.67153,squares. They are different shapes. They
md_full,1118,Squares are rectangles but rectangles are not,-699.547,-1.00,109,\n\n,0,3.30655,-0.142591,-0.412645,
md_full,1118,Squares are rectangles but rectangles are not,1399.09,+2.00,1024, their,0,0.153707,0.946886,2.7402,their Their Their Their Their Their Their Their
md_full,1118,Squares are rectangles but rectangles are not,-1399.09,-2.00,109,\n\n,0,2.92437,-0.0105283,-0.030468,
oracle,3514,The oldest state university in the United States is Harvard,0,+0.00,2895, University,0,3.13738,0,0,University. It was founded in 1
oracle,3514,The oldest state university in the United States is Harvard,0.298094,+0.25,2895, University,0,2.93806,0.0635324,0.199326,University. It was founded in 1
oracle,3514,The oldest state university in the United States is Harvard,-0.298094,-0.25,2895, University,0,3.33673,-0.0635385,-0.199345,University. It was founded in 1
oracle,3514,The oldest state university in the United States is Harvard,0.596189,+0.50,2895, University,0,2.73874,0.127062,0.398643,University. It was founded in 1
oracle,3514,The oldest state university in the United States is Harvard,-0.596189,-0.50,2895, University,0,3.53608,-0.127078,-0.398693,University. It was founded in 1
oracle,3514,The oldest state university in the United States is Harvard,1.19238,+1.00,2895, University,0,2.34015,0.254108,0.797234,University. It was founded in 1
oracle,3514,The oldest state university in the United States is Harvard,-1.19238,-1.00,2895, University,0,3.93482,-0.254174,-0.79744,University. It was founded in 1
oracle,3514,The oldest state university in the United States is Harvard,2.38476,+2.00,2895, University,0,1.54313,0.508149,1.59426,University. It was founded in 1
oracle,3514,The oldest state university in the United States is Harvard,-2.38476,-2.00,2895, University,0,4.73245,-0.508407,-1.59507,University. It was founded in 1
md_full,3514,The oldest state university in the United States is Harvard,0,+0.00,2895, University,0,3.13738,0,0,University. It was founded in 1
md_full,3514,The oldest state university in the United States is Harvard,11.1194,+0.25,2895, University,0,2.87657,0.0831301,0.260811,University. It was founded in 1
md_full,3514,The oldest state university in the United States is Harvard,-11.1194,-0.25,2895, University,0,3.39677,-0.0826753,-0.259384,University. It was founded in 1
md_full,3514,The oldest state university in the United States is Harvard,22.2388,+0.50,2895, University,0,2.61457,0.166638,0.522808,University. It was founded in 1
md_full,3514,The oldest state university in the United States is Harvard,-22.2388,-0.50,2895, University,0,3.65444,-0.164806,-0.517059,University. It was founded in 1
md_full,3514,The oldest state university in the United States is Harvard,44.4777,+1.00,2895, University,0,2.08815,0.334429,1.04923,University. It was founded in 1
md_full,3514,The oldest state university in the United States is Harvard,-44.4777,-1.00,2895, University,0,4.16373,-0.327135,-1.02635,University. It was founded in 1
md_full,3514,The oldest state university in the United States is Harvard,88.9553,+2.00,2895, University,0,1.03304,0.670731,2.10434,University. It was founded in 1
md_full,3514,The oldest state university in the United States is Harvard,-88.9553,-2.00,2895, University,0,5.15155,-0.641989,-2.01416,University. It was founded in 1
oracle,788,The molecular structure of water is,0,+0.00,4699, shown,0,0.0866966,0,0,shown below. Which of the following statements
oracle,788,The molecular structure of water is,0.00900129,+0.25,4699, shown,0,0.0832481,0.0397765,0.00344849,shown below. Which of the following statements
oracle,788,The molecular structure of water is,-0.00900129,-0.25,4699, shown,0,0.090147,-0.0397985,-0.00345039,shown below. Which of the following statements
oracle,788,The molecular structure of water is,0.0180026,+0.50,4699, shown,0,0.0798035,0.079509,0.00689316,shown below. Which of the following statements
oracle,788,The molecular structure of water is,-0.0180026,-0.50,4699, shown,0,0.0935917,-0.079531,-0.00689507,shown below. Which of the following statements
oracle,788,The molecular structure of water is,0.0360052,+1.00,4699, shown,0,0.0729084,0.15904,0.0137882,shown below. Which of the following statements
oracle,788,The molecular structure of water is,-0.0360052,-1.00,4699, shown,0,0.100487,-0.159062,-0.0137901,shown below. Which of the following statements
oracle,788,The molecular structure of water is,0.0720103,+2.00,4699, shown,0,0.0591164,0.318124,0.0275803,shown below. Which of the following statements
oracle,788,The molecular structure of water is,-0.0720103,-2.00,4699, shown,0,0.114281,-0.318168,-0.0275841,shown below. Which of the following statements
md_full,788,The molecular structure of water is,0,+0.00,4699, shown,0,0.0866966,0,0,shown below. Which of the following statements
md_full,788,The molecular structure of water is,0.88715,+0.25,4699, shown,0,0.0922222,-0.0637348,-0.00552559,shown below. Which of the following statements
md_full,788,The molecular structure of water is,-0.88715,-0.25,4699, shown,0,0.0811749,0.0636908,0.00552177,shown below. Which of the following statements
md_full,788,The molecular structure of water is,1.7743,+0.50,4699, shown,0,0.0977478,-0.12747,-0.0110512,shown below. Which of the following statements
md_full,788,The molecular structure of water is,-1.7743,-0.50,4699, shown,0,0.0756493,0.127426,0.0110474,shown below. Which of the following statements
md_full,788,The molecular structure of water is,3.5486,+1.00,4699, shown,0,0.108793,-0.254873,-0.0220966,shown below. Which of the following statements
md_full,788,The molecular structure of water is,-3.5486,-1.00,4699, shown,0,0.0646038,0.254829,0.0220928,shown below.  a. What is
md_full,788,The molecular structure of water is,7.0972,+2.00,4699, shown,0,0.13088,-0.509636,-0.0441837,shown below. Which of the following statements
md_full,788,The molecular structure of water is,-7.0972,-2.00,4699, shown,0,0.0425034,0.509746,0.0441933,shown below.  a. What is
oracle,3910,Salmon roe was tested as a substitute for tires on Soviet vehicles during the Cold,0,+0.00,4143, War,0,5.40962,0,0,War.  The Soviet Union was a
oracle,3910,Salmon roe was tested as a substitute for tires on Soviet vehicles during the Cold,1.17075,+0.25,4143, War,0,5.23043,0.0331251,0.179194,War.  The Soviet Union was a
oracle,3910,Salmon roe was tested as a substitute for tires on Soviet vehicles during the Cold,-1.17075,-0.25,4143, War,0,5.58881,-0.0331246,-0.179192,War.  The Soviet Union was a
oracle,3910,Salmon roe was tested as a substitute for tires on Soviet vehicles during the Cold,2.34151,+0.50,4143, War,0,5.05123,0.0662506,0.358391,War.  The Soviet Union was a
oracle,3910,Salmon roe was tested as a substitute for tires on Soviet vehicles during the Cold,-2.34151,-0.50,4143, War,0,5.768,-0.066248,-0.358377,War.  The Soviet Union was a
oracle,3910,Salmon roe was tested as a substitute for tires on Soviet vehicles during the Cold,4.68302,+1.00,4143, War,0,4.69282,0.132504,0.716796,War.  The Soviet Union was a
oracle,3910,Salmon roe was tested as a substitute for tires on Soviet vehicles during the Cold,-4.68302,-1.00,4143, War,0,6.12636,-0.132493,-0.716735,War.  The Soviet Union was a
oracle,3910,Salmon roe was tested as a substitute for tires on Soviet vehicles during the Cold,9.36603,+2.00,4143, War,0,3.976,0.265014,1.43362,War.  The Soviet Union was a
oracle,3910,Salmon roe was tested as a substitute for tires on Soviet vehicles during the Cold,-9.36603,-2.00,4143, War,0,6.84299,-0.264968,-1.43337,War.  The Soviet Union was a
md_full,3910,Salmon roe was tested as a substitute for tires on Soviet vehicles during the Cold,0,+0.00,4143, War,0,5.40962,0,0,War.  The Soviet Union was a
md_full,3910,Salmon roe was tested as a substitute for tires on Soviet vehicles during the Cold,150.068,+0.25,4143, War,0,5.67423,-0.0489141,-0.264606,War.  The Soviet Union was a
md_full,3910,Salmon roe was tested as a substitute for tires on Soviet vehicles during the Cold,-150.068,-0.25,4143, War,0,5.06003,0.064624,0.349591,War.  The Soviet Union was a
md_full,3910,Salmon roe was tested as a substitute for tires on Soviet vehicles during the Cold,300.135,+0.50,4143, War,0,5.84831,-0.0810936,-0.438685,War. The roe was used to make
md_full,3910,Salmon roe was tested as a substitute for tires on Soviet vehicles during the Cold,-300.135,-0.50,109,\n\n,0,4.64245,0.141815,0.767168,War.  The
md_full,3910,Salmon roe was tested as a substitute for tires on Soviet vehicles during the Cold,600.271,+1.00,4143, War,0,5.95593,-0.100989,-0.54631,War. They were used to provide some
md_full,3910,Salmon roe was tested as a substitute for tires on Soviet vehicles during the Cold,-600.271,-1.00,109,\n\n,0,3.70331,0.315421,1.70631,
md_full,3910,Salmon roe was tested as a substitute for tires on Soviet vehicles during the Cold,1200.54,+2.00,2365, They,0,5.63596,-0.04184,-0.226338,They were often their most They were often
md_full,3910,Salmon roe was tested as a substitute for tires on Soviet vehicles during the Cold,-1200.54,-2.00,109,\n\n,0,1.97629,0.634672,3.43333,
oracle,490,Mythology from different cultures around the world often has,0,+0.00,476, a,0,7.57338,0,0,a common theme: the hero’s
oracle,490,Mythology from different cultures around the world often has,1.27886,+0.25,476, a,0,7.02508,0.0723986,0.548302,a common theme: the hero’s
oracle,490,Mythology from different cultures around the world often has,-1.27886,-0.25,476, a,0,8.12152,-0.0723774,-0.548141,a common theme: the hero’s
oracle,490,Mythology from different cultures around the world often has,2.55772,+0.50,476, a,0,6.47662,0.144818,1.09676,a common theme: the hero’s
oracle,490,Mythology from different cultures around the world often has,-2.55772,-0.50,476, a,0,8.66949,-0.144732,-1.09611,a common theme: the hero’s
oracle,490,Mythology from different cultures around the world often has,5.11544,+1.00,476, a,0,5.37928,0.289712,2.1941,a common theme: the hero’s
oracle,490,Mythology from different cultures around the world often has,-5.11544,-1.00,476, a,0,9.76488,-0.28937,-2.19151,a common theme: the hero’s
oracle,490,Mythology from different cultures around the world often has,10.2309,+2.00,476, a,0,3.18317,0.579689,4.39021,a common theme: the hero’s
oracle,490,Mythology from different cultures around the world often has,-10.2309,-2.00,476, a,0,11.9532,-0.578324,-4.37987,a common theme: the hero’s
md_full,490,Mythology from different cultures around the world often has,0,+0.00,476, a,0,7.57338,0,0,a common theme: the hero’s
md_full,490,Mythology from different cultures around the world often has,71.2971,+0.25,476, a,0,8.26405,-0.0911971,-0.69067,a common theme: the hero’s
md_full,490,Mythology from different cultures around the world often has,-71.2971,-0.25,476, a,0,6.74985,0.10874,0.823532,a common theme: the hero’s
md_full,490,Mythology from different cultures around the world often has,142.594,+0.50,476, a,0,8.79973,-0.161929,-1.22635,a common theme: the importance of the
md_full,490,Mythology from different cultures around the world often has,-142.594,-0.50,476, a,0,5.83543,0.229481,1.73795,a common theme of the hero’s
md_full,490,Mythology from different cultures around the world often has,285.189,+1.00,476, a,0,9.424,-0.244358,-1.85062,a common theme: the importance of the
md_full,490,Mythology from different cultures around the world often has,-285.189,-1.00,476, a,0,3.93841,0.479967,3.63497,a common theme of the hero  He
md_full,490,Mythology from different cultures around the world often has,570.377,+2.00,476, a,0,9.53977,-0.259645,-1.96639,a similar structure. They often have a
md_full,490,Mythology from different cultures around the world often has,-570.377,-2.00,109,\n\n,0,0.807961,0.893316,6.76542,
oracle,1070,The eggs of the molly (Poecilia sphenops) are spherical in,0,+0.00,7479, shape,0,8.53939,0,0,shape and are 1.5 mm
oracle,1070,The eggs of the molly (Poecilia sphenops) are spherical in,1.01076,+0.25,7479, shape,0,8.12052,0.0490521,0.418875,shape and are 1.5 mm
oracle,1070,The eggs of the molly (Poecilia sphenops) are spherical in,-1.01076,-0.25,7479, shape,0,8.95826,-0.0490509,-0.418865,shape and are about 1.5
oracle,1070,The eggs of the molly (Poecilia sphenops) are spherical in,2.02152,+0.50,7479, shape,0,7.70162,0.0981064,0.837769,shape and are 1.5 mm
oracle,1070,The eggs of the molly (Poecilia sphenops) are spherical in,-2.02152,-0.50,7479, shape,0,9.37711,-0.0981006,-0.837719,shape and are about 1.5
oracle,1070,The eggs of the molly (Poecilia sphenops) are spherical in,4.04304,+1.00,7479, shape,0,6.86384,0.196214,1.67555,shape and are 1.5 mm
oracle,1070,The eggs of the molly (Poecilia sphenops) are spherical in,-4.04304,-1.00,7479, shape,0,10.2148,-0.196195,-1.67539,shape and are about 1.5
oracle,1070,The eggs of the molly (Poecilia sphenops) are spherical in,8.08607,+2.00,7479, shape,0,5.18825,0.392433,3.35114,shape and are 1.5 mm
oracle,1070,The eggs of the molly (Poecilia sphenops) are spherical in,-8.08607,-2.00,7479, shape,0,11.8899,-0.392358,-3.3505,shape and are about 1.5
md_full,1070,The eggs of the molly (Poecilia sphenops) are spherical in,0,+0.00,7479, shape,0,8.53939,0,0,shape and are 1.5 mm
md_full,1070,The eggs of the molly (Poecilia sphenops) are spherical in,410.267,+0.25,7479, shape,0,7.61718,0.107995,0.922213,shape and are approximately 1.5
md_full,1070,The eggs of the molly (Poecilia sphenops) are spherical in,-410.267,-0.25,109,\n\n,0,7.69822,0.0985046,0.841169,The
md_full,1070,The eggs of the molly (Poecilia sphenops) are spherical in,820.533,+0.50,1024, their,0,5.98086,0.299615,2.55853,"their most mature form, with a characteristic"
md_full,1070,The eggs of the molly (Poecilia sphenops) are spherical in,-820.533,-0.50,109,\n\n,0,6.17367,0.277036,2.36572,
md_full,1070,The eggs of the molly (Poecilia sphenops) are spherical in,1641.07,+1.00,1024, their,0,3.69437,0.567373,4.84502,their most abundant captivity They are approximately Their
md_full,1070,The eggs of the molly (Poecilia sphenops) are spherical in,-1641.07,-1.00,109,\n\n,0,4.022,0.529006,4.51739,
md_full,1070,The eggs of the molly (Poecilia sphenops) are spherical in,3282.13,+2.00,10368, Their,0,1.89667,0.777892,6.64272,Their Their Their Their Their Their Their Their
md_full,1070,The eggs of the molly (Poecilia sphenops) are spherical in,-3282.13,-2.00,109,\n\n,0,2.2955,0.731187,6.24389,
jtw_legacy,1070,The eggs of the molly (Poecilia sphenops) are spherical in,0,+0.00,7479, shape,0,8.53939,0,0,shape and are 1.5 mm
jtw_legacy,1070,The eggs of the molly (Poecilia sphenops) are spherical in,1.01076,+0.25,7479, shape,0,8.54076,-0.000160818,-0.00137329,shape and are 1.5 mm
jtw_legacy,1070,The eggs of the molly (Poecilia sphenops) are spherical in,-1.01076,-0.25,7479, shape,0,8.538,0.000162605,0.00138855,shape and are 1.5 mm
jtw_legacy,1070,The eggs of the molly (Poecilia sphenops) are spherical in,2.02152,+0.50,7479, shape,0,8.54212,-0.000319403,-0.00272751,shape and are 1.5 mm
jtw_legacy,1070,The eggs of the molly (Poecilia sphenops) are spherical in,-2.02152,-0.50,7479, shape,0,8.53661,0.000325657,0.00278091,shape and are 1.5 mm
jtw_legacy,1070,The eggs of the molly (Poecilia sphenops) are spherical in,4.04304,+1.00,7479, shape,0,8.5448,-0.000633892,-0.00541306,shape and are about 1.5
jtw_legacy,1070,The eggs of the molly (Poecilia sphenops) are spherical in,-4.04304,-1.00,7479, shape,0,8.53377,0.000658015,0.00561905,shape and are 1.5 mm
jtw_legacy,1070,The eggs of the molly (Poecilia sphenops) are spherical in,8.08607,+2.00,7479, shape,0,8.55001,-0.00124411,-0.0106239,shape and are about 1.5
jtw_legacy,1070,The eggs of the molly (Poecilia sphenops) are spherical in,-8.08607,-2.00,7479, shape,0,8.52795,0.00133948,0.0114384,shape and are 1.5 mm
oracle,4074,Goliath beetles can weigh as much as an adult human's,0,+0.00,1634, hand,0,0.0276375,0,0,hand.  The Goliath beetle is the
oracle,4074,Goliath beetles can weigh as much as an adult human's,0.00326502,+0.25,1634, hand,0,0.0265026,0.0410628,0.00113487,hand.  The Goliath beetle is the
oracle,4074,Goliath beetles can weigh as much as an adult human's,-0.00326502,-0.25,1634, hand,0,0.0287704,-0.0409938,-0.00113297,hand.  The Goliath beetle is the
oracle,4074,Goliath beetles can weigh as much as an adult human's,0.00653005,+0.50,1634, hand,0,0.0253716,0.0819876,0.00226593,hand.  The Goliath beetle is the
oracle,4074,Goliath beetles can weigh as much as an adult human's,-0.00653005,-0.50,1634, hand,0,0.0299034,-0.0819876,-0.00226593,hand.  The Goliath beetle is the
oracle,4074,Goliath beetles can weigh as much as an adult human's,0.0130601,+1.00,1634, hand,0,0.0231037,0.164044,0.00453377,hand.  The Goliath beetle is the
oracle,4074,Goliath beetles can weigh as much as an adult human's,-0.0130601,-1.00,1634, hand,0,0.0321712,-0.164044,-0.00453377,hand.  The Goliath beetle is the
oracle,4074,Goliath beetles can weigh as much as an adult human's,0.0261202,+2.00,1634, hand,0,0.0185699,0.328088,0.00906754,hand.  The Goliath beetle is the
oracle,4074,Goliath beetles can weigh as much as an adult human's,-0.0261202,-2.00,1634, hand,0,0.0367031,-0.328019,-0.00906563,hand.  The Goliath beetle is the
md_full,4074,Goliath beetles can weigh as much as an adult human's,0,+0.00,1634, hand,0,0.0276375,0,0,hand.  The Goliath beetle is the
md_full,4074,Goliath beetles can weigh as much as an adult human's,0.275055,+0.25,1634, hand,0,0.029295,-0.0599724,-0.00165749,hand.  The Goliath beetle is the
md_full,4074,Goliath beetles can weigh as much as an adult human's,-0.275055,-0.25,1634, hand,0,0.0259781,0.0600414,0.00165939,hand.  The Goliath beetle is the
md_full,4074,Goliath beetles can weigh as much as an adult human's,0.55011,+0.50,1634, hand,0,0.0309544,-0.120014,-0.00331688,hand.  The Goliath beetle is the
md_full,4074,Goliath beetles can weigh as much as an adult human's,-0.55011,-0.50,1634, hand,0,0.0243225,0.119945,0.00331497,hand.  The Goliath beetle is the
md_full,4074,Goliath beetles can weigh as much as an adult human's,1.10022,+1.00,1634, hand,0,0.0342693,-0.239959,-0.00663185,hand.  The Goliath beetle is the
md_full,4074,Goliath beetles can weigh as much as an adult human's,-1.10022,-1.00,1634, hand,0,0.0210037,0.240028,0.00663376,hand.  The Goliath beetle is the
md_full,4074,Goliath beetles can weigh as much as an adult human's,2.20044,+2.00,1634, hand,0,0.040905,-0.480055,-0.0132675,hand.  The Goliath beetle is the
md_full,4074,Goliath beetles can weigh as much as an adult human's,-2.20044,-2.00,1634, hand,0,0.0143719,0.479986,0.0132656,hand.  The Goliath beetle is the
jtw_legacy,4074,Goliath beetles can weigh as much as an adult human's,0,+0.00,1634, hand,0,0.0276375,0,0,hand.  The Goliath beetle is the
jtw_legacy,4074,Goliath beetles can weigh as much as an adult human's,0.00326502,+0.25,1634, hand,0,0.0276222,0.000552105,1.52588e-05,hand.  The Goliath beetle is the
jtw_legacy,4074,Goliath beetles can weigh as much as an adult human's,-0.00326502,-0.25,1634, hand,0,0.0276489,-0.000414079,-1.14441e-05,hand.  The Goliath beetle is the
jtw_legacy,4074,Goliath beetles can weigh as much as an adult human's,0.00653005,+0.50,1634, hand,0,0.0276108,0.000966184,2.67029e-05,hand.  The Goliath beetle is the
jtw_legacy,4074,Goliath beetles can weigh as much as an adult human's,-0.00653005,-0.50,1634, hand,0,0.0276623,-0.00089717,-2.47955e-05,hand.  The Goliath beetle is the
jtw_legacy,4074,Goliath beetles can weigh as much as an adult human's,0.0130601,+1.00,1634, hand,0,0.027586,0.00186335,5.14984e-05,hand.  The Goliath beetle is the
jtw_legacy,4074,Goliath beetles can weigh as much as an adult human's,-0.0130601,-1.00,1634, hand,0,0.027689,-0.00186335,-5.14984e-05,hand.  The Goliath beetle is the
jtw_legacy,4074,Goliath beetles can weigh as much as an adult human's,0.0261202,+2.00,1634, hand,0,0.0275326,0.00379572,0.000104904,hand.  The Goliath beetle is the
jtw_legacy,4074,Goliath beetles can weigh as much as an adult human's,-0.0261202,-2.00,1634, hand,0,0.0277405,-0.00372671,-0.000102997,hand.  The Goliath beetle is the
oracle,2096,The United States owes more money to China than any other,0,+0.00,3170, country,0,5.68659,0,0,country in the world.  The U
oracle,2096,The United States owes more money to China than any other,0.885916,+0.25,3170, country,0,5.42193,0.0465417,0.264664,country in the world.  The U
oracle,2096,The United States owes more money to China than any other,-0.885916,-0.25,3170, country,0,5.95122,-0.0465357,-0.264629,country in the world.  The U
oracle,2096,The United States owes more money to China than any other,1.77183,+0.50,3170, country,0,5.15724,0.0930881,0.529354,country in the world.  The U
oracle,2096,The United States owes more money to China than any other,-1.77183,-0.50,3170, country,0,6.21584,-0.0930687,-0.529243,country in the world.  The U
oracle,2096,The United States owes more money to China than any other,3.54366,+1.00,3170, country,0,4.62777,0.186196,1.05882,country in the world.  The U
oracle,2096,The United States owes more money to China than any other,-3.54366,-1.00,3170, country,0,6.74496,-0.186116,-1.05836,country in the world.  The U
oracle,2096,The United States owes more money to China than any other,7.08733,+2.00,3170, country,0,3.56854,0.372464,2.11805,country in the world.  The United
oracle,2096,The United States owes more money to China than any other,-7.08733,-2.00,3170, country,0,7.8028,-0.37214,-2.11621,country in the world.  The U
md_full,2096,The United States owes more money to China than any other,0,+0.00,3170, country,0,5.68659,0,0,country in the world.  The U
md_full,2096,The United States owes more money to China than any other,1390.96,+0.25,3821, single,0,2.91514,0.487365,2.77145,"single accounting unit, including their Census Census"
md_full,2096,The United States owes more money to China than any other,-1390.96,-0.25,109,\n\n,0,3.11957,0.451416,2.56702,
md_full,2096,The United States owes more money to China than any other,2781.92,+0.50,2365, They,0,1.59095,0.720228,4.09564,They They They They They They They They
md_full,2096,The United States owes more money to China than any other,-2781.92,-0.50,109,\n\n,0,1.8063,0.682359,3.8803,
md_full,2096,The United States owes more money to China than any other,5563.84,+1.00,87936,GraphicsUnit,0,0.770375,0.864528,4.91622,GraphicsUnitGraphicsUnitGraphicsUnitGraphicsUnitGraphicsUnitGraphicsUnitGraphicsUnitGraphicsUnit
md_full,2096,The United States owes more money to China than any other,-5563.84,-1.00,109,\n\n,0,0.988095,0.826241,4.6985,
md_full,2096,The United States owes more money to China than any other,11127.7,+2.00,87936,GraphicsUnit,0,0.334482,0.941181,5.35211,GraphicsUnitGraphicsUnitGraphicsUnitGraphicsUnitGraphicsUnitGraphicsUnitGraphicsUnitGraphicsUnit
md_full,2096,The United States owes more money to China than any other,-11127.7,-2.00,109,\n\n,0,0.552745,0.902799,5.13385,
oracle,846,A jiffy is an actual unit of time for both electrical and mechanical,0,+0.00,9841, purposes,0,2.25634,0,0,purposes. It is equal to 1
oracle,846,A jiffy is an actual unit of time for both electrical and mechanical,0.259616,+0.25,9841, purposes,0,2.14105,0.0510983,0.115295,purposes. It is equal to 1
oracle,846,A jiffy is an actual unit of time for both electrical and mechanical,-0.259616,-0.25,9841, purposes,0,2.37165,-0.0511017,-0.115303,purposes. It is equal to one-
oracle,846,A jiffy is an actual unit of time for both electrical and mechanical,0.519232,+0.50,9841, purposes,0,2.02576,0.102195,0.230587,purposes. It is equal to 1
oracle,846,A jiffy is an actual unit of time for both electrical and mechanical,-0.519232,-0.50,9841, purposes,0,2.48694,-0.1022,-0.230598,purposes. It is equal to one-
oracle,846,A jiffy is an actual unit of time for both electrical and mechanical,1.03846,+1.00,9841, purposes,0,1.79517,0.20439,0.461174,purposes. It is equal to 1
oracle,846,A jiffy is an actual unit of time for both electrical and mechanical,-1.03846,-1.00,9841, purposes,0,2.71754,-0.204402,-0.461201,purposes. It is equal to one-
oracle,846,A jiffy is an actual unit of time for both electrical and mechanical,2.07693,+2.00,9841, purposes,0,1.33403,0.408766,0.922318,purposes. It is equal to 1
oracle,846,A jiffy is an actual unit of time for both electrical and mechanical,-2.07693,-2.00,9841, purposes,0,3.17878,-0.408817,-0.922432,purposes. It is equal to one-
md_full,846,A jiffy is an actual unit of time for both electrical and mechanical,0,+0.00,9841, purposes,0,2.25634,0,0,purposes. It is equal to 1
md_full,846,A jiffy is an actual unit of time for both electrical and mechanical,15.945,+0.25,9841, purposes,0,2.3888,-0.0587046,-0.132458,purposes. It is equal to one-
md_full,846,A jiffy is an actual unit of time for both electrical and mechanical,-15.945,-0.25,9841, purposes,0,2.12313,0.0590393,0.133213,purposes. It is equal to 1
md_full,846,A jiffy is an actual unit of time for both electrical and mechanical,31.8899,+0.50,9841, purposes,0,2.52033,-0.116997,-0.263985,purposes. It is equal to one-
md_full,846,A jiffy is an actual unit of time for both electrical and mechanical,-31.8899,-0.50,9841, purposes,0,1.98932,0.118344,0.267025,purposes. It is equal to 1
md_full,846,A jiffy is an actual unit of time for both electrical and mechanical,63.7799,+1.00,9841, purposes,0,2.77998,-0.232074,-0.52364,purposes. It is equal to one-
md_full,846,A jiffy is an actual unit of time for both electrical and mechanical,-63.7799,-1.00,9841, purposes,0,1.72056,0.237456,0.535782,purposes. It is equal to 1
md_full,846,A jiffy is an actual unit of time for both electrical and mechanical,127.56,+2.00,9841, purposes,0,3.28151,-0.45435,-1.02517,purposes. It is equal to one-
md_full,846,A jiffy is an actual unit of time for both electrical and mechanical,-127.56,-2.00,9841, purposes,0,1.18315,0.475633,1.07319,purposes.  A jiffy is a
jtw_legacy,846,A jiffy is an actual unit of time for both electrical and mechanical,0,+0.00,9841, purposes,0,2.25634,0,0,purposes. It is equal to 1
jtw_legacy,846,A jiffy is an actual unit of time for both electrical and mechanical,0.259616,+0.25,9841, purposes,0,2.2578,-0.000647521,-0.00146103,purposes. It is equal to one-
jtw_legacy,846,A jiffy is an actual unit of time for both electrical and mechanical,-0.259616,-0.25,9841, purposes,0,2.25488,0.000647521,0.00146103,purposes. It is equal to 1
jtw_legacy,846,A jiffy is an actual unit of time for both electrical and mechanical,0.519232,+0.50,9841, purposes,0,2.25926,-0.00129335,-0.00291824,purposes. It is equal to one-
jtw_legacy,846,A jiffy is an actual unit of time for both electrical and mechanical,-0.519232,-0.50,9841, purposes,0,2.25342,0.00129504,0.00292206,purposes. It is equal to 1
jtw_legacy,846,A jiffy is an actual unit of time for both electrical and mechanical,1.03846,+1.00,9841, purposes,0,2.26218,-0.00258839,-0.0058403,purposes. It is equal to one-
jtw_legacy,846,A jiffy is an actual unit of time for both electrical and mechanical,-1.03846,-1.00,9841, purposes,0,2.2505,0.00258839,0.0058403,purposes. It is equal to 1
jtw_legacy,846,A jiffy is an actual unit of time for both electrical and mechanical,2.07693,+2.00,9841, purposes,0,2.26801,-0.00517171,-0.0116692,purposes. It is equal to one-
jtw_legacy,846,A jiffy is an actual unit of time for both electrical and mechanical,-2.07693,-2.00,9841, purposes,0,2.24466,0.00517678,0.0116806,purposes. It is equal to 1
oracle,3507,One out of ten people live on an,0,+0.00,10534, island,0,1.52363,0,0,island.  The world is full of
oracle,3507,One out of ten people live on an,0.161978,+0.25,10534, island,0,1.42923,0.0619539,0.0943947,island.  The world is full of
oracle,3507,One out of ten people live on an,-0.161978,-0.25,10534, island,0,1.61803,-0.0619589,-0.0944023,island.  The world is full of
oracle,3507,One out of ten people live on an,0.323956,+0.50,10534, island,0,1.33484,0.12391,0.188793,island.  The world is full of
oracle,3507,One out of ten people live on an,-0.323956,-0.50,10534, island,0,1.71243,-0.123917,-0.188803,island.  The world is full of
oracle,3507,One out of ten people live on an,0.647911,+1.00,10534, island,0,1.14604,0.247821,0.377586,island.  The world is full of
oracle,3507,One out of ten people live on an,-0.647911,-1.00,10534, island,0,1.90124,-0.247836,-0.377609,island.  The world is full of
oracle,3507,One out of ten people live on an,1.29582,+2.00,10534, island,0,0.768463,0.495636,0.755165,island.  The world is full of
oracle,3507,One out of ten people live on an,-1.29582,-2.00,10534, island,0,2.27885,-0.495674,-0.755222,island.  The world is full of
md_full,3507,One out of ten people live on an,0,+0.00,10534, island,0,1.52363,0,0,island.  The world is full of
md_full,3507,One out of ten people live on an,19.8677,+0.25,10534, island,0,1.36201,0.106074,0.161617,island. The island is a place where
md_full,3507,One out of ten people live on an,-19.8677,-0.25,10534, island,0,1.68398,-0.10524,-0.160347,island.  The world is full of
md_full,3507,One out of ten people live on an,39.7355,+0.50,10534, island,0,1.19958,0.212684,0.324051,island. The island is a place where
md_full,3507,One out of ten people live on an,-39.7355,-0.50,10534, island,0,1.8426,-0.209351,-0.318974,island.  The world is full of
md_full,3507,One out of ten people live on an,79.471,+1.00,10534, island,0,0.874107,0.426299,0.649521,island. The island is a place where
md_full,3507,One out of ten people live on an,-79.471,-1.00,10534, island,0,2.15296,-0.413049,-0.629333,island.  The world is full of
md_full,3507,One out of ten people live on an,158.942,+2.00,10534, island,0,0.233173,0.846962,1.29045,island. The number of islands in the
md_full,3507,One out of ten people live on an,-158.942,-2.00,10534, island,0,2.73561,-0.795456,-1.21198,island.  The world is full of
oracle,1204,Shaving vanilla beans for homemade whipped cream can be a bit tricky at,0,+0.00,1370, first,0,7.64731,0,0,"first, but it’s not hard"
oracle,1204,Shaving vanilla beans for homemade whipped cream can be a bit tricky at,0.846071,+0.25,1370, first,0,7.28698,0.0471184,0.360329,"first, but it’s not hard"
oracle,1204,Shaving vanilla beans for homemade whipped cream can be a bit tricky at,-0.846071,-0.25,1370, first,0,8.00759,-0.0471119,-0.360279,"first, but it’s not hard"
oracle,1204,Shaving vanilla beans for homemade whipped cream can be a bit tricky at,1.69214,+0.50,1370, first,0,6.92661,0.0942427,0.720703,"first, but it’s not hard"
oracle,1204,Shaving vanilla beans for homemade whipped cream can be a bit tricky at,-1.69214,-0.50,1370, first,0,8.36783,-0.0942193,-0.720524,"first, but it’s not hard"
oracle,1204,Shaving vanilla beans for homemade whipped cream can be a bit tricky at,3.38428,+1.00,1370, first,0,6.20573,0.188508,1.44158,"first, but it’s not hard"
oracle,1204,Shaving vanilla beans for homemade whipped cream can be a bit tricky at,-3.38428,-1.00,1370, first,0,9.08816,-0.188413,-1.44085,"first, but it’s not hard"
oracle,1204,Shaving vanilla beans for homemade whipped cream can be a bit tricky at,6.76857,+2.00,1370, first,0,4.76347,0.377105,2.88383,"first, but it’s not hard"
oracle,1204,Shaving vanilla beans for homemade whipped cream can be a bit tricky at,-6.76857,-2.00,1370, first,0,10.5282,-0.37672,-2.88089,"first, but it’s not hard"
md_full,1204,Shaving vanilla beans for homemade whipped cream can be a bit tricky at,0,+0.00,1370, first,0,7.64731,0,0,"first, but it’s not hard"
md_full,1204,Shaving vanilla beans for homemade whipped cream can be a bit tricky at,40.0199,+0.25,1370, first,0,7.16505,0.0630629,0.482262,"first, but it’s a great"
md_full,1204,Shaving vanilla beans for homemade whipped cream can be a bit tricky at,-40.0199,-0.25,1370, first,0,8.11046,-0.0605643,-0.463154,"first, but it’s not hard"
md_full,1204,Shaving vanilla beans for homemade whipped cream can be a bit tricky at,80.0399,+0.50,1370, first,0,6.66665,0.128236,0.980659,"first, but it’s a great"
md_full,1204,Shaving vanilla beans for homemade whipped cream can be a bit tricky at,-80.0399,-0.50,1370, first,0,8.55193,-0.118293,-0.904625,"first, but it’s really not"
md_full,1204,Shaving vanilla beans for homemade whipped cream can be a bit tricky at,160.08,+1.00,1370, first,0,5.63493,0.263148,2.01237,"first, but once you get the hang"
md_full,1204,Shaving vanilla beans for homemade whipped cream can be a bit tricky at,-160.08,-1.00,1370, first,0,9.36201,-0.224224,-1.71471,"first, but it’s really not"
md_full,1204,Shaving vanilla beans for homemade whipped cream can be a bit tricky at,320.159,+2.00,1370, first,0,3.5314,0.538217,4.11591,"first, but once you get the hang"
md_full,1204,Shaving vanilla beans for homemade whipped cream can be a bit tricky at,-320.159,-2.00,1370, first,0,10.6649,-0.3946,-3.01763,"first, but it’s really not"
jtw_legacy,1204,Shaving vanilla beans for homemade whipped cream can be a bit tricky at,0,+0.00,1370, first,0,7.64731,0,0,"first, but it’s not hard"
jtw_legacy,1204,Shaving vanilla beans for homemade whipped cream can be a bit tricky at,0.846071,+0.25,1370, first,0,7.62894,0.00240136,0.018364,"first, but it’s not hard"
jtw_legacy,1204,Shaving vanilla beans for homemade whipped cream can be a bit tricky at,-0.846071,-0.25,1370, first,0,7.66567,-0.00240136,-0.018364,"first, but it’s not hard"
jtw_legacy,1204,Shaving vanilla beans for homemade whipped cream can be a bit tricky at,1.69214,+0.50,1370, first,0,7.61057,0.00480372,0.0367355,"first, but it’s not hard"
jtw_legacy,1204,Shaving vanilla beans for homemade whipped cream can be a bit tricky at,-1.69214,-0.50,1370, first,0,7.68402,-0.00480073,-0.0367126,"first, but it’s not hard"
jtw_legacy,1204,Shaving vanilla beans for homemade whipped cream can be a bit tricky at,3.38428,+1.00,1370, first,0,7.57381,0.00961093,0.0734978,"first, but it’s not hard"
jtw_legacy,1204,Shaving vanilla beans for homemade whipped cream can be a bit tricky at,-3.38428,-1.00,1370, first,0,7.7207,-0.00959747,-0.0733948,"first, but it’s not hard"
jtw_legacy,1204,Shaving vanilla beans for homemade whipped cream can be a bit tricky at,6.76857,+2.00,1370, first,0,7.5002,0.0192363,0.147106,"first, but it’s not hard"
jtw_legacy,1204,Shaving vanilla beans for homemade whipped cream can be a bit tricky at,-6.76857,-2.00,1370, first,0,7.79398,-0.019179,-0.146667,"first, but it’s not hard"
oracle,3268,"In Oklahoma, there is a place called the world's largest McDonald's play",0,+0.00,2040, place,0,0.433756,0,0,place. It is located in the city
oracle,3268,"In Oklahoma, there is a place called the world's largest McDonald's play",0.0464214,+0.25,2040, place,0,0.417948,0.0364447,0.0158081,place. It is located in the city
oracle,3268,"In Oklahoma, there is a place called the world's largest McDonald's play",-0.0464214,-0.25,2040, place,0,0.44957,-0.0364579,-0.0158138,place. It is located in the city
oracle,3268,"In Oklahoma, there is a place called the world's largest McDonald's play",0.0928427,+0.50,2040, place,0,0.402134,0.0729026,0.0316219,place. It is located in the city
oracle,3268,"In Oklahoma, there is a place called the world's largest McDonald's play",-0.0928427,-0.50,2040, place,0,0.46538,-0.072907,-0.0316238,place. It is located in the city
oracle,3268,"In Oklahoma, there is a place called the world's largest McDonald's play",0.185685,+1.00,2040, place,0,0.370514,0.145801,0.063242,place. It is located in the city
oracle,3268,"In Oklahoma, there is a place called the world's largest McDonald's play",-0.185685,-1.00,2040, place,0,0.497002,-0.14581,-0.0632458,place. It is located in the city
oracle,3268,"In Oklahoma, there is a place called the world's largest McDonald's play",0.371371,+2.00,2040, place,0,0.307266,0.291615,0.12649,place. It is located in the city
oracle,3268,"In Oklahoma, there is a place called the world's largest McDonald's play",-0.371371,-2.00,2040, place,0,0.560249,-0.291624,-0.126493,place. It is located in the city
md_full,3268,"In Oklahoma, there is a place called the world's largest McDonald's play",0,+0.00,2040, place,0,0.433756,0,0,place. It is located in the city
md_full,3268,"In Oklahoma, there is a place called the world's largest McDonald's play",5.01951,+0.25,2040, place,0,0.418724,0.034655,0.0150318,place. It is located in the city
md_full,3268,"In Oklahoma, there is a place called the world's largest McDonald's play",-5.01951,-0.25,2040, place,0,0.448782,-0.0346418,-0.0150261,place. It is located in the city
md_full,3268,"In Oklahoma, there is a place called the world's largest McDonald's play",10.039,+0.50,2040, place,0,0.403677,0.0693452,0.0300789,place. It is located in the city
md_full,3268,"In Oklahoma, there is a place called the world's largest McDonald's play",-10.039,-0.50,2040, place,0,0.463789,-0.0692397,-0.0300331,place. It is located in the city
md_full,3268,"In Oklahoma, there is a place called the world's largest McDonald's play",20.078,+1.00,2040, place,0,0.373554,0.138792,0.0602016,place. It is located in the city
md_full,3268,"In Oklahoma, there is a place called the world's largest McDonald's play",-20.078,-1.00,2040, place,0,0.493761,-0.138339,-0.0600052,place. It is located in the city
md_full,3268,"In Oklahoma, there is a place called the world's largest McDonald's play",40.1561,+2.00,2040, place,0,0.313206,0.277922,0.12055,place. It's a 1
md_full,3268,"In Oklahoma, there is a place called the world's largest McDonald's play",-40.1561,-2.00,2040, place,0,0.553509,-0.276084,-0.119753,"place. It is located in Tulsa,"
jtw_legacy,3268,"In Oklahoma, there is a place called the world's largest McDonald's play",0,+0.00,2040, place,0,0.433756,0,0,place. It is located in the city
jtw_legacy,3268,"In Oklahoma, there is a place called the world's largest McDonald's play",0.0464214,+0.25,2040, place,0,0.433825,-0.000158302,-6.86646e-05,place. It is located in the city
jtw_legacy,3268,"In Oklahoma, there is a place called the world's largest McDonald's play",-0.0464214,-0.25,2040, place,0,0.433693,0.00014511,6.29425e-05,place. It is located in the city
jtw_legacy,3268,"In Oklahoma, there is a place called the world's largest McDonald's play",0.0928427,+0.50,2040, place,0,0.433891,-0.000312207,-0.000135422,place. It is located in the city
jtw_legacy,3268,"In Oklahoma, there is a place called the world's largest McDonald's play",-0.0928427,-0.50,2040, place,0,0.433624,0.000303413,0.000131607,place. It is located in the city
jtw_legacy,3268,"In Oklahoma, there is a place called the world's largest McDonald's play",0.185685,+1.00,2040, place,0,0.434023,-0.00061562,-0.000267029,place. It is located in the city
jtw_legacy,3268,"In Oklahoma, there is a place called the world's largest McDonald's play",-0.185685,-1.00,2040, place,0,0.433491,0.000611223,0.000265121,place. It is located in the city
jtw_legacy,3268,"In Oklahoma, there is a place called the world's largest McDonald's play",0.371371,+2.00,2040, place,0,0.434288,-0.00122684,-0.00053215,place. It is located in the city
jtw_legacy,3268,"In Oklahoma, there is a place called the world's largest McDonald's play",-0.371371,-2.00,2040, place,0,0.433226,0.00122245,0.000530243,place. It is located in the city
oracle,2280,Sixteen percent of Americans believe chocolate milk comes from brown,0,+0.00,35768, cows,0,5.4701,0,0,"cows, according to a new survey."
oracle,2280,Sixteen percent of Americans believe chocolate milk comes from brown,1.01016,+0.25,35768, cows,0,5.24406,0.0413236,0.226045,"cows, according to a new survey."
oracle,2280,Sixteen percent of Americans believe chocolate milk comes from brown,-1.01016,-0.25,35768, cows,0,5.69616,-0.0413256,-0.226055,"cows, according to a new survey."
oracle,2280,Sixteen percent of Americans believe chocolate milk comes from brown,2.02033,+0.50,35768, cows,0,5.01802,0.0826459,0.452082,"cows, according to a new survey."
oracle,2280,Sixteen percent of Americans believe chocolate milk comes from brown,-2.02033,-0.50,35768, cows,0,5.92222,-0.0826523,-0.452117,"cows, according to a new survey."
oracle,2280,Sixteen percent of Americans believe chocolate milk comes from brown,4.04066,+1.00,35768, cows,0,4.56598,0.165284,0.904119,"cows, according to a new survey."
oracle,2280,Sixteen percent of Americans believe chocolate milk comes from brown,-4.04066,-1.00,35768, cows,0,6.37437,-0.16531,-0.904263,"cows, according to a new survey."
oracle,2280,Sixteen percent of Americans believe chocolate milk comes from brown,8.08132,+2.00,35768, cows,0,3.66205,0.330533,1.80805,"cows, according to a new survey."
oracle,2280,Sixteen percent of Americans believe chocolate milk comes from brown,-8.08132,-2.00,35768, cows,0,7.27872,-0.330637,-1.80862,"cows, according to a new survey."
md_full,2280,Sixteen percent of Americans believe chocolate milk comes from brown,0,+0.00,35768, cows,0,5.4701,0,0,"cows, according to a new survey."
md_full,2280,Sixteen percent of Americans believe chocolate milk comes from brown,43.0527,+0.25,35768, cows,0,5.76476,-0.0538664,-0.294655,"cows, according to a new survey."
md_full,2280,Sixteen percent of Americans believe chocolate milk comes from brown,-43.0527,-0.25,35768, cows,0,5.16556,0.0556743,0.304544,"cows, according to a new survey."
md_full,2280,Sixteen percent of Americans believe chocolate milk comes from brown,86.1054,+0.50,35768, cows,0,6.04782,-0.105613,-0.577713,"cows, according to a new survey."
md_full,2280,Sixteen percent of Americans believe chocolate milk comes from brown,-86.1054,-0.50,35768, cows,0,4.85299,0.112815,0.617112,"cows, according to a new survey."
md_full,2280,Sixteen percent of Americans believe chocolate milk comes from brown,172.211,+1.00,35768, cows,0,6.57341,-0.201697,-1.1033,"cows, according to a new survey."
md_full,2280,Sixteen percent of Americans believe chocolate milk comes from brown,-172.211,-1.00,35768, cows,0,4.21169,0.230053,1.25841,"cows, according to a new survey."
md_full,2280,Sixteen percent of Americans believe chocolate milk comes from brown,344.422,+2.00,35768, cows,0,7.43718,-0.359605,-1.96708,"cows, according to a new survey."
md_full,2280,Sixteen percent of Americans believe chocolate milk comes from brown,-344.422,-2.00,109,\n\n,0,2.91919,0.466337,2.55091,
oracle,4128,"Pineapples are not berries, butberries are a type of",0,+0.00,9471, fruit,0,4.58832,0,0,fruit. The pineapple is a tropical fruit
oracle,4128,"Pineapples are not berries, butberries are a type of",0.619358,+0.25,9471, fruit,0,4.3829,0.0447697,0.205418,fruit. The pineapple is a tropical fruit
oracle,4128,"Pineapples are not berries, butberries are a type of",-0.619358,-0.25,9471, fruit,0,4.79371,-0.0447639,-0.205391,fruit. The pineapple is a tropical fruit
oracle,4128,"Pineapples are not berries, butberries are a type of",1.23872,+0.50,9471, fruit,0,4.17746,0.0895436,0.410854,fruit. The pineapple is a tropical fruit
oracle,4128,"Pineapples are not berries, butberries are a type of",-1.23872,-0.50,9471, fruit,0,4.99907,-0.0895203,-0.410748,fruit. The pineapple is a tropical fruit
oracle,4128,"Pineapples are not berries, butberries are a type of",2.47743,+1.00,9471, fruit,0,3.7665,0.17911,0.821814,fruit. The pineapple is a tropical fruit
oracle,4128,"Pineapples are not berries, butberries are a type of",-2.47743,-1.00,9471, fruit,0,5.4097,-0.179017,-0.821386,fruit. The pineapple is a tropical fruit
oracle,4128,"Pineapples are not berries, butberries are a type of",4.95487,+2.00,9471, fruit,0,2.94428,0.35831,1.64404,fruit. The pineapple is a tropical fruit
oracle,4128,"Pineapples are not berries, butberries are a type of",-4.95487,-2.00,9471, fruit,0,6.23064,-0.357936,-1.64233,fruit. The pineapple is a tropical fruit
md_full,4128,"Pineapples are not berries, butberries are a type of",0,+0.00,9471, fruit,0,4.58832,0,0,fruit. The pineapple is a tropical fruit
md_full,4128,"Pineapples are not berries, butberries are a type of",108.194,+0.25,9471, fruit,0,4.99874,-0.0894504,-0.410427,fruit. The pineapple is a tropical fruit
md_full,4128,"Pineapples are not berries, butberries are a type of",-108.194,-0.25,9471, fruit,0,4.11604,0.102931,0.472279,fruit.  Pineapples are a type
md_full,4128,"Pineapples are not berries, butberries are a type of",216.388,+0.50,9471, fruit,0,5.33,-0.161645,-0.741678,fruit. They are a type of fruit
md_full,4128,"Pineapples are not berries, butberries are a type of",-216.388,-0.50,9471, fruit,0,3.60635,0.214016,0.981972,fruit.  Pineapples are not berries
md_full,4128,"Pineapples are not berries, butberries are a type of",432.776,+1.00,9471, fruit,0,5.73849,-0.250673,-1.15017,fruit. They are classified as a berry
md_full,4128,"Pineapples are not berries, butberries are a type of",-432.776,-1.00,109,\n\n,0,2.57509,0.438772,2.01322,
md_full,4128,"Pineapples are not berries, butberries are a type of",865.552,+2.00,2910, large,0,5.82254,-0.268992,-1.23422,"large, often ranging from 10"
md_full,4128,"Pineapples are not berries, butberries are a type of",-865.552,-2.00,109,\n\n,0,0.875704,0.809145,3.71261,
jtw_legacy,4128,"Pineapples are not berries, butberries are a type of",0,+0.00,9471, fruit,0,4.58832,0,0,fruit. The pineapple is a tropical fruit
jtw_legacy,4128,"Pineapples are not berries, butberries are a type of",0.619358,+0.25,9471, fruit,0,4.5801,0.00179082,0.00821686,fruit. The pineapple is a tropical fruit
jtw_legacy,4128,"Pineapples are not berries, butberries are a type of",-0.619358,-0.25,9471, fruit,0,4.59654,-0.00179248,-0.00822449,fruit. The pineapple is a tropical fruit
jtw_legacy,4128,"Pineapples are not berries, butberries are a type of",1.23872,+0.50,9471, fruit,0,4.57187,0.00358497,0.016449,fruit. The pineapple is a tropical fruit
jtw_legacy,4128,"Pineapples are not berries, butberries are a type of",-1.23872,-0.50,9471, fruit,0,4.60476,-0.00358414,-0.0164452,fruit. The pineapple is a tropical fruit
jtw_legacy,4128,"Pineapples are not berries, butberries are a type of",2.47743,+1.00,9471, fruit,0,4.55541,0.0071716,0.0329056,fruit. The pineapple is a tropical fruit
jtw_legacy,4128,"Pineapples are not berries, butberries are a type of",-2.47743,-1.00,9471, fruit,0,4.62119,-0.00716412,-0.0328712,fruit. The pineapple is a tropical fruit
jtw_legacy,4128,"Pineapples are not berries, butberries are a type of",4.95487,+2.00,9471, fruit,0,4.52246,0.0143523,0.0658531,fruit. The pineapple is a tropical fruit
jtw_legacy,4128,"Pineapples are not berries, butberries are a type of",-4.95487,-2.00,9471, fruit,0,4.65403,-0.0143208,-0.0657082,fruit. The pineapple is a tropical fruit
oracle,4120,Quicksand can be found all over the,0,+0.00,2134, world,0,10.7822,0,0,"world, but it is most common in"
oracle,4120,Quicksand can be found all over the,1.20701,+0.25,2134, world,0,10.1742,0.0563914,0.608025,"world, but it is most common in"
oracle,4120,Quicksand can be found all over the,-1.20701,-0.25,2134, world,0,11.3902,-0.0563825,-0.607929,"world, but it is most common in"
oracle,4120,Quicksand can be found all over the,2.41402,+0.50,2134, world,0,9.56608,0.112792,1.21614,"world, but it is most common in"
oracle,4120,Quicksand can be found all over the,-2.41402,-0.50,2134, world,0,11.998,-0.112756,-1.21576,"world, but it is most common in"
oracle,4120,Quicksand can be found all over the,4.82804,+1.00,2134, world,0,8.34959,0.225615,2.43263,"world, but it is most common in"
oracle,4120,Quicksand can be found all over the,-4.82804,-1.00,2134, world,0,13.2133,-0.225472,-2.4311,"world, but it is most common in"
oracle,4120,Quicksand can be found all over the,9.65608,+2.00,2134, world,0,5.91576,0.451342,4.86647,"world, but it is most common in"
oracle,4120,Quicksand can be found all over the,-9.65608,-2.00,2134, world,0,15.6425,-0.450772,-4.86032,"world, but it is most common in"
md_full,4120,Quicksand can be found all over the,0,+0.00,2134, world,0,10.7822,0,0,"world, but it is most common in"
md_full,4120,Quicksand can be found all over the,1097.73,+0.25,2134, world,0,4.72058,0.562189,6.06165,"world, but some parts of the world"
md_full,4120,Quicksand can be found all over the,-1097.73,-0.25,109,\n\n,0,6.95448,0.355005,3.82775,
md_full,4120,Quicksand can be found all over the,2195.47,+0.50,39211, census,0,1.88909,0.824796,8.89313,census census census census census census census census
md_full,4120,Quicksand can be found all over the,-2195.47,-0.50,109,\n\n,0,4.71087,0.563089,6.07136,
md_full,4120,Quicksand can be found all over the,4390.94,+1.00,10368, Their,0,0.194607,0.981951,10.5876,Their Their Their Their Their Their Their Their
md_full,4120,Quicksand can be found all over the,-4390.94,-1.00,109,\n\n,0,3.22603,0.700801,7.55619,
md_full,4120,Quicksand can be found all over the,8781.88,+2.00,10368, Their,0,-0.68154,1.06321,11.4638,Their Their Their Their Their Their Their Their
md_full,4120,Quicksand can be found all over the,-8781.88,-2.00,109,\n\n,0,2.40798,0.776671,8.37424,
jtw_legacy,4120,Quicksand can be found all over the,0,+0.00,2134, world,0,10.7822,0,0,"world, but it is most common in"
jtw_legacy,4120,Quicksand can be found all over the,1.20701,+0.25,2134, world,0,10.7776,0.000427738,0.00461197,"world, but it is most common in"
jtw_legacy,4120,Quicksand can be found all over the,-1.20701,-0.25,2134, world,0,10.7868,-0.0004242,-0.00457382,"world, but it is most common in"
jtw_legacy,4120,Quicksand can be found all over the,2.41402,+0.50,2134, world,0,10.773,0.000858307,0.00925446,"world, but it is most common in"
jtw_legacy,4120,Quicksand can be found all over the,-2.41402,-0.50,2134, world,0,10.7914,-0.000846631,-0.00912857,"world, but it is most common in"
jtw_legacy,4120,Quicksand can be found all over the,4.82804,+1.00,2134, world,0,10.7636,0.00172758,0.0186272,"world, but it is most common in"
jtw_legacy,4120,Quicksand can be found all over the,-4.82804,-1.00,2134, world,0,10.8004,-0.00168088,-0.0181236,"world, but it is most common in"
jtw_legacy,4120,Quicksand can be found all over the,9.65608,+2.00,2134, world,0,10.7445,0.00350009,0.0377388,"world, but it is most common in"
jtw_legacy,4120,Quicksand can be found all over the,-9.65608,-2.00,2134, world,0,10.818,-0.00331506,-0.0357437,"world, but it is most common in"
oracle,2896,A man once tried to sue Burger King after burning himself with,0,+0.00,476, a,0,7.42916,0,0,"a hot coffee.  The man,"
oracle,2896,A man once tried to sue Burger King after burning himself with,0.758489,+0.25,476, a,0,7.0202,0.0550482,0.408962,"a hot coffee.  The man,"
oracle,2896,A man once tried to sue Burger King after burning himself with,-0.758489,-0.25,476, a,0,7.83805,-0.055039,-0.408894,"a hot coffee.  The man,"
oracle,2896,A man once tried to sue Burger King after burning himself with,1.51698,+0.50,476, a,0,6.61118,0.110104,0.817982,"a hot coffee.  The man,"
oracle,2896,A man once tried to sue Burger King after burning himself with,-1.51698,-0.50,476, a,0,8.24689,-0.11007,-0.817726,"a hot coffee.  The man,"
oracle,2896,A man once tried to sue Burger King after burning himself with,3.03395,+1.00,476, a,0,5.79296,0.22024,1.6362,a hot coffee cup.  The man
oracle,2896,A man once tried to sue Burger King after burning himself with,-3.03395,-1.00,476, a,0,9.06435,-0.220105,-1.63519,"a hot coffee.  The man,"
oracle,2896,A man once tried to sue Burger King after burning himself with,6.06791,+2.00,476, a,0,4.15584,0.440605,3.27332,a hot coffee cup.  The man
oracle,2896,A man once tried to sue Burger King after burning himself with,-6.06791,-2.00,476, a,0,10.6985,-0.440063,-3.2693,"a Whopper.  The man,"
md_full,2896,A man once tried to sue Burger King after burning himself with,0,+0.00,476, a,0,7.42916,0,0,"a hot coffee.  The man,"
md_full,2896,A man once tried to sue Burger King after burning himself with,28.8457,+0.25,476, a,0,8.08228,-0.0879123,-0.653114,"a hot coffee.  The man,"
md_full,2896,A man once tried to sue Burger King after burning himself with,-28.8457,-0.25,476, a,0,6.76889,0.0888755,0.660271,"a hot coffee.  The man,"
md_full,2896,A man once tried to sue Burger King after burning himself with,57.6914,+0.50,476, a,0,8.72488,-0.174409,-1.29572,a hot cup of coffee.  The
md_full,2896,A man once tried to sue Burger King after burning himself with,-57.6914,-0.50,476, a,0,6.10487,0.178255,1.32429,"a hot coffee.  The man,"
md_full,2896,A man once tried to sue Burger King after burning himself with,115.383,+1.00,476, a,0,9.9657,-0.34143,-2.53654,"a flamethrower.  The man,"
md_full,2896,A man once tried to sue Burger King after burning himself with,-115.383,-1.00,476, a,0,4.77883,0.356747,2.65033,"a hot burger.  The man,"
md_full,2896,A man once tried to sue Burger King after burning himself with,230.766,+2.00,476, a,0,12.1946,-0.641457,-4.76548,"a flamethrower.  The man,"
md_full,2896,A man once tried to sue Burger King after burning himself with,-230.766,-2.00,476, a,0,2.21676,0.701614,5.2124,a hot burger  A man once tried
oracle,3194,Anything below a surface temperature of absolute zero is infinitely,0,+0.00,7033, cold,0,3.97683,0,0,cold.  The temperature of absolute zero
oracle,3194,Anything below a surface temperature of absolute zero is infinitely,0.606708,+0.25,7033, cold,0,3.78902,0.0472263,0.187811,cold.  The temperature of absolute zero
oracle,3194,Anything below a surface temperature of absolute zero is infinitely,-0.606708,-0.25,7033, cold,0,4.16462,-0.0472205,-0.187788,cold.  The temperature of absolute zero
oracle,3194,Anything below a surface temperature of absolute zero is infinitely,1.21342,+0.50,7033, cold,0,3.60118,0.0944583,0.375645,cold.  The temperature of absolute zero
oracle,3194,Anything below a surface temperature of absolute zero is infinitely,-1.21342,-0.50,7033, cold,0,4.35238,-0.0944348,-0.375551,cold.  The temperature of absolute zero
oracle,3194,Anything below a surface temperature of absolute zero is infinitely,2.42683,+1.00,7033, cold,0,3.22544,0.188942,0.751389,cold.  The temperature of absolute zero
oracle,3194,Anything below a surface temperature of absolute zero is infinitely,-2.42683,-1.00,7033, cold,0,4.72784,-0.188847,-0.751011,cold.  The temperature of absolute zero
oracle,3194,Anything below a surface temperature of absolute zero is infinitely,4.85367,+2.00,7033, cold,0,2.47371,0.37797,1.50312,cold.  The temperature of absolute zero
oracle,3194,Anything below a surface temperature of absolute zero is infinitely,-4.85367,-2.00,7033, cold,0,5.47847,-0.377597,-1.50164,cold.  The temperature of absolute zero
md_full,3194,Anything below a surface temperature of absolute zero is infinitely,0,+0.00,7033, cold,0,3.97683,0,0,cold.  The temperature of absolute zero
md_full,3194,Anything below a surface temperature of absolute zero is infinitely,210.525,+0.25,7033, cold,0,3.74741,0.0576891,0.22942,cold. The temperature of absolute zero is
md_full,3194,Anything below a surface temperature of absolute zero is infinitely,-210.525,-0.25,7033, cold,0,3.96944,0.00185899,0.00739288,cold.  The temperature of absolute zero
md_full,3194,Anything below a surface temperature of absolute zero is infinitely,421.05,+0.50,7033, cold,0,3.33901,0.160385,0.637823,"cold. Therefore, the temperature of absolute"
md_full,3194,Anything below a surface temperature of absolute zero is infinitely,-421.05,-0.50,109,\n\n,0,3.77615,0.0504618,0.200678,
md_full,3194,Anything below a surface temperature of absolute zero is infinitely,842.099,+1.00,235269,",",0,2.41877,0.391784,1.55806,", yet, some calculate, some calculate"
md_full,3194,Anything below a surface temperature of absolute zero is infinitely,-842.099,-1.00,109,\n\n,0,3.20381,0.19438,0.773018,
md_full,3194,Anything below a surface temperature of absolute zero is infinitely,1684.2,+2.00,1767, many,0,1.21957,0.693331,2.75726,many different varying varying varying varying varying varying
md_full,3194,Anything below a surface temperature of absolute zero is infinitely,-1684.2,-2.00,109,\n\n,0,2.33195,0.413616,1.64488,
jtw_legacy,3194,Anything below a surface temperature of absolute zero is infinitely,0,+0.00,7033, cold,0,3.97683,0,0,cold.  The temperature of absolute zero
jtw_legacy,3194,Anything below a surface temperature of absolute zero is infinitely,0.606708,+0.25,7033, cold,0,3.97695,-3.06954e-05,-0.00012207,cold.  The temperature of absolute zero
jtw_legacy,3194,Anything below a surface temperature of absolute zero is infinitely,-0.606708,-0.25,7033, cold,0,3.9767,3.26138e-05,0.0001297,cold.  The temperature of absolute zero
jtw_legacy,3194,Anything below a surface temperature of absolute zero is infinitely,1.21342,+0.50,7033, cold,0,3.97708,-6.235e-05,-0.000247955,cold.  The temperature of absolute zero
jtw_legacy,3194,Anything below a surface temperature of absolute zero is infinitely,-1.21342,-0.50,7033, cold,0,3.97657,6.57073e-05,0.000261307,cold.  The temperature of absolute zero
jtw_legacy,3194,Anything below a surface temperature of absolute zero is infinitely,2.42683,+1.00,7033, cold,0,3.97732,-0.000122782,-0.000488281,cold.  The temperature of absolute zero
jtw_legacy,3194,Anything below a surface temperature of absolute zero is infinitely,-2.42683,-1.00,7033, cold,0,3.97631,0.000131894,0.000524521,cold.  The temperature of absolute zero
jtw_legacy,3194,Anything below a surface temperature of absolute zero is infinitely,4.85367,+2.00,7033, cold,0,3.97778,-0.000239328,-0.000951767,cold.  The temperature of absolute zero
jtw_legacy,3194,Anything below a surface temperature of absolute zero is infinitely,-4.85367,-2.00,7033, cold,0,3.97575,0.000271462,0.00107956,cold.  The temperature of absolute zero
oracle,3416,Ants often hitch rides on the backs of larger insects to get,0,+0.00,577, to,0,6.5711,0,0,to their next destination.  But a
oracle,3416,Ants often hitch rides on the backs of larger insects to get,0.979597,+0.25,577, to,0,6.222,0.0531263,0.349098,to their next destination.  But a
oracle,3416,Ants often hitch rides on the backs of larger insects to get,-0.979597,-0.25,577, to,0,6.92014,-0.0531182,-0.349045,to their next destination.  But a
oracle,3416,Ants often hitch rides on the backs of larger insects to get,1.95919,+0.50,577, to,0,5.87286,0.10626,0.698242,to their next destination.  But a
oracle,3416,Ants often hitch rides on the backs of larger insects to get,-1.95919,-0.50,577, to,0,7.26913,-0.106228,-0.698036,to their next destination.  But a
oracle,3416,Ants often hitch rides on the backs of larger insects to get,3.91839,+1.00,577, to,0,5.17443,0.212548,1.39667,to their next destination.  But a
oracle,3416,Ants often hitch rides on the backs of larger insects to get,-3.91839,-1.00,577, to,0,7.96697,-0.212426,-1.39587,to their next destination.  But a
oracle,3416,Ants often hitch rides on the backs of larger insects to get,7.83677,+2.00,577, to,0,3.77708,0.425197,2.79401,to their next destination.  But a
oracle,3416,Ants often hitch rides on the backs of larger insects to get,-7.83677,-2.00,577, to,0,9.36196,-0.424717,-2.79086,to their next destination.  But a
md_full,3416,Ants often hitch rides on the backs of larger insects to get,0,+0.00,577, to,0,6.5711,0,0,to their next destination.  But a
md_full,3416,Ants often hitch rides on the backs of larger insects to get,2153.11,+0.25,1024, their,0,2.84015,0.567782,3.73095,their their their their their their their their
md_full,3416,Ants often hitch rides on the backs of larger insects to get,-2153.11,-0.25,109,\n\n,0,1.66884,0.746033,4.90226,
md_full,3416,Ants often hitch rides on the backs of larger insects to get,4306.21,+0.50,1024, their,0,1.78019,0.729088,4.79091,their Their Their Their Their Their Their Their
md_full,3416,Ants often hitch rides on the backs of larger insects to get,-4306.21,-0.50,109,\n\n,0,0.580756,0.91162,5.99034,
md_full,3416,Ants often hitch rides on the backs of larger insects to get,8612.42,+1.00,10368, Their,0,1.20074,0.81727,5.37036,Their Their Their Their Their Their Their Their
md_full,3416,Ants often hitch rides on the backs of larger insects to get,-8612.42,-1.00,109,\n\n,0,-0.00573516,1.00087,6.57683,
md_full,3416,Ants often hitch rides on the backs of larger insects to get,17224.8,+2.00,10368, Their,0,0.90379,0.86246,5.66731,Their Their Their Their Their Their Their Their
md_full,3416,Ants often hitch rides on the backs of larger insects to get,-17224.8,-2.00,109,\n\n,0,-0.304435,1.04633,6.87553,
jtw_legacy,3416,Ants often hitch rides on the backs of larger insects to get,0,+0.00,577, to,0,6.5711,0,0,to their next destination.  But a
jtw_legacy,3416,Ants often hitch rides on the backs of larger insects to get,0.979597,+0.25,577, to,0,6.56652,0.000697212,0.00458145,to their next destination.  But a
jtw_legacy,3416,Ants often hitch rides on the backs of larger insects to get,-0.979597,-0.25,577, to,0,6.57566,-0.00069489,-0.00456619,to their next destination.  But a
jtw_legacy,3416,Ants often hitch rides on the backs of larger insects to get,1.95919,+0.50,577, to,0,6.56192,0.00139617,0.00917435,to their next destination.  But a
jtw_legacy,3416,Ants often hitch rides on the backs of larger insects to get,-1.95919,-0.50,577, to,0,6.58023,-0.0013892,-0.00912857,to their next destination.  But a
jtw_legacy,3416,Ants often hitch rides on the backs of larger insects to get,3.91839,+1.00,577, to,0,6.55271,0.00279872,0.0183907,to their next destination.  But a
jtw_legacy,3416,Ants often hitch rides on the backs of larger insects to get,-3.91839,-1.00,577, to,0,6.58931,-0.00277201,-0.0182152,to their next destination.  But a
jtw_legacy,3416,Ants often hitch rides on the backs of larger insects to get,7.83677,+2.00,577, to,0,6.53414,0.00562414,0.0369568,to their next destination.  But a
jtw_legacy,3416,Ants often hitch rides on the backs of larger insects to get,-7.83677,-2.00,577, to,0,6.60736,-0.00551791,-0.0362587,to their next destination.  But a
oracle,1637,Red is the color of,0,+0.00,573, the,0,0.342087,0,0,the year for 2018
oracle,1637,Red is the color of,0.0325716,+0.25,573, the,0,0.32201,0.0586891,0.0200768,the year for 2018
oracle,1637,Red is the color of,-0.0325716,-0.25,573, the,0,0.362175,-0.0587225,-0.0200882,the year for 2018
oracle,1637,Red is the color of,0.0651432,+0.50,573, the,0,0.301929,0.117389,0.0401573,the year for 2018
oracle,1637,Red is the color of,-0.0651432,-0.50,573, the,0,0.382256,-0.117423,-0.0401688,the year for 2018
oracle,1637,Red is the color of,0.130286,+1.00,573, the,0,0.261772,0.234779,0.0803146,the year for 2018
oracle,1637,Red is the color of,-0.130286,-1.00,573, the,0,0.422413,-0.234812,-0.0803261,the year for 2018
oracle,1637,Red is the color of,0.260573,+2.00,573, the,0,0.181442,0.469602,0.160645,the year for 2018
oracle,1637,Red is the color of,-0.260573,-2.00,573, the,0,0.502735,-0.469613,-0.160648,the year for 2018
md_full,1637,Red is the color of,0,+0.00,573, the,0,0.342087,0,0,the year for 2018
md_full,1637,Red is the color of,10.2997,+0.25,573, the,0,0.362804,-0.0605625,-0.0207176,the year for 2018
md_full,1637,Red is the color of,-10.2997,-0.25,573, the,0,0.321331,0.060674,0.0207558,the year for 2018
md_full,1637,Red is the color of,20.5994,+0.50,573, the,0,0.383446,-0.120902,-0.0413589,the year for 2018
md_full,1637,Red is the color of,-20.5994,-0.50,573, the,0,0.300549,0.121426,0.0415382,the year for 2018
md_full,1637,Red is the color of,41.1988,+1.00,573, the,0,0.424484,-0.240867,-0.0823975,the year for 2018
md_full,1637,Red is the color of,-41.1988,-1.00,573, the,0,0.258942,0.243053,0.0831451,the year for 2018
md_full,1637,Red is the color of,82.3976,+2.00,573, the,0,0.505096,-0.476515,-0.16301,the year for 2018
md_full,1637,Red is the color of,-82.3976,-2.00,573, the,0,0.176056,0.485347,0.166031,the year for 2018
jtw_legacy,1637,Red is the color of,0,+0.00,573, the,0,0.342087,0,0,the year for 2018
jtw_legacy,1637,Red is the color of,0.0325716,+0.25,573, the,0,0.342049,0.000111513,3.8147e-05,the year for 2018
jtw_legacy,1637,Red is the color of,-0.0325716,-0.25,573, the,0,0.342129,-0.000122664,-4.19617e-05,the year for 2018
jtw_legacy,1637,Red is the color of,0.0651432,+0.50,573, the,0,0.342018,0.000200723,6.86646e-05,the year for 2018
jtw_legacy,1637,Red is the color of,-0.0651432,-0.50,573, the,0,0.342163,-0.000223025,-7.62939e-05,the year for 2018
jtw_legacy,1637,Red is the color of,0.130286,+1.00,573, the,0,0.341946,0.000412596,0.000141144,the year for 2018
jtw_legacy,1637,Red is the color of,-0.130286,-1.00,573, the,0,0.342243,-0.000457201,-0.000156403,the year for 2018
jtw_legacy,1637,Red is the color of,0.260573,+2.00,573, the,0,0.341789,0.000869798,0.000297546,the year for 2018
jtw_legacy,1637,Red is the color of,-0.260573,-2.00,573, the,0,0.3424,-0.000914403,-0.000312805,the year for 2018
oracle,1093,Trolls are said to live under,0,+0.00,573, the,0,0.251408,0,0,the bridge. They are said to be
oracle,1093,Trolls are said to live under,0.0212337,+0.25,573, the,0,0.23859,0.0509825,0.0128174,the bridge. They are said to be
oracle,1093,Trolls are said to live under,-0.0212337,-0.25,573, the,0,0.264221,-0.0509673,-0.0128136,the bridge. They are said to be
oracle,1093,Trolls are said to live under,0.0424674,+0.50,573, the,0,0.225777,0.10195,0.025631,the bridge. They are said to be
oracle,1093,Trolls are said to live under,-0.0424674,-0.50,573, the,0,0.277042,-0.101965,-0.0256348,the bridge. They are said to be
oracle,1093,Trolls are said to live under,0.0849348,+1.00,573, the,0,0.20013,0.20396,0.0512772,the bridge. They are said to be
oracle,1093,Trolls are said to live under,-0.0849348,-1.00,573, the,0,0.302677,-0.20393,-0.0512695,the bridge. They are said to be
oracle,1093,Trolls are said to live under,0.16987,+2.00,573, the,0,0.148869,0.40786,0.102539,the bridge. They are said to be
oracle,1093,Trolls are said to live under,-0.16987,-2.00,573, the,0,0.353947,-0.40786,-0.102539,the bridge. They are said to be
md_full,1093,Trolls are said to live under,0,+0.00,573, the,0,0.251408,0,0,the bridge. They are said to be
md_full,1093,Trolls are said to live under,2.95209,+0.25,573, the,0,0.245918,0.0218345,0.00548935,the bridge. They are said to be
md_full,1093,Trolls are said to live under,-2.95209,-0.25,573, the,0,0.256889,-0.0218041,-0.00548172,the bridge. They are said to be
md_full,1093,Trolls are said to live under,5.90418,+0.50,573, the,0,0.240421,0.0436993,0.0109863,the bridge. They are said to be
md_full,1093,Trolls are said to live under,-5.90418,-0.50,573, the,0,0.262356,-0.0435475,-0.0109482,the bridge. They are said to be
md_full,1093,Trolls are said to live under,11.8084,+1.00,573, the,0,0.229401,0.0875351,0.022007,the bridge. They are said to be
md_full,1093,Trolls are said to live under,-11.8084,-1.00,573, the,0,0.27327,-0.0869585,-0.021862,the bridge. They are said to be
md_full,1093,Trolls are said to live under,23.6167,+2.00,573, the,0,0.207275,0.175541,0.0441322,the bridge. They are said to be
md_full,1093,Trolls are said to live under,-23.6167,-2.00,573, the,0,0.294971,-0.17328,-0.0435638,the bridge.  The trolls are said
oracle,2678,Most people dream in,0,+0.00,2881, color,0,0.364391,0,0,"color, but some people dream in black"
oracle,2678,Most people dream in,0.041573,+0.25,2881, color,0,0.340828,0.0646651,0.0235634,"color, but some people dream in black"
oracle,2678,Most people dream in,-0.041573,-0.25,2881, color,0,0.387951,-0.0646546,-0.0235596,"color, but some people dream in black"
oracle,2678,Most people dream in,0.083146,+0.50,2881, color,0,0.317261,0.129341,0.0471306,"color, but some people dream in black"
oracle,2678,Most people dream in,-0.083146,-0.50,2881, color,0,0.411514,-0.12932,-0.047123,"color, but some people dream in black"
oracle,2678,Most people dream in,0.166292,+1.00,2881, color,0,0.270138,0.25866,0.0942535,"color, but some people dream in black"
oracle,2678,Most people dream in,-0.166292,-1.00,2881, color,0,0.458645,-0.25866,-0.0942535,"color, but some people dream in black"
oracle,2678,Most people dream in,0.332584,+2.00,2881, color,0,0.175888,0.51731,0.188503,"color, but some people dream in black"
oracle,2678,Most people dream in,-0.332584,-2.00,2881, color,0,0.552891,-0.517299,-0.188499,"color, but some people dream in black"
md_full,2678,Most people dream in,0,+0.00,2881, color,0,0.364391,0,0,"color, but some people dream in black"
md_full,2678,Most people dream in,3.16562,+0.25,2881, color,0,0.393887,-0.0809439,-0.0294952,"color, but some people dream in black"
md_full,2678,Most people dream in,-3.16562,-0.25,2881, color,0,0.334885,0.0809753,0.0295067,"color, but some people dream in black"
md_full,2678,Most people dream in,6.33124,+0.50,2881, color,0,0.423382,-0.161888,-0.0589905,"color, but some people dream in black"
md_full,2678,Most people dream in,-6.33124,-0.50,2881, color,0,0.305374,0.161961,0.0590172,"color, but some people dream in black"
md_full,2678,Most people dream in,12.6625,+1.00,2881, color,0,0.48233,-0.32366,-0.117939,"color, but some people dream in black"
md_full,2678,Most people dream in,-12.6625,-1.00,2881, color,0,0.246368,0.323891,0.118023,"color, but some people dream in black"
md_full,2678,Most people dream in,25.325,+2.00,2881, color,0,0.600025,-0.646651,-0.235634,"color, but some people dream in black"
md_full,2678,Most people dream in,-25.325,-2.00,2881, color,0,0.128391,0.647656,0.236,"color, but not everyone can see the"
oracle,1826,The body contains enough iron to make a medium-sized,0,+0.00,37309, magnet,0,1.23332,0,0,magnet. What does this tell us about
oracle,1826,The body contains enough iron to make a medium-sized,0.138736,+0.25,37309, magnet,0,1.18419,0.0398428,0.049139,magnet. What does this tell us about
oracle,1826,The body contains enough iron to make a medium-sized,-0.138736,-0.25,37309, magnet,0,1.28246,-0.0398397,-0.0491352,magnet. What does this tell us about
oracle,1826,The body contains enough iron to make a medium-sized,0.277473,+0.50,37309, magnet,0,1.13505,0.0796855,0.098278,magnet. What does this tell us about
oracle,1826,The body contains enough iron to make a medium-sized,-0.277473,-0.50,37309, magnet,0,1.3316,-0.0796855,-0.098278,magnet. What does this tell us about
oracle,1826,The body contains enough iron to make a medium-sized,0.554945,+1.00,37309, magnet,0,1.03677,0.159368,0.196552,magnet. What does this tell us about
oracle,1826,The body contains enough iron to make a medium-sized,-0.554945,-1.00,37309, magnet,0,1.42988,-0.159369,-0.196554,magnet. What does this tell us about
oracle,1826,The body contains enough iron to make a medium-sized,1.10989,+2.00,37309, magnet,0,0.840223,0.318733,0.393101,magnet. What does this tell us about
oracle,1826,The body contains enough iron to make a medium-sized,-1.10989,-2.00,37309, magnet,0,1.62643,-0.31874,-0.39311,magnet. What does this tell us about
md_full,1826,The body contains enough iron to make a medium-sized,0,+0.00,37309, magnet,0,1.23332,0,0,magnet. What does this tell us about
md_full,1826,The body contains enough iron to make a medium-sized,4.18147,+0.25,37309, magnet,0,1.16738,0.0534691,0.0659447,magnet. What does this tell us about
md_full,1826,The body contains enough iron to make a medium-sized,-4.18147,-0.25,37309, magnet,0,1.29923,-0.0534381,-0.0659065,magnet. What does this tell us about
md_full,1826,The body contains enough iron to make a medium-sized,8.36294,+0.50,37309, magnet,0,1.1014,0.106964,0.131922,magnet. What does this tell us about
md_full,1826,The body contains enough iron to make a medium-sized,-8.36294,-0.50,37309, magnet,0,1.3651,-0.106844,-0.131773,magnet. What does this tell us about
md_full,1826,The body contains enough iron to make a medium-sized,16.7259,+1.00,37309, magnet,0,0.969358,0.214028,0.263966,magnet. What does this tell us about
md_full,1826,The body contains enough iron to make a medium-sized,-16.7259,-1.00,37309, magnet,0,1.4967,-0.21355,-0.263376,magnet. The iron is needed to carry
md_full,1826,The body contains enough iron to make a medium-sized,33.4518,+2.00,37309, magnet,0,0.705021,0.428357,0.528303,magnet. What does this tell us about
md_full,1826,The body contains enough iron to make a medium-sized,-33.4518,-2.00,37309, magnet,0,1.75928,-0.426452,-0.525953,magnet.  The body contains enough iron
jtw_legacy,1826,The body contains enough iron to make a medium-sized,0,+0.00,37309, magnet,0,1.23332,0,0,magnet. What does this tell us about
jtw_legacy,1826,The body contains enough iron to make a medium-sized,0.138736,+0.25,37309, magnet,0,1.23458,-0.00101915,-0.00125694,magnet. What does this tell us about
jtw_legacy,1826,The body contains enough iron to make a medium-sized,-0.138736,-0.25,37309, magnet,0,1.23207,0.0010207,0.00125885,magnet. What does this tell us about
jtw_legacy,1826,The body contains enough iron to make a medium-sized,0.277473,+0.50,37309, magnet,0,1.23584,-0.00203985,-0.00251579,magnet. What does this tell us about
jtw_legacy,1826,The body contains enough iron to make a medium-sized,-0.277473,-0.50,37309, magnet,0,1.23081,0.00203985,0.00251579,magnet. What does this tell us about
jtw_legacy,1826,The body contains enough iron to make a medium-sized,0.554945,+1.00,37309, magnet,0,1.23836,-0.00407969,-0.00503159,magnet. What does this tell us about
jtw_legacy,1826,The body contains enough iron to make a medium-sized,-0.554945,-1.00,37309, magnet,0,1.22829,0.00407969,0.00503159,magnet. What does this tell us about
jtw_legacy,1826,The body contains enough iron to make a medium-sized,1.10989,+2.00,37309, magnet,0,1.24339,-0.00815784,-0.0100613,magnet. What does this tell us about
jtw_legacy,1826,The body contains enough iron to make a medium-sized,-1.10989,-2.00,37309, magnet,0,1.22326,0.00816094,0.0100651,magnet. What does this tell us about
oracle,2188,One in three New York City cabbies is likely to be part of an immigrant,0,+0.00,27899, taxi,0,0.184322,0,0,"taxi cartel, according to a new report"
oracle,2188,One in three New York City cabbies is likely to be part of an immigrant,0.0261509,+0.25,27899, taxi,0,0.175369,0.048573,0.00895309,"taxi cartel, according to a new report"
oracle,2188,One in three New York City cabbies is likely to be part of an immigrant,-0.0261509,-0.25,27899, taxi,0,0.193279,-0.0485937,-0.00895691,"taxi cartel, according to a new report"
oracle,2188,One in three New York City cabbies is likely to be part of an immigrant,0.0523017,+0.50,27899, taxi,0,0.166409,0.0971874,0.0179138,"taxi cartel, according to a new report"
oracle,2188,One in three New York City cabbies is likely to be part of an immigrant,-0.0523017,-0.50,27899, taxi,0,0.202234,-0.0971771,-0.0179119,"taxi cartel, according to a new report"
oracle,2188,One in three New York City cabbies is likely to be part of an immigrant,0.104603,+1.00,27899, taxi,0,0.148502,0.194333,0.03582,"taxi cartel, according to a new report"
oracle,2188,One in three New York City cabbies is likely to be part of an immigrant,-0.104603,-1.00,27899, taxi,0,0.220146,-0.194354,-0.0358238,"taxi cartel, according to a new report"
oracle,2188,One in three New York City cabbies is likely to be part of an immigrant,0.209207,+2.00,27899, taxi,0,0.112679,0.388688,0.0716438,"taxi cartel, according to a new report"
oracle,2188,One in three New York City cabbies is likely to be part of an immigrant,-0.209207,-2.00,27899, taxi,0,0.255964,-0.388677,-0.0716419,"taxi cartel, according to a new report"
md_full,2188,One in three New York City cabbies is likely to be part of an immigrant,0,+0.00,27899, taxi,0,0.184322,0,0,"taxi cartel, according to a new report"
md_full,2188,One in three New York City cabbies is likely to be part of an immigrant,8.86223,+0.25,27899, taxi,0,0.187889,-0.0193506,-0.00356674,"taxi cartel, according to a new report"
md_full,2188,One in three New York City cabbies is likely to be part of an immigrant,-8.86223,-0.25,27899, taxi,0,0.18074,0.0194333,0.003582,"taxi cartel, according to a new report"
md_full,2188,One in three New York City cabbies is likely to be part of an immigrant,17.7245,+0.50,27899, taxi,0,0.191439,-0.038608,-0.00711632,"taxi cartel, according to a new report"
md_full,2188,One in three New York City cabbies is likely to be part of an immigrant,-17.7245,-0.50,27899, taxi,0,0.177135,0.0389909,0.00718689,"taxi cartel, according to a new report"
md_full,2188,One in three New York City cabbies is likely to be part of an immigrant,35.4489,+1.00,27899, taxi,0,0.198469,-0.0767503,-0.0141468,"taxi cartel, according to a new report"
md_full,2188,One in three New York City cabbies is likely to be part of an immigrant,-35.4489,-1.00,27899, taxi,0,0.169893,0.0782818,0.0144291,"taxi cartel, according to a new report"
md_full,2188,One in three New York City cabbies is likely to be part of an immigrant,70.8979,+2.00,27899, taxi,0,0.212265,-0.151597,-0.0279427,"taxi cartel, according to a new report"
md_full,2188,One in three New York City cabbies is likely to be part of an immigrant,-70.8979,-2.00,27899, taxi,0,0.155262,0.157661,0.0290604,"taxi cartel, according to a new report"
oracle,3691,Pneumonia is the leading cause of death in children,0,+0.00,1362, under,0,7.20248,0,0,under five years of age. It is
oracle,3691,Pneumonia is the leading cause of death in children,0.912353,+0.25,1362, under,0,6.81766,0.0534292,0.384823,under five years of age. It is
oracle,3691,Pneumonia is the leading cause of death in children,-0.912353,-0.25,1362, under,0,7.58733,-0.0534318,-0.384842,under five years of age. It is
oracle,3691,Pneumonia is the leading cause of death in children,1.82471,+0.50,1362, under,0,6.43287,0.106854,0.769611,under five years of age. It is
oracle,3691,Pneumonia is the leading cause of death in children,-1.82471,-0.50,1362, under,0,7.97221,-0.106869,-0.769726,under five years of age. It is
oracle,3691,Pneumonia is the leading cause of death in children,3.64941,+1.00,1362, under,0,5.66339,0.213689,1.53909,under five years of age. It is
oracle,3691,Pneumonia is the leading cause of death in children,-3.64941,-1.00,1362, under,0,8.74203,-0.213753,-1.53955,under five years of age. It is
oracle,3691,Pneumonia is the leading cause of death in children,7.29882,+2.00,1362, under,0,4.12488,0.427297,3.0776,under five years of age in the world
oracle,3691,Pneumonia is the leading cause of death in children,-7.29882,-2.00,1362, under,0,10.282,-0.427557,-3.07948,under five years of age. It is
md_full,3691,Pneumonia is the leading cause of death in children,0,+0.00,1362, under,0,7.20248,0,0,under five years of age. It is
md_full,3691,Pneumonia is the leading cause of death in children,94.2914,+0.25,1362, under,0,6.67482,0.0732609,0.52766,under five years of age. It is
md_full,3691,Pneumonia is the leading cause of death in children,-94.2914,-0.25,1362, under,0,7.61649,-0.0574804,-0.414001,under five years of age.  The
md_full,3691,Pneumonia is the leading cause of death in children,188.583,+0.50,1362, under,0,6.05988,0.15864,1.1426,under five years of age. In
md_full,3691,Pneumonia is the leading cause of death in children,-188.583,-0.50,1362, under,0,7.90589,-0.0976618,-0.703407,under 5 years of age in the
md_full,3691,Pneumonia is the leading cause of death in children,377.165,+1.00,1362, under,0,4.71161,0.345836,2.49088,under five years of age. In many
md_full,3691,Pneumonia is the leading cause of death in children,-377.165,-1.00,109,\n\n,0,8.14359,-0.130664,-0.941109,Pneum
md_full,3691,Pneumonia is the leading cause of death in children,754.331,+2.00,1362, under,0,2.30297,0.680253,4.89951,"under five, accounting for approximately one in"
md_full,3691,Pneumonia is the leading cause of death in children,-754.331,-2.00,109,\n\n,0,7.82345,-0.0862161,-0.62097,
oracle,3583,All human babies are born with blue,0,+0.00,4628, eyes,0,4.98062,0,0,eyes. This is because the pigment melanin
oracle,3583,All human babies are born with blue,0.455642,+0.25,4628, eyes,0,4.73773,0.048768,0.242895,eyes. This is because the pigment melanin
oracle,3583,All human babies are born with blue,-0.455642,-0.25,4628, eyes,0,5.22353,-0.0487711,-0.24291,eyes. This is because the pigment melanin
oracle,3583,All human babies are born with blue,0.911284,+0.50,4628, eyes,0,4.49484,0.0975338,0.485779,eyes. This is because the pigment melanin
oracle,3583,All human babies are born with blue,-0.911284,-0.50,4628, eyes,0,5.46646,-0.0975449,-0.485834,eyes. This is because the pigment melanin
oracle,3583,All human babies are born with blue,1.82257,+1.00,4628, eyes,0,4.00912,0.195056,0.971502,eyes. This is because the pigment melanin
oracle,3583,All human babies are born with blue,-1.82257,-1.00,4628, eyes,0,5.95234,-0.1951,-0.971722,eyes. This is because the pigment melanin
oracle,3583,All human babies are born with blue,3.64514,+2.00,4628, eyes,0,3.03785,0.390067,1.94278,eyes. This is because the pigment melanin
oracle,3583,All human babies are born with blue,-3.64514,-2.00,4628, eyes,0,6.92427,-0.390242,-1.94365,eyes. This is because the pigment melanin
md_full,3583,All human babies are born with blue,0,+0.00,4628, eyes,0,4.98062,0,0,eyes. This is because the pigment melanin
md_full,3583,All human babies are born with blue,16.7953,+0.25,4628, eyes,0,5.26199,-0.0564934,-0.281372,eyes. This is because the pigment melanin
md_full,3583,All human babies are born with blue,-16.7953,-0.25,4628, eyes,0,4.6979,0.0567653,0.282726,eyes. This is because the pigment melanin
md_full,3583,All human babies are born with blue,33.5905,+0.50,4628, eyes,0,5.54165,-0.112641,-0.561024,eyes. This is because the pigment melanin
md_full,3583,All human babies are born with blue,-33.5905,-0.50,4628, eyes,0,4.41418,0.11373,0.566444,eyes. This is because the pigment melanin
md_full,3583,All human babies are born with blue,67.181,+1.00,4628, eyes,0,6.0944,-0.223623,-1.11378,eyes. This is because the pigment melanin
md_full,3583,All human babies are born with blue,-67.181,-1.00,4628, eyes,0,3.8452,0.227968,1.13542,eyes.  The color of the eyes
md_full,3583,All human babies are born with blue,134.362,+2.00,4628, eyes,0,7.16433,-0.438442,-2.18371,"eyes. However, as they grow,"
md_full,3583,All human babies are born with blue,-134.362,-2.00,4628, eyes,0,2.71094,0.455702,2.26968,eyes.  The color of the eyes
oracle,835,The production of alcohol is a multi-step,0,+0.00,2185, process,0,10.0966,0,0,process. The first step is the conversion
oracle,835,The production of alcohol is a multi-step,1.0948,+0.25,2185, process,0,9.54797,0.054341,0.54866,process. The first step is the conversion
oracle,835,The production of alcohol is a multi-step,-1.0948,-0.25,2185, process,0,10.6452,-0.0543285,-0.548534,process. The first step is the conversion
oracle,835,The production of alcohol is a multi-step,2.1896,+0.50,2185, process,0,8.99919,0.108693,1.09743,process. The first step is the conversion
oracle,835,The production of alcohol is a multi-step,-2.1896,-0.50,2185, process,0,11.1936,-0.108644,-1.09694,process. The first step is the conversion
oracle,835,The production of alcohol is a multi-step,4.37921,+1.00,2185, process,0,7.9013,0.217431,2.19532,process. The first step is the conversion
oracle,835,The production of alcohol is a multi-step,-4.37921,-1.00,2185, process,0,12.29,-0.217239,-2.19338,process. The first step is the conversion
oracle,835,The production of alcohol is a multi-step,8.75841,+2.00,2185, process,0,5.70428,0.435031,4.39235,process. The first step is the conversion
oracle,835,The production of alcohol is a multi-step,-8.75841,-2.00,2185, process,0,14.4812,-0.434265,-4.38461,process. The first step is the conversion
md_full,835,The production of alcohol is a multi-step,0,+0.00,2185, process,0,10.0966,0,0,process. The first step is the conversion
md_full,835,The production of alcohol is a multi-step,108.376,+0.25,2185, process,0,10.7498,-0.0646958,-0.65321,process. The first step is the conversion
md_full,835,The production of alcohol is a multi-step,-108.376,-0.25,2185, process,0,9.2411,0.0847338,0.855526,process that involves the fermentation of sugars by
md_full,835,The production of alcohol is a multi-step,216.752,+0.50,2185, process,0,11.1677,-0.106081,-1.07106,process. The first step is the conversion
md_full,835,The production of alcohol is a multi-step,-216.752,-0.50,2185, process,0,8.25072,0.182824,1.84591,process that involves the fermentation of sugar
md_full,835,The production of alcohol is a multi-step,433.504,+1.00,2185, process,0,11.3642,-0.125548,-1.26762,"process. In the first step, a"
md_full,835,The production of alcohol is a multi-step,-433.504,-1.00,109,\n\n,0,6.17286,0.388622,3.92377,
md_full,835,The production of alcohol is a multi-step,867.008,+2.00,2185, process,0,10.4794,-0.0379081,-0.382744,"process. Each step in the process,"
md_full,835,The production of alcohol is a multi-step,-867.008,-2.00,109,\n\n,0,2.82009,0.72069,7.27654,
oracle,2166,Walking in front of a moving bus is much more dangerous than walking behind,0,+0.00,665, it,0,21.1582,0,0,it. Why?  A 1
oracle,2166,Walking in front of a moving bus is much more dangerous than walking behind,2.93838,+0.25,665, it,0,19.7611,0.0660309,1.3971,it. Why?  A 1
oracle,2166,Walking in front of a moving bus is much more dangerous than walking behind,-2.93838,-0.25,665, it,0,22.5539,-0.0659622,-1.39565,it. Why?  A 1
oracle,2166,Walking in front of a moving bus is much more dangerous than walking behind,5.87677,+0.50,665, it,0,18.3627,0.132125,2.79553,it. Why?  A 1
oracle,2166,Walking in front of a moving bus is much more dangerous than walking behind,-5.87677,-0.50,665, it,0,23.948,-0.131852,-2.78975,it. Why?  A 1
oracle,2166,Walking in front of a moving bus is much more dangerous than walking behind,11.7535,+1.00,665, it,0,15.5622,0.264485,5.59604,it. Why?  A 1
oracle,2166,Walking in front of a moving bus is much more dangerous than walking behind,-11.7535,-1.00,665, it,0,26.7312,-0.263392,-5.57292,it. Why?  A 1
oracle,2166,Walking in front of a moving bus is much more dangerous than walking behind,23.5071,+2.00,665, it,0,9.94956,0.529755,11.2087,it. Why?  A 1
oracle,2166,Walking in front of a moving bus is much more dangerous than walking behind,-23.5071,-2.00,665, it,0,32.2746,-0.525392,-11.1164,it. Why?  A 1
md_full,2166,Walking in front of a moving bus is much more dangerous than walking behind,0,+0.00,665, it,0,21.1582,0,0,it. Why?  A 1
md_full,2166,Walking in front of a moving bus is much more dangerous than walking behind,615.417,+0.25,665, it,0,13.6566,0.35455,7.50166,it. Explain. Calculate approximately how many
md_full,2166,Walking in front of a moving bus is much more dangerous than walking behind,-615.417,-0.25,109,\n\n,0,15.6279,0.261379,5.53032,
md_full,2166,Walking in front of a moving bus is much more dangerous than walking behind,1230.83,+0.50,665, it,0,7.26063,0.656841,13.8976,it. Calculate their relative their relative differences
md_full,2166,Walking in front of a moving bus is much more dangerous than walking behind,-1230.83,-0.50,109,\n\n,0,10.9518,0.482388,10.2065,
md_full,2166,Walking in front of a moving bus is much more dangerous than walking behind,2461.67,+1.00,1024, their,0,2.60659,0.876805,18.5517,their Their Their Their Their Their Their Their
md_full,2166,Walking in front of a moving bus is much more dangerous than walking behind,-2461.67,-1.00,109,\n\n,0,7.18438,0.660446,13.9739,
md_full,2166,Walking in front of a moving bus is much more dangerous than walking behind,4923.34,+2.00,52444,Referanser,0,0.0676758,0.996801,21.0906,ReferanserReferanserReferanserReferanserReferanserReferanserReferanserReferanser
md_full,2166,Walking in front of a moving bus is much more dangerous than walking behind,-4923.34,-2.00,109,\n\n,0,4.92555,0.767204,16.2327,
oracle,2442,"If the narrator gets amnesia, the book will be much",0,+0.00,978, more,0,2.69408,0,0,more interesting.  I'm not
oracle,2442,"If the narrator gets amnesia, the book will be much",0.393287,+0.25,978, more,0,2.55875,0.050231,0.135326,more interesting.  I'm not
oracle,2442,"If the narrator gets amnesia, the book will be much",-0.393287,-0.25,978, more,0,2.82939,-0.0502253,-0.135311,more interesting.  I'm not
oracle,2442,"If the narrator gets amnesia, the book will be much",0.786573,+0.50,978, more,0,2.42343,0.100462,0.270653,more interesting.  I'm not
oracle,2442,"If the narrator gets amnesia, the book will be much",-0.786573,-0.50,978, more,0,2.9647,-0.100449,-0.270618,more interesting.  I'm not
oracle,2442,"If the narrator gets amnesia, the book will be much",1.57315,+1.00,978, more,0,2.15275,0.200933,0.541328,more interesting.  I'm not
oracle,2442,"If the narrator gets amnesia, the book will be much",-1.57315,-1.00,978, more,0,3.23529,-0.20089,-0.541214,more interesting.  I'm not
oracle,2442,"If the narrator gets amnesia, the book will be much",3.14629,+2.00,978, more,0,1.61132,0.401905,1.08276,more interesting.  I'm not
oracle,2442,"If the narrator gets amnesia, the book will be much",-3.14629,-2.00,978, more,0,3.77639,-0.401738,-1.08231,more interesting.  I'm not
md_full,2442,"If the narrator gets amnesia, the book will be much",0,+0.00,978, more,0,2.69408,0,0,more interesting.  I'm not
md_full,2442,"If the narrator gets amnesia, the book will be much",87.0359,+0.25,978, more,0,2.55402,0.0519868,0.140057,more interesting.  I'm not
md_full,2442,"If the narrator gets amnesia, the book will be much",-87.0359,-0.25,978, more,0,2.80159,-0.0399045,-0.107506,more interesting.  I'm not
md_full,2442,"If the narrator gets amnesia, the book will be much",174.072,+0.50,978, more,0,2.38655,0.114151,0.307533,more interesting.  I'm not
md_full,2442,"If the narrator gets amnesia, the book will be much",-174.072,-0.50,978, more,0,2.87483,-0.0670908,-0.180748,more interesting.  I'm not
md_full,2442,"If the narrator gets amnesia, the book will be much",348.144,+1.00,25270, shorter,0,2.00093,0.257287,0.693151,shorter.  The narrator is a character
md_full,2442,"If the narrator gets amnesia, the book will be much",-348.144,-1.00,2525, better,0,2.92759,-0.0866749,-0.233509,better  I really enjoyed this book.
md_full,2442,"If the narrator gets amnesia, the book will be much",696.287,+2.00,2167, different,0,1.23582,0.541284,1.45826,different. They will have to learn their
md_full,2442,"If the narrator gets amnesia, the book will be much",-696.287,-2.00,109,\n\n,0,2.8004,-0.0394627,-0.106316,
jtw_legacy,2442,"If the narrator gets amnesia, the book will be much",0,+0.00,978, more,0,2.69408,0,0,more interesting.  I'm not
jtw_legacy,2442,"If the narrator gets amnesia, the book will be much",0.393287,+0.25,978, more,0,2.69954,-0.00202623,-0.00545883,more interesting.  I'm not
jtw_legacy,2442,"If the narrator gets amnesia, the book will be much",-0.393287,-0.25,978, more,0,2.68862,0.00202623,0.00545883,more interesting.  I'm not
jtw_legacy,2442,"If the narrator gets amnesia, the book will be much",0.786573,+0.50,978, more,0,2.70499,-0.00405105,-0.0109138,more interesting.  I'm not
jtw_legacy,2442,"If the narrator gets amnesia, the book will be much",-0.786573,-0.50,978, more,0,2.68316,0.00405246,0.0109177,more interesting.  I'm not
jtw_legacy,2442,"If the narrator gets amnesia, the book will be much",1.57315,+1.00,978, more,0,2.7159,-0.00810068,-0.0218239,more interesting.  I'm not
jtw_legacy,2442,"If the narrator gets amnesia, the book will be much",-1.57315,-1.00,978, more,0,2.67225,0.00810493,0.0218353,more interesting.  I'm not
jtw_legacy,2442,"If the narrator gets amnesia, the book will be much",3.14629,+2.00,978, more,0,2.73772,-0.0161999,-0.043644,more interesting.  I'm not
jtw_legacy,2442,"If the narrator gets amnesia, the book will be much",-3.14629,-2.00,978, more,0,2.65039,0.0162155,0.0436859,more interesting.  I'm not
oracle,2704,The lengths of day and night typically vary by less than an hour around the,0,+0.00,2134, world,0,5.9412,0,0,world. Why is the length of time
oracle,2704,The lengths of day and night typically vary by less than an hour around the,0.529295,+0.25,2134, world,0,5.70496,0.0397631,0.23624,world. Why is the length of time
oracle,2704,The lengths of day and night typically vary by less than an hour around the,-0.529295,-0.25,2134, world,0,6.1774,-0.039757,-0.236204,world. Why is the length of time
oracle,2704,The lengths of day and night typically vary by less than an hour around the,1.05859,+0.50,2134, world,0,5.46868,0.0795322,0.472517,world. Why is the length of time
oracle,2704,The lengths of day and night typically vary by less than an hour around the,-1.05859,-0.50,2134, world,0,6.41357,-0.0795082,-0.472374,world. Why is the length of time
oracle,2704,The lengths of day and night typically vary by less than an hour around the,2.11718,+1.00,2134, world,0,4.99603,0.159088,0.945175,world. Why is the length of time
oracle,2704,The lengths of day and night typically vary by less than an hour around the,-2.11718,-1.00,2134, world,0,6.88581,-0.158992,-0.944605,world. Why is the length of time
oracle,2704,The lengths of day and night typically vary by less than an hour around the,4.23436,+2.00,2134, world,0,4.05028,0.318273,1.89092,world. Why is the length of time
oracle,2704,The lengths of day and night typically vary by less than an hour around the,-4.23436,-2.00,2134, world,0,7.82983,-0.317886,-1.88863,world. Why is the length of time
md_full,2704,The lengths of day and night typically vary by less than an hour around the,0,+0.00,2134, world,0,5.9412,0,0,world. Why is the length of time
md_full,2704,The lengths of day and night typically vary by less than an hour around the,206.939,+0.25,2134, world,0,5.64017,0.0506684,0.301031,"world. However, in some places,"
md_full,2704,The lengths of day and night typically vary by less than an hour around the,-206.939,-0.25,109,\n\n,0,5.98077,-0.00666057,-0.0395718,document  The nurse is teaching a
md_full,2704,The lengths of day and night typically vary by less than an hour around the,413.879,+0.50,2134, world,0,5.14134,0.13463,0.799862,"world. However, in some parts of"
md_full,2704,The lengths of day and night typically vary by less than an hour around the,-413.879,-0.50,109,\n\n,0,5.78794,0.0257967,0.153263,
md_full,2704,The lengths of day and night typically vary by less than an hour around the,827.757,+1.00,2134, world,0,3.97274,0.331324,1.96846,"world. However, some parts of the"
md_full,2704,The lengths of day and night typically vary by less than an hour around the,-827.757,-1.00,109,\n\n,0,5.06606,0.147299,0.875135,
md_full,2704,The lengths of day and night typically vary by less than an hour around the,1655.51,+2.00,2365, They,0,2.25766,0.619999,3.68354,They They They They They They They They
md_full,2704,The lengths of day and night typically vary by less than an hour around the,-1655.51,-2.00,109,\n\n,0,3.74919,0.368951,2.19201,
jtw_legacy,2704,The lengths of day and night typically vary by less than an hour around the,0,+0.00,2134, world,0,5.9412,0,0,world. Why is the length of time
jtw_legacy,2704,The lengths of day and night typically vary by less than an hour around the,0.529295,+0.25,2134, world,0,5.93872,0.000417028,0.00247765,world. Why is the length of time
jtw_legacy,2704,The lengths of day and night typically vary by less than an hour around the,-0.529295,-0.25,2134, world,0,5.94368,-0.000417028,-0.00247765,world. Why is the length of time
jtw_legacy,2704,The lengths of day and night typically vary by less than an hour around the,1.05859,+0.50,2134, world,0,5.93624,0.000834698,0.00495911,world. Why is the length of time
jtw_legacy,2704,The lengths of day and night typically vary by less than an hour around the,-1.05859,-0.50,2134, world,0,5.94615,-0.000833735,-0.00495338,world. Why is the length of time
jtw_legacy,2704,The lengths of day and night typically vary by less than an hour around the,2.11718,+1.00,2134, world,0,5.93127,0.00167132,0.00992966,world. Why is the length of time
jtw_legacy,2704,The lengths of day and night typically vary by less than an hour around the,-2.11718,-1.00,2134, world,0,5.9511,-0.00166619,-0.00989914,world. Why is the length of time
jtw_legacy,2704,The lengths of day and night typically vary by less than an hour around the,4.23436,+2.00,2134, world,0,5.92131,0.00334714,0.019886,world. Why is the length of time
jtw_legacy,2704,The lengths of day and night typically vary by less than an hour around the,-4.23436,-2.00,2134, world,0,5.96097,-0.0033282,-0.0197735,world. Why is the length of time
oracle,3892,Butterflies sometimes mistake windshields for leaves and get,0,+0.00,17530, stuck,0,4.9722,0,0,stuck.  The windshield is a very
oracle,3892,Butterflies sometimes mistake windshields for leaves and get,0.720029,+0.25,17530, stuck,0,4.74941,0.0448067,0.222788,stuck.  The windshield is a very
oracle,3892,Butterflies sometimes mistake windshields for leaves and get,-0.720029,-0.25,17530, stuck,0,5.19496,-0.0448017,-0.222763,stuck.  The windshield is a very
oracle,3892,Butterflies sometimes mistake windshields for leaves and get,1.44006,+0.50,17530, stuck,0,4.52659,0.0896188,0.445602,stuck.  The windshield is a very
oracle,3892,Butterflies sometimes mistake windshields for leaves and get,-1.44006,-0.50,17530, stuck,0,5.41771,-0.0896,-0.445509,stuck.  The windshield is a very
oracle,3892,Butterflies sometimes mistake windshields for leaves and get,2.88011,+1.00,17530, stuck,0,4.08091,0.179255,0.891289,stuck.  The windshield is a very
oracle,3892,Butterflies sometimes mistake windshields for leaves and get,-2.88011,-1.00,17530, stuck,0,5.86312,-0.179181,-0.890924,stuck.  The windshield is a very
oracle,3892,Butterflies sometimes mistake windshields for leaves and get,5.76023,+2.00,17530, stuck,0,3.1893,0.358574,1.7829,stuck.  The windshield is a very
oracle,3892,Butterflies sometimes mistake windshields for leaves and get,-5.76023,-2.00,17530, stuck,0,6.75366,-0.358286,-1.78147,stuck.  The windshield is a very
md_full,3892,Butterflies sometimes mistake windshields for leaves and get,0,+0.00,17530, stuck,0,4.9722,0,0,stuck.  The windshield is a very
md_full,3892,Butterflies sometimes mistake windshields for leaves and get,57.9389,+0.25,17530, stuck,0,4.65625,0.0635419,0.315943,stuck. They can be freed by gently
md_full,3892,Butterflies sometimes mistake windshields for leaves and get,-57.9389,-0.25,17530, stuck,0,5.26647,-0.0591838,-0.294273,stuck.  The windshield is a good
md_full,3892,Butterflies sometimes mistake windshields for leaves and get,115.878,+0.50,17530, stuck,0,4.32254,0.130657,0.649652,stuck. They can be freed by using
md_full,3892,Butterflies sometimes mistake windshields for leaves and get,-115.878,-0.50,17530, stuck,0,5.536,-0.113392,-0.563807,stuck.  The butterfly is a symbol
md_full,3892,Butterflies sometimes mistake windshields for leaves and get,231.756,+1.00,17530, stuck,0,3.62014,0.271923,1.35205,stuck. They can’t fly away
md_full,3892,Butterflies sometimes mistake windshields for leaves and get,-231.756,-1.00,17530, stuck,0,5.99353,-0.205409,-1.02133,stuck  [User 000
md_full,3892,Butterflies sometimes mistake windshields for leaves and get,463.511,+2.00,17530, stuck,0,2.20481,0.556572,2.76739,stuck. They are often found with their
md_full,3892,Butterflies sometimes mistake windshields for leaves and get,-463.511,-2.00,109,\n\n,0,6.58437,-0.324237,-1.61217,
oracle,3150,"If All Lives Matter mattered, then white lives would matter MORE, not",0,+0.00,2644, less,0,9.65919,0,0,less.  If All Lives Mattered
oracle,3150,"If All Lives Matter mattered, then white lives would matter MORE, not",1.63583,+0.25,2644, less,0,9.20804,0.0467063,0.451145,less.  If All Lives Mattered
oracle,3150,"If All Lives Matter mattered, then white lives would matter MORE, not",-1.63583,-0.25,2644, less,0,10.1099,-0.0466617,-0.450714,less.  If All Lives Mattered
oracle,3150,"If All Lives Matter mattered, then white lives would matter MORE, not",3.27166,+0.50,2644, less,0,8.75647,0.0934573,0.902721,less.  If All Lives Mattered
oracle,3150,"If All Lives Matter mattered, then white lives would matter MORE, not",-3.27166,-0.50,2644, less,0,10.5602,-0.0932774,-0.900984,less.  If All Lives Mattered
oracle,3150,"If All Lives Matter mattered, then white lives would matter MORE, not",6.54332,+1.00,2644, less,0,7.85205,0.18709,1.80714,less.  If All Lives Mattered
oracle,3150,"If All Lives Matter mattered, then white lives would matter MORE, not",-6.54332,-1.00,2644, less,0,11.4594,-0.186369,-1.80018,less.  If All Lives Mattered
oracle,3150,"If All Lives Matter mattered, then white lives would matter MORE, not",13.0866,+2.00,2644, less,0,6.03827,0.374867,3.62091,less.  If All Lives Mattered
oracle,3150,"If All Lives Matter mattered, then white lives would matter MORE, not",-13.0866,-2.00,2644, less,0,13.2522,-0.371984,-3.59306,less.  If All Lives Mattered
md_full,3150,"If All Lives Matter mattered, then white lives would matter MORE, not",0,+0.00,2644, less,0,9.65919,0,0,less.  If All Lives Mattered
md_full,3150,"If All Lives Matter mattered, then white lives would matter MORE, not",226.678,+0.25,2644, less,0,9.06228,0.0617968,0.596907,less.  If All Lives Mattered
md_full,3150,"If All Lives Matter mattered, then white lives would matter MORE, not",-226.678,-0.25,2644, less,0,9.46623,0.0199767,0.192959,less.  If All Lives Mattered
md_full,3150,"If All Lives Matter mattered, then white lives would matter MORE, not",453.356,+0.50,2644, less,0,7.89061,0.183098,1.76858,less.  They are the ones who
md_full,3150,"If All Lives Matter mattered, then white lives would matter MORE, not",-453.356,-0.50,109,\n\n,0,8.74063,0.095097,0.91856,
md_full,3150,"If All Lives Matter mattered, then white lives would matter MORE, not",906.711,+1.00,1024, their,0,5.42133,0.438739,4.23786,"their lives, their lives, their lives"
md_full,3150,"If All Lives Matter mattered, then white lives would matter MORE, not",-906.711,-1.00,109,\n\n,0,7.03848,0.271318,2.62071,
md_full,3150,"If All Lives Matter mattered, then white lives would matter MORE, not",1813.42,+2.00,1024, their,0,2.6044,0.730371,7.05479,their Their Their Their Their Their Their Their
md_full,3150,"If All Lives Matter mattered, then white lives would matter MORE, not",-1813.42,-2.00,109,\n\n,0,4.89336,0.493398,4.76583,
oracle,3084,Streams in Virginia's Blue Ridge Mountains flow west even though the land slopes,0,+0.00,9110, east,0,1.62891,0,0,east. Why?  A. the
oracle,3084,Streams in Virginia's Blue Ridge Mountains flow west even though the land slopes,0.160145,+0.25,9110, east,0,1.56601,0.0386152,0.0629005,east. Why?  A. the
oracle,3084,Streams in Virginia's Blue Ridge Mountains flow west even though the land slopes,-0.160145,-0.25,9110, east,0,1.6918,-0.0386128,-0.0628967,east. Why?  A. the
oracle,3084,Streams in Virginia's Blue Ridge Mountains flow west even though the land slopes,0.320289,+0.50,9110, east,0,1.50311,0.0772291,0.125799,east. Why?  A. the
oracle,3084,Streams in Virginia's Blue Ridge Mountains flow west even though the land slopes,-0.320289,-0.50,9110, east,0,1.75471,-0.0772303,-0.125801,east. Why?  A. the
oracle,3084,Streams in Virginia's Blue Ridge Mountains flow west even though the land slopes,0.640579,+1.00,9110, east,0,1.37732,0.154451,0.251587,east. Why?  A. the
oracle,3084,Streams in Virginia's Blue Ridge Mountains flow west even though the land slopes,-0.640579,-1.00,9110, east,0,1.88052,-0.154465,-0.25161,east. Why?  A. the
oracle,3084,Streams in Virginia's Blue Ridge Mountains flow west even though the land slopes,1.28116,+2.00,9110, east,0,1.12577,0.308883,0.503141,east. Why?  A. the
oracle,3084,Streams in Virginia's Blue Ridge Mountains flow west even though the land slopes,-1.28116,-2.00,9110, east,0,2.13215,-0.308947,-0.503246,east. Why?  A. the
md_full,3084,Streams in Virginia's Blue Ridge Mountains flow west even though the land slopes,0,+0.00,9110, east,0,1.62891,0,0,east. Why?  A. the
md_full,3084,Streams in Virginia's Blue Ridge Mountains flow west even though the land slopes,14.3448,+0.25,9110, east,0,1.50967,0.0731999,0.119236,east. Why?  A. the
md_full,3084,Streams in Virginia's Blue Ridge Mountains flow west even though the land slopes,-14.3448,-0.25,9110, east,0,1.74779,-0.0729833,-0.118883,east. Why?  A. the
md_full,3084,Streams in Virginia's Blue Ridge Mountains flow west even though the land slopes,28.6895,+0.50,9110, east,0,1.39016,0.14657,0.238749,east. Why?  A. the
md_full,3084,Streams in Virginia's Blue Ridge Mountains flow west even though the land slopes,-28.6895,-0.50,9110, east,0,1.86626,-0.145714,-0.237354,east. Why?  A. the
md_full,3084,Streams in Virginia's Blue Ridge Mountains flow west even though the land slopes,57.3791,+1.00,9110, east,0,1.15059,0.293646,0.478323,east. Why?  A. the
md_full,3084,Streams in Virginia's Blue Ridge Mountains flow west even though the land slopes,-57.3791,-1.00,9110, east,0,2.10167,-0.290234,-0.472765,east. Why?  A. the
md_full,3084,Streams in Virginia's Blue Ridge Mountains flow west even though the land slopes,114.758,+2.00,9110, east,0,0.671213,0.587937,0.957695,east. How might you explain this?
md_full,3084,Streams in Virginia's Blue Ridge Mountains flow west even though the land slopes,-114.758,-2.00,9110, east,0,2.56459,-0.574421,-0.935678,east.  The Blue Ridge Mountains are
jtw_legacy,3084,Streams in Virginia's Blue Ridge Mountains flow west even though the land slopes,0,+0.00,9110, east,0,1.62891,0,0,east. Why?  A. the
jtw_legacy,3084,Streams in Virginia's Blue Ridge Mountains flow west even though the land slopes,0.160145,+0.25,9110, east,0,1.63069,-0.00109131,-0.00177765,east. Why?  A. the
jtw_legacy,3084,Streams in Virginia's Blue Ridge Mountains flow west even though the land slopes,-0.160145,-0.25,9110, east,0,1.62712,0.00109717,0.00178719,east. Why?  A. the
jtw_legacy,3084,Streams in Virginia's Blue Ridge Mountains flow west even though the land slopes,0.320289,+0.50,9110, east,0,1.63247,-0.00218848,-0.00356483,east. Why?  A. the
jtw_legacy,3084,Streams in Virginia's Blue Ridge Mountains flow west even though the land slopes,-0.320289,-0.50,9110, east,0,1.62534,0.00219082,0.00356865,east. Why?  A. the
jtw_legacy,3084,Streams in Virginia's Blue Ridge Mountains flow west even though the land slopes,0.640579,+1.00,9110, east,0,1.63604,-0.0043793,-0.00713348,east. Why?  A. the
jtw_legacy,3084,Streams in Virginia's Blue Ridge Mountains flow west even though the land slopes,-0.640579,-1.00,9110, east,0,1.62177,0.0043793,0.00713348,east. Why?  A. the
jtw_legacy,3084,Streams in Virginia's Blue Ridge Mountains flow west even though the land slopes,1.28116,+2.00,9110, east,0,1.64317,-0.00875627,-0.0142632,east. Why?  A. the
jtw_legacy,3084,Streams in Virginia's Blue Ridge Mountains flow west even though the land slopes,-1.28116,-2.00,9110, east,0,1.61464,0.00876212,0.0142727,east. Why?  A. the
oracle,3117,Human hairs are virtually,0,+0.00,20745, identical,0,0.860216,0,0,"identical to each other, but they are"
oracle,3117,Human hairs are virtually,0.102182,+0.25,20745, identical,0,0.815825,0.0516052,0.0443916,"identical to each other, but they are"
oracle,3117,Human hairs are virtually,-0.102182,-0.25,20745, identical,0,0.90461,-0.0516074,-0.0443935,"identical to each other, but they are"
oracle,3117,Human hairs are virtually,0.204364,+0.50,20745, identical,0,0.771433,0.10321,0.0887833,"identical to each other, but they are"
oracle,3117,Human hairs are virtually,-0.204364,-0.50,20745, identical,0,0.948999,-0.10321,-0.0887833,"identical to each other, but they are"
oracle,3117,Human hairs are virtually,0.408727,+1.00,20745, identical,0,0.682652,0.206419,0.177565,"identical to each other, but they are"
oracle,3117,Human hairs are virtually,-0.408727,-1.00,20745, identical,0,1.03778,-0.206414,-0.177561,"identical to each other, but they are"
oracle,3117,Human hairs are virtually,0.817455,+2.00,20745, identical,0,0.505089,0.412835,0.355127,"identical to each other, but they are"
oracle,3117,Human hairs are virtually,-0.817455,-2.00,20745, identical,0,1.21535,-0.412844,-0.355135,"identical to each other, but they are"
md_full,3117,Human hairs are virtually,0,+0.00,20745, identical,0,0.860216,0,0,"identical to each other, but they are"
md_full,3117,Human hairs are virtually,14.1806,+0.25,20745, identical,0,0.922655,-0.0725852,-0.062439,"identical to each other, but they are"
md_full,3117,Human hairs are virtually,-14.1806,-0.25,20745, identical,0,0.79752,0.0728845,0.0626965,identical to the hairs of other mammals.
md_full,3117,Human hairs are virtually,28.3612,+0.50,20745, identical,0,0.984781,-0.144807,-0.124565,"identical to each other, but they are"
md_full,3117,Human hairs are virtually,-28.3612,-0.50,20745, identical,0,0.734631,0.145993,0.125586,identical to the hairs of other mammals.
md_full,3117,Human hairs are virtually,56.7225,+1.00,20745, identical,0,1.10782,-0.287842,-0.247606,"identical to each other, but they are"
md_full,3117,Human hairs are virtually,-56.7225,-1.00,20745, identical,0,0.608515,0.292602,0.251701,identical to the hairs of other mammals.
md_full,3117,Human hairs are virtually,113.445,+2.00,20745, identical,0,1.34751,-0.56648,-0.487295,"identical to each other, but they are"
md_full,3117,Human hairs are virtually,-113.445,-2.00,20745, identical,0,0.356718,0.585316,0.503498,identical to the hairs of other mammals.
jtw_legacy,3117,Human hairs are virtually,0,+0.00,20745, identical,0,0.860216,0,0,"identical to each other, but they are"
jtw_legacy,3117,Human hairs are virtually,0.102182,+0.25,20745, identical,0,0.861872,-0.00192461,-0.00165558,"identical to each other, but they are"
jtw_legacy,3117,Human hairs are virtually,-0.102182,-0.25,20745, identical,0,0.858559,0.00192682,0.00165749,"identical to each other, but they are"
jtw_legacy,3117,Human hairs are virtually,0.204364,+0.50,20745, identical,0,0.863535,-0.00385808,-0.00331879,"identical to each other, but they are"
jtw_legacy,3117,Human hairs are virtually,-0.204364,-0.50,20745, identical,0,0.856899,0.00385587,0.00331688,"identical to each other, but they are"
jtw_legacy,3117,Human hairs are virtually,0.408727,+1.00,20745, identical,0,0.866848,-0.00770952,-0.00663185,"identical to each other, but they are"
jtw_legacy,3117,Human hairs are virtually,-0.408727,-1.00,20745, identical,0,0.853588,0.00770508,0.00662804,"identical to each other, but they are"
jtw_legacy,3117,Human hairs are virtually,0.817455,+2.00,20745, identical,0,0.873478,-0.0154168,-0.0132618,"identical to each other, but they are"
jtw_legacy,3117,Human hairs are virtually,-0.817455,-2.00,20745, identical,0,0.846954,0.0154168,0.0132618,"identical to each other, but they are"
oracle,1738,Electrical outlets in the United States are different than in most other,0,+0.00,5605, countries,0,6.36709,0,0,countries. The voltage is 12
oracle,1738,Electrical outlets in the United States are different than in most other,0.762417,+0.25,5605, countries,0,6.09313,0.0430266,0.273954,countries. The voltage is 12
oracle,1738,Electrical outlets in the United States are different than in most other,-0.762417,-0.25,5605, countries,0,6.64102,-0.043024,-0.273937,countries. The voltage is 12
oracle,1738,Electrical outlets in the United States are different than in most other,1.52483,+0.50,5605, countries,0,5.81917,0.0860542,0.547915,countries. The voltage is 12
oracle,1738,Electrical outlets in the United States are different than in most other,-1.52483,-0.50,5605, countries,0,6.91496,-0.086047,-0.547869,countries. The voltage is 12
oracle,1738,Electrical outlets in the United States are different than in most other,3.04967,+1.00,5605, countries,0,5.27122,0.172115,1.09587,countries. The voltage is 12
oracle,1738,Electrical outlets in the United States are different than in most other,-3.04967,-1.00,5605, countries,0,7.46279,-0.172088,-1.0957,countries. The voltage is 12
oracle,1738,Electrical outlets in the United States are different than in most other,6.09933,+2.00,5605, countries,0,4.17522,0.34425,2.19187,countries. The voltage is 12
oracle,1738,Electrical outlets in the United States are different than in most other,-6.09933,-2.00,5605, countries,0,8.55828,-0.344143,-2.19119,countries. The voltage is 12
md_full,1738,Electrical outlets in the United States are different than in most other,0,+0.00,5605, countries,0,6.36709,0,0,countries. The voltage is 12
md_full,1738,Electrical outlets in the United States are different than in most other,34.2935,+0.25,5605, countries,0,5.98472,0.0600542,0.38237,countries. The voltage is 12
md_full,1738,Electrical outlets in the United States are different than in most other,-34.2935,-0.25,5605, countries,0,6.74088,-0.0587073,-0.373795,countries. The voltage is 12
md_full,1738,Electrical outlets in the United States are different than in most other,68.587,+0.50,5605, countries,0,5.59532,0.121212,0.771769,countries. The voltage is 12
md_full,1738,Electrical outlets in the United States are different than in most other,-68.587,-0.50,5605, countries,0,7.10467,-0.115843,-0.737581,countries. The voltage is 12
md_full,1738,Electrical outlets in the United States are different than in most other,137.174,+1.00,5605, countries,0,4.80192,0.245822,1.56517,countries. The voltage is 12
md_full,1738,Electrical outlets in the United States are different than in most other,-137.174,-1.00,5605, countries,0,7.79716,-0.224603,-1.43007,countries.  The outlets in the United
md_full,1738,Electrical outlets in the United States are different than in most other,274.348,+2.00,5605, countries,0,3.20252,0.49702,3.16457,"countries. In the United States, the"
md_full,1738,Electrical outlets in the United States are different than in most other,-274.348,-2.00,5605, countries,0,9.01567,-0.41598,-2.64858,countries.  The outlets in the United
oracle,3266,"In the US, tipping servers is not",0,+0.00,476, a,0,0.223763,0,0,"a requirement, but it is expected."
oracle,3266,"In the US, tipping servers is not",0.0204262,+0.25,476, a,0,0.212902,0.0485356,0.0108604,"a requirement, but it is expected."
oracle,3266,"In the US, tipping servers is not",-0.0204262,-0.25,476, a,0,0.234619,-0.0485185,-0.0108566,"a requirement, but it is expected."
oracle,3266,"In the US, tipping servers is not",0.0408525,+0.50,476, a,0,0.202042,0.0970712,0.0217209,"a requirement, but it is expected."
oracle,3266,"In the US, tipping servers is not",-0.0408525,-0.50,476, a,0,0.245476,-0.0970371,-0.0217133,"a requirement, but it is expected."
oracle,3266,"In the US, tipping servers is not",0.081705,+1.00,476, a,0,0.180328,0.194108,0.0434341,"a requirement, but it is expected."
oracle,3266,"In the US, tipping servers is not",-0.081705,-1.00,476, a,0,0.267197,-0.194108,-0.0434341,"a requirement, but it is expected."
oracle,3266,"In the US, tipping servers is not",0.16341,+2.00,476, a,0,0.136887,0.388251,0.0868759,"a requirement, but it is expected."
oracle,3266,"In the US, tipping servers is not",-0.16341,-2.00,476, a,0,0.310631,-0.388216,-0.0868683,"a requirement, but it is expected."
md_full,3266,"In the US, tipping servers is not",0,+0.00,476, a,0,0.223763,0,0,"a requirement, but it is expected."
md_full,3266,"In the US, tipping servers is not",1.22649,+0.25,476, a,0,0.242985,-0.0859047,-0.0192223,"a requirement, but it is expected."
md_full,3266,"In the US, tipping servers is not",-1.22649,-0.25,476, a,0,0.20454,0.0859047,0.0192223,"a requirement, but it is expected."
md_full,3266,"In the US, tipping servers is not",2.45298,+0.50,476, a,0,0.262203,-0.171792,-0.0384407,"a requirement, but it is expected."
md_full,3266,"In the US, tipping servers is not",-2.45298,-0.50,476, a,0,0.185326,0.171775,0.0384369,"a requirement, but it is expected."
md_full,3266,"In the US, tipping servers is not",4.90597,+1.00,476, a,0,0.30064,-0.343568,-0.0768776,"a requirement, but it is expected."
md_full,3266,"In the US, tipping servers is not",-4.90597,-1.00,476, a,0,0.146885,0.343568,0.0768776,"a requirement, but it is expected."
md_full,3266,"In the US, tipping servers is not",9.81193,+2.00,476, a,0,0.377533,-0.687204,-0.15377,"a requirement, but it is expected."
md_full,3266,"In the US, tipping servers is not",-9.81193,-2.00,476, a,0,0.0700264,0.68705,0.153736,"a requirement, but it is expected."
oracle,3844,The brain of an insect is more complex than a human,0,+0.00,9494, brain,0,6.24204,0,0,brain. The brain of an insect is
oracle,3844,The brain of an insect is more complex than a human,0.597653,+0.25,9494, brain,0,5.90136,0.0545788,0.340683,brain. The brain of an insect is
oracle,3844,The brain of an insect is more complex than a human,-0.597653,-0.25,9494, brain,0,6.58277,-0.0545855,-0.340725,brain. The brain of an insect is
oracle,3844,The brain of an insect is more complex than a human,1.19531,+0.50,9494, brain,0,5.5607,0.109154,0.681343,brain. The brain of an insect is
oracle,3844,The brain of an insect is more complex than a human,-1.19531,-0.50,9494, brain,0,6.92353,-0.109177,-0.681488,brain. The brain of an insect is
oracle,3844,The brain of an insect is more complex than a human,2.39061,+1.00,9494, brain,0,4.87949,0.218286,1.36255,brain. The brain of an insect is
oracle,3844,The brain of an insect is more complex than a human,-2.39061,-1.00,9494, brain,0,7.60513,-0.218372,-1.36309,brain. The brain of an insect is
oracle,3844,The brain of an insect is more complex than a human,4.78122,+2.00,9494, brain,0,3.51751,0.436481,2.72453,brain. The insect brain is made up
oracle,3844,The brain of an insect is more complex than a human,-4.78122,-2.00,9494, brain,0,8.96869,-0.436819,-2.72664,brain. The brain of an insect is
md_full,3844,The brain of an insect is more complex than a human,0,+0.00,9494, brain,0,6.24204,0,0,brain. The brain of an insect is
md_full,3844,The brain of an insect is more complex than a human,33.0578,+0.25,9494, brain,0,5.75834,0.0774919,0.483707,brain. The brain of an insect is
md_full,3844,The brain of an insect is more complex than a human,-33.0578,-0.25,9494, brain,0,6.71059,-0.0750638,-0.468552,brain. The brain of an insect is
md_full,3844,The brain of an insect is more complex than a human,66.1155,+0.50,9494, brain,0,5.2628,0.156878,0.97924,brain. The brain of an insect is
md_full,3844,The brain of an insect is more complex than a human,-66.1155,-0.50,9494, brain,0,7.16097,-0.147216,-0.91893,brain.  The brain of an insect
md_full,3844,The brain of an insect is more complex than a human,132.231,+1.00,9494, brain,0,4.25049,0.319054,1.99155,brain. The brain of an insect is
md_full,3844,The brain of an insect is more complex than a human,-132.231,-1.00,9494, brain,0,7.99742,-0.281219,-1.75538,brain.  The brain of an insect
md_full,3844,The brain of an insect is more complex than a human,264.462,+2.00,9494, brain,0,2.23917,0.641277,4.00288,brain. The brain of an insect is
md_full,3844,The brain of an insect is more complex than a human,-264.462,-2.00,9494, brain,0,9.37302,-0.501596,-3.13098,brain.  The brain of an insect
oracle,876,Water is essential to the human,0,+0.00,2971, body,0,8.21325,0,0,body. It is the most important nutrient
oracle,876,Water is essential to the human,0.86365,+0.25,2971, body,0,7.83596,0.0459366,0.377289,body. It is the most important nutrient
oracle,876,Water is essential to the human,-0.86365,-0.25,2971, body,0,8.59051,-0.0459324,-0.377254,body. It is the most important nutrient
oracle,876,Water is essential to the human,1.7273,+0.50,2971, body,0,7.45864,0.0918774,0.754612,body. It is the most important nutrient
oracle,876,Water is essential to the human,-1.7273,-0.50,2971, body,0,8.96771,-0.091859,-0.754461,body. It is the most important nutrient
oracle,876,Water is essential to the human,3.4546,+1.00,2971, body,0,6.70388,0.183773,1.50938,body. It is the most important nutrient
oracle,876,Water is essential to the human,-3.4546,-1.00,2971, body,0,9.72201,-0.183698,-1.50876,body. It is the most important nutrient
oracle,876,Water is essential to the human,6.9092,+2.00,2971, body,0,5.19393,0.367616,3.01932,body. It is the most important nutrient
oracle,876,Water is essential to the human,-6.9092,-2.00,2971, body,0,11.2301,-0.367312,-3.01683,body. It is the most important nutrient
md_full,876,Water is essential to the human,0,+0.00,2971, body,0,8.21325,0,0,body. It is the most important nutrient
md_full,876,Water is essential to the human,309.379,+0.25,2971, body,0,8.57719,-0.0443115,-0.363941,body. It is the most important nutrient
md_full,876,Water is essential to the human,-309.379,-0.25,2971, body,0,6.91789,0.157716,1.29536,body.  It is the
md_full,876,Water is essential to the human,618.757,+0.50,2971, body,0,8.16664,0.00567496,0.0466099,body. It accounts for about 6
md_full,876,Water is essential to the human,-618.757,-0.50,109,\n\n,0,5.26622,0.358814,2.94703,
md_full,876,Water is essential to the human,1237.51,+1.00,6202, species,0,6.83559,0.167736,1.37766,"species. Each living being, including their"
md_full,876,Water is essential to the human,-1237.51,-1.00,109,\n\n,0,2.6772,0.674039,5.53605,
md_full,876,Water is essential to the human,2475.03,+2.00,2365, They,0,5.17165,0.370329,3.04161,They They They They They They They They
md_full,876,Water is essential to the human,-2475.03,-2.00,109,\n\n,0,0.325987,0.96031,7.88727,
oracle,1825,The humpback whale sings the longest and most complex songs of any known,0,+0.00,8205, animal,0,2.78384,0,0,animal. The songs are passed down from
oracle,1825,The humpback whale sings the longest and most complex songs of any known,0.3551,+0.25,8205, animal,0,2.6641,0.0430124,0.11974,animal. The songs are passed down from
oracle,1825,The humpback whale sings the longest and most complex songs of any known,-0.3551,-0.25,8205, animal,0,2.90357,-0.043009,-0.11973,animal. The songs are passed down from
oracle,1825,The humpback whale sings the longest and most complex songs of any known,0.7102,+0.50,8205, animal,0,2.54435,0.0860283,0.239489,animal. The songs are passed down from
oracle,1825,The humpback whale sings the longest and most complex songs of any known,-0.7102,-0.50,8205, animal,0,3.0233,-0.086018,-0.23946,animal. The songs are passed down from
oracle,1825,The humpback whale sings the longest and most complex songs of any known,1.4204,+1.00,8205, animal,0,2.30483,0.172067,0.479006,animal. The songs are passed down from
oracle,1825,The humpback whale sings the longest and most complex songs of any known,-1.4204,-1.00,8205, animal,0,3.26272,-0.172024,-0.478888,animal. The songs are passed down from
oracle,1825,The humpback whale sings the longest and most complex songs of any known,2.8408,+2.00,8205, animal,0,1.8257,0.344177,0.958134,animal. The songs are passed down from
oracle,1825,The humpback whale sings the longest and most complex songs of any known,-2.8408,-2.00,8205, animal,0,3.74149,-0.344005,-0.957655,animal. The songs are passed down from
md_full,1825,The humpback whale sings the longest and most complex songs of any known,0,+0.00,8205, animal,0,2.78384,0,0,animal. The songs are passed down from
md_full,1825,The humpback whale sings the longest and most complex songs of any known,37.7042,+0.25,8205, animal,0,2.67626,0.0386446,0.10758,animal. The songs are passed down from
md_full,1825,The humpback whale sings the longest and most complex songs of any known,-37.7042,-0.25,8205, animal,0,2.8872,-0.0371297,-0.103363,animal.  The songs are passed down
md_full,1825,The humpback whale sings the longest and most complex songs of any known,75.4084,+0.50,8205, animal,0,2.56504,0.0785964,0.2188,animal. The songs are passed down from
md_full,1825,The humpback whale sings the longest and most complex songs of any known,-75.4084,-0.50,8205, animal,0,2.98582,-0.0725575,-0.201988,animal.  The songs are passed down
md_full,1825,The humpback whale sings the longest and most complex songs of any known,150.817,+1.00,8205, animal,0,2.33417,0.161527,0.449665,animal. The songs are passed down from
md_full,1825,The humpback whale sings the longest and most complex songs of any known,-150.817,-1.00,8205, animal,0,3.16714,-0.137687,-0.383299,animal.  The songs are passed down
md_full,1825,The humpback whale sings the longest and most complex songs of any known,301.634,+2.00,6202, species,0,1.85678,0.333013,0.927053,species. They are often compared to the
md_full,1825,The humpback whale sings the longest and most complex songs of any known,-301.634,-2.00,109,\n\n,0,3.45872,-0.242429,-0.674883,
jtw_legacy,1825,The humpback whale sings the longest and most complex songs of any known,0,+0.00,8205, animal,0,2.78384,0,0,animal. The songs are passed down from
jtw_legacy,1825,The humpback whale sings the longest and most complex songs of any known,0.3551,+0.25,8205, animal,0,2.78315,0.000248025,0.00069046,animal. The songs are passed down from
jtw_legacy,1825,The humpback whale sings the longest and most complex songs of any known,-0.3551,-0.25,8205, animal,0,2.78452,-0.000246654,-0.000686646,animal. The songs are passed down from
jtw_legacy,1825,The humpback whale sings the longest and most complex songs of any known,0.7102,+0.50,8205, animal,0,2.78246,0.000493994,0.0013752,animal. The songs are passed down from
jtw_legacy,1825,The humpback whale sings the longest and most complex songs of any known,-0.7102,-0.50,8205, animal,0,2.78521,-0.000493309,-0.00137329,animal. The songs are passed down from
jtw_legacy,1825,The humpback whale sings the longest and most complex songs of any known,1.4204,+1.00,8205, animal,0,2.78108,0.000988673,0.0027523,animal. The songs are passed down from
jtw_legacy,1825,The humpback whale sings the longest and most complex songs of any known,-1.4204,-1.00,8205, animal,0,2.78658,-0.000985247,-0.00274277,animal. The songs are passed down from
jtw_legacy,1825,The humpback whale sings the longest and most complex songs of any known,2.8408,+2.00,8205, animal,0,2.77832,0.00198009,0.00551224,animal. The songs are passed down from
jtw_legacy,1825,The humpback whale sings the longest and most complex songs of any known,-2.8408,-2.00,8205, animal,0,2.78932,-0.00197118,-0.00548744,animal. The songs are passed down from
oracle,2146,The domestic dog is the most common pet in the,0,+0.00,3520, United,0,1.31686,0,0,United States. It is also the most
oracle,2146,The domestic dog is the most common pet in the,0.155652,+0.25,3520, United,0,1.24561,0.054101,0.0712433,United States. It is also the most
oracle,2146,The domestic dog is the most common pet in the,-0.155652,-0.25,3520, United,0,1.38811,-0.0541126,-0.0712585,United States. It is also the most
oracle,2146,The domestic dog is the most common pet in the,0.311304,+0.50,3520, United,0,1.17437,0.108199,0.142483,United States. It is also the most
oracle,2146,The domestic dog is the most common pet in the,-0.311304,-0.50,3520, United,0,1.45935,-0.108211,-0.142498,United States. It is also the most
oracle,2146,The domestic dog is the most common pet in the,0.622608,+1.00,3520, United,0,1.03188,0.216407,0.284977,United States. It is also the most
oracle,2146,The domestic dog is the most common pet in the,-0.622608,-1.00,3520, United,0,1.60185,-0.216421,-0.284996,United States. It is also the most
oracle,2146,The domestic dog is the most common pet in the,1.24522,+2.00,3520, United,0,0.74691,0.432808,0.569946,United States. It is also the most
oracle,2146,The domestic dog is the most common pet in the,-1.24522,-2.00,3520, United,0,1.88684,-0.432837,-0.569984,United States. It is also the most
md_full,2146,The domestic dog is the most common pet in the,0,+0.00,3520, United,0,1.31686,0,0,United States. It is also the most
md_full,2146,The domestic dog is the most common pet in the,20.8359,+0.25,3520, United,0,1.40419,-0.0663169,-0.0873299,United States. It is also the most
md_full,2146,The domestic dog is the most common pet in the,-20.8359,-0.25,3520, United,0,1.22868,0.0669571,0.0881729,United States. It is also the most
md_full,2146,The domestic dog is the most common pet in the,41.6719,+0.50,3520, United,0,1.49044,-0.131817,-0.173584,"United States. In fact, 6"
md_full,2146,The domestic dog is the most common pet in the,-41.6719,-0.50,3520, United,0,1.13985,0.134415,0.177006,United States. It is also the most
md_full,2146,The domestic dog is the most common pet in the,83.3437,+1.00,3520, United,0,1.65894,-0.259772,-0.342083,"United States. In fact, 6"
md_full,2146,The domestic dog is the most common pet in the,-83.3437,-1.00,3520, United,0,0.961143,0.270123,0.355713,United States.  The American Kennel Club
md_full,2146,The domestic dog is the most common pet in the,166.687,+2.00,3520, United,0,1.97496,-0.499751,-0.6581,"United States. In fact, 6"
md_full,2146,The domestic dog is the most common pet in the,-166.687,-2.00,3520, United,0,0.605373,0.540289,0.711483,United States.  The American Kennel Club
oracle,13,The Sun and all other stars shine through the vacuum of,0,+0.00,3641, space,0,8.2274,0,0,space because they are sources of electromagnetic radiation
oracle,13,The Sun and all other stars shine through the vacuum of,0.829031,+0.25,3641, space,0,7.87309,0.0430639,0.354303,"space because they emit electromagnetic radiation, which"
oracle,13,The Sun and all other stars shine through the vacuum of,-0.829031,-0.25,3641, space,0,8.58161,-0.0430527,-0.354212,space because they are sources of electromagnetic radiation
oracle,13,The Sun and all other stars shine through the vacuum of,1.65806,+0.50,3641, space,0,7.5187,0.0861391,0.7087,"space because they emit electromagnetic radiation, which"
oracle,13,The Sun and all other stars shine through the vacuum of,-1.65806,-0.50,3641, space,0,8.93573,-0.0860941,-0.70833,space because they are sources of electromagnetic radiation
oracle,13,The Sun and all other stars shine through the vacuum of,3.31612,+1.00,3641, space,0,6.80964,0.172321,1.41776,"space because they emit electromagnetic radiation, which"
oracle,13,The Sun and all other stars shine through the vacuum of,-3.31612,-1.00,3641, space,0,9.64368,-0.172143,-1.41629,space because they are sources of electromagnetic radiation
oracle,13,The Sun and all other stars shine through the vacuum of,6.63225,+2.00,3641, space,0,5.39047,0.344814,2.83692,"space because they emit electromagnetic radiation, primarily"
oracle,13,The Sun and all other stars shine through the vacuum of,-6.63225,-2.00,3641, space,0,11.0585,-0.344102,-2.83106,space because they are sources of electromagnetic radiation
md_full,13,The Sun and all other stars shine through the vacuum of,0,+0.00,3641, space,0,8.2274,0,0,space because they are sources of electromagnetic radiation
md_full,13,The Sun and all other stars shine through the vacuum of,787.513,+0.25,3641, space,0,7.16372,0.129285,1.06367,"space because they are enormous, their enormous"
md_full,13,The Sun and all other stars shine through the vacuum of,-787.513,-0.25,109,\n\n,0,5.3466,0.350146,2.88079,
md_full,13,The Sun and all other stars shine through the vacuum of,1575.03,+0.50,1024, their,0,5.23766,0.363388,2.98974,their their their their their their their their
md_full,13,The Sun and all other stars shine through the vacuum of,-1575.03,-0.50,109,\n\n,0,3.0652,0.62744,5.1622,
md_full,13,The Sun and all other stars shine through the vacuum of,3150.05,+1.00,1024, their,0,3.44141,0.581713,4.78598,their Their Their Their Their Their Their Their
md_full,13,The Sun and all other stars shine through the vacuum of,-3150.05,-1.00,109,\n\n,0,1.17103,0.857667,7.05636,
md_full,13,The Sun and all other stars shine through the vacuum of,6300.1,+2.00,10368, Their,0,2.33422,0.716287,5.89317,Their Their Their Their Their Their Their Their
md_full,13,The Sun and all other stars shine through the vacuum of,-6300.1,-2.00,109,\n\n,0,0.0425854,0.994824,8.18481,
oracle,1175,The drum is the oldest musical,0,+0.00,11755, instrument,0,7.6909,0,0,instrument in the world. It is a
oracle,1175,The drum is the oldest musical,0.884802,+0.25,11755, instrument,0,7.40928,0.0366168,0.281616,instrument in the world. It is a
oracle,1175,The drum is the oldest musical,-0.884802,-0.25,11755, instrument,0,7.97248,-0.0366116,-0.281576,instrument in the world. It is a
oracle,1175,The drum is the oldest musical,1.7696,+0.50,11755, instrument,0,7.12762,0.0732398,0.56328,instrument in the world. It is a
oracle,1175,The drum is the oldest musical,-1.7696,-0.50,11755, instrument,0,8.25401,-0.0732173,-0.563107,instrument in the world. It is a
oracle,1175,The drum is the oldest musical,3.53921,+1.00,11755, instrument,0,6.56417,0.146502,1.12673,instrument in the world. It is a
oracle,1175,The drum is the oldest musical,-3.53921,-1.00,11755, instrument,0,8.81694,-0.146412,-1.12604,instrument in the world. It is a
oracle,1175,The drum is the oldest musical,7.07842,+2.00,11755, instrument,0,5.43678,0.293089,2.25412,instrument in the world. It is a
oracle,1175,The drum is the oldest musical,-7.07842,-2.00,11755, instrument,0,9.94225,-0.292729,-2.25135,instrument in the world. It is a
md_full,1175,The drum is the oldest musical,0,+0.00,11755, instrument,0,7.6909,0,0,instrument in the world. It is a
md_full,1175,The drum is the oldest musical,275.805,+0.25,11755, instrument,0,7.90914,-0.0283762,-0.218239,instrument in the world. It is a
md_full,1175,The drum is the oldest musical,-275.805,-0.25,11755, instrument,0,7.0173,0.0875837,0.673597,instrument in the world.  It is
md_full,1175,The drum is the oldest musical,551.61,+0.50,11755, instrument,0,7.69882,-0.00102933,-0.00791645,instrument in the world. It is a
md_full,1175,The drum is the oldest musical,-551.61,-0.50,109,\n\n,0,6.07114,0.210608,1.61976,
md_full,1175,The drum is the oldest musical,1103.22,+1.00,235269,",",0,6.70832,0.127759,0.982579,", ranging from their birth in their birth"
md_full,1175,The drum is the oldest musical,-1103.22,-1.00,109,\n\n,0,4.19135,0.455025,3.49955,
md_full,1175,The drum is the oldest musical,2206.44,+2.00,27127, ranging,0,5.00672,0.349008,2.68418,ranging ranging ranging ranging ranging ranging ranging ranging
md_full,1175,The drum is the oldest musical,-2206.44,-2.00,109,\n\n,0,1.89485,0.753624,5.79605,
jtw_legacy,1175,The drum is the oldest musical,0,+0.00,11755, instrument,0,7.6909,0,0,instrument in the world. It is a
jtw_legacy,1175,The drum is the oldest musical,0.884802,+0.25,11755, instrument,0,7.68564,0.000683986,0.00526047,instrument in the world. It is a
jtw_legacy,1175,The drum is the oldest musical,-0.884802,-0.25,11755, instrument,0,7.69616,-0.000683738,-0.00525856,instrument in the world. It is a
jtw_legacy,1175,The drum is the oldest musical,1.7696,+0.50,11755, instrument,0,7.68037,0.00136921,0.0105305,instrument in the world. It is a
jtw_legacy,1175,The drum is the oldest musical,-1.7696,-0.50,11755, instrument,0,7.70141,-0.00136624,-0.0105076,instrument in the world. It is a
jtw_legacy,1175,The drum is the oldest musical,3.53921,+1.00,11755, instrument,0,7.66982,0.00274041,0.0210762,instrument in the world. It is a
jtw_legacy,1175,The drum is the oldest musical,-3.53921,-1.00,11755, instrument,0,7.71189,-0.00272999,-0.0209961,instrument in the world. It is a
jtw_legacy,1175,The drum is the oldest musical,7.07842,+2.00,11755, instrument,0,7.64866,0.00549148,0.0422344,instrument in the world. It is a
jtw_legacy,1175,The drum is the oldest musical,-7.07842,-2.00,11755, instrument,0,7.73281,-0.00544932,-0.0419102,instrument in the world. It is a
oracle,416,Galileo was an Italian physicist and mathematician who is widely regarded as the father of modern,0,+0.00,8042, science,0,0.322819,0,0,"science. He was born in Pisa,"
oracle,416,Galileo was an Italian physicist and mathematician who is widely regarded as the father of modern,0.034983,+0.25,8042, science,0,0.310892,0.0369468,0.0119271,"science. He was born in Pisa,"
oracle,416,Galileo was an Italian physicist and mathematician who is widely regarded as the father of modern,-0.034983,-0.25,8042, science,0,0.334744,-0.0369409,-0.0119252,"science. He was born in Pisa,"
oracle,416,Galileo was an Italian physicist and mathematician who is widely regarded as the father of modern,0.0699661,+0.50,8042, science,0,0.298967,0.0738863,0.0238519,"science. He was born in Pisa,"
oracle,416,Galileo was an Italian physicist and mathematician who is widely regarded as the father of modern,-0.0699661,-0.50,8042, science,0,0.346669,-0.0738818,-0.0238504,"science. He was born in Pisa,"
oracle,416,Galileo was an Italian physicist and mathematician who is widely regarded as the father of modern,0.139932,+1.00,8042, science,0,0.275117,0.147765,0.0477014,"science. He was born in Pisa,"
oracle,416,Galileo was an Italian physicist and mathematician who is widely regarded as the father of modern,-0.139932,-1.00,8042, science,0,0.370518,-0.147759,-0.0476995,"science. He was born in Pisa,"
oracle,416,Galileo was an Italian physicist and mathematician who is widely regarded as the father of modern,0.279864,+2.00,8042, science,0,0.227414,0.295538,0.0954051,"science. He was born in Pisa,"
oracle,416,Galileo was an Italian physicist and mathematician who is widely regarded as the father of modern,-0.279864,-2.00,8042, science,0,0.418218,-0.295518,-0.0953989,"science. He was born in Pisa,"
md_full,416,Galileo was an Italian physicist and mathematician who is widely regarded as the father of modern,0,+0.00,8042, science,0,0.322819,0,0,"science. He was born in Pisa,"
md_full,416,Galileo was an Italian physicist and mathematician who is widely regarded as the father of modern,1.1955,+0.25,8042, science,0,0.307775,0.0466027,0.0150442,"science. He was born in Pisa,"
md_full,416,Galileo was an Italian physicist and mathematician who is widely regarded as the father of modern,-1.1955,-0.25,8042, science,0,0.337863,-0.0466041,-0.0150447,"science. He was born in Pisa,"
md_full,416,Galileo was an Italian physicist and mathematician who is widely regarded as the father of modern,2.391,+0.50,8042, science,0,0.292732,0.0931994,0.0300865,"science. He was born in Pisa,"
md_full,416,Galileo was an Italian physicist and mathematician who is widely regarded as the father of modern,-2.391,-0.50,8042, science,0,0.352911,-0.0932157,-0.0300918,"science. He was born in Pisa,"
md_full,416,Galileo was an Italian physicist and mathematician who is widely regarded as the father of modern,4.782,+1.00,8042, science,0,0.26265,0.186384,0.0601683,"science. He was born in Pisa,"
md_full,416,Galileo was an Italian physicist and mathematician who is widely regarded as the father of modern,-4.782,-1.00,8042, science,0,0.38301,-0.186456,-0.0601916,"science. He was born in Pisa,"
md_full,416,Galileo was an Italian physicist and mathematician who is widely regarded as the father of modern,9.56401,+2.00,8042, science,0,0.202508,0.372687,0.12031,"science. He was born in Pisa,"
md_full,416,Galileo was an Italian physicist and mathematician who is widely regarded as the father of modern,-9.56401,-2.00,8042, science,0,0.443221,-0.37297,-0.120402,"science. He was born in Pisa,"
jtw_legacy,416,Galileo was an Italian physicist and mathematician who is widely regarded as the father of modern,0,+0.00,8042, science,0,0.322819,0,0,"science. He was born in Pisa,"
jtw_legacy,416,Galileo was an Italian physicist and mathematician who is widely regarded as the father of modern,0.034983,+0.25,8042, science,0,0.322667,0.000469719,0.000151634,"science. He was born in Pisa,"
jtw_legacy,416,Galileo was an Italian physicist and mathematician who is widely regarded as the father of modern,-0.034983,-0.25,8042, science,0,0.32297,-0.000468242,-0.000151157,"science. He was born in Pisa,"
jtw_legacy,416,Galileo was an Italian physicist and mathematician who is widely regarded as the father of modern,0.0699661,+0.50,8042, science,0,0.322518,0.000932053,0.000300884,"science. He was born in Pisa,"
jtw_legacy,416,Galileo was an Italian physicist and mathematician who is widely regarded as the father of modern,-0.0699661,-0.50,8042, science,0,0.323119,-0.000930576,-0.000300407,"science. He was born in Pisa,"
jtw_legacy,416,Galileo was an Italian physicist and mathematician who is widely regarded as the father of modern,0.139932,+1.00,8042, science,0,0.322218,0.00185968,0.000600338,"science. He was born in Pisa,"
jtw_legacy,416,Galileo was an Italian physicist and mathematician who is widely regarded as the father of modern,-0.139932,-1.00,8042, science,0,0.323421,-0.00186411,-0.000601768,"science. He was born in Pisa,"
jtw_legacy,416,Galileo was an Italian physicist and mathematician who is widely regarded as the father of modern,0.279864,+2.00,8042, science,0,0.321615,0.00372969,0.00120401,"science. He was born in Pisa,"
jtw_legacy,416,Galileo was an Italian physicist and mathematician who is widely regarded as the father of modern,-0.279864,-2.00,8042, science,0,0.324022,-0.00372674,-0.00120306,"science. He was born in Pisa,"
oracle,1767,Alaska is the largest state in the United,0,+0.00,3858, States,0,6.27384,0,0,"States, and it is also the most"
oracle,1767,Alaska is the largest state in the United,0.990873,+0.25,3858, States,0,6.05787,0.0344238,0.21597,"States, and it is also the most"
oracle,1767,Alaska is the largest state in the United,-0.990873,-0.25,3858, States,0,6.4898,-0.0344224,-0.215961,"States, and it is also the most"
oracle,1767,Alaska is the largest state in the United,1.98175,+0.50,3858, States,0,5.84189,0.068849,0.431947,"States, and it is also the most"
oracle,1767,Alaska is the largest state in the United,-1.98175,-0.50,3858, States,0,6.70575,-0.0688435,-0.431913,"States, and it is also the most"
oracle,1767,Alaska is the largest state in the United,3.96349,+1.00,3858, States,0,5.40991,0.137703,0.863926,"States, and it is also the most"
oracle,1767,Alaska is the largest state in the United,-3.96349,-1.00,3858, States,0,7.13763,-0.137681,-0.863788,"States, and it is also the most"
oracle,1767,Alaska is the largest state in the United,7.92699,+2.00,3858, States,0,4.54588,0.275422,1.72795,"States, and it is also the most"
oracle,1767,Alaska is the largest state in the United,-7.92699,-2.00,3858, States,0,8.00125,-0.275336,-1.72741,"States, and it is also the most"
md_full,1767,Alaska is the largest state in the United,0,+0.00,3858, States,0,6.27384,0,0,"States, and it is also the most"
md_full,1767,Alaska is the largest state in the United,48.1946,+0.25,3858, States,0,5.94214,0.05287,0.331698,"States, and it is also the most"
md_full,1767,Alaska is the largest state in the United,-48.1946,-0.25,3858, States,0,6.59785,-0.0516455,-0.324016,"States, and it is also the most"
md_full,1767,Alaska is the largest state in the United,96.3893,+0.50,3858, States,0,5.60466,0.106661,0.669176,"States, and it is also the most"
md_full,1767,Alaska is the largest state in the United,-96.3893,-0.50,3858, States,0,6.91236,-0.101775,-0.638523,"States, and it is also the most"
md_full,1767,Alaska is the largest state in the United,192.779,+1.00,3858, States,0,4.92,0.215791,1.35384,"States, and it is also the most"
md_full,1767,Alaska is the largest state in the United,-192.779,-1.00,3858, States,0,7.50613,-0.196417,-1.23229,"States, and it is also the northern"
md_full,1767,Alaska is the largest state in the United,385.557,+2.00,3858, States,0,3.56132,0.432354,2.71252,"States, and it’s also one"
md_full,1767,Alaska is the largest state in the United,-385.557,-2.00,109,\n\n,0,8.51687,-0.357522,-2.24303,
jtw_legacy,1767,Alaska is the largest state in the United,0,+0.00,3858, States,0,6.27384,0,0,"States, and it is also the most"
jtw_legacy,1767,Alaska is the largest state in the United,0.990873,+0.25,3858, States,0,6.28196,-0.00129405,-0.00811863,"States, and it is also the most"
jtw_legacy,1767,Alaska is the largest state in the United,-0.990873,-0.25,3858, States,0,6.26571,0.00129511,0.00812531,"States, and it is also the most"
jtw_legacy,1767,Alaska is the largest state in the United,1.98175,+0.50,3858, States,0,6.29007,-0.00258786,-0.0162358,"States, and it is also the most"
jtw_legacy,1767,Alaska is the largest state in the United,-1.98175,-0.50,3858, States,0,6.25758,0.00259098,0.0162554,"States, and it is also the most"
jtw_legacy,1767,Alaska is the largest state in the United,3.96349,+1.00,3858, States,0,6.30629,-0.00517322,-0.0324559,"States, and it is also the most"
jtw_legacy,1767,Alaska is the largest state in the United,-3.96349,-1.00,3858, States,0,6.24131,0.00518485,0.0325289,"States, and it is also the most"
jtw_legacy,1767,Alaska is the largest state in the United,7.92699,+2.00,3858, States,0,6.33868,-0.010335,-0.0648403,"States, and it is also the most"
jtw_legacy,1767,Alaska is the largest state in the United,-7.92699,-2.00,3858, States,0,6.20871,0.0103806,0.0651264,"States, and it is also the most"
oracle,4394,"A tree can’t walk, but bananas",0,+0.00,798, can,0,16.4751,0,0,can.  That’s the message
oracle,4394,"A tree can’t walk, but bananas",2.43085,+0.25,798, can,0,15.3819,0.0663514,1.09314,can.  That’s the message
oracle,4394,"A tree can’t walk, but bananas",-2.43085,-0.25,798, can,0,17.5675,-0.0663065,-1.0924,can.  That’s the message
oracle,4394,"A tree can’t walk, but bananas",4.8617,+0.50,798, can,0,14.2881,0.132745,2.18699,can.  That’s the message
oracle,4394,"A tree can’t walk, but bananas",-4.8617,-0.50,798, can,0,18.6591,-0.132565,-2.18402,can.  That’s the message
oracle,4394,"A tree can’t walk, but bananas",9.72341,+1.00,798, can,0,12.0985,0.265646,4.37654,can.  That’s the message
oracle,4394,"A tree can’t walk, but bananas",-9.72341,-1.00,798, can,0,20.8397,-0.264926,-4.36467,can.  That’s the message
oracle,4394,"A tree can’t walk, but bananas",19.4468,+2.00,798, can,0,7.71331,0.531819,8.76174,can.  That’s the message
oracle,4394,"A tree can’t walk, but bananas",-19.4468,-2.00,798, can,0,25.1893,-0.528936,-8.71425,can.  That’s the message
md_full,4394,"A tree can’t walk, but bananas",0,+0.00,798, can,0,16.4751,0,0,can.  That’s the message
md_full,4394,"A tree can’t walk, but bananas",118.398,+0.25,798, can,0,15.0762,0.0849092,1.39888,can.  A tree can’t
md_full,4394,"A tree can’t walk, but bananas",-118.398,-0.25,798, can,0,17.2496,-0.0470113,-0.774513,can.  That’s the message
md_full,4394,"A tree can’t walk, but bananas",236.795,+0.50,798, can,0,13.2012,0.198713,3.27382,can. They’re a little like
md_full,4394,"A tree can’t walk, but bananas",-236.795,-0.50,798, can,0,17.4394,-0.0585357,-0.964378,can.  That’s the message
md_full,4394,"A tree can’t walk, but bananas",473.59,+1.00,798, can,0,9.07042,0.449446,7.40464,can. They’re a little different
md_full,4394,"A tree can’t walk, but bananas",-473.59,-1.00,109,\n\n,0,16.7375,-0.01593,-0.262447,can
md_full,4394,"A tree can’t walk, but bananas",947.181,+2.00,798, can,0,3.04902,0.814931,13.426,can. They’re often compared to
md_full,4394,"A tree can’t walk, but bananas",-947.181,-2.00,109,\n\n,0,14.4513,0.12284,2.02379,
jtw_legacy,4394,"A tree can’t walk, but bananas",0,+0.00,798, can,0,16.4751,0,0,can.  That’s the message
jtw_legacy,4394,"A tree can’t walk, but bananas",2.43085,+0.25,798, can,0,16.465,0.000608266,0.0100212,can.  That’s the message
jtw_legacy,4394,"A tree can’t walk, but bananas",-2.43085,-0.25,798, can,0,16.4848,-0.000593215,-0.00977325,can.  That’s the message
jtw_legacy,4394,"A tree can’t walk, but bananas",4.8617,+0.50,798, can,0,16.4547,0.00123297,0.0203133,can.  That’s the message
jtw_legacy,4394,"A tree can’t walk, but bananas",-4.8617,-0.50,798, can,0,16.4943,-0.00117045,-0.0192833,can.  That’s the message
jtw_legacy,4394,"A tree can’t walk, but bananas",9.72341,+1.00,798, can,0,16.4334,0.00252869,0.0416603,can.  That’s the message
jtw_legacy,4394,"A tree can’t walk, but bananas",-9.72341,-1.00,798, can,0,16.5126,-0.0022777,-0.0375252,can.  That’s the message
jtw_legacy,4394,"A tree can’t walk, but bananas",19.4468,+2.00,798, can,0,16.3876,0.00530745,0.0874405,can.  That’s the message
jtw_legacy,4394,"A tree can’t walk, but bananas",-19.4468,-2.00,798, can,0,16.546,-0.00430347,-0.0709,can.  That’s the message
oracle,2014,Hamsters blink with both eyes at the same,0,+0.00,1069, time,0,5.17511,0,0,time.  The hamster's eyes
oracle,2014,Hamsters blink with both eyes at the same,0.586336,+0.25,1069, time,0,5.04567,0.0250115,0.129437,time.  The hamster's eyes
oracle,2014,Hamsters blink with both eyes at the same,-0.586336,-0.25,1069, time,0,5.30454,-0.0250111,-0.129435,time.  The hamster's eyes
oracle,2014,Hamsters blink with both eyes at the same,1.17267,+0.50,1069, time,0,4.91622,0.0500248,0.258883,time.  The hamster's eyes
oracle,2014,Hamsters blink with both eyes at the same,-1.17267,-0.50,1069, time,0,5.43397,-0.0500207,-0.258862,time.  The hamster's eyes
oracle,2014,Hamsters blink with both eyes at the same,2.34534,+1.00,1069, time,0,4.65732,0.100054,0.51779,time.  The hamster blinks with both
oracle,2014,Hamsters blink with both eyes at the same,-2.34534,-1.00,1069, time,0,5.69281,-0.100036,-0.517699,time.  The hamster's eyes
oracle,2014,Hamsters blink with both eyes at the same,4.69069,+2.00,1069, time,0,4.13943,0.200126,1.03567,time.  The hamster blinks with both
oracle,2014,Hamsters blink with both eyes at the same,-4.69069,-2.00,1069, time,0,6.21041,-0.200054,-1.0353,time.  The hamster's eyes
md_full,2014,Hamsters blink with both eyes at the same,0,+0.00,1069, time,0,5.17511,0,0,time.  The hamster's eyes
md_full,2014,Hamsters blink with both eyes at the same,24.889,+0.25,1069, time,0,4.99616,0.0345776,0.178943,time.  The hamster's eyes
md_full,2014,Hamsters blink with both eyes at the same,-24.889,-0.25,1069, time,0,5.35305,-0.0343844,-0.177943,time.  The hamster blinks with both
md_full,2014,Hamsters blink with both eyes at the same,49.778,+0.50,1069, time,0,4.81635,0.0693234,0.358756,time.  The hamster's eyes
md_full,2014,Hamsters blink with both eyes at the same,-49.778,-0.50,1069, time,0,5.52986,-0.0685493,-0.35475,time.  The hamster blinks with both
md_full,2014,Hamsters blink with both eyes at the same,99.556,+1.00,1069, time,0,4.45465,0.139215,0.720452,time. They blink with their eyes closed
md_full,2014,Hamsters blink with both eyes at the same,-99.556,-1.00,1069, time,0,5.87955,-0.136122,-0.704447,time.  The hamster blinks with both
md_full,2014,Hamsters blink with both eyes at the same,199.112,+2.00,1069, time,0,3.72675,0.279869,1.44835,time. They blink their eyes in a
md_full,2014,Hamsters blink with both eyes at the same,-199.112,-2.00,1069, time,0,6.55985,-0.267578,-1.38475,time.  The hamster blinks with both
oracle,1896,Elephants are the largest mammals on,0,+0.00,573, the,0,0.82164,0,0,the planet. They are also the most
oracle,1896,Elephants are the largest mammals on,0.0733673,+0.25,573, the,0,0.787983,0.0409633,0.0336571,the planet. They are also the most
oracle,1896,Elephants are the largest mammals on,-0.0733673,-0.25,573, the,0,0.855289,-0.040954,-0.0336494,the planet. They are also the most
oracle,1896,Elephants are the largest mammals on,0.146735,+0.50,573, the,0,0.75433,0.0819219,0.0673103,the planet. They are also the most
oracle,1896,Elephants are the largest mammals on,-0.146735,-0.50,573, the,0,0.888939,-0.081908,-0.0672989,the planet. They are also the most
oracle,1896,Elephants are the largest mammals on,0.293469,+1.00,573, the,0,0.687023,0.163839,0.134617,the planet. They are also the most
oracle,1896,Elephants are the largest mammals on,-0.293469,-1.00,573, the,0,0.956238,-0.163816,-0.134598,the planet. They are also the most
oracle,1896,Elephants are the largest mammals on,0.586939,+2.00,573, the,0,0.552402,0.327683,0.269238,the planet. They are also the most
oracle,1896,Elephants are the largest mammals on,-0.586939,-2.00,573, the,0,1.09085,-0.327646,-0.269207,the planet. They are also the most
md_full,1896,Elephants are the largest mammals on,0,+0.00,573, the,0,0.82164,0,0,the planet. They are also the most
md_full,1896,Elephants are the largest mammals on,19.4358,+0.25,573, the,0,0.909042,-0.106375,-0.0874023,the planet. They are also the most
md_full,1896,Elephants are the largest mammals on,-19.4358,-0.25,573, the,0,0.733829,0.106872,0.0878105,the planet. They are also the most
md_full,1896,Elephants are the largest mammals on,38.8717,+0.50,573, the,0,0.995922,-0.212115,-0.174282,the planet. They are also the most
md_full,1896,Elephants are the largest mammals on,-38.8717,-0.50,573, the,0,0.645741,0.214083,0.1759,the planet. They are also the most
md_full,1896,Elephants are the largest mammals on,77.7433,+1.00,573, the,0,1.16772,-0.421203,-0.346077,the planet. They are also the most
md_full,1896,Elephants are the largest mammals on,-77.7433,-1.00,573, the,0,0.469135,0.429026,0.352505,the planet. They are also the most
md_full,1896,Elephants are the largest mammals on,155.487,+2.00,573, the,0,1.50055,-0.826281,-0.678905,the planet. They are also the most
md_full,1896,Elephants are the largest mammals on,-155.487,-2.00,573, the,0,0.117477,0.857021,0.704163,the planet. They are also the most
oracle,2463,"If a rooster and chicken mate, all of the offspring will be",0,+0.00,53190, chickens,0,3.5774,0,0,chickens.  If a rooster and a
oracle,2463,"If a rooster and chicken mate, all of the offspring will be",0.445647,+0.25,53190, chickens,0,3.39502,0.0509824,0.182384,chickens.  If a rooster and a
oracle,2463,"If a rooster and chicken mate, all of the offspring will be",-0.445647,-0.25,53190, chickens,0,3.75976,-0.0509749,-0.182358,chickens.  If a rooster and a
oracle,2463,"If a rooster and chicken mate, all of the offspring will be",0.891293,+0.50,53190, chickens,0,3.21264,0.101964,0.364765,chickens.  If a rooster and a
oracle,2463,"If a rooster and chicken mate, all of the offspring will be",-0.891293,-0.50,53190, chickens,0,3.94211,-0.101948,-0.364708,chickens.  If a rooster and a
oracle,2463,"If a rooster and chicken mate, all of the offspring will be",1.78259,+1.00,53190, chickens,0,2.84783,0.203938,0.729568,chickens.  If a rooster and a
oracle,2463,"If a rooster and chicken mate, all of the offspring will be",-1.78259,-1.00,53190, chickens,0,4.30679,-0.203887,-0.729385,chickens.  If a rooster and a
oracle,2463,"If a rooster and chicken mate, all of the offspring will be",3.56517,+2.00,53190, chickens,0,2.11813,0.407915,1.45927,chickens.  If a rooster and a
oracle,2463,"If a rooster and chicken mate, all of the offspring will be",-3.56517,-2.00,53190, chickens,0,5.03599,-0.407724,-1.45859,chickens.  If a rooster and a
md_full,2463,"If a rooster and chicken mate, all of the offspring will be",0,+0.00,53190, chickens,0,3.5774,0,0,chickens.  If a rooster and a
md_full,2463,"If a rooster and chicken mate, all of the offspring will be",33.4261,+0.25,53190, chickens,0,3.37824,0.0556711,0.199158,chickens. This is because chickens are the
md_full,2463,"If a rooster and chicken mate, all of the offspring will be",-33.4261,-0.25,53190, chickens,0,3.77004,-0.0538498,-0.192642,chickens.  If a rooster and hen
md_full,2463,"If a rooster and chicken mate, all of the offspring will be",66.8522,+0.50,53190, chickens,0,3.17366,0.11286,0.403744,chickens. This is because the rooster is
md_full,2463,"If a rooster and chicken mate, all of the offspring will be",-66.8522,-0.50,53190, chickens,0,3.95524,-0.105618,-0.377838,chickens.  If a rooster and chicken
md_full,2463,"If a rooster and chicken mate, all of the offspring will be",133.704,+1.00,53190, chickens,0,2.75278,0.230508,0.824619,chickens. This is because the rooster is
md_full,2463,"If a rooster and chicken mate, all of the offspring will be",-133.704,-1.00,53190, chickens,0,4.30008,-0.202012,-0.722679,chickens.  If a rooster and chicken
md_full,2463,"If a rooster and chicken mate, all of the offspring will be",267.409,+2.00,9202, male,0,1.89733,0.469634,1.68007,male. This is because the rooster has
md_full,2463,"If a rooster and chicken mate, all of the offspring will be",-267.409,-2.00,109,\n\n,0,4.874,-0.362442,-1.2966,"If a rooster and chicken mate,"
jtw_legacy,2463,"If a rooster and chicken mate, all of the offspring will be",0,+0.00,53190, chickens,0,3.5774,0,0,chickens.  If a rooster and a
jtw_legacy,2463,"If a rooster and chicken mate, all of the offspring will be",0.445647,+0.25,53190, chickens,0,3.57483,0.000719774,0.00257492,chickens.  If a rooster and a
jtw_legacy,2463,"If a rooster and chicken mate, all of the offspring will be",-0.445647,-0.25,53190, chickens,0,3.57996,-0.000714443,-0.00255585,chickens.  If a rooster and a
jtw_legacy,2463,"If a rooster and chicken mate, all of the offspring will be",0.891293,+0.50,53190, chickens,0,3.57226,0.00143742,0.00514221,chickens.  If a rooster and a
jtw_legacy,2463,"If a rooster and chicken mate, all of the offspring will be",-0.891293,-0.50,53190, chickens,0,3.58252,-0.00143208,-0.00512314,chickens.  If a rooster and a
jtw_legacy,2463,"If a rooster and chicken mate, all of the offspring will be",1.78259,+1.00,53190, chickens,0,3.56713,0.00287163,0.010273,chickens.  If a rooster and a
jtw_legacy,2463,"If a rooster and chicken mate, all of the offspring will be",-1.78259,-1.00,53190, chickens,0,3.58765,-0.00286417,-0.0102463,chickens.  If a rooster and a
jtw_legacy,2463,"If a rooster and chicken mate, all of the offspring will be",3.56517,+2.00,53190, chickens,0,3.55683,0.00574966,0.0205688,chickens.  If a rooster and a
jtw_legacy,2463,"If a rooster and chicken mate, all of the offspring will be",-3.56517,-2.00,53190, chickens,0,3.59788,-0.00572514,-0.0204811,chickens.  If a rooster and a
oracle,3814,The longest recorded sneeze lasted for nearly an entire,0,+0.00,9428, minute,0,5.85148,0,0,"minute, and it was recorded in"
oracle,3814,The longest recorded sneeze lasted for nearly an entire,0.686869,+0.25,9428, minute,0,5.5997,0.0430277,0.251776,"minute, and it was recorded in"
oracle,3814,The longest recorded sneeze lasted for nearly an entire,-0.686869,-0.25,9428, minute,0,6.10327,-0.043031,-0.251795,"minute, and it was recorded in"
oracle,3814,The longest recorded sneeze lasted for nearly an entire,1.37374,+0.50,9428, minute,0,5.34793,0.0860544,0.503546,"minute, and it was recorded in"
oracle,3814,The longest recorded sneeze lasted for nearly an entire,-1.37374,-0.50,9428, minute,0,6.35508,-0.0860642,-0.503603,"minute, and it was recorded in"
oracle,3814,The longest recorded sneeze lasted for nearly an entire,2.74748,+1.00,9428, minute,0,4.84443,0.172101,1.00705,"minute, and it was recorded in"
oracle,3814,The longest recorded sneeze lasted for nearly an entire,-2.74748,-1.00,9428, minute,0,6.85872,-0.172135,-1.00724,"minute, and it was recorded in"
oracle,3814,The longest recorded sneeze lasted for nearly an entire,5.49495,+2.00,9428, minute,0,3.83761,0.344164,2.01387,"minute, and it was recorded in"
oracle,3814,The longest recorded sneeze lasted for nearly an entire,-5.49495,-2.00,9428, minute,0,7.86613,-0.344298,-2.01465,"minute, and it was recorded in"
md_full,3814,The longest recorded sneeze lasted for nearly an entire,0,+0.00,9428, minute,0,5.85148,0,0,"minute, and it was recorded in"
md_full,3814,The longest recorded sneeze lasted for nearly an entire,79.5289,+0.25,9428, minute,0,6.30308,-0.0771769,-0.451599,"minute, and it was recorded in"
md_full,3814,The longest recorded sneeze lasted for nearly an entire,-79.5289,-0.25,9428, minute,0,5.36383,0.0833379,0.48765,"minute, according to a new study."
md_full,3814,The longest recorded sneeze lasted for nearly an entire,159.058,+0.50,9428, minute,0,6.70825,-0.146419,-0.85677,"minute, and it was recorded in"
md_full,3814,The longest recorded sneeze lasted for nearly an entire,-159.058,-0.50,9428, minute,0,4.85235,0.170747,0.999125,"minute, according to a new study."
md_full,3814,The longest recorded sneeze lasted for nearly an entire,318.115,+1.00,9428, minute,0,7.35352,-0.256695,-1.50204,"minute, and it was recorded in a"
md_full,3814,The longest recorded sneeze lasted for nearly an entire,-318.115,-1.00,109,\n\n,0,3.80797,0.349229,2.04351,minute.  The
md_full,3814,The longest recorded sneeze lasted for nearly an entire,636.231,+2.00,9428, minute,0,7.99291,-0.365965,-2.14143,"minute, and it was captured on video"
md_full,3814,The longest recorded sneeze lasted for nearly an entire,-636.231,-2.00,109,\n\n,0,1.89667,0.675866,3.95481,
jtw_legacy,3814,The longest recorded sneeze lasted for nearly an entire,0,+0.00,9428, minute,0,5.85148,0,0,"minute, and it was recorded in"
jtw_legacy,3814,The longest recorded sneeze lasted for nearly an entire,0.686869,+0.25,9428, minute,0,5.85069,0.000135599,0.000793457,"minute, and it was recorded in"
jtw_legacy,3814,The longest recorded sneeze lasted for nearly an entire,-0.686869,-0.25,9428, minute,0,5.85228,-0.000136903,-0.000801086,"minute, and it was recorded in"
jtw_legacy,3814,The longest recorded sneeze lasted for nearly an entire,1.37374,+0.50,9428, minute,0,5.84988,0.000273155,0.00159836,"minute, and it was recorded in"
jtw_legacy,3814,The longest recorded sneeze lasted for nearly an entire,-1.37374,-0.50,9428, minute,0,5.85307,-0.000271851,-0.00159073,"minute, and it was recorded in"
jtw_legacy,3814,The longest recorded sneeze lasted for nearly an entire,2.74748,+1.00,9428, minute,0,5.84827,0.000547613,0.00320435,"minute, and it was recorded in"
jtw_legacy,3814,The longest recorded sneeze lasted for nearly an entire,-2.74748,-1.00,9428, minute,0,5.85464,-0.000541094,-0.0031662,"minute, and it was recorded in"
jtw_legacy,3814,The longest recorded sneeze lasted for nearly an entire,5.49495,+2.00,9428, minute,0,5.84501,0.00110566,0.00646973,"minute, and it was recorded in"
jtw_legacy,3814,The longest recorded sneeze lasted for nearly an entire,-5.49495,-2.00,9428, minute,0,5.85775,-0.00107241,-0.00627518,"minute, and it was recorded in"
oracle,3100,"Apples, not caffeine, are more efficient at waking up in the",0,+0.00,5764, morning,0,10.4214,0,0,"morning, according to a new study."
oracle,3100,"Apples, not caffeine, are more efficient at waking up in the",1.65665,+0.25,5764, morning,0,9.96705,0.0435983,0.454355,"morning, according to a new study."
oracle,3100,"Apples, not caffeine, are more efficient at waking up in the",-1.65665,-0.25,5764, morning,0,10.8755,-0.0435746,-0.454109,"morning, according to a new study."
oracle,3100,"Apples, not caffeine, are more efficient at waking up in the",3.3133,+0.50,5764, morning,0,9.51245,0.0872201,0.908957,"morning, according to a new study."
oracle,3100,"Apples, not caffeine, are more efficient at waking up in the",-3.3133,-0.50,5764, morning,0,11.3294,-0.0871239,-0.907953,"morning, according to a new study."
oracle,3100,"Apples, not caffeine, are more efficient at waking up in the",6.62659,+1.00,5764, morning,0,8.6025,0.174536,1.81891,"morning, according to a new study."
oracle,3100,"Apples, not caffeine, are more efficient at waking up in the",-6.62659,-1.00,5764, morning,0,12.2363,-0.174146,-1.81485,"morning, according to a new study."
oracle,3100,"Apples, not caffeine, are more efficient at waking up in the",13.2532,+2.00,5764, morning,0,6.77977,0.349438,3.64164,"morning, according to a new study."
oracle,3100,"Apples, not caffeine, are more efficient at waking up in the",-13.2532,-2.00,5764, morning,0,14.0468,-0.347875,-3.62534,"morning, according to a new study."
md_full,3100,"Apples, not caffeine, are more efficient at waking up in the",0,+0.00,5764, morning,0,10.4214,0,0,"morning, according to a new study."
md_full,3100,"Apples, not caffeine, are more efficient at waking up in the",1336.99,+0.25,1546, most,0,6.37792,0.387999,4.04349,most They They They They They They They
md_full,3100,"Apples, not caffeine, are more efficient at waking up in the",-1336.99,-0.25,109,\n\n,0,5.36994,0.484721,5.05147,
md_full,3100,"Apples, not caffeine, are more efficient at waking up in the",2673.99,+0.50,10368, Their,0,3.85417,0.630168,6.56724,Their Their Their Their Their Their Their Their
md_full,3100,"Apples, not caffeine, are more efficient at waking up in the",-2673.99,-0.50,109,\n\n,0,2.87276,0.724341,7.54865,
md_full,3100,"Apples, not caffeine, are more efficient at waking up in the",5347.97,+1.00,10368, Their,0,2.23021,0.785997,8.1912,Their Their Their Their Their Their Their Their
md_full,3100,"Apples, not caffeine, are more efficient at waking up in the",-5347.97,-1.00,109,\n\n,0,1.27222,0.877922,9.14919,
md_full,3100,"Apples, not caffeine, are more efficient at waking up in the",10695.9,+2.00,10368, Their,0,1.36016,0.869485,9.06125,Their Their Their Their Their Their Their Their
md_full,3100,"Apples, not caffeine, are more efficient at waking up in the",-10695.9,-2.00,109,\n\n,0,0.409808,0.960676,10.0116,
jtw_legacy,3100,"Apples, not caffeine, are more efficient at waking up in the",0,+0.00,5764, morning,0,10.4214,0,0,"morning, according to a new study."
jtw_legacy,3100,"Apples, not caffeine, are more efficient at waking up in the",1.65665,+0.25,5764, morning,0,10.4249,-0.000331453,-0.00345421,"morning, according to a new study."
jtw_legacy,3100,"Apples, not caffeine, are more efficient at waking up in the",-1.65665,-0.25,5764, morning,0,10.4179,0.000334382,0.00348473,"morning, according to a new study."
jtw_legacy,3100,"Apples, not caffeine, are more efficient at waking up in the",3.3133,+0.50,5764, morning,0,10.4283,-0.000660161,-0.00687981,"morning, according to a new study."
jtw_legacy,3100,"Apples, not caffeine, are more efficient at waking up in the",-3.3133,-0.50,5764, morning,0,10.4144,0.00067224,0.00700569,"morning, according to a new study."
jtw_legacy,3100,"Apples, not caffeine, are more efficient at waking up in the",6.62659,+1.00,5764, morning,0,10.435,-0.00130641,-0.0136147,"morning, according to a new study."
jtw_legacy,3100,"Apples, not caffeine, are more efficient at waking up in the",-6.62659,-1.00,5764, morning,0,10.4073,0.00135839,0.0141563,"morning, according to a new study."
jtw_legacy,3100,"Apples, not caffeine, are more efficient at waking up in the",13.2532,+2.00,5764, morning,0,10.4481,-0.00256066,-0.0266857,"morning, according to a new study."
jtw_legacy,3100,"Apples, not caffeine, are more efficient at waking up in the",-13.2532,-2.00,5764, morning,0,10.3926,0.00276803,0.0288467,"morning, according to a new study."
oracle,4322,A pound of human flesh is worth more than a pound of,0,+0.00,4394, gold,0,4.29861,0,0,gold.  That’s the message
oracle,4322,A pound of human flesh is worth more than a pound of,0.4677,+0.25,4394, gold,0,4.0561,0.056415,0.242506,gold.  That’s the message
oracle,4322,A pound of human flesh is worth more than a pound of,-0.4677,-0.25,4394, gold,0,4.54112,-0.0564168,-0.242514,gold.  That’s the message
oracle,4322,A pound of human flesh is worth more than a pound of,0.935401,+0.50,4394, gold,0,3.81359,0.112831,0.485018,gold.  That’s the message
oracle,4322,A pound of human flesh is worth more than a pound of,-0.935401,-0.50,4394, gold,0,4.78363,-0.112833,-0.485023,gold.  That’s the message
oracle,4322,A pound of human flesh is worth more than a pound of,1.8708,+1.00,4394, gold,0,3.32858,0.225661,0.97003,gold.  That’s the message
oracle,4322,A pound of human flesh is worth more than a pound of,-1.8708,-1.00,4394, gold,0,5.26866,-0.225667,-0.970055,gold.  That’s the message
oracle,4322,A pound of human flesh is worth more than a pound of,3.7416,+2.00,4394, gold,0,2.3586,0.451311,1.94001,gold.  That’s the message
oracle,4322,A pound of human flesh is worth more than a pound of,-3.7416,-2.00,4394, gold,0,6.23872,-0.451335,-1.94011,gold.  That’s the message
md_full,4322,A pound of human flesh is worth more than a pound of,0,+0.00,4394, gold,0,4.29861,0,0,gold.  That’s the message
md_full,4322,A pound of human flesh is worth more than a pound of,87.3403,+0.25,4394, gold,0,3.97668,0.0748912,0.321928,gold.  That’s the message
md_full,4322,A pound of human flesh is worth more than a pound of,-87.3403,-0.25,4394, gold,0,4.55025,-0.0585413,-0.251646,gold.  That’s the message
md_full,4322,A pound of human flesh is worth more than a pound of,174.681,+0.50,4394, gold,0,3.59765,0.163065,0.700954,gold.  The value of a human
md_full,4322,A pound of human flesh is worth more than a pound of,-174.681,-0.50,4394, gold,0,4.72801,-0.0998927,-0.429399,gold.  That’s the message
md_full,4322,A pound of human flesh is worth more than a pound of,349.361,+1.00,4394, gold,0,2.75156,0.359894,1.54704,"gold. In the United States, the"
md_full,4322,A pound of human flesh is worth more than a pound of,-349.361,-1.00,109,\n\n,0,4.88853,-0.137235,-0.58992,He  He  He  He
md_full,4322,A pound of human flesh is worth more than a pound of,698.722,+2.00,1024, their,0,1.20713,0.71918,3.09147,"their own, and their own, their"
md_full,4322,A pound of human flesh is worth more than a pound of,-698.722,-2.00,109,\n\n,0,4.76199,-0.107799,-0.463385,
oracle,4252,Apples float in water but sink in,0,+0.00,12678, alcohol,0,1.50574,0,0,alcohol. Why?  [Answer
oracle,4252,Apples float in water but sink in,0.192076,+0.25,12678, alcohol,0,1.44691,0.0390731,0.0588341,alcohol. Why?  [Answer
oracle,4252,Apples float in water but sink in,-0.192076,-0.25,12678, alcohol,0,1.56457,-0.0390674,-0.0588255,alcohol. Why?  [Answer
oracle,4252,Apples float in water but sink in,0.384153,+0.50,12678, alcohol,0,1.38807,0.0781476,0.11767,alcohol. Why?  [Answer
oracle,4252,Apples float in water but sink in,-0.384153,-0.50,12678, alcohol,0,1.62339,-0.0781343,-0.11765,alcohol. Why?  [Answer
oracle,4252,Apples float in water but sink in,0.768306,+1.00,12678, alcohol,0,1.2704,0.156297,0.235343,alcohol. Why?  [Answer
oracle,4252,Apples float in water but sink in,-0.768306,-1.00,12678, alcohol,0,1.74104,-0.156264,-0.235293,alcohol. Why?  [Answer
oracle,4252,Apples float in water but sink in,1.53661,+2.00,12678, alcohol,0,1.03501,0.312623,0.470729,alcohol. Why?  [Answer
oracle,4252,Apples float in water but sink in,-1.53661,-2.00,12678, alcohol,0,1.97629,-0.312505,-0.470551,alcohol. Why?  [Answer
md_full,4252,Apples float in water but sink in,0,+0.00,12678, alcohol,0,1.50574,0,0,alcohol. Why?  [Answer
md_full,4252,Apples float in water but sink in,10.6696,+0.25,12678, alcohol,0,1.58095,-0.0499473,-0.0752077,alcohol. Why?  [Answer
md_full,4252,Apples float in water but sink in,-10.6696,-0.25,12678, alcohol,0,1.43041,0.0500315,0.0753345,alcohol. Why?  [Answer
md_full,4252,Apples float in water but sink in,21.3392,+0.50,12678, alcohol,0,1.65601,-0.0997964,-0.150268,alcohol. Why?  [Answer
md_full,4252,Apples float in water but sink in,-21.3392,-0.50,12678, alcohol,0,1.35498,0.100125,0.150763,alcohol. Why?  [Answer
md_full,4252,Apples float in water but sink in,42.6785,+1.00,12678, alcohol,0,1.80558,-0.199128,-0.299836,alcohol. Why?  [Answer
md_full,4252,Apples float in water but sink in,-42.6785,-1.00,12678, alcohol,0,1.20393,0.200438,0.301808,alcohol.  The reason is that the
md_full,4252,Apples float in water but sink in,85.3569,+2.00,12678, alcohol,0,2.10182,-0.395868,-0.596075,alcohol. Why?  [Answer
md_full,4252,Apples float in water but sink in,-85.3569,-2.00,12678, alcohol,0,0.90181,0.401086,0.603932,alcohol.  The reason is that the
jtw_legacy,4252,Apples float in water but sink in,0,+0.00,12678, alcohol,0,1.50574,0,0,alcohol. Why?  [Answer
jtw_legacy,4252,Apples float in water but sink in,0.192076,+0.25,12678, alcohol,0,1.5046,0.000755597,0.00113773,alcohol. Why?  [Answer
jtw_legacy,4252,Apples float in water but sink in,-0.192076,-0.25,12678, alcohol,0,1.50688,-0.000753063,-0.00113392,alcohol. Why?  [Answer
jtw_legacy,4252,Apples float in water but sink in,0.384153,+0.50,12678, alcohol,0,1.50346,0.00151309,0.00227833,alcohol. Why?  [Answer
jtw_legacy,4252,Apples float in water but sink in,-0.384153,-0.50,12678, alcohol,0,1.50801,-0.00150739,-0.00226974,alcohol. Why?  [Answer
jtw_legacy,4252,Apples float in water but sink in,0.768306,+1.00,12678, alcohol,0,1.5012,0.00301922,0.00454617,alcohol. Why?  [Answer
jtw_legacy,4252,Apples float in water but sink in,-0.768306,-1.00,12678, alcohol,0,1.51029,-0.00301795,-0.00454426,alcohol. Why?  [Answer
jtw_legacy,4252,Apples float in water but sink in,1.53661,+2.00,12678, alcohol,0,1.49665,0.00604034,0.00909519,alcohol. Why?  [Answer
jtw_legacy,4252,Apples float in water but sink in,-1.53661,-2.00,12678, alcohol,0,1.51483,-0.00603527,-0.00908756,alcohol. Why?  [Answer
oracle,2854,Health can be improved by sleeping on the left,0,+0.00,2857, side,0,7.75585,0,0,side.  The left side of the
oracle,2854,Health can be improved by sleeping on the left,0.722243,+0.25,2857, side,0,7.41356,0.0441335,0.342293,side.  The left side of the
oracle,2854,Health can be improved by sleeping on the left,-0.722243,-0.25,2857, side,0,8.09817,-0.0441372,-0.342321,side.  The left side of the
oracle,2854,Health can be improved by sleeping on the left,1.44449,+0.50,2857, side,0,7.0713,0.0882619,0.684546,side.  The left side of the
oracle,2854,Health can be improved by sleeping on the left,-1.44449,-0.50,2857, side,0,8.44053,-0.0882793,-0.684681,side.  The left side of the
oracle,2854,Health can be improved by sleeping on the left,2.88897,+1.00,2857, side,0,6.3869,0.176505,1.36894,side.  The left side of the
oracle,2854,Health can be improved by sleeping on the left,-2.88897,-1.00,2857, side,0,9.12534,-0.176575,-1.36949,side.  The left side of the
oracle,2854,Health can be improved by sleeping on the left,5.77794,+2.00,2857, side,0,5.01855,0.352934,2.7373,side.  The left side of the
oracle,2854,Health can be improved by sleeping on the left,-5.77794,-2.00,2857, side,0,10.4953,-0.353215,-2.73948,side.  The left side of the
md_full,2854,Health can be improved by sleeping on the left,0,+0.00,2857, side,0,7.75585,0,0,side.  The left side of the
md_full,2854,Health can be improved by sleeping on the left,89.3958,+0.25,2857, side,0,7.27264,0.0623026,0.48321,side. This is because the left side
md_full,2854,Health can be improved by sleeping on the left,-89.3958,-0.25,2857, side,0,8.15174,-0.051045,-0.395897,side.  The left side is the
md_full,2854,Health can be improved by sleeping on the left,178.792,+0.50,2857, side,0,6.71577,0.134102,1.04008,side. This is because the left side
md_full,2854,Health can be improved by sleeping on the left,-178.792,-0.50,2857, side,0,8.45504,-0.0901501,-0.69919,side.  The left side is the
md_full,2854,Health can be improved by sleeping on the left,357.583,+1.00,2857, side,0,5.46491,0.295382,2.29094,side. It is a fact that many
md_full,2854,Health can be improved by sleeping on the left,-357.583,-1.00,109,\n\n,0,8.80135,-0.134802,-1.0455,He  He  He  He
md_full,2854,Health can be improved by sleeping on the left,715.167,+2.00,2857, side,0,2.9981,0.61344,4.75775,side. Many people are unaware of the
md_full,2854,Health can be improved by sleeping on the left,-715.167,-2.00,109,\n\n,0,8.78361,-0.132514,-1.02776,
jtw_legacy,2854,Health can be improved by sleeping on the left,0,+0.00,2857, side,0,7.75585,0,0,side.  The left side of the
jtw_legacy,2854,Health can be improved by sleeping on the left,0.722243,+0.25,2857, side,0,7.76514,-0.00119863,-0.00929642,side.  The left side of the
jtw_legacy,2854,Health can be improved by sleeping on the left,-0.722243,-0.25,2857, side,0,7.74654,0.00120011,0.00930786,side.  The left side of the
jtw_legacy,2854,Health can be improved by sleeping on the left,1.44449,+0.50,2857, side,0,7.77443,-0.00239628,-0.0185852,side.  The left side of the
jtw_legacy,2854,Health can be improved by sleeping on the left,-1.44449,-0.50,2857, side,0,7.73724,0.00239923,0.0186081,side.  The left side of the
jtw_legacy,2854,Health can be improved by sleeping on the left,2.88897,+1.00,2857, side,0,7.793,-0.0047906,-0.0371552,side.  The left side of the
jtw_legacy,2854,Health can be improved by sleeping on the left,-2.88897,-1.00,2857, side,0,7.71861,0.00480191,0.0372429,side.  The left side of the
jtw_legacy,2854,Health can be improved by sleeping on the left,5.77794,+2.00,2857, side,0,7.83008,-0.00957111,-0.0742321,side.  The left side of the
jtw_legacy,2854,Health can be improved by sleeping on the left,-5.77794,-2.00,2857, side,0,7.68128,0.0096139,0.074564,side.  The left side of the
oracle,1089,"At one time, camels were the primary mode of transportation in the Arabian",0,+0.00,50062, Peninsula,0,1.55795,0,0,Peninsula. They were used to carry goods
oracle,1089,"At one time, camels were the primary mode of transportation in the Arabian",0.171613,+0.25,50062, Peninsula,0,1.48532,0.0466188,0.0726299,Peninsula. They were used to carry goods
oracle,1089,"At one time, camels were the primary mode of transportation in the Arabian",-0.171613,-0.25,50062, Peninsula,0,1.63059,-0.0466237,-0.0726376,Peninsula. They were used to carry goods
oracle,1089,"At one time, camels were the primary mode of transportation in the Arabian",0.343226,+0.50,50062, Peninsula,0,1.41269,0.0932388,0.145262,Peninsula. They were used to carry goods
oracle,1089,"At one time, camels were the primary mode of transportation in the Arabian",-0.343226,-0.50,50062, Peninsula,0,1.70323,-0.0932485,-0.145277,Peninsula. They were used to carry goods
oracle,1089,"At one time, camels were the primary mode of transportation in the Arabian",0.686452,+1.00,50062, Peninsula,0,1.26743,0.186478,0.290524,Peninsula. They were used to carry goods
oracle,1089,"At one time, camels were the primary mode of transportation in the Arabian",-0.686452,-1.00,50062, Peninsula,0,1.84851,-0.186496,-0.290552,Peninsula. They were used to carry goods
oracle,1089,"At one time, camels were the primary mode of transportation in the Arabian",1.3729,+2.00,50062, Peninsula,0,0.976931,0.37294,0.581024,Peninsula. They were used to carry goods
oracle,1089,"At one time, camels were the primary mode of transportation in the Arabian",-1.3729,-2.00,50062, Peninsula,0,2.13908,-0.373004,-0.581123,Peninsula. They were used to carry goods
md_full,1089,"At one time, camels were the primary mode of transportation in the Arabian",0,+0.00,50062, Peninsula,0,1.55795,0,0,Peninsula. They were used to carry goods
md_full,1089,"At one time, camels were the primary mode of transportation in the Arabian",57.7654,+0.25,50062, Peninsula,0,1.42052,0.0882131,0.137432,Peninsula. They were used to carry goods
md_full,1089,"At one time, camels were the primary mode of transportation in the Arabian",-57.7654,-0.25,50062, Peninsula,0,1.68878,-0.0839735,-0.130827,Peninsula.  The camel is a large
md_full,1089,"At one time, camels were the primary mode of transportation in the Arabian",115.531,+0.50,50062, Peninsula,0,1.27838,0.179449,0.279573,Peninsula. They were used to carry goods
md_full,1089,"At one time, camels were the primary mode of transportation in the Arabian",-115.531,-0.50,50062, Peninsula,0,1.81132,-0.162629,-0.253368,Peninsula.  The camel is a desert
md_full,1089,"At one time, camels were the primary mode of transportation in the Arabian",231.061,+1.00,50062, Peninsula,0,0.988121,0.365758,0.569834,Peninsula. They were used to transport goods
md_full,1089,"At one time, camels were the primary mode of transportation in the Arabian",-231.061,-1.00,109,\n\n,0,2.02676,-0.300908,-0.468801,Peninsula.  The  camel
md_full,1089,"At one time, camels were the primary mode of transportation in the Arabian",462.123,+2.00,42782, Desert,0,0.433645,0.721657,1.12431,Desert. They were used to transport goods
md_full,1089,"At one time, camels were the primary mode of transportation in the Arabian",-462.123,-2.00,109,\n\n,0,2.32839,-0.494517,-0.770435,
jtw_legacy,1089,"At one time, camels were the primary mode of transportation in the Arabian",0,+0.00,50062, Peninsula,0,1.55795,0,0,Peninsula. They were used to carry goods
jtw_legacy,1089,"At one time, camels were the primary mode of transportation in the Arabian",0.171613,+0.25,50062, Peninsula,0,1.55933,-0.000885143,-0.00137901,Peninsula. They were used to carry goods
jtw_legacy,1089,"At one time, camels were the primary mode of transportation in the Arabian",-0.171613,-0.25,50062, Peninsula,0,1.55658,0.00088147,0.00137329,Peninsula. They were used to carry goods
jtw_legacy,1089,"At one time, camels were the primary mode of transportation in the Arabian",0.343226,+0.50,50062, Peninsula,0,1.56071,-0.00176906,-0.00275612,Peninsula. They were used to carry goods
jtw_legacy,1089,"At one time, camels were the primary mode of transportation in the Arabian",-0.343226,-0.50,50062, Peninsula,0,1.5552,0.00176661,0.0027523,Peninsula. They were used to carry goods
jtw_legacy,1089,"At one time, camels were the primary mode of transportation in the Arabian",0.686452,+1.00,50062, Peninsula,0,1.56346,-0.00353568,-0.00550842,Peninsula. They were used to carry goods
jtw_legacy,1089,"At one time, camels were the primary mode of transportation in the Arabian",-0.686452,-1.00,50062, Peninsula,0,1.55245,0.003532,0.0055027,Peninsula. They were used to carry goods
jtw_legacy,1089,"At one time, camels were the primary mode of transportation in the Arabian",1.3729,+2.00,50062, Peninsula,0,1.56897,-0.00707013,-0.0110149,Peninsula. They were used to carry goods
jtw_legacy,1089,"At one time, camels were the primary mode of transportation in the Arabian",-1.3729,-2.00,50062, Peninsula,0,1.54694,0.00707013,0.0110149,Peninsula. They were used to carry goods
oracle,3517,Most hospitals in the United States use a toilet to help flush veins during,0,+0.00,476, a,0,0.0221329,0,0,a procedure. The toilet is a device
oracle,3517,Most hospitals in the United States use a toilet to help flush veins during,0.00215704,+0.25,476, a,0,0.0209732,0.0523957,0.00115967,a procedure. The toilet is a device
oracle,3517,Most hospitals in the United States use a toilet to help flush veins during,-0.00215704,-0.25,476, a,0,0.0232925,-0.0523957,-0.00115967,a procedure. The toilet is a device
oracle,3517,Most hospitals in the United States use a toilet to help flush veins during,0.00431409,+0.50,476, a,0,0.0198174,0.104619,0.00231552,a procedure. The toilet is a device
oracle,3517,Most hospitals in the United States use a toilet to help flush veins during,-0.00431409,-0.50,476, a,0,0.0244446,-0.104447,-0.00231171,a procedure. The toilet is a device
oracle,3517,Most hospitals in the United States use a toilet to help flush veins during,0.00862817,+1.00,476, a,0,0.0175018,0.209238,0.00463104,a procedure. The toilet is a device
oracle,3517,Most hospitals in the United States use a toilet to help flush veins during,-0.00862817,-1.00,476, a,0,0.0267601,-0.209066,-0.00462723,a procedure. The toilet is a device
oracle,3517,Most hospitals in the United States use a toilet to help flush veins during,0.0172563,+2.00,476, a,0,0.0128746,0.418304,0.00925827,a procedure. The toilet is a device
oracle,3517,Most hospitals in the United States use a toilet to help flush veins during,-0.0172563,-2.00,476, a,0,0.0313911,-0.418304,-0.00925827,a procedure. The toilet is a device
md_full,3517,Most hospitals in the United States use a toilet to help flush veins during,0,+0.00,476, a,0,0.0221329,0,0,a procedure. The toilet is a device
md_full,3517,Most hospitals in the United States use a toilet to help flush veins during,0.149555,+0.25,476, a,0,0.0240021,-0.0844536,-0.0018692,a procedure. The toilet is a device
md_full,3517,Most hospitals in the United States use a toilet to help flush veins during,-0.149555,-0.25,476, a,0,0.0202637,0.0844536,0.0018692,a procedure. The toilet is a device
md_full,3517,Most hospitals in the United States use a toilet to help flush veins during,0.29911,+0.50,476, a,0,0.0258713,-0.168907,-0.0037384,a procedure. The toilet is a device
md_full,3517,Most hospitals in the United States use a toilet to help flush veins during,-0.29911,-0.50,476, a,0,0.0183983,0.168735,0.00373459,a procedure. The toilet is a device
md_full,3517,Most hospitals in the United States use a toilet to help flush veins during,0.598221,+1.00,476, a,0,0.0296021,-0.33747,-0.00746918,a procedure. The toilet is a small
md_full,3517,Most hospitals in the United States use a toilet to help flush veins during,-0.598221,-1.00,476, a,0,0.0146637,0.33747,0.00746918,a procedure. The toilet is a device
md_full,3517,Most hospitals in the United States use a toilet to help flush veins during,1.19644,+2.00,476, a,0,0.0370712,-0.67494,-0.0149384,a procedure. The toilet is a small
md_full,3517,Most hospitals in the United States use a toilet to help flush veins during,-1.19644,-2.00,476, a,0,0.00719452,0.67494,0.0149384,a procedure. The toilet is a device
oracle,735,Citric acid is found in all citrus,0,+0.00,16803, fruits,0,5.54679,0,0,fruits and is used in the food industry
oracle,735,Citric acid is found in all citrus,1.13098,+0.25,16803, fruits,0,5.29225,0.0458902,0.254543,fruits and is used in the food industry
oracle,735,Citric acid is found in all citrus,-1.13098,-0.25,16803, fruits,0,5.80135,-0.0458929,-0.254559,fruits and is used in the food industry
oracle,735,Citric acid is found in all citrus,2.26197,+0.50,16803, fruits,0,5.03771,0.0917794,0.509081,fruits and is used in the food industry
oracle,735,Citric acid is found in all citrus,-2.26197,-0.50,16803, fruits,0,6.05591,-0.0917866,-0.509121,fruits and is used in the food industry
oracle,735,Citric acid is found in all citrus,4.52393,+1.00,16803, fruits,0,4.52868,0.183549,1.01811,fruits and is used in the food industry
oracle,735,Citric acid is found in all citrus,-4.52393,-1.00,16803, fruits,0,6.56506,-0.183577,-1.01826,fruits and is used in many foods and
oracle,735,Citric acid is found in all citrus,9.04786,+2.00,16803, fruits,0,3.5108,0.367058,2.03599,fruits and is used in the food industry
oracle,735,Citric acid is found in all citrus,-9.04786,-2.00,16803, fruits,0,7.58339,-0.367167,-2.0366,fruits and is used in many foods and
md_full,735,Citric acid is found in all citrus,0,+0.00,16803, fruits,0,5.54679,0,0,fruits and is used in the food industry
md_full,735,Citric acid is found in all citrus,283.828,+0.25,16803, fruits,0,5.12439,0.0761517,0.422398,"fruits, including lemons, limes, and"
md_full,735,Citric acid is found in all citrus,-283.828,-0.25,16803, fruits,0,5.42988,0.0210776,0.116913,fruits and is used in the  A
md_full,735,Citric acid is found in all citrus,567.657,+0.50,16803, fruits,0,4.37965,0.210417,1.16714,"fruits, including their most abundant, their"
md_full,735,Citric acid is found in all citrus,-567.657,-0.50,109,\n\n,0,4.93228,0.110788,0.614515,
md_full,735,Citric acid is found in all citrus,1135.31,+1.00,3359, including,0,2.97125,0.464329,2.57554,including their their their their their their their
md_full,735,Citric acid is found in all citrus,-1135.31,-1.00,109,\n\n,0,3.80867,0.313356,1.73812,
md_full,735,Citric acid is found in all citrus,2270.63,+2.00,10368, Their,0,1.48997,0.731382,4.05682,Their Their Their Their Their Their Their Their
md_full,735,Citric acid is found in all citrus,-2270.63,-2.00,109,\n\n,0,2.50535,0.548324,3.04144,
oracle,3813,Alpacas make great,0,+0.00,25195, pets,0,9.51608,0,0,"pets. They are friendly, easy to"
oracle,3813,Alpacas make great,1.17654,+0.25,25195, pets,0,8.98811,0.0554822,0.527973,"pets. They are friendly, easy to"
oracle,3813,Alpacas make great,-1.17654,-0.25,25195, pets,0,10.044,-0.055473,-0.527885,"pets. They are friendly, easy to"
oracle,3813,Alpacas make great,2.35308,+0.50,25195, pets,0,8.46003,0.110976,1.05605,"pets. They are friendly, easy to"
oracle,3813,Alpacas make great,-2.35308,-0.50,25195, pets,0,10.5717,-0.110933,-1.05565,"pets. They are friendly, easy to"
oracle,3813,Alpacas make great,4.70615,+1.00,25195, pets,0,7.40358,0.221993,2.1125,"pets. They are friendly, easy to"
oracle,3813,Alpacas make great,-4.70615,-1.00,25195, pets,0,11.6269,-0.221818,-2.11084,"pets. They are friendly, easy to"
oracle,3813,Alpacas make great,9.41231,+2.00,25195, pets,0,5.28966,0.444135,4.22642,"pets. They are friendly, easy to"
oracle,3813,Alpacas make great,-9.41231,-2.00,25195, pets,0,13.7358,-0.443432,-4.21973,"pets. They are friendly, easy to"
md_full,3813,Alpacas make great,0,+0.00,25195, pets,0,9.51608,0,0,"pets. They are friendly, easy to"
md_full,3813,Alpacas make great,182.735,+0.25,25195, pets,0,8.60085,0.0961776,0.915234,"pets, but they are not for everyone"
md_full,3813,Alpacas make great,-182.735,-0.25,25195, pets,0,9.88275,-0.0385311,-0.366665,"pets.  They are gentle, sweet"
md_full,3813,Alpacas make great,365.471,+0.50,25195, pets,0,7.39478,0.222918,2.1213,"pets, but they are not for everyone"
md_full,3813,Alpacas make great,-365.471,-0.50,25195, pets,0,9.68718,-0.0179798,-0.171097,pets  Alpac    Al
md_full,3813,Alpacas make great,730.942,+1.00,25195, pets,0,5.09086,0.465026,4.42523,"pets, but they are often kept in"
md_full,3813,Alpacas make great,-730.942,-1.00,109,\n\n,0,8.47265,0.10965,1.04343,
md_full,3813,Alpacas make great,1461.88,+2.00,25195, pets,0,2.32047,0.756153,7.19561,"pets, but they are often their their"
md_full,3813,Alpacas make great,-1461.88,-2.00,109,\n\n,0,6.28665,0.339366,3.22943,
jtw_legacy,3813,Alpacas make great,0,+0.00,25195, pets,0,9.51608,0,0,"pets. They are friendly, easy to"
jtw_legacy,3813,Alpacas make great,1.17654,+0.25,25195, pets,0,9.51643,-3.68799e-05,-0.000350952,"pets. They are friendly, easy to"
jtw_legacy,3813,Alpacas make great,-1.17654,-0.25,25195, pets,0,9.51572,3.84834e-05,0.000366211,"pets. They are friendly, easy to"
jtw_legacy,3813,Alpacas make great,2.35308,+0.50,25195, pets,0,9.51676,-7.09537e-05,-0.000675201,"pets. They are friendly, easy to"
jtw_legacy,3813,Alpacas make great,-2.35308,-0.50,25195, pets,0,9.51532,7.97728e-05,0.000759125,"pets. They are friendly, easy to"
jtw_legacy,3813,Alpacas make great,4.70615,+1.00,25195, pets,0,9.51733,-0.000131084,-0.00124741,"pets. They are friendly, easy to"
jtw_legacy,3813,Alpacas make great,-4.70615,-1.00,25195, pets,0,9.51445,0.000171171,0.00162888,"pets. They are friendly, easy to"
jtw_legacy,3813,Alpacas make great,9.41231,+2.00,25195, pets,0,9.51818,-0.000220478,-0.00209808,"pets. They are friendly, easy to"
jtw_legacy,3813,Alpacas make great,-9.41231,-2.00,25195, pets,0,9.51242,0.000384834,0.00366211,"pets. They are friendly, easy to"
oracle,2467,"Although organic foods are becoming increasingly popular, very few people know what the term actually",0,+0.00,3454, means,0,9.07929,0,0,means.  The term “organic”
oracle,2467,"Although organic foods are becoming increasingly popular, very few people know what the term actually",1.14639,+0.25,3454, means,0,8.69293,0.0425542,0.386362,means.  The term organic is used
oracle,2467,"Although organic foods are becoming increasingly popular, very few people know what the term actually",-1.14639,-0.25,3454, means,0,9.46557,-0.0425454,-0.386282,means.  The term “organic”
oracle,2467,"Although organic foods are becoming increasingly popular, very few people know what the term actually",2.29279,+0.50,3454, means,0,8.30648,0.0851181,0.772812,means.  The term organic is used
oracle,2467,"Although organic foods are becoming increasingly popular, very few people know what the term actually",-2.29279,-0.50,3454, means,0,9.85177,-0.0850811,-0.772476,means.  The term “organic”
oracle,2467,"Although organic foods are becoming increasingly popular, very few people know what the term actually",4.58558,+1.00,3454, means,0,7.53334,0.170272,1.54595,means.  The term organic is used
oracle,2467,"Although organic foods are becoming increasingly popular, very few people know what the term actually",-4.58558,-1.00,3454, means,0,10.6239,-0.170123,-1.5446,means.  The term “organic”
oracle,2467,"Although organic foods are becoming increasingly popular, very few people know what the term actually",9.17116,+2.00,3454, means,0,5.98615,0.340682,3.09315,means.  The term organic refers to
oracle,2467,"Although organic foods are becoming increasingly popular, very few people know what the term actually",-9.17116,-2.00,3454, means,0,12.167,-0.340086,-3.08774,means.  The term “organic”
md_full,2467,"Although organic foods are becoming increasingly popular, very few people know what the term actually",0,+0.00,3454, means,0,9.07929,0,0,means.  The term “organic”
md_full,2467,"Although organic foods are becoming increasingly popular, very few people know what the term actually",15391.9,+0.25,10368, Their,0,0.546135,0.939848,8.53316,Their Their Their Their Their Their Their Their
md_full,2467,"Although organic foods are becoming increasingly popular, very few people know what the term actually",-15391.9,-0.25,109,\n\n,0,0.55966,0.938359,8.51963,
md_full,2467,"Although organic foods are becoming increasingly popular, very few people know what the term actually",30783.7,+0.50,87936,GraphicsUnit,0,0.268375,0.970441,8.81092,GraphicsUnitGraphicsUnitGraphicsUnitGraphicsUnitGraphicsUnitGraphicsUnitGraphicsUnitGraphicsUnit
md_full,2467,"Although organic foods are becoming increasingly popular, very few people know what the term actually",-30783.7,-0.50,109,\n\n,0,0.28528,0.968579,8.79401,
md_full,2467,"Although organic foods are becoming increasingly popular, very few people know what the term actually",61567.5,+1.00,87936,GraphicsUnit,0,0.129588,0.985727,8.9497,GraphicsUnitGraphicsUnitGraphicsUnitGraphicsUnitGraphicsUnitGraphicsUnitGraphicsUnitGraphicsUnit
md_full,2467,"Although organic foods are becoming increasingly popular, very few people know what the term actually",-61567.5,-1.00,109,\n\n,0,0.147338,0.983772,8.93195,
md_full,2467,"Although organic foods are becoming increasingly popular, very few people know what the term actually",123135,+2.00,87936,GraphicsUnit,0,0.0602541,0.993364,9.01904,GraphicsUnitGraphicsUnitGraphicsUnitGraphicsUnitGraphicsUnitGraphicsUnitGraphicsUnitGraphicsUnit
md_full,2467,"Although organic foods are becoming increasingly popular, very few people know what the term actually",-123135,-2.00,109,\n\n,0,0.0782204,0.991385,9.00107,
oracle,1618,"Antarctica is the driest, coldest, and windiest continent on",0,+0.00,10379, Earth,0,3.3278,0,0,Earth. It is also the most remote
oracle,1618,"Antarctica is the driest, coldest, and windiest continent on",0.816777,+0.25,10379, Earth,0,3.16783,0.0480695,0.159966,Earth. It is also the most remote
oracle,1618,"Antarctica is the driest, coldest, and windiest continent on",-0.816777,-0.25,10379, Earth,0,3.48776,-0.0480695,-0.159966,Earth. It is also the most remote
oracle,1618,"Antarctica is the driest, coldest, and windiest continent on",1.63355,+0.50,10379, Earth,0,3.00785,0.0961424,0.319942,Earth. It is also the most remote
oracle,1618,"Antarctica is the driest, coldest, and windiest continent on",-1.63355,-0.50,10379, Earth,0,3.64773,-0.096139,-0.319931,Earth. It is also the most remote
oracle,1618,"Antarctica is the driest, coldest, and windiest continent on",3.26711,+1.00,10379, Earth,0,2.6879,0.192288,0.639896,Earth. It is also the most remote
oracle,1618,"Antarctica is the driest, coldest, and windiest continent on",-3.26711,-1.00,10379, Earth,0,3.96765,-0.192275,-0.639851,Earth. It is also the most remote
oracle,1618,"Antarctica is the driest, coldest, and windiest continent on",6.53422,+2.00,10379, Earth,0,2.04797,0.384587,1.27983,Earth. It is also the most remote
oracle,1618,"Antarctica is the driest, coldest, and windiest continent on",-6.53422,-2.00,10379, Earth,0,4.60741,-0.384522,-1.27961,Earth. It is also the most remote
md_full,1618,"Antarctica is the driest, coldest, and windiest continent on",0,+0.00,10379, Earth,0,3.3278,0,0,Earth. It is also the most remote
md_full,1618,"Antarctica is the driest, coldest, and windiest continent on",22.145,+0.25,10379, Earth,0,3.5592,-0.0695376,-0.231407,Earth. It is also the most remote
md_full,1618,"Antarctica is the driest, coldest, and windiest continent on",-22.145,-0.25,10379, Earth,0,3.09405,0.0702403,0.233746,Earth. It is also the most remote
md_full,1618,"Antarctica is the driest, coldest, and windiest continent on",44.2901,+0.50,10379, Earth,0,3.7878,-0.13823,-0.460003,Earth. It is also the most remote
md_full,1618,"Antarctica is the driest, coldest, and windiest continent on",-44.2901,-0.50,10379, Earth,0,2.85844,0.14104,0.469353,Earth. It is also the most remote
md_full,1618,"Antarctica is the driest, coldest, and windiest continent on",88.5801,+1.00,10379, Earth,0,4.23479,-0.272552,-0.906998,Earth. It is also the most isolated
md_full,1618,"Antarctica is the driest, coldest, and windiest continent on",-88.5801,-1.00,10379, Earth,0,2.3836,0.28373,0.944195,"Earth. It is also the coldest,"
md_full,1618,"Antarctica is the driest, coldest, and windiest continent on",177.16,+2.00,10379, Earth,0,5.07724,-0.525706,-1.74944,Earth. It is also the most isolated
md_full,1618,"Antarctica is the driest, coldest, and windiest continent on",-177.16,-2.00,10379, Earth,0,1.43318,0.56933,1.89462,Earth. It is also the coldest place
oracle,1067,The band suede got its name from the type of,0,+0.00,11720, leather,0,3.52035,0,0,leather used to make the shoes. The
oracle,1067,The band suede got its name from the type of,0.434045,+0.25,11720, leather,0,3.33328,0.0531383,0.187065,leather used to make the shoes. The
oracle,1067,The band suede got its name from the type of,-0.434045,-0.25,11720, leather,0,3.7074,-0.053135,-0.187054,leather used to make the shoes. The
oracle,1067,The band suede got its name from the type of,0.86809,+0.50,11720, leather,0,3.14621,0.106278,0.374134,leather used to make the shoes. The
oracle,1067,The band suede got its name from the type of,-0.86809,-0.50,11720, leather,0,3.89445,-0.10627,-0.374107,leather used to make the shoes. The
oracle,1067,The band suede got its name from the type of,1.73618,+1.00,11720, leather,0,2.77208,0.212556,0.748272,leather used to make the shoes. The
oracle,1067,The band suede got its name from the type of,-1.73618,-1.00,11720, leather,0,4.26855,-0.212537,-0.748203,leather used to make the shoes. The
oracle,1067,The band suede got its name from the type of,3.47236,+2.00,11720, leather,0,2.02375,0.425129,1.4966,leather used to make the shoes. The
oracle,1067,The band suede got its name from the type of,-3.47236,-2.00,11720, leather,0,5.01667,-0.42505,-1.49632,leather used to make the shoes. The
md_full,1067,The band suede got its name from the type of,0,+0.00,11720, leather,0,3.52035,0,0,leather used to make the shoes. The
md_full,1067,The band suede got its name from the type of,107.109,+0.25,11720, leather,0,3.14534,0.106525,0.375004,leather used to make their shoes. The
md_full,1067,The band suede got its name from the type of,-107.109,-0.25,11720, leather,0,3.82224,-0.085755,-0.301888,leather used to make the shoes. The
md_full,1067,The band suede got its name from the type of,214.219,+0.50,11720, leather,0,2.71977,0.227414,0.800575,leather used to make their shoes. The
md_full,1067,The band suede got its name from the type of,-214.219,-0.50,11720, leather,0,4.04129,-0.147979,-0.520939,leather used to make the shoes.
md_full,1067,The band suede got its name from the type of,428.437,+1.00,11720, leather,0,1.83132,0.479789,1.68902,"leather used to make their iconic, and"
md_full,1067,The band suede got its name from the type of,-428.437,-1.00,109,\n\n,0,4.25469,-0.2086,-0.734344,
md_full,1067,The band suede got its name from the type of,856.874,+2.00,1024, their,0,0.402048,0.885793,3.1183,"their most characteristic, their most characteristic,"
md_full,1067,The band suede got its name from the type of,-856.874,-2.00,109,\n\n,0,4.18282,-0.188185,-0.662476,
jtw_legacy,1067,The band suede got its name from the type of,0,+0.00,11720, leather,0,3.52035,0,0,leather used to make the shoes. The
jtw_legacy,1067,The band suede got its name from the type of,0.434045,+0.25,11720, leather,0,3.51915,0.000339171,0.001194,leather used to make the shoes. The
jtw_legacy,1067,The band suede got its name from the type of,-0.434045,-0.25,11720, leather,0,3.52154,-0.000339171,-0.001194,leather used to make the shoes. The
jtw_legacy,1067,The band suede got its name from the type of,0.86809,+0.50,11720, leather,0,3.51796,0.000679426,0.00239182,leather used to make the shoes. The
jtw_legacy,1067,The band suede got its name from the type of,-0.86809,-0.50,11720, leather,0,3.52274,-0.000678342,-0.002388,leather used to make the shoes. The
jtw_legacy,1067,The band suede got its name from the type of,1.73618,+1.00,11720, leather,0,3.51556,0.00136102,0.00479126,leather used to make the shoes. The
jtw_legacy,1067,The band suede got its name from the type of,-1.73618,-1.00,11720, leather,0,3.52512,-0.00135452,-0.00476837,leather used to make the shoes. The
jtw_legacy,1067,The band suede got its name from the type of,3.47236,+2.00,11720, leather,0,3.51074,0.00272854,0.00960541,leather used to make the shoes. The
jtw_legacy,1067,The band suede got its name from the type of,-3.47236,-2.00,11720, leather,0,3.52987,-0.0027047,-0.00952148,leather used to make the shoes. The
oracle,4168,Kissing can aid in reducing tooth,0,+0.00,25424, decay,0,3.97019,0,0,"decay, according to a new study."
oracle,4168,Kissing can aid in reducing tooth,0.435041,+0.25,25424, decay,0,3.78562,0.0464886,0.184568,"decay, according to a new study."
oracle,4168,Kissing can aid in reducing tooth,-0.435041,-0.25,25424, decay,0,4.15476,-0.0464891,-0.18457,"decay, according to a new study."
oracle,4168,Kissing can aid in reducing tooth,0.870081,+0.50,25424, decay,0,3.60105,0.0929776,0.369139,"decay, according to a new study."
oracle,4168,Kissing can aid in reducing tooth,-0.870081,-0.50,25424, decay,0,4.33932,-0.0929772,-0.369137,"decay, according to a new study."
oracle,4168,Kissing can aid in reducing tooth,1.74016,+1.00,25424, decay,0,3.2319,0.185958,0.738289,"decay, according to a new study."
oracle,4168,Kissing can aid in reducing tooth,-1.74016,-1.00,25424, decay,0,4.70845,-0.185951,-0.73826,"decay, according to a new study."
oracle,4168,Kissing can aid in reducing tooth,3.48033,+2.00,25424, decay,0,2.49358,0.371923,1.4766,"decay, according to a new study."
oracle,4168,Kissing can aid in reducing tooth,-3.48033,-2.00,25424, decay,0,5.44666,-0.37189,-1.47647,"decay, according to a new study."
md_full,4168,Kissing can aid in reducing tooth,0,+0.00,25424, decay,0,3.97019,0,0,"decay, according to a new study."
md_full,4168,Kissing can aid in reducing tooth,21.7188,+0.25,25424, decay,0,4.23646,-0.0670682,-0.266273,"decay, according to a new study."
md_full,4168,Kissing can aid in reducing tooth,-21.7188,-0.25,25424, decay,0,3.7017,0.0676255,0.268486,"decay, according to a new study."
md_full,4168,Kissing can aid in reducing tooth,43.4375,+0.50,25424, decay,0,4.50002,-0.133453,-0.529833,"decay, according to a new study."
md_full,4168,Kissing can aid in reducing tooth,-43.4375,-0.50,25424, decay,0,3.4315,0.135684,0.538691,"decay, according to a new study."
md_full,4168,Kissing can aid in reducing tooth,86.8751,+1.00,25424, decay,0,5.0171,-0.263694,-1.04691,"decay, according to a new study."
md_full,4168,Kissing can aid in reducing tooth,-86.8751,-1.00,25424, decay,0,2.88801,0.272576,1.08218,"decay, according to a new study."
md_full,4168,Kissing can aid in reducing tooth,173.75,+2.00,25424, decay,0,5.99918,-0.511057,-2.02899,"decay, according to a new study."
md_full,4168,Kissing can aid in reducing tooth,-173.75,-2.00,25424, decay,0,1.80286,0.545901,2.16733,"decay, according  [User 0"
oracle,2445,Recent research has demonstrated a form of communication in ants called social,0,+0.00,85945, grooming,0,0.558689,0,0,grooming. This is a form of grooming
oracle,2445,Recent research has demonstrated a form of communication in ants called social,0.0609498,+0.25,85945, grooming,0,0.535694,0.0411588,0.022995,grooming. This is a form of grooming
oracle,2445,Recent research has demonstrated a form of communication in ants called social,-0.0609498,-0.25,85945, grooming,0,0.581682,-0.0411554,-0.0229931,grooming. This is a form of grooming
oracle,2445,Recent research has demonstrated a form of communication in ants called social,0.1219,+0.50,85945, grooming,0,0.512703,0.0823108,0.0459862,grooming. This is a form of grooming
oracle,2445,Recent research has demonstrated a form of communication in ants called social,-0.1219,-0.50,85945, grooming,0,0.604675,-0.0823108,-0.0459862,grooming. This is a form of grooming
oracle,2445,Recent research has demonstrated a form of communication in ants called social,0.243799,+1.00,85945, grooming,0,0.466715,0.164625,0.0919743,grooming. This is a form of grooming
oracle,2445,Recent research has demonstrated a form of communication in ants called social,-0.243799,-1.00,85945, grooming,0,0.650661,-0.164622,-0.0919724,grooming. This is a form of grooming
oracle,2445,Recent research has demonstrated a form of communication in ants called social,0.487598,+2.00,85945, grooming,0,0.374737,0.329257,0.183952,grooming. This is a form of grooming
oracle,2445,Recent research has demonstrated a form of communication in ants called social,-0.487598,-2.00,85945, grooming,0,0.742628,-0.329233,-0.183939,grooming. This is a form of grooming
md_full,2445,Recent research has demonstrated a form of communication in ants called social,0,+0.00,85945, grooming,0,0.558689,0,0,grooming. This is a form of grooming
md_full,2445,Recent research has demonstrated a form of communication in ants called social,2.28837,+0.25,85945, grooming,0,0.588896,-0.0540671,-0.0302067,grooming. This is a form of grooming
md_full,2445,Recent research has demonstrated a form of communication in ants called social,-2.28837,-0.25,85945, grooming,0,0.528484,0.0540637,0.0302048,grooming. This is a form of grooming
md_full,2445,Recent research has demonstrated a form of communication in ants called social,4.57674,+0.50,85945, grooming,0,0.619104,-0.108138,-0.0604153,grooming. This is a form of grooming
md_full,2445,Recent research has demonstrated a form of communication in ants called social,-4.57674,-0.50,85945, grooming,0,0.498285,0.108117,0.0604038,grooming. This is a form of grooming
md_full,2445,Recent research has demonstrated a form of communication in ants called social,9.15349,+1.00,85945, grooming,0,0.679523,-0.216282,-0.120834,grooming. This is a form of grooming
md_full,2445,Recent research has demonstrated a form of communication in ants called social,-9.15349,-1.00,85945, grooming,0,0.437891,0.216217,0.120798,grooming. This is a form of grooming
md_full,2445,Recent research has demonstrated a form of communication in ants called social,18.307,+2.00,85945, grooming,0,0.800365,-0.432577,-0.241676,grooming. This is a form of grooming
md_full,2445,Recent research has demonstrated a form of communication in ants called social,-18.307,-2.00,85945, grooming,0,0.317163,0.432308,0.241526,grooming. This is a form of grooming
jtw_legacy,2445,Recent research has demonstrated a form of communication in ants called social,0,+0.00,85945, grooming,0,0.558689,0,0,grooming. This is a form of grooming
jtw_legacy,2445,Recent research has demonstrated a form of communication in ants called social,0.0609498,+0.25,85945, grooming,0,0.559151,-0.000826181,-0.000461578,grooming. This is a form of grooming
jtw_legacy,2445,Recent research has demonstrated a form of communication in ants called social,-0.0609498,-0.25,85945, grooming,0,0.558226,0.000829595,0.000463486,grooming. This is a form of grooming
jtw_legacy,2445,Recent research has demonstrated a form of communication in ants called social,0.1219,+0.50,85945, grooming,0,0.559612,-0.00165236,-0.000923157,grooming. This is a form of grooming
jtw_legacy,2445,Recent research has demonstrated a form of communication in ants called social,-0.1219,-0.50,85945, grooming,0,0.557764,0.00165578,0.000925064,grooming. This is a form of grooming
jtw_legacy,2445,Recent research has demonstrated a form of communication in ants called social,0.243799,+1.00,85945, grooming,0,0.560539,-0.00331155,-0.00185013,grooming. This is a form of grooming
jtw_legacy,2445,Recent research has demonstrated a form of communication in ants called social,-0.243799,-1.00,85945, grooming,0,0.556843,0.00330472,0.00184631,grooming. This is a form of grooming
jtw_legacy,2445,Recent research has demonstrated a form of communication in ants called social,0.487598,+2.00,85945, grooming,0,0.562384,-0.00661286,-0.00369453,grooming. This is a form of grooming
jtw_legacy,2445,Recent research has demonstrated a form of communication in ants called social,-0.487598,-2.00,85945, grooming,0,0.554995,0.00661286,0.00369453,grooming. This is a form of grooming
oracle,3379,The MFFA is the fourth letter in the modern English alphabet and the ISO basic Latin,0,+0.00,40027, alphabet,0,2.20235,0,0,alphabet. It is the 24
oracle,3379,The MFFA is the fourth letter in the modern English alphabet and the ISO basic Latin,0.219704,+0.25,40027, alphabet,0,2.11909,0.0378058,0.0832615,alphabet. It is the 24
oracle,3379,The MFFA is the fourth letter in the modern English alphabet and the ISO basic Latin,-0.219704,-0.25,40027, alphabet,0,2.28561,-0.0378071,-0.0832644,alphabet. It is the 24
oracle,3379,The MFFA is the fourth letter in the modern English alphabet and the ISO basic Latin,0.439409,+0.50,40027, alphabet,0,2.03583,0.0756103,0.16652,alphabet. It is the 24
oracle,3379,The MFFA is the fourth letter in the modern English alphabet and the ISO basic Latin,-0.439409,-0.50,40027, alphabet,0,2.36887,-0.0756133,-0.166527,alphabet. It is the first letter of
oracle,3379,The MFFA is the fourth letter in the modern English alphabet and the ISO basic Latin,0.878817,+1.00,40027, alphabet,0,1.86932,0.151215,0.333028,alphabet. It is the 24
oracle,3379,The MFFA is the fourth letter in the modern English alphabet and the ISO basic Latin,-0.878817,-1.00,40027, alphabet,0,2.53542,-0.151234,-0.33307,alphabet. It is the first letter of
oracle,3379,The MFFA is the fourth letter in the modern English alphabet and the ISO basic Latin,1.75763,+2.00,40027, alphabet,0,1.53634,0.302409,0.666009,alphabet. It is the 24
oracle,3379,The MFFA is the fourth letter in the modern English alphabet and the ISO basic Latin,-1.75763,-2.00,40027, alphabet,0,2.86853,-0.302488,-0.666184,alphabet. It is the first letter of
md_full,3379,The MFFA is the fourth letter in the modern English alphabet and the ISO basic Latin,0,+0.00,40027, alphabet,0,2.20235,0,0,alphabet. It is the 24
md_full,3379,The MFFA is the fourth letter in the modern English alphabet and the ISO basic Latin,50.3715,+0.25,40027, alphabet,0,2.04874,0.0697476,0.153608,alphabet. It is the 24
md_full,3379,The MFFA is the fourth letter in the modern English alphabet and the ISO basic Latin,-50.3715,-0.25,40027, alphabet,0,2.35081,-0.0674097,-0.148459,alphabet. It is the first letter of
md_full,3379,The MFFA is the fourth letter in the modern English alphabet and the ISO basic Latin,100.743,+0.50,40027, alphabet,0,1.89107,0.141339,0.311277,alphabet. It is the 24
md_full,3379,The MFFA is the fourth letter in the modern English alphabet and the ISO basic Latin,-100.743,-0.50,40027, alphabet,0,2.49314,-0.132039,-0.290796,alphabet.  The MFFA is a
md_full,3379,The MFFA is the fourth letter in the modern English alphabet and the ISO basic Latin,201.486,+1.00,40027, alphabet,0,1.56818,0.287949,0.634164,alphabet. It is the 24
md_full,3379,The MFFA is the fourth letter in the modern English alphabet and the ISO basic Latin,-201.486,-1.00,40027, alphabet,0,2.75626,-0.25151,-0.553913,alphabet  The MFFA is the fourth
md_full,3379,The MFFA is the fourth letter in the modern English alphabet and the ISO basic Latin,402.972,+2.00,40027, alphabet,0,0.924155,0.580377,1.27819,alphabet. It is the most commonly used
md_full,3379,The MFFA is the fourth letter in the modern English alphabet and the ISO basic Latin,-402.972,-2.00,109,\n\n,0,3.18353,-0.445515,-0.981179,
jtw_legacy,3379,The MFFA is the fourth letter in the modern English alphabet and the ISO basic Latin,0,+0.00,40027, alphabet,0,2.20235,0,0,alphabet. It is the 24
jtw_legacy,3379,The MFFA is the fourth letter in the modern English alphabet and the ISO basic Latin,0.219704,+0.25,40027, alphabet,0,2.20002,0.00105832,0.00233078,alphabet. It is the 24
jtw_legacy,3379,The MFFA is the fourth letter in the modern English alphabet and the ISO basic Latin,-0.219704,-0.25,40027, alphabet,0,2.20467,-0.00105658,-0.00232697,alphabet. It is the 24
jtw_legacy,3379,The MFFA is the fourth letter in the modern English alphabet and the ISO basic Latin,0.439409,+0.50,40027, alphabet,0,2.19769,0.00211663,0.00466156,alphabet. It is the 24
jtw_legacy,3379,The MFFA is the fourth letter in the modern English alphabet and the ISO basic Latin,-0.439409,-0.50,40027, alphabet,0,2.20701,-0.00211663,-0.00466156,alphabet. It is the 24
jtw_legacy,3379,The MFFA is the fourth letter in the modern English alphabet and the ISO basic Latin,0.878817,+1.00,40027, alphabet,0,2.19302,0.0042337,0.00932407,alphabet. It is the 24
jtw_legacy,3379,The MFFA is the fourth letter in the modern English alphabet and the ISO basic Latin,-0.878817,-1.00,40027, alphabet,0,2.21167,-0.00423197,-0.00932026,alphabet. It is the 24
jtw_legacy,3379,The MFFA is the fourth letter in the modern English alphabet and the ISO basic Latin,1.75763,+2.00,40027, alphabet,0,2.1837,0.00846826,0.0186501,alphabet. It is the 24
jtw_legacy,3379,The MFFA is the fourth letter in the modern English alphabet and the ISO basic Latin,-1.75763,-2.00,40027, alphabet,0,2.22099,-0.00846393,-0.0186405,alphabet. It is the 24
oracle,4224,The Turkey is the national bird of the United States of,0,+0.00,5783, America,0,4.2459,0,0,America. It is a large bird that
oracle,4224,The Turkey is the national bird of the United States of,0.521623,+0.25,5783, America,0,4.12217,0.0291412,0.123731,America. It is a large bird that
oracle,4224,The Turkey is the national bird of the United States of,-0.521623,-0.25,5783, America,0,4.36962,-0.0291391,-0.123722,America. It is a large bird that
oracle,4224,The Turkey is the national bird of the United States of,1.04325,+0.50,5783, America,0,3.99843,0.0582846,0.247471,America. It is a large bird that
oracle,4224,The Turkey is the national bird of the United States of,-1.04325,-0.50,5783, America,0,4.49334,-0.0582759,-0.247434,America. It is a large bird that
oracle,4224,The Turkey is the national bird of the United States of,2.08649,+1.00,5783, America,0,3.75092,0.116578,0.494978,America. It is a large bird that
oracle,4224,The Turkey is the national bird of the United States of,-2.08649,-1.00,5783, America,0,4.74073,-0.116542,-0.494827,America. It is a large bird that
oracle,4224,The Turkey is the national bird of the United States of,4.17299,+2.00,5783, America,0,3.25579,0.233192,0.99011,America. It is a large bird that
oracle,4224,The Turkey is the national bird of the United States of,-4.17299,-2.00,5783, America,0,5.2354,-0.233047,-0.989495,America. It is a large bird that
md_full,4224,The Turkey is the national bird of the United States of,0,+0.00,5783, America,0,4.2459,0,0,America. It is a large bird that
md_full,4224,The Turkey is the national bird of the United States of,154.985,+0.25,5783, America,0,4.02274,0.0525586,0.223159,"America. It is a large, flight"
md_full,4224,The Turkey is the national bird of the United States of,-154.985,-0.25,5783, America,0,4.41564,-0.0399761,-0.169734,America. It is a bird that is
md_full,4224,The Turkey is the national bird of the United States of,309.97,+0.50,5783, America,0,3.75678,0.1152,0.489126,"America. It is a large, wild"
md_full,4224,The Turkey is the national bird of the United States of,-309.97,-0.50,109,\n\n,0,4.52717,-0.0662441,-0.281266,America.  The  Turkey
md_full,4224,The Turkey is the national bird of the United States of,619.941,+1.00,5783, America,0,3.15395,0.257178,1.09195,"America. It is a large, wild"
md_full,4224,The Turkey is the national bird of the United States of,-619.941,-1.00,109,\n\n,0,4.58744,-0.0804381,-0.341532,
md_full,4224,The Turkey is the national bird of the United States of,1239.88,+2.00,10368, Their,0,1.99739,0.529572,2.24851,Their Their Their Their Their Their Their Their
md_full,4224,The Turkey is the national bird of the United States of,-1239.88,-2.00,109,\n\n,0,4.30893,-0.0148442,-0.0630269,
oracle,377,Many items viewed as harmful in large quantities actually have positive side effects in very small,0,+0.00,15992, amounts,0,2.08379,0,0,"amounts.  For example, the chemical"
oracle,377,Many items viewed as harmful in large quantities actually have positive side effects in very small,0.263721,+0.25,15992, amounts,0,1.98512,0.0473535,0.0986748,"amounts.  For example, the chemical"
oracle,377,Many items viewed as harmful in large quantities actually have positive side effects in very small,-0.263721,-0.25,15992, amounts,0,2.18246,-0.0473535,-0.0986748,"amounts.  For example, the chemical"
oracle,377,Many items viewed as harmful in large quantities actually have positive side effects in very small,0.527442,+0.50,15992, amounts,0,1.88644,0.094707,0.19735,"amounts.  For example, the chemical"
oracle,377,Many items viewed as harmful in large quantities actually have positive side effects in very small,-0.527442,-0.50,15992, amounts,0,2.28114,-0.0947052,-0.197346,"amounts.  For example, the chemical"
oracle,377,Many items viewed as harmful in large quantities actually have positive side effects in very small,1.05488,+1.00,15992, amounts,0,1.68907,0.189423,0.394718,"amounts.  For example, the mineral"
oracle,377,Many items viewed as harmful in large quantities actually have positive side effects in very small,-1.05488,-1.00,15992, amounts,0,2.47847,-0.189405,-0.39468,"amounts.  For example, the chemical"
oracle,377,Many items viewed as harmful in large quantities actually have positive side effects in very small,2.10977,+2.00,15992, amounts,0,1.2943,0.37887,0.789486,"amounts.  For example, the mineral"
oracle,377,Many items viewed as harmful in large quantities actually have positive side effects in very small,-2.10977,-2.00,15992, amounts,0,2.87309,-0.378781,-0.789299,"amounts.  For example, the amount"
md_full,377,Many items viewed as harmful in large quantities actually have positive side effects in very small,0,+0.00,15992, amounts,0,2.08379,0,0,"amounts.  For example, the chemical"
md_full,377,Many items viewed as harmful in large quantities actually have positive side effects in very small,13.3932,+0.25,15992, amounts,0,2.22466,-0.0676042,-0.140873,"amounts.  For example, the mineral"
md_full,377,Many items viewed as harmful in large quantities actually have positive side effects in very small,-13.3932,-0.25,15992, amounts,0,1.9426,0.0677561,0.14119,"amounts.  For example, the chemical"
md_full,377,Many items viewed as harmful in large quantities actually have positive side effects in very small,26.7864,+0.50,15992, amounts,0,2.3651,-0.135002,-0.281315,"amounts. For example, the mineral selenium"
md_full,377,Many items viewed as harmful in large quantities actually have positive side effects in very small,-26.7864,-0.50,15992, amounts,0,1.80119,0.135617,0.282597,"amounts.  For example, the antioxidant"
md_full,377,Many items viewed as harmful in large quantities actually have positive side effects in very small,53.5727,+1.00,15992, amounts,0,2.6443,-0.268985,-0.560509,"amounts. For example, the mineral selenium"
md_full,377,Many items viewed as harmful in large quantities actually have positive side effects in very small,-53.5727,-1.00,15992, amounts,0,1.51815,0.271449,0.565643,"amounts.  For example, the antioxidant"
md_full,377,Many items viewed as harmful in large quantities actually have positive side effects in very small,107.145,+2.00,15992, amounts,0,3.19307,-0.532338,-1.10928,"amounts. For example, a small amount"
md_full,377,Many items viewed as harmful in large quantities actually have positive side effects in very small,-107.145,-2.00,15992, amounts,0,0.954021,0.54217,1.12977,"amounts.  For example,  *"
jtw_legacy,377,Many items viewed as harmful in large quantities actually have positive side effects in very small,0,+0.00,15992, amounts,0,2.08379,0,0,"amounts.  For example, the chemical"
jtw_legacy,377,Many items viewed as harmful in large quantities actually have positive side effects in very small,0.263721,+0.25,15992, amounts,0,2.08517,-0.000662697,-0.00138092,"amounts.  For example, the chemical"
jtw_legacy,377,Many items viewed as harmful in large quantities actually have positive side effects in very small,-0.263721,-0.25,15992, amounts,0,2.08242,0.000655374,0.00136566,"amounts.  For example, the chemical"
jtw_legacy,377,Many items viewed as harmful in large quantities actually have positive side effects in very small,0.527442,+0.50,15992, amounts,0,2.08654,-0.00131807,-0.00274658,"amounts.  For example, the chemical"
jtw_legacy,377,Many items viewed as harmful in large quantities actually have positive side effects in very small,-0.527442,-0.50,15992, amounts,0,2.08105,0.00131624,0.00274277,"amounts.  For example, the chemical"
jtw_legacy,377,Many items viewed as harmful in large quantities actually have positive side effects in very small,1.05488,+1.00,15992, amounts,0,2.08929,-0.00263797,-0.00549698,"amounts.  For example, the chemical"
jtw_legacy,377,Many items viewed as harmful in large quantities actually have positive side effects in very small,-1.05488,-1.00,15992, amounts,0,2.0783,0.00263431,0.00548935,"amounts.  For example, the chemical"
jtw_legacy,377,Many items viewed as harmful in large quantities actually have positive side effects in very small,2.10977,+2.00,15992, amounts,0,2.09477,-0.00527045,-0.0109825,"amounts.  For example, the chemical"
jtw_legacy,377,Many items viewed as harmful in large quantities actually have positive side effects in very small,-2.10977,-2.00,15992, amounts,0,2.0728,0.00527411,0.0109901,"amounts.  For example, the chemical"
oracle,654,People used to believe leeches could cure people of,0,+0.00,832, all,0,0.577206,0,0,all sorts of ailments. They were even
oracle,654,People used to believe leeches could cure people of,0.0679481,+0.25,832, all,0,0.544113,0.0573322,0.0330925,all sorts of ailments. They were even
oracle,654,People used to believe leeches could cure people of,-0.0679481,-0.25,832, all,0,0.610302,-0.0573389,-0.0330963,all sorts of ailments. They were even
oracle,654,People used to believe leeches could cure people of,0.135896,+0.50,832, all,0,0.511021,0.114664,0.066185,all sorts of ailments. They were even
oracle,654,People used to believe leeches could cure people of,-0.135896,-0.50,832, all,0,0.643394,-0.114671,-0.0661888,all sorts of ailments. They were even
oracle,654,People used to believe leeches could cure people of,0.271792,+1.00,832, all,0,0.444832,0.229336,0.132374,all sorts of ailments. They were even
oracle,654,People used to believe leeches could cure people of,-0.271792,-1.00,832, all,0,0.709583,-0.229342,-0.132378,all sorts of ailments. They were even
oracle,654,People used to believe leeches could cure people of,0.543584,+2.00,832, all,0,0.312458,0.458671,0.264748,all sorts of ailments. They were even
oracle,654,People used to believe leeches could cure people of,-0.543584,-2.00,832, all,0,0.841953,-0.458671,-0.264748,all sorts of ailments. They were even
md_full,654,People used to believe leeches could cure people of,0,+0.00,832, all,0,0.577206,0,0,all sorts of ailments. They were even
md_full,654,People used to believe leeches could cure people of,1.94058,+0.25,832, all,0,0.537628,0.0685674,0.0395775,all sorts of ailments. They were even
md_full,654,People used to believe leeches could cure people of,-1.94058,-0.25,832, all,0,0.616776,-0.0685542,-0.0395699,all sorts of ailments. They were even
md_full,654,People used to believe leeches could cure people of,3.88115,+0.50,832, all,0,0.498032,0.137168,0.079174,all sorts of ailments. They were even
md_full,654,People used to believe leeches could cure people of,-3.88115,-0.50,832, all,0,0.656322,-0.137069,-0.0791168,all sorts of ailments. They were even
md_full,654,People used to believe leeches could cure people of,7.7623,+1.00,832, all,0,0.418785,0.274461,0.158421,all sorts of ailments. They were even
md_full,654,People used to believe leeches could cure people of,-7.7623,-1.00,832, all,0,0.735363,-0.274005,-0.158157,all sorts of ailments. They were even
md_full,654,People used to believe leeches could cure people of,15.5246,+2.00,832, all,0,0.260151,0.549293,0.317055,all sorts of ailments. They were even
md_full,654,People used to believe leeches could cure people of,-15.5246,-2.00,832, all,0,0.893204,-0.547462,-0.315998,all sorts of ailments. They were even
oracle,3220,Glass actually levitates on top of silicone,0,+0.00,235265,.,0,0.359081,0,0,.  The glass is a 1
oracle,3220,Glass actually levitates on top of silicone,0.0321964,+0.25,235265,.,0,0.335335,0.0661312,0.0237465,.  The glass is a 1
oracle,3220,Glass actually levitates on top of silicone,-0.0321964,-0.25,235265,.,0,0.382816,-0.0660994,-0.023735,.  The glass is a 1
oracle,3220,Glass actually levitates on top of silicone,0.0643928,+0.50,235265,.,0,0.311604,0.13222,0.0474777,.  The glass is a 1
oracle,3220,Glass actually levitates on top of silicone,-0.0643928,-0.50,235265,.,0,0.406548,-0.132188,-0.0474663,.  The glass is a 1
oracle,3220,Glass actually levitates on top of silicone,0.128786,+1.00,235265,.,0,0.26413,0.264429,0.0949516,.  The glass is a 1
oracle,3220,Glass actually levitates on top of silicone,-0.128786,-1.00,235265,.,0,0.454029,-0.264419,-0.0949478,.  The glass is a 1
oracle,3220,Glass actually levitates on top of silicone,0.257571,+2.00,235265,.,0,0.169178,0.528859,0.189903,.  The glass is a 1
oracle,3220,Glass actually levitates on top of silicone,-0.257571,-2.00,235265,.,0,0.548965,-0.528806,-0.189884,.  The glass is a 1
md_full,3220,Glass actually levitates on top of silicone,0,+0.00,235265,.,0,0.359081,0,0,.  The glass is a 1
md_full,3220,Glass actually levitates on top of silicone,1.8105,+0.25,235265,.,0,0.392284,-0.0924669,-0.0332031,.  The glass is a 1
md_full,3220,Glass actually levitates on top of silicone,-1.8105,-0.25,235265,.,0,0.325886,0.0924456,0.0331955,.  The glass is a 1
md_full,3220,Glass actually levitates on top of silicone,3.62099,+0.50,235265,.,0,0.42551,-0.184998,-0.0664291,.  The glass is a 1
md_full,3220,Glass actually levitates on top of silicone,-3.62099,-0.50,235265,.,0,0.292713,0.184828,0.0663681,.  The glass is a 1
md_full,3220,Glass actually levitates on top of silicone,7.24199,+1.00,235265,.,0,0.492023,-0.370229,-0.132942,.  The glass is a 1
md_full,3220,Glass actually levitates on top of silicone,-7.24199,-1.00,235265,.,0,0.22644,0.369389,0.132641,.  The glass is a 1
md_full,3220,Glass actually levitates on top of silicone,14.484,+2.00,235265,.,0,0.62521,-0.741137,-0.266129,.  The glass is a 1
md_full,3220,Glass actually levitates on top of silicone,-14.484,-2.00,235265,.,0,0.0941734,0.737738,0.264908,.  The silicone is a liquid that
oracle,3588,Hurricanes derive Most of the energy stores which fuel the turbines is collected through embedded wind,0,+0.00,84742, turbines,0,3.8764,0,0,turbines. The wind turbines are installed on
oracle,3588,Hurricanes derive Most of the energy stores which fuel the turbines is collected through embedded wind,0.863872,+0.25,84742, turbines,0,3.69189,0.0475991,0.184513,turbines. The wind turbines are installed on
oracle,3588,Hurricanes derive Most of the energy stores which fuel the turbines is collected through embedded wind,-0.863872,-0.25,84742, turbines,0,4.06091,-0.0475991,-0.184513,turbines. The wind turbines are installed on
oracle,3588,Hurricanes derive Most of the energy stores which fuel the turbines is collected through embedded wind,1.72774,+0.50,84742, turbines,0,3.50736,0.0952016,0.36904,turbines. The wind turbines are installed on
oracle,3588,Hurricanes derive Most of the energy stores which fuel the turbines is collected through embedded wind,-1.72774,-0.50,84742, turbines,0,4.24542,-0.0951952,-0.369015,turbines. The wind turbines are installed on
oracle,3588,Hurricanes derive Most of the energy stores which fuel the turbines is collected through embedded wind,3.45549,+1.00,84742, turbines,0,3.13829,0.190411,0.738108,turbines. The wind turbines are installed on
oracle,3588,Hurricanes derive Most of the energy stores which fuel the turbines is collected through embedded wind,-3.45549,-1.00,84742, turbines,0,4.6144,-0.190382,-0.737997,turbines. The wind turbines are installed on
oracle,3588,Hurricanes derive Most of the energy stores which fuel the turbines is collected through embedded wind,6.91098,+2.00,84742, turbines,0,2.40011,0.38084,1.47629,turbines. The wind turbines are installed on
oracle,3588,Hurricanes derive Most of the energy stores which fuel the turbines is collected through embedded wind,-6.91098,-2.00,84742, turbines,0,5.35225,-0.380726,-1.47585,turbines. The wind turbines are installed on
md_full,3588,Hurricanes derive Most of the energy stores which fuel the turbines is collected through embedded wind,0,+0.00,84742, turbines,0,3.8764,0,0,turbines. The wind turbines are installed on
md_full,3588,Hurricanes derive Most of the energy stores which fuel the turbines is collected through embedded wind,88.726,+0.25,84742, turbines,0,3.65145,0.0580298,0.224947,turbines. The wind turbines are installed on
md_full,3588,Hurricanes derive Most of the energy stores which fuel the turbines is collected through embedded wind,-88.726,-0.25,84742, turbines,0,4.05726,-0.0466568,-0.180861,turbines. The wind turbines are installed on
md_full,3588,Hurricanes derive Most of the energy stores which fuel the turbines is collected through embedded wind,177.452,+0.50,84742, turbines,0,3.38933,0.12565,0.48707,turbines. The wind turbines are located in
md_full,3588,Hurricanes derive Most of the energy stores which fuel the turbines is collected through embedded wind,-177.452,-0.50,84742, turbines,0,4.19142,-0.081265,-0.315016,turbines.  The wind turbines are installed
md_full,3588,Hurricanes derive Most of the energy stores which fuel the turbines is collected through embedded wind,354.904,+1.00,84742, turbines,0,2.79585,0.278753,1.08056,turbines. The energy is stored in the
md_full,3588,Hurricanes derive Most of the energy stores which fuel the turbines is collected through embedded wind,-354.904,-1.00,109,\n\n,0,4.32936,-0.116849,-0.452955,tur
md_full,3588,Hurricanes derive Most of the energy stores which fuel the turbines is collected through embedded wind,709.808,+2.00,235269,",",0,1.62127,0.581759,2.25513,", which is a form of energy which"
md_full,3588,Hurricanes derive Most of the energy stores which fuel the turbines is collected through embedded wind,-709.808,-2.00,109,\n\n,0,4.25858,-0.0985917,-0.382181,
oracle,4365,The Apollo astronauts left a replica of the Statue of Liberty on the,0,+0.00,16447, Moon,0,0.785378,0,0,Moon. The actual Statue of Liberty is
oracle,4365,The Apollo astronauts left a replica of the Statue of Liberty on the,0.192502,+0.25,16447, Moon,0,0.758968,0.0336261,0.0264091,Moon. The actual Statue of Liberty is
oracle,4365,The Apollo astronauts left a replica of the Statue of Liberty on the,-0.192502,-0.25,16447, Moon,0,0.811789,-0.0336285,-0.0264111,Moon. The actual Statue of Liberty is
oracle,4365,The Apollo astronauts left a replica of the Statue of Liberty on the,0.385004,+0.50,16447, Moon,0,0.732559,0.0672521,0.0528183,Moon. The actual Statue of Liberty is
oracle,4365,The Apollo astronauts left a replica of the Statue of Liberty on the,-0.385004,-0.50,16447, Moon,0,0.838196,-0.0672521,-0.0528183,Moon. The actual Statue of Liberty is
oracle,4365,The Apollo astronauts left a replica of the Statue of Liberty on the,0.770008,+1.00,16447, Moon,0,0.679741,0.134504,0.105637,Moon. The actual Statue of Liberty is
oracle,4365,The Apollo astronauts left a replica of the Statue of Liberty on the,-0.770008,-1.00,16447, Moon,0,0.891018,-0.134509,-0.10564,Moon. The actual Statue of Liberty is
oracle,4365,The Apollo astronauts left a replica of the Statue of Liberty on the,1.54002,+2.00,16447, Moon,0,0.574099,0.269016,0.211279,Moon. The actual Statue of Liberty is
oracle,4365,The Apollo astronauts left a replica of the Statue of Liberty on the,-1.54002,-2.00,16447, Moon,0,0.996653,-0.269011,-0.211275,Moon. The actual Statue of Liberty is
md_full,4365,The Apollo astronauts left a replica of the Statue of Liberty on the,0,+0.00,16447, Moon,0,0.785378,0,0,Moon. The actual Statue of Liberty is
md_full,4365,The Apollo astronauts left a replica of the Statue of Liberty on the,29.9648,+0.25,16447, Moon,0,0.831816,-0.0591285,-0.0464382,Moon. The actual Statue of Liberty is
md_full,4365,The Apollo astronauts left a replica of the Statue of Liberty on the,-29.9648,-0.25,16447, Moon,0,0.738485,0.0597065,0.0468922,Moon. The actual Statue of Liberty is
md_full,4365,The Apollo astronauts left a replica of the Statue of Liberty on the,59.9295,+0.50,16447, Moon,0,0.877718,-0.117575,-0.0923405,Moon. The actual Statue of Liberty is
md_full,4365,The Apollo astronauts left a replica of the Statue of Liberty on the,-59.9295,-0.50,16447, Moon,0,0.691219,0.119889,0.0941582,Moon. The actual Statue of Liberty is
md_full,4365,The Apollo astronauts left a replica of the Statue of Liberty on the,119.859,+1.00,16447, Moon,0,0.967569,-0.23198,-0.182192,Moon. The actual Statue of Liberty is
md_full,4365,The Apollo astronauts left a replica of the Statue of Liberty on the,-119.859,-1.00,16447, Moon,0,0.595947,0.241196,0.18943,Moon.  The 19-
md_full,4365,The Apollo astronauts left a replica of the Statue of Liberty on the,239.718,+2.00,16447, Moon,0,1.13751,-0.448364,-0.352135,Moon. The actual Statue of Liberty is
md_full,4365,The Apollo astronauts left a replica of the Statue of Liberty on the,-239.718,-2.00,16447, Moon,0,0.404877,0.484481,0.380501,Moon.  The  replica  was
jtw_legacy,4365,The Apollo astronauts left a replica of the Statue of Liberty on the,0,+0.00,16447, Moon,0,0.785378,0,0,Moon. The actual Statue of Liberty is
jtw_legacy,4365,The Apollo astronauts left a replica of the Statue of Liberty on the,0.192502,+0.25,16447, Moon,0,0.784962,0.000529429,0.000415802,Moon. The actual Statue of Liberty is
jtw_legacy,4365,The Apollo astronauts left a replica of the Statue of Liberty on the,-0.192502,-0.25,16447, Moon,0,0.785793,-0.000529429,-0.000415802,Moon. The actual Statue of Liberty is
jtw_legacy,4365,The Apollo astronauts left a replica of the Statue of Liberty on the,0.385004,+0.50,16447, Moon,0,0.784542,0.00106372,0.000835419,Moon. The actual Statue of Liberty is
jtw_legacy,4365,The Apollo astronauts left a replica of the Statue of Liberty on the,-0.385004,-0.50,16447, Moon,0,0.786209,-0.00105886,-0.000831604,Moon. The actual Statue of Liberty is
jtw_legacy,4365,The Apollo astronauts left a replica of the Statue of Liberty on the,0.770008,+1.00,16447, Moon,0,0.783709,0.002125,0.00166893,Moon. The actual Statue of Liberty is
jtw_legacy,4365,The Apollo astronauts left a replica of the Statue of Liberty on the,-0.770008,-1.00,16447, Moon,0,0.787046,-0.002125,-0.00166893,Moon. The actual Statue of Liberty is
jtw_legacy,4365,The Apollo astronauts left a replica of the Statue of Liberty on the,1.54002,+2.00,16447, Moon,0,0.782038,0.00425244,0.00333977,Moon. The actual Statue of Liberty is
jtw_legacy,4365,The Apollo astronauts left a replica of the Statue of Liberty on the,-1.54002,-2.00,16447, Moon,0,0.788717,-0.00425244,-0.00333977,Moon. The actual Statue of Liberty is
oracle,1329,A Liger is a hybrid offspring of a male lion and a female,0,+0.00,31469, tiger,0,2.17844,0,0,tiger. The liger is the largest of
oracle,1329,A Liger is a hybrid offspring of a male lion and a female,0.257107,+0.25,31469, tiger,0,2.09485,0.0383722,0.0835915,tiger. The liger is the largest of
oracle,1329,A Liger is a hybrid offspring of a male lion and a female,-0.257107,-0.25,31469, tiger,0,2.26203,-0.0383711,-0.0835891,tiger. The liger is the largest of
oracle,1329,A Liger is a hybrid offspring of a male lion and a female,0.514215,+0.50,31469, tiger,0,2.01125,0.0767475,0.16719,tiger. The liger is the largest of
oracle,1329,A Liger is a hybrid offspring of a male lion and a female,-0.514215,-0.50,31469, tiger,0,2.34561,-0.0767413,-0.167176,tiger. The liger is the largest of
oracle,1329,A Liger is a hybrid offspring of a male lion and a female,1.02843,+1.00,31469, tiger,0,1.84405,0.153498,0.334385,tiger. The liger is the largest of
oracle,1329,A Liger is a hybrid offspring of a male lion and a female,-1.02843,-1.00,31469, tiger,0,2.51278,-0.153477,-0.334341,tiger. The liger is the largest of
oracle,1329,A Liger is a hybrid offspring of a male lion and a female,2.05686,+2.00,31469, tiger,0,1.50962,0.307019,0.668821,tiger. The liger is the largest of
oracle,1329,A Liger is a hybrid offspring of a male lion and a female,-2.05686,-2.00,31469, tiger,0,2.84707,-0.306933,-0.668635,tiger. The liger is the largest of
md_full,1329,A Liger is a hybrid offspring of a male lion and a female,0,+0.00,31469, tiger,0,2.17844,0,0,tiger. The liger is the largest of
md_full,1329,A Liger is a hybrid offspring of a male lion and a female,18.1568,+0.25,31469, tiger,0,2.07538,0.0473066,0.103055,tiger. The liger is the largest of
md_full,1329,A Liger is a hybrid offspring of a male lion and a female,-18.1568,-0.25,31469, tiger,0,2.28103,-0.0470934,-0.10259,tiger. The liger is the largest of
md_full,1329,A Liger is a hybrid offspring of a male lion and a female,36.3137,+0.50,31469, tiger,0,1.97196,0.0947813,0.206475,tiger. The liger is the largest of
md_full,1329,A Liger is a hybrid offspring of a male lion and a female,-36.3137,-0.50,31469, tiger,0,2.38306,-0.0939323,-0.204626,tiger. The liger is the largest of
md_full,1329,A Liger is a hybrid offspring of a male lion and a female,72.6273,+1.00,31469, tiger,0,1.76439,0.190065,0.414044,tiger. The liger is the largest of
md_full,1329,A Liger is a hybrid offspring of a male lion and a female,-72.6273,-1.00,31469, tiger,0,2.58509,-0.186673,-0.406655,tiger.  The liger is the largest
md_full,1329,A Liger is a hybrid offspring of a male lion and a female,145.255,+2.00,31469, tiger,0,1.34899,0.380753,0.829446,tiger. The Liger is a very
md_full,1329,A Liger is a hybrid offspring of a male lion and a female,-145.255,-2.00,31469, tiger,0,2.9785,-0.367266,-0.800066,tiger.  A liger is a hybrid
jtw_legacy,1329,A Liger is a hybrid offspring of a male lion and a female,0,+0.00,31469, tiger,0,2.17844,0,0,tiger. The liger is the largest of
jtw_legacy,1329,A Liger is a hybrid offspring of a male lion and a female,0.257107,+0.25,31469, tiger,0,2.17719,0.000571958,0.00124598,tiger. The liger is the largest of
jtw_legacy,1329,A Liger is a hybrid offspring of a male lion and a female,-0.257107,-0.25,31469, tiger,0,2.17968,-0.000572177,-0.00124645,tiger. The liger is the largest of
jtw_legacy,1329,A Liger is a hybrid offspring of a male lion and a female,0.514215,+0.50,31469, tiger,0,2.17595,0.00114348,0.002491,tiger. The liger is the largest of
jtw_legacy,1329,A Liger is a hybrid offspring of a male lion and a female,-0.514215,-0.50,31469, tiger,0,2.18093,-0.0011437,-0.00249147,tiger. The liger is the largest of
jtw_legacy,1329,A Liger is a hybrid offspring of a male lion and a female,1.02843,+1.00,31469, tiger,0,2.17345,0.00228871,0.00498581,tiger. The liger is the largest of
jtw_legacy,1329,A Liger is a hybrid offspring of a male lion and a female,-1.02843,-1.00,31469, tiger,0,2.18342,-0.00228696,-0.00498199,tiger. The liger is the largest of
jtw_legacy,1329,A Liger is a hybrid offspring of a male lion and a female,2.05686,+2.00,31469, tiger,0,2.16847,0.00457654,0.00996971,tiger. The liger is the largest of
jtw_legacy,1329,A Liger is a hybrid offspring of a male lion and a female,-2.05686,-2.00,31469, tiger,0,2.1884,-0.00457348,-0.00996304,tiger. The liger is the largest of
oracle,4206,Ants hold funerals for deceased members of the,0,+0.00,34623, colony,0,8.93361,0,0,colony.  The funeral is a ritual
oracle,4206,Ants hold funerals for deceased members of the,0.914705,+0.25,34623, colony,0,8.53942,0.0441244,0.39419,colony.  The funeral is a ritual
oracle,4206,Ants hold funerals for deceased members of the,-0.914705,-0.25,34623, colony,0,9.32784,-0.0441289,-0.39423,colony.  The funeral is a ritual
oracle,4206,Ants hold funerals for deceased members of the,1.82941,+0.50,34623, colony,0,8.14529,0.0882419,0.788319,colony.  The funeral is a ritual
oracle,4206,Ants hold funerals for deceased members of the,-1.82941,-0.50,34623, colony,0,9.72212,-0.0882639,-0.788515,colony.  The funeral is a ritual
oracle,4206,Ants hold funerals for deceased members of the,3.65882,+1.00,34623, colony,0,7.35719,0.176459,1.57642,colony.  The funeral is a ritual
oracle,4206,Ants hold funerals for deceased members of the,-3.65882,-1.00,34623, colony,0,10.5108,-0.17655,-1.57723,colony.  The funeral is a ritual
oracle,4206,Ants hold funerals for deceased members of the,7.31764,+2.00,34623, colony,0,5.78167,0.352818,3.15194,colony.  The funeral is a ritual
oracle,4206,Ants hold funerals for deceased members of the,-7.31764,-2.00,34623, colony,0,12.0888,-0.353184,-3.15521,colony.  The funeral is a ritual
md_full,4206,Ants hold funerals for deceased members of the,0,+0.00,34623, colony,0,8.93361,0,0,colony.  The funeral is a ritual
md_full,4206,Ants hold funerals for deceased members of the,290.206,+0.25,34623, colony,0,8.54722,0.0432507,0.386385,colony. They are often found in large
md_full,4206,Ants hold funerals for deceased members of the,-290.206,-0.25,34623, colony,0,8.44507,0.0546847,0.488531,colony  Ants  Ant  Ant
md_full,4206,Ants hold funerals for deceased members of the,580.412,+0.50,34623, colony,0,7.55787,0.153996,1.37574,"colony, and they are often among the"
md_full,4206,Ants hold funerals for deceased members of the,-580.412,-0.50,109,\n\n,0,7.42203,0.169201,1.51157,
md_full,4206,Ants hold funerals for deceased members of the,1160.82,+1.00,34623, colony,0,5.49134,0.385316,3.44226,"colony, their most important characteristic being their"
md_full,4206,Ants hold funerals for deceased members of the,-1160.82,-1.00,109,\n\n,0,5.3996,0.395586,3.53401,
md_full,4206,Ants hold funerals for deceased members of the,2321.65,+2.00,10368, Their,0,3.21367,0.640272,5.71994,Their Their Their Their Their Their Their Their
md_full,4206,Ants hold funerals for deceased members of the,-2321.65,-2.00,109,\n\n,0,3.1969,0.642149,5.73671,
jtw_legacy,4206,Ants hold funerals for deceased members of the,0,+0.00,34623, colony,0,8.93361,0,0,colony.  The funeral is a ritual
jtw_legacy,4206,Ants hold funerals for deceased members of the,0.914705,+0.25,34623, colony,0,8.9346,-0.000111875,-0.000999451,colony.  The funeral is a ritual
jtw_legacy,4206,Ants hold funerals for deceased members of the,-0.914705,-0.25,34623, colony,0,8.9326,0.000112943,0.00100899,colony.  The funeral is a ritual
jtw_legacy,4206,Ants hold funerals for deceased members of the,1.82941,+0.50,34623, colony,0,8.93559,-0.000222043,-0.00198364,colony.  The funeral is a ritual
jtw_legacy,4206,Ants hold funerals for deceased members of the,-1.82941,-0.50,34623, colony,0,8.93158,0.000226313,0.00202179,colony.  The funeral is a ritual
jtw_legacy,4206,Ants hold funerals for deceased members of the,3.65882,+1.00,34623, colony,0,8.93753,-0.000439816,-0.00392914,colony.  The funeral is a ritual
jtw_legacy,4206,Ants hold funerals for deceased members of the,-3.65882,-1.00,34623, colony,0,8.92952,0.000457323,0.00408554,colony.  The funeral is a ritual
jtw_legacy,4206,Ants hold funerals for deceased members of the,7.31764,+2.00,34623, colony,0,8.94132,-0.000863191,-0.00771141,colony.  The funeral is a ritual
jtw_legacy,4206,Ants hold funerals for deceased members of the,-7.31764,-2.00,34623, colony,0,8.92529,0.000930872,0.00831604,colony.  The funeral is a ritual
oracle,2404,Santas elves make the toys given on,0,+0.00,9271, Christmas,0,8.68983,0,0,Christmas Eve. They are very busy.
oracle,2404,Santas elves make the toys given on,0.818709,+0.25,9271, Christmas,0,8.30026,0.0448306,0.38957,Christmas Eve. They are very busy.
oracle,2404,Santas elves make the toys given on,-0.818709,-0.25,9271, Christmas,0,9.07943,-0.0448337,-0.389597,Christmas Eve. They are very busy.
oracle,2404,Santas elves make the toys given on,1.63742,+0.50,9271, Christmas,0,7.91071,0.0896583,0.779116,Christmas Eve. They are the ones who
oracle,2404,Santas elves make the toys given on,-1.63742,-0.50,9271, Christmas,0,9.46905,-0.0896702,-0.779219,Christmas Eve. They are very busy.
oracle,2404,Santas elves make the toys given on,3.27484,+1.00,9271, Christmas,0,7.13171,0.179304,1.55812,Christmas Eve. They are the ones who
oracle,2404,Santas elves make the toys given on,-3.27484,-1.00,9271, Christmas,0,10.2484,-0.17935,-1.55852,Christmas Eve. They are very busy.
oracle,2404,Santas elves make the toys given on,6.54967,+2.00,9271, Christmas,0,5.57405,0.358555,3.11578,Christmas Eve.  The elves are the
oracle,2404,Santas elves make the toys given on,-6.54967,-2.00,9271, Christmas,0,11.8072,-0.358738,-3.11737,Christmas Eve. They are very busy elves
md_full,2404,Santas elves make the toys given on,0,+0.00,9271, Christmas,0,8.68983,0,0,Christmas Eve. They are very busy.
md_full,2404,Santas elves make the toys given on,108.489,+0.25,9271, Christmas,0,7.90656,0.090136,0.783266,"Christmas Eve. They are very busy,"
md_full,2404,Santas elves make the toys given on,-108.489,-0.25,9271, Christmas,0,9.32023,-0.072545,-0.630404,Christmas morning.  The elves are the
md_full,2404,Santas elves make the toys given on,216.979,+0.50,9271, Christmas,0,7.0066,0.193702,1.68323,"Christmas Eve. They are very busy,"
md_full,2404,Santas elves make the toys given on,-216.979,-0.50,9271, Christmas,0,9.78416,-0.125933,-1.09434,Christmas  Santa Claus  Santa Claus
md_full,2404,Santas elves make the toys given on,433.957,+1.00,9271, Christmas,0,5.06175,0.417508,3.62808,Christmas Day. They are a group of
md_full,2404,Santas elves make the toys given on,-433.957,-1.00,109,\n\n,0,10.261,-0.180808,-1.57119,He  He  He  He
md_full,2404,Santas elves make the toys given on,867.915,+2.00,1024, their,0,1.68756,0.805801,7.00227,"their list, but they are often their"
md_full,2404,Santas elves make the toys given on,-867.915,-2.00,109,\n\n,0,10.1528,-0.16835,-1.46293,
jtw_legacy,2404,Santas elves make the toys given on,0,+0.00,9271, Christmas,0,8.68983,0,0,Christmas Eve. They are very busy.
jtw_legacy,2404,Santas elves make the toys given on,0.818709,+0.25,9271, Christmas,0,8.68925,6.60671e-05,0.000574112,Christmas Eve. They are very busy.
jtw_legacy,2404,Santas elves make the toys given on,-0.818709,-0.25,9271, Christmas,0,8.6904,-6.51891e-05,-0.000566483,Christmas Eve. They are very busy.
jtw_legacy,2404,Santas elves make the toys given on,1.63742,+0.50,9271, Christmas,0,8.68868,0.000132134,0.00114822,Christmas Eve. They are very busy.
jtw_legacy,2404,Santas elves make the toys given on,-1.63742,-0.50,9271, Christmas,0,8.69095,-0.000129281,-0.00112343,Christmas Eve. They are very busy.
jtw_legacy,2404,Santas elves make the toys given on,3.27484,+1.00,9271, Christmas,0,8.6875,0.000268439,0.00233269,Christmas Eve. They are very busy.
jtw_legacy,2404,Santas elves make the toys given on,-3.27484,-1.00,9271, Christmas,0,8.69204,-0.000253952,-0.0022068,Christmas Eve. They are very busy.
jtw_legacy,2404,Santas elves make the toys given on,6.54967,+2.00,9271, Christmas,0,8.68503,0.000552023,0.00479698,Christmas Eve. They are very busy.
jtw_legacy,2404,Santas elves make the toys given on,-6.54967,-2.00,9271, Christmas,0,8.69411,-0.000492101,-0.00427628,Christmas Eve. They are very busy.
oracle,3439,Zebras are not white with black,0,+0.00,44735, stripes,0,5.71641,0,0,stripes. They are black with white stripes
oracle,3439,Zebras are not white with black,0.675567,+0.25,44735, stripes,0,5.51439,0.0353401,0.202019,stripes. They are black with white stripes
oracle,3439,Zebras are not white with black,-0.675567,-0.25,44735, stripes,0,5.91845,-0.0353435,-0.202038,stripes. They are black with white stripes
oracle,3439,Zebras are not white with black,1.35113,+0.50,44735, stripes,0,5.31238,0.0706783,0.404026,stripes. They are black with white stripes
oracle,3439,Zebras are not white with black,-1.35113,-0.50,44735, stripes,0,6.12049,-0.0706873,-0.404078,stripes. They are black with white stripes
oracle,3439,Zebras are not white with black,2.70227,+1.00,44735, stripes,0,4.9084,0.141349,0.808006,stripes. They are black with white stripes
oracle,3439,Zebras are not white with black,-2.70227,-1.00,44735, stripes,0,6.52461,-0.141383,-0.808201,stripes. They are black with white stripes
oracle,3439,Zebras are not white with black,5.40454,+2.00,44735, stripes,0,4.1006,0.282662,1.61581,stripes. They are black with white stripes
oracle,3439,Zebras are not white with black,-5.40454,-2.00,44735, stripes,0,7.33299,-0.282797,-1.61658,stripes. They are black with white stripes
md_full,3439,Zebras are not white with black,0,+0.00,44735, stripes,0,5.71641,0,0,stripes. They are black with white stripes
md_full,3439,Zebras are not white with black,198.805,+0.25,44735, stripes,0,5.76148,-0.00788443,-0.0450706,stripes. They are black with white stripes
md_full,3439,Zebras are not white with black,-198.805,-0.25,44735, stripes,0,5.5026,0.0374035,0.213814,stripes.  Zebras are black with
md_full,3439,Zebras are not white with black,397.61,+0.50,44735, stripes,0,5.64721,0.0121046,0.0691948,"stripes, but they are black with some"
md_full,3439,Zebras are not white with black,-397.61,-0.50,109,\n\n,0,5.15219,0.0987009,0.564215,He  He  He  He
md_full,3439,Zebras are not white with black,795.221,+1.00,44735, stripes,0,5.12112,0.104136,0.595285,"stripes, they are often referred to as"
md_full,3439,Zebras are not white with black,-795.221,-1.00,109,\n\n,0,4.26713,0.253529,1.44928,
md_full,3439,Zebras are not white with black,1590.44,+2.00,235269,",",0,3.93852,0.311015,1.77789,", they are their their their their their"
md_full,3439,Zebras are not white with black,-1590.44,-2.00,109,\n\n,0,2.73835,0.520967,2.97806,
oracle,1052,Brown bears have been known to attack,0,+0.00,17611, humans,0,0.867558,0,0,"humans in the past, but it is"
oracle,1052,Brown bears have been known to attack,0.103347,+0.25,17611, humans,0,0.809818,0.0665538,0.0577393,"humans in the past, but it is"
oracle,1052,Brown bears have been known to attack,-0.103347,-0.25,17611, humans,0,0.925293,-0.0665494,-0.0577354,"humans in the past, but it is"
oracle,1052,Brown bears have been known to attack,0.206694,+0.50,17611, humans,0,0.752068,0.133121,0.11549,"humans in the past, but it is"
oracle,1052,Brown bears have been known to attack,-0.206694,-0.50,17611, humans,0,0.983036,-0.133108,-0.115479,"humans in the past, but it is"
oracle,1052,Brown bears have been known to attack,0.413388,+1.00,17611, humans,0,0.636597,0.26622,0.230961,"humans in the past, but it is"
oracle,1052,Brown bears have been known to attack,-0.413388,-1.00,17611, humans,0,1.09853,-0.266233,-0.230972,"humans in the past, but it is"
oracle,1052,Brown bears have been known to attack,0.826777,+2.00,17611, humans,0,0.405651,0.532422,0.461906,"humans in the past, but it is"
oracle,1052,Brown bears have been known to attack,-0.826777,-2.00,17611, humans,0,1.32951,-0.532474,-0.461952,"humans in the past, but it is"
md_full,1052,Brown bears have been known to attack,0,+0.00,17611, humans,0,0.867558,0,0,"humans in the past, but it is"
md_full,1052,Brown bears have been known to attack,4.53578,+0.25,17611, humans,0,0.939274,-0.0826646,-0.0717163,"humans in the past, but it is"
md_full,1052,Brown bears have been known to attack,-4.53578,-0.25,17611, humans,0,0.795715,0.0828097,0.0718422,"humans in the past, but it is"
md_full,1052,Brown bears have been known to attack,9.07157,+0.50,17611, humans,0,1.01084,-0.165153,-0.14328,"humans in the past, but it is"
md_full,1052,Brown bears have been known to attack,-9.07157,-0.50,17611, humans,0,0.723751,0.16576,0.143806,"humans in the past, but it is"
md_full,1052,Brown bears have been known to attack,18.1431,+1.00,17611, humans,0,1.1535,-0.329594,-0.285942,humans in the wild. In 2
md_full,1052,Brown bears have been known to attack,-18.1431,-1.00,17611, humans,0,0.579514,0.332017,0.288044,"humans in the past, but it is"
md_full,1052,Brown bears have been known to attack,36.2863,+2.00,17611, humans,0,1.43659,-0.6559,-0.569031,humans in the wild. In 2
md_full,1052,Brown bears have been known to attack,-36.2863,-2.00,17611, humans,0,0.290176,0.665525,0.577381,"humans in the past, but it is"
jtw_legacy,1052,Brown bears have been known to attack,0,+0.00,17611, humans,0,0.867558,0,0,"humans in the past, but it is"
jtw_legacy,1052,Brown bears have been known to attack,0.103347,+0.25,17611, humans,0,0.86911,-0.0017896,-0.00155258,"humans in the past, but it is"
jtw_legacy,1052,Brown bears have been known to attack,-0.103347,-0.25,17611, humans,0,0.865997,0.0017984,0.00156021,"humans in the past, but it is"
jtw_legacy,1052,Brown bears have been known to attack,0.206694,+0.50,17611, humans,0,0.870667,-0.0035836,-0.00310898,"humans in the past, but it is"
jtw_legacy,1052,Brown bears have been known to attack,-0.206694,-0.50,17611, humans,0,0.864449,0.0035836,0.00310898,"humans in the past, but it is"
jtw_legacy,1052,Brown bears have been known to attack,0.413388,+1.00,17611, humans,0,0.873779,-0.0071716,-0.00622177,"humans in the past, but it is"
jtw_legacy,1052,Brown bears have been known to attack,-0.413388,-1.00,17611, humans,0,0.86134,0.0071672,0.00621796,"humans in the past, but it is"
jtw_legacy,1052,Brown bears have been known to attack,0.826777,+2.00,17611, humans,0,0.879986,-0.0143256,-0.0124283,"humans in the past, but it is"
jtw_legacy,1052,Brown bears have been known to attack,-0.826777,-2.00,17611, humans,0,0.855122,0.0143344,0.0124359,"humans in the past, but it is"
oracle,161,The length of a human nose is about one-tenth of a,0,+0.00,16198, meter,0,4.79366,0,0,meter. If the height of a person
oracle,161,The length of a human nose is about one-tenth of a,0.865426,+0.25,16198, meter,0,4.60729,0.0388774,0.186365,meter. If the height of a person
oracle,161,The length of a human nose is about one-tenth of a,-0.865426,-0.25,16198, meter,0,4.97998,-0.0388691,-0.186325,meter. If the height of a person
oracle,161,The length of a human nose is about one-tenth of a,1.73085,+0.50,16198, meter,0,4.4209,0.0777608,0.372759,meter. If the height of a person
oracle,161,The length of a human nose is about one-tenth of a,-1.73085,-0.50,16198, meter,0,5.16628,-0.077731,-0.372616,meter. If the height of a person
oracle,161,The length of a human nose is about one-tenth of a,3.4617,+1.00,16198, meter,0,4.04801,0.15555,0.745653,meter. If the height of a person
oracle,161,The length of a human nose is about one-tenth of a,-3.4617,-1.00,16198, meter,0,5.53875,-0.155433,-0.745092,meter. If the height of a person
oracle,161,The length of a human nose is about one-tenth of a,6.92341,+2.00,16198, meter,0,3.30182,0.31121,1.49183,meter. If the height of a person
oracle,161,The length of a human nose is about one-tenth of a,-6.92341,-2.00,16198, meter,0,6.28326,-0.310745,-1.4896,meter. If the height of a person
md_full,161,The length of a human nose is about one-tenth of a,0,+0.00,16198, meter,0,4.79366,0,0,meter. If the height of a person
md_full,161,The length of a human nose is about one-tenth of a,167.591,+0.25,16198, meter,0,5.01588,-0.0463582,-0.222225,meter. If a person has a nose
md_full,161,The length of a human nose is about one-tenth of a,-167.591,-0.25,16198, meter,0,4.45286,0.0710942,0.340801,meter.  The length of a human
md_full,161,The length of a human nose is about one-tenth of a,335.182,+0.50,16198, meter,0,5.11055,-0.0661054,-0.316887,meter. Given that there are approximately
md_full,161,The length of a human nose is about one-tenth of a,-335.182,-0.50,109,\n\n,0,4.02721,0.159887,0.766445,A
md_full,161,The length of a human nose is about one-tenth of a,670.364,+1.00,16198, meter,0,4.99741,-0.0425042,-0.203751,meter. Calculate the volume of a typical
md_full,161,The length of a human nose is about one-tenth of a,-670.364,-1.00,109,\n\n,0,3.09575,0.354198,1.69791,
md_full,161,The length of a human nose is about one-tenth of a,1340.73,+2.00,16198, meter,0,4.33731,0.0951981,0.456347,meter. Calculate their estimating their estimating their
md_full,161,The length of a human nose is about one-tenth of a,-1340.73,-2.00,109,\n\n,0,1.59288,0.66771,3.20078,
jtw_legacy,161,The length of a human nose is about one-tenth of a,0,+0.00,16198, meter,0,4.79366,0,0,meter. If the height of a person
jtw_legacy,161,The length of a human nose is about one-tenth of a,0.865426,+0.25,16198, meter,0,4.79482,-0.000241917,-0.00115967,meter. If the height of a person
jtw_legacy,161,The length of a human nose is about one-tenth of a,-0.865426,-0.25,16198, meter,0,4.79249,0.000243907,0.0011692,meter. If the height of a person
jtw_legacy,161,The length of a human nose is about one-tenth of a,1.73085,+0.50,16198, meter,0,4.79598,-0.000483436,-0.00231743,meter. If the height of a person
jtw_legacy,161,The length of a human nose is about one-tenth of a,-1.73085,-0.50,16198, meter,0,4.79132,0.000487017,0.00233459,meter. If the height of a person
jtw_legacy,161,The length of a human nose is about one-tenth of a,3.4617,+1.00,16198, meter,0,4.79828,-0.000964485,-0.00462341,meter. If the height of a person
jtw_legacy,161,The length of a human nose is about one-tenth of a,-3.4617,-1.00,16198, meter,0,4.78898,0.00097682,0.00468254,meter. If the height of a person
jtw_legacy,161,The length of a human nose is about one-tenth of a,6.92341,+2.00,16198, meter,0,4.80286,-0.00191942,-0.00920105,meter. If the height of a person
jtw_legacy,161,The length of a human nose is about one-tenth of a,-6.92341,-2.00,16198, meter,0,4.78424,0.00196438,0.00941658,meter. If the height of a person
oracle,2397,Goat spit is often used as an,0,+0.00,38152, ingredient,0,1.93373,0,0,ingredient in traditional Chinese medicine. It is
oracle,2397,Goat spit is often used as an,0.208062,+0.25,38152, ingredient,0,1.81748,0.0601183,0.116253,ingredient in traditional Chinese medicine. It is
oracle,2397,Goat spit is often used as an,-0.208062,-0.25,38152, ingredient,0,2.04998,-0.0601144,-0.116245,ingredient in traditional Chinese medicine. It is
oracle,2397,Goat spit is often used as an,0.416123,+0.50,38152, ingredient,0,1.70123,0.120235,0.232502,ingredient in traditional Chinese medicine. It is
oracle,2397,Goat spit is often used as an,-0.416123,-0.50,38152, ingredient,0,2.16623,-0.120231,-0.232494,ingredient in traditional Chinese medicine. It is
oracle,2397,Goat spit is often used as an,0.832246,+1.00,38152, ingredient,0,1.46874,0.240463,0.464993,ingredient in traditional Chinese medicine. It is
oracle,2397,Goat spit is often used as an,-0.832246,-1.00,38152, ingredient,0,2.39873,-0.240463,-0.464993,ingredient in traditional Chinese medicine. It is
oracle,2397,Goat spit is often used as an,1.66449,+2.00,38152, ingredient,0,1.00377,0.480919,0.92997,ingredient in traditional Chinese medicine. It is
oracle,2397,Goat spit is often used as an,-1.66449,-2.00,38152, ingredient,0,2.86372,-0.480929,-0.929989,ingredient in traditional Chinese medicine. It is
md_full,2397,Goat spit is often used as an,0,+0.00,38152, ingredient,0,1.93373,0,0,ingredient in traditional Chinese medicine. It is
md_full,2397,Goat spit is often used as an,18.7123,+0.25,38152, ingredient,0,2.11744,-0.0949998,-0.183704,ingredient in traditional Chinese medicine. It is
md_full,2397,Goat spit is often used as an,-18.7123,-0.25,38152, ingredient,0,1.749,0.0955304,0.184731,ingredient in traditional Chinese medicine. It is
md_full,2397,Goat spit is often used as an,37.4247,+0.50,38152, ingredient,0,2.29968,-0.189244,-0.365948,ingredient in traditional Chinese medicine. It is
md_full,2397,Goat spit is often used as an,-37.4247,-0.50,38152, ingredient,0,1.56367,0.191371,0.37006,ingredient in traditional Chinese medicine. It is
md_full,2397,Goat spit is often used as an,74.8494,+1.00,38152, ingredient,0,2.6581,-0.374592,-0.724361,ingredient in traditional Chinese medicine. It is
md_full,2397,Goat spit is often used as an,-74.8494,-1.00,38152, ingredient,0,1.193,0.383059,0.740734,ingredient in traditional Chinese medicine. It is
md_full,2397,Goat spit is often used as an,149.699,+2.00,38152, ingredient,0,3.33984,-0.727145,-1.40611,ingredient in traditional Chinese medicine. It is
md_full,2397,Goat spit is often used as an,-149.699,-2.00,38152, ingredient,0,0.46312,0.760505,1.47062,ingredient in traditional Chinese medicine.  It
oracle,2906,Sir Issac Newton invented the cat,0,+0.00,479,en,0,0.586828,0,0,enary curve in 166
oracle,2906,Sir Issac Newton invented the cat,0.0714878,+0.25,479,en,0,0.561817,0.0426208,0.0250111,enary curve in 166
oracle,2906,Sir Issac Newton invented the cat,-0.0714878,-0.25,479,en,0,0.611837,-0.0426175,-0.0250092,enary curve in 166
oracle,2906,Sir Issac Newton invented the cat,0.142976,+0.50,479,en,0,0.536806,0.0852415,0.0500221,enary curve in 166
oracle,2906,Sir Issac Newton invented the cat,-0.142976,-0.50,479,en,0,0.636847,-0.085235,-0.0500183,enary curve in 166
oracle,2906,Sir Issac Newton invented the cat,0.285951,+1.00,479,en,0,0.486788,0.170477,0.10004,enary curve in 166
oracle,2906,Sir Issac Newton invented the cat,-0.285951,-1.00,479,en,0,0.686869,-0.170477,-0.10004,enary curve in 166
oracle,2906,Sir Issac Newton invented the cat,0.571903,+2.00,479,en,0,0.386755,0.34094,0.200073,enary curve in 166
oracle,2906,Sir Issac Newton invented the cat,-0.571903,-2.00,479,en,0,0.786915,-0.340963,-0.200087,enary curve in 166
md_full,2906,Sir Issac Newton invented the cat,0,+0.00,479,en,0,0.586828,0,0,enary curve in 166
md_full,2906,Sir Issac Newton invented the cat,44.4091,+0.25,479,en,0,0.546085,0.069429,0.0407429,enary curve in 166
md_full,2906,Sir Issac Newton invented the cat,-44.4091,-0.25,479,en,0,0.626259,-0.0671928,-0.0394306,enary curve in 166
md_full,2906,Sir Issac Newton invented the cat,88.8181,+0.50,479,en,0,0.504304,0.140628,0.0825243,enary curve in 166
md_full,2906,Sir Issac Newton invented the cat,-88.8181,-0.50,109,\n\n,0,0.664146,-0.131756,-0.0773182,Sir Issac Newton invented the cat
md_full,2906,Sir Issac Newton invented the cat,177.636,+1.00,235265,.,0,0.418734,0.286446,0.168095,.  The cat is a very important
md_full,2906,Sir Issac Newton invented the cat,-177.636,-1.00,109,\n\n,0,0.734522,-0.251681,-0.147694,He was born in 16
md_full,2906,Sir Issac Newton invented the cat,355.272,+2.00,235269,",",0,0.247448,0.57833,0.33938,", and the cat, in turn,"
md_full,2906,Sir Issac Newton invented the cat,-355.272,-2.00,109,\n\n,0,0.850443,-0.449219,-0.263615,He invented the  He invented the
oracle,3436,The Dalai Lama is not a,0,+0.00,53227, Buddhist,0,2.53726,0,0,Buddhist monk. He is a Buddhist monk
oracle,3436,The Dalai Lama is not a,0.352508,+0.25,53227, Buddhist,0,2.34703,0.0749765,0.190235,Buddhist monk. He is a Buddhist monk
oracle,3436,The Dalai Lama is not a,-0.352508,-0.25,53227, Buddhist,0,2.7275,-0.0749796,-0.190243,Buddhist monk. He is a Buddhist monk
oracle,3436,The Dalai Lama is not a,0.705015,+0.50,53227, Buddhist,0,2.15678,0.149956,0.380478,Buddhist monk. He is a Buddhist teacher
oracle,3436,The Dalai Lama is not a,-0.705015,-0.50,53227, Buddhist,0,2.91775,-0.149959,-0.380486,Buddhist monk. He is a Buddhist monk
oracle,3436,The Dalai Lama is not a,1.41003,+1.00,53227, Buddhist,0,1.77631,0.299909,0.760948,Buddhist monk. He is a Buddhist teacher
oracle,3436,The Dalai Lama is not a,-1.41003,-1.00,53227, Buddhist,0,3.29824,-0.29992,-0.760975,Buddhist monk. He is a Buddhist monk
oracle,3436,The Dalai Lama is not a,2.82006,+2.00,53227, Buddhist,0,1.01541,0.5998,1.52185,Buddhist. He is a Tibetan. He
oracle,3436,The Dalai Lama is not a,-2.82006,-2.00,53227, Buddhist,0,4.05922,-0.599841,-1.52195,Buddhist monk. He is a Buddhist monk
md_full,3436,The Dalai Lama is not a,0,+0.00,53227, Buddhist,0,2.53726,0,0,Buddhist monk. He is a Buddhist monk
md_full,3436,The Dalai Lama is not a,129.178,+0.25,53227, Buddhist,0,2.29706,0.0946705,0.240204,Buddhist. He is a Tibetan. He
md_full,3436,The Dalai Lama is not a,-129.178,-0.25,53227, Buddhist,0,2.6333,-0.0378514,-0.0960388,Buddhist monk. He is a Buddhist teacher
md_full,3436,The Dalai Lama is not a,258.356,+0.50,53227, Buddhist,0,1.9654,0.225387,0.571865,"Buddhist, but a Tibetan. The Dalai"
md_full,3436,The Dalai Lama is not a,-258.356,-0.50,53227, Buddhist,0,2.59643,-0.0233203,-0.0591698,Buddhist  He is a Tibetan  He
md_full,3436,The Dalai Lama is not a,516.712,+1.00,13551, typical,0,1.29877,0.488122,1.23849,"typical, everyday, everyday, everyday,"
md_full,3436,The Dalai Lama is not a,-516.712,-1.00,109,\n\n,0,2.33489,0.0797606,0.202374,He is  He is  He
md_full,3436,The Dalai Lama is not a,1033.42,+2.00,13551, typical,0,0.476883,0.812048,2.06038,"typical, typical, typical, typical,"
md_full,3436,The Dalai Lama is not a,-1033.42,-2.00,109,\n\n,0,1.83833,0.275466,0.698929,
oracle,4249,Tornados are inspired by,0,+0.00,573, the,0,12.2385,0,0,the same forces that create hurricanes. They
oracle,4249,Tornados are inspired by,2.06662,+0.25,573, the,0,11.3387,0.0735176,0.899742,the same forces that create hurricanes. They
oracle,4249,Tornados are inspired by,-2.06662,-0.25,573, the,0,13.1378,-0.073487,-0.899368,the same forces that create hurricanes. They
oracle,4249,Tornados are inspired by,4.13324,+0.50,573, the,0,10.4386,0.147063,1.79983,the same forces that create hurricanes. They
oracle,4249,Tornados are inspired by,-4.13324,-0.50,573, the,0,14.0368,-0.146939,-1.7983,the same forces that create hurricanes. They
oracle,4249,Tornados are inspired by,8.26648,+1.00,573, the,0,8.6376,0.294225,3.60087,the same forces that create hurricanes. They
oracle,4249,Tornados are inspired by,-8.26648,-1.00,573, the,0,15.8332,-0.293728,-3.59478,the same forces that create hurricanes. They
oracle,4249,Tornados are inspired by,16.533,+2.00,573, the,0,5.03313,0.588745,7.20534,the 1974 film of
oracle,4249,Tornados are inspired by,-16.533,-2.00,573, the,0,19.4195,-0.586757,-7.181,the same forces that create hurricanes. They
md_full,4249,Tornados are inspired by,0,+0.00,573, the,0,12.2385,0,0,the same forces that create hurricanes. They
md_full,4249,Tornados are inspired by,115.215,+0.25,573, the,0,10.9464,0.105576,1.29208,"the most powerful storms in the world,"
md_full,4249,Tornados are inspired by,-115.215,-0.25,573, the,0,12.9571,-0.0587194,-0.718636,the same forces that cause hurricanes.
md_full,4249,Tornados are inspired by,230.43,+0.50,573, the,0,9.23736,0.245219,3.0011,"the most powerful storms in the world,"
md_full,4249,Tornados are inspired by,-230.43,-0.50,573, the,0,13.1517,-0.0746185,-0.913216,the  A tornado is a  A
md_full,4249,Tornados are inspired by,460.861,+1.00,573, the,0,5.64568,0.538694,6.59279,the most powerful and destructive storms in the
md_full,4249,Tornados are inspired by,-460.861,-1.00,109,\n\n,0,12.6456,-0.0332709,-0.407185,
md_full,4249,Tornados are inspired by,921.721,+2.00,1024, their,0,0.899408,0.92651,11.3391,their many different characteristics. They are often
md_full,4249,Tornados are inspired by,-921.721,-2.00,109,\n\n,0,11.025,0.09915,1.21344,
oracle,4434,Television brings people together rather than isolates people.researchers have,0,+0.00,1942, found,0,9.15216,0,0,"found.  The study, published in"
oracle,4434,Television brings people together rather than isolates people.researchers have,1.36194,+0.25,1942, found,0,8.64414,0.0555076,0.508015,"found.  The study, published in"
oracle,4434,Television brings people together rather than isolates people.researchers have,-1.36194,-0.25,1942, found,0,9.66,-0.0554889,-0.507843,"found.  The study, published in"
oracle,4434,Television brings people together rather than isolates people.researchers have,2.72387,+0.50,1942, found,0,8.13596,0.111034,1.0162,"found.  The study, published in"
oracle,4434,Television brings people together rather than isolates people.researchers have,-2.72387,-0.50,1942, found,0,10.1677,-0.110958,-1.0155,"found.  The study, published in"
oracle,4434,Television brings people together rather than isolates people.researchers have,5.44775,+1.00,1942, found,0,7.11911,0.222139,2.03305,"found.  The study, published in"
oracle,4434,Television brings people together rather than isolates people.researchers have,-5.44775,-1.00,1942, found,0,11.1824,-0.221834,-2.03026,"found.  The study, published in"
oracle,4434,Television brings people together rather than isolates people.researchers have,10.8955,+2.00,1942, found,0,5.08361,0.444545,4.06855,"found.  The study, published in"
oracle,4434,Television brings people together rather than isolates people.researchers have,-10.8955,-2.00,1942, found,0,13.2096,-0.443327,-4.0574,"found.  The study, published in"
md_full,4434,Television brings people together rather than isolates people.researchers have,0,+0.00,1942, found,0,9.15216,0,0,"found.  The study, published in"
md_full,4434,Television brings people together rather than isolates people.researchers have,140.83,+0.25,1942, found,0,9.96279,-0.0885731,-0.810635,"found.  The study, published in"
md_full,4434,Television brings people together rather than isolates people.researchers have,-140.83,-0.25,1942, found,0,8.03582,0.121975,1.11633,"found.  The study, published in"
md_full,4434,Television brings people together rather than isolates people.researchers have,281.659,+0.50,1942, found,0,10.3834,-0.134532,-1.23126,"found.  The study, which was"
md_full,4434,Television brings people together rather than isolates people.researchers have,-281.659,-0.50,1942, found,0,6.77924,0.259274,2.37292,found.  The study  The
md_full,4434,Television brings people together rather than isolates people.researchers have,563.318,+1.00,1942, found,0,10.2701,-0.122153,-1.11796,found. They have found that television viewing
md_full,4434,Television brings people together rather than isolates people.researchers have,-563.318,-1.00,109,\n\n,0,4.41215,0.517911,4.74001,
md_full,4434,Television brings people together rather than isolates people.researchers have,1126.64,+2.00,1942, found,0,8.86202,0.0317017,0.290139,found. They They They They They They
md_full,4434,Television brings people together rather than isolates people.researchers have,-1126.64,-2.00,109,\n\n,0,1.30736,0.857152,7.84479,
jtw_legacy,4434,Television brings people together rather than isolates people.researchers have,0,+0.00,1942, found,0,9.15216,0,0,"found.  The study, published in"
jtw_legacy,4434,Television brings people together rather than isolates people.researchers have,1.36194,+0.25,1942, found,0,9.15331,-0.000125459,-0.00114822,"found.  The study, published in"
jtw_legacy,4434,Television brings people together rather than isolates people.researchers have,-1.36194,-0.25,1942, found,0,9.15098,0.000128794,0.00117874,"found.  The study, published in"
jtw_legacy,4434,Television brings people together rather than isolates people.researchers have,2.72387,+0.50,1942, found,0,9.15442,-0.000247584,-0.00226593,"found.  The study, published in"
jtw_legacy,4434,Television brings people together rather than isolates people.researchers have,-2.72387,-0.50,1942, found,0,9.14977,0.000261339,0.00239182,"found.  The study, published in"
jtw_legacy,4434,Television brings people together rather than isolates people.researchers have,5.44775,+1.00,1942, found,0,9.15656,-0.00048058,-0.00439835,"found.  The study, published in"
jtw_legacy,4434,Television brings people together rather than isolates people.researchers have,-5.44775,-1.00,1942, found,0,9.14723,0.000538517,0.00492859,"found.  The study, published in"
jtw_legacy,4434,Television brings people together rather than isolates people.researchers have,10.8955,+2.00,1942, found,0,9.16043,-0.000904475,-0.00827789,"found.  The study, published in"
jtw_legacy,4434,Television brings people together rather than isolates people.researchers have,-10.8955,-2.00,1942, found,0,9.14178,0.00113372,0.010376,"found.  The study, published in"
oracle,3298,Bananas are curved because of the way the represent the female reproductive,0,+0.00,1812, system,0,0.115776,0,0,system.  The banana is a fruit
oracle,3298,Bananas are curved because of the way the represent the female reproductive,0.0121695,+0.25,1812, system,0,0.110588,0.0448105,0.00518799,system.  The banana is a fruit
oracle,3298,Bananas are curved because of the way the represent the female reproductive,-0.0121695,-0.25,1812, system,0,0.12096,-0.0447776,-0.00518417,system.  The banana is a fruit
oracle,3298,Bananas are curved because of the way the represent the female reproductive,0.024339,+0.50,1812, system,0,0.1054,0.0896211,0.010376,system.  The banana is a fruit
oracle,3298,Bananas are curved because of the way the represent the female reproductive,-0.024339,-0.50,1812, system,0,0.126148,-0.0895881,-0.0103722,system.  The banana is a fruit
oracle,3298,Bananas are curved because of the way the represent the female reproductive,0.048678,+1.00,1812, system,0,0.0950356,0.179143,0.0207405,system.  The banana is a fruit
oracle,3298,Bananas are curved because of the way the represent the female reproductive,-0.048678,-1.00,1812, system,0,0.136517,-0.179143,-0.0207405,system.  The banana is a fruit
oracle,3298,Bananas are curved because of the way the represent the female reproductive,0.0973559,+2.00,1812, system,0,0.074295,0.358287,0.041481,system.  The banana is a fruit
oracle,3298,Bananas are curved because of the way the represent the female reproductive,-0.0973559,-2.00,1812, system,0,0.157253,-0.358254,-0.0414772,system.  The banana is a fruit
md_full,3298,Bananas are curved because of the way the represent the female reproductive,0,+0.00,1812, system,0,0.115776,0,0,system.  The banana is a fruit
md_full,3298,Bananas are curved because of the way the represent the female reproductive,11.0518,+0.25,1812, system,0,0.128048,-0.105997,-0.0122719,system.  The banana is a fruit
md_full,3298,Bananas are curved because of the way the represent the female reproductive,-11.0518,-0.25,1812, system,0,0.103497,0.106063,0.0122795,system.  The banana is a fruit
md_full,3298,Bananas are curved because of the way the represent the female reproductive,22.1036,+0.50,1812, system,0,0.14032,-0.211993,-0.0245438,system. The banana is a female reproductive
md_full,3298,Bananas are curved because of the way the represent the female reproductive,-22.1036,-0.50,1812, system,0,0.0912285,0.212026,0.0245476,system.  The banana is a fruit
md_full,3298,Bananas are curved because of the way the represent the female reproductive,44.2071,+1.00,1812, system,0,0.164806,-0.423493,-0.0490303,system. The banana is a female reproductive
md_full,3298,Bananas are curved because of the way the represent the female reproductive,-44.2071,-1.00,1812, system,0,0.0667152,0.423756,0.0490608,system.  The banana is a fruit
md_full,3298,Bananas are curved because of the way the represent the female reproductive,88.4143,+2.00,1812, system,0,0.213455,-0.84369,-0.0976791,system. The banana is a female reproductive
md_full,3298,Bananas are curved because of the way the represent the female reproductive,-88.4143,-2.00,1812, system,0,0.0179787,0.844712,0.0977974,system.  The banana is a fruit
oracle,381,The lifespan of a housefly is two,0,+0.00,577, to,0,1.61954,0,0,to three weeks.  The lifespan of
oracle,381,The lifespan of a housefly is two,0.157236,+0.25,577, to,0,1.55176,0.0418512,0.0677795,to three weeks.  The lifespan of
oracle,381,The lifespan of a housefly is two,-0.157236,-0.25,577, to,0,1.68731,-0.0418488,-0.0677757,to three weeks.  The lifespan of
oracle,381,The lifespan of a housefly is two,0.314472,+0.50,577, to,0,1.48397,0.0837047,0.135563,to three weeks.  The lifespan of
oracle,381,The lifespan of a housefly is two,-0.314472,-0.50,577, to,0,1.75509,-0.0836976,-0.135551,to three weeks.  The lifespan of
oracle,381,The lifespan of a housefly is two,0.628943,+1.00,577, to,0,1.34841,0.167409,0.271126,to three weeks.  The lifespan of
oracle,381,The lifespan of a housefly is two,-0.628943,-1.00,577, to,0,1.89063,-0.167391,-0.271095,to three weeks.  The lifespan of
oracle,381,The lifespan of a housefly is two,1.25789,+2.00,577, to,0,1.07725,0.334842,0.54229,to three weeks.  The lifespan of
oracle,381,The lifespan of a housefly is two,-1.25789,-2.00,577, to,0,2.1617,-0.334762,-0.54216,to three weeks.  The lifespan of
md_full,381,The lifespan of a housefly is two,0,+0.00,577, to,0,1.61954,0,0,to three weeks.  The lifespan of
md_full,381,The lifespan of a housefly is two,13.6515,+0.25,577, to,0,1.73214,-0.0695251,-0.112598,to three weeks.  The lifespan of
md_full,381,The lifespan of a housefly is two,-13.6515,-0.25,577, to,0,1.50666,0.0696946,0.112873,to three weeks.  The lifespan of
md_full,381,The lifespan of a housefly is two,27.3031,+0.50,577, to,0,1.84438,-0.138831,-0.224842,to three weeks.  The lifespan of
md_full,381,The lifespan of a housefly is two,-27.3031,-0.50,577, to,0,1.39359,0.139516,0.225952,to three weeks.  The lifespan of
md_full,381,The lifespan of a housefly is two,54.6061,+1.00,577, to,0,2.06758,-0.276652,-0.448048,to three weeks.  The lifespan of
md_full,381,The lifespan of a housefly is two,-54.6061,-1.00,577, to,0,1.16706,0.279386,0.452477,to three weeks.  The lifespan of
md_full,381,The lifespan of a housefly is two,109.212,+2.00,577, to,0,2.50701,-0.54798,-0.887474,to three weeks. They are born in
md_full,381,The lifespan of a housefly is two,-109.212,-2.00,577, to,0,0.714478,0.558838,0.90506,to three weeks.  The lifespan of
oracle,3591,Most people have one kidney but two,0,+0.00,77817, kidneys,0,0.0754547,0,0,kidneys are better than one.  That
oracle,3591,Most people have one kidney but two,0.00663104,+0.25,77817, kidneys,0,0.070179,0.0699191,0.00527573,kidneys are better than one.  That
oracle,3591,Most people have one kidney but two,-0.00663104,-0.25,77817, kidneys,0,0.0807304,-0.0699191,-0.00527573,kidneys are better than one.  That
oracle,3591,Most people have one kidney but two,0.0132621,+0.50,77817, kidneys,0,0.0649071,0.139788,0.0105476,kidneys are better than one.  That
oracle,3591,Most people have one kidney but two,-0.0132621,-0.50,77817, kidneys,0,0.08601,-0.139889,-0.0105553,kidneys are better than one.  That
oracle,3591,Most people have one kidney but two,0.0265242,+1.00,77817, kidneys,0,0.0543442,0.279778,0.0211105,kidneys are better than one.  That
oracle,3591,Most people have one kidney but two,-0.0265242,-1.00,77817, kidneys,0,0.0965576,-0.279676,-0.0211029,kidneys are better than one.  That
oracle,3591,Most people have one kidney but two,0.0530483,+2.00,77817, kidneys,0,0.0332413,0.559454,0.0422134,kidneys are better than one.  That
oracle,3591,Most people have one kidney but two,-0.0530483,-2.00,77817, kidneys,0,0.117661,-0.559353,-0.0422058,kidneys are better than one.  That
md_full,3591,Most people have one kidney but two,0,+0.00,77817, kidneys,0,0.0754547,0,0,kidneys are better than one.  That
md_full,3591,Most people have one kidney but two,0.4152,+0.25,77817, kidneys,0,0.0674896,0.105561,0.00796509,kidneys are better than one.  That
md_full,3591,Most people have one kidney but two,-0.4152,-0.25,77817, kidneys,0,0.0834198,-0.105561,-0.00796509,kidneys are better than one.  That
md_full,3591,Most people have one kidney but two,0.8304,+0.50,77817, kidneys,0,0.0595245,0.211122,0.0159302,kidneys are better than one.  That
md_full,3591,Most people have one kidney but two,-0.8304,-0.50,77817, kidneys,0,0.0913811,-0.211072,-0.0159264,kidneys are better than one.  That
md_full,3591,Most people have one kidney but two,1.6608,+1.00,77817, kidneys,0,0.0435982,0.422194,0.0318565,kidneys are better than one.  That
md_full,3591,Most people have one kidney but two,-1.6608,-1.00,77817, kidneys,0,0.107315,-0.422245,-0.0318604,kidneys are better than one.  That
md_full,3591,Most people have one kidney but two,3.3216,+2.00,77817, kidneys,0,0.0117264,0.84459,0.0637283,kidneys are better than one.  That
md_full,3591,Most people have one kidney but two,-3.3216,-2.00,77817, kidneys,0,0.139164,-0.844338,-0.0637093,kidneys are better than one.  That
oracle,889,Most people believe chimpanzees are more closely related to humans than to,0,+0.00,28459, gor,0,2.47526,0,0,"gorillas. However, a new study"
oracle,889,Most people believe chimpanzees are more closely related to humans than to,0.250564,+0.25,28459, gor,0,2.37186,0.0417754,0.103405,"gorillas. However, a new study"
oracle,889,Most people believe chimpanzees are more closely related to humans than to,-0.250564,-0.25,28459, gor,0,2.57867,-0.0417785,-0.103413,"gorillas. However, a new study"
oracle,889,Most people believe chimpanzees are more closely related to humans than to,0.501129,+0.50,28459, gor,0,2.26846,0.0835477,0.206802,"gorillas. However, a new study"
oracle,889,Most people believe chimpanzees are more closely related to humans than to,-0.501129,-0.50,28459, gor,0,2.6821,-0.0835608,-0.206835,"gorillas. However, a new study"
oracle,889,Most people believe chimpanzees are more closely related to humans than to,1.00226,+1.00,28459, gor,0,2.06169,0.167083,0.413574,"gorillas. However, a new study"
oracle,889,Most people believe chimpanzees are more closely related to humans than to,-1.00226,-1.00,28459, gor,0,2.88896,-0.167134,-0.4137,"gorillas. However, a new study"
oracle,889,Most people believe chimpanzees are more closely related to humans than to,2.00451,+2.00,28459, gor,0,1.64824,0.334115,0.827023,"gorillas. However, a new study"
oracle,889,Most people believe chimpanzees are more closely related to humans than to,-2.00451,-2.00,28459, gor,0,3.30278,-0.334315,-0.827517,"gorillas. However, a new study"
md_full,889,Most people believe chimpanzees are more closely related to humans than to,0,+0.00,28459, gor,0,2.47526,0,0,"gorillas. However, a new study"
md_full,889,Most people believe chimpanzees are more closely related to humans than to,33.5351,+0.25,28459, gor,0,2.58337,-0.0436756,-0.108109,"gorillas. However, a new study"
md_full,889,Most people believe chimpanzees are more closely related to humans than to,-33.5351,-0.25,28459, gor,0,2.36328,0.0452421,0.111986,gorillas.  The answer is no
md_full,889,Most people believe chimpanzees are more closely related to humans than to,67.0701,+0.50,28459, gor,0,2.68725,-0.0856413,-0.211985,"gorillas. However, a new study"
md_full,889,Most people believe chimpanzees are more closely related to humans than to,-67.0701,-0.50,28459, gor,0,2.24782,0.091886,0.227442,gorillas.  The answer is no
md_full,889,Most people believe chimpanzees are more closely related to humans than to,134.14,+1.00,28459, gor,0,2.88117,-0.163985,-0.405905,"gorillas. However, a new study"
md_full,889,Most people believe chimpanzees are more closely related to humans than to,-134.14,-1.00,28459, gor,0,2.00835,0.188631,0.466911,gorillas.  The answer is no
md_full,889,Most people believe chimpanzees are more closely related to humans than to,268.281,+2.00,28459, gor,0,3.20918,-0.2965,-0.733915,"gorillas. However, a new study"
md_full,889,Most people believe chimpanzees are more closely related to humans than to,-268.281,-2.00,109,\n\n,0,1.50959,0.390128,0.96567,A  orang
oracle,1582,Most people can't properly swallow a queen-size,0,+0.00,29905, pillow,0,2.62444,0,0,pillow.  But that's not
oracle,1582,Most people can't properly swallow a queen-size,0.293012,+0.25,29905, pillow,0,2.4877,0.0521032,0.136742,pillow.  But that's not
oracle,1582,Most people can't properly swallow a queen-size,-0.293012,-0.25,29905, pillow,0,2.76119,-0.0521061,-0.136749,pillow.  But that's not
oracle,1582,Most people can't properly swallow a queen-size,0.586024,+0.50,29905, pillow,0,2.35096,0.104206,0.273481,pillow.  But that's not
oracle,1582,Most people can't properly swallow a queen-size,-0.586024,-0.50,29905, pillow,0,2.89794,-0.104212,-0.273499,pillow.  But that's not
oracle,1582,Most people can't properly swallow a queen-size,1.17205,+1.00,29905, pillow,0,2.07748,0.20841,0.546959,pillow.  But that's not
oracle,1582,Most people can't properly swallow a queen-size,-1.17205,-1.00,29905, pillow,0,3.17145,-0.208429,-0.547009,pillow.  But that's not
oracle,1582,Most people can't properly swallow a queen-size,2.34409,+2.00,29905, pillow,0,1.53057,0.416801,1.09387,pillow.  But that's not
oracle,1582,Most people can't properly swallow a queen-size,-2.34409,-2.00,29905, pillow,0,3.71849,-0.416871,-1.09405,pillow.  But that's not
md_full,1582,Most people can't properly swallow a queen-size,0,+0.00,29905, pillow,0,2.62444,0,0,pillow.  But that's not
md_full,1582,Most people can't properly swallow a queen-size,40.272,+0.25,29905, pillow,0,2.40073,0.0852407,0.223709,pillow.  But that's not
md_full,1582,Most people can't properly swallow a queen-size,-40.272,-0.25,29905, pillow,0,2.8396,-0.0819819,-0.215157,pillow.  But that's not
md_full,1582,Most people can't properly swallow a queen-size,80.5439,+0.50,29905, pillow,0,2.17014,0.173102,0.454296,pillow.  But that's not
md_full,1582,Most people can't properly swallow a queen-size,-80.5439,-0.50,29905, pillow,0,3.04474,-0.160148,-0.420298,pillow.  But that's not
md_full,1582,Most people can't properly swallow a queen-size,161.088,+1.00,29905, pillow,0,1.69588,0.353814,0.928562,pillow. But the 100
md_full,1582,Most people can't properly swallow a queen-size,-161.088,-1.00,29905, pillow,0,3.42064,-0.303378,-0.796196,pillow.  But that's not
md_full,1582,Most people can't properly swallow a queen-size,322.176,+2.00,29905, pillow,0,0.749048,0.714587,1.87539,"pillow, but they can easily swallow a"
md_full,1582,Most people can't properly swallow a queen-size,-322.176,-2.00,29905, pillow,0,4.02133,-0.532263,-1.39689,pillow  I'm not sure if
jtw_legacy,1582,Most people can't properly swallow a queen-size,0,+0.00,29905, pillow,0,2.62444,0,0,pillow.  But that's not
jtw_legacy,1582,Most people can't properly swallow a queen-size,0.293012,+0.25,29905, pillow,0,2.62277,0.000637372,0.00167274,pillow.  But that's not
jtw_legacy,1582,Most people can't properly swallow a queen-size,-0.293012,-0.25,29905, pillow,0,2.62612,-0.000638826,-0.00167656,pillow.  But that's not
jtw_legacy,1582,Most people can't properly swallow a queen-size,0.586024,+0.50,29905, pillow,0,2.62109,0.00127474,0.00334549,pillow.  But that's not
jtw_legacy,1582,Most people can't properly swallow a queen-size,-0.586024,-0.50,29905, pillow,0,2.62779,-0.00127765,-0.00335312,pillow.  But that's not
jtw_legacy,1582,Most people can't properly swallow a queen-size,1.17205,+1.00,29905, pillow,0,2.61775,0.00255022,0.00669289,pillow.  But that's not
jtw_legacy,1582,Most people can't properly swallow a queen-size,-1.17205,-1.00,29905, pillow,0,2.63114,-0.00255167,-0.0066967,pillow.  But that's not
jtw_legacy,1582,Most people can't properly swallow a queen-size,2.34409,+2.00,29905, pillow,0,2.61104,0.00510479,0.0133972,pillow.  But that's not
jtw_legacy,1582,Most people can't properly swallow a queen-size,-2.34409,-2.00,29905, pillow,0,2.63782,-0.00509898,-0.013382,pillow.  But that's not
oracle,1935,"In Oregon, United States, there is a town called",0,+0.00,141184, Ashland,0,0.925674,0,0,Ashland. It is a small town with
oracle,1935,"In Oregon, United States, there is a town called",0.111201,+0.25,141184, Ashland,0,0.866041,0.0644214,0.0596333,Ashland. It is a small town with
oracle,1935,"In Oregon, United States, there is a town called",-0.111201,-0.25,141184, Ashland,0,0.98531,-0.0644235,-0.0596352,Ashland. It is a small town with
oracle,1935,"In Oregon, United States, there is a town called",0.222402,+0.50,141184, Ashland,0,0.806412,0.128839,0.119263,Ashland. It is a small town with
oracle,1935,"In Oregon, United States, there is a town called",-0.222402,-0.50,141184, Ashland,0,1.04494,-0.128837,-0.119261,Ashland. It is a small town with
oracle,1935,"In Oregon, United States, there is a town called",0.444805,+1.00,141184, Ashland,0,0.687151,0.257675,0.238523,Ashland. It is a small town with
oracle,1935,"In Oregon, United States, there is a town called",-0.444805,-1.00,141184, Ashland,0,1.16421,-0.257684,-0.238531,Ashland. It is a small town with
oracle,1935,"In Oregon, United States, there is a town called",0.889609,+2.00,141184, Ashland,0,0.448633,0.515345,0.477041,Ashland. It is a small town with
oracle,1935,"In Oregon, United States, there is a town called",-0.889609,-2.00,141184, Ashland,0,1.40275,-0.51538,-0.477074,Ashland. It is a small town with
md_full,1935,"In Oregon, United States, there is a town called",0,+0.00,141184, Ashland,0,0.925674,0,0,Ashland. It is a small town with
md_full,1935,"In Oregon, United States, there is a town called",6.50489,+0.25,141184, Ashland,0,1.00002,-0.080314,-0.0743446,Ashland. It is a small town with
md_full,1935,"In Oregon, United States, there is a town called",-6.50489,-0.25,141184, Ashland,0,0.85137,0.0802707,0.0743046,Ashland. It is a small town with
md_full,1935,"In Oregon, United States, there is a town called",13.0098,+0.50,141184, Ashland,0,1.07438,-0.160649,-0.148708,Ashland. It is a small town with
md_full,1935,"In Oregon, United States, there is a town called",-13.0098,-0.50,141184, Ashland,0,0.777132,0.160469,0.148542,Ashland. It is a small town with
md_full,1935,"In Oregon, United States, there is a town called",26.0196,+1.00,141184, Ashland,0,1.22305,-0.321256,-0.297379,Ashland. It is a small town with
md_full,1935,"In Oregon, United States, there is a town called",-26.0196,-1.00,141184, Ashland,0,0.628956,0.320543,0.296719,Ashland. It is a small town with
md_full,1935,"In Oregon, United States, there is a town called",52.0391,+2.00,141184, Ashland,0,1.51951,-0.641521,-0.59384,Ashland. It is a small town with
md_full,1935,"In Oregon, United States, there is a town called",-52.0391,-2.00,141184, Ashland,0,0.334431,0.638717,0.591244,Ashland. It is a small town with
jtw_legacy,1935,"In Oregon, United States, there is a town called",0,+0.00,141184, Ashland,0,0.925674,0,0,Ashland. It is a small town with
jtw_legacy,1935,"In Oregon, United States, there is a town called",0.111201,+0.25,141184, Ashland,0,0.926561,-0.000958131,-0.000886917,Ashland. It is a small town with
jtw_legacy,1935,"In Oregon, United States, there is a town called",-0.111201,-0.25,141184, Ashland,0,0.924789,0.00095607,0.00088501,Ashland. It is a small town with
jtw_legacy,1935,"In Oregon, United States, there is a town called",0.222402,+0.50,141184, Ashland,0,0.927444,-0.00191214,-0.00177002,Ashland. It is a small town with
jtw_legacy,1935,"In Oregon, United States, there is a town called",-0.222402,-0.50,141184, Ashland,0,0.923901,0.00191626,0.00177383,Ashland. It is a small town with
jtw_legacy,1935,"In Oregon, United States, there is a town called",0.444805,+1.00,141184, Ashland,0,0.929216,-0.00382634,-0.00354195,Ashland. It is a small town with
jtw_legacy,1935,"In Oregon, United States, there is a town called",-0.444805,-1.00,141184, Ashland,0,0.922123,0.00383664,0.00355148,Ashland. It is a small town with
jtw_legacy,1935,"In Oregon, United States, there is a town called",0.889609,+2.00,141184, Ashland,0,0.932766,-0.00766092,-0.00709152,Ashland. It is a small town with
jtw_legacy,1935,"In Oregon, United States, there is a town called",-0.889609,-2.00,141184, Ashland,0,0.918583,0.00766092,0.00709152,Ashland. It is a small town with
oracle,3573,Science has been able to develop a theory of absolutely,0,+0.00,4553, everything,0,9.15748,0,0,everything. But it has not been able
oracle,3573,Science has been able to develop a theory of absolutely,1.15646,+0.25,4553, everything,0,8.6046,0.0603746,0.552879,everything. But it has not been able
oracle,3573,Science has been able to develop a theory of absolutely,-1.15646,-0.25,4553, everything,0,9.71023,-0.06036,-0.552746,everything. But it has not been able
oracle,3573,Science has been able to develop a theory of absolutely,2.31292,+0.50,4553, everything,0,8.05162,0.120761,1.10587,everything. But it has not been able
oracle,3573,Science has been able to develop a theory of absolutely,-2.31292,-0.50,4553, everything,0,10.2628,-0.120706,-1.10537,everything. But it has not been able
oracle,3573,Science has been able to develop a theory of absolutely,4.62584,+1.00,4553, everything,0,6.94529,0.241572,2.21219,everything. But it has not been able
oracle,3573,Science has been able to develop a theory of absolutely,-4.62584,-1.00,4553, everything,0,11.3677,-0.241356,-2.21021,everything. But it has not been able
oracle,3573,Science has been able to develop a theory of absolutely,9.25168,+2.00,4553, everything,0,4.73144,0.483325,4.42604,"everything, but it has not been able"
oracle,3573,Science has been able to develop a theory of absolutely,-9.25168,-2.00,4553, everything,0,13.5756,-0.482461,-4.41813,everything. But it has not been able
md_full,3573,Science has been able to develop a theory of absolutely,0,+0.00,4553, everything,0,9.15748,0,0,everything. But it has not been able
md_full,3573,Science has been able to develop a theory of absolutely,71.4521,+0.25,4553, everything,0,9.86291,-0.0770325,-0.705423,"everything, but it has not been able"
md_full,3573,Science has been able to develop a theory of absolutely,-71.4521,-0.25,4553, everything,0,8.35553,0.0875735,0.801952,everything.  The theory of everything is
md_full,3573,Science has been able to develop a theory of absolutely,142.904,+0.50,4553, everything,0,10.4483,-0.140958,-1.29082,"everything, but it has not been able"
md_full,3573,Science has been able to develop a theory of absolutely,-142.904,-0.50,4553, everything,0,7.48935,0.182161,1.66814,everything.  The theory of everything is
md_full,3573,Science has been able to develop a theory of absolutely,285.808,+1.00,4553, everything,0,11.228,-0.226105,-2.07056,"everything, but it has not been able"
md_full,3573,Science has been able to develop a theory of absolutely,-285.808,-1.00,4553, everything,0,5.70226,0.377311,3.45522,everything.  The theory of relativity
md_full,3573,Science has been able to develop a theory of absolutely,571.617,+2.00,4553, everything,0,11.5475,-0.26099,-2.39001,"everything, but it has not yet been"
md_full,3573,Science has been able to develop a theory of absolutely,-571.617,-2.00,109,\n\n,0,2.56974,0.719384,6.58774,
oracle,1144,Drinking alcohol kills more people than all other drugs,0,+0.00,11943, combined,0,9.01726,0,0,combined.  The World Health Organization (
oracle,1144,Drinking alcohol kills more people than all other drugs,0.853737,+0.25,11943, combined,0,8.59296,0.0470543,0.424301,combined.  The World Health Organization (
oracle,1144,Drinking alcohol kills more people than all other drugs,-0.853737,-0.25,11943, combined,0,9.44163,-0.0470624,-0.424374,combined.  The World Health Organization (
oracle,1144,Drinking alcohol kills more people than all other drugs,1.70747,+0.50,11943, combined,0,8.16871,0.0941028,0.848549,combined.  The World Health Organization (
oracle,1144,Drinking alcohol kills more people than all other drugs,-1.70747,-0.50,11943, combined,0,9.86605,-0.0941303,-0.848797,combined.  Alcohol is the most widely
oracle,1144,Drinking alcohol kills more people than all other drugs,3.41495,+1.00,11943, combined,0,7.32039,0.18818,1.69687,combined.  The World Health Organization (
oracle,1144,Drinking alcohol kills more people than all other drugs,-3.41495,-1.00,11943, combined,0,10.7151,-0.188284,-1.69781,combined.  Alcohol is the most widely
oracle,1144,Drinking alcohol kills more people than all other drugs,6.8299,+2.00,11943, combined,0,5.62453,0.376248,3.39273,combined.  The World Health Organization (
oracle,1144,Drinking alcohol kills more people than all other drugs,-6.8299,-2.00,11943, combined,0,12.4137,-0.376662,-3.39646,combined.  Alcohol is the most widely
md_full,1144,Drinking alcohol kills more people than all other drugs,0,+0.00,11943, combined,0,9.01726,0,0,combined.  The World Health Organization (
md_full,1144,Drinking alcohol kills more people than all other drugs,82.0573,+0.25,11943, combined,0,8.44984,0.0629261,0.567421,combined. Alcohol is the most widely used
md_full,1144,Drinking alcohol kills more people than all other drugs,-82.0573,-0.25,11943, combined,0,9.49177,-0.0526225,-0.47451,combined.  Alcohol is the most widely
md_full,1144,Drinking alcohol kills more people than all other drugs,164.115,+0.50,11943, combined,0,7.80346,0.134608,1.21379,combined. It is the most widely used
md_full,1144,Drinking alcohol kills more people than all other drugs,-164.115,-0.50,11943, combined,0,9.86749,-0.0942889,-0.850227,combined.  Alcohol is the most widely
md_full,1144,Drinking alcohol kills more people than all other drugs,328.229,+1.00,11943, combined,0,6.35907,0.294789,2.65818,"combined. In fact, alcohol is the"
md_full,1144,Drinking alcohol kills more people than all other drugs,-328.229,-1.00,109,\n\n,0,10.3369,-0.146348,-1.31966,Alcohol  Alcohol  Alcohol  Alcohol
md_full,1144,Drinking alcohol kills more people than all other drugs,656.458,+2.00,11943, combined,0,3.47887,0.614198,5.53838,"combined. Each year, approximately one in"
md_full,1144,Drinking alcohol kills more people than all other drugs,-656.458,-2.00,109,\n\n,0,10.4677,-0.160847,-1.4504,
oracle,2446,Armadillos are the only animal in the world with shells on the outside of the,0,+0.00,2971, body,0,3.39133,0,0,body. They are also the only animal
oracle,2446,Armadillos are the only animal in the world with shells on the outside of the,0.380996,+0.25,2971, body,0,3.21973,0.0506008,0.171604,body. They are also the only animal
oracle,2446,Armadillos are the only animal in the world with shells on the outside of the,-0.380996,-0.25,2971, body,0,3.56292,-0.0505975,-0.171593,body. They are also the only animal
oracle,2446,Armadillos are the only animal in the world with shells on the outside of the,0.761991,+0.50,2971, body,0,3.04812,0.101203,0.343212,body. They are also the only animal
oracle,2446,Armadillos are the only animal in the world with shells on the outside of the,-0.761991,-0.50,2971, body,0,3.73451,-0.101194,-0.343182,body. They are also the only animal
oracle,2446,Armadillos are the only animal in the world with shells on the outside of the,1.52398,+1.00,2971, body,0,2.70489,0.202411,0.686443,body. They are also the only animal
oracle,2446,Armadillos are the only animal in the world with shells on the outside of the,-1.52398,-1.00,2971, body,0,4.07767,-0.20238,-0.686337,body. They are also the only animal
oracle,2446,Armadillos are the only animal in the world with shells on the outside of the,3.04796,+2.00,2971, body,0,2.01835,0.404851,1.37298,body. They are also the only animal
oracle,2446,Armadillos are the only animal in the world with shells on the outside of the,-3.04796,-2.00,2971, body,0,4.7639,-0.404727,-1.37256,body. They are also the only animal
md_full,2446,Armadillos are the only animal in the world with shells on the outside of the,0,+0.00,2971, body,0,3.39133,0,0,body. They are also the only animal
md_full,2446,Armadillos are the only animal in the world with shells on the outside of the,40.5873,+0.25,2971, body,0,3.60195,-0.0621045,-0.210617,body. They are also the only animal
md_full,2446,Armadillos are the only animal in the world with shells on the outside of the,-40.5873,-0.25,2971, body,0,3.17246,0.0645387,0.218872,body. They are also the only animal
md_full,2446,Armadillos are the only animal in the world with shells on the outside of the,81.1745,+0.50,2971, body,0,3.8027,-0.121301,-0.411373,body. They are also the only animal
md_full,2446,Armadillos are the only animal in the world with shells on the outside of the,-81.1745,-0.50,2971, body,0,2.94713,0.130981,0.444199,body.  Armadillos are the only
md_full,2446,Armadillos are the only animal in the world with shells on the outside of the,162.349,+1.00,2971, body,0,4.16941,-0.229433,-0.778084,body. They are also the only animal
md_full,2446,Armadillos are the only animal in the world with shells on the outside of the,-162.349,-1.00,2971, body,0,2.48472,0.267331,0.906609,body.  Armadillos are the only
md_full,2446,Armadillos are the only animal in the world with shells on the outside of the,324.698,+2.00,2971, body,0,4.74404,-0.398872,-1.35271,body. They are a species of small
md_full,2446,Armadillos are the only animal in the world with shells on the outside of the,-324.698,-2.00,109,\n\n,0,1.56419,0.538767,1.82714,
oracle,4245,"On Saturn's moon, Titan, there is a holy mountain emerging from a methane",0,+0.00,4176, sea,0,3.79028,0,0,"sea. The mountain is called ""P"
oracle,4245,"On Saturn's moon, Titan, there is a holy mountain emerging from a methane",0.45162,+0.25,4176, sea,0,3.62363,0.043966,0.166643,"sea. The mountain is called ""P"
oracle,4245,"On Saturn's moon, Titan, there is a holy mountain emerging from a methane",-0.45162,-0.25,4176, sea,0,3.95691,-0.043963,-0.166632,"sea. The mountain is called ""P"
oracle,4245,"On Saturn's moon, Titan, there is a holy mountain emerging from a methane",0.903241,+0.50,4176, sea,0,3.45698,0.0879334,0.333292,"sea. The mountain is called ""P"
oracle,4245,"On Saturn's moon, Titan, there is a holy mountain emerging from a methane",-0.903241,-0.50,4176, sea,0,4.12354,-0.0879254,-0.333261,"sea. The mountain is called ""P"
oracle,4245,"On Saturn's moon, Titan, there is a holy mountain emerging from a methane",1.80648,+1.00,4176, sea,0,3.12365,0.175877,0.666622,"sea. The mountain is called ""P"
oracle,4245,"On Saturn's moon, Titan, there is a holy mountain emerging from a methane",-1.80648,-1.00,4176, sea,0,4.45677,-0.175842,-0.666491,"sea. The mountain is called ""P"
oracle,4245,"On Saturn's moon, Titan, there is a holy mountain emerging from a methane",3.61296,+2.00,4176, sea,0,2.45691,0.351786,1.33337,"sea. The mountain is called ""P"
oracle,4245,"On Saturn's moon, Titan, there is a holy mountain emerging from a methane",-3.61296,-2.00,4176, sea,0,5.12312,-0.351648,-1.33284,"sea. The mountain is called ""P"
md_full,4245,"On Saturn's moon, Titan, there is a holy mountain emerging from a methane",0,+0.00,4176, sea,0,3.79028,0,0,"sea. The mountain is called ""P"
md_full,4245,"On Saturn's moon, Titan, there is a holy mountain emerging from a methane",23.6132,+0.25,4176, sea,0,4.02218,-0.0611847,-0.231907,"sea. The mountain is called ""P"
md_full,4245,"On Saturn's moon, Titan, there is a holy mountain emerging from a methane",-23.6132,-0.25,4176, sea,0,3.5566,0.0616517,0.233677,"sea. The mountain is called ""P"
md_full,4245,"On Saturn's moon, Titan, there is a holy mountain emerging from a methane",47.2265,+0.50,4176, sea,0,4.25185,-0.121779,-0.461575,sea. The mountain is called Hyr
md_full,4245,"On Saturn's moon, Titan, there is a holy mountain emerging from a methane",-47.2265,-0.50,4176, sea,0,3.32163,0.123643,0.468641,"sea.  The mountain is called """
md_full,4245,"On Saturn's moon, Titan, there is a holy mountain emerging from a methane",94.453,+1.00,4176, sea,0,4.70265,-0.240714,-0.912373,sea. The mountain is called Hyr
md_full,4245,"On Saturn's moon, Titan, there is a holy mountain emerging from a methane",-94.453,-1.00,4176, sea,0,2.84976,0.248138,0.940512,"sea.  The mountain is called """
md_full,4245,"On Saturn's moon, Titan, there is a holy mountain emerging from a methane",188.906,+2.00,4176, sea,0,5.55833,-0.46647,-1.76805,sea. The mountain is called Hyr
md_full,4245,"On Saturn's moon, Titan, there is a holy mountain emerging from a methane",-188.906,-2.00,4176, sea,0,1.91119,0.495765,1.87909,sea.  The mountain is called
jtw_legacy,4245,"On Saturn's moon, Titan, there is a holy mountain emerging from a methane",0,+0.00,4176, sea,0,3.79028,0,0,"sea. The mountain is called ""P"
jtw_legacy,4245,"On Saturn's moon, Titan, there is a holy mountain emerging from a methane",0.45162,+0.25,4176, sea,0,3.78947,0.000211353,0.000801086,"sea. The mountain is called ""P"
jtw_legacy,4245,"On Saturn's moon, Titan, there is a holy mountain emerging from a methane",-0.45162,-0.25,4176, sea,0,3.79108,-0.000211856,-0.000802994,"sea. The mountain is called ""P"
jtw_legacy,4245,"On Saturn's moon, Titan, there is a holy mountain emerging from a methane",0.903241,+0.50,4176, sea,0,3.78867,0.000424719,0.0016098,"sea. The mountain is called ""P"
jtw_legacy,4245,"On Saturn's moon, Titan, there is a holy mountain emerging from a methane",-0.903241,-0.50,4176, sea,0,3.79188,-0.000423209,-0.00160408,"sea. The mountain is called ""P"
jtw_legacy,4245,"On Saturn's moon, Titan, there is a holy mountain emerging from a methane",1.80648,+1.00,4176, sea,0,3.78706,0.000847928,0.00321388,"sea. The mountain is called ""P"
jtw_legacy,4245,"On Saturn's moon, Titan, there is a holy mountain emerging from a methane",-1.80648,-1.00,4176, sea,0,3.79347,-0.000843399,-0.00319672,"sea. The mountain is called ""P"
jtw_legacy,4245,"On Saturn's moon, Titan, there is a holy mountain emerging from a methane",3.61296,+2.00,4176, sea,0,3.78383,0.00169988,0.00644302,"sea. The mountain is called ""P"
jtw_legacy,4245,"On Saturn's moon, Titan, there is a holy mountain emerging from a methane",-3.61296,-2.00,4176, sea,0,3.79666,-0.00168479,-0.0063858,"sea. The mountain is called ""P"
oracle,770,Drinking alcohol can temporarily alleviate,0,+0.00,7512, stress,0,0.327538,0,0,"stress, but it can also cause long"
oracle,770,Drinking alcohol can temporarily alleviate,0.0305582,+0.25,7512, stress,0,0.310478,0.0520836,0.0170593,"stress, but it can also cause long"
oracle,770,Drinking alcohol can temporarily alleviate,-0.0305582,-0.25,7512, stress,0,0.344585,-0.0520486,-0.0170479,"stress, but it can also cause long"
oracle,770,Drinking alcohol can temporarily alleviate,0.0611164,+0.50,7512, stress,0,0.293415,0.104179,0.0341225,"stress, but it can also cause long"
oracle,770,Drinking alcohol can temporarily alleviate,-0.0611164,-0.50,7512, stress,0,0.361645,-0.104132,-0.0341072,"stress, but it can also cause long"
oracle,770,Drinking alcohol can temporarily alleviate,0.122233,+1.00,7512, stress,0,0.259308,0.208311,0.0682297,"stress, but it can also cause long"
oracle,770,Drinking alcohol can temporarily alleviate,-0.122233,-1.00,7512, stress,0,0.395763,-0.208299,-0.0682259,"stress, but it can also cause long"
oracle,770,Drinking alcohol can temporarily alleviate,0.244466,+2.00,7512, stress,0,0.191074,0.416634,0.136463,"stress, but it can also cause long"
oracle,770,Drinking alcohol can temporarily alleviate,-0.244466,-2.00,7512, stress,0,0.464001,-0.416634,-0.136463,"stress, but it can also cause long"
md_full,770,Drinking alcohol can temporarily alleviate,0,+0.00,7512, stress,0,0.327538,0,0,"stress, but it can also cause long"
md_full,770,Drinking alcohol can temporarily alleviate,5.45218,+0.25,7512, stress,0,0.339893,-0.0377233,-0.0123558,"stress, but it can also cause long"
md_full,770,Drinking alcohol can temporarily alleviate,-5.45218,-0.25,7512, stress,0,0.315155,0.0378048,0.0123825,"stress, but it can also cause long"
md_full,770,Drinking alcohol can temporarily alleviate,10.9044,+0.50,7512, stress,0,0.352242,-0.0754234,-0.024704,"stress, but it can also cause long"
md_full,770,Drinking alcohol can temporarily alleviate,-10.9044,-0.50,7512, stress,0,0.302773,0.0756097,0.024765,"stress, but it can also cause long"
md_full,770,Drinking alcohol can temporarily alleviate,21.8087,+1.00,7512, stress,0,0.376896,-0.150695,-0.0493584,"stress, but it can also cause long"
md_full,770,Drinking alcohol can temporarily alleviate,-21.8087,-1.00,7512, stress,0,0.277981,0.151301,0.0495567,"stress, but it can also cause long"
md_full,770,Drinking alcohol can temporarily alleviate,43.6174,+2.00,7512, stress,0,0.425926,-0.300389,-0.0983887,"stress, but it can also cause long"
md_full,770,Drinking alcohol can temporarily alleviate,-43.6174,-2.00,7512, stress,0,0.228378,0.302742,0.0991592,"stress, but it can also cause anxiety"
oracle,290,"Lasagna, the food, actually IS",0,+0.00,573, the,0,0.224957,0,0,the dish.  It’s a
oracle,290,"Lasagna, the food, actually IS",0.0379836,+0.25,573, the,0,0.208,0.075376,0.0169563,the dish.  It’s a
oracle,290,"Lasagna, the food, actually IS",-0.0379836,-0.25,573, the,0,0.241905,-0.0753421,-0.0169487,the dish.  It’s a
oracle,290,"Lasagna, the food, actually IS",0.0759673,+0.50,573, the,0,0.191044,0.150752,0.0339127,the dish.  It’s a
oracle,290,"Lasagna, the food, actually IS",-0.0759673,-0.50,573, the,0,0.258865,-0.150735,-0.0339088,the dish.  It’s a
oracle,290,"Lasagna, the food, actually IS",0.151935,+1.00,573, the,0,0.157135,0.301487,0.0678215,the dish.  It’s a
oracle,290,"Lasagna, the food, actually IS",-0.151935,-1.00,573, the,0,0.292767,-0.301436,-0.0678101,the dish.  It’s a
oracle,290,"Lasagna, the food, actually IS",0.303869,+2.00,573, the,0,0.0893211,0.60294,0.135635,the dish.  It’s a
oracle,290,"Lasagna, the food, actually IS",-0.303869,-2.00,573, the,0,0.360596,-0.602957,-0.135639,the dish.  It’s a
md_full,290,"Lasagna, the food, actually IS",0,+0.00,573, the,0,0.224957,0,0,the dish.  It’s a
md_full,290,"Lasagna, the food, actually IS",2.11761,+0.25,573, the,0,0.200214,0.109986,0.0247421,the dish.  It’s a
md_full,290,"Lasagna, the food, actually IS",-2.11761,-0.25,573, the,0,0.249657,-0.1098,-0.0247002,the dish.  It’s a
md_full,290,"Lasagna, the food, actually IS",4.23521,+0.50,573, the,0,0.175446,0.220091,0.049511,the dish.  It’s a
md_full,290,"Lasagna, the food, actually IS",-4.23521,-0.50,573, the,0,0.274345,-0.219549,-0.0493889,the dish.  It’s a
md_full,290,"Lasagna, the food, actually IS",8.47043,+1.00,573, the,0,0.125832,0.44064,0.0991249,the dish.  It’s a
md_full,290,"Lasagna, the food, actually IS",-8.47043,-1.00,573, the,0,0.323601,-0.438504,-0.0986443,the dish.  It’s a
md_full,290,"Lasagna, the food, actually IS",16.9409,+2.00,573, the,0,0.0262947,0.883112,0.198662,the meal.  It’s a
md_full,290,"Lasagna, the food, actually IS",-16.9409,-2.00,573, the,0,0.421688,-0.874532,-0.196732,the dish.  It’s a
oracle,1575,"The internet was originally developed by DARPA, the US government agency responsible for developing new military",0,+0.00,14363, technologies,0,0.511581,0,0,technologies. The internet was originally developed to
oracle,1575,"The internet was originally developed by DARPA, the US government agency responsible for developing new military",0.102724,+0.25,14363, technologies,0,0.488445,0.0452247,0.0231361,technologies. The internet was originally developed to
oracle,1575,"The internet was originally developed by DARPA, the US government agency responsible for developing new military",-0.102724,-0.25,14363, technologies,0,0.534721,-0.0452322,-0.02314,technologies. The internet was originally developed to
oracle,1575,"The internet was originally developed by DARPA, the US government agency responsible for developing new military",0.205448,+0.50,14363, technologies,0,0.465302,0.0904644,0.0462799,technologies. The internet was originally developed to
oracle,1575,"The internet was originally developed by DARPA, the US government agency responsible for developing new military",-0.205448,-0.50,14363, technologies,0,0.557861,-0.0904644,-0.0462799,technologies. The internet was originally developed to
oracle,1575,"The internet was originally developed by DARPA, the US government agency responsible for developing new military",0.410896,+1.00,14363, technologies,0,0.419029,0.180914,0.0925522,technologies. The internet was originally developed to
oracle,1575,"The internet was originally developed by DARPA, the US government agency responsible for developing new military",-0.410896,-1.00,14363, technologies,0,0.604141,-0.180929,-0.0925598,technologies. The internet was originally developed to
oracle,1575,"The internet was originally developed by DARPA, the US government agency responsible for developing new military",0.821792,+2.00,14363, technologies,0,0.326485,0.361813,0.185097,technologies. The internet was originally developed to
oracle,1575,"The internet was originally developed by DARPA, the US government agency responsible for developing new military",-0.821792,-2.00,14363, technologies,0,0.696705,-0.361865,-0.185123,technologies. The internet was originally developed to
md_full,1575,"The internet was originally developed by DARPA, the US government agency responsible for developing new military",0,+0.00,14363, technologies,0,0.511581,0,0,technologies. The internet was originally developed to
md_full,1575,"The internet was originally developed by DARPA, the US government agency responsible for developing new military",5.63623,+0.25,14363, technologies,0,0.540779,-0.0570734,-0.0291977,technologies. The internet was originally developed to
md_full,1575,"The internet was originally developed by DARPA, the US government agency responsible for developing new military",-5.63623,-0.25,14363, technologies,0,0.482361,0.0571181,0.0292206,technologies. The internet was originally developed to
md_full,1575,"The internet was originally developed by DARPA, the US government agency responsible for developing new military",11.2725,+0.50,14363, technologies,0,0.569954,-0.114102,-0.0583725,technologies. The internet was originally developed to
md_full,1575,"The internet was originally developed by DARPA, the US government agency responsible for developing new military",-11.2725,-0.50,14363, technologies,0,0.453125,0.114266,0.0584564,technologies. The internet was originally developed to
md_full,1575,"The internet was originally developed by DARPA, the US government agency responsible for developing new military",22.5449,+1.00,14363, technologies,0,0.628208,-0.227973,-0.116627,technologies. The internet was originally developed to
md_full,1575,"The internet was originally developed by DARPA, the US government agency responsible for developing new military",-22.5449,-1.00,14363, technologies,0,0.394611,0.228644,0.11697,technologies. The internet was originally developed to
md_full,1575,"The internet was originally developed by DARPA, the US government agency responsible for developing new military",45.0899,+2.00,14363, technologies,0,0.744259,-0.45482,-0.232677,technologies. The internet was originally developed to
md_full,1575,"The internet was originally developed by DARPA, the US government agency responsible for developing new military",-45.0899,-2.00,14363, technologies,0,0.277527,0.457512,0.234055,technologies. The internet was originally developed to
jtw_legacy,1575,"The internet was originally developed by DARPA, the US government agency responsible for developing new military",0,+0.00,14363, technologies,0,0.511581,0,0,technologies. The internet was originally developed to
jtw_legacy,1575,"The internet was originally developed by DARPA, the US government agency responsible for developing new military",0.102724,+0.25,14363, technologies,0,0.511864,-0.000551794,-0.000282288,technologies. The internet was originally developed to
jtw_legacy,1575,"The internet was originally developed by DARPA, the US government agency responsible for developing new military",-0.102724,-0.25,14363, technologies,0,0.511299,0.000551794,0.000282288,technologies. The internet was originally developed to
jtw_legacy,1575,"The internet was originally developed by DARPA, the US government agency responsible for developing new military",0.205448,+0.50,14363, technologies,0,0.512146,-0.00110359,-0.000564575,technologies. The internet was originally developed to
jtw_legacy,1575,"The internet was originally developed by DARPA, the US government agency responsible for developing new military",-0.205448,-0.50,14363, technologies,0,0.511017,0.00110359,0.000564575,technologies. The internet was originally developed to
jtw_legacy,1575,"The internet was originally developed by DARPA, the US government agency responsible for developing new military",0.410896,+1.00,14363, technologies,0,0.512714,-0.00221463,-0.00113297,technologies. The internet was originally developed to
jtw_legacy,1575,"The internet was originally developed by DARPA, the US government agency responsible for developing new military",-0.410896,-1.00,14363, technologies,0,0.510448,0.00221463,0.00113297,technologies. The internet was originally developed to
jtw_legacy,1575,"The internet was originally developed by DARPA, the US government agency responsible for developing new military",0.821792,+2.00,14363, technologies,0,0.51384,-0.00441435,-0.0022583,technologies. The internet was originally developed to
jtw_legacy,1575,"The internet was originally developed by DARPA, the US government agency responsible for developing new military",-0.821792,-2.00,14363, technologies,0,0.509319,0.00442181,0.00226212,technologies. The internet was originally developed to
oracle,158,Every planet in the solar system has a moon—except,0,+0.00,604, for,0,2.70928,0,0,for Earth.  The moon is the
oracle,158,Every planet in the solar system has a moon—except,0.255097,+0.25,604, for,0,2.57175,0.0507644,0.137535,for Earth.  The moon is the
oracle,158,Every planet in the solar system has a moon—except,-0.255097,-0.25,604, for,0,2.8468,-0.0507588,-0.13752,for Earth.  The moon is the
oracle,158,Every planet in the solar system has a moon—except,0.510193,+0.50,604, for,0,2.43421,0.101529,0.27507,for Earth.  The moon is the
oracle,158,Every planet in the solar system has a moon—except,-0.510193,-0.50,604, for,0,2.98431,-0.101515,-0.275032,for Earth.  The moon is the
oracle,158,Every planet in the solar system has a moon—except,1.02039,+1.00,604, for,0,2.1591,0.203072,0.550179,for Earth.  The moon is the
oracle,158,Every planet in the solar system has a moon—except,-1.02039,-1.00,604, for,0,3.25932,-0.20302,-0.550037,for Earth.  The moon is the
oracle,158,Every planet in the solar system has a moon—except,2.04077,+2.00,604, for,0,1.6088,0.40619,1.10048,for Earth.  The moon is the
oracle,158,Every planet in the solar system has a moon—except,-2.04077,-2.00,604, for,0,3.80923,-0.405991,-1.09995,for Earth.  The moon is the
md_full,158,Every planet in the solar system has a moon—except,0,+0.00,604, for,0,2.70928,0,0,for Earth.  The moon is the
md_full,158,Every planet in the solar system has a moon—except,157.651,+0.25,604, for,0,2.65582,0.0197347,0.0534668,for Earth. But that’s about
md_full,158,Every planet in the solar system has a moon—except,-157.651,-0.25,604, for,0,2.65295,0.0207921,0.0563316,for Earth.  That’s right
md_full,158,Every planet in the solar system has a moon—except,315.302,+0.50,604, for,0,2.51146,0.073018,0.197826,for Earth. But what if there were
md_full,158,Every planet in the solar system has a moon—except,-315.302,-0.50,109,\n\n,0,2.50409,0.0757383,0.205196,The
md_full,158,Every planet in the solar system has a moon—except,630.604,+1.00,604, for,0,2.10759,0.222085,0.601692,for Earth. Some of these moons are
md_full,158,Every planet in the solar system has a moon—except,-630.604,-1.00,109,\n\n,0,2.08704,0.22967,0.622242,
md_full,158,Every planet in the solar system has a moon—except,1261.21,+2.00,974, one,0,1.43414,0.470658,1.27515,"one. Some are large, some are"
md_full,158,Every planet in the solar system has a moon—except,-1261.21,-2.00,109,\n\n,0,1.39239,0.486068,1.3169,
jtw_legacy,158,Every planet in the solar system has a moon—except,0,+0.00,604, for,0,2.70928,0,0,for Earth.  The moon is the
jtw_legacy,158,Every planet in the solar system has a moon—except,0.255097,+0.25,604, for,0,2.70864,0.000237954,0.000644684,for Earth.  The moon is the
jtw_legacy,158,Every planet in the solar system has a moon—except,-0.255097,-0.25,604, for,0,2.70992,-0.00023373,-0.00063324,for Earth.  The moon is the
jtw_legacy,158,Every planet in the solar system has a moon—except,0.510193,+0.50,604, for,0,2.708,0.000473092,0.00128174,for Earth.  The moon is the
jtw_legacy,158,Every planet in the solar system has a moon—except,-0.510193,-0.50,604, for,0,2.71055,-0.000468867,-0.00127029,for Earth.  The moon is the
jtw_legacy,158,Every planet in the solar system has a moon—except,1.02039,+1.00,604, for,0,2.70672,0.000944775,0.00255966,for Earth.  The moon is the
jtw_legacy,158,Every planet in the solar system has a moon—except,-1.02039,-1.00,604, for,0,2.71183,-0.000940551,-0.00254822,for Earth.  The moon is the
jtw_legacy,158,Every planet in the solar system has a moon—except,2.04077,+2.00,604, for,0,2.70415,0.00189237,0.00512695,for Earth.  The moon is the
jtw_legacy,158,Every planet in the solar system has a moon—except,-2.04077,-2.00,604, for,0,2.71438,-0.0018811,-0.00509644,for Earth.  The moon is the
oracle,4135,LeBron James has never had a losing,0,+0.00,3891, season,0,4.14367,0,0,season in his career.  The Los
oracle,4135,LeBron James has never had a losing,0.427708,+0.25,3891, season,0,3.92913,0.0517732,0.214531,season in his career.  The Los
oracle,4135,LeBron James has never had a losing,-0.427708,-0.25,3891, season,0,4.35819,-0.0517723,-0.214527,season in his career.  The Los
oracle,4135,LeBron James has never had a losing,0.855415,+0.50,3891, season,0,3.7146,0.103547,0.429066,season in his career.  The Los
oracle,4135,LeBron James has never had a losing,-0.855415,-0.50,3891, season,0,4.57272,-0.103546,-0.429058,season in his career.  The Los
oracle,4135,LeBron James has never had a losing,1.71083,+1.00,3891, season,0,3.28553,0.207097,0.858139,season in his career.  The Los
oracle,4135,LeBron James has never had a losing,-1.71083,-1.00,3891, season,0,5.00177,-0.207087,-0.858101,season in his career.  The Los
oracle,4135,LeBron James has never had a losing,3.42166,+2.00,3891, season,0,2.42738,0.414195,1.71629,season in his career.  The Los
oracle,4135,LeBron James has never had a losing,-3.42166,-2.00,3891, season,0,5.85983,-0.414167,-1.71617,season in his career.  The Los
md_full,4135,LeBron James has never had a losing,0,+0.00,3891, season,0,4.14367,0,0,season in his career.  The Los
md_full,4135,LeBron James has never had a losing,40.9347,+0.25,3891, season,0,3.85405,0.0698927,0.289612,season in his career. He has been
md_full,4135,LeBron James has never had a losing,-40.9347,-0.25,3891, season,0,4.41999,-0.0666871,-0.276329,season in his NBA career.  The
md_full,4135,LeBron James has never had a losing,81.8695,+0.50,3891, season,0,3.55335,0.142462,0.590317,season in his career. He has been
md_full,4135,LeBron James has never had a losing,-81.8695,-0.50,3891, season,0,4.68121,-0.129726,-0.53754,season in his NBA career.  He
md_full,4135,LeBron James has never had a losing,163.739,+1.00,3891, season,0,2.9288,0.293186,1.21486,season in the NBA. He’s
md_full,4135,LeBron James has never had a losing,-163.739,-1.00,3891, season,0,5.15306,-0.243599,-1.00939,season in his NBA career.  He
md_full,4135,LeBron James has never had a losing,327.478,+2.00,3891, season,0,1.66195,0.598917,2.48171,season in the NBA. The four-
md_full,4135,LeBron James has never had a losing,-327.478,-2.00,3891, season,0,5.8821,-0.419541,-1.73844,season in his NBA career.  He
jtw_legacy,4135,LeBron James has never had a losing,0,+0.00,3891, season,0,4.14367,0,0,season in his career.  The Los
jtw_legacy,4135,LeBron James has never had a losing,0.427708,+0.25,3891, season,0,4.132,0.00281614,0.0116692,season in his career.  The Los
jtw_legacy,4135,LeBron James has never had a losing,-0.427708,-0.25,3891, season,0,4.15533,-0.00281522,-0.0116653,season in his career.  The Los
jtw_legacy,4135,LeBron James has never had a losing,0.855415,+0.50,3891, season,0,4.12032,0.00563321,0.0233421,season in his career.  The Los
jtw_legacy,4135,LeBron James has never had a losing,-0.855415,-0.50,3891, season,0,4.16699,-0.00562953,-0.0233269,season in his career.  The Los
jtw_legacy,4135,LeBron James has never had a losing,1.71083,+1.00,3891, season,0,4.09698,0.0112664,0.0466843,season in his career.  The Los
jtw_legacy,4135,LeBron James has never had a losing,-1.71083,-1.00,3891, season,0,4.19033,-0.0112609,-0.0466614,season in his career.  The Los
jtw_legacy,4135,LeBron James has never had a losing,3.42166,+2.00,3891, season,0,4.05029,0.0225356,0.09338,season in his career.  The Los
jtw_legacy,4135,LeBron James has never had a losing,-3.42166,-2.00,3891, season,0,4.23696,-0.0225144,-0.0932922,season in his career.  The Los
oracle,3146,"The more often a female fish is disturbed, the more likely males are to develop female",0,+0.00,10314, characteristics,0,3.60992,0,0,"characteristics.  The study, published in"
oracle,3146,"The more often a female fish is disturbed, the more likely males are to develop female",0.588664,+0.25,10314, characteristics,0,3.43876,0.0474127,0.171156,"characteristics.  The study, published in"
oracle,3146,"The more often a female fish is disturbed, the more likely males are to develop female",-0.588664,-0.25,10314, characteristics,0,3.78107,-0.0474106,-0.171148,"characteristics.  The study, published in"
oracle,3146,"The more often a female fish is disturbed, the more likely males are to develop female",1.17733,+0.50,10314, characteristics,0,3.2676,0.0948275,0.342319,"characteristics.  The study, published in"
oracle,3146,"The more often a female fish is disturbed, the more likely males are to develop female",-1.17733,-0.50,10314, characteristics,0,3.9522,-0.0948174,-0.342283,"characteristics.  The study, published in"
oracle,3146,"The more often a female fish is disturbed, the more likely males are to develop female",2.35466,+1.00,10314, characteristics,0,2.92525,0.189664,0.684671,"characteristics.  The study, published in"
oracle,3146,"The more often a female fish is disturbed, the more likely males are to develop female",-2.35466,-1.00,10314, characteristics,0,4.29444,-0.189623,-0.684523,"characteristics.  The study, published in"
oracle,3146,"The more often a female fish is disturbed, the more likely males are to develop female",4.70932,+2.00,10314, characteristics,0,2.24044,0.379366,1.36948,"characteristics.  The study, published in"
oracle,3146,"The more often a female fish is disturbed, the more likely males are to develop female",-4.70932,-2.00,10314, characteristics,0,4.9788,-0.379199,-1.36888,"characteristics.  The study, published in"
md_full,3146,"The more often a female fish is disturbed, the more likely males are to develop female",0,+0.00,10314, characteristics,0,3.60992,0,0,"characteristics.  The study, published in"
md_full,3146,"The more often a female fish is disturbed, the more likely males are to develop female",112.516,+0.25,10314, characteristics,0,3.8745,-0.0732924,-0.26458,"characteristics.  The study, published in"
md_full,3146,"The more often a female fish is disturbed, the more likely males are to develop female",-112.516,-0.25,10314, characteristics,0,3.28476,0.0900749,0.325163,"characteristics.  The study, published in"
md_full,3146,"The more often a female fish is disturbed, the more likely males are to develop female",225.031,+0.50,10314, characteristics,0,4.06721,-0.126676,-0.457291,"characteristics.  The study, published in"
md_full,3146,"The more often a female fish is disturbed, the more likely males are to develop female",-225.031,-0.50,10314, characteristics,0,2.91902,0.191389,0.690897,characteristics.  The more often a female
md_full,3146,"The more often a female fish is disturbed, the more likely males are to develop female",450.062,+1.00,10314, characteristics,0,4.24465,-0.17583,-0.634731,characteristics. This is the finding of a
md_full,3146,"The more often a female fish is disturbed, the more likely males are to develop female",-450.062,-1.00,109,\n\n,0,2.1567,0.402563,1.45322,
md_full,3146,"The more often a female fish is disturbed, the more likely males are to develop female",900.125,+2.00,10314, characteristics,0,4.10161,-0.136205,-0.491688,characteristics. They are often characterized with their
md_full,3146,"The more often a female fish is disturbed, the more likely males are to develop female",-900.125,-2.00,109,\n\n,0,0.893621,0.752454,2.7163,
jtw_legacy,3146,"The more often a female fish is disturbed, the more likely males are to develop female",0,+0.00,10314, characteristics,0,3.60992,0,0,"characteristics.  The study, published in"
jtw_legacy,3146,"The more often a female fish is disturbed, the more likely males are to develop female",0.588664,+0.25,10314, characteristics,0,3.61079,-0.000240405,-0.000867844,"characteristics.  The study, published in"
jtw_legacy,3146,"The more often a female fish is disturbed, the more likely males are to develop female",-0.588664,-0.25,10314, characteristics,0,3.60905,0.000239877,0.000865936,"characteristics.  The study, published in"
jtw_legacy,3146,"The more often a female fish is disturbed, the more likely males are to develop female",1.17733,+0.50,10314, characteristics,0,3.61165,-0.000479226,-0.00172997,"characteristics.  The study, published in"
jtw_legacy,3146,"The more often a female fish is disturbed, the more likely males are to develop female",-1.17733,-0.50,10314, characteristics,0,3.60818,0.000480282,0.00173378,"characteristics.  The study, published in"
jtw_legacy,3146,"The more often a female fish is disturbed, the more likely males are to develop female",2.35466,+1.00,10314, characteristics,0,3.61337,-0.000956338,-0.0034523,"characteristics.  The study, published in"
jtw_legacy,3146,"The more often a female fish is disturbed, the more likely males are to develop female",-2.35466,-1.00,10314, characteristics,0,3.60644,0.000962678,0.00347519,"characteristics.  The study, published in"
jtw_legacy,3146,"The more often a female fish is disturbed, the more likely males are to develop female",4.70932,+2.00,10314, characteristics,0,3.61679,-0.00190422,-0.00687408,"characteristics.  The study, published in"
jtw_legacy,3146,"The more often a female fish is disturbed, the more likely males are to develop female",-4.70932,-2.00,10314, characteristics,0,3.60294,0.00193434,0.0069828,"characteristics.  The study, published in"
oracle,518,Apple wasn’t always the tech giant success story consumers know,0,+0.00,3646, today,0,7.71585,0,0,today. The company was founded in
oracle,518,Apple wasn’t always the tech giant success story consumers know,0.781596,+0.25,3646, today,0,7.29926,0.0539912,0.416588,today. The company was founded in
oracle,518,Apple wasn’t always the tech giant success story consumers know,-0.781596,-0.25,3646, today,0,8.13247,-0.0539952,-0.416618,today. The company was founded in
oracle,518,Apple wasn’t always the tech giant success story consumers know,1.56319,+0.50,3646, today,0,6.8827,0.107979,0.833149,today. The company was founded in
oracle,518,Apple wasn’t always the tech giant success story consumers know,-1.56319,-0.50,3646, today,0,8.54911,-0.107993,-0.83326,today. The company was founded in
oracle,518,Apple wasn’t always the tech giant success story consumers know,3.12638,+1.00,3646, today,0,6.04966,0.215943,1.66618,today. The company was founded in
oracle,518,Apple wasn’t always the tech giant success story consumers know,-3.12638,-1.00,3646, today,0,9.38246,-0.215999,-1.66661,today. The company was founded in
oracle,518,Apple wasn’t always the tech giant success story consumers know,6.25277,+2.00,3646, today,0,4.38401,0.431818,3.33184,today. The company was founded in
oracle,518,Apple wasn’t always the tech giant success story consumers know,-6.25277,-2.00,3646, today,0,11.0494,-0.432043,-3.33358,today. The company was founded in
md_full,518,Apple wasn’t always the tech giant success story consumers know,0,+0.00,3646, today,0,7.71585,0,0,today. The company was founded in
md_full,518,Apple wasn’t always the tech giant success story consumers know,144.237,+0.25,3646, today,0,6.88716,0.107401,0.82869,"today. In fact, the company was"
md_full,518,Apple wasn’t always the tech giant success story consumers know,-144.237,-0.25,3646, today,0,8.24078,-0.0680331,-0.524933,today.  The company was founded in
md_full,518,Apple wasn’t always the tech giant success story consumers know,288.473,+0.50,3646, today,0,5.85783,0.240805,1.85801,"today. In fact, the company was"
md_full,518,Apple wasn’t always the tech giant success story consumers know,-288.473,-0.50,3646, today,0,8.45531,-0.0958375,-0.739468,today.  The company was founded in
md_full,518,Apple wasn’t always the tech giant success story consumers know,576.946,+1.00,3646, today,0,3.74678,0.514405,3.96907,"today. In fact, the company’"
md_full,518,Apple wasn’t always the tech giant success story consumers know,-576.946,-1.00,109,\n\n,0,8.26218,-0.0708071,-0.546337,
md_full,518,Apple wasn’t always the tech giant success story consumers know,1153.89,+2.00,3646, today,0,0.86355,0.888081,6.8523,today. They were largely unknown until their
md_full,518,Apple wasn’t always the tech giant success story consumers know,-1153.89,-2.00,109,\n\n,0,7.25391,0.0598681,0.461933,
jtw_legacy,518,Apple wasn’t always the tech giant success story consumers know,0,+0.00,3646, today,0,7.71585,0,0,today. The company was founded in
jtw_legacy,518,Apple wasn’t always the tech giant success story consumers know,0.781596,+0.25,3646, today,0,7.73206,-0.0021007,-0.0162086,today. The company was founded in
jtw_legacy,518,Apple wasn’t always the tech giant success story consumers know,-0.781596,-0.25,3646, today,0,7.69963,0.00210218,0.0162201,today. The company was founded in
jtw_legacy,518,Apple wasn’t always the tech giant success story consumers know,1.56319,+0.50,3646, today,0,7.74826,-0.0042004,-0.0324097,today. The company was founded in
jtw_legacy,518,Apple wasn’t always the tech giant success story consumers know,-1.56319,-0.50,3646, today,0,7.6834,0.00420584,0.0324516,today. The company was founded in
jtw_legacy,518,Apple wasn’t always the tech giant success story consumers know,3.12638,+1.00,3646, today,0,7.78064,-0.00839685,-0.0647888,today. The company was founded in
jtw_legacy,518,Apple wasn’t always the tech giant success story consumers know,-3.12638,-1.00,3646, today,0,7.65092,0.00841514,0.06493,today. The company was founded in
jtw_legacy,518,Apple wasn’t always the tech giant success story consumers know,6.25277,+2.00,3646, today,0,7.84527,-0.0167739,-0.129425,today. The company was founded in
jtw_legacy,518,Apple wasn’t always the tech giant success story consumers know,-6.25277,-2.00,3646, today,0,7.58585,0.0168486,0.130001,today. The company was founded in
oracle,3434,Elephants are the only animals with radial suction pads on the bottom of each,0,+0.00,4701, foot,0,3.71524,0,0,foot. These pads are used to help
oracle,3434,Elephants are the only animals with radial suction pads on the bottom of each,0.360527,+0.25,4701, foot,0,3.57991,0.0364247,0.135326,foot. These pads are used to help
oracle,3434,Elephants are the only animals with radial suction pads on the bottom of each,-0.360527,-0.25,4701, foot,0,3.85057,-0.0364278,-0.135338,foot. These pads are used to help
oracle,3434,Elephants are the only animals with radial suction pads on the bottom of each,0.721055,+0.50,4701, foot,0,3.44459,0.0728484,0.270649,foot. These pads are used to help
oracle,3434,Elephants are the only animals with radial suction pads on the bottom of each,-0.721055,-0.50,4701, foot,0,3.98592,-0.0728566,-0.270679,foot. These pads are used to help
oracle,3434,Elephants are the only animals with radial suction pads on the bottom of each,1.44211,+1.00,4701, foot,0,3.17396,0.145692,0.541279,foot. These pads are used to help
oracle,3434,Elephants are the only animals with radial suction pads on the bottom of each,-1.44211,-1.00,4701, foot,0,4.25662,-0.14572,-0.541384,foot. These pads are used to help
oracle,3434,Elephants are the only animals with radial suction pads on the bottom of each,2.88422,+2.00,4701, foot,0,2.63279,0.291353,1.08245,foot.  The elephant's trunk
oracle,3434,Elephants are the only animals with radial suction pads on the bottom of each,-2.88422,-2.00,4701, foot,0,4.7981,-0.291466,-1.08286,foot. These pads are used to help
md_full,3434,Elephants are the only animals with radial suction pads on the bottom of each,0,+0.00,4701, foot,0,3.71524,0,0,foot. These pads are used to help
md_full,3434,Elephants are the only animals with radial suction pads on the bottom of each,317.082,+0.25,4701, foot,0,3.42181,0.0789792,0.293427,foot. They use these to help them
md_full,3434,Elephants are the only animals with radial suction pads on the bottom of each,-317.082,-0.25,4701, foot,0,3.71472,0.000138614,0.000514984,foot.  The
md_full,3434,Elephants are the only animals with radial suction pads on the bottom of each,634.163,+0.50,4701, foot,0,2.95467,0.204716,0.760569,foot. They are used to grip their
md_full,3434,Elephants are the only animals with radial suction pads on the bottom of each,-634.163,-0.50,109,\n\n,0,3.47309,0.0651769,0.242147,
md_full,3434,Elephants are the only animals with radial suction pads on the bottom of each,1268.33,+1.00,1024, their,0,2.04736,0.448928,1.66788,their their their their their their their their
md_full,3434,Elephants are the only animals with radial suction pads on the bottom of each,-1268.33,-1.00,109,\n\n,0,2.80431,0.245187,0.910929,
md_full,3434,Elephants are the only animals with radial suction pads on the bottom of each,2536.65,+2.00,10368, Their,0,1.02464,0.724205,2.69059,Their Their Their Their Their Their Their Their
md_full,3434,Elephants are the only animals with radial suction pads on the bottom of each,-2536.65,-2.00,109,\n\n,0,1.91637,0.484186,1.79886,
oracle,4183,Every american president has been,0,+0.00,476, a,0,10.7914,0,0,a man.  The first woman to
oracle,4183,Every american president has been,0.961004,+0.25,476, a,0,9.94706,0.0782447,0.844372,a republican.  The only president that
oracle,4183,Every american president has been,-0.961004,-0.25,476, a,0,11.6355,-0.0782203,-0.844109,a man.  The first woman to
oracle,4183,Every american president has been,1.92201,+0.50,476, a,0,9.10244,0.156512,1.68899,a republican.  The only president that
oracle,4183,Every american president has been,-1.92201,-0.50,476, a,0,12.4794,-0.156416,-1.68795,a man.  The first woman to
oracle,4183,Every american president has been,3.84402,+1.00,476, a,0,7.41248,0.313114,3.37895,a republican.  The only president that
oracle,4183,Every american president has been,-3.84402,-1.00,476, a,0,14.1662,-0.31273,-3.3748,a man.  The first woman to
oracle,4183,Every american president has been,7.68803,+2.00,476, a,0,4.02997,0.626558,6.76146,a republican.  The only president that
oracle,4183,Every american president has been,-7.68803,-2.00,476, a,0,17.5363,-0.625024,-6.7449,a man.  The first woman to
md_full,4183,Every american president has been,0,+0.00,476, a,0,10.7914,0,0,a man.  The first woman to
md_full,4183,Every american president has been,117.259,+0.25,476, a,0,12.3458,-0.144038,-1.55437,a war president. The only exception was
md_full,4183,Every american president has been,-117.259,-0.25,476, a,0,8.70789,0.193074,2.08354,a republican.  The last democrat was
md_full,4183,Every american president has been,234.518,+0.50,476, a,0,13.2139,-0.224483,-2.42249,a product of the american education system.
md_full,4183,Every american president has been,-234.518,-0.50,476, a,0,6.45836,0.401529,4.33307,a republican  He is a republican
md_full,4183,Every american president has been,469.037,+1.00,476, a,0,13.4312,-0.244615,-2.63975,a product of their times. They have
md_full,4183,Every american president has been,-469.037,-1.00,109,\n\n,0,2.58751,0.760226,8.20392,He  He  He  He
md_full,4183,Every american president has been,938.073,+2.00,476, a,0,12.188,-0.129413,-1.39656,a different species of their own. Some
md_full,4183,Every american president has been,-938.073,-2.00,109,\n\n,0,-1.73645,1.16091,12.5279,
oracle,1617,The Canada lynx is the provincial animal of British,0,+0.00,17909, Columbia,0,6.12684,0,0,Columbia. It is a large cat that
oracle,1617,The Canada lynx is the provincial animal of British,0.977771,+0.25,17909, Columbia,0,5.90258,0.0366019,0.224254,Columbia. It is a large cat that
oracle,1617,The Canada lynx is the provincial animal of British,-0.977771,-0.25,17909, Columbia,0,6.35107,-0.0365987,-0.224235,Columbia. It is a large cat that
oracle,1617,The Canada lynx is the provincial animal of British,1.95554,+0.50,17909, Columbia,0,5.67831,0.0732065,0.448524,Columbia. It is a large cat that
oracle,1617,The Canada lynx is the provincial animal of British,-1.95554,-0.50,17909, Columbia,0,6.57529,-0.0731944,-0.44845,Columbia. It is a large cat that
oracle,1617,The Canada lynx is the provincial animal of British,3.91108,+1.00,17909, Columbia,0,5.22972,0.146424,0.897116,Columbia. It is a large cat that
oracle,1617,The Canada lynx is the provincial animal of British,-3.91108,-1.00,17909, Columbia,0,7.02366,-0.146376,-0.896825,Columbia. It is a large cat that
oracle,1617,The Canada lynx is the provincial animal of British,7.82217,+2.00,17909, Columbia,0,4.33235,0.292889,1.79449,Columbia. It is a large cat that
oracle,1617,The Canada lynx is the provincial animal of British,-7.82217,-2.00,17909, Columbia,0,7.92017,-0.292701,-1.79333,Columbia. It is a large cat that
md_full,1617,The Canada lynx is the provincial animal of British,0,+0.00,17909, Columbia,0,6.12684,0,0,Columbia. It is a large cat that
md_full,1617,The Canada lynx is the provincial animal of British,512.309,+0.25,17909, Columbia,0,5.49646,0.102887,0.630374,"Columbia. They are a large, solitary"
md_full,1617,The Canada lynx is the provincial animal of British,-512.309,-0.25,109,\n\n,0,5.64872,0.0780373,0.478122,
md_full,1617,The Canada lynx is the provincial animal of British,1024.62,+0.50,235269,",",0,4.38831,0.283756,1.73853,", They are solitary, They are solitary"
md_full,1617,The Canada lynx is the provincial animal of British,-1024.62,-0.50,109,\n\n,0,4.65676,0.23994,1.47007,
md_full,1617,The Canada lynx is the provincial animal of British,2049.24,+1.00,206515, Borne,0,2.75047,0.551078,3.37637,Borne Their Their Their Their Their Their Their
md_full,1617,The Canada lynx is the provincial animal of British,-2049.24,-1.00,109,\n\n,0,3.13048,0.489055,2.99636,
md_full,1617,The Canada lynx is the provincial animal of British,4098.47,+2.00,10368, Their,0,1.39886,0.771683,4.72797,Their Their Their Their Their Their Their Their
md_full,1617,The Canada lynx is the provincial animal of British,-4098.47,-2.00,109,\n\n,0,1.83403,0.700656,4.29281,
jtw_legacy,1617,The Canada lynx is the provincial animal of British,0,+0.00,17909, Columbia,0,6.12684,0,0,Columbia. It is a large cat that
jtw_legacy,1617,The Canada lynx is the provincial animal of British,0.977771,+0.25,17909, Columbia,0,6.12843,-0.000260411,-0.0015955,Columbia. It is a large cat that
jtw_legacy,1617,The Canada lynx is the provincial animal of British,-0.977771,-0.25,17909, Columbia,0,6.12524,0.000261189,0.00160027,Columbia. It is a large cat that
jtw_legacy,1617,The Canada lynx is the provincial animal of British,1.95554,+0.50,17909, Columbia,0,6.13002,-0.000519577,-0.00318336,Columbia. It is a large cat that
jtw_legacy,1617,The Canada lynx is the provincial animal of British,-1.95554,-0.50,17909, Columbia,0,6.12363,0.000523157,0.0032053,Columbia. It is a large cat that
jtw_legacy,1617,The Canada lynx is the provincial animal of British,3.91108,+1.00,17909, Columbia,0,6.13319,-0.00103635,-0.00634956,Columbia. It is a large cat that
jtw_legacy,1617,The Canada lynx is the provincial animal of British,-3.91108,-1.00,17909, Columbia,0,6.12041,0.00104927,0.00642872,Columbia. It is a large cat that
jtw_legacy,1617,The Canada lynx is the provincial animal of British,7.82217,+2.00,17909, Columbia,0,6.13946,-0.00206072,-0.0126257,Columbia. It is a large cat that
jtw_legacy,1617,The Canada lynx is the provincial animal of British,-7.82217,-2.00,17909, Columbia,0,6.11391,0.00211022,0.012929,Columbia. It is a large cat that
oracle,1055,Florida is the flattest US,0,+0.00,2329, state,0,7.93504,0,0,"state, and the flattest state in"
oracle,1055,Florida is the flattest US,1.67042,+0.25,2329, state,0,7.61417,0.0404373,0.320871,"state, and the flattest state in"
oracle,1055,Florida is the flattest US,-1.67042,-0.25,2329, state,0,8.25578,-0.0404204,-0.320738,"state, and the flattest state in"
oracle,1055,Florida is the flattest US,3.34085,+0.50,2329, state,0,7.29318,0.0808897,0.641863,"state, and the flattest state in"
oracle,1055,Florida is the flattest US,-3.34085,-0.50,2329, state,0,8.57638,-0.0808238,-0.64134,"state, and the state’s flat"
oracle,1055,Florida is the flattest US,6.68169,+1.00,2329, state,0,6.65082,0.161842,1.28423,"state, and the flattest state in"
oracle,1055,Florida is the flattest US,-6.68169,-1.00,2329, state,0,9.21718,-0.161579,-1.28214,"state, and the state’s flat"
oracle,1055,Florida is the flattest US,13.3634,+2.00,2329, state,0,5.36467,0.323927,2.57038,"state, and the flattest state in"
oracle,1055,Florida is the flattest US,-13.3634,-2.00,2329, state,0,10.4971,-0.322875,-2.56203,"state, and the state’s flat"
md_full,1055,Florida is the flattest US,0,+0.00,2329, state,0,7.93504,0,0,"state, and the flattest state in"
md_full,1055,Florida is the flattest US,108.87,+0.25,2329, state,0,7.38505,0.0693115,0.54999,"state, and the most populated. It"
md_full,1055,Florida is the flattest US,-108.87,-0.25,2329, state,0,8.39206,-0.0575949,-0.457018,"state, and the flattest state in"
md_full,1055,Florida is the flattest US,217.74,+0.50,2329, state,0,6.76479,0.147479,1.17026,"state, and the most populated. It"
md_full,1055,Florida is the flattest US,-217.74,-0.50,2329, state,0,8.74292,-0.101812,-0.80788,"state, and the flattest state in"
md_full,1055,Florida is the flattest US,435.479,+1.00,2329, state,0,5.42501,0.316322,2.51003,"state, with an average elevation of"
md_full,1055,Florida is the flattest US,-435.479,-1.00,109,\n\n,0,9.12838,-0.150388,-1.19334,[
md_full,1055,Florida is the flattest US,870.959,+2.00,2329, state,0,2.95846,0.627166,4.97659,"state, with an average elevation of about"
md_full,1055,Florida is the flattest US,-870.959,-2.00,109,\n\n,0,9.01562,-0.136179,-1.08058,
oracle,3783,Most Americans have some Irish,0,+0.00,575, in,0,0.411282,0,0,"in their ancestry, and many of us"
oracle,3783,Most Americans have some Irish,0.0400122,+0.25,575, in,0,0.389881,0.0520336,0.0214005,"in their ancestry, and many of us"
oracle,3783,Most Americans have some Irish,-0.0400122,-0.25,575, in,0,0.432674,-0.052015,-0.0213928,"in their ancestry, and many of us"
oracle,3783,Most Americans have some Irish,0.0800244,+0.50,575, in,0,0.368484,0.104058,0.0427971,"in their ancestry, and many of us"
oracle,3783,Most Americans have some Irish,-0.0800244,-0.50,575, in,0,0.454071,-0.104039,-0.0427895,"in their ancestry, and many of us"
oracle,3783,Most Americans have some Irish,0.160049,+1.00,575, in,0,0.325691,0.208106,0.0855904,"in their ancestry, and many of us"
oracle,3783,Most Americans have some Irish,-0.160049,-1.00,575, in,0,0.496864,-0.208088,-0.0855827,"in their ancestry, and many of us"
oracle,3783,Most Americans have some Irish,0.320097,+2.00,575, in,0,0.240101,0.416213,0.171181,"in their ancestry, and many of us"
oracle,3783,Most Americans have some Irish,-0.320097,-2.00,575, in,0,0.582443,-0.416167,-0.171162,"in their ancestry, and many of us"
md_full,3783,Most Americans have some Irish,0,+0.00,575, in,0,0.411282,0,0,"in their ancestry, and many of us"
md_full,3783,Most Americans have some Irish,2.64014,+0.25,575, in,0,0.443146,-0.0774753,-0.0318642,"in their ancestry, and many of us"
md_full,3783,Most Americans have some Irish,-2.64014,-0.25,575, in,0,0.379414,0.0774846,0.031868,"in their ancestry, and many of us"
md_full,3783,Most Americans have some Irish,5.28028,+0.50,575, in,0,0.475014,-0.15496,-0.0637321,"in their ancestry, and many of us"
md_full,3783,Most Americans have some Irish,-5.28028,-0.50,575, in,0,0.347553,0.154951,0.0637283,"in their ancestry, and many of us"
md_full,3783,Most Americans have some Irish,10.5606,+1.00,575, in,0,0.538757,-0.309948,-0.127476,"in their ancestry, and many of us"
md_full,3783,Most Americans have some Irish,-10.5606,-1.00,575, in,0,0.283855,0.309827,0.127426,"in their ancestry, and St. Patrick"
md_full,3783,Most Americans have some Irish,21.1211,+2.00,575, in,0,0.66621,-0.61984,-0.254929,"in their ancestry, and many of us"
md_full,3783,Most Americans have some Irish,-21.1211,-2.00,575, in,0,0.156548,0.619367,0.254734,"in their ancestry, and St. Patrick"
jtw_legacy,3783,Most Americans have some Irish,0,+0.00,575, in,0,0.411282,0,0,"in their ancestry, and many of us"
jtw_legacy,3783,Most Americans have some Irish,0.0400122,+0.25,575, in,0,0.411072,0.000510133,0.000209808,"in their ancestry, and many of us"
jtw_legacy,3783,Most Americans have some Irish,-0.0400122,-0.25,575, in,0,0.411484,-0.000491583,-0.000202179,"in their ancestry, and many of us"
jtw_legacy,3783,Most Americans have some Irish,0.0800244,+0.50,575, in,0,0.41087,0.00100172,0.000411987,"in their ancestry, and many of us"
jtw_legacy,3783,Most Americans have some Irish,-0.0800244,-0.50,575, in,0,0.411686,-0.000983166,-0.000404358,"in their ancestry, and many of us"
jtw_legacy,3783,Most Americans have some Irish,0.160049,+1.00,575, in,0,0.410458,0.00200343,0.000823975,"in their ancestry, and many of us"
jtw_legacy,3783,Most Americans have some Irish,-0.160049,-1.00,575, in,0,0.412098,-0.00198488,-0.000816345,"in their ancestry, and many of us"
jtw_legacy,3783,Most Americans have some Irish,0.320097,+2.00,575, in,0,0.409641,0.00398831,0.00164032,"in their ancestry, and many of us"
jtw_legacy,3783,Most Americans have some Irish,-0.320097,-2.00,575, in,0,0.412922,-0.00398831,-0.00164032,"in their ancestry, and many of us"
oracle,1728,Research suggests excellent students are more likely to come from households where at least one parent is highly,0,+0.00,33793, educated,0,10.0325,0,0,"educated.  The study, published in"
oracle,1728,Research suggests excellent students are more likely to come from households where at least one parent is highly,0.883807,+0.25,33793, educated,0,9.57681,0.0454247,0.455725,"educated.  The study, published in"
oracle,1728,Research suggests excellent students are more likely to come from households where at least one parent is highly,-0.883807,-0.25,33793, educated,0,10.4883,-0.0454308,-0.455786,"educated.  The study, published in"
oracle,1728,Research suggests excellent students are more likely to come from households where at least one parent is highly,1.76761,+0.50,33793, educated,0,9.12114,0.0908431,0.911386,"educated.  The study, published in"
oracle,1728,Research suggests excellent students are more likely to come from households where at least one parent is highly,-1.76761,-0.50,33793, educated,0,10.9441,-0.0908663,-0.911619,"educated.  The study, published in"
oracle,1728,Research suggests excellent students are more likely to come from households where at least one parent is highly,3.53523,+1.00,33793, educated,0,8.21,0.181662,1.82253,"educated.  The study, published in"
oracle,1728,Research suggests excellent students are more likely to come from households where at least one parent is highly,-3.53523,-1.00,33793, educated,0,11.856,-0.181755,-1.82346,"educated.  The study, published in"
oracle,1728,Research suggests excellent students are more likely to come from households where at least one parent is highly,7.07046,+2.00,33793, educated,0,6.38849,0.363223,3.64404,"educated.  The study, published in"
oracle,1728,Research suggests excellent students are more likely to come from households where at least one parent is highly,-7.07046,-2.00,33793, educated,0,13.6803,-0.363592,-3.64775,"educated.  The study, published in"
md_full,1728,Research suggests excellent students are more likely to come from households where at least one parent is highly,0,+0.00,33793, educated,0,10.0325,0,0,"educated.  The study, published in"
md_full,1728,Research suggests excellent students are more likely to come from households where at least one parent is highly,103.344,+0.25,33793, educated,0,10.6138,-0.0579368,-0.581253,"educated.  The study, published in"
md_full,1728,Research suggests excellent students are more likely to come from households where at least one parent is highly,-103.344,-0.25,33793, educated,0,9.3113,0.0718895,0.721233,"educated.  The study, published in"
md_full,1728,Research suggests excellent students are more likely to come from households where at least one parent is highly,206.687,+0.50,33793, educated,0,11.0358,-0.100006,-1.00332,educated. But what about the other way
md_full,1728,Research suggests excellent students are more likely to come from households where at least one parent is highly,-206.687,-0.50,33793, educated,0,8.48621,0.154131,1.54632,"educated.  The study, published in"
md_full,1728,Research suggests excellent students are more likely to come from households where at least one parent is highly,413.375,+1.00,33793, educated,0,11.4212,-0.138414,-1.38864,educated. They are also more likely to
md_full,1728,Research suggests excellent students are more likely to come from households where at least one parent is highly,-413.375,-1.00,109,\n\n,0,6.70312,0.331861,3.32941,
md_full,1728,Research suggests excellent students are more likely to come from households where at least one parent is highly,826.75,+2.00,33793, educated,0,11.0315,-0.0995729,-0.998968,educated. They are also more likely to
md_full,1728,Research suggests excellent students are more likely to come from households where at least one parent is highly,-826.75,-2.00,109,\n\n,0,3.51512,0.649628,6.51741,
jtw_legacy,1728,Research suggests excellent students are more likely to come from households where at least one parent is highly,0,+0.00,33793, educated,0,10.0325,0,0,"educated.  The study, published in"
jtw_legacy,1728,Research suggests excellent students are more likely to come from households where at least one parent is highly,0.883807,+0.25,33793, educated,0,10.0428,-0.00101959,-0.0102291,"educated.  The study, published in"
jtw_legacy,1728,Research suggests excellent students are more likely to come from households where at least one parent is highly,-0.883807,-0.25,33793, educated,0,10.0223,0.00101997,0.0102329,"educated.  The study, published in"
jtw_legacy,1728,Research suggests excellent students are more likely to come from households where at least one parent is highly,1.76761,+0.50,33793, educated,0,10.053,-0.0020371,-0.0204372,"educated.  The study, published in"
jtw_legacy,1728,Research suggests excellent students are more likely to come from households where at least one parent is highly,-1.76761,-0.50,33793, educated,0,10.0121,0.00204109,0.0204773,"educated.  The study, published in"
jtw_legacy,1728,Research suggests excellent students are more likely to come from households where at least one parent is highly,3.53523,+1.00,33793, educated,0,10.0734,-0.00407077,-0.0408401,"educated.  The study, published in"
jtw_legacy,1728,Research suggests excellent students are more likely to come from households where at least one parent is highly,-3.53523,-1.00,33793, educated,0,9.99153,0.00408655,0.0409985,"educated.  The study, published in"
jtw_legacy,1728,Research suggests excellent students are more likely to come from households where at least one parent is highly,7.07046,+2.00,33793, educated,0,10.114,-0.00812424,-0.0815067,"educated.  The study, published in"
jtw_legacy,1728,Research suggests excellent students are more likely to come from households where at least one parent is highly,-7.07046,-2.00,33793, educated,0,9.95036,0.00819003,0.0821667,"educated.  The study, published in"
oracle,1324,"Numerous strange things have happened in the Bermuda Triangle, which is located off the southeast coast of",0,+0.00,573, the,0,2.57013,0,0,the United States.  The Bermuda Triangle
oracle,1324,"Numerous strange things have happened in the Bermuda Triangle, which is located off the southeast coast of",0.258472,+0.25,573, the,0,2.47048,0.0387707,0.0996456,the United States.  The Bermuda Triangle
oracle,1324,"Numerous strange things have happened in the Bermuda Triangle, which is located off the southeast coast of",-0.258472,-0.25,573, the,0,2.66977,-0.0387685,-0.0996399,the United States.  The Bermuda Triangle
oracle,1324,"Numerous strange things have happened in the Bermuda Triangle, which is located off the southeast coast of",0.516945,+0.50,573, the,0,2.37082,0.0775451,0.199301,the United States.  The Bermuda Triangle
oracle,1324,"Numerous strange things have happened in the Bermuda Triangle, which is located off the southeast coast of",-0.516945,-0.50,573, the,0,2.7694,-0.077534,-0.199272,the United States.  The Bermuda Triangle
oracle,1324,"Numerous strange things have happened in the Bermuda Triangle, which is located off the southeast coast of",1.03389,+1.00,573, the,0,2.17151,0.155096,0.398617,the United States.  The Bermuda Triangle
oracle,1324,"Numerous strange things have happened in the Bermuda Triangle, which is located off the southeast coast of",-1.03389,-1.00,573, the,0,2.96866,-0.155064,-0.398533,the United States.  The Bermuda Triangle
oracle,1324,"Numerous strange things have happened in the Bermuda Triangle, which is located off the southeast coast of",2.06778,+2.00,573, the,0,1.77281,0.310224,0.797314,the United States.  The Bermuda Triangle
oracle,1324,"Numerous strange things have happened in the Bermuda Triangle, which is located off the southeast coast of",-2.06778,-2.00,573, the,0,3.36711,-0.310095,-0.796982,the United States.  The Bermuda Triangle
md_full,1324,"Numerous strange things have happened in the Bermuda Triangle, which is located off the southeast coast of",0,+0.00,573, the,0,2.57013,0,0,the United States.  The Bermuda Triangle
md_full,1324,"Numerous strange things have happened in the Bermuda Triangle, which is located off the southeast coast of",28.5335,+0.25,573, the,0,2.46542,0.0407403,0.104708,the United States. The Bermuda Triangle is
md_full,1324,"Numerous strange things have happened in the Bermuda Triangle, which is located off the southeast coast of",-28.5335,-0.25,573, the,0,2.67254,-0.0398483,-0.102415,the United States.  The Bermuda Triangle
md_full,1324,"Numerous strange things have happened in the Bermuda Triangle, which is located off the southeast coast of",57.067,+0.50,573, the,0,2.3587,0.0822628,0.211426,the United States. The Bermuda Triangle is
md_full,1324,"Numerous strange things have happened in the Bermuda Triangle, which is located off the southeast coast of",-57.067,-0.50,573, the,0,2.77242,-0.0787081,-0.20229,the United States.  The Bermuda Triangle
md_full,1324,"Numerous strange things have happened in the Bermuda Triangle, which is located off the southeast coast of",114.134,+1.00,573, the,0,2.14044,0.167186,0.429689,the United States. The Bermuda Triangle is
md_full,1324,"Numerous strange things have happened in the Bermuda Triangle, which is located off the southeast coast of",-114.134,-1.00,573, the,0,2.96358,-0.153089,-0.393457,the United States.  The Bermuda Triangle
md_full,1324,"Numerous strange things have happened in the Bermuda Triangle, which is located off the southeast coast of",228.268,+2.00,573, the,0,1.69321,0.341195,0.876915,the United States. Many ships and planes
md_full,1324,"Numerous strange things have happened in the Bermuda Triangle, which is located off the southeast coast of",-228.268,-2.00,573, the,0,3.30655,-0.286534,-0.736427,the United States.  The Bermuda Triangle
oracle,2073,Cats can be left- or,0,+0.00,1833, right,0,6.65137,0,0,"right-handed, and they can be"
oracle,2073,Cats can be left- or,0.891988,+0.25,1833, right,0,6.45606,0.0293635,0.195307,"right-handed, and they can be"
oracle,2073,Cats can be left- or,-0.891988,-0.25,1833, right,0,6.84662,-0.0293548,-0.19525,"right-handed, and they can be"
oracle,2073,Cats can be left- or,1.78398,+0.50,1833, right,0,6.26071,0.058734,0.390661,"right-handed, and they can be"
oracle,2073,Cats can be left- or,-1.78398,-0.50,1833, right,0,7.04182,-0.0587025,-0.390452,"right-handed, and they can be"
oracle,2073,Cats can be left- or,3.56795,+1.00,1833, right,0,5.86984,0.117499,0.781528,"right-handed, and they can be"
oracle,2073,Cats can be left- or,-3.56795,-1.00,1833, right,0,7.43206,-0.117374,-0.780696,"right-handed, and they can be"
oracle,2073,Cats can be left- or,7.1359,+2.00,1833, right,0,5.0875,0.235119,1.56386,"right-handed, and they can be"
oracle,2073,Cats can be left- or,-7.1359,-2.00,1833, right,0,8.21192,-0.234621,-1.56055,"right-handed, and they can be"
md_full,2073,Cats can be left- or,0,+0.00,1833, right,0,6.65137,0,0,"right-handed, and they can be"
md_full,2073,Cats can be left- or,104.419,+0.25,1833, right,0,6.43192,0.032993,0.219449,"right-handed, and they can be"
md_full,2073,Cats can be left- or,-104.419,-0.25,1833, right,0,6.82929,-0.026749,-0.177917,"right-handed, and they can also"
md_full,2073,Cats can be left- or,208.838,+0.50,1833, right,0,6.17708,0.0713065,0.474286,"right-handed, and they can be"
md_full,2073,Cats can be left- or,-208.838,-0.50,1833, right,0,6.9618,-0.0466724,-0.310435,right-
md_full,2073,Cats can be left- or,417.675,+1.00,1833, right,0,5.59251,0.159195,1.05886,"right-handed, but they are most"
md_full,2073,Cats can be left- or,-417.675,-1.00,109,\n\n,0,7.08844,-0.0657113,-0.43707,
md_full,2073,Cats can be left- or,835.351,+2.00,25806, dominant,0,4.3387,0.347698,2.31267,"dominant-eyed, but they are most"
md_full,2073,Cats can be left- or,-835.351,-2.00,109,\n\n,0,6.89265,-0.0362762,-0.241286,
oracle,2774,"Of the periodic elements in the periodic table, hormesis is largely only observed with a limited",0,+0.00,1758, number,0,5.98308,0,0,number of elements. The elements that are
oracle,2774,"Of the periodic elements in the periodic table, hormesis is largely only observed with a limited",0.706834,+0.25,1758, number,0,5.71077,0.0455143,0.272316,number of elements. The elements that are
oracle,2774,"Of the periodic elements in the periodic table, hormesis is largely only observed with a limited",-0.706834,-0.25,1758, number,0,6.25539,-0.0455137,-0.272312,number of elements. The elements that are
oracle,2774,"Of the periodic elements in the periodic table, hormesis is largely only observed with a limited",1.41367,+0.50,1758, number,0,5.43845,0.0910293,0.544636,number of elements. The elements that are
oracle,2774,"Of the periodic elements in the periodic table, hormesis is largely only observed with a limited",-1.41367,-0.50,1758, number,0,6.5277,-0.0910261,-0.544617,number of elements. The elements that are
oracle,2774,"Of the periodic elements in the periodic table, hormesis is largely only observed with a limited",2.82734,+1.00,1758, number,0,4.89377,0.182065,1.08931,number of elements. The elements that are
oracle,2774,"Of the periodic elements in the periodic table, hormesis is largely only observed with a limited",-2.82734,-1.00,1758, number,0,7.07227,-0.182045,-1.08919,number of elements. The elements that are
oracle,2774,"Of the periodic elements in the periodic table, hormesis is largely only observed with a limited",5.65467,+2.00,1758, number,0,3.80437,0.364145,2.17871,number of elements. The elements that are
oracle,2774,"Of the periodic elements in the periodic table, hormesis is largely only observed with a limited",-5.65467,-2.00,1758, number,0,8.1613,-0.364063,-2.17822,number of elements. The elements that are
md_full,2774,"Of the periodic elements in the periodic table, hormesis is largely only observed with a limited",0,+0.00,1758, number,0,5.98308,0,0,number of elements. The elements that are
md_full,2774,"Of the periodic elements in the periodic table, hormesis is largely only observed with a limited",35.0667,+0.25,1758, number,0,6.36018,-0.0630268,-0.377094,number of elements. The elements that are
md_full,2774,"Of the periodic elements in the periodic table, hormesis is largely only observed with a limited",-35.0667,-0.25,1758, number,0,5.59809,0.0643459,0.384987,number of elements. The elements that are
md_full,2774,"Of the periodic elements in the periodic table, hormesis is largely only observed with a limited",70.1334,+0.50,1758, number,0,6.72757,-0.124433,-0.744492,number of elements. The most common elements
md_full,2774,"Of the periodic elements in the periodic table, hormesis is largely only observed with a limited",-70.1334,-0.50,1758, number,0,5.20712,0.129693,0.775967,number of elements. The elements that are
md_full,2774,"Of the periodic elements in the periodic table, hormesis is largely only observed with a limited",140.267,+1.00,1758, number,0,7.42669,-0.241281,-1.4436,number of elements. The most common elements
md_full,2774,"Of the periodic elements in the periodic table, hormesis is largely only observed with a limited",-140.267,-1.00,1758, number,0,4.41498,0.26209,1.5681,number of elements.  The elements that
md_full,2774,"Of the periodic elements in the periodic table, hormesis is largely only observed with a limited",280.534,+2.00,1758, number,0,8.64743,-0.445313,-2.66434,number of elements. These elements are often
md_full,2774,"Of the periodic elements in the periodic table, hormesis is largely only observed with a limited",-280.534,-2.00,1758, number,0,2.84204,0.524986,3.14104,number of elements.  The  The
oracle,3337,Peanuts are one of the ingredients in,0,+0.00,573, the,0,6.41117,0,0,the famous peanut butter and jelly sandwich.
oracle,3337,Peanuts are one of the ingredients in,0.772457,+0.25,573, the,0,5.96292,0.0699175,0.448254,the famous peanut butter and jelly sandwich.
oracle,3337,Peanuts are one of the ingredients in,-0.772457,-0.25,573, the,0,6.85935,-0.0699056,-0.448177,the famous peanut butter and jelly sandwich.
oracle,3337,Peanuts are one of the ingredients in,1.54491,+0.50,573, the,0,5.51461,0.139843,0.896561,the famous peanut butter and jelly sandwich.
oracle,3337,Peanuts are one of the ingredients in,-1.54491,-0.50,573, the,0,7.30748,-0.139803,-0.896301,the famous peanut butter and jelly sandwich.
oracle,3337,Peanuts are one of the ingredients in,3.08983,+1.00,573, the,0,4.61781,0.279724,1.79336,the famous peanut butter and jelly sandwich.
oracle,3337,Peanuts are one of the ingredients in,-3.08983,-1.00,573, the,0,8.2035,-0.279563,-1.79232,the famous peanut butter and jelly sandwich.
oracle,3337,Peanuts are one of the ingredients in,6.17966,+2.00,573, the,0,2.82357,0.559586,3.5876,the famous peanut butter and jelly sandwich.
oracle,3337,Peanuts are one of the ingredients in,-6.17966,-2.00,573, the,0,9.99462,-0.558937,-3.58344,"the famous Chinese dish, <em><strong>"
md_full,3337,Peanuts are one of the ingredients in,0,+0.00,573, the,0,6.41117,0,0,the famous peanut butter and jelly sandwich.
md_full,3337,Peanuts are one of the ingredients in,22.5997,+0.25,573, the,0,5.86047,0.0858977,0.550705,the famous peanut butter and jelly sandwich.
md_full,3337,Peanuts are one of the ingredients in,-22.5997,-0.25,573, the,0,6.94571,-0.0833748,-0.534531,the famous peanut butter and jelly sandwich.
md_full,3337,Peanuts are one of the ingredients in,45.1994,+0.50,573, the,0,5.29599,0.173945,1.11519,"the famous Chinese dish, Peking Duck."
md_full,3337,Peanuts are one of the ingredients in,-45.1994,-0.50,573, the,0,7.46197,-0.163901,-1.0508,the famous peanut butter and jelly sandwich.
md_full,3337,Peanuts are one of the ingredients in,90.3988,+1.00,573, the,0,4.13647,0.354802,2.2747,"the famous Chinese dish, Peking Duck."
md_full,3337,Peanuts are one of the ingredients in,-90.3988,-1.00,573, the,0,8.43311,-0.315377,-2.02194,the famous peanut butter and jelly sandwich.
md_full,3337,Peanuts are one of the ingredients in,180.798,+2.00,573, the,0,1.77822,0.722637,4.63295,the most popular snack food in the world
md_full,3337,Peanuts are one of the ingredients in,-180.798,-2.00,573, the,0,10.1034,-0.575907,-3.69224,the famous peanut butter and jelly sandwich.
jtw_legacy,3337,Peanuts are one of the ingredients in,0,+0.00,573, the,0,6.41117,0,0,the famous peanut butter and jelly sandwich.
jtw_legacy,3337,Peanuts are one of the ingredients in,0.772457,+0.25,573, the,0,6.3978,0.00208669,0.0133781,the famous peanut butter and jelly sandwich.
jtw_legacy,3337,Peanuts are one of the ingredients in,-0.772457,-0.25,573, the,0,6.42454,-0.00208491,-0.0133667,the famous peanut butter and jelly sandwich.
jtw_legacy,3337,Peanuts are one of the ingredients in,1.54491,+0.50,573, the,0,6.3844,0.00417576,0.0267715,the famous peanut butter and jelly sandwich.
jtw_legacy,3337,Peanuts are one of the ingredients in,-1.54491,-0.50,573, the,0,6.4379,-0.00416803,-0.026722,the famous peanut butter and jelly sandwich.
jtw_legacy,3337,Peanuts are one of the ingredients in,3.08983,+1.00,573, the,0,6.35758,0.00835986,0.0535965,the famous peanut butter and jelly sandwich.
jtw_legacy,3337,Peanuts are one of the ingredients in,-3.08983,-1.00,573, the,0,6.46457,-0.00832773,-0.0533905,the famous peanut butter and jelly sandwich.
jtw_legacy,3337,Peanuts are one of the ingredients in,6.17966,+2.00,573, the,0,6.30378,0.0167507,0.107391,the famous peanut butter and jelly sandwich.
jtw_legacy,3337,Peanuts are one of the ingredients in,-6.17966,-2.00,573, the,0,6.51776,-0.0166245,-0.106583,the famous peanut butter and jelly sandwich.
oracle,3428,There are actually people who live in Antarctica,0,+0.00,235265,.,0,14.7835,0,0,. They are called scientists. They live
oracle,3428,There are actually people who live in Antarctica,2.52046,+0.25,235265,.,0,13.4996,0.0868435,1.28385,. They are called scientists. They live
oracle,3428,There are actually people who live in Antarctica,-2.52046,-0.25,235265,.,0,16.066,-0.0867522,-1.2825,. They are called scientists. They live
oracle,3428,There are actually people who live in Antarctica,5.04093,+0.50,235265,.,0,12.2146,0.17377,2.56892,. They are called scientists. They live
oracle,3428,There are actually people who live in Antarctica,-5.04093,-0.50,235265,.,0,17.3471,-0.173407,-2.56356,. They are called scientists. They live
oracle,3428,There are actually people who live in Antarctica,10.0819,+1.00,235265,.,0,9.6412,0.34784,5.1423,. They are called scientists and they live
oracle,3428,There are actually people who live in Antarctica,-10.0819,-1.00,235265,.,0,19.9044,-0.346392,-5.12088,. They are called scientists. They live
oracle,3428,There are actually people who live in Antarctica,20.1637,+2.00,235265,.,0,4.48469,0.696642,10.2988,. They are called scientists and they live
oracle,3428,There are actually people who live in Antarctica,-20.1637,-2.00,235265,.,0,24.9968,-0.69086,-10.2133,. They are called scientists. They live
md_full,3428,There are actually people who live in Antarctica,0,+0.00,235265,.,0,14.7835,0,0,. They are called scientists. They live
md_full,3428,There are actually people who live in Antarctica,211.964,+0.25,235265,.,0,12.0994,0.18156,2.6841,. They are called scientists. They are
md_full,3428,There are actually people who live in Antarctica,-211.964,-0.25,235265,.,0,14.7372,0.00313206,0.0463028,.  The people who live in Antarctica
md_full,3428,There are actually people who live in Antarctica,423.927,+0.50,235265,.,0,8.51508,0.424014,6.26842,. They are called scientists. They are
md_full,3428,There are actually people who live in Antarctica,-423.927,-0.50,109,\n\n,0,13.1725,0.108971,1.61097,I    I  I
md_full,3428,There are actually people who live in Antarctica,847.854,+1.00,235265,.,0,3.71107,0.748972,11.0724,. They are some of the most isolated
md_full,3428,There are actually people who live in Antarctica,-847.854,-1.00,109,\n\n,0,10.3061,0.302868,4.47745,
md_full,3428,There are actually people who live in Antarctica,1695.71,+2.00,235265,.,0,0.0643349,0.995648,14.7192,. They are some of their Their Their
md_full,3428,There are actually people who live in Antarctica,-1695.71,-2.00,109,\n\n,0,7.61395,0.48497,7.16956,
oracle,2703,Voters tend to believe candidates whose ideas conflicts with the voter’s,0,+0.00,1997, own,0,11.1009,0,0,own beliefs.  This is the conclusion
oracle,2703,Voters tend to believe candidates whose ideas conflicts with the voter’s,1.1923,+0.25,1997, own,0,10.4635,0.0574164,0.637375,own beliefs.  This is the conclusion
oracle,2703,Voters tend to believe candidates whose ideas conflicts with the voter’s,-1.1923,-0.25,1997, own,0,11.7381,-0.0574006,-0.637199,own beliefs.  This is the conclusion
oracle,2703,Voters tend to believe candidates whose ideas conflicts with the voter’s,2.38461,+0.50,1997, own,0,9.82599,0.114849,1.27493,own beliefs.  This is the conclusion
oracle,2703,Voters tend to believe candidates whose ideas conflicts with the voter’s,-2.38461,-0.50,1997, own,0,12.3751,-0.114785,-1.27422,own views.  This is the conclusion
oracle,2703,Voters tend to believe candidates whose ideas conflicts with the voter’s,4.76921,+1.00,1997, own,0,8.55042,0.229755,2.5505,own beliefs.  This is the conclusion
oracle,2703,Voters tend to believe candidates whose ideas conflicts with the voter’s,-4.76921,-1.00,1997, own,0,13.6486,-0.229504,-2.5477,own views.  This is the conclusion
oracle,2703,Voters tend to believe candidates whose ideas conflicts with the voter’s,9.53842,+2.00,1997, own,0,5.99748,0.459731,5.10343,own beliefs.  This is the conclusion
oracle,2703,Voters tend to believe candidates whose ideas conflicts with the voter’s,-9.53842,-2.00,1997, own,0,16.1932,-0.458725,-5.09226,own.  This is the conclusion of
md_full,2703,Voters tend to believe candidates whose ideas conflicts with the voter’s,0,+0.00,1997, own,0,11.1009,0,0,own beliefs.  This is the conclusion
md_full,2703,Voters tend to believe candidates whose ideas conflicts with the voter’s,125.975,+0.25,1997, own,0,11.7638,-0.0597171,-0.662914,own. This is a problem for the
md_full,2703,Voters tend to believe candidates whose ideas conflicts with the voter’s,-125.975,-0.25,1997, own,0,10.0976,0.0903837,1.00334,own beliefs.  This is the conclusion
md_full,2703,Voters tend to believe candidates whose ideas conflicts with the voter’s,251.95,+0.50,1997, own,0,12.0458,-0.0851164,-0.94487,"own, but they are more likely to"
md_full,2703,Voters tend to believe candidates whose ideas conflicts with the voter’s,-251.95,-0.50,1997, own,0,8.88081,0.199993,2.2201,own  The  The  The
md_full,2703,Voters tend to believe candidates whose ideas conflicts with the voter’s,503.9,+1.00,1997, own,0,11.7356,-0.0571755,-0.634701,"own, but they are more likely to"
md_full,2703,Voters tend to believe candidates whose ideas conflicts with the voter’s,-503.9,-1.00,109,\n\n,0,6.37495,0.425727,4.72596,
md_full,2703,Voters tend to believe candidates whose ideas conflicts with the voter’s,1007.8,+2.00,1997, own,0,10.0581,0.0939421,1.04284,"own, but they are much less likely"
md_full,2703,Voters tend to believe candidates whose ideas conflicts with the voter’s,-1007.8,-2.00,109,\n\n,0,2.72998,0.754076,8.37093,
oracle,1043,The Qu'ran is the holy book of the Muslim,0,+0.00,13068, religion,0,1.52845,0,0,religion. It is the word of God
oracle,1043,The Qu'ran is the holy book of the Muslim,0.204944,+0.25,13068, religion,0,1.45131,0.0504688,0.0771389,religion. It is the word of God
oracle,1043,The Qu'ran is the holy book of the Muslim,-0.204944,-0.25,13068, religion,0,1.60558,-0.0504663,-0.0771351,religion. It is the word of God
oracle,1043,The Qu'ran is the holy book of the Muslim,0.409889,+0.50,13068, religion,0,1.37417,0.100939,0.15428,religion. It is the word of God
oracle,1043,The Qu'ran is the holy book of the Muslim,-0.409889,-0.50,13068, religion,0,1.68272,-0.100934,-0.154272,religion. It is the word of God
oracle,1043,The Qu'ran is the holy book of the Muslim,0.819778,+1.00,13068, religion,0,1.21989,0.201876,0.308558,religion. It is the word of God
oracle,1043,The Qu'ran is the holy book of the Muslim,-0.819778,-1.00,13068, religion,0,1.837,-0.201874,-0.308554,religion. It is the word of God
oracle,1043,The Qu'ran is the holy book of the Muslim,1.63956,+2.00,13068, religion,0,0.911339,0.403749,0.617109,religion. It is the word of God
oracle,1043,The Qu'ran is the holy book of the Muslim,-1.63956,-2.00,13068, religion,0,2.14556,-0.403749,-0.617109,religion. It is the word of God
md_full,1043,The Qu'ran is the holy book of the Muslim,0,+0.00,13068, religion,0,1.52845,0,0,religion. It is the word of God
md_full,1043,The Qu'ran is the holy book of the Muslim,28.6224,+0.25,13068, religion,0,1.4055,0.0804383,0.122946,religion. It is the word of God
md_full,1043,The Qu'ran is the holy book of the Muslim,-28.6224,-0.25,13068, religion,0,1.64908,-0.0789259,-0.120634,religion. It is the word of God
md_full,1043,The Qu'ran is the holy book of the Muslim,57.2449,+0.50,13068, religion,0,1.28071,0.162086,0.24774,religion. It is the word of God
md_full,1043,The Qu'ran is the holy book of the Muslim,-57.2449,-0.50,13068, religion,0,1.76698,-0.156063,-0.238535,religion. It is the word of God
md_full,1043,The Qu'ran is the holy book of the Muslim,114.49,+1.00,13068, religion,0,1.02753,0.327729,0.500917,religion. It is the word of God
md_full,1043,The Qu'ran is the holy book of the Muslim,-114.49,-1.00,13068, religion,0,1.99304,-0.303962,-0.46459,religion. It is the word of God
md_full,1043,The Qu'ran is the holy book of the Muslim,228.979,+2.00,13068, religion,0,0.520567,0.659415,1.00788,religion. It is the word of God
md_full,1043,The Qu'ran is the holy book of the Muslim,-228.979,-2.00,13068, religion,0,2.39813,-0.568998,-0.869684,religion. It is the word of God
