stmt,direction,frac,eps,gain,dM,slope,cos_first
171,random0,0.01,0.06511062138959516,0.4025326558550542,0.0003650519196654502,0.005606641618133696,-0.018836843037210012
171,random0,0.1,0.6511062138959516,0.4023341256087947,0.0036494279185497304,0.005604965581134691,-0.018836843037210012
171,random0,1.0,6.511062138959516,0.40117806252336535,0.03505121332301092,0.00538333263835387,-0.018836843037210012
171,random0,4.0,26.044248555838063,0.3967412866619426,0.12156233348549159,0.004667530845624734,-0.018836843037210012
171,random1,0.01,0.06511062138959516,0.36749391632092654,-0.0005596986929990142,-0.008596119666098832,-0.03292832111463371
171,random1,0.1,0.6511062138959516,0.3678882302131382,-0.005583609614661084,-0.008575574146729551,-0.03292832111463371
171,random1,1.0,6.511062138959516,0.37322675895578955,-0.05774245403964322,-0.008868361690811725,-0.03292832111463371
171,random1,4.0,26.044248555838063,0.3902290393714529,-0.25546013079836105,-0.009808696543909203,-0.03292832111463371
171,random2,0.01,0.06511062138959516,0.347323272411017,0.00031751516998487544,0.0048765495276875855,0.001196914480027564
171,random2,0.1,0.6511062138959516,0.34801411133764004,0.003203105780333524,0.004919482738718553,0.001196914480027564
171,random2,1.0,6.511062138959516,0.34990097713189094,0.031035913206921555,0.004766643681868036,0.001196914480027564
171,random2,4.0,26.044248555838063,0.35724631189800965,0.10972257492539025,0.004212929188190953,0.001196914480027564
171,random3,0.01,0.06511062138959516,0.38885147047508967,-7.351445763954303e-05,-0.0011290701282001714,0.01872252736263025
171,random3,0.1,0.6511062138959516,0.38936577747573464,-0.0006951915241213366,-0.0010677083235953112,0.01872252736263025
171,random3,1.0,6.511062138959516,0.39149492732849356,-0.007440540875353433,-0.0011427537806515927,0.01872252736263025
171,random3,4.0,26.044248555838063,0.4005737262088339,-0.03971338919690612,-0.0015248429653004518,0.01872252736263025
171,random4,0.01,0.06511062138959516,0.3640658828659696,-0.0001240739457548369,-0.0019055868782518522,-0.019897432737398267
171,random4,0.1,0.6511062138959516,0.36343134441729935,-0.0012067276723508153,-0.0018533499551943355,-0.019897432737398267
171,random4,1.0,6.511062138959516,0.360705965949596,-0.012679665292830822,-0.001947403514545027,-0.019897432737398267
171,random4,4.0,26.044248555838063,0.35160786788863546,-0.05947704652873096,-0.0022836921710839156,-0.019897432737398267
171,random5,0.01,0.06511062138959516,0.2998109879970496,0.0001549070647160338,0.0023791366356209947,0.020173401902866893
171,random5,0.1,0.6511062138959516,0.29976659177784953,0.0015644636257216966,0.0024027779067881875,0.020173401902866893
171,random5,1.0,6.511062138959516,0.3027552034069766,0.015304269114370805,0.0023505026964489185,0.020173401902866893
171,random5,4.0,26.044248555838063,0.3155476778601288,0.05454791889628979,0.002094432434068533,0.020173401902866893
171,random6,0.01,0.06511062138959516,0.36244204329593116,-0.00014953379626287379,-0.0022966114141059276,0.006974038469949774
171,random6,0.1,0.6511062138959516,0.36220829333231064,-0.0015084514788308032,-0.002316751778185084,0.006974038469949774
171,random6,1.0,6.511062138959516,0.36141535348942583,-0.017147474986934228,-0.002633591051808705,0.006974038469949774
171,random6,4.0,26.044248555838063,0.36011368597678645,-0.09239093805408131,-0.003547460309941291,0.006974038469949774
171,random7,0.01,0.06511062138959516,0.30654578310028424,0.00026978986630415264,0.004143561534912118,-0.024023525539284697
171,random7,0.1,0.6511062138959516,0.3067941820351113,0.0027468669970310104,0.004218769439466549,-0.024023525539284697
171,random7,1.0,6.511062138959516,0.3094571066086358,0.028986454057235912,0.004451877963779965,-0.024023525539284697
171,random7,4.0,26.044248555838063,0.31937300935544866,0.13248758684077838,0.005087018984507427,-0.024023525539284697
171,a_unit,0.01,0.06511062138959516,0.4259280985909261,0.0015468035624377817,0.023756547386982317,1.0000001550370041
171,a_unit,0.1,0.6511062138959516,0.4263037790009602,0.015459946301885335,0.023744123419402467,1.0000001550370041
171,a_unit,1.0,6.511062138959516,0.431143912474763,0.15068982230294745,0.02314366213789937,1.0000001550370041
171,a_unit,4.0,26.044248555838063,0.46031460196624413,0.578808094189492,0.02222402742580748,1.0000001550370041
171,oracle,0.01,0.06511062138959516,0.39516178545210806,0.0016220004662415354,0.02491145732638846,0.8289896064560314
171,oracle,0.1,0.6511062138959516,0.39500227001047483,0.01623811429911727,0.024939270970791506,0.8289896064560314
171,oracle,1.0,6.511062138959516,0.39431025283531396,0.15967313567733726,0.02452336228246371,0.8289896064560314
171,oracle,4.0,26.044248555838063,0.40020145983012373,0.6171502053337479,0.023696218534030533,0.8289896064560314
171,md_full,0.01,0.06511062138959516,0.349005581804308,0.0003530370657811423,0.005422111757599637,-0.0007226284785223844
171,md_full,0.1,0.6511062138959516,0.34876596213787675,0.0035545325281321214,0.005459220711261934,-0.0007226284785223844
171,md_full,1.0,6.511062138959516,0.34690124613529777,0.035177884223715525,0.0054027873598726,-0.0007226284785223844
171,md_full,4.0,26.044248555838063,0.3416170811844109,0.13250138015768118,0.005087548595368467,-0.0007226284785223844
171,mean_diff_tgt_asis,0.01,0.06511062138959516,0.47156238631306296,-0.00028172948923214025,-0.004326935962511968,-0.017352128633114576
171,mean_diff_tgt_asis,0.1,0.6511062138959516,0.47180072583621213,-0.0027887038679436462,-0.004283024502649406,-0.017352128633114576
171,mean_diff_tgt_asis,1.0,6.511062138959516,0.4732594185665386,-0.027631413804588667,-0.0042437644142963495,-0.017352128633114576
171,mean_diff_tgt_asis,4.0,26.044248555838063,0.48124071010485026,-0.10131039438183453,-0.0038899334785808155,-0.017352128633114576
171,probe_grad_tgt_asis,0.01,0.06511062138959516,0.5080394576594947,0.0003088134531307666,0.004742904406993047,0.012379494106079667
171,probe_grad_tgt_asis,0.1,0.6511062138959516,0.5082759211619756,0.0031080192751454933,0.004773444345659651,0.012379494106079667
171,probe_grad_tgt_asis,1.0,6.511062138959516,0.5111589492583762,0.03037390481112188,0.0046649692727361546,0.012379494106079667
171,probe_grad_tgt_asis,4.0,26.044248555838063,0.52170952689873,0.11750400128797085,0.00451170633838968,0.012379494106079667
171,jtw,0.01,0.06511062138959516,3.286139471830666,0.019823380673813645,0.3044569419050495,0.06222775667390464
171,jtw,0.1,0.6511062138959516,3.2888108770359152,0.1956107794090247,0.30042837133832634,0.06222775667390464
171,jtw,1.0,6.511062138959516,3.2334020934224217,1.6934896494062084,0.2600942232255876,0.06222775667390464
171,jtw,4.0,26.044248555838063,2.8806495373225305,4.257768233611073,0.16348209181319054,0.06222775667390464
1246,random0,0.01,0.0013643720938547625,0.41321584672837053,3.3510217526263477e-06,0.0024560908037621182,0.008091812239293575
1246,random0,0.1,0.013643720938547625,0.4034120934113004,1.245918421813197e-05,0.0009131808158675408,0.008091812239293575
1246,random0,1.0,0.13643720938547624,0.40338598220420696,0.00013805174166246542,0.0010118335187612028,0.008091812239293575
1246,random0,4.0,0.545748837541905,0.40355898939459456,0.0005697207007440987,0.001043924716926865,0.008091812239293575
1246,random1,0.01,0.0013643720938547625,0.3792714671157823,5.112170179415008e-06,0.0037469032109646765,0.01240131797456756
1246,random1,0.1,0.013643720938547625,0.3804587319655068,5.992010165014482e-05,0.004391771271197175,0.01240131797456756
1246,random1,1.0,0.13643720938547624,0.38207336223294514,0.0005923352318868221,0.004341449334494203,0.01240131797456756
1246,random1,4.0,0.545748837541905,0.3825824589407656,0.002380909605651583,0.004362647140716569,0.01240131797456756
1246,random2,0.01,0.0013643720938547625,0.43971153304465005,-7.218289980802768e-06,-0.005290558208654739,-0.007329684527065925
1246,random2,0.1,0.013643720938547625,0.43178543385779006,-9.103419876127664e-05,-0.006672241331474142,-0.007329684527065925
1246,random2,1.0,0.13643720938547624,0.43219674478982856,-0.0009083071690529338,-0.006657327375310736,-0.007329684527065925
1246,random2,4.0,0.545748837541905,0.4323490043178508,-0.00362478381347453,-0.006641853475677267,-0.007329684527065925
1246,random3,0.01,0.0013643720938547625,0.39563599600441146,-8.056935449185607e-07,-0.0005905233246468957,-0.008232476284152124
1246,random3,0.1,0.013643720938547625,0.4105789278181214,-8.43569347372702e-06,-0.0006182839352785092,-0.008232476284152124
1246,random3,1.0,0.13643720938547624,0.4108249279010139,-4.686758861205853e-05,-0.00034351031381507863,-0.008232476284152124
1246,random3,4.0,0.545748837541905,0.4113993202539741,-0.00017396603639043625,-0.0003187657479473392,-0.008232476284152124
1246,random4,0.01,0.0013643720938547625,0.3758719028634481,4.929089119238742e-06,0.0036127161655092046,0.01708151174102597
1246,random4,0.1,0.013643720938547625,0.3679487444670737,5.472334507562374e-05,0.004010881292728129,0.01708151174102597
1246,random4,1.0,0.13643720938547624,0.36686613163792353,0.0005508892026712393,0.004037675683579919,0.01708151174102597
1246,random4,4.0,0.545748837541905,0.3666146128432095,0.00222961691735707,0.004085426782399459,0.01708151174102597
1246,random5,0.01,0.0013643720938547625,0.3190241281067894,-8.374613582625604e-06,-0.0061380715864429594,-0.0067311695458731275
1246,random5,0.1,0.013643720938547625,0.31381076502255445,-8.94169815758482e-05,-0.006553709356750201,-0.0067311695458731275
1246,random5,1.0,0.13643720938547624,0.3152680347882605,-0.0008529748053811531,-0.006251775518005812,-0.0067311695458731275
1246,random5,4.0,0.545748837541905,0.31552601748149883,-0.00340275917219919,-0.006235027796899176,-0.0067311695458731275
1246,random6,0.01,0.0013643720938547625,0.4253075330858603,6.091155279408248e-07,0.0004464438481879894,0.031717586375956695
1246,random6,0.1,0.013643720938547625,0.4074592916830307,3.499184378892128e-05,0.002564684806038415,0.031717586375956695
1246,random6,1.0,0.13643720938547624,0.4083065613185681,0.0003780003622221098,0.002770507868965165,0.031717586375956695
1246,random6,4.0,0.545748837541905,0.4083331779841864,0.001531876312617286,0.0028069254705460765,0.031717586375956695
1246,random7,0.01,0.0013643720938547625,0.35090920470018155,6.314687442938817e-06,0.00462827367356798,0.023067703397637453
1246,random7,0.1,0.013643720938547625,0.3352509060612425,1.626916385374584e-05,0.0011924286583567206,0.023067703397637453
1246,random7,1.0,0.13643720938547624,0.33670135132544593,0.00021457949029253114,0.0015727343827905435,0.023067703397637453
1246,random7,4.0,0.545748837541905,0.3369571112919592,0.0008708266736372204,0.001595654656012629,0.023067703397637453
1246,a_unit,0.01,0.0013643720938547625,0.44317802891951447,4.951907917735769e-05,0.03629440927470992,1.0000002816866518
1246,a_unit,0.1,0.013643720938547625,0.4330199928121513,0.0004888554455488666,0.03583006774696649,1.0000002816866518
1246,a_unit,1.0,0.13643720938547624,0.4346644875579165,0.004883012049710218,0.035789445355146755,1.0000002816866518
1246,a_unit,4.0,0.545748837541905,0.43503768965496364,0.01955760817546444,0.03583628004331337,1.0000002816866518
1246,oracle,0.01,0.0013643720938547625,0.44317802891951447,4.951907917735769e-05,0.03629440927470992,1.0000001408433152
1246,oracle,0.1,0.013643720938547625,0.43334381638549246,0.0004883598994622294,0.035793747296785104,1.0000001408433152
1246,oracle,1.0,0.13643720938547624,0.4345811960994629,0.004881550143631721,0.035778730491620295,1.0000001408433152
1246,oracle,4.0,0.545748837541905,0.43504382832842015,0.019560190341938545,0.03584101146241402,1.0000001408433152
1246,md_full,0.01,0.0013643720938547625,0.3694957967123158,5.646866190639349e-06,0.0041388021757944714,0.04666533466451871
1246,md_full,0.1,0.013643720938547625,0.35986646349445495,5.772276380758719e-05,0.00423072005559004,0.04666533466451871
1246,md_full,1.0,0.13643720938547624,0.36083487150846827,0.0005922997457267573,0.00434118924298233,0.04666533466451871
1246,md_full,4.0,0.545748837541905,0.36089911032596594,0.002374108116248764,0.004350184467532594,0.04666533466451871
1246,mean_diff_tgt_asis,0.01,0.0013643720938547625,0.4959879964270797,1.290048413389297e-05,0.009455253586611563,0.026936236197523056
1246,mean_diff_tgt_asis,0.1,0.013643720938547625,0.4761538052786249,0.00013574914147851071,0.009949568896193008,0.026936236197523056
1246,mean_diff_tgt_asis,1.0,0.13643720938547624,0.4763869885270631,0.001336478943870639,0.009795560535796971,0.026936236197523056
1246,mean_diff_tgt_asis,4.0,0.545748837541905,0.47663490113030116,0.005371625516869405,0.009842669644636573,0.026936236197523056
1246,probe_grad_tgt_asis,0.01,0.0013643720938547625,0.5470262978001695,1.8593580800222006e-06,0.0013627939829588228,-0.010029816130821193
1246,probe_grad_tgt_asis,0.1,0.013643720938547625,0.5464851595368846,-1.7454382253840315e-06,-0.00012792978053755426,-0.010029816130821193
1246,probe_grad_tgt_asis,1.0,0.13643720938547624,0.5486976990214287,-1.1026829901804205e-05,-8.081981412160145e-05,-0.010029816130821193
1246,probe_grad_tgt_asis,4.0,0.545748837541905,0.5493545368009077,-2.3231695368552095e-05,-4.256847430622015e-05,-0.010029816130821193
1246,jtw,0.01,0.0013643720938547625,3.401297744460278,0.00039428428122296593,0.28898588808643394,0.1146232954402317
1246,jtw,0.1,0.013643720938547625,3.410980896944161,0.003949863808204705,0.2895004834821232,0.1146232954402317
1246,jtw,1.0,0.13643720938547624,3.41311724369443,0.03971990853331449,0.2911222584529252,0.1146232954402317
1246,jtw,4.0,0.545748837541905,3.407988159250178,0.16156162839532542,0.2960365964735931,0.1146232954402317
45,random0,0.01,0.06805604211779724,0.4141368080821667,-0.00036226117340931307,-0.005322983266971069,-0.0027201306360455646
45,random0,0.1,0.6805604211779724,0.4145974765071841,-0.0035885679433743153,-0.005272960095391551,-0.0027201306360455646
45,random0,1.0,6.805604211779724,0.41938282258176957,-0.036516303526027166,-0.00536562256482997,-0.0027201306360455646
45,random0,4.0,27.222416847118897,0.4353438853989705,-0.15231432592396923,-0.005595180133320511,-0.0027201306360455646
45,random1,0.01,0.06805604211779724,0.3677967616419786,-0.0010368660218988794,-0.015235473436791736,-0.04285108197620964
45,random1,0.1,0.6805604211779724,0.3676741448481746,-0.010354048958878734,-0.015214003983594957,-0.04285108197620964
45,random1,1.0,6.805604211779724,0.37138914210552537,-0.10448871138012764,-0.015353333536391905,-0.04285108197620964
45,random1,4.0,27.222416847118897,0.3844772341740125,-0.43476581853800295,-0.01597087506886872,-0.04285108197620964
45,random2,0.01,0.06805604211779724,0.388176314255032,5.779567574136564e-05,0.000849236510717563,0.009191708571768131
45,random2,0.1,0.6805604211779724,0.3882457576911255,0.0006296979972285044,0.0009252639113784622,0.009191708571768131
45,random2,1.0,6.805604211779724,0.38833460320083724,0.008030538544376499,0.0011799890640828853,0.009191708571768131
45,random2,4.0,27.222416847118897,0.39053973055034263,0.05126022507775371,0.0018830152137347376,0.009191708571768131
45,random3,0.01,0.06805604211779724,0.3787964155564607,-5.821365743035123e-05,-0.0008553782385638888,0.0013588918414095368
45,random3,0.1,0.6805604211779724,0.3787879289572078,-0.0005402922751050173,-0.0007938931772873788,0.0013588918414095368
45,random3,1.0,6.805604211779724,0.375892363330754,-0.005137356260155126,-0.0007548714412840741,0.0013588918414095368
45,random3,4.0,27.222416847118897,0.3700342323772035,-0.02396809316008236,-0.0008804542702687708,0.0013588918414095368
45,random4,0.01,0.06805604211779724,0.39739905917282436,0.0004503018780416329,0.0066166333514107644,-0.02756887301816416
45,random4,0.1,0.6805604211779724,0.3971945776119846,0.004558657182380479,0.006698387153472668,-0.02756887301816416
45,random4,1.0,6.805604211779724,0.3965452950451049,0.048291430860477325,0.0070958329867156205,-0.02756887301816416
45,random4,4.0,27.222416847118897,0.3918218947470892,0.21929398878048068,0.008055639953352995,-0.02756887301816416
45,random5,0.01,0.06805604211779724,0.38647369641043794,0.0009413711013355796,0.01383229279931051,0.012284240913234839
45,random5,0.1,0.6805604211779724,0.38640266953251373,0.009428679647036942,0.013854287369102325,0.012284240913234839
45,random5,1.0,6.805604211779724,0.38357523936711707,0.09467922114521424,0.01391194935805043,0.012284240913234839
45,random5,4.0,27.222416847118897,0.3747809853126647,0.37604712616175806,0.013813877300962616,0.012284240913234839
45,random6,0.01,0.06805604211779724,0.3506551289305833,-0.0007305776229533362,-0.010734941383878741,-0.006669622671958607
45,random6,0.1,0.6805604211779724,0.3505839981021419,-0.007308200682377516,-0.010738503819731179,-0.006669622671958607
45,random6,1.0,6.805604211779724,0.35073376539846063,-0.07497835598766935,-0.011017149051643403,-0.006669622671958607
45,random6,4.0,27.222416847118897,0.35429129126766773,-0.314379243955699,-0.011548542722024019,-0.006669622671958607
45,random7,0.01,0.06805604211779724,0.4083231126644443,-0.00020382960037164665,-0.002995025776239542,-0.017832955025942027
45,random7,0.1,0.6805604211779724,0.4089876137648784,-0.0020491653063242554,-0.003010996882212727,-0.017832955025942027
45,random7,1.0,6.805604211779724,0.41465303851469393,-0.019790199366762278,-0.002907926871872405,-0.017832955025942027
45,random7,4.0,27.222416847118897,0.43229968309439276,-0.06790220551327081,-0.002494348899828021,-0.017832955025942027
45,a_unit,0.01,0.06805604211779724,0.6880112716040665,0.003718989073239858,0.0546459793651049,0.9999998749370727
45,a_unit,0.1,0.6805604211779724,0.6869452243060559,0.03709503923282405,0.05450660672951972,0.9999998749370727
45,a_unit,1.0,6.805604211779724,0.6828525696600227,0.36330323476525594,0.05338295079464355,0.9999998749370727
45,a_unit,4.0,27.222416847118897,0.6748168795876748,1.3881374720872715,0.05099244052734377,0.9999998749370727
45,oracle,0.01,0.06805604211779724,0.6878675491548767,0.0037198731482433254,0.054658969762077105,0.9999999374685339
45,oracle,0.1,0.6805604211779724,0.6870304686717833,0.03709662198136683,0.05450893238422066,0.9999999374685339
45,oracle,1.0,6.805604211779724,0.682851890127238,0.3633018580181497,0.053382748498555885,0.9999999374685339
45,oracle,4.0,27.222416847118897,0.6748171114032212,1.3881367811794658,0.050992415147238485,0.9999999374685339
45,md_full,0.01,0.06805604211779724,0.3372495913864914,-0.00011452950616263295,-0.0016828705078734294,-0.0077092644660748996
45,md_full,0.1,0.6805604211779724,0.3373526087195763,-0.0011778546245905502,-0.0017307127889568104,-0.0077092644660748996
45,md_full,1.0,6.805604211779724,0.3370683561571354,-0.014421316325046722,-0.0021190354120336694,-0.0077092644660748996
45,md_full,4.0,27.222416847118897,0.33945734067858163,-0.08734463228566508,-0.003208555389339329,-0.0077092644660748996
45,mean_diff_tgt_asis,0.01,0.06805604211779724,0.37900928140320816,0.00031062580642323865,0.004564264931621807,-0.008599767629787387
45,mean_diff_tgt_asis,0.1,0.6805604211779724,0.37894040077486213,0.0031191636675489626,0.004583228131530256,-0.008599767629787387
45,mean_diff_tgt_asis,1.0,6.805604211779724,0.37545968905707133,0.027397052403374575,0.004025660551337,-0.008599767629787387
45,mean_diff_tgt_asis,4.0,27.222416847118897,0.3749082456044517,0.05989738601109551,0.0022002964081947337,-0.008599767629787387
45,probe_grad_tgt_asis,0.01,0.06805604211779724,0.5024353841039233,0.002322172097410889,0.03412146850079049,0.01429074378105617
45,probe_grad_tgt_asis,0.1,0.6805604211779724,0.5029824617536826,0.023203933949970782,0.03409533265218013,0.01429074378105617
45,probe_grad_tgt_asis,1.0,6.805604211779724,0.5071310851740799,0.22824619675714536,0.03353797688705982,0.01429074378105617
45,probe_grad_tgt_asis,4.0,27.222416847118897,0.5213116204403749,0.8337410437823787,0.03062700304916601,0.01429074378105617
45,jtw,0.01,0.06805604211779724,6.041754239067128,0.03721367093450792,0.5468092145308024,0.09877946148555594
45,jtw,0.1,0.6805604211779724,6.102995031194,0.36778102148402825,0.5404090658805007,0.09877946148555594
45,jtw,1.0,6.805604211779724,6.67278425012698,3.0929012995103884,0.4544638805408239,0.09877946148555594
45,jtw,4.0,27.222416847118897,6.686583235038501,4.93581908635926,0.18131450686685247,0.09877946148555594
467,random0,0.01,0.03442821318168564,0.3843718635142044,0.00025717941000397756,0.007470019098777574,0.0005281046564769559
467,random0,0.1,0.3442821318168564,0.38465399854049953,0.002618483461926179,0.007605632764348926,0.0005281046564769559
467,random0,1.0,3.442821318168564,0.38784591844656857,0.02756983983863126,0.008007920624035538,0.0005281046564769559
467,random0,4.0,13.771285272674255,0.397853359630539,0.1282754027220428,0.00931470085632268,0.0005281046564769559
467,random1,0.01,0.03442821318168564,0.3066801564463794,-0.00033159887427765126,-0.009631602794130714,-0.016274674648728386
467,random1,0.1,0.3442821318168564,0.30729125098288096,-0.003333941875840429,-0.009683749366388685,-0.016274674648728386
467,random1,1.0,3.442821318168564,0.3098784228572615,-0.03321326556662528,-0.009647106979195,-0.016274674648728386
467,random1,4.0,13.771285272674255,0.31930129511681754,-0.13143521056226823,-0.009544149871259238,-0.016274674648728386
467,random2,0.01,0.03442821318168564,0.3985266230007027,4.7019385624258306e-05,0.001365722507181135,0.005049558449373869
467,random2,0.1,0.3442821318168564,0.3999775287012242,0.0004716132294373004,0.0013698452108115177,0.005049558449373869
467,random2,1.0,3.442821318168564,0.4020134313025869,0.005428485030375874,0.0015767547975053203,0.005049558449373869
467,random2,4.0,13.771285272674255,0.4085933197358596,0.03121608472093058,0.0022667517303465684,0.005049558449373869
467,random3,0.01,0.03442821318168564,0.3856967108734537,-0.00020454915915905935,-0.005941323706798438,0.0068576332596001245
467,random3,0.1,0.3442821318168564,0.3852262078121336,-0.002026386461042918,-0.005885831048940031,0.0068576332596001245
467,random3,1.0,3.442821318168564,0.3834640534614276,-0.019307511166604008,-0.005608049149897443,0.0068576332596001245
467,random3,4.0,13.771285272674255,0.3785765750999974,-0.06449535921545793,-0.004683321704433295,0.0068576332596001245
467,random4,0.01,0.03442821318168564,0.413158565754336,-0.0003505684151604877,-0.010182591042714217,-0.006161679413762314
467,random4,0.1,0.3442821318168564,0.41282722110792813,-0.003482243526724567,-0.010114505531692752,-0.006161679413762314
467,random4,1.0,3.442821318168564,0.4125962057685904,-0.03391760327869268,-0.009851688526413395,-0.006161679413762314
467,random4,4.0,13.771285272674255,0.41017179277149673,-0.12376099083038765,-0.008986887453124004,-0.006161679413762314
467,random5,0.01,0.03442821318168564,0.3731136384455461,3.135347843983649e-05,0.0009106914225950949,0.003576018634263344
467,random5,0.1,0.3442821318168564,0.37460977463355005,0.00033366571479153154,0.0009691636130829689,0.003576018634263344
467,random5,1.0,3.442821318168564,0.3773754239637174,0.004473167549597398,0.0012992738037235505,0.003576018634263344
467,random5,4.0,13.771285272674255,0.3852960353118523,0.0333357848420078,0.0024206734652541476,0.003576018634263344
467,random6,0.01,0.03442821318168564,0.3210378171745394,0.00015222340331113617,0.0044214726598739845,0.01708411454352356
467,random6,0.1,0.3442821318168564,0.3203315761391748,0.0015274768602527974,0.004436700946958673,0.01708411454352356
467,random6,1.0,3.442821318168564,0.3177474321939002,0.015588150900810201,0.004527725798184159,0.01708411454352356
467,random6,4.0,13.771285272674255,0.31042096862042673,0.06571782052008199,0.004772090565176434,0.01708411454352356
467,random7,0.01,0.03442821318168564,0.32395284155464366,3.9168546597151996e-05,0.0011376874655228408,0.015061881992687546
467,random7,0.1,0.3442821318168564,0.32354594041490514,0.0004024390554221687,0.0011689222827173885,0.015061881992687546
467,random7,1.0,3.442821318168564,0.32267415637709435,0.0050855340335009755,0.0014771414382336477,0.015061881992687546
467,random7,4.0,13.771285272674255,0.3205947523754352,0.03404720304783278,0.002472333001146314,0.015061881992687546
467,a_unit,0.01,0.03442821318168564,0.4941398839167525,0.0011406283170889305,0.03313062781009201,0.9999999749980985
467,a_unit,0.1,0.3442821318168564,0.4933614743420704,0.011412021361344126,0.03314729492675165,0.9999999749980985
467,a_unit,1.0,3.442821318168564,0.49302184785575465,0.11469300740596686,0.033313668298934174,0.9999999749980985
467,a_unit,4.0,13.771285272674255,0.4917519714568381,0.4655835313710519,0.033808284568390176,0.9999999749980985
467,oracle,0.01,0.03442821318168564,0.4704260106957497,0.0010728013151077285,0.031160528414481112,0.852648613693105
467,oracle,0.1,0.3442821318168564,0.4692641315901895,0.010753979680834823,0.031235950655015367,0.852648613693105
467,oracle,1.0,3.442821318168564,0.46504701509293883,0.10811795386335007,0.03140388183748795,0.852648613693105
467,oracle,4.0,13.771285272674255,0.45144868319528614,0.44051370370438114,0.03198784245494302,0.852648613693105
467,md_full,0.01,0.03442821318168564,0.3247229070908095,-3.668936891249735e-05,-0.0010656774058786923,0.0037487147127973786
467,md_full,0.1,0.3442821318168564,0.3248194448317535,-0.00036521945300346467,-0.0010608144287829204,0.0037487147127973786
467,md_full,1.0,3.442821318168564,0.3235745555128932,-0.0028756481754547538,-0.0008352591986924484,0.0037487147127973786
467,md_full,4.0,13.771285272674255,0.3204043537959069,-0.0019108848144795028,-0.00013875863992674568,0.0037487147127973786
467,mean_diff_tgt_asis,0.01,0.03442821318168564,0.3440813116907252,-9.186626176145807e-05,-0.002668342422438788,0.032820278156955
467,mean_diff_tgt_asis,0.1,0.3442821318168564,0.34317862687831535,-0.0008868380030791826,-0.0025759048208489166,0.032820278156955
467,mean_diff_tgt_asis,1.0,3.442821318168564,0.3385076389949714,-0.007883476322620028,-0.002289830227615096,0.032820278156955
467,mean_diff_tgt_asis,4.0,13.771285272674255,0.3252936939051813,-0.019202930394917148,-0.0013944181690158334,0.032820278156955
467,probe_grad_tgt_asis,0.01,0.03442821318168564,0.47466473386203417,7.68323438013629e-05,0.0022316680623505167,0.018901508410154706
467,probe_grad_tgt_asis,0.1,0.3442821318168564,0.4762410901604727,0.0007493427701030472,0.0021765369179881397,0.018901508410154706
467,probe_grad_tgt_asis,1.0,3.442821318168564,0.4818350632747518,0.007564319488008862,0.0021971281077208973,0.018901508410154706
467,probe_grad_tgt_asis,4.0,13.771285272674255,0.5028866786189021,0.03091339696583663,0.002244772100333779,0.018901508410154706
467,jtw,0.01,0.03442821318168564,2.6492477639913394,0.008360037069500177,0.24282518019109298,0.10917503342636489
467,jtw,0.1,0.3442821318168564,2.641610278562873,0.08373634690073327,0.24322013593571415,0.10917503342636489
467,jtw,1.0,3.442821318168564,2.5556912859297936,0.8432358180879723,0.2449258152428713,0.10917503342636489
467,jtw,4.0,13.771285272674255,2.232795323767743,3.1899328142038406,0.231636535809296,0.10917503342636489
767,random0,0.01,0.03154666087106757,0.4216903276887413,-0.00015305803661376323,-0.004851798332613312,-0.018836843037210012
767,random0,0.1,0.3154666087106757,0.4224845422581683,-0.0015530406048086995,-0.004922995213839071,-0.018836843037210012
767,random0,1.0,3.154666087106757,0.42288852546321676,-0.01605647327464619,-0.0050897536637140835,-0.018836843037210012
767,random0,4.0,12.618664348427028,0.4235051619860872,-0.07070879723974285,-0.005603508841136346,-0.018836843037210012
767,random1,0.01,0.03154666087106757,0.31938008741300505,-0.000299037472841407,-0.009479211573725181,-0.03292832111463371
767,random1,0.1,0.3154666087106757,0.3187140726708901,-0.002948364833223178,-0.009346044087750712,-0.03292832111463371
767,random1,1.0,3.154666087106757,0.3200197877771537,-0.029722295234343284,-0.009421692950584995,-0.03292832111463371
767,random1,4.0,12.618664348427028,0.32488354886376813,-0.1233267102017088,-0.009773356893915798,-0.03292832111463371
767,random2,0.01,0.03154666087106757,0.4482181332906258,-0.00021871243865069587,-0.006932982211479755,0.001196914480027564
767,random2,0.1,0.3154666087106757,0.4482860072407937,-0.002137349379322485,-0.006775200037994243,0.001196914480027564
767,random2,1.0,3.154666087106757,0.4504543760204431,-0.021725674281223323,-0.006886837998486432,0.001196914480027564
767,random2,4.0,12.618664348427028,0.4571118161216986,-0.09188229758392179,-0.00728145983179078,0.001196914480027564
767,random3,0.01,0.03154666087106757,0.4242393335738219,-9.764562286891843e-05,-0.0030952760188471262,0.01872252736263025
767,random3,0.1,0.3154666087106757,0.42408911704713936,-0.0009631639348409555,-0.0030531406755771834,0.01872252736263025
767,random3,1.0,3.154666087106757,0.42279019746251784,-0.009623307500282344,-0.0030504995567084505,0.01872252736263025
767,random3,4.0,12.618664348427028,0.41870525708052064,-0.03914176862844016,-0.003101894744772996,0.01872252736263025
767,random4,0.01,0.03154666087106757,0.40164603979915725,3.8287028852972686e-05,0.0012136634368199303,-0.019897432737398267
767,random4,0.1,0.3154666087106757,0.4016066448823741,0.0003989289826833362,0.0012645680134381716,-0.019897432737398267
767,random4,1.0,3.154666087106757,0.40165721841848434,0.004713227805660226,0.0014940496634250362,-0.019897432737398267
767,random4,4.0,12.618664348427028,0.40180558243296893,0.028116318259223533,0.0022281532722382264,-0.019897432737398267
767,random5,0.01,0.03154666087106757,0.3388421839520887,0.00014228730918651545,0.004510376225491795,0.020173401902866893
767,random5,0.1,0.3154666087106757,0.338881375352954,0.0014462262175525015,0.004584403476054991,0.020173401902866893
767,random5,1.0,3.154666087106757,0.3399942694991762,0.014363469656969845,0.004553087160531475,0.020173401902866893
767,random5,4.0,12.618664348427028,0.3443189359796706,0.05593610943360594,0.004432807457992067,0.020173401902866893
767,random6,0.01,0.03154666087106757,0.4284428643693353,3.988562679933187e-05,0.0012643375145897683,0.006974038469949774
767,random6,0.1,0.3154666087106757,0.42777544432297543,0.00044302371477438645,0.0014043442397439197,0.006974038469949774
767,random6,1.0,3.154666087106757,0.4258626613726015,0.004571134943377076,0.001449007539041765,0.006974038469949774
767,random6,4.0,12.618664348427028,0.4201561323901432,0.02028935014385604,0.0016078841297007156,0.006974038469949774
767,random7,0.01,0.03154666087106757,0.3624763651983447,-3.610546929663967e-06,-0.0001144510014679656,-0.024023525539284697
767,random7,0.1,0.3154666087106757,0.36137718649735573,2.4759172992136415e-05,7.848429059838732e-05,-0.024023525539284697
767,random7,1.0,3.154666087106757,0.361929063691954,0.0003438429912882568,0.00010899505107483687,-0.024023525539284697
767,random7,4.0,12.618664348427028,0.3637056875294987,0.0035476611631953658,0.00028114395194588066,-0.024023525539284697
767,a_unit,0.01,0.03154666087106757,0.521313254582291,0.0013352609015623992,0.04232653677736805,1.0000001550370041
767,a_unit,0.1,0.3154666087106757,0.521989361174343,0.013345528011581648,0.042304090648849775,1.0000001550370041
767,a_unit,1.0,3.154666087106757,0.5214735836462266,0.1318184436818009,0.041785228623893986,1.0000001550370041
767,a_unit,4.0,12.618664348427028,0.5203097097717734,0.5078950253232475,0.040249507499306676,1.0000001550370041
767,oracle,0.01,0.03154666087106757,0.5216112870918133,0.0013353020853262149,0.04232784226462656,1.0000000775184987
767,oracle,0.1,0.3154666087106757,0.5220359474695482,0.01334669937197932,0.04230780375307485,1.0000000775184987
767,oracle,1.0,3.154666087106757,0.5214685257680085,0.13181729973644152,0.041784866003785295,1.0000000775184987
767,oracle,4.0,12.618664348427028,0.5203120503889487,0.507895484520499,0.0402495438896281,1.0000000775184987
767,md_full,0.01,0.03154666087106757,0.39343842514608823,-0.0002417694687528355,-0.007663868760657641,-0.0007226284785223844
767,md_full,0.1,0.3154666087106757,0.3928786028819066,-0.0023952159714454137,-0.007592613307743581,-0.0007226284785223844
767,md_full,1.0,3.154666087106757,0.3930772390086708,-0.024472159481379856,-0.007757448428979068,-0.0007226284785223844
767,md_full,4.0,12.618664348427028,0.39399264839196246,-0.10306621317650662,-0.008167759307216558,-0.0007226284785223844
767,mean_diff_tgt_asis,0.01,0.03154666087106757,0.4640678418176944,-0.00021029343303578785,-0.006666107512781315,-0.017352128633114576
767,mean_diff_tgt_asis,0.1,0.3154666087106757,0.46362574053701605,-0.0021195350673278946,-0.006718730315041953,-0.017352128633114576
767,mean_diff_tgt_asis,1.0,3.154666087106757,0.467293807820839,-0.022264279351353514,-0.007057570828921796,-0.017352128633114576
767,mean_diff_tgt_asis,4.0,12.618664348427028,0.4809021282794038,-0.10287471955442533,-0.008152583880024442,-0.017352128633114576
767,probe_grad_tgt_asis,0.01,0.03154666087106757,0.7097898954109827,-0.0005193382307722631,-0.016462542038753917,0.012379494106079667
767,probe_grad_tgt_asis,0.1,0.3154666087106757,0.7098867111467337,-0.0051742145067631235,-0.016401781880847354,0.012379494106079667
767,probe_grad_tgt_asis,1.0,3.154666087106757,0.7200764993892089,-0.054358662850372844,-0.01723119384093892,0.012379494106079667
767,probe_grad_tgt_asis,4.0,12.618664348427028,0.7550940525089029,-0.25389397139331416,-0.020120510727822248,0.012379494106079667
767,jtw,0.01,0.03154666087106757,6.979520179862881,0.013239986433810596,0.41969533599524006,0.09096511383796271
767,jtw,0.1,0.3154666087106757,6.926792157885986,0.1296508926723731,0.41098134982419005,0.09096511383796271
767,jtw,1.0,3.154666087106757,6.3530057001538385,1.059364757793647,0.33580883952292506,0.09096511383796271
767,jtw,4.0,12.618664348427028,4.616506700263641,2.534797672568885,0.20087686006838423,0.09096511383796271
408,random0,0.01,0.006880594942103714,0.4653312943052434,-8.572602130216373e-07,-0.0001245910012484376,-0.01569397122572866
408,random0,0.1,0.06880594942103714,0.4601198097718748,1.479725089913338e-05,0.00021505772427593564,-0.01569397122572866
408,random0,1.0,0.6880594942103714,0.46017632914140166,0.00018756996935053762,0.0002726071959312124,-0.01569397122572866
408,random0,4.0,2.7522379768414855,0.45958770303101476,0.0008227139980569939,0.00029892545811069517,-0.01569397122572866
408,random1,0.01,0.006880594942103714,0.4660661871417338,2.810702851464705e-05,0.0040849706676750605,0.004000874739105741
408,random1,0.1,0.06880594942103714,0.47372090273605766,0.00032837105038263756,0.004772422343499259,0.004000874739105741
408,random1,1.0,0.6880594942103714,0.47352744177274647,0.0032947720618135396,0.004788498799213105,0.004000874739105741
408,random1,4.0,2.7522379768414855,0.47497707316793436,0.013357226040573223,0.004853223505004535,0.004000874739105741
408,random2,0.01,0.006880594942103714,0.45881752536313586,6.278475333135804e-05,0.009124901823120816,0.01667231445614236
408,random2,0.1,0.06880594942103714,0.45648780695185914,0.0006497486974849153,0.00944320517269481,0.01667231445614236
408,random2,1.0,0.6880594942103714,0.45613271577628567,0.006549334243733411,0.009518558059066588,0.01667231445614236
408,random2,4.0,2.7522379768414855,0.4570443087781504,0.02652683795705231,0.009638279167811991,0.01667231445614236
408,random3,0.01,0.006880594942103714,0.3921544227895567,9.180454241234433e-06,0.0013342529706344764,-0.010791621474145323
408,random3,0.1,0.06880594942103714,0.39302688350560483,0.00013600413199333115,0.0019766333164170894,-0.010791621474145323
408,random3,1.0,0.6880594942103714,0.3930089394482911,0.001362723244211898,0.0019805311251111825,-0.010791621474145323
408,random3,4.0,2.7522379768414855,0.39190326803748127,0.005614060260982993,0.002039816436013932,-0.010791621474145323
408,random4,0.01,0.006880594942103714,0.4290568841501405,-9.192564270360474e-06,-0.001336012997089738,0.02809711153957678
408,random4,0.1,0.06880594942103714,0.4294970148969713,-7.198306303296141e-05,-0.0010461749839753374,0.02809711153957678
408,random4,1.0,0.6880594942103714,0.4290498927561014,-0.0006728526160648006,-0.0009778988906140704,0.02809711153957678
408,random4,4.0,2.7522379768414855,0.4281386565099197,-0.00259357167922657,-0.000942350080570793,0.02809711153957678
408,random5,0.01,0.006880594942103714,0.34239276205044566,-8.343757376258693e-05,-0.012126505696769912,0.006490737940711007
408,random5,0.1,0.06880594942103714,0.3446792579042771,-0.0008206793143996324,-0.011927446991214875,0.006490737940711007
408,random5,1.0,0.6880594942103714,0.34521320316830073,-0.00818639671753822,-0.01189780358591384,0.006490737940711007
408,random5,4.0,2.7522379768414855,0.3455699188715452,-0.03282055090998852,-0.011925041070632247,0.006490737940711007
408,random6,0.01,0.006880594942103714,0.4553155546242677,-9.902592454960899e-06,-0.0014392058445941917,0.01664519646748376
408,random6,0.1,0.06880594942103714,0.4562400508605561,-7.558413069741482e-05,-0.001098511557988985,0.01664519646748376
408,random6,1.0,0.6880594942103714,0.45676789129397294,-0.0007299861039026247,-0.0010609345704042192,0.01664519646748376
408,random6,4.0,2.7522379768414855,0.45774365295494884,-0.0028393516099363266,-0.0010316519261153478,0.01664519646748376
408,random7,0.01,0.006880594942103714,0.4861530472024301,7.138938048356655e-05,0.01037546623282834,0.02997566992352513
408,random7,0.1,0.06880594942103714,0.48148310693149865,0.0007186496173864588,0.01044458543822861,0.02997566992352513
408,random7,1.0,0.6880594942103714,0.48104335299307904,0.007235065257383014,0.010515173932286329,0.02997566992352513
408,random7,4.0,2.7522379768414855,0.4820169529099059,0.029565773690422244,0.010742448123745614,0.02997566992352513
408,a_unit,0.01,0.006880594942103714,0.49913599606540715,0.00022528649626598937,0.03274229890898198,1.000000098973258
408,a_unit,0.1,0.06880594942103714,0.4957060637694751,0.0022589282496074336,0.032830420459495545,1.000000098973258
408,a_unit,1.0,0.6880594942103714,0.49564929585731754,0.022649206088855563,0.03291751117372223,1.000000098973258
408,a_unit,4.0,2.7522379768414855,0.49592234910058264,0.09113172738305142,0.0331118632000114,1.000000098973258
408,oracle,0.01,0.006880594942103714,0.49913599606540715,0.00022528649626598937,0.03274229890898198,1.0000000494866272
408,oracle,0.1,0.06880594942103714,0.49549712474546764,0.002259340054039681,0.032836405471485246,1.0000000494866272
408,oracle,1.0,0.6880594942103714,0.49562874849529,0.022648927343766362,0.0329171060560085,1.0000000494866272
408,oracle,4.0,2.7522379768414855,0.49592634185315404,0.09112877613831122,0.033110790892759985,1.0000000494866272
408,md_full,0.01,0.006880594942103714,0.34578308123338714,2.479066115632701e-05,0.003602982207923341,-0.023229086728468733
408,md_full,0.1,0.06880594942103714,0.3438947356900512,0.0002468905906776081,0.0035882157394099166,-0.023229086728468733
408,md_full,1.0,0.6880594942103714,0.3438585531859082,0.002486376189229483,0.0036136063961778333,-0.023229086728468733
408,md_full,4.0,2.7522379768414855,0.34444935685463773,0.00984135720021196,0.003575765352786123,-0.023229086728468733
408,mean_diff_tgt_asis,0.01,0.006880594942103714,0.5159850952454297,-2.4556208792424675e-05,-0.003568907776006462,-0.0038981023085448057
408,mean_diff_tgt_asis,0.1,0.06880594942103714,0.5167352371541604,-0.00021694403363288972,-0.003152983651244553,-0.0038981023085448057
408,mean_diff_tgt_asis,1.0,0.6880594942103714,0.5160694978114337,-0.002159977801447106,-0.0031392311560585803,-0.0038981023085448057
408,mean_diff_tgt_asis,4.0,2.7522379768414855,0.5135053768866212,-0.008700750190207447,-0.0031613364336293965,-0.0038981023085448057
408,probe_grad_tgt_asis,0.01,0.006880594942103714,0.5331966603544036,8.50484643024885e-05,0.012360626518218681,-0.01857987873099609
408,probe_grad_tgt_asis,0.1,0.06880594942103714,0.53919209760424,0.0009143496379660797,0.013288816529091028,-0.01857987873099609
408,probe_grad_tgt_asis,1.0,0.6880594942103714,0.5399221055412773,0.009203797324124323,0.013376455672175202,-0.01857987873099609
408,probe_grad_tgt_asis,4.0,2.7522379768414855,0.5429418717985698,0.037656230089781195,0.01368204000040582,-0.01857987873099609
408,jtw,0.01,0.006880594942103714,7.627130088984493,0.0024166546226747606,0.35122756723939313,0.10601374507896281
408,jtw,0.1,0.06880594942103714,7.630809268356747,0.024268804415790334,0.3527137496102953,0.10601374507896281
408,jtw,1.0,0.6880594942103714,7.620563184770505,0.249499056536519,0.36261262090838275,0.10601374507896281
408,jtw,4.0,2.7522379768414855,7.415624798599452,1.0643058446152724,0.38670560233918716,0.10601374507896281
596,random0,0.01,0.06260849688465787,0.39143503074140384,0.00025308322191543685,0.00404231429452277,-0.018836843037210012
596,random0,0.1,0.6260849688465787,0.39122478815106615,0.0024916326557001102,0.003979703681898617,-0.018836843037210012
596,random0,1.0,6.260849688465787,0.39118932473659823,0.023624363691234027,0.0037733478468196776,-0.018836843037210012
596,random0,4.0,25.043398753863148,0.3897870904584641,0.07787554435570394,0.003109623622619953,-0.018836843037210012
596,random1,0.01,0.06260849688465787,0.3796357111844487,-0.0005045541726149858,-0.00805887695314765,-0.03292832111463371
596,random1,0.1,0.6260849688465787,0.38053465174705103,-0.0050956542932133475,-0.008138918112985444,-0.03292832111463371
596,random1,1.0,6.260849688465787,0.3858404595090798,-0.05270373967714635,-0.008417985145728892,-0.03292832111463371
596,random1,4.0,25.043398753863148,0.40276659627573547,-0.23362975548469014,-0.009328995548124268,-0.03292832111463371
596,random2,0.01,0.06260849688465787,0.34876863303066813,-9.388868745130853e-05,-0.0014996157410435424,0.001196914480027564
596,random2,0.1,0.6260849688465787,0.3492639604134265,-0.0009666841875302446,-0.001544014368067554,0.001196914480027564
596,random2,1.0,6.260849688465787,0.35110843308206496,-0.011243409094927161,-0.0017958279873162622,0.001196914480027564
596,random2,4.0,25.043398753863148,0.3581532015272164,-0.06464762638636899,-0.002581423832354088,0.001196914480027564
596,random3,0.01,0.06260849688465787,0.3646175839741393,0.0002291184569947818,0.003659542528498667,0.01872252736263025
596,random3,0.1,0.6260849688465787,0.36515083042932983,0.0022784836354576773,0.0036392562492839797,0.01872252736263025
596,random3,1.0,6.260849688465787,0.3684161273350498,0.023266926312837416,0.0037162569731871244,0.01872252736263025
596,random3,4.0,25.043398753863148,0.3810629743927209,0.09613693932058816,0.0038388135837895505,0.01872252736263025
596,random4,0.01,0.06260849688465787,0.37103079143692763,0.00023210489844553597,0.0037072427864405888,-0.019897432737398267
596,random4,0.1,0.6260849688465787,0.3704065220133077,0.0022730702104238106,0.0036306097790710953,-0.019897432737398267
596,random4,1.0,6.260849688465787,0.3677673709545191,0.02186405241305934,0.003492186125046087,-0.019897432737398267
596,random4,4.0,25.043398753863148,0.35821655600314767,0.07371932027816379,0.0029436627593046644,-0.019897432737398267
596,random5,0.01,0.06260849688465787,0.3160094936721391,0.00015479009271980398,0.0024723496078331033,0.020173401902866893
596,random5,0.1,0.6260849688465787,0.31629411940188557,0.0015001351549913569,0.002396056812791752,0.020173401902866893
596,random5,1.0,6.260849688465787,0.3189867724808161,0.014113323730392403,0.0022542185857604984,0.020173401902866893
596,random5,4.0,25.043398753863148,0.33032321953935306,0.043536928901926494,0.0017384592774257754,0.020173401902866893
596,random6,0.01,0.06260849688465787,0.3547872453735045,-8.393802570446198e-05,-0.0013406810557854308,0.006974038469949774
596,random6,0.1,0.6260849688465787,0.35459736450791485,-0.0008917142783910522,-0.0014242703830341687,0.006974038469949774
596,random6,1.0,6.260849688465787,0.3546619670252492,-0.010586447252381021,-0.0016908962487766123,0.006974038469949774
596,random6,4.0,25.043398753863148,0.3560334935758719,-0.06035836347584728,-0.002410150637662011,0.006974038469949774
596,random7,0.01,0.06260849688465787,0.3078953482277488,0.0004080976405997956,0.006518246897887104,-0.024023525539284697
596,random7,0.1,0.6260849688465787,0.30839714872250945,0.004080034293821111,0.006516742130605148,-0.024023525539284697
596,random7,1.0,6.260849688465787,0.31166170069270516,0.04149103149474329,0.0066270607919530836,-0.024023525539284697
596,random7,4.0,25.043398753863148,0.3224520197978959,0.17220607712308716,0.006876306160182151,-0.024023525539284697
596,a_unit,0.01,0.06260849688465787,0.40495708319744383,0.0015990962608616315,0.025541201920365665,1.0000001550370041
596,a_unit,0.1,0.6260849688465787,0.4049264540809539,0.015968052795846722,0.025504609742131777,1.0000001550370041
596,a_unit,1.0,6.260849688465787,0.40758851056028983,0.15724820804604023,0.02511611296717997,1.0000001550370041
596,a_unit,4.0,25.043398753863148,0.42684691862445967,0.6219333736924968,0.024834223972756832,1.0000001550370041
596,oracle,0.01,0.06260849688465787,0.38996192262695134,0.0016052577455168448,0.025639614834934824,0.8025726212177579
596,oracle,0.1,0.6260849688465787,0.38967024046943366,0.015977507441468024,0.025519710960164085,0.8025726212177579
596,oracle,1.0,6.260849688465787,0.3882886144196657,0.1573247191037316,0.025128333522136326,0.8025726212177579
596,oracle,4.0,25.043398753863148,0.39005787253566254,0.6081970495188296,0.02428572317585329,0.8025726212177579
596,md_full,0.01,0.06260849688465787,0.3363007681534243,0.00040105105905649833,0.006405696974251675,-0.0007226284785223844
596,md_full,0.1,0.6260849688465787,0.33603371244474267,0.003974746311208038,0.006348573291147075,-0.0007226284785223844
596,md_full,1.0,6.260849688465787,0.3337384380854848,0.03942556359580491,0.006297158621846118,-0.0007226284785223844
596,md_full,4.0,25.043398753863148,0.32634829666701043,0.15129062802223237,0.006041138006433514,-0.0007226284785223844
596,mean_diff_tgt_asis,0.01,0.06260849688465787,0.44636783230239285,-0.0003283423971090782,-0.005244374381227766,-0.017352128633114576
596,mean_diff_tgt_asis,0.1,0.6260849688465787,0.44689080250038665,-0.0033193839765443024,-0.005301810683395775,-0.017352128633114576
596,mean_diff_tgt_asis,1.0,6.260849688465787,0.44964576027553427,-0.03315267536209654,-0.00529523579254313,-0.017352128633114576
596,mean_diff_tgt_asis,4.0,25.043398753863148,0.46181108464087883,-0.1275288834173079,-0.005092315331106387,-0.017352128633114576
596,probe_grad_tgt_asis,0.01,0.06260849688465787,0.5130740742359091,3.949013900521835e-05,0.0006307472782483515,0.012379494106079667
596,probe_grad_tgt_asis,0.1,0.6260849688465787,0.5134515595700906,0.00035259100454882505,0.0005631679757436039,0.012379494106079667
596,probe_grad_tgt_asis,1.0,6.260849688465787,0.5190295303893259,0.0023470487324736278,0.0003748770293587369,0.012379494106079667
596,probe_grad_tgt_asis,4.0,25.043398753863148,0.5377747448224295,-0.0003794085027679084,-1.515004039575026e-05,0.012379494106079667
596,jtw,0.01,0.06260849688465787,3.2556836279775685,0.01691474764432218,0.27016696592291317,0.07508699380285515
596,jtw,0.1,0.6260849688465787,3.2550050788316702,0.16696440569821897,0.2666801057463709,0.07508699380285515
596,jtw,1.0,6.260849688465787,3.2085431656785706,1.4577134531576776,0.2328299712806056,0.07508699380285515
596,jtw,4.0,25.043398753863148,3.072335592050779,3.7284255980036694,0.1488785781294374,0.07508699380285515
898,random0,0.01,0.09699988997314453,0.41870865279952213,0.0016239908099661229,0.01674219228924633,-0.029830239007597376
898,random0,0.1,0.9699988997314453,0.41871436363196246,0.016321023151594755,0.01682581614898059,-0.029830239007597376
898,random0,1.0,9.699988997314453,0.41975954755698597,0.16948907341322972,0.017473120171595514,-0.029830239007597376
898,random0,4.0,38.79995598925781,0.4227739414119309,0.7313777681653694,0.01884996385995539,-0.029830239007597376
898,random1,0.01,0.09699988997314453,0.37391213410127916,-0.0013745222164215612,-0.014170348201447575,-0.022559924889413198
898,random1,0.1,0.9699988997314453,0.3738457770022696,-0.013685281051157475,-0.01410855316943802,-0.022559924889413198
898,random1,1.0,9.699988997314453,0.37305435343312576,-0.13260607732612503,-0.01367074512794174,-0.022559924889413198
898,random1,4.0,38.79995598925781,0.37153708233363,-0.4826307852692286,-0.012438951874142594,-0.022559924889413198
898,random2,0.01,0.09699988997314453,0.39404714645220507,0.001486704324181988,0.015326866088132659,-0.02570581737987574
898,random2,0.1,0.9699988997314453,0.39453480417877945,0.014936662615117889,0.015398638719335936,-0.02570581737987574
898,random2,1.0,9.699988997314453,0.39924225610682695,0.15550290465427016,0.016031245468146698,-0.02570581737987574
898,random2,4.0,38.79995598925781,0.4145063010059149,0.6882729739359295,0.017739014294925626,-0.02570581737987574
898,random3,0.01,0.09699988997314453,0.3778027744819323,-0.0012754616579290093,-0.01314910417199581,-0.009529822990627674
898,random3,0.1,0.9699988997314453,0.3781354801426148,-0.01263163267523681,-0.013022316498229033,-0.009529822990627674
898,random3,1.0,9.699988997314453,0.38360241494856673,-0.11675911643540857,-0.01203703596650827,-0.009529822990627674
898,random3,4.0,38.79995598925781,0.4199402761219714,-0.3645287679909911,-0.009395081996791822,-0.009529822990627674
898,random4,0.01,0.09699988997314453,0.39346022420220705,-0.0005169065583401247,-0.0053289396357381015,-0.029035042959864775
898,random4,0.1,0.9699988997314453,0.3926880607913038,-0.0051188878710040344,-0.005277209976651782,-0.029035042959864775
898,random4,1.0,9.699988997314453,0.3843127597602648,-0.04593528186269702,-0.0047356014399000555,-0.029035042959864775
898,random4,4.0,38.79995598925781,0.3581203113411688,-0.0928000528663124,-0.0023917566528169542,-0.029035042959864775
898,random5,0.01,0.09699988997314453,0.3354560729757033,0.001253783014038676,0.0129256127443629,-0.004731086712870565
898,random5,0.1,0.9699988997314453,0.33571122753238536,0.012707832764888325,0.013100873380791078,-0.004731086712870565
898,random5,1.0,9.699988997314453,0.34002074091193496,0.14093940505417735,0.01452985205377016,-0.004731086712870565
898,random5,4.0,38.79995598925781,0.3605890336410546,0.7208022203905957,0.018577397886486203,-0.004731086712870565
898,random6,0.01,0.09699988997314453,0.42388594784652306,0.0001548103264127315,0.0015959845568442647,-0.020242926907184808
898,random6,0.1,0.9699988997314453,0.4239456710298069,0.001651325693804876,0.0017023995535067754,-0.020242926907184808
898,random6,1.0,9.699988997314453,0.4243885116338404,0.027735560337890416,0.002859339360649719,-0.020242926907184808
898,random6,4.0,38.79995598925781,0.42998721887169883,0.2905015167830915,0.007487160987077408,-0.020242926907184808
898,random7,0.01,0.09699988997314453,0.40901797973636034,0.0021474369015512546,0.022138549869961666,-0.001284019493385918
898,random7,0.1,0.9699988997314453,0.40994677798357837,0.021498436675981874,0.02216336191920831,-0.001284019493385918
898,random7,1.0,9.699988997314453,0.4182575493188632,0.21756814759478324,0.02242973137959428,-0.001284019493385918
898,random7,4.0,38.79995598925781,0.44109508202666237,0.8846568192055138,0.02280045934718175,-0.001284019493385918
898,a_unit,0.01,0.09699988997314453,0.5098155984985253,0.007843582789634502,0.08086176996495649,1.0000001929241253
898,a_unit,0.1,0.9699988997314453,0.5119209879859359,0.07847352062744925,0.08090062849470808,1.0000001929241253
898,a_unit,1.0,9.699988997314453,0.5342542638200296,0.790859247729709,0.08153197369076057,1.0000001929241253
898,a_unit,4.0,38.79995598925781,0.6251451169243701,3.307983084532089,0.08525739270034069,1.0000001929241253
898,oracle,0.01,0.09699988997314453,0.5244294812877334,0.008216787188141964,0.08470924235498484,0.9942324539755796
898,oracle,0.1,0.9699988997314453,0.5262829080539831,0.08220597775738435,0.08474852680775614,0.9942324539755796
898,oracle,1.0,9.699988997314453,0.5508422385430509,0.8292635901876009,0.08549118874435749,0.9942324539755796
898,oracle,4.0,38.79995598925781,0.6504050406540324,3.4773011223442207,0.08962126460419051,0.9942324539755796
898,md_full,0.01,0.09699988997314453,0.37746334511633567,-0.0009644078265465789,-0.009942360004878208,-0.016294594959261582
898,md_full,0.1,0.9699988997314453,0.3774533215793061,-0.009558361272535194,-0.00985399187069339,-0.016294594959261582
898,md_full,1.0,9.699988997314453,0.3763335361140127,-0.08367082034966324,-0.008625867552306338,-0.016294594959261582
898,md_full,4.0,38.79995598925781,0.38020936955914547,-0.177831402301885,-0.004583288763294462,-0.016294594959261582
898,mean_diff_tgt_asis,0.01,0.09699988997314453,0.4034438908720801,3.952830928944463e-05,0.00040750880542636157,-0.0035758647254717792
898,mean_diff_tgt_asis,0.1,0.9699988997314453,0.4032320745969997,0.0005874780975186214,0.0006056482102003117,-0.0035758647254717792
898,mean_diff_tgt_asis,1.0,9.699988997314453,0.40252045935734915,0.026298905439413954,0.00271123044022989,-0.0035758647254717792
898,mean_diff_tgt_asis,4.0,38.79995598925781,0.41428863774459923,0.36733315449064974,0.009467360081345194,-0.0035758647254717792
898,probe_grad_tgt_asis,0.01,0.09699988997314453,0.50638373683212,0.0006556839766722678,0.006759636292925704,0.031300480419297116
898,probe_grad_tgt_asis,0.1,0.9699988997314453,0.5064996770812041,0.006646852207769255,0.00685243272916032,0.031300480419297116
898,probe_grad_tgt_asis,1.0,9.699988997314453,0.5095528253759076,0.07495059644782974,0.007726874377752452,0.031300480419297116
898,probe_grad_tgt_asis,4.0,38.79995598925781,0.5314182786841551,0.4112342560168004,0.01059883305359045,0.031300480419297116
898,jtw,0.01,0.09699988997314453,2.887164184945722,0.04290891832326979,0.4423604844825039,0.1684863401970909
898,jtw,0.1,0.9699988997314453,2.9124631701634454,0.4258476142623129,0.4390186570110682,0.1684863401970909
898,jtw,1.0,9.699988997314453,3.0230422820054597,3.873691692915012,0.3993501120452287,0.1684863401970909
898,jtw,4.0,38.79995598925781,2.171259510142578,9.935056243374433,0.25605844104887804,0.1684863401970909
150,random0,0.01,0.08779115485959363,0.47260914596693,3.8600078612372325e-05,0.0004396807249444013,-0.018836843037210012
150,random0,0.1,0.8779115485959363,0.47268751035548495,0.00047462657861675143,0.000540631433059324,-0.018836843037210012
150,random0,1.0,8.779115485959363,0.4716114072687949,0.013171232266408265,0.001500291491491747,-0.018836843037210012
150,random0,4.0,35.11646194383745,0.46419837803098335,0.15321402164772643,0.0043630255773706664,-0.018836843037210012
150,random1,0.01,0.08779115485959363,0.4524574758431344,-0.0002310370757715774,-0.0026316668933343023,-0.03292832111463371
150,random1,0.1,0.8779115485959363,0.45331044065829557,-0.0023105827474558874,-0.002631908363833753,-0.03292832111463371
150,random1,1.0,8.779115485959363,0.46353278872713866,-0.020377918062535798,-0.002321181227781621,-0.03292832111463371
150,random1,4.0,35.11646194383745,0.4928102962623726,-0.04599767908480354,-0.0013098608612214027,-0.03292832111463371
150,random2,0.01,0.08779115485959363,0.4894258268224174,-0.000363982497659324,-0.004146004210121731,0.001196914480027564
150,random2,0.1,0.8779115485959363,0.4898620958241151,-0.003620878730538249,-0.004124423168061978,0.001196914480027564
150,random2,1.0,8.779115485959363,0.49330481504052576,-0.031272832508632886,-0.0035621848873782593,0.001196914480027564
150,random2,4.0,35.11646194383745,0.5008538927816181,-0.04345924338267551,-0.0012375746580672296,0.001196914480027564
150,random3,0.01,0.08779115485959363,0.5088045033585988,-0.0007729934764840682,-0.008804912951883752,0.01872252736263025
150,random3,0.1,0.8779115485959363,0.5088920069702314,-0.007599332575546317,-0.008656148318928143,0.01872252736263025
150,random3,1.0,8.779115485959363,0.5087293708183144,-0.0635239296322119,-0.0072358006605343275,0.01872252736263025
150,random3,4.0,35.11646194383745,0.5138062879053109,-0.11094293420220096,-0.0031592856472737628,0.01872252736263025
150,random4,0.01,0.08779115485959363,0.433668788247281,0.0005363097485803077,0.006108926912261718,-0.019897432737398267
150,random4,0.1,0.8779115485959363,0.43358800555289884,0.005445638363100122,0.006202946494791479,-0.019897432737398267
150,random4,1.0,8.779115485959363,0.4338367381398803,0.06358662853988557,0.007242942485673085,-0.019897432737398267
150,random4,4.0,35.11646194383745,0.4305286500999159,0.3350418774704892,0.00954087795081205,-0.019897432737398267
150,random5,0.01,0.08779115485959363,0.3931092424996791,0.0010877396170281266,0.012390082107562808,0.020173401902866893
150,random5,0.1,0.8779115485959363,0.39323945289880696,0.01088328419155429,0.012396788957794405,0.020173401902866893
150,random5,1.0,8.779115485959363,0.39629598315383613,0.11600574661221216,0.013213830800807071,0.020173401902866893
150,random5,4.0,35.11646194383745,0.4127802637945991,0.5370880396280701,0.015294480420238437,0.020173401902866893
150,random6,0.01,0.08779115485959363,0.4376372337710756,-0.0014858997921987811,-0.01692539293480322,0.006974038469949774
150,random6,0.1,0.8779115485959363,0.4380244604461549,-0.014834226133957696,-0.016897176210613027,0.006974038469949774
150,random6,1.0,8.779115485959363,0.43858924924727705,-0.14232136098417708,-0.016211355370799582,0.006974038469949774
150,random6,4.0,35.11646194383745,0.4402701062902756,-0.44759922616254955,-0.012746136751430286,0.006974038469949774
150,random7,0.01,0.08779115485959363,0.4249690454221721,0.000889728071631122,0.010134598104491098,-0.024023525539284697
150,random7,0.1,0.8779115485959363,0.42568933313600116,0.00894331986429378,0.010187039774789422,-0.024023525539284697
150,random7,1.0,8.779115485959363,0.432852000682119,0.09764415327472575,0.011122322451605774,-0.024023525539284697
150,random7,4.0,35.11646194383745,0.4531705338206678,0.4924627564262949,0.014023700827660307,-0.024023525539284697
150,a_unit,0.01,0.08779115485959363,0.46644617430548374,0.0035895703435887254,0.04088760820300868,1.0000001550370041
150,a_unit,0.1,0.8779115485959363,0.46583590925384327,0.03585500553069375,0.04084125056566059,1.0000001550370041
150,a_unit,1.0,8.779115485959363,0.4637696058964507,0.36071215810097346,0.041087528541784026,1.0000001550370041
150,a_unit,4.0,35.11646194383745,0.4852509389062088,1.5611101650082628,0.04445522352180529,1.0000001550370041
150,oracle,0.01,0.08779115485959363,0.4665868977999494,0.003584751901269851,0.040832722920697714,0.9409587615592323
150,oracle,0.1,0.8779115485959363,0.46571858836872987,0.03587138075155634,0.040859903037984,0.9409587615592323
150,oracle,1.0,8.779115485959363,0.4609122803605749,0.3616846398451573,0.04119830071988547,0.9409587615592323
150,oracle,4.0,35.11646194383745,0.47607790790376525,1.5581955458760581,0.04437222486616435,0.9409587615592323
150,md_full,0.01,0.08779115485959363,0.5108681587425261,-0.0015959712050458846,-0.01817917998229272,-0.0007226284785223844
150,md_full,0.1,0.8779115485959363,0.5112772241779897,-0.016002278156089768,-0.018227665624951137,-0.0007226284785223844
150,md_full,1.0,8.779115485959363,0.512134760542757,-0.15588860322370046,-0.01775675504816136,-0.0007226284785223844
150,md_full,4.0,35.11646194383745,0.5127842647659078,-0.5182204688065009,-0.014757194777631714,-0.0007226284785223844
150,mean_diff_tgt_asis,0.01,0.08779115485959363,0.552674573895493,-0.0009251637466147745,-0.010538234154618534,-0.017352128633114576
150,mean_diff_tgt_asis,0.1,0.8779115485959363,0.5530247945448754,-0.009154495846635892,-0.010427583349685835,-0.017352128633114576
150,mean_diff_tgt_asis,1.0,8.779115485959363,0.5569948233607969,-0.08062051261470098,-0.009183215865384068,-0.017352128633114576
150,mean_diff_tgt_asis,4.0,35.11646194383745,0.5672832394172391,-0.14111310307698208,-0.004018431677504057,-0.017352128633114576
150,probe_grad_tgt_asis,0.01,0.08779115485959363,0.7563033902490998,-0.00031290093496471087,-0.003564151029396303,0.012379494106079667
150,probe_grad_tgt_asis,0.1,0.8779115485959363,0.758069864324255,-0.0032207311696805124,-0.003668628320052857,0.012379494106079667
150,probe_grad_tgt_asis,1.0,8.779115485959363,0.7698732045034782,-0.03515415542872321,-0.004004293540157439,0.012379494106079667
150,probe_grad_tgt_asis,4.0,35.11646194383745,0.7917028159296378,-0.1504058414407089,-0.004283057948185565,0.012379494106079667
150,jtw,0.01,0.08779115485959363,4.886811605104093,0.05231166898097306,0.5958649144624683,0.06387613019778508
150,jtw,0.1,0.8779115485959363,4.885539345781478,0.5083191513006058,0.5790095279115214,0.06387613019778508
150,jtw,1.0,8.779115485959363,4.47570686603486,3.805084672445949,0.43342460621818985,0.06387613019778508
150,jtw,4.0,35.11646194383745,2.7614993006791138,7.622890363838766,0.2170745554045344,0.06387613019778508
765,random0,0.01,0.06595825941385239,0.462418006769406,0.0001572500674213556,0.002384084553151964,-0.0027201306360455646
765,random0,0.1,0.6595825941385239,0.46213269851726585,0.001613738196618413,0.002446605187825044,-0.0027201306360455646
765,random0,1.0,6.595825941385239,0.46333154429768464,0.019467856148277486,0.0029515418267979485,-0.0027201306360455646
765,random0,4.0,26.383303765540955,0.4659210991874701,0.12912698326334188,0.0048942689062312856,-0.0027201306360455646
765,random1,0.01,0.06595825941385239,0.32638167093391734,-0.00027765853576298624,-0.0042096098082399225,-0.04285108197620964
765,random1,0.1,0.6595825941385239,0.3260679017197143,-0.002784388622423131,-0.004221440418784551,-0.04285108197620964
765,random1,1.0,6.595825941385239,0.3274033653996794,-0.02885090627201757,-0.004374115770853464,-0.04285108197620964
765,random1,4.0,26.383303765540955,0.33732119932452054,-0.13477451153501058,-0.005108325808348483,-0.04285108197620964
765,random2,0.01,0.06595825941385239,0.42833337024098767,0.00029975414820108406,0.004544603676095953,0.009191708571768131
765,random2,0.1,0.6595825941385239,0.42827721584422357,0.003001465502936289,0.0045505529248486025,0.009191708571768131
765,random2,1.0,6.595825941385239,0.42972590881261663,0.03071876712630627,0.004657304088872726,0.009191708571768131
765,random2,4.0,26.383303765540955,0.4371030483971544,0.1313092767005839,0.004976983848098888,0.009191708571768131
765,random3,0.01,0.06595825941385239,0.5065711900342521,-0.00016106943113762198,-0.0024419903218943126,0.0013588918414095368
765,random3,0.1,0.6595825941385239,0.5064917461670497,-0.0015631761031499134,-0.002369947474419889,0.0013588918414095368
765,random3,1.0,6.595825941385239,0.5056765745559466,-0.012171773374096308,-0.0018453751633627892,0.0013588918414095368
765,random3,4.0,26.383303765540955,0.508479819480632,-0.012918687706378093,-0.0004896539046505275,0.0013588918414095368
765,random4,0.01,0.06595825941385239,0.4155140412127502,0.00019629802747171227,0.0029760947183285775,-0.02756887301816416
765,random4,0.1,0.6595825941385239,0.41532349209516545,0.0019643610304524244,0.0029781880963946025,-0.02756887301816416
765,random4,1.0,6.595825941385239,0.4148022679309889,0.021693381008940932,0.0032889559551331857,-0.02756887301816416
765,random4,4.0,26.383303765540955,0.41251612636372553,0.10798852647097762,0.004093063076202786,-0.02756887301816416
765,random5,0.01,0.06595825941385239,0.40110958628647814,0.0002728637160225764,0.0041369150497211305,0.012284240913234839
765,random5,0.1,0.6595825941385239,0.40148467930751813,0.002789586696722534,0.004229321273048439,0.012284240913234839
765,random5,1.0,6.595825941385239,0.4032874440121284,0.029511929390251216,0.004474334170202981,0.012284240913234839
765,random5,4.0,26.383303765540955,0.4124854906855919,0.13356802306599558,0.0050625965668654365,0.012284240913234839
765,random6,0.01,0.06595825941385239,0.4247213673840673,-0.0006720202521371073,-0.010188568620656646,-0.006669622671958607
765,random6,0.1,0.6595825941385239,0.42447539163017256,-0.006710781860293839,-0.01017428585886009,-0.006669622671958607
765,random6,1.0,6.595825941385239,0.426241525608273,-0.06549289866826792,-0.009929446175547996,-0.006669622671958607
765,random6,4.0,26.383303765540955,0.43358763459799066,-0.23249947037036986,-0.0088123713556312,-0.006669622671958607
765,random7,0.01,0.06595825941385239,0.4089728370498744,0.0003163162740254364,0.004795703780488246,-0.017832955025942027
765,random7,0.1,0.6595825941385239,0.4093461491918669,0.0032034653953818067,0.004856807053202836,-0.017832955025942027
765,random7,1.0,6.595825941385239,0.4113376885699454,0.03630300129631624,0.005503935613057123,-0.017832955025942027
765,random7,4.0,26.383303765540955,0.41709162370079034,0.20281211353620954,0.007687138628980234,-0.017832955025942027
765,a_unit,0.01,0.06595825941385239,0.732850927100989,0.0028481839075112448,0.04318161111014819,0.9999998749370727
765,a_unit,0.1,0.6595825941385239,0.7307792964693217,0.028445868357659856,0.04312707553299341,0.9999998749370727
765,a_unit,1.0,6.595825941385239,0.7111507347483675,0.27917551194731416,0.04232608841231526,0.9999998749370727
765,a_unit,4.0,26.383303765540955,0.6606757604565245,1.08607496712215,0.04116523755984892,0.9999998749370727
765,oracle,0.01,0.06595825941385239,0.769413774669136,0.002809044692206445,0.0425882174146108,0.925570901106334
765,oracle,0.1,0.6595825941385239,0.7677626493596499,0.02806805269559491,0.042554265296000406,0.925570901106334
765,oracle,1.0,6.595825941385239,0.7477798273627806,0.2790538808997756,0.04230764780326653,0.925570901106334
765,oracle,4.0,26.383303765540955,0.6967571582968328,1.1263149120925537,0.04269044248975466,0.925570901106334
765,md_full,0.01,0.06595825941385239,0.4366960785727537,-0.00047056014886693296,-0.007134211136689078,-0.0077092644660748996
765,md_full,0.1,0.6595825941385239,0.4362711289627454,-0.004630758580188587,-0.0070207410282510365,-0.0077092644660748996
765,md_full,1.0,6.595825941385239,0.4346550162452484,-0.04356080438326053,-0.006604298653477202,-0.0077092644660748996
765,md_full,4.0,26.383303765540955,0.430558356659802,-0.1221084197346157,-0.0046282459854061425,-0.0077092644660748996
765,mean_diff_tgt_asis,0.01,0.06595825941385239,0.5258711248133255,-0.0002137023527862205,-0.0032399634963887368,-0.008599767629787387
765,mean_diff_tgt_asis,0.1,0.6595825941385239,0.5266265988467909,-0.002086996896366498,-0.0031641176024244694,-0.008599767629787387
765,mean_diff_tgt_asis,1.0,6.595825941385239,0.5333627938712,-0.014548224392478572,-0.002205671362732048,-0.008599767629787387
765,mean_diff_tgt_asis,4.0,26.383303765540955,0.5553679396682004,0.04775559702209427,0.0018100688771384087,-0.008599767629787387
765,probe_grad_tgt_asis,0.01,0.06595825941385239,0.5649465876873689,0.0008049188131436917,0.012203457463806945,0.01429074378105617
765,probe_grad_tgt_asis,0.1,0.6595825941385239,0.566130045979689,0.008035031777805606,0.012181994869497888,0.01429074378105617
765,probe_grad_tgt_asis,1.0,6.595825941385239,0.5766737575217402,0.08131896672055142,0.012328852738565902,0.01429074378105617
765,probe_grad_tgt_asis,4.0,26.383303765540955,0.6131298976566091,0.351529921159118,0.013323953826368355,0.01429074378105617
765,jtw,0.01,0.06595825941385239,4.345369456292531,0.02665800634413291,0.4041647942355232,0.09441216496889013
765,jtw,0.1,0.6595825941385239,4.314132814868386,0.2612551944374483,0.3960917052073999,0.09441216496889013
765,jtw,1.0,6.595825941385239,3.9011242593931788,2.14648498634038,0.32543081115472566,0.09441216496889013
765,jtw,4.0,26.383303765540955,2.784958539679059,5.105796424656668,0.19352377056452316,0.09441216496889013
20,random0,0.01,0.06679357282322294,0.3838932057099818,-0.00046246251704057346,-0.006923757743346579,-0.018836843037210012
20,random0,0.1,0.6679357282322296,0.3834889173554375,-0.00462578595287409,-0.006925495608861613,-0.018836843037210012
20,random0,1.0,6.679357282322295,0.3838591865357989,-0.04780721875386352,-0.007157457930928616,-0.018836843037210012
20,random0,4.0,26.71742912928918,0.3840226153931223,-0.2098477547555554,-0.007854339343058582,-0.018836843037210012
20,random1,0.01,0.06679357282322294,0.3463703919448183,-0.0004868498672130139,-0.007288872965390239,-0.03292832111463371
20,random1,0.1,0.6679357282322296,0.34679806503358784,-0.0049018895137119545,-0.007338864065088091,-0.03292832111463371
20,random1,1.0,6.679357282322295,0.35160974504990333,-0.051611992070191307,-0.007727089581925572,-0.03292832111463371
20,random1,4.0,26.71742912928918,0.3675935102243468,-0.24240848552803573,-0.009073046824789502,-0.03292832111463371
20,random2,0.01,0.06679357282322294,0.3823920269319127,3.6168876224855636e-05,0.0005415023436548428,0.001196914480027564
20,random2,0.1,0.6679357282322296,0.3823309072740866,0.0003398655800298748,0.000508829765596413,0.001196914480027564
20,random2,1.0,6.679357282322295,0.3858020657808153,0.000662775158741441,9.922738531977522e-05,0.001196914480027564
20,random2,4.0,26.71742912928918,0.3977109147275637,-0.03415312296854148,-0.00127830873259811,0.001196914480027564
20,random3,0.01,0.06679357282322294,0.3952766446051738,0.0003964368914569839,0.005935255065726171,0.01872252736263025
20,random3,0.1,0.6679357282322296,0.3957353272089831,0.003992170415460438,0.0059768780838033424,0.01872252736263025
20,random3,1.0,6.679357282322295,0.4004126599253989,0.03999592663775713,0.005987990303140552,0.01872252736263025
20,random3,4.0,26.71742912928918,0.4189759931255483,0.15030323239037008,0.0056256622470310606,0.01872252736263025
20,random4,0.01,0.06679357282322294,0.3843630292786094,0.0003106600935472476,0.00465104770438686,-0.019897432737398267
20,random4,0.1,0.6679357282322296,0.3840699095650915,0.0031028274547821606,0.00464539823763307,-0.019897432737398267
20,random4,1.0,6.679357282322295,0.38057860945656896,0.030215761306247015,0.004523752814693202,-0.019897432737398267
20,random4,4.0,26.71742912928918,0.3695470180107054,0.1092230903428778,0.004088083842735497,-0.019897432737398267
20,random5,0.01,0.06679357282322294,0.3007856181861831,0.0004262569978128558,0.006381706798960959,0.020173401902866893
20,random5,0.1,0.6679357282322296,0.3014647230229166,0.00426547237286111,0.006386052119341159,0.020173401902866893
20,random5,1.0,6.679357282322295,0.30293040779891084,0.04253593961017008,0.006368268354613468,0.020173401902866893
20,random5,4.0,26.71742912928918,0.310644244067827,0.16541851631580717,0.0061914084441031005,0.020173401902866893
20,random6,0.01,0.06679357282322294,0.43266833830303747,-0.0004109873762217169,-0.00615309765371353,0.006974038469949774
20,random6,0.1,0.6679357282322296,0.43302997841900237,-0.004076794017025477,-0.00610357231198755,0.006974038469949774
20,random6,1.0,6.679357282322295,0.4333523252673193,-0.04276508045935981,-0.006402574177689615,0.006974038469949774
20,random6,4.0,26.71742912928918,0.43336184101744557,-0.1882028045570714,-0.007044195893487097,0.006974038469949774
20,random7,0.01,0.06679357282322294,0.31884738303662324,-0.0003377577969552451,-0.005056740980889897,-0.024023525539284697
20,random7,0.1,0.6679357282322296,0.3189265191509049,-0.0033767196368838437,-0.005055455928103635,-0.024023525539284697
20,random7,1.0,6.679357282322295,0.32194998731835694,-0.03310195830805848,-0.0049558598093961395,-0.024023525539284697
20,random7,4.0,26.71742912928918,0.332544799641858,-0.12290385652609481,-0.004600137832549186,-0.024023525539284697
20,a_unit,0.01,0.06679357282322294,0.43464768067219656,0.0015099018956893882,0.02260549678463108,1.0000001550370041
20,a_unit,0.1,0.6679357282322296,0.4351035280363112,0.015067300037389658,0.022558008803132957,1.0000001550370041
20,a_unit,1.0,6.679357282322295,0.4382618857553397,0.14331901624206073,0.021457007041885807,1.0000001550370041
20,a_unit,4.0,26.71742912928918,0.46309257720089936,0.5096768700047021,0.019076568615127906,1.0000001550370041
20,oracle,0.01,0.06679357282322294,0.4298015756684027,0.0011134961307210066,0.016670707729140425,0.8759460398290444
20,oracle,0.1,0.6679357282322296,0.4296019143158578,0.011066301778255794,0.01656791411285044,0.8759460398290444
20,oracle,1.0,6.679357282322295,0.43017446752965605,0.10481954230177636,0.015693058159831276,0.8759460398290444
20,oracle,4.0,26.71742912928918,0.4435762595964909,0.3684598271768328,0.013790991094008592,0.8759460398290444
20,md_full,0.01,0.06679357282322294,0.40019176636835235,-0.00023860806670155825,-0.003572320758062495,-0.0007226284785223844
20,md_full,0.1,0.6679357282322296,0.4004698053365005,-0.0024043228090382066,-0.003599631981660166,-0.0007226284785223844
20,md_full,1.0,6.679357282322295,0.4001928123753987,-0.026151144880938566,-0.003915218751682987,-0.0007226284785223844
20,md_full,4.0,26.71742912928918,0.40126620272376423,-0.1281043930315343,-0.004794787418041615,-0.0007226284785223844
20,mean_diff_tgt_asis,0.01,0.06679357282322294,0.547102404362373,-0.0009736246138729557,-0.01457662126339263,-0.017352128633114576
20,mean_diff_tgt_asis,0.1,0.6679357282322296,0.5472751659666801,-0.009743985331663416,-0.014588207996377164,-0.017352128633114576
20,mean_diff_tgt_asis,1.0,6.679357282322295,0.5520035942651225,-0.09783653582985047,-0.014647597320297025,-0.017352128633114576
20,mean_diff_tgt_asis,4.0,26.71742912928918,0.5669856512609385,-0.3796291119659936,-0.014209043472293612,-0.017352128633114576
20,probe_grad_tgt_asis,0.01,0.06679357282322294,0.6247830718587262,-0.0003617009259379252,-0.005415205545228271,0.012379494106079667
20,probe_grad_tgt_asis,0.1,0.6679357282322296,0.6254391869569351,-0.003651090844204099,-0.00546623079119774,0.012379494106079667
20,probe_grad_tgt_asis,1.0,6.679357282322295,0.6318688153375269,-0.04008862533708791,-0.0060018686892505625,0.012379494106079667
20,probe_grad_tgt_asis,4.0,26.71742912928918,0.649264911915615,-0.200029964918216,-0.007486871732689717,0.012379494106079667
20,jtw,0.01,0.06679357282322294,4.2779788866393345,0.024035242157454246,0.3598436367682613,0.05038379191928334
20,jtw,0.1,0.6679357282322296,4.3013263512525794,0.23740352524296038,0.3554286965173681,0.05038379191928334
20,jtw,1.0,6.679357282322295,4.436120960064267,2.05964217283546,0.3083593354538086,0.05038379191928334
20,jtw,4.0,26.71742912928918,4.458449284878408,4.518624331484229,0.16912646458676872,0.05038379191928334
1271,random0,0.01,0.08991511847550049,0.5033960374392366,0.0003710209331711932,0.004126346486128322,-0.0027201306360455646
1271,random0,0.1,0.8991511847550049,0.5030597619616282,0.0037154573158515846,0.004132183084276255,-0.0027201306360455646
1271,random0,1.0,8.991511847550049,0.5027571389172817,0.03906068541268613,0.0043441732686288065,-0.0027201306360455646
1271,random0,4.0,35.966047390200195,0.49616163469672514,0.16608072191438117,0.004617708476901852,-0.0027201306360455646
1271,random1,0.01,0.08991511847550049,0.46646568303124436,0.00020291349099711893,0.002256722722913472,-0.04285108197620964
1271,random1,0.1,0.8991511847550049,0.46750332728687605,0.0020705433467712764,0.002302775530830719,-0.04285108197620964
1271,random1,1.0,8.991511847550049,0.4771402775694829,0.02317441739041342,0.0025773660518200662,-0.04285108197620964
1271,random1,4.0,35.966047390200195,0.5103880100876705,0.09997178737444057,0.0027796156272006764,-0.04285108197620964
1271,random2,0.01,0.08991511847550049,0.5536785840348624,-0.00024773915735959017,-0.0027552558630848335,0.009191708571768131
1271,random2,0.1,0.8991511847550049,0.5541401521350339,-0.0024328082493251858,-0.0027056720722534134,0.009191708571768131
1271,random2,1.0,8.991511847550049,0.5586027378408699,-0.018240480301043395,-0.002028633294412379,0.009191708571768131
1271,random2,4.0,35.966047390200195,0.5650888038317505,0.0035530148357821173,9.878802630811804e-05,0.009191708571768131
1271,random3,0.01,0.08991511847550049,0.518032316673561,0.0013854068705066592,0.015407941333960944,0.0013588918414095368
1271,random3,0.1,0.8991511847550049,0.5177338380891774,0.013981573442682534,0.015549747005551848,0.0013588918414095368
1271,random3,1.0,8.991511847550049,0.5137818697292492,0.15057005002792034,0.016745798991406182,0.0013588918414095368
1271,random3,4.0,35.966047390200195,0.5066609231708172,0.6692086487300901,0.018606677610963497,0.0013588918414095368
1271,random4,0.01,0.08991511847550049,0.48671107305188516,0.0008589515732602737,0.009552915992590451,-0.02756887301816416
1271,random4,0.1,0.8991511847550049,0.48698213751996655,0.008648452403104858,0.00961846300125972,-0.02756887301816416
1271,random4,1.0,8.991511847550049,0.4856251652871464,0.08981541540384835,0.009988911422979517,-0.02756887301816416
1271,random4,4.0,35.966047390200195,0.4770379290210253,0.386186157730942,0.010737520126722837,-0.02756887301816416
1271,random5,0.01,0.08991511847550049,0.4292007755419818,0.0006272617395746288,0.0069761542909554325,0.012284240913234839
1271,random5,0.1,0.8991511847550049,0.42931377490180767,0.006297329412309867,0.007003638007801462,0.012284240913234839
1271,random5,1.0,8.991511847550049,0.4287221461847848,0.06585994848867258,0.007324680165618386,0.012284240913234839
1271,random5,4.0,35.966047390200195,0.42769583211279416,0.27987211439117954,0.0077815644114242405,0.012284240913234839
1271,random6,0.01,0.08991511847550049,0.4074616163386403,-0.0013680340223193844,-0.015214727462013385,-0.006669622671958607
1271,random6,0.1,0.8991511847550049,0.40745459067097756,-0.013699475078202829,-0.015236008482750958,-0.006669622671958607
1271,random6,1.0,8.991511847550049,0.406431755114089,-0.13740291408216593,-0.015281402773172637,-0.006669622671958607
1271,random6,4.0,35.966047390200195,0.40532087967891034,-0.5176751409869025,-0.014393439884304757,-0.006669622671958607
1271,random7,0.01,0.08991511847550049,0.49702230807137804,-0.0001467447134920612,-0.0016320360355421796,-0.017832955025942027
1271,random7,0.1,0.8991511847550049,0.4975364212726079,-0.0013844934178023677,-0.0015397782278178344,-0.017832955025942027
1271,random7,1.0,8.991511847550049,0.5053208763079307,-0.009153287365303091,-0.0010179920263128077,-0.017832955025942027
1271,random7,4.0,35.966047390200195,0.5213247553089273,0.0294904259804507,0.000819951819017123,-0.017832955025942027
1271,a_unit,0.01,0.08991511847550049,0.7593808150200634,0.004806712363469394,0.053458333203209835,0.9999998749370727
1271,a_unit,0.1,0.8991511847550049,0.7579204380312794,0.04767239101446781,0.053019327364237735,0.9999998749370727
1271,a_unit,1.0,8.991511847550049,0.738735473464557,0.4434728297245125,0.049321275136321736,0.9999998749370727
1271,a_unit,4.0,35.966047390200195,0.7037432845665633,1.574448956938442,0.04377597960256922,0.9999998749370727
1271,oracle,0.01,0.08991511847550049,0.7795212082113567,0.005092990060957468,0.056642199302058126,0.9832220463465604
1271,oracle,0.1,0.8991511847550049,0.7780364948981024,0.050575337487710405,0.05624786837320451,0.9832220463465604
1271,oracle,1.0,8.991511847550049,0.7598194266685564,0.4749486994458484,0.052821895527531276,0.9832220463465604
1271,oracle,4.0,35.966047390200195,0.7174450855427753,1.7107637553092263,0.04756607632606758,0.9832220463465604
1271,md_full,0.01,0.08991511847550049,0.4706408157645092,-0.0021259728543878953,-0.023644220131536248,-0.0077092644660748996
1271,md_full,0.1,0.8991511847550049,0.47032717197308044,-0.021232126355332386,-0.023613522080958592,-0.0077092644660748996
1271,md_full,1.0,8.991511847550049,0.46855297599090856,-0.21087406756040902,-0.023452570728455045,-0.0077092644660748996
1271,md_full,4.0,35.966047390200195,0.46434924549931406,-0.7807051303290797,-0.0217067258422676,-0.0077092644660748996
1271,mean_diff_tgt_asis,0.01,0.08991511847550049,0.5405186725344744,-0.0009166412524633443,-0.010194517540596968,-0.008599767629787387
1271,mean_diff_tgt_asis,0.1,0.8991511847550049,0.5405130496502879,-0.009077319380687402,-0.010095431707806439,-0.008599767629787387
1271,mean_diff_tgt_asis,1.0,8.991511847550049,0.5411656295616617,-0.08173562229864452,-0.009090309136490247,-0.008599767629787387
1271,mean_diff_tgt_asis,4.0,35.966047390200195,0.5500244970821028,-0.19511565000094627,-0.00542499563224482,-0.008599767629787387
1271,probe_grad_tgt_asis,0.01,0.08991511847550049,0.8612551709758212,0.0007356437150793688,0.008181535291863207,0.01429074378105617
1271,probe_grad_tgt_asis,0.1,0.8991511847550049,0.8617548492196802,0.007332813773525472,0.00815526231611814,0.01429074378105617
1271,probe_grad_tgt_asis,1.0,8.991511847550049,0.8700541583857876,0.07062544840298336,0.007854680013820696,0.01429074378105617
1271,probe_grad_tgt_asis,4.0,35.966047390200195,0.8769547658195367,0.21938578182259108,0.006099802389805223,0.01429074378105617
1271,jtw,0.01,0.08991511847550049,4.151046295232487,0.05054148462595098,0.5621021857377879,0.09746948144870407
1271,jtw,0.1,0.8991511847550049,4.152890530339292,0.491872412567668,0.5470408324064994,0.09746948144870407
1271,jtw,1.0,8.991511847550049,3.882619269206534,3.7237727671617558,0.41414311967751966,0.09746948144870407
1271,jtw,4.0,35.966047390200195,2.633876862470936,7.572041981833983,0.21053305912890405,0.09746948144870407
1190,random0,0.01,0.061554800188072,0.4052635729944584,0.00034540099715080257,0.005611276392669273,-0.0027201306360455646
1190,random0,0.1,0.61554800188072,0.4051262830659178,0.003452306505151417,0.005608508994592431,-0.0027201306360455646
1190,random0,1.0,6.1554800188072,0.40513537142794714,0.03288356509376479,0.005342160967673309,-0.0027201306360455646
1190,random0,4.0,24.6219200752288,0.4049904724265234,0.10808609451429126,0.004389832075810882,-0.0027201306360455646
1190,random1,0.01,0.061554800188072,0.3941803286942878,-0.000851793134181738,-0.013837964408611583,-0.04285108197620964
1190,random1,0.1,0.61554800188072,0.39508328120861197,-0.008571555347244166,-0.013925080287897918,-0.04285108197620964
1190,random1,1.0,6.1554800188072,0.4020325473662865,-0.0892112767828436,-0.014492984545522225,-0.04285108197620964
1190,random1,4.0,24.6219200752288,0.42529608850242095,-0.4083034388889508,-0.016582924387758442,-0.04285108197620964
1190,random2,0.01,0.061554800188072,0.39592092502416165,0.00036187497544231046,0.005878907483033859,0.009191708571768131
1190,random2,0.1,0.61554800188072,0.3958757823673557,0.0036168599265396103,0.005875837327858762,0.009191708571768131
1190,random2,1.0,6.1554800188072,0.3972073945341156,0.03511951079458426,0.005705405701469512,0.009191708571768131
1190,random2,4.0,24.6219200752288,0.4011130797473402,0.12147186111716655,0.004933484502671864,0.009191708571768131
1190,random3,0.01,0.061554800188072,0.4093670217166653,-0.00024025132080106136,-0.0039030476919266633,0.0013588918414095368
1190,random3,0.1,0.61554800188072,0.40916018119580155,-0.002348802742772365,-0.003815791352739234,0.0013588918414095368
1190,random3,1.0,6.1554800188072,0.4082716919211007,-0.023413917671531368,-0.00380375171391889,0.0013588918414095368
1190,random3,4.0,24.6219200752288,0.40717947334265714,-0.09639214663091669,-0.0039148915412122245,0.0013588918414095368
1190,random4,0.01,0.061554800188072,0.37036142607223366,-0.0006571916615174943,-0.010676529848355255,-0.02756887301816416
1190,random4,0.1,0.61554800188072,0.3697819809318485,-0.006550065616297323,-0.010641031400125615,-0.02756887301816416
1190,random4,1.0,6.1554800188072,0.3668343487847339,-0.06450698803170335,-0.010479603188477805,-0.02756887301816416
1190,random4,4.0,24.6219200752288,0.3576457266278512,-0.24521347060941678,-0.00995915305793381,-0.02756887301816416
1190,random5,0.01,0.061554800188072,0.3036758564809508,0.0002283057499284072,0.003708983689831682,0.012284240913234839
1190,random5,0.1,0.61554800188072,0.304030926126934,0.002296143992286563,0.0037302435963905644,0.012284240913234839
1190,random5,1.0,6.1554800188072,0.305043795437581,0.02311959422971334,0.003755936849616063,0.012284240913234839
1190,random5,4.0,24.6219200752288,0.3115995083565329,0.0887083642432395,0.003602820737464975,0.012284240913234839
1190,random6,0.01,0.061554800188072,0.4262990078201858,1.6045312060499335e-05,0.0002606671130679516,-0.006669622671958607
1190,random6,0.1,0.61554800188072,0.4261321353893994,0.00019469766899906206,0.00031629973357754525,-0.006669622671958607
1190,random6,1.0,6.1554800188072,0.424735519394679,0.0011664538705426705,0.00018949844154781355,-0.006669622671958607
1190,random6,4.0,24.6219200752288,0.41999352631098275,-0.0037506349555076063,-0.0001523291012255775,-0.006669622671958607
1190,random7,0.01,0.061554800188072,0.31756976523022595,0.00010309604119105383,0.001674865987316317,-0.017832955025942027
1190,random7,0.1,0.61554800188072,0.31775237083083363,0.0010389308754850065,0.0016878145527411345,-0.017832955025942027
1190,random7,1.0,6.1554800188072,0.3210028342137513,0.010005445500096435,0.0016254533309386448,-0.017832955025942027
1190,random7,4.0,24.6219200752288,0.3321766171959796,0.032867138251430505,0.0013348730785824015,-0.017832955025942027
1190,a_unit,0.01,0.061554800188072,0.5904970506886078,0.0025314985714070277,0.04112593272453799,0.9999998749370727
1190,a_unit,0.1,0.61554800188072,0.5906740472207239,0.02521377508616561,0.040961509109165295,0.9999998749370727
1190,a_unit,1.0,6.1554800188072,0.5892125662628128,0.2423164202076412,0.03936596649932703,0.9999998749370727
1190,a_unit,4.0,24.6219200752288,0.5944507983460458,0.8841345215696819,0.035908431140558236,0.9999998749370727
1190,oracle,0.01,0.061554800188072,0.6172665235539017,0.0026691414104527394,0.04336203516699842,0.951589883980923
1190,oracle,0.1,0.61554800188072,0.6167047883600598,0.02657574903656329,0.043174129321133105,0.951589883980923
1190,oracle,1.0,6.1554800188072,0.6138386089934672,0.2556471695285056,0.04153163827149333,0.951589883980923
1190,oracle,4.0,24.6219200752288,0.611118951271775,0.9308734837518682,0.03780669748369403,0.951589883980923
1190,md_full,0.01,0.061554800188072,0.4292892060126684,0.0003041982860244703,0.004941910055674544,-0.0077092644660748996
1190,md_full,0.1,0.61554800188072,0.4285824161791973,0.0030337322737999436,0.004928506411410325,-0.0077092644660748996
1190,md_full,1.0,6.1554800188072,0.42374770366748665,0.0297412508728233,0.004831670443564614,-0.0077092644660748996
1190,md_full,4.0,24.6219200752288,0.4092984222943201,0.11485827840997129,0.004664879020768406,-0.0077092644660748996
1190,mean_diff_tgt_asis,0.01,0.061554800188072,0.5117269764395719,0.00022657838826620988,0.003680921513414577,-0.008599767629787387
1190,mean_diff_tgt_asis,0.1,0.61554800188072,0.5110573327753055,0.002243883392668704,0.003645342663468706,-0.008599767629787387
1190,mean_diff_tgt_asis,1.0,6.1554800188072,0.5042564089000243,0.023091754605555206,0.0037514141114911607,-0.008599767629787387
1190,mean_diff_tgt_asis,4.0,24.6219200752288,0.4857705044257595,0.10520369564415485,0.0042727657031912955,-0.008599767629787387
1190,probe_grad_tgt_asis,0.01,0.061554800188072,0.5584530102107496,0.0005665345193079689,0.009203742317041118,0.01429074378105617
1190,probe_grad_tgt_asis,0.1,0.61554800188072,0.5582320489840158,0.005691758566888121,0.009246652656653514,0.01429074378105617
1190,probe_grad_tgt_asis,1.0,6.1554800188072,0.5581434943206854,0.056191389751127724,0.009128677142878032,0.01429074378105617
1190,probe_grad_tgt_asis,4.0,24.6219200752288,0.5619543152684253,0.21504141131056118,0.008733738500227947,0.01429074378105617
1190,jtw,0.01,0.061554800188072,3.9931565028523925,0.022203435860581953,0.3607100631103097,0.10563841131837878
1190,jtw,0.1,0.61554800188072,3.985042997163175,0.21781199096157192,0.35385053691357643,0.10563841131837878
1190,jtw,1.0,6.1554800188072,3.8547600272354576,1.8073029127232607,0.29360876929196456,0.10563841131837878
1190,jtw,4.0,24.6219200752288,3.327023515001573,4.323932765662031,0.17561314277890858,0.10563841131837878
86,random0,0.01,0.04220854146276227,0.4751263951885143,-3.964439650463406e-06,-9.392505670827224e-05,-0.018836843037210012
86,random0,0.1,0.4220854146276227,0.4746178592661624,-4.958386646740452e-07,-1.1747353675120234e-06,-0.018836843037210012
86,random0,1.0,4.220854146276227,0.47225864284375485,-0.0003455760283999033,-8.187348257574397e-05,-0.018836843037210012
86,random0,4.0,16.883416585104907,0.46333378675269127,-0.006631840828496313,-0.0003928020608309302,-0.018836843037210012
86,random1,0.01,0.04220854146276227,0.42525751254013616,-0.00023817628156258975,-0.0056428455783698785,-0.03292832111463371
86,random1,0.1,0.4220854146276227,0.42488181878647624,-0.0023803295643330044,-0.005639449935584738,-0.03292832111463371
86,random1,1.0,4.220854146276227,0.4262738814768484,-0.024017982373020164,-0.005690313273252903,-0.03292832111463371
86,random1,4.0,16.883416585104907,0.4311119855825941,-0.0995460272638401,-0.005896083103917651,-0.03292832111463371
86,random2,0.01,0.04220854146276227,0.40653817223860955,-0.0001235663611194213,-0.0029275202799517604,0.001196914480027564
86,random2,0.1,0.4220854146276227,0.4065691110347432,-0.0011847224451489295,-0.0028068310443613164,0.001196914480027564
86,random2,1.0,4.220854146276227,0.406606208980914,-0.012075075807071255,-0.0028608133303360587,0.001196914480027564
86,random2,4.0,16.883416585104907,0.4064036657978361,-0.052389420758010646,-0.003103010607712557,0.001196914480027564
86,random3,0.01,0.04220854146276227,0.41039103575501856,0.0001076770177501003,0.0025510717503730005,0.01872252736263025
86,random3,0.1,0.4220854146276227,0.41008656034533847,0.0011072969898107445,0.002623395529522472,0.01872252736263025
86,random3,1.0,4.220854146276227,0.41016766255958687,0.011571519747711114,0.002741511397146921,0.01872252736263025
86,random3,4.0,16.883416585104907,0.41191290089558374,0.05056048105124087,0.00299468302498956,0.01872252736263025
86,random4,0.01,0.04220854146276227,0.37703653244399704,-0.00021866774286642888,-0.0051806514816283,-0.019897432737398267
86,random4,0.1,0.4220854146276227,0.37687380386485636,-0.002158234924775713,-0.005113265822463391,-0.019897432737398267
86,random4,1.0,4.220854146276227,0.37661346194427714,-0.021357772498543252,-0.005060059352533128,-0.019897432737398267
86,random4,4.0,16.883416585104907,0.37531374969063236,-0.08229262573822096,-0.004874169000297142,-0.019897432737398267
86,random5,0.01,0.04220854146276227,0.36168826066800913,7.816595455117539e-05,0.0018518989721579436,0.020173401902866893
86,random5,0.1,0.4220854146276227,0.36124636037743146,0.0007967558092177124,0.0018876648697293554,0.020173401902866893
86,random5,1.0,4.220854146276227,0.3635296635720007,0.00754943199276273,0.001788602906220553,0.020173401902866893
86,random5,4.0,16.883416585104907,0.3723565019527176,0.023730522898101736,0.0014055521747320721,0.020173401902866893
86,random6,0.01,0.04220854146276227,0.37547564746379075,2.1834948570176977e-06,5.1731113688068254e-05,0.006974038469949774
86,random6,0.1,0.4220854146276227,0.37557961378827687,4.1756357145162834e-05,9.892869001882387e-05,0.006974038469949774
86,random6,1.0,4.220854146276227,0.37455062645193565,-0.0005304223321601735,-0.00012566706021531902,0.006974038469949774
86,random6,4.0,16.883416585104907,0.37208471122414144,-0.013404986035100527,-0.0007939735401024718,0.006974038469949774
86,random7,0.01,0.04220854146276227,0.4125210233531068,0.00010961848461616151,0.0025970687642185046,-0.024023525539284697
86,random7,0.1,0.4220854146276227,0.411688999480173,0.0011332297029785778,0.002684835020841337,-0.024023525539284697
86,random7,1.0,4.220854146276227,0.4121847570071851,0.011152184351900301,0.0026421629285008855,-0.024023525539284697
86,random7,4.0,16.883416585104907,0.4138847768605976,0.042218716093954486,0.0025006026405343332,-0.024023525539284697
86,a_unit,0.01,0.04220854146276227,0.5500663763594656,0.0014652643969835382,0.034714878699995864,1.0000001550370041
86,a_unit,0.1,0.4220854146276227,0.5507790626834683,0.014681856749327244,0.034784089287425504,1.0000001550370041
86,a_unit,1.0,4.220854146276227,0.5469825428699538,0.144727475952956,0.03428867024003642,1.0000001550370041
86,a_unit,4.0,16.883416585104907,0.5390565101387357,0.5561110948709254,0.03293830322006888,1.0000001550370041
86,oracle,0.01,0.04220854146276227,0.5237261641916724,0.0014288678622633904,0.0338525761077052,0.9792580848441803
86,oracle,0.1,0.4220854146276227,0.5228577039908461,0.014292237348278315,0.03386100740033243,0.9792580848441803
86,oracle,1.0,4.220854146276227,0.5187699494883845,0.1410671613868701,0.03342147264465987,0.9792580848441803
86,oracle,4.0,16.883416585104907,0.5094297230182859,0.5429082032453565,0.0321562996748139,0.9792580848441803
86,md_full,0.01,0.04220854146276227,0.3779131446563129,-6.164582172866253e-05,-0.0014605058500552182,-0.0007226284785223844
86,md_full,0.1,0.4220854146276227,0.3778359916916479,-0.0006051504647867183,-0.0014337156504699443,-0.0007226284785223844
86,md_full,1.0,4.220854146276227,0.3773510092969385,-0.006772980568712592,-0.00160464691126272,-0.0007226284785223844
86,md_full,4.0,16.883416585104907,0.376073751455957,-0.03610682836378973,-0.0021385972549918795,-0.0007226284785223844
86,mean_diff_tgt_asis,0.01,0.04220854146276227,0.5347196277092482,-0.00010275420421681646,-0.0024344410078104574,-0.017352128633114576
86,mean_diff_tgt_asis,0.1,0.4220854146276227,0.5341673057235446,-0.000990545765244038,-0.002346789846121381,-0.017352128633114576
86,mean_diff_tgt_asis,1.0,4.220854146276227,0.5338447625299662,-0.00938013614227631,-0.0022223312668957695,-0.017352128633114576
86,mean_diff_tgt_asis,4.0,16.883416585104907,0.5337045662982446,-0.02879112171487301,-0.0017052900145977244,-0.017352128633114576
86,probe_grad_tgt_asis,0.01,0.04220854146276227,0.6193926456263157,0.00012359221684862196,0.002928132850969489,0.012379494106079667
86,probe_grad_tgt_asis,0.1,0.4220854146276227,0.61931986928241,0.0012486078831666142,0.002958187702998873,0.012379494106079667
86,probe_grad_tgt_asis,1.0,4.220854146276227,0.6232709089473866,0.01077319452141173,0.002552373085650493,0.012379494106079667
86,probe_grad_tgt_asis,4.0,16.883416585104907,0.6361735270989087,0.018473192972256067,0.0010941620067915466,0.012379494106079667
86,jtw,0.01,0.04220854146276227,2.9199669406709607,0.012831251006809359,0.3039965505116897,0.11179747043305424
86,jtw,0.1,0.4220854146276227,2.920222723304017,0.1274761613953359,0.30201508267657023,0.11179747043305424
86,jtw,1.0,4.220854146276227,2.8962041177916364,1.18430379281189,0.2805839177969987,0.11179747043305424
86,jtw,4.0,16.883416585104907,2.6650546021763653,3.618477870135676,0.21432142314891486,0.11179747043305424
484,random0,0.01,0.030886777809979397,0.4373104924430759,5.53484682194479e-05,0.001791979356343381,-0.018836843037210012
484,random0,0.1,0.308867778099794,0.43754784200237523,0.0005352019600339789,0.0017327866419949353,-0.018836843037210012
484,random0,1.0,3.0886777809979398,0.4375766570898734,0.004797752991049748,0.0015533355471931464,-0.018836843037210012
484,random0,4.0,12.354711123991759,0.43769726539927195,0.011592378018825233,0.000938296161074447,-0.018836843037210012
484,random1,0.01,0.030886777809979397,0.45737266823402833,-0.0004334527562387077,-0.014033602304046777,-0.03292832111463371
484,random1,0.1,0.308867778099794,0.45750815654048266,-0.004351177955101547,-0.014087510137414522,-0.03292832111463371
484,random1,1.0,3.0886777809979398,0.4598032830801795,-0.044615486829826766,-0.014444849865631396,-0.03292832111463371
484,random1,4.0,12.354711123991759,0.46637470498755773,-0.19344367744029745,-0.015657482841881013,-0.03292832111463371
484,random2,0.01,0.030886777809979397,0.4153680685531704,5.702620683750427e-05,0.0018462983477376305,0.001196914480027564
484,random2,0.1,0.308867778099794,0.41539312180584487,0.0005358290105195633,0.0017348168003022933,0.001196914480027564
484,random2,1.0,3.0886777809979398,0.416061455687626,0.004939776230668184,0.0015993174364313785,0.001196914480027564
484,random2,4.0,12.354711123991759,0.41787225389135907,0.014006377702755111,0.0011336871871942,0.001196914480027564
484,random3,0.01,0.030886777809979397,0.4689572744528049,-0.00021948962483262814,-0.007106264893766675,0.01872252736263025
484,random3,0.1,0.308867778099794,0.46939964169290344,-0.0022136106035771617,-0.007166855076938303,0.01872252736263025
484,random3,1.0,3.0886777809979398,0.4701318479358787,-0.022751413150322176,-0.007366068837057935,0.01872252736263025
484,random3,4.0,12.354711123991759,0.4722430622503327,-0.09899076420367686,-0.008012390027594051,0.01872252736263025
484,random4,0.01,0.030886777809979397,0.44481044133105174,-0.00017127459494516904,-0.005545239972873794,-0.019897432737398267
484,random4,0.1,0.308867778099794,0.445005844827432,-0.001706103168690355,-0.005523733097659412,-0.019897432737398267
484,random4,1.0,3.0886777809979398,0.4437144546825533,-0.01759803931258591,-0.005697596369829181,-0.019897432737398267
484,random4,4.0,12.354711123991759,0.4391106421133935,-0.07723415730939226,-0.006251393216261475,-0.019897432737398267
484,random5,0.01,0.030886777809979397,0.3424156656589235,7.381116030293544e-05,0.002389733262467001,0.020173401902866893
484,random5,0.1,0.308867778099794,0.34240402034692924,0.0007378894405167381,0.002389013982152353,0.020173401902866893
484,random5,1.0,3.0886777809979398,0.34249675156972226,0.006961078003315407,0.002253740434221115,0.020173401902866893
484,random5,4.0,12.354711123991759,0.3433262810032096,0.022133401347390936,0.0017914948496375461,0.020173401902866893
484,random6,0.01,0.030886777809979397,0.4224505665132368,8.928739181737926e-05,0.0028907965850853774,0.006974038469949774
484,random6,0.1,0.308867778099794,0.4227110015647092,0.0008558456862274694,0.002770912820666418,0.006974038469949774
484,random6,1.0,3.0886777809979398,0.4221175873279363,0.008118756922882851,0.002628554190026165,0.006974038469949774
484,random6,4.0,12.354711123991759,0.42036840538946746,0.027576439159266775,0.002232058595503359,0.006974038469949774
484,random7,0.01,0.030886777809979397,0.3195695525847295,5.1177993491366365e-05,0.0016569547592896192,-0.024023525539284697
484,random7,0.1,0.308867778099794,0.31983756969738203,0.0004935135575298237,0.0015978149633024245,-0.024023525539284697
484,random7,1.0,3.0886777809979398,0.3211263070754482,0.004782498334240952,0.0015483966516882009,-0.024023525539284697
484,random7,4.0,12.354711123991759,0.3258296599097867,0.0167853332388377,0.0013586180259805558,-0.024023525539284697
484,a_unit,0.01,0.030886777809979397,0.4792037678372609,0.0012155820662754523,0.03935606600837147,1.0000001550370041
484,a_unit,0.1,0.308867778099794,0.4782232600812436,0.012126652859784877,0.03926163141519671,1.0000001550370041
484,a_unit,1.0,3.0886777809979398,0.4751460629012315,0.11982696905981716,0.03879555510678797,1.0000001550370041
484,a_unit,4.0,12.354711123991759,0.4674042477275696,0.46427905785572354,0.03757911076966701,1.0000001550370041
484,oracle,0.01,0.030886777809979397,0.4754690791656205,0.0011310556729099623,0.03661941300152464,0.9550020921194293
484,oracle,0.1,0.308867778099794,0.4751880046960698,0.011285879112880428,0.03653951597772042,0.9550020921194293
484,oracle,1.0,3.0886777809979398,0.4732307295523031,0.1117519774914143,0.03618117052511307,0.9550020921194293
484,oracle,4.0,12.354711123991759,0.46771789276143877,0.4348618762433988,0.035198061037536955,0.9550020921194293
484,md_full,0.01,0.030886777809979397,0.41769667172879504,-8.390922932945122e-06,-0.00027166715105627004,-0.0007226284785223844
484,md_full,0.1,0.308867778099794,0.41843168542029746,-0.0001253667888717494,-0.0004058914453395779,-0.0007226284785223844
484,md_full,1.0,3.0886777809979398,0.4193369752680454,-0.002215240933512585,-0.0007172133484240786,-0.0007226284785223844
484,md_full,4.0,12.354711123991759,0.42260932773267035,-0.021211965194152416,-0.001716913085321813,-0.0007226284785223844
484,mean_diff_tgt_asis,0.01,0.030886777809979397,0.5755078947406259,-0.00015328193947084572,-0.004962704119343939,-0.017352128633114576
484,mean_diff_tgt_asis,0.1,0.308867778099794,0.5755468232272895,-0.0015535292251513864,-0.005029754915546571,-0.017352128633114576
484,mean_diff_tgt_asis,1.0,3.0886777809979398,0.5794096878755397,-0.016378268107658387,-0.005302679421084394,-0.017352128633114576
484,mean_diff_tgt_asis,4.0,12.354711123991759,0.59253780321335,-0.07688858721514,-0.006223422502030755,-0.017352128633114576
484,probe_grad_tgt_asis,0.01,0.030886777809979397,0.7117848909660635,-3.7203099805706427e-06,-0.00012044992208182445,0.012379494106079667
484,probe_grad_tgt_asis,0.1,0.308867778099794,0.7125930294426689,-4.8226330388646734e-05,-0.00015613907894615342,0.012379494106079667
484,probe_grad_tgt_asis,1.0,3.0886777809979398,0.7181290068422733,-0.002082294646779257,-0.0006741702419041186,0.012379494106079667
484,probe_grad_tgt_asis,4.0,12.354711123991759,0.7353846273871699,-0.030384185917018754,-0.002459319818333538,0.012379494106079667
484,jtw,0.01,0.030886777809979397,5.6020082221166145,0.01064939468075123,0.3447881402931727,0.1094908871619556
484,jtw,0.1,0.308867778099794,5.576975446460468,0.10478073975871408,0.33924140745060116,0.1094908871619556
484,jtw,1.0,3.0886777809979398,5.288245326386685,0.8914109488679607,0.28860600298032685,0.1094908871619556
484,jtw,4.0,12.354711123991759,4.186467182164504,2.2247730866496163,0.18007487705069067,0.1094908871619556
1139,random0,0.01,0.103142528590084,0.37840980609947333,-0.0007260512321628063,-0.0070393002972452615,-0.022241398546016297
1139,random0,0.1,1.0314252859008401,0.37758465944727265,-0.00724355744365994,-0.007022861997544944,-0.022241398546016297
1139,random0,1.0,10.3142528590084,0.36991025811073897,-0.07077459509675496,-0.006861824706473131,-0.022241398546016297
1139,random0,4.0,41.2570114360336,0.34734492608190154,-0.2452088780753876,-0.005943447417551524,-0.022241398546016297
1139,random1,0.01,0.103142528590084,0.4123891687088165,0.0002625285517607378,0.0025452987758725256,-0.016082405710014572
1139,random1,0.1,1.0314252859008401,0.4121786145384361,0.002637635774480067,0.0025572727472706596,-0.016082405710014572
1139,random1,1.0,10.3142528590084,0.41078159895945376,0.026668503215679124,0.002585597190628018,-0.016082405710014572
1139,random1,4.0,41.2570114360336,0.4057939106443816,0.08426680182434262,0.0020424843897138066,-0.016082405710014572
1139,random2,0.01,0.103142528590084,0.4899307204272299,-7.035629829296969e-05,-0.0006821269485508197,-0.017166864500445363
1139,random2,0.1,1.0314252859008401,0.4894327237214818,-0.0006244893660847981,-0.0006054625328865902,-0.017166864500445363
1139,random2,1.0,10.3142528590084,0.48627100955407654,-0.0011097311357240805,-0.00010759200408344155,-0.017166864500445363
1139,random2,4.0,41.2570114360336,0.47675422921414207,0.06338476530275486,0.0015363392329332663,-0.017166864500445363
1139,random3,0.01,0.103142528590084,0.39287550066966614,-0.0003231363088931664,-0.0031329104813533947,0.00883110460024658
1139,random3,0.1,1.0314252859008401,0.39273842527711694,-0.003246956433843824,-0.0031480287309496716,0.00883110460024658
1139,random3,1.0,10.3142528590084,0.39244868034023744,-0.031630272934672146,-0.0030666567289986957,0.00883110460024658
1139,random3,4.0,41.2570114360336,0.39525152522311924,-0.1265093309233975,-0.0030663716667781974,0.00883110460024658
1139,random4,0.01,0.103142528590084,0.3892102834375924,-0.00013799136025458676,-0.0013378706353322143,-0.06111194028513024
1139,random4,0.1,1.0314252859008401,0.3893883589920781,-0.0013710075304351516,-0.0013292359118748213,-0.06111194028513024
1139,random4,1.0,10.3142528590084,0.39113247644635024,-0.013871346535364867,-0.0013448716765994083,-0.06111194028513024
1139,random4,4.0,41.2570114360336,0.39948856783482156,-0.042042719222154704,-0.0010190442244547764,-0.06111194028513024
1139,random5,0.01,0.103142528590084,0.3944396329738164,-0.0003193913210738572,-0.003096601619524025,-0.0026064843022571803
1139,random5,0.1,1.0314252859008401,0.3945643740277705,-0.0030418043898546116,-0.0029491272236921353,-0.0026064843022571803
1139,random5,1.0,10.3142528590084,0.39765960692920943,-0.013809818093390991,-0.0013389062961869883,-0.0026064843022571803
1139,random5,4.0,41.2570114360336,0.4152248439035559,0.16350781776475898,0.003963152251545596,-0.0026064843022571803
1139,random6,0.01,0.103142528590084,0.3607407957844311,-0.0005215746745189361,-0.005056834282120553,-0.018279339941184174
1139,random6,0.1,1.0314252859008401,0.3608684406067432,-0.0052107282394953935,-0.005051968679383672,-0.018279339941184174
1139,random6,1.0,10.3142528590084,0.36351883649034095,-0.052602222071343324,-0.00509995467344015,-0.018279339941184174
1139,random6,4.0,41.2570114360336,0.3794229441753692,-0.18572520807175175,-0.00450166411979954,-0.018279339941184174
1139,random7,0.01,0.103142528590084,0.47188364261006527,0.00047302572455044527,0.004586136591922969,-0.01875477251246277
1139,random7,0.1,1.0314252859008401,0.47184464568892315,0.004816937128546089,0.004670175527390729,-0.01875477251246277
1139,random7,1.0,10.3142528590084,0.46984218705385566,0.05574970395491906,0.0054051131688348745,-0.01875477251246277
1139,random7,4.0,41.2570114360336,0.45773462912356105,0.3101659334642337,0.00751789629612718,-0.01875477251246277
1139,a_unit,0.01,0.103142528590084,0.49150217033301924,0.007314162202782934,0.07091315583168772,1.0000001163343066
1139,a_unit,0.1,1.0314252859008401,0.4927343100006171,0.07316406846990767,0.07093491837947975,1.0000001163343066
1139,a_unit,1.0,10.3142528590084,0.5065160451398518,0.7369436866099323,0.07144906147673998,1.0000001163343066
1139,a_unit,4.0,41.2570114360336,0.5741816244429849,3.135678192195209,0.07600352238447713,1.0000001163343066
1139,oracle,0.01,0.103142528590084,0.47627057206094064,0.0067736287869714935,0.06567251045290644,0.8884811551966123
1139,oracle,0.1,1.0314252859008401,0.4769814242623607,0.06779551216072048,0.06572993030853255,0.8884811551966123
1139,oracle,1.0,10.3142528590084,0.48654357174350965,0.686420121840984,0.0665506393166878,0.8884811551966123
1139,oracle,4.0,41.2570114360336,0.5294519120882524,2.9212438356443577,0.07080599718604345,0.8884811551966123
1139,md_full,0.01,0.103142528590084,0.4233577285069793,-0.000577745095302083,-0.0056014245840161295,-0.024945914482723864
1139,md_full,0.1,1.0314252859008401,0.4235492592612596,-0.005723763849631594,-0.005549373209938804,-0.024945914482723864
1139,md_full,1.0,10.3142528590084,0.42569862062960495,-0.04991469005348079,-0.00483938979737981,-0.024945914482723864
1139,md_full,4.0,41.2570114360336,0.4353088380966136,-0.11880558362697029,-0.00287964589512672,-0.024945914482723864
1139,mean_diff_tgt_asis,0.01,0.103142528590084,0.4421261802736775,-0.0019215747729256754,-0.01863028567549015,-0.013252187248143922
1139,mean_diff_tgt_asis,0.1,1.0314252859008401,0.44231748998079634,-0.01913572070502213,-0.01855269690068643,-0.013252187248143922
1139,mean_diff_tgt_asis,1.0,10.3142528590084,0.4449421287125015,-0.18222292828832162,-0.017667099185877465,-0.013252187248143922
1139,mean_diff_tgt_asis,4.0,41.2570114360336,0.45569464842873886,-0.5953092523042187,-0.014429286843212293,-0.013252187248143922
1139,probe_grad_tgt_asis,0.01,0.103142528590084,0.7400477012281962,-0.001655292741510128,-0.016048595706710897,0.02111720438699441
1139,probe_grad_tgt_asis,0.1,1.0314252859008401,0.7400146732070078,-0.01658839963539267,-0.016082987165574936,0.02111720438699441
1139,probe_grad_tgt_asis,1.0,10.3142528590084,0.7389518449731695,-0.16801668181984852,-0.016289757883248313,0.02111720438699441
1139,probe_grad_tgt_asis,4.0,41.2570114360336,0.7262061475753024,-0.6772303436066351,-0.016414915187364897,0.02111720438699441
1139,jtw,0.01,0.103142528590084,2.608560524754691,0.047602267387094,0.4615192979830671,0.1272153494187419
1139,jtw,0.1,1.0314252859008401,2.601743567616546,0.4702270556484853,0.45590025964681685,0.1272153494187419
1139,jtw,1.0,10.3142528590084,2.4808641183696647,4.102549019334204,0.3977553270619175,0.1272153494187419
1139,jtw,4.0,41.2570114360336,1.7638707767236255,9.960969902903521,0.24143702018619012,0.1272153494187419
928,random0,0.01,0.07473190977432029,0.39448069259402946,-0.0004115572190277148,-0.005507114969636919,-0.018836843037210012
928,random0,0.1,0.7473190977432029,0.3943742383783677,-0.004080271266844095,-0.005459878222255971,-0.018836843037210012
928,random0,1.0,7.473190977432028,0.3938888328227644,-0.039010934492394345,-0.005220117431790758,-0.018836843037210012
928,random0,4.0,29.892763909728114,0.39057427192505373,-0.13015428046740024,-0.004354039688683442,-0.018836843037210012
928,random1,0.01,0.07473190977432029,0.40053115016646457,-0.0010169201967282656,-0.013607576733944303,-0.03292832111463371
928,random1,0.1,0.7473190977432029,0.4008406327601725,-0.01014156309422431,-0.013570592702435123,-0.03292832111463371
928,random1,1.0,7.473190977432028,0.4051659383284502,-0.10079473987772047,-0.013487510245905159,-0.03292832111463371
928,random1,4.0,29.892763909728114,0.4199036269996791,-0.39684195439785624,-0.013275518971623447,-0.03292832111463371
928,random2,0.01,0.07473190977432029,0.4111929302421334,1.7953900847186258e-05,0.00024024410591679617,0.001196914480027564
928,random2,0.1,0.7473190977432029,0.41092419510906036,0.00022060890143005014,0.00029520040648801503,0.001196914480027564
928,random2,1.0,7.473190977432028,0.4101394271508992,0.0029023865870926677,0.0003883731321543182,0.001196914480027564
928,random2,4.0,29.892763909728114,0.40588904104099205,0.014769479013589618,0.0004940820814760167,0.001196914480027564
928,random3,0.01,0.07473190977432029,0.43926305994847586,4.521059994621571e-05,0.0006049704882793076,0.01872252736263025
928,random3,0.1,0.7473190977432029,0.4384686856686893,0.0005216586915097244,0.0006980400916891583,0.01872252736263025
928,random3,1.0,7.473190977432028,0.43652761941500623,0.008549205687105894,0.0011439833015004267,0.01872252736263025
928,random3,4.0,29.892763909728114,0.43170193283091646,0.07277950901339439,0.0024346865091892517,0.01872252736263025
928,random4,0.01,0.07473190977432029,0.35098482438809836,-0.000499271935205762,-0.006680840041603273,-0.019897432737398267
928,random4,0.1,0.7473190977432029,0.3508368023023679,-0.004926208966378909,-0.006591841398480725,-0.019897432737398267
928,random4,1.0,7.473190977432028,0.349936750972076,-0.04801323556298034,-0.006424730173224994,-0.019897432737398267
928,random4,4.0,29.892763909728114,0.3473140884343208,-0.17198281143282695,-0.005753325853447026,-0.019897432737398267
928,random5,0.01,0.07473190977432029,0.3533283806734596,0.0002447960134695894,0.0032756557969525796,0.020173401902866893
928,random5,0.1,0.7473190977432029,0.3530855907817168,0.0024974625186091506,0.0033418957526324847,0.020173401902866893
928,random5,1.0,7.473190977432028,0.35317139423544586,0.02823595978727323,0.0037783003100739436,0.020173401902866893
928,random5,4.0,29.892763909728114,0.3566699733035762,0.1532388993571407,0.005126287412562463,0.020173401902866893
928,random6,0.01,0.07473190977432029,0.40195591846070966,0.0003285721104445324,0.0043966775563045735,0.006974038469949774
928,random6,0.1,0.7473190977432029,0.4017780435763296,0.0033254719040011734,0.004449868756256362,0.006974038469949774
928,random6,1.0,7.473190977432028,0.4011951722945926,0.03677278316942878,0.004920626714943769,0.006974038469949774
928,random6,4.0,29.892763909728114,0.40096003301466254,0.19209748148554556,0.006426220140287214,0.006974038469949774
928,random7,0.01,0.07473190977432029,0.3485097326341651,-6.056562548640318e-06,-8.104386154362003e-05,-0.024023525539284697
928,random7,0.1,0.7473190977432029,0.3482079677000504,-1.896769173193426e-05,-2.5380980881144328e-05,-0.024023525539284697
928,random7,1.0,7.473190977432028,0.34741061081069086,0.002176955228258925,0.0002913019665672963,-0.024023525539284697
928,random7,4.0,29.892763909728114,0.34621036676479566,0.03924138120697772,0.001312738471607413,-0.024023525539284697
928,a_unit,0.01,0.07473190977432029,0.5032663616234704,0.0025322666105760732,0.03388467681641159,1.0000001550370041
928,a_unit,0.1,0.7473190977432029,0.5033417073075463,0.02534446346146773,0.0339138442172887,1.0000001550370041
928,a_unit,1.0,7.473190977432028,0.5055661484058975,0.257933125366426,0.0345144565615073,1.0000001550370041
928,a_unit,4.0,29.892763909728114,0.5204889848859378,1.1306201364011839,0.03782253590920851,1.0000001550370041
928,oracle,0.01,0.07473190977432029,0.427845338725295,0.0024892406939666543,0.033308939935882895,0.837293855822471
928,oracle,0.1,0.7473190977432029,0.4280535459799343,0.02496329022503765,0.033403790028146245,0.837293855822471
928,oracle,1.0,7.473190977432028,0.4310634581267123,0.25426329186442176,0.034023390092968404,0.837293855822471
928,oracle,4.0,29.892763909728114,0.4430608109026832,1.0994195553937245,0.036778785618948276,0.837293855822471
928,md_full,0.01,0.07473190977432029,0.3968667943238762,-0.0003937514514670093,-0.005268853059637878,-0.0007226284785223844
928,md_full,0.1,0.7473190977432029,0.3966505595337107,-0.003918138536718017,-0.005242925744237283,-0.0007226284785223844
928,md_full,1.0,7.473190977432028,0.39738640522709556,-0.039915022782772036,-0.005341094975802133,-0.0007226284785223844
928,md_full,4.0,29.892763909728114,0.40138539543038143,-0.17004283483844795,-0.005688427987186232,-0.0007226284785223844
928,mean_diff_tgt_asis,0.01,0.07473190977432029,0.5264054331497852,-0.00016431502917112575,-0.002198726483336686,-0.017352128633114576
928,mean_diff_tgt_asis,0.1,0.7473190977432029,0.5259582781913928,-0.001603815252711835,-0.002146091619436902,-0.017352128633114576
928,mean_diff_tgt_asis,1.0,7.473190977432028,0.5234082925755577,-0.011851829879654779,-0.00158591288720516,-0.017352128633114576
928,mean_diff_tgt_asis,4.0,29.892763909728114,0.513622450843238,0.009822149215298434,0.00032857949318303,-0.017352128633114576
928,probe_grad_tgt_asis,0.01,0.07473190977432029,0.6809018863308638,-0.00014039635330168043,-0.0018786667398927367,0.012379494106079667
928,probe_grad_tgt_asis,0.1,0.7473190977432029,0.6808279544874551,-0.0014265406726374124,-0.0019088775824749585,0.012379494106079667
928,probe_grad_tgt_asis,1.0,7.473190977432028,0.6803606847890684,-0.016900325715677077,-0.0022614604346006483,0.012379494106079667
928,probe_grad_tgt_asis,4.0,29.892763909728114,0.675999120125157,-0.11010582488597147,-0.0036833604687233124,0.012379494106079667
928,jtw,0.01,0.07473190977432029,3.4133031768631663,0.026126010521178026,0.34959645217250374,0.08711167257619534
928,jtw,0.1,0.7473190977432029,3.3841959890279485,0.2569473912136415,0.34382553850100445,0.08711167257619534
928,jtw,1.0,7.473190977432028,3.069677817396043,2.1765046239543953,0.29124167046274196,0.08711167257619534
928,jtw,4.0,29.892763909728114,2.2727775541646635,5.539138020705176,0.18530029666820313,0.08711167257619534
134,random0,0.01,0.07461360205650329,0.40823228003348533,0.0005008446490552529,0.006712511328376479,0.008733427103658141
134,random0,0.1,0.7461360205650329,0.4078317605281199,0.005026126183099507,0.006736206327759553,0.008733427103658141
134,random0,1.0,7.461360205650329,0.4034338454555776,0.050340879757808946,0.006746877026481964,0.008733427103658141
134,random0,4.0,29.845440822601315,0.3889646050082478,0.1945714221647598,0.006519301333871237,0.008733427103658141
134,random1,0.01,0.07461360205650329,0.49325542136451683,-0.0001350449066289509,-0.0018099234309407056,-0.012424503346858632
134,random1,0.1,0.7461360205650329,0.49377918715987473,-0.0013146787738629027,-0.001761982718469113,-0.012424503346858632
134,random1,1.0,7.461360205650329,0.4958104653360309,-0.00886905334980305,-0.0011886644131034855,-0.012424503346858632
134,random1,4.0,29.845440822601315,0.5000760344362115,0.021572184657560223,0.0007227966504426387,-0.012424503346858632
134,random2,0.01,0.07461360205650329,0.45145363994453724,-0.0001942332093077544,-0.002603187675628711,-0.025170424404393946
134,random2,0.1,0.7461360205650329,0.4516327535519191,-0.001900363303719771,-0.00254693950076377,-0.025170424404393946
134,random2,1.0,7.461360205650329,0.450963695026777,-0.016131113619101543,-0.002161953474231923,-0.025170424404393946
134,random2,4.0,29.845440822601315,0.4448973192497671,-0.026678232360047873,-0.0008938796554763908,-0.025170424404393946
134,random3,0.01,0.07461360205650329,0.39933361341085677,-0.0006751817858194551,-0.009049044238718757,0.0005935787837323212
134,random3,0.1,0.7461360205650329,0.39940661861024207,-0.006758323940696332,-0.009057763939044783,0.0005935787837323212
134,random3,1.0,7.461360205650329,0.39971623232581477,-0.06653024835861146,-0.008916638055917676,0.0005935787837323212
134,random3,4.0,29.845440822601315,0.4037402400165456,-0.2525627246096247,-0.008462355309503901,0.0005935787837323212
134,random4,0.01,0.07461360205650329,0.3699235610303926,8.318288720866673e-05,0.0011148488334027098,-0.03963499114678204
134,random4,0.1,0.7461360205650329,0.3700165335431196,0.0008165311066893168,0.0010943461837842586,-0.03963499114678204
134,random4,1.0,7.461360205650329,0.3682440495916514,0.00969212230113295,0.0012989752583976997,-0.03963499114678204
134,random4,4.0,29.845440822601315,0.3623287755808989,0.06083222050335434,0.002038241648529694,-0.03963499114678204
134,random5,0.01,0.07461360205650329,0.41549678555734304,-0.00043576533874841323,-0.005840293548868173,-0.005404217709669812
134,random5,0.1,0.7461360205650329,0.4154177739995315,-0.004313711631922621,-0.005781401129322156,-0.005404217709669812
134,random5,1.0,7.461360205650329,0.4157307411824526,-0.03870718504215756,-0.005187684815544147,-0.005404217709669812
134,random5,4.0,29.845440822601315,0.4171676503466227,-0.0952712691461102,-0.0031921548658769786,-0.005404217709669812
134,random6,0.01,0.07461360205650329,0.4070114241509345,0.0003423718377501704,0.004588598168614075,-0.009602859681838428
134,random6,0.1,0.7461360205650329,0.40745310096041454,0.003445282865405382,0.004617499719148183,-0.009602859681838428
134,random6,1.0,7.461360205650329,0.41144484608441906,0.03730707955187997,0.005000037328800735,-0.009602859681838428
134,random6,4.0,29.845440822601315,0.42549863425941664,0.1923745084362792,0.006445691641136629,-0.009602859681838428
134,random7,0.01,0.07461360205650329,0.403698715931283,0.0007969794111272468,0.010681422544427104,-0.015854529933840213
134,random7,0.1,0.7461360205650329,0.40393550875579054,0.007965044795284154,0.010675057329697599,-0.015854529933840213
134,random7,1.0,7.461360205650329,0.403010938152811,0.07963402220082852,0.010672855887660185,-0.015854529933840213
134,random7,4.0,29.845440822601315,0.39881180590010545,0.31161553286696714,0.010440976051222784,-0.015854529933840213
134,a_unit,0.01,0.07461360205650329,0.43290919313067067,0.0021906767228330485,0.029360286361380807,1.0000000064344237
134,a_unit,0.1,0.7461360205650329,0.4336884591773712,0.021919236438017613,0.029376998072574812,1.0000000064344237
134,a_unit,1.0,7.461360205650329,0.44039170942526146,0.22115152012832265,0.0296395716106628,1.0000000064344237
134,a_unit,4.0,29.845440822601315,0.4697715039529889,0.9162436938156531,0.03069962006129262,1.0000000064344237
134,oracle,0.01,0.07461360205650329,0.4698724794600818,0.00263118326383249,0.03526412331413716,0.7222342311767045
134,oracle,0.1,0.7461360205650329,0.4706956028737128,0.026323537604736685,0.03527981075729655,0.7222342311767045
134,oracle,1.0,7.461360205650329,0.47907577703027787,0.2662461263149083,0.03568332301036556,0.7222342311767045
134,oracle,4.0,29.845440822601315,0.509597773865329,1.1037239892829958,0.036981326422465474,0.7222342311767045
134,md_full,0.01,0.07461360205650329,0.40012512581918896,-0.0008407334860271447,-0.011267831371959166,-0.013553373540525281
134,md_full,0.1,0.7461360205650329,0.4004353781345057,-0.008383502352481533,-0.011235890134526524,-0.013553373540525281
134,md_full,1.0,7.461360205650329,0.40344832477286907,-0.08394962836855811,-0.0112512499135191,-0.013553373540525281
134,md_full,4.0,29.845440822601315,0.41754623120552603,-0.3397075200492737,-0.011382224912289466,-0.013553373540525281
134,mean_diff_tgt_asis,0.01,0.07461360205650329,0.40902980060364796,-0.0007142789427826406,-0.00957303927294292,0.008951930927555366
134,mean_diff_tgt_asis,0.1,0.7461360205650329,0.409237476284481,-0.007067389074251968,-0.009471984838501677,0.008951930927555366
134,mean_diff_tgt_asis,1.0,7.461360205650329,0.41095594901336824,-0.06551962183103338,-0.00878119002771328,0.008951930927555366
134,mean_diff_tgt_asis,4.0,29.845440822601315,0.41902471325729096,-0.19531304654044426,-0.0065441501669004625,0.008951930927555366
134,probe_grad_tgt_asis,0.01,0.07461360205650329,0.5830628220790298,-0.000868661507667403,-0.011642133387550224,0.011654880241084532
134,probe_grad_tgt_asis,0.1,0.7461360205650329,0.5841905501238707,-0.008703246682601567,-0.011664423701205021,0.011654880241084532
134,probe_grad_tgt_asis,1.0,7.461360205650329,0.5915695102274772,-0.08724496347614352,-0.01169290331407332,0.011654880241084532
134,probe_grad_tgt_asis,4.0,29.845440822601315,0.6159139225462409,-0.34314975503184475,-0.011497560283042788,0.011654880241084532
134,jtw,0.01,0.07461360205650329,2.988103281005339,0.023488077491047078,0.3147961878755037,0.1117810050906349
134,jtw,0.1,0.7461360205650329,2.9659538872556683,0.2311567328234149,0.30980508439783516,0.1117810050906349
134,jtw,1.0,7.461360205650329,2.7064435814226573,1.9471123062836235,0.2609594299989856,0.1117810050906349
134,jtw,4.0,29.845440822601315,1.9874128322219562,4.661186028255732,0.15617748975333998,0.1117810050906349
899,random0,0.01,0.09699988997314453,0.41870865279952213,0.0016239908099661229,0.01674219228924633,-0.029830239007597376
899,random0,0.1,0.9699988997314453,0.41871436363196246,0.016321023151594755,0.01682581614898059,-0.029830239007597376
899,random0,1.0,9.699988997314453,0.41975954755698597,0.16948907341322972,0.017473120171595514,-0.029830239007597376
899,random0,4.0,38.79995598925781,0.4227739414119309,0.7313777681653694,0.01884996385995539,-0.029830239007597376
899,random1,0.01,0.09699988997314453,0.37391213410127916,-0.0013745222164215612,-0.014170348201447575,-0.022559924889413198
899,random1,0.1,0.9699988997314453,0.3738457770022696,-0.013685281051157475,-0.01410855316943802,-0.022559924889413198
899,random1,1.0,9.699988997314453,0.37305435343312576,-0.13260607732612503,-0.01367074512794174,-0.022559924889413198
899,random1,4.0,38.79995598925781,0.37153708233363,-0.4826307852692286,-0.012438951874142594,-0.022559924889413198
899,random2,0.01,0.09699988997314453,0.39404714645220507,0.001486704324181988,0.015326866088132659,-0.02570581737987574
899,random2,0.1,0.9699988997314453,0.39453480417877945,0.014936662615117889,0.015398638719335936,-0.02570581737987574
899,random2,1.0,9.699988997314453,0.39924225610682695,0.15550290465427016,0.016031245468146698,-0.02570581737987574
899,random2,4.0,38.79995598925781,0.4145063010059149,0.6882729739359295,0.017739014294925626,-0.02570581737987574
899,random3,0.01,0.09699988997314453,0.3778027744819323,-0.0012754616579290093,-0.01314910417199581,-0.009529822990627674
899,random3,0.1,0.9699988997314453,0.3781354801426148,-0.01263163267523681,-0.013022316498229033,-0.009529822990627674
899,random3,1.0,9.699988997314453,0.38360241494856673,-0.11675911643540857,-0.01203703596650827,-0.009529822990627674
899,random3,4.0,38.79995598925781,0.4199402761219714,-0.3645287679909911,-0.009395081996791822,-0.009529822990627674
899,random4,0.01,0.09699988997314453,0.39346022420220705,-0.0005169065583401247,-0.0053289396357381015,-0.029035042959864775
899,random4,0.1,0.9699988997314453,0.3926880607913038,-0.0051188878710040344,-0.005277209976651782,-0.029035042959864775
899,random4,1.0,9.699988997314453,0.3843127597602648,-0.04593528186269702,-0.0047356014399000555,-0.029035042959864775
899,random4,4.0,38.79995598925781,0.3581203113411688,-0.0928000528663124,-0.0023917566528169542,-0.029035042959864775
899,random5,0.01,0.09699988997314453,0.3354560729757033,0.001253783014038676,0.0129256127443629,-0.004731086712870565
899,random5,0.1,0.9699988997314453,0.33571122753238536,0.012707832764888325,0.013100873380791078,-0.004731086712870565
899,random5,1.0,9.699988997314453,0.34002074091193496,0.14093940505417735,0.01452985205377016,-0.004731086712870565
899,random5,4.0,38.79995598925781,0.3605890336410546,0.7208022203905957,0.018577397886486203,-0.004731086712870565
899,random6,0.01,0.09699988997314453,0.42388594784652306,0.0001548103264127315,0.0015959845568442647,-0.020242926907184808
899,random6,0.1,0.9699988997314453,0.4239456710298069,0.001651325693804876,0.0017023995535067754,-0.020242926907184808
899,random6,1.0,9.699988997314453,0.4243885116338404,0.027735560337890416,0.002859339360649719,-0.020242926907184808
899,random6,4.0,38.79995598925781,0.42998721887169883,0.2905015167830915,0.007487160987077408,-0.020242926907184808
899,random7,0.01,0.09699988997314453,0.40901797973636034,0.0021474369015512546,0.022138549869961666,-0.001284019493385918
899,random7,0.1,0.9699988997314453,0.40994677798357837,0.021498436675981874,0.02216336191920831,-0.001284019493385918
899,random7,1.0,9.699988997314453,0.4182575493188632,0.21756814759478324,0.02242973137959428,-0.001284019493385918
899,random7,4.0,38.79995598925781,0.44109508202666237,0.8846568192055138,0.02280045934718175,-0.001284019493385918
899,a_unit,0.01,0.09699988997314453,0.5098155984985253,0.007843582789634502,0.08086176996495649,1.0000001929241253
899,a_unit,0.1,0.9699988997314453,0.5119209879859359,0.07847352062744925,0.08090062849470808,1.0000001929241253
899,a_unit,1.0,9.699988997314453,0.5342542638200296,0.790859247729709,0.08153197369076057,1.0000001929241253
899,a_unit,4.0,38.79995598925781,0.6251451169243701,3.307983084532089,0.08525739270034069,1.0000001929241253
899,oracle,0.01,0.09699988997314453,0.5244294812877334,0.008216787188141964,0.08470924235498484,0.9942324539755796
899,oracle,0.1,0.9699988997314453,0.5262829080539831,0.08220597775738435,0.08474852680775614,0.9942324539755796
899,oracle,1.0,9.699988997314453,0.5508422385430509,0.8292635901876009,0.08549118874435749,0.9942324539755796
899,oracle,4.0,38.79995598925781,0.6504050406540324,3.4773011223442207,0.08962126460419051,0.9942324539755796
899,md_full,0.01,0.09699988997314453,0.37746334511633567,-0.0009644078265465789,-0.009942360004878208,-0.016294594959261582
899,md_full,0.1,0.9699988997314453,0.3774533215793061,-0.009558361272535194,-0.00985399187069339,-0.016294594959261582
899,md_full,1.0,9.699988997314453,0.3763335361140127,-0.08367082034966324,-0.008625867552306338,-0.016294594959261582
899,md_full,4.0,38.79995598925781,0.38020936955914547,-0.177831402301885,-0.004583288763294462,-0.016294594959261582
899,mean_diff_tgt_asis,0.01,0.09699988997314453,0.4034438908720801,3.952830928944463e-05,0.00040750880542636157,-0.0035758647254717792
899,mean_diff_tgt_asis,0.1,0.9699988997314453,0.4032320745969997,0.0005874780975186214,0.0006056482102003117,-0.0035758647254717792
899,mean_diff_tgt_asis,1.0,9.699988997314453,0.40252045935734915,0.026298905439413954,0.00271123044022989,-0.0035758647254717792
899,mean_diff_tgt_asis,4.0,38.79995598925781,0.41428863774459923,0.36733315449064974,0.009467360081345194,-0.0035758647254717792
899,probe_grad_tgt_asis,0.01,0.09699988997314453,0.50638373683212,0.0006556839766722678,0.006759636292925704,0.031300480419297116
899,probe_grad_tgt_asis,0.1,0.9699988997314453,0.5064996770812041,0.006646852207769255,0.00685243272916032,0.031300480419297116
899,probe_grad_tgt_asis,1.0,9.699988997314453,0.5095528253759076,0.07495059644782974,0.007726874377752452,0.031300480419297116
899,probe_grad_tgt_asis,4.0,38.79995598925781,0.5314182786841551,0.4112342560168004,0.01059883305359045,0.031300480419297116
899,jtw,0.01,0.09699988997314453,2.887164184945722,0.04290891832326979,0.4423604844825039,0.1684863401970909
899,jtw,0.1,0.9699988997314453,2.9124631701634454,0.4258476142623129,0.4390186570110682,0.1684863401970909
899,jtw,1.0,9.699988997314453,3.0230422820054597,3.873691692915012,0.3993501120452287,0.1684863401970909
899,jtw,4.0,38.79995598925781,2.171259510142578,9.935056243374433,0.25605844104887804,0.1684863401970909
1339,random0,0.01,0.07162125753781902,0.4549484686247565,-0.0008449320812842652,-0.011797224878913997,-0.018836843037210012
1339,random0,0.1,0.7162125753781903,0.45485218559285767,-0.00837920806046013,-0.011699331104365987,-0.018836843037210012
1339,random0,1.0,7.162125753781902,0.4548318034481663,-0.07983663467878942,-0.011147058488414886,-0.018836843037210012
1339,random0,4.0,28.64850301512761,0.45415376869094004,-0.25983960289167335,-0.009069919037461299,-0.018836843037210012
1339,random1,0.01,0.07162125753781902,0.5119992217224949,-0.00020648685231580862,-0.0028830386314674093,-0.03292832111463371
1339,random1,0.1,0.7162125753781903,0.5126536261969092,-0.0020643302150457803,-0.002882287027640819,-0.03292832111463371
1339,random1,1.0,7.162125753781902,0.5228960656072751,-0.02122756467167636,-0.0029638637188780606,-0.03292832111463371
1339,random1,4.0,28.64850301512761,0.5547814727541946,-0.10642364472688169,-0.0037148064829316055,-0.03292832111463371
1339,random2,0.01,0.07162125753781902,0.4736649738453924,-0.0016036087942024521,-0.02239012339815005,0.001196914480027564
1339,random2,0.1,0.7162125753781903,0.4740247085095778,-0.016027784336621574,-0.022378529626009752,0.001196914480027564
1339,random2,1.0,7.162125753781902,0.4772416781245992,-0.1599086873271554,-0.02232698682269254,0.001196914480027564
1339,random2,4.0,28.64850301512761,0.48539995432931754,-0.6205226106905766,-0.02165986161171893,0.001196914480027564
1339,random3,0.01,0.07162125753781902,0.46997750619328915,0.00030088515554816677,0.004201059376670213,0.01872252736263025
1339,random3,0.1,0.7162125753781903,0.4699459673656428,0.003047801024406207,0.0042554419304866855,0.01872252736263025
1339,random3,1.0,7.162125753781902,0.4683457272909579,0.035732880622949895,0.0049891445433056575,0.01872252736263025
1339,random3,4.0,28.64850301512761,0.4664174974089582,0.19694066870504062,0.006874379041761718,0.01872252736263025
1339,random4,0.01,0.07162125753781902,0.4138263520568257,0.0006543954162332256,0.009136888107384564,-0.019897432737398267
1339,random4,0.1,0.7162125753781903,0.4135657795884162,0.006605111765804502,0.009222278402912327,-0.019897432737398267
1339,random4,1.0,7.162125753781902,0.41129301556160747,0.06820125185641845,0.009522487345381409,-0.019897432737398267
1339,random4,4.0,28.64850301512761,0.4046852387059862,0.28982544031942514,0.010116599815577979,-0.019897432737398267
1339,random5,0.01,0.07162125753781902,0.3905365088296901,0.0013546168129441542,0.01891361391174764,0.020173401902866893
1339,random5,0.1,0.7162125753781903,0.3907950577132446,0.013546632820163437,0.01891426272850661,0.020173401902866893
1339,random5,1.0,7.162125753781902,0.3930367359750609,0.1364334791353724,0.0190492995830644,0.020173401902866893
1339,random5,4.0,28.64850301512761,0.4047920449307891,0.5444139632693408,0.01900322550821826,0.020173401902866893
1339,random6,0.01,0.07162125753781902,0.41181184441058494,0.000373299911980156,0.0052121384741539625,0.006974038469949774
1339,random6,0.1,0.7162125753781903,0.41173183296684673,0.003733509081462249,0.005212850499714836,0.006974038469949774
1339,random6,1.0,7.162125753781902,0.411990558714176,0.03724885087827963,0.005200809390788856,0.006974038469949774
1339,random6,4.0,28.64850301512761,0.41242810753727427,0.15473851100083852,0.005401277369331658,0.006974038469949774
1339,random7,0.01,0.07162125753781902,0.4453602146154531,0.00016769644595789632,0.0023414339781641725,-0.024023525539284697
1339,random7,0.1,0.7162125753781903,0.44597876521437957,0.0017150743765515322,0.002394644321409605,-0.024023525539284697
1339,random7,1.0,7.162125753781902,0.4518185254772702,0.021432190744314492,0.002992434296898152,-0.024023525539284697
1339,random7,4.0,28.64850301512761,0.46780963091042077,0.13581794380811463,0.004740839119461044,-0.024023525539284697
1339,a_unit,0.01,0.07162125753781902,0.5529307658895747,0.0034513578514359248,0.04818901496686879,1.0000001550370041
1339,a_unit,0.1,0.7162125753781903,0.5528505319984415,0.034479278852697054,0.048141124629779854,1.0000001550370041
1339,a_unit,1.0,7.162125753781902,0.5516524862404832,0.34085110039896543,0.047590772923664704,1.0000001550370041
1339,a_unit,4.0,28.64850301512761,0.5653234045814446,1.359247427544867,0.04744567026162335,1.0000001550370041
1339,oracle,0.01,0.07162125753781902,0.5158609666253773,0.0031589182420458817,0.04410587513599354,0.8831793621905564
1339,oracle,0.1,0.7162125753781903,0.5156586049490566,0.03157427125202075,0.044085055662905964,0.8831793621905564
1339,oracle,1.0,7.162125753781902,0.5174969072517298,0.31559842308318603,0.04406490948815536,0.8831793621905564
1339,oracle,4.0,28.64850301512761,0.5437430082038167,1.2723695093853962,0.04441312374030614,0.8831793621905564
1339,md_full,0.01,0.07162125753781902,0.43780286156241255,-0.00037128825803942425,-0.005184051087672797,-0.0007226284785223844
1339,md_full,0.1,0.7162125753781903,0.43766038539681196,-0.0036956541464180986,-0.005159996170783008,-0.0007226284785223844
1339,md_full,1.0,7.162125753781902,0.4359280869383841,-0.03671814541449176,-0.005126710515394545,-0.0007226284785223844
1339,md_full,4.0,28.64850301512761,0.4332765205326296,-0.132386771149235,-0.004621071163101584,-0.0007226284785223844
1339,mean_diff_tgt_asis,0.01,0.07162125753781902,0.5081896833260868,0.0001712392501595142,0.002390899797718474,-0.017352128633114576
1339,mean_diff_tgt_asis,0.1,0.7162125753781903,0.5082625617005196,0.0017763526089134146,0.002480203043035688,-0.017352128633114576
1339,mean_diff_tgt_asis,1.0,7.162125753781902,0.5067799219562606,0.023235393334882237,0.0032442034856219855,-0.017352128633114576
1339,mean_diff_tgt_asis,4.0,28.64850301512761,0.5062853765113987,0.15416937413826848,0.005381411170310037,-0.017352128633114576
1339,probe_grad_tgt_asis,0.01,0.07162125753781902,0.7546647580950495,-0.00015205619263819806,-0.002123059519834681,0.012379494106079667
1339,probe_grad_tgt_asis,0.1,0.7162125753781903,0.7550389994910511,-0.001561912422824203,-0.0021807944687363915,0.012379494106079667
1339,probe_grad_tgt_asis,1.0,7.162125753781902,0.7607181005729583,-0.02192775937648577,-0.003061627250108949,0.012379494106079667
1339,probe_grad_tgt_asis,4.0,28.64850301512761,0.7728101004545064,-0.17492666478576174,-0.0061059617912109804,0.012379494106079667
1339,jtw,0.01,0.07162125753781902,4.515933091546175,0.037993661966541616,0.5304802410999189,0.09595826239184505
1339,jtw,0.1,0.7162125753781903,4.517916658603785,0.3725304011958903,0.5201394306699776,0.09595826239184505
1339,jtw,1.0,7.162125753781902,4.345224652572415,2.9710450810839415,0.41482727101169725,0.09595826239184505
1339,jtw,4.0,28.64850301512761,3.185905557317422,5.865027797358536,0.2047237090978735,0.09595826239184505
1346,random0,0.01,0.058396780760740466,0.3848078715400816,-0.0007119266543134763,-0.012191196929678991,-0.0027201306360455646
1346,random0,0.1,0.5839678076074047,0.3846285617438281,-0.007096865655955137,-0.01215283713160826,-0.0027201306360455646
1346,random0,1.0,5.839678076074047,0.3822567388385042,-0.07028377078621056,-0.01203555570540313,-0.0027201306360455646
1346,random0,4.0,23.358712304296187,0.37507887417065017,-0.26585306765789596,-0.011381323773100268,-0.0027201306360455646
1346,random1,0.01,0.058396780760740466,0.4193248181787778,1.5079914739900372e-05,0.00025823195291680253,-0.04285108197620964
1346,random1,0.1,0.5839678076074047,0.4192150404661252,0.00018010343573081344,0.00030841329502172667,-0.04285108197620964
1346,random1,1.0,5.839678076074047,0.4193554737848666,0.003575371773421432,0.0006122549439960081,-0.04285108197620964
1346,random1,4.0,23.358712304296187,0.4187965046276474,0.03608566596796789,0.0015448482560971879,-0.04285108197620964
1346,random2,0.01,0.058396780760740466,0.41231798619482346,-8.812185017521184e-05,-0.0015090189737728696,0.009191708571768131
1346,random2,0.1,0.5839678076074047,0.41243621988011625,-0.0008752483915172755,-0.0014987956187230368,0.009191708571768131
1346,random2,1.0,5.839678076074047,0.41435308816969213,-0.007004404643461358,-0.0011994504752170078,0.009191708571768131
1346,random2,4.0,23.358712304296187,0.4197991675023048,-0.0014514351283283142,-6.21367783215243e-05,0.009191708571768131
1346,random3,0.01,0.058396780760740466,0.3779904142052397,-0.0005121164720170544,-0.008769601086663751,0.0013588918414095368
1346,random3,0.1,0.5839678076074047,0.37804484873242367,-0.005128720566987537,-0.008782539893766747,0.0013588918414095368
1346,random3,1.0,5.839678076074047,0.37878991150598423,-0.051944261676703685,-0.008895055686293115,0.0013588918414095368
1346,random3,4.0,23.358712304296187,0.3833435930735963,-0.21790413770997424,-0.009328602316399814,0.0013588918414095368
1346,random4,0.01,0.058396780760740466,0.37306354566651445,9.696360309263701e-05,0.0016604271987168274,-0.02756887301816416
1346,random4,0.1,0.5839678076074047,0.37284387770850946,0.000973909835102706,0.0016677457599810965,-0.02756887301816416
1346,random4,1.0,5.839678076074047,0.37183591369469277,0.009789002634843932,0.0016762914851335391,-0.02756887301816416
1346,random4,4.0,23.358712304296187,0.36914102773497504,0.039768174566405266,0.001702498581614493,-0.02756887301816416
1346,random5,0.01,0.058396780760740466,0.4063314747724933,4.714020821511435e-06,8.072398444060501e-05,0.012284240913234839
1346,random5,0.1,0.5839678076074047,0.4062603112314287,5.4189460651362384e-05,9.279528759193756e-05,0.012284240913234839
1346,random5,1.0,5.839678076074047,0.40596867655981594,0.0030142435449104915,0.0005161660464230479,0.012284240913234839
1346,random5,4.0,23.358712304296187,0.4054961491247183,0.043130841577476264,0.0018464563035670224,0.012284240913234839
1346,random6,0.01,0.058396780760740466,0.36482606003520557,8.056856081750094e-05,0.0013796746972680098,-0.006669622671958607
1346,random6,0.1,0.5839678076074047,0.3648870433867387,0.0007983465365133799,0.0013671071009621468,-0.006669622671958607
1346,random6,1.0,5.839678076074047,0.3649090621217817,0.008545755841740398,0.0014633950245910847,-0.006669622671958607
1346,random6,4.0,23.358712304296187,0.36628407300180976,0.0450759040429021,0.001929725554032858,-0.006669622671958607
1346,random7,0.01,0.058396780760740466,0.3741090960218904,-0.00020039323721252744,-0.0034315802104497115,-0.017832955025942027
1346,random7,0.1,0.5839678076074047,0.3741175434544977,-0.0020261381363168474,-0.003469605875396128,-0.017832955025942027
1346,random7,1.0,5.839678076074047,0.37179669858011083,-0.021132231655452215,-0.00361873229656851,-0.017832955025942027
1346,random7,4.0,23.358712304296187,0.3652495169205454,-0.09630951123433529,-0.00412306594557534,-0.017832955025942027
1346,a_unit,0.01,0.058396780760740466,0.44883281267046515,0.0032862863701447727,0.05627512899399598,0.9999998749370727
1346,a_unit,0.1,0.5839678076074047,0.4494553394018624,0.032875552963033294,0.056296858379452266,0.9999998749370727
1346,a_unit,1.0,5.839678076074047,0.45555291084503685,0.33049180615782403,0.05659418239369971,0.9999998749370727
1346,a_unit,4.0,23.358712304296187,0.4811430019682457,1.34888200114901,0.05774641956187459,0.9999998749370727
1346,oracle,0.01,0.058396780760740466,0.4505061736224825,0.0033673110616634664,0.057662614579043266,0.9597618956219369
1346,oracle,0.1,0.5839678076074047,0.45073585065474137,0.03372272906515459,0.05774758235958448,0.9597618956219369
1346,oracle,1.0,5.839678076074047,0.45525179722341336,0.33874316652286185,0.05800716445496175,0.9597618956219369
1346,oracle,4.0,23.358712304296187,0.4750085265330415,1.375792734526617,0.05889848364088024,0.9597618956219369
1346,md_full,0.01,0.058396780760740466,0.385973103041327,-0.0009265528732469297,-0.015866506015856294,-0.0077092644660748996
1346,md_full,0.1,0.5839678076074047,0.3861714048955194,-0.00926293758900654,-0.01586206888177287,-0.0077092644660748996
1346,md_full,1.0,5.839678076074047,0.3873203220435936,-0.09278543814301121,-0.015888793343449142,-0.0077092644660748996
1346,md_full,4.0,23.358712304296187,0.3918957432186083,-0.3693585919224387,-0.015812455203470504,-0.0077092644660748996
1346,mean_diff_tgt_asis,0.01,0.058396780760740466,0.40356709862740126,-0.0008439252218570359,-0.014451570974686294,-0.008599767629787387
1346,mean_diff_tgt_asis,0.1,0.5839678076074047,0.4040960760608881,-0.008453107898600463,-0.014475297762104372,-0.008599767629787387
1346,mean_diff_tgt_asis,1.0,5.839678076074047,0.40698741841540115,-0.0832741752910508,-0.014260062662056046,-0.008599767629787387
1346,mean_diff_tgt_asis,4.0,23.358712304296187,0.41812055991710684,-0.30811705317768534,-0.013190669466870216,-0.008599767629787387
1346,probe_grad_tgt_asis,0.01,0.058396780760740466,0.5601954411713146,-0.0007349046059897471,-0.01258467669649036,0.01429074378105617
1346,probe_grad_tgt_asis,0.1,0.5839678076074047,0.5606798689808719,-0.007337462693186801,-0.012564841071033317,0.01429074378105617
1346,probe_grad_tgt_asis,1.0,5.839678076074047,0.5659440695412685,-0.07360797530663306,-0.012604800187225203,0.01429074378105617
1346,probe_grad_tgt_asis,4.0,23.358712304296187,0.584906671217772,-0.2951925578252776,-0.012637364336688418,0.01429074378105617
1346,jtw,0.01,0.058396780760740466,2.7373657478025932,0.024205417483871297,0.414499175614563,0.137979062958406
1346,jtw,0.1,0.5839678076074047,2.7412084505466803,0.23963316903310727,0.41035338919608744,0.137979062958406
1346,jtw,1.0,5.839678076074047,2.7501358169251704,2.139084169369003,0.3663017278526227,0.137979062958406
1346,jtw,4.0,23.358712304296187,2.4361217140546563,5.4153573077822035,0.2318345821993877,0.137979062958406
143,random0,0.01,0.0735081345067972,0.423714211853183,0.00010329615384696979,0.0014052343259699797,-0.018836843037210012
143,random0,0.1,0.7350813450679721,0.42361015327493406,0.0010667030541216776,0.0014511360698767847,-0.018836843037210012
143,random0,1.0,7.35081345067972,0.4227710802848199,0.013257947997602534,0.0018036028375031869,-0.018836843037210012
143,random0,4.0,29.40325380271888,0.41842294407902775,0.08748099593519088,0.0029752148018088267,-0.018836843037210012
143,random1,0.01,0.0735081345067972,0.47897016707229534,-0.0011138534785573577,-0.015152792082546471,-0.03292832111463371
143,random1,0.1,0.7350813450679721,0.47962772520542785,-0.011161929704928264,-0.015184618382467771,-0.03292832111463371
143,random1,1.0,7.35081345067972,0.4897321834390014,-0.11547831343578276,-0.015709596524328153,-0.03292832111463371
143,random1,4.0,29.40325380271888,0.5191163585992918,-0.5134966742216938,-0.01746394047634998,-0.03292832111463371
143,random2,0.01,0.0735081345067972,0.34905032579241635,-3.9342952799820694e-05,-0.0005352190347883566,0.001196914480027564
143,random2,0.1,0.7350813450679721,0.3490064540835491,-0.00043496795603424013,-0.0005917276488549974,0.001196914480027564
143,random2,1.0,7.35081345067972,0.349130407161813,-0.004598498367363764,-0.0006255768015631721,0.001196914480027564
143,random2,4.0,29.40325380271888,0.35209582575135545,-0.024411770331607824,-0.000830240438537809,0.001196914480027564
143,random3,0.01,0.0735081345067972,0.44576807007097324,2.0838797972692067e-05,0.0002834896860396468,0.01872252736263025
143,random3,0.1,0.7350813450679721,0.44583590077182705,0.00021853818060711336,0.00029729795494525224,0.01872252736263025
143,random3,1.0,7.35081345067972,0.44542460962982233,0.003245576633890008,0.0004415261869541655,0.01872252736263025
143,random3,4.0,29.40325380271888,0.450569952555287,0.016785952893110488,0.0005708875965134959,0.01872252736263025
143,random4,0.01,0.0735081345067972,0.35346370510239333,-0.0009086774334756466,-0.01236159017736496,-0.019897432737398267
143,random4,0.1,0.7350813450679721,0.3536945266303805,-0.009099600702497174,-0.012379039086695562,-0.019897432737398267
143,random4,1.0,7.35081345067972,0.3551788313200305,-0.09055636008460077,-0.012319229795748272,-0.019897432737398267
143,random4,4.0,29.40325380271888,0.36282827252227606,-0.3446620617280848,-0.01172190207385192,-0.019897432737398267
143,random5,0.01,0.0735081345067972,0.3727053127253361,0.0005454623133600569,0.007420434718141551,0.020173401902866893
143,random5,0.1,0.7350813450679721,0.37303628799677213,0.005506049396047709,0.007490394679433161,0.020173401902866893
143,random5,1.0,7.35081345067972,0.3763871129056882,0.058476948390209504,0.007955166973364318,0.020173401902866893
143,random5,4.0,29.40325380271888,0.3922555147928687,0.2673291814177856,0.009091823075481056,0.020173401902866893
143,random6,0.01,0.0735081345067972,0.49871599813981254,0.00029581038212061643,0.004024185678297457,0.006974038469949774
143,random6,0.1,0.7350813450679721,0.4986461087398313,0.0030077611101397275,0.0040917391392398935,0.006974038469949774
143,random6,1.0,7.35081345067972,0.49679071501164,0.034780785303708386,0.004731555975004679,0.006974038469949774
143,random6,4.0,29.40325380271888,0.4895618402925982,0.19673255753754762,0.006690843090275812,0.006974038469949774
143,random7,0.01,0.0735081345067972,0.3672904274155527,8.73247720598071e-05,0.00118796066103041,-0.024023525539284697
143,random7,0.1,0.7350813450679721,0.36737254048653994,0.0008817542099131752,0.0011995328351471638,-0.024023525539284697
143,random7,1.0,7.35081345067972,0.3722372217435048,0.011168370649668049,0.0015193380602843791,-0.024023525539284697
143,random7,4.0,29.40325380271888,0.3883053464610483,0.07688591837012926,0.0026148778936506585,-0.024023525539284697
143,a_unit,0.01,0.0735081345067972,0.6166684300079048,0.0031669224439177337,0.04308261208322315,1.0000001550370041
143,a_unit,0.1,0.7350813450679721,0.6159280931874708,0.031662765552258915,0.0430738254544211,1.0000001550370041
143,a_unit,1.0,7.35081345067972,0.6123624246209606,0.3169988835467266,0.04312432707939475,1.0000001550370041
143,a_unit,4.0,29.40325380271888,0.6139184946441586,1.3165541686587598,0.04477579853890252,1.0000001550370041
143,oracle,0.01,0.0735081345067972,0.5019443993156716,0.0031347198325807862,0.04264452980086065,0.8635473589262123
143,oracle,0.1,0.7350813450679721,0.5017654322815979,0.03135794086050198,0.042659143876930185,0.8635473589262123
143,oracle,1.0,7.35081345067972,0.5008112854849879,0.31418409295976757,0.04274140475306381,0.8635473589262123
143,oracle,4.0,29.40325380271888,0.5051265407476948,1.280830726023453,0.043560849918760226,0.8635473589262123
143,md_full,0.01,0.0735081345067972,0.42360273009850713,-0.0002293193894757852,-0.003119646431165796,-0.0007226284785223844
143,md_full,0.1,0.7350813450679721,0.4234224708400716,-0.002290013381922269,-0.003115319681674841,-0.0007226284785223844
143,md_full,1.0,7.35081345067972,0.4175678980873837,-0.023499791791584908,-0.003196896771936433,-0.0007226284785223844
143,md_full,4.0,29.40325380271888,0.39800984363535646,-0.10360624459381476,-0.003523631952060844,-0.0007226284785223844
143,mean_diff_tgt_asis,0.01,0.0735081345067972,0.5145283620044478,-0.0002842565553557841,-0.0038670081517236604,-0.017352128633114576
143,mean_diff_tgt_asis,0.1,0.7350813450679721,0.5140894149536965,-0.002839419917036761,-0.003862728847749773,-0.017352128633114576
143,mean_diff_tgt_asis,1.0,7.35081345067972,0.5088390987775459,-0.026017727007311177,-0.0035394350818283046,-0.017352128633114576
143,mean_diff_tgt_asis,4.0,29.40325380271888,0.4998493254426343,-0.06668219323277057,-0.0022678508195104773,-0.017352128633114576
143,probe_grad_tgt_asis,0.01,0.0735081345067972,0.5270887521558301,-0.00021440075766545805,-0.002916694310146487,0.012379494106079667
143,probe_grad_tgt_asis,0.1,0.7350813450679721,0.5268428040256065,-0.0021520053875931913,-0.002927574481425859,0.012379494106079667
143,probe_grad_tgt_asis,1.0,7.35081345067972,0.5280846026890764,-0.019723927286798015,-0.002683230559330025,0.012379494106079667
143,probe_grad_tgt_asis,4.0,29.40325380271888,0.5381431284163527,-0.05285012021302925,-0.0017974242091581805,0.012379494106079667
143,jtw,0.01,0.0735081345067972,2.3633874614387342,0.02424080399370889,0.32977036019690276,0.1052744046212215
143,jtw,0.1,0.7350813450679721,2.3528545076200773,0.23996858466588164,0.3264517407167938,0.1052744046212215
143,jtw,1.0,7.35081345067972,2.2410711709051134,2.1681288257028406,0.2949508704376598,0.1052744046212215
143,jtw,4.0,29.40325380271888,1.8844877844811445,6.119713071539204,0.2081304712940757,0.1052744046212215
1280,random0,0.01,0.03662358756976583,0.2839407978771966,-0.00010237092779310857,-0.002795218453082944,-0.012845985833784424
1280,random0,0.1,0.3662358756976583,0.2863060687051024,-0.0010182550545805367,-0.002780325801345429,-0.012845985833784424
1280,random0,1.0,3.662358756976583,0.2860026152334133,-0.010309179184006874,-0.0028149015069505357,-0.012845985833784424
1280,random0,4.0,14.649435027906332,0.2833356918002475,-0.04268917777627072,-0.0029140494288653652,-0.012845985833784424
1280,random1,0.01,0.03662358756976583,0.5628877548235465,-7.135658222780179e-05,-0.0019483777249258173,0.012062148508367091
1280,random1,0.1,0.3662358756976583,0.561035314706637,-0.0007129569749264377,-0.001946715278966856,0.012062148508367091
1280,random1,1.0,3.662358756976583,0.5541548624727092,-0.007251665340611069,-0.001980053244864956,0.012062148508367091
1280,random1,4.0,14.649435027906332,0.5251766029690138,-0.029473454608466645,-0.0020119174939048096,0.012062148508367091
1280,random2,0.01,0.03662358756976583,0.25548492558947516,-0.0001590322143686439,-0.004342343962499487,0.02234153312266223
1280,random2,0.1,0.3662358756976583,0.2547247059800718,-0.0016043224949625614,-0.004380571651825259,0.02234153312266223
1280,random2,1.0,3.662358756976583,0.2543761263796666,-0.016190763611060612,-0.00442085679897365,0.02234153312266223
1280,random2,4.0,14.649435027906332,0.2537964100616761,-0.06643896299206097,-0.004535257698709784,0.02234153312266223
1280,random3,0.01,0.03662358756976583,0.2609108091667834,0.00012152250214302588,0.003318148499557355,0.01361956355941406
1280,random3,0.1,0.3662358756976583,0.25991808863949345,0.001222430839965664,0.003337823848188011,0.01361956355941406
1280,random3,1.0,3.662358756976583,0.2584757427887015,0.01214471673164131,0.003316091496636238,0.01361956355941406
1280,random3,4.0,14.649435027906332,0.25379306835132065,0.04752815349035888,0.003244367676966414,0.01361956355941406
1280,random4,0.01,0.03662358756976583,0.27566186277341254,1.2426652912563566e-05,0.0003393073627451572,0.029865255829810665
1280,random4,0.1,0.3662358756976583,0.27453402234503926,0.00012089043521618559,0.00033008900339404556,0.029865255829810665
1280,random4,1.0,3.662358756976583,0.2744211907012912,0.0012000033591794065,0.00032765860441538367,0.029865255829810665
1280,random4,4.0,14.649435027906332,0.2727798106793426,0.005056001592021915,0.0003451328725231057,0.029865255829810665
1280,random5,0.01,0.03662358756976583,0.24137337184991944,6.894108120856997e-05,0.001882422935143674,-0.004279360342901059
1280,random5,0.1,0.3662358756976583,0.24228763078160231,0.0006865387735306172,0.0018745808892228274,-0.004279360342901059
1280,random5,1.0,3.662358756976583,0.24469741755611535,0.006623305935894387,0.0018084809204661804,-0.004279360342901059
1280,random5,4.0,14.649435027906332,0.250621693999844,0.02281264632465309,0.00155723727783333,-0.004279360342901059
1280,random6,0.01,0.03662358756976583,0.337319311069411,0.00010028239873189864,0.002738191569596136,0.009858963870404929
1280,random6,0.1,0.3662358756976583,0.3354775406346577,0.0010082287120235314,0.002752949066234742,0.009858963870404929
1280,random6,1.0,3.662358756976583,0.334049890667447,0.01012204522586152,0.002763804940348786,0.009858963870404929
1280,random6,4.0,14.649435027906332,0.3325612877933694,0.040427336355456284,0.0027596515687085908,0.009858963870404929
1280,random7,0.01,0.03662358756976583,0.20383009311477493,-8.836957502751869e-05,-0.0024129142143483277,0.01219893365553115
1280,random7,0.1,0.3662358756976583,0.2036070528969355,-0.0008957374456731145,-0.002445793831548551,0.01219893365553115
1280,random7,1.0,3.662358756976583,0.20408547617948639,-0.008874027282968246,-0.002423036046390522,0.01219893365553115
1280,random7,4.0,14.649435027906332,0.2063484647489039,-0.034335224519294175,-0.0023437917198777664,0.01219893365553115
1280,a_unit,0.01,0.03662358756976583,0.6997184934123457,0.00043265518356787075,0.01181356640017004,1.000000257771345
1280,a_unit,0.1,0.3662358756976583,0.6813691447623431,0.00433773009685926,0.011844088426880992,1.000000257771345
1280,a_unit,1.0,3.662358756976583,0.54287883399534,0.04467730025121445,0.012199050725466684,1.000000257771345
1280,a_unit,4.0,14.649435027906332,0.3192695202646336,0.205632294965929,0.014036875454528539,1.000000257771345
1280,oracle,0.01,0.03662358756976583,0.5402405137937922,0.0004665062795362931,0.012737864051347384,0.932664825532612
1280,oracle,0.1,0.3662358756976583,0.532230939708079,0.004659747491234892,0.012723350715869493,0.932664825532612
1280,oracle,1.0,3.662358756976583,0.48403642380894485,0.04796906422256468,0.013097860533511734,0.932664825532612
1280,oracle,4.0,14.649435027906332,0.3483739134530548,0.2192397424884178,0.014965747284504739,0.932664825532612
1280,md_full,0.01,0.03662358756976583,0.26948144585013534,4.882785618494671e-05,0.0013332352023660283,0.015814732582695976
1280,md_full,0.1,0.3662358756976583,0.2717130593408501,0.00048252744598695414,0.0013175318913467094,0.015814732582695976
1280,md_full,1.0,3.662358756976583,0.27930123604137813,0.004879744655323266,0.0013324048732330314,0.015814732582695976
1280,md_full,4.0,14.649435027906332,0.30577257260736845,0.01960813132133528,0.0013384906164628817,0.015814732582695976
1280,mean_diff_tgt_asis,0.01,0.03662358756976583,0.26497763928888723,-1.3169809591261376e-05,-0.0003595991126258083,-0.00288943726266362
1280,mean_diff_tgt_asis,0.1,0.3662358756976583,0.2668254153289491,-0.00013687330647784942,-0.0003737299253305363,-0.00288943726266362
1280,mean_diff_tgt_asis,1.0,3.662358756976583,0.27645476550287496,-0.0014090494698663011,-0.00038473824203654074,-0.00288943726266362
1280,mean_diff_tgt_asis,4.0,14.649435027906332,0.3137495285525813,-0.006669642030769918,-0.0004552832254666909,-0.00288943726266362
1280,probe_grad_tgt_asis,0.01,0.03662358756976583,0.43204101967913294,-6.326887341787839e-05,-0.001727544394643338,-0.020970067996298306
1280,probe_grad_tgt_asis,0.1,0.3662358756976583,0.4304823808144211,-0.0006289285699275443,-0.0017172773386262925,-0.020970067996298306
1280,probe_grad_tgt_asis,1.0,3.662358756976583,0.42825511906940966,-0.006307392350221611,-0.0017222213247695603,-0.020970067996298306
1280,probe_grad_tgt_asis,4.0,14.649435027906332,0.42337508293907794,-0.02469659351688025,-0.0016858393152933652,-0.020970067996298306
1280,jtw,0.01,0.03662358756976583,4.3008947816735965,0.004238987999452054,0.11574475033001683,0.10588084462806216
1280,jtw,0.1,0.3662358756976583,4.4242740708154145,0.042182477822892084,0.11517844269772011,0.10588084462806216
1280,jtw,1.0,3.662358756976583,5.773594930683192,0.38957569536227865,0.10637289277577172,0.10588084462806216
1280,jtw,4.0,14.649435027906332,6.497970219738591,1.2191562107762919,0.08322206340748768,0.10588084462806216
51,random0,0.01,0.0396923678581915,0.4433873888109626,-0.0003992689063484449,-0.010059085106106761,-0.018836843037210012
51,random0,0.1,0.396923678581915,0.4432301696310637,-0.004001055724972072,-0.010080163872476948,-0.018836843037210012
51,random0,1.0,3.96923678581915,0.44345720915982023,-0.04124198617080553,-0.010390407122636355,-0.018836843037210012
51,random0,4.0,15.8769471432766,0.4434510959039493,-0.1798266131628552,-0.011326271451310226,-0.018836843037210012
51,random1,0.01,0.0396923678581915,0.3570970487340365,-0.0003921570571470687,-0.009879910882316822,-0.03292832111463371
51,random1,0.1,0.396923678581915,0.35727903594647237,-0.0039394006574575355,-0.00992483157349491,-0.03292832111463371
51,random1,1.0,3.96923678581915,0.35968175201042035,-0.03991610124007854,-0.010056366851855845,-0.03292832111463371
51,random1,4.0,15.8769471432766,0.3680057486021553,-0.167501963736171,-0.010550010793926647,-0.03292832111463371
51,random2,0.01,0.0396923678581915,0.45627930806842587,-0.00041682469258070014,-0.010501381375630833,0.001196914480027564
51,random2,0.1,0.396923678581915,0.4570535081850949,-0.00422102586496919,-0.010634351369637618,0.001196914480027564
51,random2,1.0,3.96923678581915,0.45926762719674136,-0.043109095086129035,-0.010860802066569683,0.001196914480027564
51,random2,4.0,15.8769471432766,0.46573560955163934,-0.18373420543840596,-0.011572388808777496,0.001196914480027564
51,random3,0.01,0.0396923678581915,0.4223020622406787,0.00023063597554311735,0.005810587475332992,0.01872252736263025
51,random3,0.1,0.396923678581915,0.4219565445072972,0.0022907690224876617,0.005771308556526201,0.01872252736263025
51,random3,1.0,3.96923678581915,0.41924979010344327,0.02282551711487607,0.005750606060193877,0.01872252736263025
51,random3,4.0,15.8769471432766,0.4117937167710295,0.08899722740198147,0.0056054370275880816,0.01872252736263025
51,random4,0.01,0.0396923678581915,0.40468564509803484,7.950267606738205e-06,0.00020029713609281364,-0.019897432737398267
51,random4,0.1,0.396923678581915,0.40403137172965137,7.695967740270807e-05,0.00019389036622269825,-0.019897432737398267
51,random4,1.0,3.96923678581915,0.4033625619792243,0.0018674492082402534,0.00047048067651495854,-0.019897432737398267
51,random4,4.0,15.8769471432766,0.40097658293478733,0.020327060347782224,0.001280287713018564,-0.019897432737398267
51,random5,0.01,0.0396923678581915,0.33718331185904615,0.00041927289322906314,0.010563060755835855,0.020173401902866893
51,random5,0.1,0.396923678581915,0.337487495292167,0.004157167796046911,0.01047346888172351,0.020173401902866893
51,random5,1.0,3.96923678581915,0.3383916031043202,0.041123969552230105,0.010360674298684642,0.020173401902866893
51,random5,4.0,15.8769471432766,0.3424142271326714,0.1582088331964488,0.009964688536703063,0.020173401902866893
51,random6,0.01,0.0396923678581915,0.43213130024281754,0.00018768025017194037,0.0047283712285057814,0.006974038469949774
51,random6,0.1,0.396923678581915,0.43126182111237277,0.0018758244247903866,0.004725907084939161,0.006974038469949774
51,random6,1.0,3.96923678581915,0.4284098981499562,0.01899192846775577,0.004784780927055809,0.006974038469949774
51,random6,4.0,15.8769471432766,0.4203136677082374,0.07896821594860873,0.004973765752067099,0.006974038469949774
51,random7,0.01,0.0396923678581915,0.42633859209960523,-0.00024580836579418837,-0.006192837037900719,-0.024023525539284697
51,random7,0.1,0.396923678581915,0.42649581818665655,-0.0024659191910867398,-0.00621257769225737,-0.024023525539284697
51,random7,1.0,3.96923678581915,0.428706160913348,-0.024529078492749722,-0.006179797229629761,-0.024023525539284697
51,random7,4.0,15.8769471432766,0.4357059446705049,-0.09470415120369555,-0.005964884202804684,-0.024023525539284697
51,a_unit,0.01,0.0396923678581915,0.4453763584332771,0.0018556302315956138,0.04675030318738363,1.0000001550370041
51,a_unit,0.1,0.396923678581915,0.4452169125602841,0.018479713651253383,0.04655734754166256,1.0000001550370041
51,a_unit,1.0,3.96923678581915,0.4455451236279589,0.18153288538903006,0.045734959939298825,1.0000001550370041
51,a_unit,4.0,15.8769471432766,0.45095453126865576,0.6907547243972203,0.043506772313576275,1.0000001550370041
51,oracle,0.01,0.0396923678581915,0.4370571772010465,0.0018496820381750578,0.04660044582836169,0.9979452918134217
51,oracle,0.1,0.396923678581915,0.43751504125914065,0.01842545745760853,0.04642065578812775,0.9979452918134217
51,oracle,1.0,3.96923678581915,0.43792468193049294,0.18103274697492922,0.045608956266278436,0.9979452918134217
51,oracle,4.0,15.8769471432766,0.44366750245732267,0.6892454473862799,0.04341171140562461,0.9979452918134217
51,md_full,0.01,0.0396923678581915,0.4317571643010828,4.841537470074163e-05,0.0012197653431439191,-0.0007226284785223844
51,md_full,0.1,0.396923678581915,0.4314606122476717,0.00042906583985193513,0.0010809781905298623,-0.0007226284785223844
51,md_full,1.0,3.96923678581915,0.42990078870575105,0.0032281283826066515,0.0008132869256225155,-0.0007226284785223844
51,md_full,4.0,15.8769471432766,0.4253674091406808,0.0007688087323534376,4.842295722317149e-05,-0.0007226284785223844
51,mean_diff_tgt_asis,0.01,0.0396923678581915,0.4678247581316546,1.1251506382121555e-05,0.00028346775436324914,-0.017352128633114576
51,mean_diff_tgt_asis,0.1,0.396923678581915,0.4674442664862331,9.584439968539729e-05,0.0002414680828007529,-0.017352128633114576
51,mean_diff_tgt_asis,1.0,3.96923678581915,0.4689680113408742,-0.0012070225005873236,-0.0003040943550910442,-0.017352128633114576
51,mean_diff_tgt_asis,4.0,15.8769471432766,0.47696692015765246,-0.03255029070067525,-0.002050160550824741,-0.017352128633114576
51,probe_grad_tgt_asis,0.01,0.0396923678581915,0.6712017072717769,-0.0004752790126389393,-0.011974065501382119,0.012379494106079667
51,probe_grad_tgt_asis,0.1,0.396923678581915,0.6725642912623202,-0.004846648229651076,-0.012210529356592292,0.012379494106079667
51,probe_grad_tgt_asis,1.0,3.96923678581915,0.6808636682355345,-0.052601014286024,-0.013252173433933465,0.012379494106079667
51,probe_grad_tgt_asis,4.0,15.8769471432766,0.708637861547424,-0.2684485442615993,-0.016908070666172056,0.012379494106079667
51,jtw,0.01,0.0396923678581915,6.816112569251857,0.018809833567086258,0.4738904374334116,0.09015739413400906
51,jtw,0.1,0.396923678581915,6.76889553001312,0.184152224794557,0.46394870029542123,0.09015739413400906
51,jtw,1.0,3.96923678581915,6.187085013142996,1.4912583110466275,0.37570404375330546,0.09015739413400906
51,jtw,4.0,15.8769471432766,4.334366343381624,3.4663531120419666,0.21832617320955564,0.09015739413400906
835,random0,0.01,0.07426405874550744,0.48400848343662767,0.00024323568215770018,0.0032752812903915594,-0.022241398546016297
835,random0,0.1,0.7426405874550744,0.48398737190520696,0.002392329229540465,0.0032213822809478315,-0.022241398546016297
835,random0,1.0,7.426405874550744,0.4822502291219342,0.021670601994588132,0.0029180470823511355,-0.022241398546016297
835,random0,4.0,29.705623498202975,0.47511860324054894,0.05625197553680404,0.0018936473607499595,-0.022241398546016297
835,random1,0.01,0.07426405874550744,0.5298102726398988,-0.000912141892373806,-0.012282413697581342,-0.016082405710014572
835,random1,0.1,0.7426405874550744,0.53096350422621,-0.009154836353259413,-0.012327411816571671,-0.016082405710014572
835,random1,1.0,7.426405874550744,0.538177633844039,-0.09367053476598644,-0.012613172017298743,-0.016082405710014572
835,random1,4.0,29.705623498202975,0.5578634952173359,-0.4077235641646575,-0.01372546730720271,-0.016082405710014572
835,random2,0.01,0.07426405874550744,0.48693460042775394,0.0003751709863651564,0.0050518513625927046,-0.017166864500445363
835,random2,0.1,0.7426405874550744,0.4873615258828532,0.00375814171560096,0.005060512149597946,-0.017166864500445363
835,random2,1.0,7.426405874550744,0.4887882861050549,0.03888789663081105,0.005236435671267906,-0.017166864500445363
835,random2,4.0,29.705623498202975,0.4911319989889362,0.16760242750673865,0.005642111080983628,-0.017166864500445363
835,random3,0.01,0.07426405874550744,0.5400599862476786,-0.0005261716854182699,-0.007085145820286859,0.00883110460024658
835,random3,0.1,0.7426405874550744,0.5397364951988141,-0.005251959498332849,-0.007072007088018958,0.00883110460024658
835,random3,1.0,7.426405874550744,0.5357613052647909,-0.05517503935907864,-0.007429574991067455,0.00883110460024658
835,random3,4.0,29.705623498202975,0.522190314096387,-0.2705723721148261,-0.009108456253449594,0.00883110460024658
835,random4,0.01,0.07426405874550744,0.40594017862217163,-0.00019185965298101936,-0.0025834792256439363,-0.06111194028513024
835,random4,0.1,0.7426405874550744,0.4058296807736499,-0.001945766229444592,-0.0026200644865270037,-0.06111194028513024
835,random4,1.0,7.426405874550744,0.4044179100879861,-0.021730905434465094,-0.0029261672202611326,-0.06111194028513024
835,random4,4.0,29.705623498202975,0.40053095784268555,-0.12344425792462144,-0.004155585488117734,-0.06111194028513024
835,random5,0.01,0.07426405874550744,0.4447519544184708,0.0005595681301403196,0.007534844440133301,-0.0026064843022571803
835,random5,0.1,0.7426405874550744,0.4447690011884868,0.005624680704600951,0.00757389348173919,-0.0026064843022571803
835,random5,1.0,7.426405874550744,0.4456318818781827,0.05894128117860813,0.007936716922595313,-0.0026064843022571803
835,random5,4.0,29.705623498202975,0.4472284299249801,0.24676367625909879,0.008306968418758375,-0.0026064843022571803
835,random6,0.01,0.07426405874550744,0.5228322895479398,-4.514419230840336e-05,-0.0006078874905437932,-0.018279339941184174
835,random6,0.1,0.7426405874550744,0.5225282189391346,-0.00046896421194519977,-0.0006314820653046646,-0.018279339941184174
835,random6,1.0,7.426405874550744,0.5217691141168403,-0.005637666310883124,-0.0007591379202963603,-0.018279339941184174
835,random6,4.0,29.705623498202975,0.5133402104975062,-0.030344677759658434,-0.001021512905174137,-0.018279339941184174
835,random7,0.01,0.07426405874550744,0.49041087148344575,0.0006345462147864262,0.008544459130101245,-0.01875477251246277
835,random7,0.1,0.7426405874550744,0.4907535588666489,0.006335520584184707,0.008531072353445765,-0.01875477251246277
835,random7,1.0,7.426405874550744,0.4901810506998712,0.06697316481530512,0.009018247311908012,-0.01875477251246277
835,random7,4.0,29.705623498202975,0.4834392050301751,0.311556593782208,0.010488135143874542,-0.01875477251246277
835,a_unit,0.01,0.07426405874550744,0.6344226363671079,0.005718928342871663,0.07700802298551486,1.0000001163343066
835,a_unit,0.1,0.7426405874550744,0.6338503771561215,0.0570796376897314,0.07686037991181621,1.0000001163343066
835,a_unit,1.0,7.426405874550744,0.6318394945374896,0.5593935048325968,0.07532493029361083,1.0000001163343066
835,a_unit,4.0,29.705623498202975,0.6389259663472531,2.131813408455696,0.07176464108166788,1.0000001163343066
835,oracle,0.01,0.07426405874550744,0.6767896257700202,0.007107566214008181,0.09570667607011378,0.8618539594942664
835,oracle,0.1,0.7426405874550744,0.6768731834334165,0.07092505163638815,0.09550387204049593,0.8618539594942664
835,oracle,1.0,7.426405874550744,0.6792588416921254,0.6965092683995147,0.0937882038990563,0.8618539594942664
835,oracle,4.0,29.705623498202975,0.6949792610647832,2.605196639876188,0.0877004530820162,0.8618539594942664
835,md_full,0.01,0.07426405874550744,0.4940066400265338,-0.0013629531188327423,-0.01835279598040005,-0.024945914482723864
835,md_full,0.1,0.7426405874550744,0.49457571655614,-0.013647725791990676,-0.01837729585822871,-0.024945914482723864
835,md_full,1.0,7.426405874550744,0.49518374626368233,-0.13477428480793224,-0.018147982629091806,-0.024945914482723864
835,md_full,4.0,29.705623498202975,0.4957337178489096,-0.5071820047322174,-0.01707360240268645,-0.024945914482723864
835,mean_diff_tgt_asis,0.01,0.07426405874550744,0.5348328554148951,-0.0014143573362054786,-0.019044977612283267,-0.013252187248143922
835,mean_diff_tgt_asis,0.1,0.7426405874550744,0.5348890846904324,-0.014110575548623409,-0.01900054452582289,-0.013252187248143922
835,mean_diff_tgt_asis,1.0,7.426405874550744,0.5386310658088809,-0.13755457886067782,-0.018522362120289997,-0.013252187248143922
835,mean_diff_tgt_asis,4.0,29.705623498202975,0.5558208642298764,-0.49910089061433005,-0.016801562527193642,-0.013252187248143922
835,probe_grad_tgt_asis,0.01,0.07426405874550744,0.6803925224575046,-0.00013265335786173573,-0.0017862389977407547,0.02111720438699441
835,probe_grad_tgt_asis,0.1,0.7426405874550744,0.6812073489892795,-0.0013529115323287991,-0.001821758136011712,0.02111720438699441
835,probe_grad_tgt_asis,1.0,7.426405874550744,0.6876344136959769,-0.016776225432571915,-0.0022589965746501544,0.02111720438699441
835,probe_grad_tgt_asis,4.0,29.705623498202975,0.7067650842544138,-0.11034278755293742,-0.0037145420482291016,0.02111720438699441
835,jtw,0.01,0.07426405874550744,4.6344064744375615,0.0373504694960818,0.5029413975887939,0.14068734686276804
835,jtw,0.1,0.7426405874550744,4.633450598138623,0.36896255820445667,0.4968251997495044,0.14068734686276804
835,jtw,1.0,7.426405874550744,4.434850092069631,3.1021691631902426,0.4177214679069647,0.14068734686276804
835,jtw,4.0,29.705623498202975,3.1598404888778653,6.7533383916286525,0.2273420853138192,0.14068734686276804
1035,random0,0.01,0.08080965316415512,0.5001896702186303,-0.0004345376288185086,-0.005377298525657542,-0.012919887985972385
1035,random0,0.1,0.8080965316415512,0.500042280174213,-0.004305326829893569,-0.005327738285360307,-0.012919887985972385
1035,random0,1.0,8.080965316415512,0.4971916305718504,-0.0425616656190109,-0.005266903637434501,-0.012919887985972385
1035,random0,4.0,32.323861265662046,0.48459217060400883,-0.1594698034492192,-0.004933501048608495,-0.012919887985972385
1035,random1,0.01,0.08080965316415512,0.49552969494715315,0.0004228255381149413,0.005232364223318989,-0.013881274937025298
1035,random1,0.1,0.8080965316415512,0.4957343957517024,0.004273603785839955,0.005288481782193324,-0.013881274937025298
1035,random1,1.0,8.080965316415512,0.4963160431516378,0.04424154340676033,0.00547478446874273,-0.013881274937025298
1035,random1,4.0,32.323861265662046,0.49284087009233307,0.18299952965917166,0.005661437789103923,-0.013881274937025298
1035,random2,0.01,0.08080965316415512,0.45051037364894386,-5.21330322467555e-05,-0.0006451337211020261,-0.029523394458129435
1035,random2,0.1,0.8080965316415512,0.4507133916563038,-0.0005203017469841214,-0.0006438608837080279,-0.029523394458129435
1035,random2,1.0,8.080965316415512,0.4509831339639642,-0.004277267206454029,-0.0005293015176992869,-0.029523394458129435
1035,random2,4.0,32.323861265662046,0.4525240034081495,-0.007466835195471935,-0.00023100071906953848,-0.029523394458129435
1035,random3,0.01,0.08080965316415512,0.4144344006420976,-2.4821305821162297e-05,-0.0003071576828914337,-0.008305583687855106
1035,random3,0.1,0.8080965316415512,0.4141950645672087,-0.00022341795603411522,-0.0002764743409803634,-0.008305583687855106
1035,random3,1.0,8.080965316415512,0.412767397979199,-0.0006748120578018713,-8.350636729390133e-05,-0.008305583687855106
1035,random3,4.0,32.323861265662046,0.41176265580077,0.012182259691470604,0.0003768813258833015,-0.008305583687855106
1035,random4,0.01,0.08080965316415512,0.42025903879277826,-0.0003507819176892561,-0.004340841767711647,-0.03331813455792336
1035,random4,0.1,0.8080965316415512,0.4204319556034806,-0.0035666740698093963,-0.004413673280547469,-0.03331813455792336
1035,random4,1.0,8.080965316415512,0.42193695624339095,-0.03751694687701142,-0.004642631840134277,-0.03331813455792336
1035,random4,4.0,32.323861265662046,0.42844590455559894,-0.16460492005672672,-0.005092365627481149,-0.03331813455792336
1035,random5,0.01,0.08080965316415512,0.4620299947426665,-0.00015731410740912682,-0.0019467242000106358,-0.017349485924851842
1035,random5,0.1,0.8080965316415512,0.462124294948588,-0.001495251863257802,-0.001850338177074436,-0.017349485924851842
1035,random5,1.0,8.080965316415512,0.46360530331750033,-0.011181333576201269,-0.0013836631068676573,-0.017349485924851842
1035,random5,4.0,32.323861265662046,0.470745359581702,0.0009897697910424413,3.062040710135962e-05,-0.017349485924851842
1035,random6,0.01,0.08080965316415512,0.4372138096956913,-0.0001539063482532654,-0.001904554001000637,-0.008941832847754357
1035,random6,0.1,0.8080965316415512,0.43741671830433243,-0.0015558542126821347,-0.0019253321252618218,-0.008941832847754357
1035,random6,1.0,8.080965316415512,0.43837142311926647,-0.018036387363905712,-0.002231959507024112,-0.008941832847754357
1035,random6,4.0,32.323861265662046,0.4436284834926662,-0.08616141365782437,-0.0026655668686882553,-0.008941832847754357
1035,random7,0.01,0.08080965316415512,0.3956551336595701,0.0004546226868440016,0.005625846282504024,-0.010800787563563239
1035,random7,0.1,0.8080965316415512,0.3955967260785615,0.004493156421708587,0.005560172882540752,-0.010800787563563239
1035,random7,1.0,8.080965316415512,0.39484380466651897,0.044649487273884465,0.005525266540023924,-0.010800787563563239
1035,random7,4.0,32.323861265662046,0.3936026961333411,0.16473560899428757,0.005096408737816476,-0.010800787563563239
1035,a_unit,0.01,0.08080965316415512,0.45302096941979564,0.0042842382887784795,0.053016417235148425,1.0000000299121794
1035,a_unit,0.1,0.8080965316415512,0.4536873468625314,0.04282263284184967,0.05299197702885895,1.0000000299121794
1035,a_unit,1.0,8.080965316415512,0.4610173592470681,0.4258800427261068,0.052701629823974444,1.0000000299121794
1035,a_unit,4.0,32.323861265662046,0.49512340208534106,1.689760533666024,0.05227594932976257,1.0000000299121794
1035,oracle,0.01,0.08080965316415512,0.4583925485783736,0.004687751961687938,0.058009801776593845,0.8563886757765008
1035,oracle,0.1,0.8080965316415512,0.45915760526731375,0.046840612420849914,0.05796413001018434,0.8563886757765008
1035,oracle,1.0,8.080965316415512,0.4664420986557668,0.4666783216675574,0.057750318606065096,0.8563886757765008
1035,oracle,4.0,32.323861265662046,0.49681588782428227,1.864311108543463,0.05767600266630085,0.8563886757765008
1035,md_full,0.01,0.08080965316415512,0.4502376077232456,-0.0008904148675735153,-0.01101866958598058,-0.013655256052349737
1035,md_full,0.1,0.8080965316415512,0.4504176811992004,-0.008900798904039057,-0.011014524324164778,-0.013655256052349737
1035,md_full,1.0,8.080965316415512,0.4524553844394744,-0.08447404998918034,-0.010453460283709106,-0.013655256052349737
1035,md_full,4.0,32.323861265662046,0.45973786910452685,-0.27259661535827173,-0.008433293693407036,-0.013655256052349737
1035,mean_diff_tgt_asis,0.01,0.08080965316415512,0.5309431301597892,-0.0017372274594697537,-0.021497771509311946,-0.0012575362109134864
1035,mean_diff_tgt_asis,0.1,0.8080965316415512,0.5315801675632712,-0.01730551196130251,-0.021415154358042397,-0.0012575362109134864
1035,mean_diff_tgt_asis,1.0,8.080965316415512,0.5378405480825419,-0.1666357320067251,-0.02062077059880762,-0.0012575362109134864
1035,mean_diff_tgt_asis,4.0,32.323861265662046,0.5573661808032073,-0.5593188329818333,-0.017303589703746288,-0.0012575362109134864
1035,probe_grad_tgt_asis,0.01,0.08080965316415512,0.6273633236297933,-0.0011613432247986819,-0.014371342770640934,0.009025638291246753
1035,probe_grad_tgt_asis,0.1,0.8080965316415512,0.6282844968665017,-0.011596034629815215,-0.014349813637065442,0.009025638291246753
1035,probe_grad_tgt_asis,1.0,8.080965316415512,0.6345980346093115,-0.11534312831926842,-0.014273434398358658,0.009025638291246753
1035,probe_grad_tgt_asis,4.0,32.323861265662046,0.6546595669649656,-0.4310890094749694,-0.013336556729159071,0.009025638291246753
1035,jtw,0.01,0.08080965316415512,2.9548315848993663,0.03840876637793729,0.4752992355989264,0.09179977862585866
1035,jtw,0.1,0.8080965316415512,2.9624027541819444,0.379866785040231,0.47007599979247183,0.09179977862585866
1035,jtw,1.0,8.080965316415512,3.0188249642557614,3.3620376344374723,0.41604406191521404,0.09179977862585866
1035,jtw,4.0,32.323861265662046,2.5919414739133364,8.15860832124625,0.2524020337234036,0.09179977862585866
138,random0,0.01,0.0971135090373459,0.3835634976797861,-0.0005586125466335518,-0.005752161075950125,-0.0009922833318512687
138,random0,0.1,0.9711350903734591,0.38332784876879694,-0.005589785021158171,-0.005755929403198237,-0.0009922833318512687
138,random0,1.0,9.71135090373459,0.3813933708677068,-0.055329025916807786,-0.0056973562653915115,-0.0009922833318512687
138,random0,4.0,38.84540361493836,0.37374228195545184,-0.20003987252591232,-0.005149640727351978,-0.0009922833318512687
138,random1,0.01,0.0971135090373459,0.46080462027718594,-0.0005722921075111528,-0.005893022641073268,-0.015165621311709525
138,random1,0.1,0.9711350903734591,0.46099051818526415,-0.005731194596752101,-0.0059015420754162185,-0.015165621311709525
138,random1,1.0,9.71135090373459,0.4627720307583422,-0.054211977997995514,-0.005582331287931094,-0.015165621311709525
138,random1,4.0,38.84540361493836,0.46221352030163754,-0.16899480449949306,-0.004350445323587898,-0.015165621311709525
138,random2,0.01,0.0971135090373459,0.39377119944595657,0.00015954878028432616,0.0016429102589936297,-0.010488155509948471
138,random2,0.1,0.9711350903734591,0.39380510529880647,0.0015913759074108204,0.0016386761462803716,-0.010488155509948471
138,random2,1.0,9.71135090373459,0.3942326819949591,0.01852465571323342,0.0019075261409933805,-0.010488155509948471
138,random2,4.0,38.84540361493836,0.39525116867538873,0.1033811889087776,0.002661349330632811,-0.010488155509948471
138,random3,0.01,0.0971135090373459,0.40573480278554463,-0.0008730559223015235,-0.00899005638819808,-0.010565579092731937
138,random3,0.1,0.9711350903734591,0.4062718372852014,-0.008776653926986792,-0.009037521158474098,-0.010565579092731937
138,random3,1.0,9.71135090373459,0.41165119558781094,-0.09166397441229454,-0.009438848963540624,-0.010565579092731937
138,random3,4.0,38.84540361493836,0.4310682789666753,-0.42338601571313195,-0.010899256445112979,-0.010565579092731937
138,random4,0.01,0.0971135090373459,0.35568120680918225,0.0003614562629443826,0.003721997758369345,-0.032443077825634534
138,random4,0.1,0.9711350903734591,0.3553143630084948,0.003582624364510116,0.003689110196947352,-0.032443077825634534
138,random4,1.0,9.71135090373459,0.3522022842588795,0.034678383010872484,0.003570912363751225,-0.032443077825634534
138,random4,4.0,38.84540361493836,0.3430475117665318,0.13762506556861673,0.003542891893539027,-0.032443077825634534
138,random5,0.01,0.0971135090373459,0.36413076786945536,-0.0005425440749745533,-0.005586700350472486,-0.014755034844938947
138,random5,0.1,0.9711350903734591,0.3640943430822345,-0.005434295552301443,-0.005595818343060422,-0.014755034844938947
138,random5,1.0,9.71135090373459,0.3633876175666093,-0.04930247720871242,-0.005076788769907665,-0.014755034844938947
138,random5,4.0,38.84540361493836,0.3635702276036114,-0.13310992616604192,-0.0034266583373805714,-0.014755034844938947
138,random6,0.01,0.0971135090373459,0.4204826994688093,0.000837684996278673,0.008625833878132582,-0.016944396537509468
138,random6,0.1,0.9711350903734591,0.42050186891951696,0.008397907474746433,0.008647517279513541,-0.016944396537509468
138,random6,1.0,9.71135090373459,0.4217792065794637,0.08580367115534288,0.008835400142151827,-0.016944396537509468
138,random6,4.0,38.84540361493836,0.4278482499673848,0.36849873717478615,0.009486289313083016,-0.016944396537509468
138,random7,0.01,0.0971135090373459,0.41771474063073305,0.00034284818708855025,0.0035303861479941455,-0.009343809187473967
138,random7,0.1,0.9711350903734591,0.41794333678282736,0.003423944527080212,0.0035257139413668,-0.009343809187473967
138,random7,1.0,9.71135090373459,0.41916763266179125,0.03406080152624672,0.0035073185866601035,-0.009343809187473967
138,random7,4.0,38.84540361493836,0.4184265529916674,0.12342258882099237,0.003177276520137097,-0.009343809187473967
138,a_unit,0.01,0.0971135090373459,0.4960581827598242,0.004515306907848805,0.04649514730347558,0.999999915052998
138,a_unit,0.1,0.9711350903734591,0.49682973133761776,0.04516889988056589,0.04651144864222316,0.999999915052998
138,a_unit,1.0,9.71135090373459,0.5031128293318056,0.45330434116829366,0.04667778413752625,0.999999915052998
138,a_unit,4.0,38.84540361493836,0.5327192220241573,1.8666811072824463,0.04805410508245039,0.999999915052998
138,oracle,0.01,0.0971135090373459,0.4561595473591995,0.0042168719299133395,0.04342209412175295,0.5909461087602615
138,oracle,0.1,0.9711350903734591,0.45607218507592545,0.04215936058291367,0.043412457237747316,0.5909461087602615
138,oracle,1.0,9.71135090373459,0.4582010702070199,0.42212314223114067,0.043466984811434344,0.5909461087602615
138,oracle,4.0,38.84540361493836,0.4680310187428759,1.6969996191240946,0.04368598241238244,0.5909461087602615
138,md_full,0.01,0.0971135090373459,0.39544888200490563,-0.001099200622624304,-0.01131872005779954,-0.0077168278612470016
138,md_full,0.1,0.9711350903734591,0.39574472092651386,-0.010970421852815226,-0.011296494135122279,-0.0077168278612470016
138,md_full,1.0,9.71135090373459,0.3992828760281817,-0.10766938466805448,-0.011086962641484741,-0.0077168278612470016
138,md_full,4.0,38.84540361493836,0.4125797948864264,-0.41019239625731657,-0.010559612157037114,-0.0077168278612470016
138,mean_diff_tgt_asis,0.01,0.0971135090373459,0.38139097735449434,-0.0008720791712256268,-0.00897999855911149,0.007640363142567871
138,mean_diff_tgt_asis,0.1,0.9711350903734591,0.3815215103928916,-0.00867225354778915,-0.008930017701712492,0.007640363142567871
138,mean_diff_tgt_asis,1.0,9.71135090373459,0.3844349625098091,-0.08196941043471938,-0.008440577551697496,0.007640363142567871
138,mean_diff_tgt_asis,4.0,38.84540361493836,0.3950756612027295,-0.2607004471372944,-0.006711230232578652,0.007640363142567871
138,probe_grad_tgt_asis,0.01,0.0971135090373459,0.5233862823412404,-0.00021956795364587559,-0.0022609414058083173,0.04420090488868185
138,probe_grad_tgt_asis,0.1,0.9711350903734591,0.5241586727063564,-0.002218477931328039,-0.002284417434113005,0.04420090488868185
138,probe_grad_tgt_asis,1.0,9.71135090373459,0.532768929036519,-0.022783944333811756,-0.0023461148258014214,0.04420090488868185
138,probe_grad_tgt_asis,4.0,38.84540361493836,0.5657497645044239,-0.10929057142012413,-0.002813474986731646,0.04420090488868185
138,jtw,0.01,0.0971135090373459,3.3172378216650173,0.030679495299625357,0.31591377557809464,0.1488679715704868
138,jtw,0.1,0.9711350903734591,3.3157599602630143,0.30220520983292504,0.31118761213407414,0.1488679715704868
138,jtw,1.0,9.71135090373459,3.1299667463835896,2.5300680819482757,0.2605268934289373,0.1488679715704868
138,jtw,4.0,38.84540361493836,2.0875055923074406,6.011369190975645,0.15475110647747053,0.1488679715704868
619,random0,0.01,0.06170179406486533,0.26845371516269406,-5.345164742623327e-05,-0.0008662900039833701,0.023205873037770615
619,random0,0.1,0.6170179406486533,0.2684389735765677,-0.0005197143313565957,-0.0008423001943999146,0.023205873037770615
619,random0,1.0,6.170179406486533,0.27029107380670625,-0.005736999065021533,-0.0009297945306080387,0.023205873037770615
619,random0,4.0,24.680717625946134,0.2781472579190586,-0.02953095982168505,-0.001196519496282393,0.023205873037770615
619,random1,0.01,0.06170179406486533,0.30717098761444267,0.00016329228999403627,0.0026464755598900698,-0.0020452109725828498
619,random1,0.1,0.6170179406486533,0.3072952341359224,0.001662529444844412,0.0026944588403647425,-0.0020452109725828498
619,random1,1.0,6.170179406486533,0.30978898417095097,0.01795322324105888,0.002909676049643738,-0.0020452109725828498
619,random1,4.0,24.680717625946134,0.31873368014357467,0.08874020786149857,0.0035955278613215252,-0.0020452109725828498
619,random2,0.01,0.06170179406486533,0.3970581633043845,-0.0007869457688279239,-0.012754017622253096,-0.014522842119704452
619,random2,0.1,0.6170179406486533,0.39702799591179044,-0.007867317526758606,-0.012750549065863336,-0.014522842119704452
619,random2,1.0,6.170179406486533,0.3959702676252619,-0.07755384618335408,-0.012569139578311765,-0.014522842119704452
619,random2,4.0,24.680717625946134,0.3934701946481135,-0.295571939808818,-0.011975824377897817,-0.014522842119704452
619,random3,0.01,0.06170179406486533,0.44019156603006226,-0.0013722547853164129,-0.022240111590171925,0.01070907305891599
619,random3,0.1,0.6170179406486533,0.4400916222266704,-0.013739068257898656,-0.02226688618398221,0.01070907305891599
619,random3,1.0,6.170179406486533,0.44087833025931006,-0.13754639693309337,-0.02229212278471105,0.01070907305891599
619,random3,4.0,24.680717625946134,0.444002822615557,-0.5521717816143061,-0.022372598316745203,0.01070907305891599
619,random4,0.01,0.06170179406486533,0.33539410461190344,0.0006199799066698173,0.01004800453643293,0.003647062452731605
619,random4,0.1,0.6170179406486533,0.33583740700460374,0.006219596207133659,0.01008008973060844,0.003647062452731605
619,random4,1.0,6.170179406486533,0.3379369449562032,0.06305750972705501,0.010219720622833828,0.003647062452731605
619,random4,4.0,24.680717625946134,0.3447655511293573,0.2612093412234164,0.010583539149154013,0.003647062452731605
619,random5,0.01,0.06170179406486533,0.3157147762552818,0.0004713465595505519,0.007639106231741637,-0.017115980206779575
619,random5,0.1,0.6170179406486533,0.3161287159460925,0.004736438507556215,0.007676338393948371,-0.017115980206779575
619,random5,1.0,6.170179406486533,0.320385873786547,0.048619297465815704,0.007879721846451276,-0.017115980206779575
619,random5,4.0,24.680717625946134,0.33539677647620636,0.20897440071350593,0.008467112013542796,-0.017115980206779575
619,random6,0.01,0.06170179406486533,0.3570010194629522,-0.00028907364430186033,-0.004685011978711113,-0.002415138790462722
619,random6,0.1,0.6170179406486533,0.356511643460135,-0.0028962521282890753,-0.004693951241100588,-0.002415138790462722
619,random6,1.0,6.170179406486533,0.35499423200770436,-0.02821722518957701,-0.004573161221197725,-0.002415138790462722
619,random6,4.0,24.680717625946134,0.34969603665022875,-0.10334789262814047,-0.004187394150950205,-0.002415138790462722
619,random7,0.01,0.06170179406486533,0.31510761519526914,0.000728047141597406,0.011799448502778231,-0.019949820571968247
619,random7,0.1,0.6170179406486533,0.31526298282377285,0.007285856870757091,0.011808176700822796,-0.019949820571968247
619,random7,1.0,6.170179406486533,0.3180247836078884,0.07292293008739396,0.011818607739465756,-0.019949820571968247
619,random7,4.0,24.680717625946134,0.3280373549892104,0.2898221773529357,0.011742858605061544,-0.019949820571968247
619,a_unit,0.01,0.06170179406486533,0.6407389298551498,0.0016535650635360704,0.026799302817641327,0.9999999367848648
619,a_unit,0.1,0.6170179406486533,0.640513359431613,0.016470410237125324,0.02669356780746189,0.9999999367848648
619,a_unit,1.0,6.170179406486533,0.6388574535550925,0.1598005088189011,0.025898843176408677,0.9999999367848648
619,a_unit,4.0,24.680717625946134,0.6358115969672719,0.5843502291720861,0.02367638729263591,0.9999999367848648
619,oracle,0.01,0.06170179406486533,0.4333643840986935,0.0017178326669247508,0.027840886848749365,0.7338430878786816
619,oracle,0.1,0.6170179406486533,0.4338665198199724,0.017163101513682798,0.02781621146321891,0.7338430878786816
619,oracle,1.0,6.170179406486533,0.4346419763074547,0.16975360535771067,0.02751193995741089,0.7338430878786816
619,oracle,4.0,24.680717625946134,0.44053360297490374,0.6565377245809032,0.0266012412820081,0.7338430878786816
619,md_full,0.01,0.06170179406486533,0.35010403995478706,-0.0005278143993539227,-0.008554279617851088,-0.00843555833628738
619,md_full,0.1,0.6170179406486533,0.3492628156600798,-0.005271889796823937,-0.008544143451131664,-0.00843555833628738
619,md_full,1.0,6.170179406486533,0.3465401253608455,-0.05235775914168585,-0.008485613738661088,-0.00843555833628738
619,md_full,4.0,24.680717625946134,0.3389019497272055,-0.20394179503665893,-0.008263203612129202,-0.00843555833628738
619,mean_diff_tgt_asis,0.01,0.06170179406486533,0.34225467136172677,-0.0001985230005922421,-0.0032174591290415407,0.03689362387048237
619,mean_diff_tgt_asis,0.1,0.6170179406486533,0.34203636348434546,-0.001992719142690229,-0.00322959676114983,0.03689362387048237
619,mean_diff_tgt_asis,1.0,6.170179406486533,0.3413782168249431,-0.019216811564801334,-0.0031144656093142526,0.03689362387048237
619,mean_diff_tgt_asis,4.0,24.680717625946134,0.33973263283028454,-0.06891300738013284,-0.002792180050214041,0.03689362387048237
619,probe_grad_tgt_asis,0.01,0.06170179406486533,0.47547241113464095,-0.0006472380266774414,-0.010489776456046294,0.05238479662318593
619,probe_grad_tgt_asis,0.1,0.6170179406486533,0.47526736321940444,-0.006417399719027985,-0.010400669569318448,0.05238479662318593
619,probe_grad_tgt_asis,1.0,6.170179406486533,0.4756310549571184,-0.060722032858167976,-0.009841210256274338,0.05238479662318593
619,probe_grad_tgt_asis,4.0,24.680717625946134,0.4803473539481134,-0.1948664058265715,-0.007895491888846619,0.05238479662318593
619,jtw,0.01,0.06170179406486533,2.3896691258341862,0.018951049701538672,0.3071393626191157,0.08699247501016212
619,jtw,0.1,0.6170179406486533,2.383935632472893,0.18815563176661654,0.3049435346544606,0.08699247501016212
619,jtw,1.0,6.170179406486533,2.3129364154784198,1.7305980532711158,0.28047775263257135,0.08699247501016212
619,jtw,4.0,24.680717625946134,2.0081136777443214,4.757558646032711,0.19276419422388374,0.08699247501016212
1452,random0,0.01,0.03570420852274375,0.4025432070249679,-0.0003727796213505453,-0.01044077538122944,-0.018836843037210012
1452,random0,0.1,0.3570420852274376,0.4025807488401184,-0.003719555240273213,-0.010417694143545677,-0.018836843037210012
1452,random0,1.0,3.5704208522743754,0.4011830540475206,-0.03753669990395812,-0.01051324240391635,-0.018836843037210012
1452,random0,4.0,14.281683409097502,0.39606065000794927,-0.1541055709482171,-0.010790434610114037,-0.018836843037210012
1452,random1,0.01,0.03570420852274375,0.5111880670840574,-0.0002934692189284715,-0.008219457343285743,-0.03292832111463371
1452,random1,0.1,0.3570420852274376,0.5108949646169498,-0.002952224655913422,-0.008268562105312712,-0.03292832111463371
1452,random1,1.0,3.5704208522743754,0.5132412395809544,-0.029688907918661935,-0.008315240456807762,-0.03292832111463371
1452,random1,4.0,14.281683409097502,0.5203255758714952,-0.12101120689181533,-0.00847317528511594,-0.03292832111463371
1452,random2,0.01,0.03570420852274375,0.4198300850084691,-8.126604706805668e-05,-0.00227609154299807,0.001196914480027564
1452,random2,0.1,0.3570420852274376,0.4196453307007982,-0.0007921058323218674,-0.0022185223117809545,0.001196914480027564
1452,random2,1.0,3.5704208522743754,0.4206470996249447,-0.008014275124093882,-0.0022446303827148976,0.001196914480027564
1452,random2,4.0,14.281683409097502,0.42323638128251706,-0.03363203837169236,-0.0023549071498300115,0.001196914480027564
1452,random3,0.01,0.03570420852274375,0.40708139273530247,0.0002763783037795862,0.0077407766539211165,0.01872252736263025
1452,random3,0.1,0.3570420852274376,0.4067956780320857,0.0027650686263241946,0.007744377317768667,0.01872252736263025
1452,random3,1.0,3.5704208522743754,0.407125316421229,0.026925972044784093,0.007541400064261925,0.01872252736263025
1452,random3,4.0,14.281683409097502,0.4089967824919903,0.09639517864986025,0.0067495669725080205,0.01872252736263025
1452,random4,0.01,0.03570420852274375,0.3667733453485955,1.4181116941692432e-05,0.00039718334416120703,-0.019897432737398267
1452,random4,0.1,0.3570420852274376,0.36692511895080715,0.00015126658115616833,0.00042366596940472933,-0.019897432737398267
1452,random4,1.0,3.5704208522743754,0.3657836274380095,0.0012073199166627632,0.00033814498811637135,-0.019897432737398267
1452,random4,4.0,14.281683409097502,0.36155593132751174,0.0009995900382492422,6.999105144793355e-05,-0.019897432737398267
1452,random5,0.01,0.03570420852274375,0.3694678891194933,0.0001649315101313239,0.004619385695842039,0.020173401902866893
1452,random5,0.1,0.3570420852274376,0.37010110488540504,0.0016461904077283973,0.0046106340844378774,0.020173401902866893
1452,random5,1.0,3.5704208522743754,0.3707851646313877,0.016465560675251588,0.004611658220840534,0.020173401902866893
1452,random5,4.0,14.281683409097502,0.37364632186373414,0.06589656049655192,0.00461406114454095,0.020173401902866893
1452,random6,0.01,0.03570420852274375,0.382062563085357,-1.6567823327229628e-06,-4.640299844954089e-05,0.006974038469949774
1452,random6,0.1,0.3570420852274376,0.38217503280904835,-5.007644303010959e-05,-0.00014025361463540256,0.006974038469949774
1452,random6,1.0,3.5704208522743754,0.3820773012939662,-0.0009431087667820318,-0.0002641449862083533,0.006974038469949774
1452,random6,4.0,14.281683409097502,0.38182684012844076,-0.008860534607360249,-0.0006204124789460075,0.006974038469949774
1452,random7,0.01,0.03570420852274375,0.4105192798403811,-7.996855963411339e-05,-0.0022397516411314096,-0.024023525539284697
1452,random7,0.1,0.3570420852274376,0.40995727196772047,-0.0008055123271462522,-0.0022560710921042735,-0.024023525539284697
1452,random7,1.0,3.5704208522743754,0.41068578262141897,-0.008573757526581276,-0.0024013296698958474,-0.024023525539284697
1452,random7,4.0,14.281683409097502,0.4133439489165192,-0.04128792469691156,-0.0028909704489465823,-0.024023525539284697
1452,a_unit,0.01,0.03570420852274375,0.49349046348546743,0.0011554585742815072,0.0323619713778412,1.0000001550370041
1452,a_unit,0.1,0.3570420852274376,0.49381157700402134,0.011555884325190415,0.03236560843472909,1.0000001550370041
1452,a_unit,1.0,3.5704208522743754,0.4963684434542974,0.11463420236426222,0.03210663591414992,1.0000001550370041
1452,a_unit,4.0,14.281683409097502,0.5095664651684678,0.4505332668984595,0.031546229810098414,1.0000001550370041
1452,oracle,0.01,0.03570420852274375,0.5062169897897408,0.001012578169956377,0.028360190908905313,0.9404084659888042
1452,oracle,0.1,0.3570420852274376,0.506307049494419,0.010117132982232754,0.02833596766551509,0.9404084659888042
1452,oracle,1.0,3.5704208522743754,0.5082837700406116,0.10001609443115972,0.028012410460646113,0.9404084659888042
1452,oracle,4.0,14.281683409097502,0.5199248206225336,0.388958376648607,0.027234770965503873,0.9404084659888042
1452,md_full,0.01,0.03570420852274375,0.4075249634554139,-0.00010183258415873522,-0.0028521171136973215,-0.0007226284785223844
1452,md_full,0.1,0.3570420852274376,0.40757542507382266,-0.0010174399370432381,-0.0028496358808657637,-0.0007226284785223844
1452,md_full,1.0,3.5704208522743754,0.4082587395302515,-0.01053295221144546,-0.0029500590118769665,-0.0007226284785223844
1452,md_full,4.0,14.281683409097502,0.41105637820366364,-0.047003513809856304,-0.003291174609004064,-0.0007226284785223844
1452,mean_diff_tgt_asis,0.01,0.03570420852274375,0.4480345213583844,-0.00018260135183778846,-0.005114280903929589,-0.017352128633114576
1452,mean_diff_tgt_asis,0.1,0.3570420852274376,0.4472601747217519,-0.001815615592294368,-0.005085158493676766,-0.017352128633114576
1452,mean_diff_tgt_asis,1.0,3.5704208522743754,0.44738952557587564,-0.017854186995329386,-0.005000583330101319,-0.017352128633114576
1452,mean_diff_tgt_asis,4.0,14.281683409097502,0.44791282921178666,-0.06709056236423919,-0.004697664865018795,-0.017352128633114576
1452,probe_grad_tgt_asis,0.01,0.03570420852274375,0.5698885621938146,-1.651017239328353e-05,-0.00046241530274411405,0.012379494106079667
1452,probe_grad_tgt_asis,0.1,0.3570420852274376,0.5705243315981868,-0.00016456557870928468,-0.00046091367241611196,0.012379494106079667
1452,probe_grad_tgt_asis,1.0,3.5704208522743754,0.5727688459445305,-0.002629784213070512,-0.0007365474048795471,0.012379494106079667
1452,probe_grad_tgt_asis,4.0,14.281683409097502,0.5802679935842031,-0.0246507221838791,-0.001726037573986304,0.012379494106079667
1452,jtw,0.01,0.03570420852274375,2.961132478344287,0.01015567413592863,0.2844391335396615,0.10374378660290415
1452,jtw,0.1,0.3570420852274376,2.959024794408538,0.10074546303389767,0.28216691309575537,0.10374378660290415
1452,jtw,1.0,3.5704208522743754,2.9213617014217728,0.9286456607716089,0.2600941735426111,0.10374378660290415
1452,jtw,4.0,14.281683409097502,2.7094398108809328,2.803231936571347,0.19628161864907848,0.10374378660290415
67,random0,0.01,0.03064427288149767,0.38356729907352805,-9.064468882759584e-06,-0.0002957965071585206,-0.018836843037210012
67,random0,0.1,0.3064427288149767,0.3838258837121825,-7.799891423413319e-05,-0.0002545301516396142,-0.018836843037210012
67,random0,1.0,3.064427288149767,0.3851533240416429,-0.0012247505928450128,-0.0003996670430331829,-0.018836843037210012
67,random0,4.0,12.257709152599068,0.3893587538177563,-0.010822984660341692,-0.0008829532929525282,-0.018836843037210012
67,random1,0.01,0.03064427288149767,0.2929812941580497,-0.0002447304814363878,-0.007986173546449217,-0.03292832111463371
67,random1,0.1,0.3064427288149767,0.2931874361391213,-0.002420105631162935,-0.007897415743951754,-0.03292832111463371
67,random1,1.0,3.064427288149767,0.29421031875360254,-0.02478895680913803,-0.008089262520601378,-0.03292832111463371
67,random1,4.0,12.257709152599068,0.2980899522993521,-0.10740871699114714,-0.008762544098084812,-0.03292832111463371
67,random2,0.01,0.03064427288149767,0.4319641717081356,-0.00011030191736876443,-0.0035994300728003983,0.001196914480027564
67,random2,0.1,0.3064427288149767,0.43278515148869307,-0.001104111947103744,-0.0036029960683791663,0.001196914480027564
67,random2,1.0,3.064427288149767,0.4354004504423355,-0.011404917019012332,-0.0037217123940631552,0.001196914480027564
67,random2,4.0,12.257709152599068,0.44387151487764487,-0.05078129194100398,-0.004142804443213318,0.001196914480027564
67,random3,0.01,0.03064427288149767,0.38755877571451797,8.842491440889434e-05,0.0028855282274386526,0.01872252736263025
67,random3,0.1,0.3064427288149767,0.3873932711732706,0.0009209068827610556,0.0030051516846956376,0.01872252736263025
67,random3,1.0,3.064427288149767,0.3859634122590971,0.009131653529604962,0.0029798891182431847,0.01872252736263025
67,random3,4.0,12.257709152599068,0.381971865978448,0.03530160380797544,0.00287995116938227,0.01872252736263025
67,random4,0.01,0.03064427288149767,0.37012909092033325,-6.45066174878989e-05,-0.002105013805918905,-0.019897432737398267
67,random4,0.1,0.3064427288149767,0.3696947112583197,-0.0006206423353667227,-0.002025312650643614,-0.019897432737398267
67,random4,1.0,3.064427288149767,0.3687123705841335,-0.0059621973748750536,-0.0019456155471304709,-0.019897432737398267
67,random4,4.0,12.257709152599068,0.3654605694339748,-0.02081222276086403,-0.0016978884473246865,-0.019897432737398267
67,random5,0.01,0.03064427288149767,0.3323656716262101,0.0001890042092891407,0.00616768457910637,0.020173401902866893
67,random5,0.1,0.3064427288149767,0.33262485776484174,0.0018802608331132927,0.006135765858711408,0.020173401902866893
67,random5,1.0,3.064427288149767,0.33390369158829947,0.018660336544647146,0.006089338982460844,0.020173401902866893
67,random5,4.0,12.257709152599068,0.3387063505610865,0.07240476070648433,0.005906875404294607,0.020173401902866893
67,random6,0.01,0.03064427288149767,0.43644184664396607,0.00010310437972900499,0.0033645562460467814,0.006974038469949774
67,random6,0.1,0.3064427288149767,0.436067362090898,0.0010210230647950602,0.0033318560657105076,0.006974038469949774
67,random6,1.0,3.064427288149767,0.4344754546803764,0.009862409509393894,0.003218353245819253,0.006974038469949774
67,random6,4.0,12.257709152599068,0.4295742981354689,0.034828106951633596,0.002841322674412519,0.006974038469949774
67,random7,0.01,0.03064427288149767,0.3667189746765787,-2.6288128929800067e-05,-0.0008578480237223136,-0.024023525539284697
67,random7,0.1,0.3064427288149767,0.36771592771751227,-0.00024540672311358907,-0.0008008241019866397,-0.024023525539284697
67,random7,1.0,3.064427288149767,0.36965760319513236,-0.0024425132030883815,-0.000797053730898969,-0.024023525539284697
67,random7,4.0,12.257709152599068,0.3761491267189472,-0.00910226347176811,-0.0007425746000702023,-0.024023525539284697
67,a_unit,0.01,0.03064427288149767,0.5286208446974248,0.0014159852832502215,0.04620717511314037,1.0000001550370041
67,a_unit,0.1,0.3064427288149767,0.5298940647409385,0.014138928032939577,0.046138892208717884,1.0000001550370041
67,a_unit,1.0,3.064427288149767,0.5273283935862152,0.14021373763275785,0.04575528294470181,1.0000001550370041
67,a_unit,4.0,12.257709152599068,0.5201438717777146,0.5473113284139497,0.044650376477394255,1.0000001550370041
67,oracle,0.01,0.03064427288149767,0.5285899716482123,0.0014067186285803743,0.045904780773236085,0.9994328918650061
67,oracle,0.1,0.3064427288149767,0.5287965487556003,0.014056127577913125,0.045868693417098184,0.9994328918650061
67,oracle,1.0,3.064427288149767,0.5260458288504462,0.13937425983946244,0.04548134014418515,0.9994328918650061
67,oracle,4.0,12.257709152599068,0.5183530041926894,0.5440223718436443,0.04438205908387803,0.9994328918650061
67,md_full,0.01,0.03064427288149767,0.38552700226646724,-3.0351026741960393e-05,-0.0009904306380291263,-0.0007226284785223844
67,md_full,0.1,0.3064427288149767,0.3855119789445364,-0.0003019536858896439,-0.0009853511194646645,-0.0007226284785223844
67,md_full,1.0,3.064427288149767,0.3855396314917649,-0.0036450590102419488,-0.001189474791696805,-0.0007226284785223844
67,md_full,4.0,12.257709152599068,0.38628843406741775,-0.021929689400858016,-0.0017890528424071921,-0.0007226284785223844
67,mean_diff_tgt_asis,0.01,0.03064427288149767,0.43208411087375487,-0.0001873321769542178,-0.006113121942185966,-0.017352128633114576
67,mean_diff_tgt_asis,0.1,0.3064427288149767,0.43179911642516766,-0.001837489298480855,-0.005996191541520602,-0.017352128633114576
67,mean_diff_tgt_asis,1.0,3.064427288149767,0.4346137480640852,-0.01891959857987572,-0.0061739427308451335,-0.017352128633114576
67,mean_diff_tgt_asis,4.0,12.257709152599068,0.44584358255781403,-0.08254009466346018,-0.0067337292503761815,-0.017352128633114576
67,probe_grad_tgt_asis,0.01,0.03064427288149767,0.5495198180748682,-0.00020929493401801653,-0.006829822160485464,0.012379494106079667
67,probe_grad_tgt_asis,0.1,0.3064427288149767,0.5495802437015789,-0.0020918256380657364,-0.006826155236754644,0.012379494106079667
67,probe_grad_tgt_asis,1.0,3.064427288149767,0.5551411476619676,-0.02221847318315734,-0.007250448809497568,0.012379494106079667
67,probe_grad_tgt_asis,4.0,12.257709152599068,0.5751909047692821,-0.10683863541296085,-0.008716036094746731,0.012379494106079667
67,jtw,0.01,0.03064427288149767,2.712960003611543,0.008657716642560114,0.28252315452351456,0.14424503321990012
67,jtw,0.1,0.3064427288149767,2.7114476338748643,0.08604356070473665,0.2807818643224778,0.14424503321990012
67,jtw,1.0,3.064427288149767,2.6846960856858932,0.8075022101826592,0.2635083603730115,0.14424503321990012
67,jtw,4.0,12.257709152599068,2.5536207962449837,2.606296778963289,0.21262511179837074,0.14424503321990012
1455,random0,0.01,0.07934496015433132,0.45589213914029275,-0.0005998301555953252,-0.00755977637935182,-0.0027201306360455646
1455,random0,0.1,0.7934496015433132,0.45582571197390237,-0.0059947168992785516,-0.007555258566666894,-0.0027201306360455646
1455,random0,1.0,7.934496015433131,0.45247952850363227,-0.059605610682174626,-0.007512211306961108,-0.0027201306360455646
1455,random0,4.0,31.737984061732526,0.44176115038686126,-0.2317977329506717,-0.007303480035146827,-0.0027201306360455646
1455,random1,0.01,0.07934496015433132,0.5063452658694586,-0.0005635458404036156,-0.007102478081877926,-0.04285108197620964
1455,random1,0.1,0.7934496015433132,0.5068019621077594,-0.0056315806931887865,-0.007097590927306511,-0.04285108197620964
1455,random1,1.0,7.934496015433131,0.5086930307799583,-0.05426627678811169,-0.006839284648017985,-0.04285108197620964
1455,random1,4.0,31.737984061732526,0.5105384170130084,-0.18105435081821064,-0.005704658193351149,-0.04285108197620964
1455,random2,0.01,0.07934496015433132,0.4806918216707001,8.806662772238951e-05,0.0011099208765256666,0.009191708571768131
1455,random2,0.1,0.7934496015433132,0.4804700253342523,0.0009127397114598688,0.0011503436509193881,0.009191708571768131
1455,random2,1.0,7.934496015433131,0.4780989403628257,0.00971876282648683,0.0012248746243722574,0.009191708571768131
1455,random2,4.0,31.737984061732526,0.46908410480568036,0.0387872025065711,0.0012221066855137165,0.009191708571768131
1455,random3,0.01,0.07934496015433132,0.40377785753049406,-0.0011418281380646948,-0.014390682607235063,0.0013588918414095368
1455,random3,0.1,0.7934496015433132,0.40366303822208527,-0.011405082993443068,-0.014374048422558168,0.0013588918414095368
1455,random3,1.0,7.934496015433131,0.40250725189378167,-0.11500161270295917,-0.014493877428292012,0.0013588918414095368
1455,random3,4.0,31.737984061732526,0.4057852438189949,-0.4761806185702653,-0.015003492901252385,0.0013588918414095368
1455,random4,0.01,0.07934496015433132,0.38917513571003864,-0.0004035583332231726,-0.005086124341586716,-0.02756887301816416
1455,random4,0.1,0.7934496015433132,0.3891325671633621,-0.004085497939880474,-0.005149032694620936,-0.02756887301816416
1455,random4,1.0,7.934496015433131,0.38965999167806886,-0.04178716827353851,-0.005266518275673671,-0.02756887301816416
1455,random4,4.0,31.737984061732526,0.39222236277105255,-0.17307428199656552,-0.005453222285949994,-0.02756887301816416
1455,random5,0.01,0.07934496015433132,0.43061502789795864,-0.0006816621997236063,-0.008591121583497266,0.012284240913234839
1455,random5,0.1,0.7934496015433132,0.4305144044975507,-0.006763190374536761,-0.00852378066783561,0.012284240913234839
1455,random5,1.0,7.934496015433131,0.43128762527032216,-0.06459978539799177,-0.008141636881831034,0.012284240913234839
1455,random5,4.0,31.737984061732526,0.43410523538312035,-0.21368952544716335,-0.006732926862384289,0.012284240913234839
1455,random6,0.01,0.07934496015433132,0.43232031235772866,0.00016104382925433624,0.002029666773303498,-0.006669622671958607
1455,random6,0.1,0.7934496015433132,0.4323304366625816,0.0016173165737822385,0.0020383356052311933,-0.006669622671958607
1455,random6,1.0,7.934496015433131,0.43404836794006885,0.015336760103952338,0.0019329217727403608,-0.006669622671958607
1455,random6,4.0,31.737984061732526,0.4403104002531763,0.07120008289367852,0.0022433713103891394,-0.006669622671958607
1455,random7,0.01,0.07934496015433132,0.43306060758793796,0.0007771952773340548,0.009795143583440679,-0.017832955025942027
1455,random7,0.1,0.7934496015433132,0.4334509926840287,0.007758670430856037,0.009778403588287016,-0.017832955025942027
1455,random7,1.0,7.934496015433131,0.43281126597246433,0.07726420114574883,0.00973775788600369,-0.017832955025942027
1455,random7,4.0,31.737984061732526,0.4280959705767074,0.2896230112654597,0.009125438172195289,-0.017832955025942027
1455,a_unit,0.01,0.07934496015433132,0.618831337453178,0.0054708587508650285,0.06895029930349499,0.9999998749370727
1455,a_unit,0.1,0.7934496015433132,0.6195608793524607,0.05468141429848848,0.06891605237702486,0.9999998749370727
1455,a_unit,1.0,7.934496015433131,0.6287643325955825,0.5421636274575956,0.06832993883959998,0.9999998749370727
1455,a_unit,4.0,31.737984061732526,0.6655331982546543,2.1304888305418714,0.06712741509977214,0.9999998749370727
1455,oracle,0.01,0.07934496015433132,0.6714945336062749,0.005615906673914842,0.07077836655272778,0.9069897561357161
1455,oracle,0.1,0.7934496015433132,0.6716147725682821,0.05611339914764516,0.07072081079693127,0.9069897561357161
1455,oracle,1.0,7.934496015433131,0.6754974314385211,0.5555030649225027,0.07001113414664417,0.9069897561357161
1455,oracle,4.0,31.737984061732526,0.6947417264679502,2.152493994095594,0.06782075351442762,0.9069897561357161
1455,md_full,0.01,0.07934496015433132,0.48889020725280025,-0.0010531333105655337,-0.013272844406464104,-0.0077092644660748996
1455,md_full,0.1,0.7934496015433132,0.4898022732258093,-0.010539365835398926,-0.013282968212346626,-0.0077092644660748996
1455,md_full,1.0,7.934496015433131,0.4945276660180274,-0.10664738632696766,-0.013440977992746014,-0.0077092644660748996
1455,md_full,4.0,31.737984061732526,0.5091866398192596,-0.43143774370407784,-0.013593734966433351,-0.0077092644660748996
1455,mean_diff_tgt_asis,0.01,0.07934496015433132,0.468342313302043,-0.0005326631670979886,-0.006713257730067829,-0.008599767629787387
1455,mean_diff_tgt_asis,0.1,0.7934496015433132,0.4691052644106919,-0.005293244253333707,-0.006671178916767982,-0.008599767629787387
1455,mean_diff_tgt_asis,1.0,7.934496015433131,0.47401537542720745,-0.04933223489355505,-0.0062174377298319285,-0.008599767629787387
1455,mean_diff_tgt_asis,4.0,31.737984061732526,0.4909067112116765,-0.1348991023261426,-0.0042503992082091515,-0.008599767629787387
1455,probe_grad_tgt_asis,0.01,0.07934496015433132,0.7270760971333826,-0.0007400878709475063,-0.009327471707188274,0.01429074378105617
1455,probe_grad_tgt_asis,0.1,0.7934496015433132,0.7281532602186945,-0.007403067720398835,-0.009330230560327168,0.01429074378105617
1455,probe_grad_tgt_asis,1.0,7.934496015433131,0.7353273348967992,-0.07522954625755617,-0.009481326364173554,0.01429074378105617
1455,probe_grad_tgt_asis,4.0,31.737984061732526,0.7536915123493524,-0.30719156811948367,-0.009678988039126092,0.01429074378105617
1455,jtw,0.01,0.07934496015433132,4.293704236217736,0.038554844365277036,0.48591421925583245,0.12556163886812413
1455,jtw,0.1,0.7934496015433132,4.304188568871015,0.37959129677108006,0.4784063109147062,0.12556163886812413
1455,jtw,1.0,7.934496015433131,4.152579822248861,3.1764789092760353,0.40033782903130444,0.12556163886812413
1455,jtw,4.0,31.737984061732526,2.9492228138710734,7.155042282429846,0.22544098164876522,0.12556163886812413
1252,random0,0.01,0.050885828098101396,0.35806274272791183,0.000248309820697774,0.004879744124809452,-0.018836843037210012
1252,random0,0.1,0.5088582809810139,0.3580541071441136,0.0024957268029681657,0.004904561635818763,-0.018836843037210012
1252,random0,1.0,5.0885828098101396,0.35735540073367816,0.023825988299859137,0.004682244387165257,-0.018836843037210012
1252,random0,4.0,20.354331239240558,0.3545781830010325,0.07951507271819,0.003906543122620264,-0.018836843037210012
1252,random1,0.01,0.050885828098101396,0.348403738166967,-0.000536723765618358,-0.01054760796235099,-0.03292832111463371
1252,random1,0.1,0.5088582809810139,0.34871697637635507,-0.005383921713815854,-0.010580395200479669,-0.03292832111463371
1252,random1,1.0,5.0885828098101396,0.3527649678399006,-0.054715282177628576,-0.01075255807415465,-0.03292832111463371
1252,random1,4.0,20.354331239240558,0.36699098910816413,-0.23133721110866176,-0.011365502918743558,-0.03292832111463371
1252,random2,0.01,0.050885828098101396,0.4022460764215757,0.00011885003761967516,0.0023356215681613244,0.001196914480027564
1252,random2,0.1,0.5088582809810139,0.40245633276961246,0.0011732488031638757,0.0023056494254195914,0.001196914480027564
1252,random2,1.0,5.0885828098101396,0.4026039669442565,0.010448413720151779,0.0020533052346143545,0.001196914480027564
1252,random2,4.0,20.354331239240558,0.4026106990827315,0.023591145421757415,0.0011590233618816565,0.001196914480027564
1252,random3,0.01,0.050885828098101396,0.39969112367537113,0.0003609385357257621,0.007093105275400423,0.01872252736263025
1252,random3,0.1,0.5088582809810139,0.39960147803512464,0.0036138013644158146,0.007101783540692049,0.01872252736263025
1252,random3,1.0,5.0885828098101396,0.3996345819099484,0.036599369284637855,0.0071924483992043785,0.01872252736263025
1252,random3,4.0,20.354331239240558,0.4004963448209141,0.14956531930259906,0.007348083193922686,0.01872252736263025
1252,random4,0.01,0.050885828098101396,0.368149786550907,2.6977256369277393e-05,0.0005301526451975721,-0.019897432737398267
1252,random4,0.1,0.5088582809810139,0.3679762063674072,0.00026770898754500255,0.0005260973389858051,-0.019897432737398267
1252,random4,1.0,5.0885828098101396,0.3655647502990071,0.0026485751152131093,0.0005204936647797092,-0.019897432737398267
1252,random4,4.0,20.354331239240558,0.3575276833128493,0.009595860090164207,0.0004714406962025169,-0.019897432737398267
1252,random5,0.01,0.050885828098101396,0.30241429879372894,0.00012280646792872289,0.002413372691743714,0.020173401902866893
1252,random5,0.1,0.5088582809810139,0.30251011017588914,0.0012383839859593235,0.002433652025023307,0.020173401902866893
1252,random5,1.0,5.0885828098101396,0.3031223501867885,0.012624267061827298,0.002480900386938642,0.020173401902866893
1252,random5,4.0,20.354331239240558,0.3069682051579617,0.05387534332225695,0.002646873664824327,0.020173401902866893
1252,random6,0.01,0.050885828098101396,0.4527550227994701,6.153344619524883e-05,0.0012092452554102134,0.006974038469949774
1252,random6,0.1,0.5088582809810139,0.45265054757059403,0.0005839552077448874,0.0011475792564859045,0.006974038469949774
1252,random6,1.0,5.0885828098101396,0.4503073852906904,0.005762804079202381,0.0011324968649605992,0.006974038469949774
1252,random6,4.0,20.354331239240558,0.44219095575276857,0.024010459174211476,0.0011796240756818564,0.006974038469949774
1252,random7,0.01,0.050885828098101396,0.2990453221119029,9.253213577993915e-05,0.0018184264507113644,-0.024023525539284697
1252,random7,0.1,0.5088582809810139,0.2994572893399017,0.0009367979640949396,0.0018409800903483628,-0.024023525539284697
1252,random7,1.0,5.0885828098101396,0.300147444322418,0.010272661846483623,0.002018766762855709,-0.024023525539284697
1252,random7,4.0,20.354331239240558,0.3031899486928704,0.051216701453221894,0.00251625567311603,-0.024023525539284697
1252,a_unit,0.01,0.050885828098101396,0.4854374276096167,0.0012049635051425416,0.023679746408361978,1.0000001550370041
1252,a_unit,0.1,0.5088582809810139,0.4859851597505824,0.01201425978140313,0.023610227504288952,1.0000001550370041
1252,a_unit,1.0,5.0885828098101396,0.4894024887105572,0.11845970189559707,0.023279507541318155,1.0000001550370041
1252,a_unit,4.0,20.354331239240558,0.5057560984017795,0.46134017276103456,0.022665454705366565,1.0000001550370041
1252,oracle,0.01,0.050885828098101396,0.4082452546643016,0.0012272777781485163,0.024118262864514673,0.9118028089927601
1252,oracle,0.1,0.5088582809810139,0.40848806601426524,0.012276725971476153,0.024126021783134177,0.9118028089927601
1252,oracle,1.0,5.0885828098101396,0.4109007808100768,0.12146208495444663,0.023869530966516492,0.9118028089927601
1252,oracle,4.0,20.354331239240558,0.4225072761930032,0.4757257978242006,0.02337221460300606,0.9118028089927601
1252,md_full,0.01,0.050885828098101396,0.41604621579588763,0.00017669026480341316,0.003472288285508036,-0.0007226284785223844
1252,md_full,0.1,0.5088582809810139,0.41556502130631146,0.0018091400333757643,0.0035552925067623403,-0.0007226284785223844
1252,md_full,1.0,5.0885828098101396,0.41440697188263653,0.017973901534920136,0.0035322018343238405,-0.0007226284785223844
1252,md_full,4.0,20.354331239240558,0.41113159112932957,0.06718891103119153,0.00330096382148188,-0.0007226284785223844
1252,mean_diff_tgt_asis,0.01,0.050885828098101396,0.5278402610793693,8.704005055575211e-05,0.0017104968870301173,-0.017352128633114576
1252,mean_diff_tgt_asis,0.1,0.5088582809810139,0.5278538008123994,0.0008528930503275578,0.001676091521362861,-0.017352128633114576
1252,mean_diff_tgt_asis,1.0,5.0885828098101396,0.5255195731528104,0.00985208499850124,0.0019361156861803792,-0.017352128633114576
1252,mean_diff_tgt_asis,4.0,20.354331239240558,0.5180050106576191,0.056358508023415056,0.002768870534776551,-0.017352128633114576
1252,probe_grad_tgt_asis,0.01,0.050885828098101396,0.5912866802652806,0.0007411492648212521,0.014564944553764768,0.012379494106079667
1252,probe_grad_tgt_asis,0.1,0.5088582809810139,0.5915299715392758,0.007401797061203523,0.014545890944201206,0.012379494106079667
1252,probe_grad_tgt_asis,1.0,5.0885828098101396,0.5925159157380496,0.07380354435504816,0.014503752245667363,0.012379494106079667
1252,probe_grad_tgt_asis,4.0,20.354331239240558,0.5945009873852417,0.28941675564232483,0.014218927275997464,0.012379494106079667
1252,jtw,0.01,0.050885828098101396,2.1518294450592754,0.0141202537241409,0.27748892475364356,0.06819696410369672
1252,jtw,0.1,0.5088582809810139,2.1469862645461197,0.14001102072213412,0.27514737591026467,0.06819696410369672
1252,jtw,1.0,5.0885828098101396,2.092810248658409,1.2857507505178898,0.2526736418711957,0.06819696410369672
1252,jtw,4.0,20.354331239240558,1.8921270712445175,3.887634320888433,0.19099789009002513,0.06819696410369672
82,random0,0.01,0.05873645271958936,0.3688028770217357,-0.0003931165329171875,-0.006692888567751012,-0.018836843037210012
82,random0,0.1,0.5873645271958936,0.3690010161506737,-0.003922529144728352,-0.00667818528887792,-0.018836843037210012
82,random0,1.0,5.873645271958936,0.36995941009982264,-0.0397883052677388,-0.006774039531752126,-0.018836843037210012
82,random0,4.0,23.494581087835744,0.37361400538895223,-0.16638375092469027,-0.007081792618589612,-0.018836843037210012
82,random1,0.01,0.05873645271958936,0.4082622605169131,-0.0006426922915427571,-0.0109419663902926,-0.03292832111463371
82,random1,0.1,0.5873645271958936,0.40860571426471753,-0.006441423297194184,-0.010966653583841447,-0.03292832111463371
82,random1,1.0,5.873645271958936,0.41354073392912866,-0.06581583351731618,-0.011205278914531002,-0.03292832111463371
82,random1,4.0,23.494581087835744,0.4302149886084583,-0.27984270818250206,-0.011910946917346395,-0.03292832111463371
82,random2,0.01,0.05873645271958936,0.4432288483151331,-4.8348992135504643e-05,-0.0008231513803927698,0.001196914480027564
82,random2,0.1,0.5873645271958936,0.44323740530503786,-0.00046476713511089127,-0.0007912754577293114,0.001196914480027564
82,random2,1.0,5.873645271958936,0.44544182481711136,-0.0032930404182572133,-0.0005606467986717459,0.001196914480027564
82,random2,4.0,23.494581087835744,0.45105224596906524,0.002129081949609722,9.06201281755157e-05,0.001196914480027564
82,random3,0.01,0.05873645271958936,0.4292333221593453,-0.00014096655383753233,-0.002399984120772724,0.01872252736263025
82,random3,0.1,0.5873645271958936,0.42940582225136686,-0.0014339535360069818,-0.002441334928502994,0.01872252736263025
82,random3,1.0,5.873645271958936,0.4303432023509101,-0.01427526007974529,-0.0024303919318887143,0.01872252736263025
82,random3,4.0,23.494581087835744,0.43546344389711356,-0.06364387078013725,-0.002708874465230993,0.01872252736263025
82,random4,0.01,0.05873645271958936,0.4214291456984815,0.0005148292793831589,0.008765072719678503,-0.019897432737398267
82,random4,0.1,0.5873645271958936,0.42136712587075126,0.005155687396202429,0.008777662179934372,-0.019897432737398267
82,random4,1.0,5.873645271958936,0.41995470586368555,0.05165685882293658,0.008794684804945389,-0.019897432737398267
82,random4,4.0,23.494581087835744,0.4136860430077063,0.20536426086946927,0.008740920304205639,-0.019897432737398267
82,random5,0.01,0.05873645271958936,0.3642233943387156,0.00027371567119521606,0.0046600647216805515,0.020173401902866893
82,random5,0.1,0.5873645271958936,0.36408657608046213,0.002746709545317977,0.004676328613903363,0.020173401902866893
82,random5,1.0,5.873645271958936,0.36458167942021247,0.0276248439151001,0.004703185608940742,0.020173401902866893
82,random5,4.0,23.494581087835744,0.36726853229104583,0.11063292592182872,0.00470886990954304,0.020173401902866893
82,random6,0.01,0.05873645271958936,0.3858820419615254,-0.0001953016066389775,-0.0033250493960089267,0.006974038469949774
82,random6,0.1,0.5873645271958936,0.38582715602666035,-0.0019478496271572252,-0.0033162534286099174,0.006974038469949774
82,random6,1.0,5.873645271958936,0.386350900138748,-0.019149069363348342,-0.003260167830489682,0.006974038469949774
82,random6,4.0,23.494581087835744,0.38939084260647117,-0.06854966040227858,-0.0029176796192280263,0.006974038469949774
82,random7,0.01,0.05873645271958936,0.38959807768733373,8.582879868536641e-05,0.0014612526754912696,-0.024023525539284697
82,random7,0.1,0.5873645271958936,0.38998695274739853,0.000862219755117142,0.0014679465905668844,-0.024023525539284697
82,random7,1.0,5.873645271958936,0.3920299889822981,0.009041955968515362,0.001539411311010233,-0.024023525539284697
82,random7,4.0,23.494581087835744,0.3996412705477957,0.04189863034545385,0.0017833316622592073,-0.024023525539284697
82,a_unit,0.01,0.05873645271958936,0.4855718949714432,0.0022520500106287334,0.038341607406564504,1.0000001550370041
82,a_unit,0.1,0.5873645271958936,0.48623800930494193,0.02255478857338092,0.03839998421603456,1.0000001550370041
82,a_unit,1.0,5.873645271958936,0.4896016678073849,0.22543378348680515,0.038380558077457765,1.0000001550370041
82,a_unit,4.0,23.494581087835744,0.5094607072402468,0.9229570259362008,0.03928382559730164,1.0000001550370041
82,oracle,0.01,0.05873645271958936,0.4794422011651556,0.0023115477719553405,0.039354568839742164,0.9975059352083511
82,oracle,0.1,0.5873645271958936,0.48002458948170895,0.023128192977866252,0.03937621682446734,0.9975059352083511
82,oracle,1.0,5.873645271958936,0.4829209008102528,0.2310179684998731,0.039331276882307475,0.9975059352083511
82,oracle,4.0,23.494581087835744,0.5007290280424838,0.9415150259374442,0.040073709866012934,0.9975059352083511
82,md_full,0.01,0.05873645271958936,0.3649509896780404,6.396582458901385e-05,0.0010890311148749443,-0.0007226284785223844
82,md_full,0.1,0.5873645271958936,0.36463599410099223,0.0006356032873481817,0.001082127465855969,-0.0007226284785223844
82,md_full,1.0,5.873645271958936,0.3624085702547766,0.006572859199801346,0.001119042586923063,-0.0007226284785223844
82,md_full,4.0,23.494581087835744,0.3569932095690478,0.03168069059148548,0.001348425429380738,-0.0007226284785223844
82,mean_diff_tgt_asis,0.01,0.05873645271958936,0.4331246150873472,0.0005191873693169063,0.008839270083188914,-0.017352128633114576
82,mean_diff_tgt_asis,0.1,0.5873645271958936,0.43234242117213423,0.005170662869810225,0.008803158226962083,-0.017352128633114576
82,mean_diff_tgt_asis,1.0,5.873645271958936,0.42913165517231816,0.052084390185905126,0.008867472885119314,-0.017352128633114576
82,mean_diff_tgt_asis,4.0,23.494581087835744,0.4233346144664292,0.21363025254316276,0.009092745758883492,-0.017352128633114576
82,probe_grad_tgt_asis,0.01,0.05873645271958936,0.5700172595321013,5.99000200200248e-05,0.0010198099688789577,0.012379494106079667
82,probe_grad_tgt_asis,0.1,0.5873645271958936,0.5706520610448124,0.0005806245088243537,0.0009885249822563901,0.012379494106079667
82,probe_grad_tgt_asis,1.0,5.873645271958936,0.5781329379791983,0.004193635600380009,0.0007139749518753927,0.012379494106079667
82,probe_grad_tgt_asis,4.0,23.494581087835744,0.6047807570691272,-0.006140162442763525,-0.0002613437719876,0.012379494106079667
82,jtw,0.01,0.05873645271958936,6.2974936165304385,0.028528867846881786,0.4857097513716051,0.08231328724162307
82,jtw,0.1,0.5873645271958936,6.270451337376477,0.278575469086469,0.47428037647489824,0.08231328724162307
82,jtw,1.0,5.873645271958936,5.8001810638226505,2.1686983602799375,0.3692252868305492,0.08231328724162307
82,jtw,4.0,23.494581087835744,4.119464514923644,4.479404433319139,0.19065691857082478,0.08231328724162307
1471,random0,0.01,0.04293857780283853,0.3938244010967395,6.089525874344924e-05,0.0014181945900272378,-0.018836843037210012
1471,random0,0.1,0.4293857780283853,0.3939539143796445,0.0005946812828729038,0.001384958033783763,-0.018836843037210012
1471,random0,1.0,4.293857780283853,0.39469649266731066,0.0052574264420894735,0.0012244062824414092,-0.018836843037210012
1471,random0,4.0,17.17543112113541,0.3970035387193709,0.011503608238242993,0.0006697711490972186,-0.018836843037210012
1471,random1,0.01,0.04293857780283853,0.3182488839497414,-0.00031158076935923257,-0.007256429656099019,-0.03292832111463371
1471,random1,0.1,0.4293857780283853,0.3179940429719661,-0.0031202124705695545,-0.007266687976710974,-0.03292832111463371
1471,random1,1.0,4.293857780283853,0.3207881496746102,-0.032033045917536605,-0.007460201887594658,-0.03292832111463371
1471,random1,4.0,17.17543112113541,0.3301856704555086,-0.14017602968232876,-0.008161427139365,-0.03292832111463371
1471,random2,0.01,0.04293857780283853,0.3467105046830748,0.00017297336894030776,0.004028390733725537,0.001196914480027564
1471,random2,0.1,0.4293857780283853,0.3466636573118792,0.00172269072508334,0.004011988317343521,0.001196914480027564
1471,random2,1.0,4.293857780283853,0.34830906349231433,0.01645284290750642,0.003831715848403991,0.001196914480027564
1471,random2,4.0,17.17543112113541,0.35457167992345184,0.05627252064591165,0.003276338174513995,0.001196914480027564
1471,random3,0.01,0.04293857780283853,0.4052292390828795,-0.00010545492715933428,-0.002455948300000821,0.01872252736263025
1471,random3,0.1,0.4293857780283853,0.40553907119353977,-0.001090846104560021,-0.0025404802869085914,0.01872252736263025
1471,random3,1.0,4.293857780283853,0.4088609217405603,-0.011252710716527427,-0.0026206528702922127,0.01872252736263025
1471,random3,4.0,17.17543112113541,0.4216953542848071,-0.05119963230113693,-0.002980980910466502,0.01872252736263025
1471,random4,0.01,0.04293857780283853,0.3261845833404801,-9.223399683709388e-05,-0.002148044987903549,-0.019897432737398267
1471,random4,0.1,0.4293857780283853,0.32589600352699594,-0.00092008077015299,-0.0021427835229609455,-0.019897432737398267
1471,random4,1.0,4.293857780283853,0.32486298938336566,-0.008861277846269897,-0.0020637101412530035,-0.019897432737398267
1471,random4,4.0,17.17543112113541,0.3214629346606936,-0.030205088603057886,-0.0017586218587484941,-0.019897432737398267
1471,random5,0.01,0.04293857780283853,0.31980467939564433,0.00023883259420960003,0.005562191540349796,0.020173401902866893
1471,random5,0.1,0.4293857780283853,0.31987481660464884,0.0023822221244482788,0.005547976310223293,0.020173401902866893
1471,random5,1.0,4.293857780283853,0.31899710495728484,0.023844204420454335,0.005553095989797332,0.020173401902866893
1471,random5,4.0,17.17543112113541,0.3164650594079819,0.09555240687053462,0.005563319266725805,0.020173401902866893
1471,random6,0.01,0.04293857780283853,0.4453892029742061,-0.00014148634830633128,-0.0032950869718134466,0.006974038469949774
1471,random6,0.1,0.4293857780283853,0.4462219500342415,-0.001419968007038687,-0.003306974938850484,0.006974038469949774
1471,random6,1.0,4.293857780283853,0.44605366039015226,-0.015158095979365568,-0.003530181192532072,0.006974038469949774
1471,random6,4.0,17.17543112113541,0.4456501430853489,-0.07195030319946853,-0.004189141028950902,0.006974038469949774
1471,random7,0.01,0.04293857780283853,0.354605222715291,-0.00015814997314834097,-0.003683167474118954,-0.024023525539284697
1471,random7,0.1,0.4293857780283853,0.35485454393995564,-0.0016127937528105298,-0.003756048372668536,-0.024023525539284697
1471,random7,1.0,4.293857780283853,0.35732167530992104,-0.015974615569072016,-0.0037203410980267697,-0.024023525539284697
1471,random7,4.0,17.17543112113541,0.36509009238194884,-0.06130513244897989,-0.003569350429494617,-0.024023525539284697
1471,a_unit,0.01,0.04293857780283853,0.47061368831794326,0.0009989693306981244,0.023265077275849734,1.0000001550370041
1471,a_unit,0.1,0.4293857780283853,0.4709847397419864,0.010004292048013775,0.023299076401530058,1.0000001550370041
1471,a_unit,1.0,4.293857780283853,0.468912918500289,0.09858942904106141,0.022960571608532408,1.0000001550370041
1471,a_unit,4.0,17.17543112113541,0.46623241592380765,0.3844537120815773,0.022383933734768595,1.0000001550370041
1471,oracle,0.01,0.04293857780283853,0.4603693644657798,0.0010823321041272126,0.025206519626638942,0.9069132978320696
1471,oracle,0.1,0.4293857780283853,0.46036051159585734,0.010778578490131389,0.025102318338589343,0.9069132978320696
1471,oracle,1.0,4.293857780283853,0.4572136147132093,0.10690386737482607,0.02489692785487623,0.9069132978320696
1471,oracle,4.0,17.17543112113541,0.4488136954844831,0.4214032132159317,0.024535233511394628,0.9069132978320696
1471,md_full,0.01,0.04293857780283853,0.39462286684843084,-0.00014120613393707086,-0.003288561036777892,-0.0007226284785223844
1471,md_full,0.1,0.4293857780283853,0.39456332313454495,-0.0014163975728614707,-0.0032986597259116422,-0.0007226284785223844
1471,md_full,1.0,4.293857780283853,0.3928759687363052,-0.013995000158228745,-0.0032593068691025863,-0.0007226284785223844
1471,md_full,4.0,17.17543112113541,0.3870811292536289,-0.05219417230788869,-0.00303888571644997,-0.0007226284785223844
1471,mean_diff_tgt_asis,0.01,0.04293857780283853,0.4783713542681821,-0.0005903705674271642,-0.013749187738307828,-0.017352128633114576
1471,mean_diff_tgt_asis,0.1,0.4293857780283853,0.47788142108370246,-0.0059062767156699844,-0.013755175457347215,-0.017352128633114576
1471,mean_diff_tgt_asis,1.0,4.293857780283853,0.48036916996476314,-0.059543493378447714,-0.013867132174673818,-0.017352128633114576
1471,mean_diff_tgt_asis,4.0,17.17543112113541,0.49051557234844223,-0.24212006549813464,-0.01409688431053071,-0.017352128633114576
1471,probe_grad_tgt_asis,0.01,0.04293857780283853,0.4833604884359278,-3.500408804779809e-05,-0.0008152130284455784,0.012379494106079667
1471,probe_grad_tgt_asis,0.1,0.4293857780283853,0.48369787737647096,-0.0003655934370071401,-0.0008514335027253089,0.012379494106079667
1471,probe_grad_tgt_asis,1.0,4.293857780283853,0.48684283969706676,-0.004329864841569716,-0.0010083857135304288,0.012379494106079667
1471,probe_grad_tgt_asis,4.0,17.17543112113541,0.4980319097341188,-0.02392941041530422,-0.0013932349206569625,0.012379494106079667
1471,jtw,0.01,0.04293857780283853,4.829527618065495,0.01417179617508443,0.33004810359945314,0.06902431635385065
1471,jtw,0.1,0.4293857780283853,4.838903271322594,0.13975349930722702,0.32547305117774156,0.06902431635385065
1471,jtw,1.0,4.293857780283853,4.876138276496004,1.2092568736139477,0.28162480815422064,0.06902431635385065
1471,jtw,4.0,17.17543112113541,4.824800406761933,2.995480928851228,0.17440499209158755,0.06902431635385065
192,random0,0.01,0.05575318269536388,0.3792317993784191,-0.00046923723023931693,-0.00841633082730425,-0.018836843037210012
192,random0,0.1,0.5575318269536388,0.3788715940276816,-0.0046950714251449205,-0.008421172026714335,-0.018836843037210012
192,random0,1.0,5.575318269536388,0.37747330582487104,-0.04703796798420879,-0.008436822027044601,-0.018836843037210012
192,random0,4.0,22.301273078145552,0.3728670923366539,-0.18620554594967548,-0.008349547817167005,-0.018836843037210012
192,random1,0.01,0.05575318269536388,0.42302645230764924,-0.0005181468227915583,-0.009293582854681487,-0.03292832111463371
192,random1,0.1,0.5575318269536388,0.4235944664459487,-0.00520132400185689,-0.00932919655955247,-0.03292832111463371
192,random1,1.0,5.575318269536388,0.427920340693989,-0.05332462962661556,-0.009564409967047448,-0.03292832111463371
192,random1,4.0,22.301273078145552,0.4422159936882033,-0.2314358637990748,-0.010377697407143704,-0.03292832111463371
192,random2,0.01,0.05575318269536388,0.40109681683985643,4.8299782938030075e-05,0.0008663143627502078,0.001196914480027564
192,random2,0.1,0.5575318269536388,0.4013870904797707,0.00044832632462402187,0.0008041268730319536,0.001196914480027564
192,random2,1.0,5.575318269536388,0.403231215493836,0.0030641548343857752,0.0005495928099976565,0.001196914480027564
192,random2,4.0,22.301273078145552,0.4083077058874779,-0.007151111069497118,-0.00032065932040915417,0.001196914480027564
192,random3,0.01,0.05575318269536388,0.424076356831829,0.00013011260088430297,0.00233372508248076,0.01872252736263025
192,random3,0.1,0.5575318269536388,0.42406643505289077,0.001293391319017428,0.0023198519913823308,0.01872252736263025
192,random3,1.0,5.575318269536388,0.42204118064649315,0.01205832969654462,0.0021628056217761578,0.01872252736263025
192,random3,4.0,22.301273078145552,0.41811668343460745,0.03105230401467994,0.0013924005103148162,0.01872252736263025
192,random4,0.01,0.05575318269536388,0.3916528948562784,-0.00022511192819388987,-0.004037651615763433,-0.019897432737398267
192,random4,0.1,0.5575318269536388,0.39167237783791337,-0.002257546158251902,-0.004049178986941721,-0.019897432737398267
192,random4,1.0,5.575318269536388,0.39256109630940234,-0.022895493061692987,-0.004106580459593537,-0.019897432737398267
192,random4,4.0,22.301273078145552,0.39539887060528467,-0.09479482381346312,-0.0042506462963479265,-0.019897432737398267
192,random5,0.01,0.05575318269536388,0.3370182527388596,0.00018139286851496465,0.003253498002187564,0.020173401902866893
192,random5,0.1,0.5575318269536388,0.3371979430617295,0.0018115221543196255,0.0032491816013765643,0.020173401902866893
192,random5,1.0,5.575318269536388,0.3388263124740391,0.016870985695595947,0.0030260130238266817,0.020173401902866893
192,random5,4.0,22.301273078145552,0.3464642422658308,0.049676056150533436,0.002227498671329853,0.020173401902866893
192,random6,0.01,0.05575318269536388,0.42743475474640985,0.0001604056407912977,0.0028770669769249985,0.006974038469949774
192,random6,0.1,0.5575318269536388,0.4272947221841089,0.001608753494772919,0.0028854917638750223,0.006974038469949774
192,random6,1.0,5.575318269536388,0.4259844146491031,0.016554126605770162,0.0029691805571391548,0.006974038469949774
192,random6,4.0,22.301273078145552,0.42281606941156713,0.07456265825721275,0.003343426090337483,0.006974038469949774
192,random7,0.01,0.05575318269536388,0.4023000216979101,-0.00017223453746885572,-0.0030892323835564235,-0.024023525539284697
192,random7,0.1,0.5575318269536388,0.40212690044934746,-0.0017355063103587868,-0.0031128380954350463,-0.024023525539284697
192,random7,1.0,5.575318269536388,0.40181401441506753,-0.017626698514487248,-0.0031615591545328917,-0.024023525539284697
192,random7,4.0,22.301273078145552,0.40063484100875474,-0.07347230205166672,-0.00329453398441486,-0.024023525539284697
192,a_unit,0.01,0.05575318269536388,0.49138407567194353,0.003067036766664823,0.05501097190133794,1.0000001550370041
192,a_unit,0.1,0.5575318269536388,0.49120403403226154,0.030649166059768928,0.05497294428416109,1.0000001550370041
192,a_unit,1.0,5.575318269536388,0.4906751356607601,0.30300623729067777,0.05434779193616763,1.0000001550370041
192,a_unit,4.0,22.301273078145552,0.4965478325192341,1.1808465183258954,0.0529497358374165,1.0000001550370041
192,oracle,0.01,0.05575318269536388,0.4947221053271724,0.002964518168888533,0.053172178260866274,0.933703608667056
192,oracle,0.1,0.5575318269536388,0.4943413452329651,0.029609147984644035,0.053107547503482996,0.933703608667056
192,oracle,1.0,5.575318269536388,0.49151921282295014,0.2924450679820273,0.05245351993265586,0.933703608667056
192,oracle,4.0,22.301273078145552,0.4878450112596016,1.129990099963989,0.05066930914681004,0.933703608667056
192,md_full,0.01,0.05575318269536388,0.39419060302307446,-5.447780736589467e-05,-0.000977124618401825,-0.0007226284785223844
192,md_full,0.1,0.5575318269536388,0.3944012881582888,-0.0005539930068368848,-0.000993652702956726,-0.0007226284785223844
192,md_full,1.0,5.575318269536388,0.39458324448862575,-0.00723034521351951,-0.0012968488728304912,-0.0007226284785223844
192,md_full,4.0,22.301273078145552,0.39595363533240097,-0.05065245181915433,-0.002271280730999699,-0.0007226284785223844
192,mean_diff_tgt_asis,0.01,0.05575318269536388,0.5324151059532098,-0.0001194969057039106,-0.0021433198954191233,-0.017352128633114576
192,mean_diff_tgt_asis,0.1,0.5575318269536388,0.5324600346912902,-0.0011879589421761897,-0.0021307464161592587,-0.017352128633114576
192,mean_diff_tgt_asis,1.0,5.575318269536388,0.5310238509603454,-0.012438798327009448,-0.0022310472202053838,-0.017352128633114576
192,mean_diff_tgt_asis,4.0,22.301273078145552,0.5281533624216985,-0.05444222416938674,-0.002441215978057242,-0.017352128633114576
192,probe_grad_tgt_asis,0.01,0.05575318269536388,0.5820979257248465,-0.00038897806052699,-0.006976786646465928,0.012379494106079667
192,probe_grad_tgt_asis,0.1,0.5575318269536388,0.5819107221500065,-0.003906294578572965,-0.00700640643228748,0.012379494106079667
192,probe_grad_tgt_asis,1.0,5.575318269536388,0.5854013458404711,-0.04046397333960271,-0.007257697477236123,0.012379494106079667
192,probe_grad_tgt_asis,4.0,22.301273078145552,0.598000257081447,-0.1800872721224022,-0.008075201424212919,0.012379494106079667
192,jtw,0.01,0.05575318269536388,4.435324254808366,0.018457914344448358,0.3310647653121911,0.13906114975101092
192,jtw,0.1,0.5575318269536388,4.404529941801388,0.18161225307761886,0.3257432926653723,0.13906114975101092
192,jtw,1.0,5.575318269536388,4.043240413258696,1.5284185352825874,0.27414014077615734,0.13906114975101092
192,jtw,4.0,22.301273078145552,2.914432167575894,3.660755040745303,0.1641500477536734,0.13906114975101092
394,random0,0.01,0.050712592709227886,0.4733480948728758,-0.0003012230344599356,-0.005939807419965017,-0.0027201306360455646
394,random0,0.1,0.5071259270922789,0.47352985089208616,-0.0030214936242858367,-0.005958073651667256,-0.0027201306360455646
394,random0,1.0,5.071259270922789,0.47592412669744355,-0.03167218455535048,-0.006245427982148361,-0.0027201306360455646
394,random0,4.0,20.285037083691154,0.48224635926925624,-0.14610509210745995,-0.007202604141400663,-0.0027201306360455646
394,random1,0.01,0.050712592709227886,0.4948668439457134,-0.0009895416319376333,-0.019512739914746502,-0.04285108197620964
394,random1,0.1,0.5071259270922789,0.4954279839777337,-0.009886509075087964,-0.019495175748111514,-0.04285108197620964
394,random1,1.0,5.071259270922789,0.5005952460595029,-0.10095976061492792,-0.019908223031270267,-0.04285108197620964
394,random1,4.0,20.285037083691154,0.5164690603719257,-0.4315031440802688,-0.021271991877559366,-0.04285108197620964
394,random2,0.01,0.050712592709227886,0.4263095117349327,0.00043884500552988915,0.008653570683047231,0.009191708571768131
394,random2,0.1,0.5071259270922789,0.42661609961247215,0.004387101241679907,0.00865091096176909,0.009191708571768131
394,random2,1.0,5.071259270922789,0.4296382930048866,0.0436495025064037,0.00860723149310823,0.009191708571768131
394,random2,4.0,20.285037083691154,0.4383868616332949,0.16655349076393933,0.008210657445524005,0.009191708571768131
394,random3,0.01,0.050712592709227886,0.45557354800260164,-0.00012516324945522435,-0.0024680901284790573,0.0013588918414095368
394,random3,0.1,0.5071259270922789,0.4553846612633904,-0.0012200969460068143,-0.0024059052807702337,0.0013588918414095368
394,random3,1.0,5.071259270922789,0.4555916421657886,-0.012257610111268281,-0.002417074232735459,0.0013588918414095368
394,random3,4.0,20.285037083691154,0.4578400263332307,-0.05713352013115147,-0.002816535158177547,0.0013588918414095368
394,random4,0.01,0.050712592709227886,0.4100347111704803,-0.0006585986913223375,-0.012986886612139158,-0.02756887301816416
394,random4,0.1,0.5071259270922789,0.4099731502572157,-0.006583072141385678,-0.012981138982838463,-0.02756887301816416
394,random4,1.0,5.071259270922789,0.4093436128041828,-0.06576842916104751,-0.012968855593352457,-0.02756887301816416
394,random4,4.0,20.285037083691154,0.4074056647138266,-0.2617944335500318,-0.012905790236908679,-0.02756887301816416
394,random5,0.01,0.050712592709227886,0.36363488857118575,0.00032598701681147514,0.0064281275990087,0.012284240913234839
394,random5,0.1,0.5071259270922789,0.36399039162318997,0.003234806474158039,0.00637870458074493,0.012284240913234839
394,random5,1.0,5.071259270922789,0.3659759358516542,0.032389429781248896,0.006386861339738832,0.012284240913234839
394,random5,4.0,20.285037083691154,0.374956238446727,0.12515141601162796,0.006169641962954443,0.012284240913234839
394,random6,0.01,0.050712592709227886,0.40520370255762306,-2.219567987910508e-05,-0.0004376759044123228,-0.006669622671958607
394,random6,0.1,0.5071259270922789,0.4054847413106428,-0.000223168664877356,-0.00044006557928706977,-0.006669622671958607
394,random6,1.0,5.071259270922789,0.40517103784598885,-0.0030225865211584366,-0.0005960228731528518,-0.006669622671958607
394,random6,4.0,20.285037083691154,0.4061963277094462,-0.017970840880485048,-0.0008859160969901957,-0.006669622671958607
394,random7,0.01,0.050712592709227886,0.42028889105483563,-0.00017007023483642773,-0.0033536095425363848,-0.017832955025942027
394,random7,0.1,0.5071259270922789,0.42057329262373755,-0.001678835086484539,-0.0033104895585018093,-0.017832955025942027
394,random7,1.0,5.071259270922789,0.42348304556263294,-0.01809784258245367,-0.0035687078131109847,-0.017832955025942027
394,random7,4.0,20.285037083691154,0.4318564575122439,-0.08821183091457767,-0.004348615708743198,-0.017832955025942027
394,a_unit,0.01,0.050712592709227886,0.6769802747899367,0.003092590703824222,0.060982697563035086,0.9999998749370727
394,a_unit,0.1,0.5071259270922789,0.6766813386684722,0.030833978614271788,0.06080142419667906,0.9999998749370727
394,a_unit,1.0,5.071259270922789,0.6727342012582498,0.2991761409281712,0.05899444791623359,0.9999998749370727
394,a_unit,4.0,20.285037083691154,0.667137724842981,1.1013717446485152,0.05429478586134804,0.9999998749370727
394,oracle,0.01,0.050712592709227886,0.706738980820814,0.003231223008420958,0.06371638356074409,0.9933182023481343
394,oracle,0.1,0.5071259270922789,0.7062198356752821,0.03220166484173703,0.06349836031135808,0.9933182023481343
394,oracle,1.0,5.071259270922789,0.7006951153488693,0.3119656957225043,0.061516416151552365,0.9933182023481343
394,oracle,4.0,20.285037083691154,0.6894571054623756,1.1438382776624803,0.056388276390291044,0.9933182023481343
394,md_full,0.01,0.050712592709227886,0.44140644813376145,0.0002548232331676723,0.005024851216516554,-0.0077092644660748996
394,md_full,0.1,0.5071259270922789,0.4409885114387074,0.0025679047847559392,0.005063643264069739,-0.0077092644660748996
394,md_full,1.0,5.071259270922789,0.43777426820353843,0.02425880606794712,0.004783586240017439,-0.0077092644660748996
394,md_full,4.0,20.285037083691154,0.42753297828848014,0.0795869914651787,0.003923433372925177,-0.0077092644660748996
394,mean_diff_tgt_asis,0.01,0.050712592709227886,0.5212566471042558,-6.823361130968024e-06,-0.0001345496407586831,-0.008599767629787387
394,mean_diff_tgt_asis,0.1,0.5071259270922789,0.521515570687253,-1.4301359716751161e-05,-2.8200805663301892e-05,-0.008599767629787387
394,mean_diff_tgt_asis,1.0,5.071259270922789,0.5182105960484155,8.620244055552659e-06,1.6998231790235568e-06,-0.008599767629787387
394,mean_diff_tgt_asis,4.0,20.285037083691154,0.5082409291429459,0.00013596289592096578,6.702620032687925e-06,-0.008599767629787387
394,probe_grad_tgt_asis,0.01,0.050712592709227886,0.620432892016996,-0.000448556588386392,-0.008845073075996973,0.01429074378105617
394,probe_grad_tgt_asis,0.1,0.5071259270922789,0.6209837154769816,-0.004534423157366659,-0.008941414577964489,0.01429074378105617
394,probe_grad_tgt_asis,1.0,5.071259270922789,0.6268765753046958,-0.048795564448068776,-0.009621981807920801,0.01429074378105617
394,probe_grad_tgt_asis,4.0,20.285037083691154,0.6476027380605881,-0.2417021998026953,-0.011915294944026501,0.01429074378105617
394,jtw,0.01,0.050712592709227886,6.758169889897646,0.02668663340348756,0.5262328738840352,0.11192240777842866
394,jtw,0.1,0.5071259270922789,6.741008104253342,0.2601717931680627,0.5130319300766508,0.11192240777842866
394,jtw,1.0,5.071259270922789,6.2957318398287,1.9871235658503512,0.3918402628798676,0.11192240777842866
394,jtw,4.0,20.285037083691154,4.572273748769694,4.089377482806268,0.20159576075382488,0.11192240777842866
882,random0,0.01,0.05019730808308635,0.43624682824071637,-0.00016568354152983992,-0.0033006459480974812,-0.018836843037210012
882,random0,0.1,0.5019730808308636,0.4362563122888358,-0.001629791253075524,-0.003246770225960924,-0.018836843037210012
882,random0,1.0,5.019730808308635,0.4361950651838932,-0.0159285119831115,-0.003173180513334839,-0.018836843037210012
882,random0,4.0,20.07892323323454,0.43604203535416863,-0.05765457821269847,-0.0028713979102857907,-0.018836843037210012
882,random1,0.01,0.05019730808308635,0.3512023193242068,-0.00035382120477129485,-0.00704860914425235,-0.03292832111463371
882,random1,0.1,0.5019730808308636,0.3519696701885057,-0.003560064742049363,-0.007092142742309527,-0.03292832111463371
882,random1,1.0,5.019730808308635,0.35707663296732595,-0.037256216947880935,-0.007421955154689693,-0.03292832111463371
882,random1,4.0,20.07892323323454,0.3747698906162736,-0.17206243980969127,-0.008569306123193614,-0.03292832111463371
882,random2,0.01,0.05019730808308635,0.3838049777292801,0.00011704700295718387,0.0023317386415113777,0.001196914480027564
882,random2,0.1,0.5019730808308636,0.3833699868240767,0.0011564204683251471,0.002303749966852894,0.001196914480027564
882,random2,1.0,5.019730808308635,0.3865833252234742,0.010911851074718499,0.002173792079977128,0.001196914480027564
882,random2,4.0,20.07892323323454,0.3984267335257953,0.03361614907560606,0.0016742007868213156,0.001196914480027564
882,random3,0.01,0.05019730808308635,0.4280381181162195,-0.00022876219445551438,-0.0045572602036122786,0.01872252736263025
882,random3,0.1,0.5019730808308636,0.428030167782217,-0.0022873600309003227,-0.004556738435284806,0.01872252736263025
882,random3,1.0,5.019730808308635,0.4279619101365603,-0.0227735513879844,-0.004536807302552902,0.01872252736263025
882,random3,4.0,20.07892323323454,0.42936300834714036,-0.0916877879925881,-0.004566369766324267,0.01872252736263025
882,random4,0.01,0.05019730808308635,0.3710058774653787,-6.547099939041887e-05,-0.0013042731152445779,-0.019897432737398267
882,random4,0.1,0.5019730808308636,0.37119680775736563,-0.0006375149066198359,-0.0012700181164388817,-0.019897432737398267
882,random4,1.0,5.019730808308635,0.3688085311827089,-0.006037080316052654,-0.0012026701324421832,-0.019897432737398267
882,random4,4.0,20.07892323323454,0.36110976031080094,-0.019088071179058877,-0.0009506521319561793,-0.019897432737398267
882,random5,0.01,0.05019730808308635,0.39114473532134725,7.783444738721737e-05,0.001550570147275351,0.020173401902866893
882,random5,0.1,0.5019730808308636,0.39124862901618385,0.0007989949597365274,0.0015917087793115012,0.020173401902866893
882,random5,1.0,5.019730808308635,0.39112867719744937,0.007512008477165646,0.0014964962791892754,0.020173401902866893
882,random5,4.0,20.07892323323454,0.3914756027684217,0.0220592158543432,0.0010986254391286724,0.020173401902866893
882,random6,0.01,0.05019730808308635,0.35425448266367415,-0.0005479575685047205,-0.010916074774323428,0.006974038469949774
882,random6,0.1,0.5019730808308636,0.3545656190469745,-0.0054750726536397475,-0.010907104111195429,0.006974038469949774
882,random6,1.0,5.019730808308635,0.35444195885353297,-0.05551283415068465,-0.011058926518290595,0.006974038469949774
882,random6,4.0,20.07892323323454,0.35479672418786046,-0.23224792118929308,-0.011566751787012034,0.006974038469949774
882,random7,0.01,0.05019730808308635,0.42540679129818404,-0.00015729700575265623,-0.0031335745234047003,-0.024023525539284697
882,random7,0.1,0.5019730808308636,0.42566292661253585,-0.0015894840184948963,-0.0031664726241175914,-0.024023525539284697
882,random7,1.0,5.019730808308635,0.43161999245281585,-0.016284199027707807,-0.0032440383059494497,-0.024023525539284697
882,random7,4.0,20.07892323323454,0.45178362597919675,-0.06895012502734235,-0.003433955308580314,-0.024023525539284697
882,a_unit,0.01,0.05019730808308635,0.4881760998116035,0.0018829867994826998,0.03751170872282611,1.0000001550370041
882,a_unit,0.1,0.5019730808308636,0.4881358851659428,0.018818962183263937,0.037489982833571224,1.0000001550370041
882,a_unit,1.0,5.019730808308635,0.48444893211397816,0.18517137053261584,0.03688870531187072,1.0000001550370041
882,a_unit,4.0,20.07892323323454,0.4792505259631214,0.7118194655651001,0.035451077594982776,1.0000001550370041
882,oracle,0.01,0.05019730808308635,0.492102171421095,0.0018258488965245292,0.03637344244640355,0.9652536202992478
882,oracle,0.1,0.5019730808308636,0.4916642620484344,0.018202868898446606,0.0362626395589128,0.9652536202992478
882,oracle,1.0,5.019730808308635,0.48979665311602555,0.17923404596192555,0.035705907907503366,0.9652536202992478
882,oracle,4.0,20.07892323323454,0.48935760516341653,0.6897341614074359,0.03435115286788841,0.9652536202992478
882,md_full,0.01,0.05019730808308635,0.4082061071394557,-0.0004915712382872436,-0.00979278086931668,-0.0007226284785223844
882,md_full,0.1,0.5019730808308636,0.40806625948687375,-0.004932296925556223,-0.00982581957859634,-0.0007226284785223844
882,md_full,1.0,5.019730808308635,0.4078863865468793,-0.05001063445233371,-0.009962812023616156,-0.0007226284785223844
882,md_full,4.0,20.07892323323454,0.40790191789146757,-0.20664083433188676,-0.010291430069808516,-0.0007226284785223844
882,mean_diff_tgt_asis,0.01,0.05019730808308635,0.48806805975723944,-0.000637199313213361,-0.012693894106008068,-0.017352128633114576
882,mean_diff_tgt_asis,0.1,0.5019730808308636,0.48821253818056154,-0.006375233804670779,-0.01270034997517899,-0.017352128633114576
882,mean_diff_tgt_asis,1.0,5.019730808308635,0.4911974425191382,-0.06571938545122732,-0.01309221310083977,-0.017352128633114576
882,mean_diff_tgt_asis,4.0,20.07892323323454,0.5049626942461011,-0.28662099445617484,-0.014274719372489112,-0.017352128633114576
882,probe_grad_tgt_asis,0.01,0.05019730808308635,0.44677560536096644,0.00013026984650363937,0.0025951560248612796,0.012379494106079667
882,probe_grad_tgt_asis,0.1,0.5019730808308636,0.4470476531557564,0.0012759974890840804,0.0025419639773751517,0.012379494106079667
882,probe_grad_tgt_asis,1.0,5.019730808308635,0.44986422385953895,0.010126621455451668,0.0020173634487909453,0.012379494106079667
882,probe_grad_tgt_asis,4.0,20.07892323323454,0.46364233578691866,0.005939395581486734,0.00029580249461066087,0.012379494106079667
882,jtw,0.01,0.05019730808308635,5.191721924644709,0.014943650431022238,0.29769824322626176,0.1080336354746946
882,jtw,0.1,0.5019730808308636,5.190694363294499,0.1478796552831934,0.2945967840315733,0.1080336354746946
882,jtw,1.0,5.019730808308635,5.086511580601965,1.3126841126563544,0.26150488199160116,0.1080336354746946
882,jtw,4.0,20.07892323323454,4.063168881832281,3.3449984550143537,0.16659252172834288,0.1080336354746946
152,random0,0.01,0.08953976881467439,0.45084541106463033,-0.0010698885221730207,-0.011948752340286141,-0.0027201306360455646
152,random0,0.1,0.8953976881467439,0.4502348313206228,-0.01065310700570206,-0.011897626213165022,-0.0027201306360455646
152,random0,1.0,8.953976881467439,0.4457616154162071,-0.10356057452048338,-0.01156587468243621,-0.0027201306360455646
152,random0,4.0,35.815907525869754,0.43226431896268036,-0.3681439835220591,-0.010278784175890267,-0.0027201306360455646
152,random1,0.01,0.08953976881467439,0.5462567752225127,0.0002976055858464441,0.0033237251981565363,-0.04285108197620964
152,random1,0.1,0.8953976881467439,0.5463091974915639,0.003067023441694227,0.0034253198129673775,-0.04285108197620964
152,random1,1.0,8.953976881467439,0.5451726600695371,0.0353640011343691,0.003949530091770061,-0.04285108197620964
152,random1,4.0,35.815907525869754,0.5339335913445997,0.1871946724072029,0.005226579063283335,-0.04285108197620964
152,random2,0.01,0.08953976881467439,0.486502850880381,-0.00011587478873346788,-0.0012941153441360855,0.009191708571768131
152,random2,0.1,0.8953976881467439,0.4865215255469843,-0.0011367535513787468,-0.0012695515818580579,0.009191708571768131
152,random2,1.0,8.953976881467439,0.4882685882732082,-0.008785739503495621,-0.0009812108764408328,0.009191708571768131
152,random2,4.0,35.815907525869754,0.49027318569528805,-0.0014658974937106287,-4.0928670944658154e-05,0.009191708571768131
152,random3,0.01,0.08953976881467439,0.46050137772812866,0.00019247408271646507,0.002149593250735768,0.0013588918414095368
152,random3,0.1,0.8953976881467439,0.4607165682198935,0.0019719364487306716,0.002202302367802738,0.0013588918414095368
152,random3,1.0,8.953976881467439,0.46275034930114484,0.022637143320919727,0.0025281663802118057,0.0013588918414095368
152,random3,4.0,35.815907525869754,0.47199357973308875,0.08681482154752757,0.002423917961169109,0.0013588918414095368
152,random4,0.01,0.08953976881467439,0.40437816915830455,0.0006011119086666956,0.006713351135748982,-0.02756887301816416
152,random4,0.1,0.8953976881467439,0.40433039929975256,0.00597439265946407,0.006672334247176374,-0.02756887301816416
152,random4,1.0,8.953976881467439,0.4041391878895062,0.05584053135904684,0.006236394408681488,-0.02756887301816416
152,random4,4.0,35.815907525869754,0.4059513520207496,0.15925514564254714,0.00444649198201993,-0.02756887301816416
152,random5,0.01,0.08953976881467439,0.3917541024004883,0.0006851614522095156,0.0076520350820609515,0.012284240913234839
152,random5,0.1,0.8953976881467439,0.39206031011672765,0.006809348765231481,0.007604831747248736,0.012284240913234839
152,random5,1.0,8.953976881467439,0.3944575033535175,0.06829700146828291,0.007627560621654177,0.012284240913234839
152,random5,4.0,35.815907525869754,0.4084577812435722,0.274506810870371,0.007664382388526531,0.012284240913234839
152,random6,0.01,0.08953976881467439,0.4993668535077664,0.0008704414506090469,0.009721283203340068,-0.006669622671958607
152,random6,0.1,0.8953976881467439,0.4999754896796245,0.00865837981084702,0.009669870634542029,-0.006669622671958607
152,random6,1.0,8.953976881467439,0.5025429461014356,0.07752520736714777,0.008658187126617018,-0.006669622671958607
152,random6,4.0,35.815907525869754,0.49984768012261344,0.19634166451740453,0.005481968155507085,-0.006669622671958607
152,random7,0.01,0.08953976881467439,0.47842063789910155,-0.0009102701398047142,-0.010166098839151044,-0.017832955025942027
152,random7,0.1,0.8953976881467439,0.4785186801793201,-0.009032833523198735,-0.010088068846698175,-0.017832955025942027
152,random7,1.0,8.953976881467439,0.48037707140728264,-0.0912242203606235,-0.010188123285133282,-0.017832955025942027
152,random7,4.0,35.815907525869754,0.48009152629717755,-0.35938322571746517,-0.01003417895966711,-0.017832955025942027
152,a_unit,0.01,0.08953976881467439,0.7457802864019382,0.007638488613637208,0.08530833522082268,0.9999998749370727
152,a_unit,0.1,0.8953976881467439,0.7458915031466387,0.0761815281142545,0.08508122047079637,0.9999998749370727
152,a_unit,1.0,8.953976881467439,0.743766691413286,0.7377816098536165,0.0823970867493131,0.9999998749370727
152,a_unit,4.0,35.815907525869754,0.7281532442248736,2.6755167725532703,0.07470191200992883,0.9999998749370727
152,oracle,0.01,0.08953976881467439,0.8628085792866187,0.00797369537971621,0.08905199874058001,0.9358597912937163
152,oracle,0.1,0.8953976881467439,0.8620050615005839,0.07952106528749746,0.08881088966410755,0.9358597912937163
152,oracle,1.0,8.953976881467439,0.8499374680342852,0.7705364295653188,0.08605521767206506,0.9358597912937163
152,oracle,4.0,35.815907525869754,0.7705095446261262,2.785889600155242,0.07778358256433959,0.9358597912937163
152,md_full,0.01,0.08953976881467439,0.43009622291170263,-0.0012329097034545732,-0.01376940905449954,-0.0077092644660748996
152,md_full,0.1,0.8953976881467439,0.4300812034125621,-0.012352093472794066,-0.013795091986846543,-0.0077092644660748996
152,md_full,1.0,8.953976881467439,0.43081071489064643,-0.1248107488549442,-0.013939141289639936,-0.0077092644660748996
152,md_full,4.0,35.815907525869754,0.43754143756453845,-0.48974700329163356,-0.013674007923375676,-0.0077092644660748996
152,mean_diff_tgt_asis,0.01,0.08953976881467439,0.4462286127320566,-0.0004878923548995112,-0.005448890044705499,-0.008599767629787387
152,mean_diff_tgt_asis,0.1,0.8953976881467439,0.4462490552846881,-0.004828217337653675,-0.005392260223104791,-0.008599767629787387
152,mean_diff_tgt_asis,1.0,8.953976881467439,0.44585412044869266,-0.04783906211654855,-0.005342772574671687,-0.008599767629787387
152,mean_diff_tgt_asis,4.0,35.815907525869754,0.4530556495843707,-0.17484866141840866,-0.004881871589938517,-0.008599767629787387
152,probe_grad_tgt_asis,0.01,0.08953976881467439,0.6575507568657923,-0.001200596281867014,-0.013408525594386525,0.01429074378105617
152,probe_grad_tgt_asis,0.1,0.8953976881467439,0.65779763785547,-0.012015245008632599,-0.01341889215003586,0.01429074378105617
152,probe_grad_tgt_asis,1.0,8.953976881467439,0.6641827927629296,-0.12319871285264775,-0.013759105533055286,0.01429074378105617
152,probe_grad_tgt_asis,4.0,35.815907525869754,0.6810968327159127,-0.5126406266059946,-0.014313210582077681,0.01429074378105617
152,jtw,0.01,0.08953976881467439,5.124100799602925,0.04915101286154181,0.5489294144066028,0.1329726553977658
152,jtw,0.1,0.8953976881467439,5.190926123517026,0.485370316709442,0.5420723362755613,0.1329726553977658
152,jtw,1.0,8.953976881467439,5.300453855142536,3.7354337547596366,0.41718152774004574,0.1329726553977658
152,jtw,4.0,35.815907525869754,3.1340728725628266,5.053997213028852,0.1411104049053723,0.1329726553977658
1077,random0,0.01,0.04999125692563689,0.3987901568639774,-5.283170334350419e-05,-0.0010568188637883726,-0.018836843037210012
1077,random0,0.1,0.49991256925636895,0.399161799000621,-0.000510199918288452,-0.0010205782964156826,-0.018836843037210012
1077,random0,1.0,4.999125692563689,0.4022792428260578,-0.005882566494150712,-0.0011767190616753568,-0.018836843037210012
1077,random0,4.0,19.996502770254757,0.4131284525420802,-0.03349020443131885,-0.001674803080123404,-0.018836843037210012
1077,random1,0.01,0.04999125692563689,0.4077813152032518,-0.0005892778072287901,-0.011787617344876005,-0.03292832111463371
1077,random1,0.1,0.49991256925636895,0.40886988596953106,-0.005919269641972035,-0.011840609750575146,-0.03292832111463371
1077,random1,1.0,4.999125692563689,0.41512033444281143,-0.06203997351247618,-0.01241016476236275,-0.03292832111463371
1077,random1,4.0,19.996502770254757,0.4349729927288633,-0.2893562254505193,-0.014470341577975481,-0.03292832111463371
1077,random2,0.01,0.04999125692563689,0.4342690245463635,0.00025064602070021356,0.005013797134027958,0.001196914480027564
1077,random2,0.1,0.49991256925636895,0.4343261745275651,0.0025112571743625923,0.005023392746651966,0.001196914480027564
1077,random2,1.0,4.999125692563689,0.4348562590205573,0.024845711898895784,0.004970011443371855,0.001196914480027564
1077,random2,4.0,19.996502770254757,0.4361995533457506,0.0942595547636659,0.004713802000611781,0.001196914480027564
1077,random3,0.01,0.04999125692563689,0.41052822534253125,0.000240777387614787,0.004816389953406227,0.01872252736263025
1077,random3,0.1,0.49991256925636895,0.4104694457069534,0.0024069017761013676,0.004814645448266459,0.01872252736263025
1077,random3,1.0,4.999125692563689,0.4101267232431741,0.02395586889671439,0.004792011717638801,0.01872252736263025
1077,random3,4.0,19.996502770254757,0.41081438079048227,0.09253807538186412,0.004627712977867138,0.01872252736263025
1077,random4,0.01,0.04999125692563689,0.3328038820575688,9.057615249247514e-05,0.001811839870864003,-0.019897432737398267
1077,random4,0.1,0.49991256925636895,0.3321990874636645,0.0009144491452966912,0.0018292181503996882,-0.019897432737398267
1077,random4,1.0,4.999125692563689,0.33192551954919247,0.009511471580653788,0.0019026270123198368,-0.019897432737398267
1077,random4,4.0,19.996502770254757,0.3319271378794189,0.0415846056992228,0.002079593925847915,-0.019897432737398267
1077,random5,0.01,0.04999125692563689,0.3439573818571642,0.0005796552216337661,0.01159513197469742,0.020173401902866893
1077,random5,0.1,0.49991256925636895,0.3442674809232893,0.0057650319781913035,0.011532080473125364,0.020173401902866893
1077,random5,1.0,4.999125692563689,0.3427673613705347,0.056274280495082526,0.011256824484087642,0.020173401902866893
1077,random5,4.0,19.996502770254757,0.3400018305101255,0.205599469898906,0.010281771380780633,0.020173401902866893
1077,random6,0.01,0.04999125692563689,0.47400930680474695,-0.0002848114209178202,-0.005697224643530838,0.006974038469949774
1077,random6,0.1,0.49991256925636895,0.47350176133623634,-0.0028573522024551903,-0.005715703861388333,0.006974038469949774
1077,random6,1.0,4.999125692563689,0.4751220532224606,-0.028836066257179816,-0.005768221891294733,0.006974038469949774
1077,random6,4.0,19.996502770254757,0.4814109229527202,-0.11850408924948512,-0.005926240733742831,0.006974038469949774
1077,random7,0.01,0.04999125692563689,0.33893349998075234,-0.00010657253023437757,-0.002131823378494095,-0.024023525539284697
1077,random7,0.1,0.49991256925636895,0.33954213827921115,-0.0010636253221872679,-0.0021276226836413298,-0.024023525539284697
1077,random7,1.0,4.999125692563689,0.3435116128894706,-0.010897550217041373,-0.002179891222429498,-0.024023525539284697
1077,random7,4.0,19.996502770254757,0.35751031544311257,-0.047748357413026715,-0.0023878354111026585,-0.024023525539284697
1077,a_unit,0.01,0.04999125692563689,0.5583960239065513,0.0017024319362342888,0.03405459356156406,1.0000001550370041
1077,a_unit,0.1,0.49991256925636895,0.5581862974745091,0.016995466200574093,0.03399687714564814,1.0000001550370041
1077,a_unit,1.0,4.999125692563689,0.5583993524555996,0.16713363546154214,0.0334325731617745,1.0000001550370041
1077,a_unit,4.0,19.996502770254757,0.5677926070018344,0.6458154187153109,0.032296418335508933,1.0000001550370041
1077,oracle,0.01,0.04999125692563689,0.5571592987956069,0.0018364819989287534,0.03673606370131004,0.9656761405591429
1077,oracle,0.1,0.49991256925636895,0.5577926575429384,0.0183712433925177,0.03674891275457493,0.9656761405591429
1077,oracle,1.0,4.999125692563689,0.5564417390819644,0.18085480486066915,0.03617728698634137,0.9656761405591429
1077,oracle,4.0,19.996502770254757,0.5581472910840753,0.6983722607879357,0.03492472002788307,0.9656761405591429
1077,md_full,0.01,0.04999125692563689,0.41198778277377296,7.038704440577169e-05,0.0014079870908321828,-0.0007226284785223844
1077,md_full,0.1,0.49991256925636895,0.41157486956743083,0.0006980311086010355,0.0013963063774118988,-0.0007226284785223844
1077,md_full,1.0,4.999125692563689,0.40727870027799745,0.005841713815089398,0.0011685470969011796,-0.0007226284785223844
1077,md_full,4.0,19.996502770254757,0.3937455930750046,0.010755752188365884,0.0005378816642060683,-0.0007226284785223844
1077,mean_diff_tgt_asis,0.01,0.04999125692563689,0.4847293717947162,2.0521160688356978e-05,0.0004104949935322223,-0.017352128633114576
1077,mean_diff_tgt_asis,0.1,0.49991256925636895,0.48461443203350435,0.00018073617293799414,0.0003615355645224988,-0.017352128633114576
1077,mean_diff_tgt_asis,1.0,4.999125692563689,0.4837317239130193,0.0002678085919901804,5.3571085917793915e-05,-0.017352128633114576
1077,mean_diff_tgt_asis,4.0,19.996502770254757,0.4862927903909335,-0.016405603911107028,-0.0008204236560560344,-0.017352128633114576
1077,probe_grad_tgt_asis,0.01,0.04999125692563689,0.4785221405362282,-0.00010670212812894801,-0.002134415789698383,0.012379494106079667
1077,probe_grad_tgt_asis,0.1,0.49991256925636895,0.478466755848843,-0.001075230403839655,-0.00215083690621959,0.012379494106079667
1077,probe_grad_tgt_asis,1.0,4.999125692563689,0.47915100034967584,-0.01241604492778213,-0.0024836432791140407,0.012379494106079667
1077,probe_grad_tgt_asis,4.0,19.996502770254757,0.48537200591049384,-0.07055789061552947,-0.003528511531550702,0.012379494106079667
1077,jtw,0.01,0.04999125692563689,4.750144861778641,0.017116889548441407,0.3423976631334387,0.08714083352292787
1077,jtw,0.1,0.49991256925636895,4.749785767472735,0.16868459517656909,0.3374281935489063,0.08714083352292787
1077,jtw,1.0,4.999125692563689,4.670657051426473,1.4400679337275668,0.28806395803764245,0.08714083352292787
1077,jtw,4.0,19.996502770254757,4.050207410461018,3.3870819178904057,0.1693837145827702,0.08714083352292787
472,random0,0.01,0.08796275779690044,0.3810606183893944,-0.000741209176872394,-0.008426397664609285,-0.018836843037210012
472,random0,0.1,0.8796275779690044,0.3810640573436084,-0.007402552698186354,-0.00841555322228335,-0.018836843037210012
472,random0,1.0,8.796275779690044,0.37698917733032933,-0.0704653756690396,-0.008010819286923562,-0.018836843037210012
472,random0,4.0,35.185103118760175,0.36240862693201964,-0.23370173071837935,-0.006642064680884026,-0.018836843037210012
472,random1,0.01,0.08796275779690044,0.49148621318087804,-0.0012042184501897487,-0.013690094312074673,-0.03292832111463371
472,random1,0.1,0.8796275779690044,0.492889302272248,-0.01206241576886216,-0.013713094121848015,-0.03292832111463371
472,random1,1.0,8.796275779690044,0.5007699326437132,-0.12140172510542371,-0.01380149146593737,-0.03292832111463371
472,random1,4.0,35.185103118760175,0.5211036466084668,-0.4885962713289444,-0.013886452731992481,-0.03292832111463371
472,random2,0.01,0.08796275779690044,0.4375653737517974,-0.00018483823614510943,-0.002101323796280778,0.001196914480027564
472,random2,0.1,0.8796275779690044,0.43745908913342196,-0.001799889727746477,-0.0020461951999075456,0.001196914480027564
472,random2,1.0,8.796275779690044,0.4353788035961699,-0.012572314002521227,-0.0014292769255313457,0.001196914480027564
472,random2,4.0,35.185103118760175,0.42718057195766396,0.008920505974439108,0.00025353076113859184,0.001196914480027564
472,random3,0.01,0.08796275779690044,0.39779354790742655,0.0002732986616357876,0.0031069815053640566,0.01872252736263025
472,random3,0.1,0.8796275779690044,0.39775922123984336,0.0027650426671960633,0.0031434242586849586,0.01872252736263025
472,random3,1.0,8.796275779690044,0.3992461832939045,0.03339268848281394,0.0037962302819012574,0.01872252736263025
472,random3,4.0,35.185103118760175,0.4094133296357464,0.19937537392866017,0.005666471212425016,0.01872252736263025
472,random4,0.01,0.08796275779690044,0.39803111289152865,0.00030502191544605657,0.0034676256530102186,-0.019897432737398267
472,random4,0.1,0.8796275779690044,0.39785748011787647,0.0031104788837665893,0.003536131610321333,-0.019897432737398267
472,random4,1.0,8.796275779690044,0.39769742621260384,0.03514220535236309,0.003995123189919065,-0.019897432737398267
472,random4,4.0,35.185103118760175,0.3956089786501003,0.1838449514573628,0.005225079228468692,-0.019897432737398267
472,random5,0.01,0.08796275779690044,0.3272425647739838,0.0011085820472898154,0.012602856880061106,0.020173401902866893
472,random5,0.1,0.8796275779690044,0.3273330245424621,0.011132882109881403,0.012656358655314573,0.020173401902866893
472,random5,1.0,8.796275779690044,0.328636219838672,0.11544394678746273,0.013124184561608942,0.020173401902866893
472,random5,4.0,35.185103118760175,0.3359344642507722,0.5007520183123774,0.014231932662587076,0.020173401902866893
472,random6,0.01,0.08796275779690044,0.38990497174029715,0.0007055653299380295,0.008021182459594186,0.006974038469949774
472,random6,0.1,0.8796275779690044,0.38959791736672467,0.007102798118311147,0.00807477879980865,0.006974038469949774
472,random6,1.0,8.796275779690044,0.38673576542409177,0.07795136553719736,0.008861860120072788,0.006974038469949774
472,random6,4.0,35.185103118760175,0.38122677799947846,0.39508096151804084,0.01122864299088524,0.006974038469949774
472,random7,0.01,0.08796275779690044,0.3630029751429533,0.00017896194044926355,0.0020345194367652,-0.024023525539284697
472,random7,0.1,0.8796275779690044,0.3630822434680353,0.0018397041712320534,0.0020914580412312624,-0.024023525539284697
472,random7,1.0,8.796275779690044,0.3611634012166154,0.024646503575123255,0.0028019248364211393,-0.024023525539284697
472,random7,4.0,35.185103118760175,0.35464382636035274,0.17875017581536412,0.005080280004069597,-0.024023525539284697
472,a_unit,0.01,0.08796275779690044,0.48057628043012784,0.003342344377285085,0.037997266809236624,1.0000001550370041
472,a_unit,0.1,0.8796275779690044,0.48116763439052157,0.03344300633659107,0.038019506407255356,1.0000001550370041
472,a_unit,1.0,8.796275779690044,0.4884206177826475,0.34254839719382746,0.03894243493192274,1.0000001550370041
472,a_unit,4.0,35.185103118760175,0.5295285209453876,1.5574098614507736,0.044263330881653316,1.0000001550370041
472,oracle,0.01,0.08796275779690044,0.43285202238316794,0.003275382903994488,0.03723601881101894,0.9318429734664511
472,oracle,0.1,0.8796275779690044,0.4332791235311751,0.03282415936121334,0.037315973468000994,0.9318429734664511
472,oracle,1.0,8.796275779690044,0.43792799571703794,0.3356066799481836,0.03815326944649403,0.9318429734664511
472,oracle,4.0,35.185103118760175,0.46011527925588985,1.4868255317398567,0.04225724525295205,0.9318429734664511
472,md_full,0.01,0.08796275779690044,0.4196258187693926,-0.0008559818514131869,-0.009731184797429683,-0.0007226284785223844
472,md_full,0.1,0.8796275779690044,0.4198659410329634,-0.008601381679226581,-0.009778435663745947,-0.0007226284785223844
472,md_full,1.0,8.796275779690044,0.42078549987109126,-0.08824569838616829,-0.01003216595254109,-0.0007226284785223844
472,md_full,4.0,35.185103118760175,0.4251169054742902,-0.37571728245543307,-0.010678305565491044,-0.0007226284785223844
472,mean_diff_tgt_asis,0.01,0.08796275779690044,0.555058355819695,-0.0005769809492435337,-0.006559377669533058,-0.017352128633114576
472,mean_diff_tgt_asis,0.1,0.8796275779690044,0.5549232801445264,-0.005778268407509485,-0.006568994142783794,-0.017352128633114576
472,mean_diff_tgt_asis,1.0,8.796275779690044,0.5538000699559582,-0.053777789970998864,-0.0061136998563832935,-0.017352128633114576
472,mean_diff_tgt_asis,4.0,35.185103118760175,0.5470564363834661,-0.15520108329191773,-0.0044109884449696785,-0.017352128633114576
472,probe_grad_tgt_asis,0.01,0.08796275779690044,0.6769021628157664,-0.0008047640086033053,-0.0091489174368708,0.012379494106079667
472,probe_grad_tgt_asis,0.1,0.8796275779690044,0.6769539020105809,-0.00809335258202566,-0.009200885448262796,0.012379494106079667
472,probe_grad_tgt_asis,1.0,8.796275779690044,0.6792161274056953,-0.0851412724453608,-0.009679240917155616,0.012379494106079667
472,probe_grad_tgt_asis,4.0,35.185103118760175,0.6818350894654663,-0.39298163366554206,-0.011168977744334365,0.012379494106079667
472,jtw,0.01,0.08796275779690044,4.235710610124357,0.03926827880971183,0.4464193687558024,0.07924498706272501
472,jtw,0.1,0.8796275779690044,4.187766139719136,0.3843336171750559,0.43692765756896124,0.07924498706272501
472,jtw,1.0,8.796275779690044,3.6480940765023893,3.095932133825204,0.3519594213921174,0.07924498706272501
472,jtw,4.0,35.185103118760175,2.31387873630668,7.112627613163901,0.20214883523736366,0.07924498706272501
